10Dq,2_A_1_0,2_A_1_1,2_A_1_2,2_A_1_3,2_A_2_0,2_A_2_1,2_A_2_2,2_E_0,2_E_1,2_E_2,2_E_3,2_E_4,2_E_5,2_E_6,2_T_1_0,2_T_1_1,2_T_1_2,2_T_1_3,2_T_1_4,2_T_1_5,2_T_1_6,2_T_1_7,2_T_2_0,2_T_2_1,2_T_2_2,2_T_2_3,2_T_2_4,2_T_2_5,2_T_2_6,2_T_2_7,2_T_2_8,2_T_2_9,4_A_1,4_A_2,4_E_0,4_E_1,4_T_1_0,4_T_1_1,4_T_1_2,4_T_2_0,4_T_2_1,4_T_2_2,6_A_1
0.0,40259.999999999985,49720.0,58320.0,71180.0,40260.0,47100.0,53160.0,40259.99999999999,45944.797806497016,49679.99999999999,49720.0,65160.00000000001,71179.99999999997,93795.20219350299,40259.99999999999,47100.0,49680.0,49680.0,49720.0,53159.999999999985,71180.0,85800.0,40259.999999999985,40260.00000000001,45944.797806497016,47100.0,49680.0,49720.0,53160.0,65160.00000000002,71180.0,93795.20219350298,27850.0,45870.0,27850.0,33870.0,27850.0,32970.0,45870.0,27850.0,33870.0,45870.0,0.0
40.04004004004004,40259.99730647824,49719.96332575621,58319.943010505456,71180.09635726007,40259.81249512462,47100.134593419556,53160.05291145582,40259.961326954464,45944.64338259084,49675.150877013206,49724.9943910412,65160.02204317206,71179.97512668226,93795.2528525459,40259.833920994184,47099.90374964995,49676.71423315166,49680.056572438174,49723.38175602026,53160.072542165355,71180.02392782239,85800.01329775804,40259.685257268466,40259.91521415176,45943.51234846428,47100.8441844622,49680.33548632302,49720.41214569135,53159.94715097609,65160.06346230312,71180.05421761729,93795.23053274243,27850.0,45870.0,27850.0,33870.0,27849.73171902306,32970.25048728028,45870.01779369666,27849.961870581417,33869.923658125765,45870.114471292814,0.0
80.08008008008008,40259.98922578641,49719.8533022099,58319.772050163934,71180.38542183978,40259.25003399248,47100.538315311154,53160.211650696365,40259.845303636765,45944.18017225382,49664.45290287172,49736.12811098135,65160.08817350681,71179.90050815181,93795.4048285977,40259.33571899223,47099.61496037054,49668.92187687474,49680.22626335884,49731.46211973528,53160.29015850648,71180.09571096554,85800.05319119633,40258.740997408684,40259.6608484054,45939.67088513855,47103.36183893516,49681.332824183235,49721.657695607326,53159.78864808042,65160.25383997673,71180.21687117516,93795.31555108933,27850.0,45870.0,27850.0,33870.0,27848.927036708366,32971.00178753774,45870.071175753896,27849.847479429885,33869.694647043616,45870.457873526495,0.0
120.12012012012013,40259.975757544715,49719.66992691638,58319.48714339867,71180.86717214022,40258.312777006984,47101.21099065358,53160.476232339424,40259.65191750368,45943.408359550274,49651.77006054019,49749.53700184211,65160.1983934597,71179.77614867652,93795.65811842751,40258.505499003455,47099.13351765515,49659.201538462,49680.50899356674,49741.662603486475,53160.65281856083,71180.21534845751,85800.11968080787,40257.16712563962,40259.23687816979,45933.31732489845,47107.50909930457,49682.965163104076,49723.76346639475,53159.52462395035,65160.57110531771,71180.48796279101,93795.45725042962,27850.0,45870.0,27850.0,33870.0,27847.5864344155,32972.253416510954,45870.16014907355,27849.656817858347,33869.31301036885,45871.0301717728,0.0
160.16016016016016,40259.95690112027,49719.41319580196,58319.0883309051,71181.54157217266,40257.000991245644,47102.152328011114,53160.84668074323,40259.38114764998,45942.32825098738,49638.41872176711,49763.90440045238,65160.35270712285,71179.60205536935,93796.01271665095,40257.343435919494,47098.45923126265,49648.70404102064,49680.90463102463,49752.83258311509,53161.16047156525,71180.38283867814,85800.2127674141,40254.9634847079,40258.64326250568,45924.52220895155,47113.21552690899,49685.18966596913,49726.77220887768,53159.1553000129,65161.01521216823,71180.86749599154,93795.65563390641,27850.0,45870.0,27850.0,33870.0,27845.71071278456,32974.00456872324,45870.2847184922,27849.38987138964,33868.77882077234,45871.831307838016,0.0
200.2002002002002,40259.93265562683,49719.08310316525,58318.575669635844,71182.4085715721,40255.31505006868,47103.36191993214,53161.323029999185,40259.03296480868,45940.940275115834,49624.83873626094,49778.79004967163,65160.55112022441,71179.37823818775,93796.46861573073,40255.84977432877,47097.59183611948,49637.8782164018,49681.412990786404,49764.52350437139,53161.813046467636,71180.5981793594,85800.33245216511,40252.12985595912,40257.879944194574,45913.37910235018,47120.387760025435,49687.950947860634,49730.73912500912,53158.680987034546,65161.58609593701,71181.35547570922,93795.91070592016,27850.0,45870.0,27850.0,33870.0,27843.300989309453,32976.2541199091,45870.44489078145,27849.04661975831,33868.09217994869,45872.861200293,0.0
240.24024024024027,40259.90301992478,49718.6796416787,58317.94923277972,71183.46810561679,40253.25543257298,47104.83924350516,53161.90532392186,40258.60733135122,45939.24498197225,49611.20617383149,49794.01735680638,65160.793640127835,71179.10470993334,93797.02580597748,40254.02482825743,47096.53099357679,49626.91790013487,49682.033834905626,49776.541887057436,53162.61045194332,71180.86136758493,85800.47873653956,40248.66596083602,40256.94684983517,45900.000162088036,47128.91400396908,49691.18651070104,49735.72637263923,53158.10208589641,65162.283673628684,71181.9519082777,93796.22247212855,27850.0,45870.0,27850.0,33870.0,27840.358694964638,32979.0006303871,45870.64067464827,27848.62703691318,33867.2532185716,45874.11974451522,0.0
280.2802802802803,40259.86799262106,49718.20280239088,58317.209109734904,71184.72009525314,40250.82272289336,47106.5836610706,53162.59361603604,40258.10420128802,45937.24304236481,49597.603377279505,49809.503341435135,65161.08027583086,71178.7814862509,93797.68427555077,40251.868980837346,47095.27629301708,49615.917668926355,49682.76687232121,49788.79358634687,53163.552576416216,71181.17239979023,85800.65162234471,40244.57146280079,40255.84388996718,45884.5113442633,47138.66889653218,49694.83373986311,49741.79599321867,53157.41908860057,65163.10784388193,71182.65680142542,93796.59093944683,27850.0,45870.0,27850.0,33870.0,27836.885569908896,32982.242349355605,45870.8720807355,27848.131091020718,33866.262096236656,45875.606812742626,0.0
320.3203203203203,40259.82757206894,49717.652574729065,58316.35540607598,71186.16444712601,40248.017609353315,47108.594421085916,53163.387969560754,40257.52352026887,45934.935247003945,49584.073611118714,49825.20398755599,65161.411037964186,71178.4085856277,93798.44401046057,40249.38268390195,47093.82725380291,49604.92868782686,49683.61175872301,49801.227944181854,53164.63928808474,71181.53127176242,85800.8511117163,40239.845969679256,40254.570959222685,45867.0476746279,47149.518322811324,49698.837020310384,49749.00270650288,53156.63257951428,65164.05848701571,71183.47016426807,93797.01611604751,27850.0,45870.0,27850.0,33870.0,27832.88365829618,32985.97722008133,45871.13912162249,27847.558744469075,33865.1190013915,45877.32225413943,0.0
360.36036036036035,40259.7817563679,49717.02894650244,58315.38824351522,71187.80105361444,40244.84088346838,47110.87065914097,53164.288457390634,40256.86522558362,45932.322505480566,49570.64167861319,49841.093627571594,65161.78593879021,71177.98602939218,93799.30499456864,40246.56645751113,47092.18332755903,49593.98105902804,49684.568096400195,49813.815438789934,53165.8704349529,71181.93797864008,85801.07720711865,40234.489036423336,40253.12793650449,45847.748914543256,47161.3238454534,49703.15301240423,49757.38853406541,53155.743236861614,65165.13546508376,71184.39200729979,93797.49801136067,27850.0,45870.0,27850.0,33870.0,27828.35530222937,32990.20288594492,45871.44181182572,27846.909953872935,33863.82415125341,45879.26589487365,0.0
400.4004004004004,40259.730543363316,49716.33190390564,58314.3077598579,71189.62979287314,40241.2934388052,47113.411399120756,53165.29516207403,40256.129246162905,45929.40584509426,49557.32277491985,49857.15609031846,65162.20499220125,71177.513841713,93800.26720959031,40243.42088940597,47090.3439007775,49583.093760769014,49685.635434076,49826.53774384739,53167.2458448662,71182.39251491333,85801.32991134451,40228.500168287326,40251.5146851921,45826.75583799352,47173.94653242931,49707.75271778573,49766.98062344434,53154.75183447315,65166.33862193783,71185.42234238275,93798.03663607394,27850.0,45870.0,27850.0,33870.0,27823.303134898175,32994.91669730218,45871.78016779965,27846.184670079077,33862.37779171459,45881.43753820633,0.0
440.4404404404405,40259.67393064643,49715.56143152289,58313.11410895188,71191.65052887882,40237.376269700515,47116.21555451103,53166.408175788456,40255.31550257905,45926.18640953465,49544.12669542077,49873.38049405397,65162.66821371754,71176.99204959735,93801.3306350967,40239.94663439506,47088.308297733885,49572.27947847832,49686.813266733036,49839.382895168295,53168.76532555265,71182.89487442347,85801.60922751535,40221.87882441305,40249.731053374344,45804.2072219157,47187.25007758963,49712.62035733968,49777.79225339432,53153.65924380653,65167.66778329855,71186.56118273549,93798.63200213273,27850.0,45870.0,27850.0,33870.0,27817.730072947466,33000.11571911489,45872.15420793765,27845.382838172725,33860.78019723499,45883.83696459229,0.0
480.48048048048054,40259.61191555385,49714.7175123326,58311.80746063127,71193.86311148226,40233.090469843904,47119.28192984323,53167.62760031286,40254.42390704718,45922.66545741957,49531.06000436479,49889.75907927676,65163.17562048527,71176.4206828897,93802.49524851676,40236.14441367355,47086.07578370125,49561.54713156454,49688.10103543346,49852.34276151455,53170.42866466925,71183.44505036264,85801.91515908076,40214.62442181782,40247.776874109215,45780.23755938983,47201.1032017706,49717.750257096835,49789.82582706776,53152.466436253075,65169.12275683485,71187.80854291999,93799.2841227401,27850.0,45870.0,27850.0,33870.0,27811.639308126538,33005.79673930048,45872.563952572986,27844.504397484678,33859.03167072296,45886.46393179237,0.0
520.5205205205206,40259.544495167465,49713.80012771241,58310.388000654406,71196.26737646572,40228.43723072937,47122.60922227358,53168.953546997036,40253.45436342643,45918.844360693685,49518.12722786905,49906.28601732703,65163.72723127416,71175.79977426986,93803.7610251398,40232.01501407682,47083.64556844729,49550.903277266814,49689.49812713899,49865.41163812316,53172.2356298538,71184.04303527405,85802.24770981906,40206.73633977776,40245.65196571037,45754.97544060923,47215.38138670269,49723.14321466761,49803.076383349035,53151.174485747906,65170.70333225135,71189.16443882717,93799.99301235692,27850.0,45870.0,27850.0,33870.0,27805.034298273848,33011.956277746176,45873.00942397998,27843.549281599182,33857.13254340383,45889.31817499699,0.0
560.5605605605606,40259.47166631401,49712.809257444744,58308.855930636106,71198.86314560515,40223.417839980575,47126.196023291515,53170.386136727895,40252.4067672214,45914.72460289171,49505.33154652133,49922.95671952113,65164.32306647483,71175.12935925127,93805.12793811833,40227.55928727034,47081.01680999856,49540.352930752335,49691.00387453615,49878.58542377208,53174.18596878224,71184.6888210515,85802.6068838368,40198.213924598596,40243.3561320602,45728.54250945752,47229.968030993434,49728.803367177905,49817.534608262,53149.784571703,65172.40928138384,71190.62888766117,93800.75868670228,27850.0,45870.0,27850.0,33870.0,27797.9187576947,33018.59059593008,45873.49064637523,27842.517418362622,33855.08317467655,45892.39940696083,0.0
600.6006006006007,40259.39342556478,49711.74487972284,58307.21146797429,71201.6502267381,40218.033679555236,47130.04082055198,53171.92549989277,40251.28100558387,45910.30777727105,49492.6752160487,49939.767418350595,65164.963148096045,71174.4094761788,93806.59595847095,40222.778148877966,47078.18861865433,49529.900064751404,49692.617555872275,49891.861118104294,53176.279409231654,71185.38239893914,85802.99268556893,40189.056494764256,40240.8891629494,45701.052888817154,47244.755132160775,49734.73595736792,49833.18895267577,53148.29798228653,65174.24035830259,71192.20190792238,93801.58116275318,27850.0,45870.0,27850.0,33870.0,27790.296646992076,33025.695707089006,45874.007645918915,27841.408729892988,33852.88395195842,45895.70731814859,0.0
640.6406406406406,40259.309769235246,49710.60697115726,58305.45484577105,71204.62841383644,40212.286223834526,47134.14199982586,53173.57177633961,40250.076957314704,45905.5955848186,49480.1598328442,49956.714903948625,65165.647499761675,71173.64016622677,93808.16505508547,40217.67257755024,47075.1600612317,49519.54792490836,49694.33839480825,49905.23650304209,53178.515659149416,71186.12375953121,85803.40511977876,40179.26334645206,40238.250834442515,45672.6129687222,47259.64359778936,49740.94596420112,49850.02689276196,53146.71611807347,65176.196299423544,71193.88351938874,93802.460458745,27850.0,45870.0,27850.0,33870.0,27782.172162412575,33033.267386871084,45874.56045071635,27840.22313259016,33850.535290518346,45899.241576891494,0.0
680.6806806806808,40259.22069338462,49709.39550678291,58303.5863127481,71207.79748708436,40206.17703760335,47138.49784706262,53175.325115334,40248.7944928661,45900.589832136735,49467.78650724201,49973.796352928926,65166.37614670731,71172.82147339641,93809.83519472249,40212.24361397538,47071.930165522295,49509.29923484483,49696.1655602941,49918.70993430559,53180.89440672805,71186.91289277183,85803.84419155789,40168.83375940292,40235.440909269506,45643.32146184898,47274.543278666286,49747.43738634756,49868.03554747262,53145.04049609707,65178.276823627435,71195.67374309615,93803.39659417147,27850.0,45870.0,27850.0,33870.0,27773.549724770797,33041.30118440984,45875.14909081937,27838.960537147,33848.03763329848,45903.00182955452,0.0
720.7207207207207,40259.12619381553,49708.11046006651,58301.606133156885,71211.15721296107,40199.70777392808,47143.10655055873,53177.18567551319,40247.43347434411,45895.29242921443,49455.55597994901,49991.00921418301,65167.14911577697,71171.95344451355,93811.60634201893,40206.49235983501,47068.497924939744,49499.15633289756,49698.09816647423,49932.28020108599,53183.4153204867,71187.7497879547,85804.30990632607,40157.76700313191,40232.45913724293,45613.269645668595,47289.37280217249,49754.21295085839,49887.20188310351,53143.27275433378,65180.481632386225,71197.57260131725,93804.38958978496,27850.0,45870.0,27850.0,33870.0,27764.433968016026,33049.792433755836,45875.77359822814,27837.620848561273,33845.39145072463,45906.9877007141,0.0
760.7607607607608,40259.02626607341,49706.75180291454,58299.51458668327,71214.70734432875,40192.88017193784,47147.96620322545,53179.153624836705,40245.99375551147,45889.705387088754,49443.46870235127,50008.35113091163,65167.96643541908,71171.0361292258,93813.478459492,40200.41997670684,47064.86230333655,49489.12126522876,49700.13527262806,49945.946429186886,53186.07804935875,71188.63443372276,85804.80226983137,40146.06234346423,40229.30525570033,45582.54172647148,47304.059268642406,49761.27406871741,49907.51268531252,53141.414656658584,65182.810409897575,71199.58011753894,93805.4394675965,27850.0,45870.0,27850.0,33870.0,27754.829727505094,33058.7362656021,45876.4340068928,27836.203966148434,33842.59724050562,45911.198793345946,0.0
800.8008008008007,40258.92090544623,49705.319505681764,58297.31196834683,71218.44762052517,40185.69605451667,47153.07480494933,53181.22914053399,40244.47518179091,45883.83081540321,49431.52489323441,50025.81988634556,65168.828135682714,71170.06957999988,93815.45150754329,40194.027684917266,47061.02223996764,49479.19585033301,49702.27588315378,49959.70801262435,53188.88222278614,71189.56681806786,85805.32128814995,40133.71904937914,40225.978989971765,45551.2152753892,47318.53785888253,49768.620917925946,49928.954419598056,53139.4680983124,65185.26282322626,71201.69631643864,93806.54625087604,27850.0,45870.0,27850.0,33870.0,27744.74202804481,33068.12761923978,45877.130352715416,27834.70978355521,33839.65552742171,45915.63468902308,0.0
840.840840840841,40258.81010696376,49703.813537180045,58294.998588395145,71222.37776746106,40178.157325912885,47158.43026503855,53183.41240904855,40242.87759026882,45877.67091986892,49419.72457973509,50043.41336533221,65169.734248213295,71169.05385211867,93817.52544446301,40187.31676234595,47056.97665457759,49469.381724346924,49704.518947600955,49973.56456429139,53191.82745082068,71190.54692833046,85805.86696768606,40120.73640014285,40222.48005387175,45519.36169946627,47332.7513885543,49776.25258201601,49951.51305355587,53137.43511192795,65187.838522453254,71203.92122385907,93807.70996415266,27850.0,45870.0,27850.0,33870.0,27734.176071766127,33077.96125468203,45877.86267355185,27833.138188774115,33836.56686310235,45920.29494812354,0.0
880.880880880881,40258.69386539721,49702.23386468788,58292.574772192704,71226.49749772223,40170.26596927293,47164.030404748075,53185.703625979004,40241.20080969928,45871.22799963524,49408.06762752575,50061.12952677887,65170.68480624805,71167.98900367803,93819.70022643478,40180.288543185336,47052.72445258786,49459.68037320878,49706.86336075943,49987.5158796552,53194.91332423223,71191.57475119915,85806.439315172,40107.113692709376,40218.8081502155,45487.04672144203,47346.649835003045,49784.167203902456,49975.173881731665,53135.31787416761,65190.53714083182,71206.25486678179,93808.93063321474,27850.0,45870.0,27850.0,33870.0,27723.13722589066,33088.231764895456,45878.63100921389,27831.489064158817,33833.33182579351,45925.17911004767,0.0
920.920920920921,40258.57217525856,49700.580453960225,58290.04086010496,71230.80651067625,40162.02404410679,47169.872959876695,53188.10299601652,40239.44466050874,45864.50444457652,49396.55376351172,50078.96638366756,65171.679844611506,71166.87509558367,93821.97580754031,40172.94441665772,47048.26453035943,49450.09315564671,49709.30796281059,50001.561909522876,53198.13941462421,71192.65027271045,85807.03833766797,40092.85024936678,40214.96297135886,45454.33085024522,47360.189854269265,49792.36213467222,49999.92137369601,53133.11871303109,65193.35829495082,71208.69727329958,93810.2082851101,27850.0,45870.0,27850.0,33870.0,27711.631010448058,33098.93358808055,45879.435401471404,27829.762286440393,33829.95102011479,45930.28669344482,0.0
960.9609609609611,40258.44503080006,49698.85326923897,58287.39720737726,71235.30449258369,40153.43368369201,47175.95558342878,53190.61073287919,40237.60895480109,45857.502732501634,49385.18259323346,50096.92198844136,65172.71939971033,71165.71219154772,93824.35213976433,40165.28582569267,47043.595780506716,49440.621319669735,49711.85153954792,50015.70273921628,53201.5052745562,71193.77347824823,85807.66404256226,40077.94542560374,40210.9441997616,45421.26983054879,47373.33430017281,49800.83406820348,50025.73905417044,53130.84011590057,65196.301584904926,71211.24847258731,93811.54294814634,27850.0,45870.0,27850.0,33870.0,27699.66308600031,33110.06101994513,45880.27589405456,27827.957726744524,33826.42507680653,45935.61719644895,0.0
1001.0010010010011,40258.312426013465,49697.05227326374,58284.64418400912,71239.99111671367,40144.49709242359,47182.27584833374,53193.227059242665,40235.693496363485,45850.22542629353,49373.953614469836,50114.99442225954,65173.80350952835,71164.50035808518,93826.82917300012,40157.31426556748,47038.717097237575,49431.2660143948,49714.492822672895,50029.938572338375,53205.01043767462,71194.9443525434,85808.31643757087,40062.39861816986,40206.751508573434,45387.91506440981,47386.05175315653,49809.57915860404,50052.609417454936,53128.48473839759,65199.36659447153,71213.90849487128,93812.93465189093,27850.0,45870.0,27850.0,33870.0,27687.23924142615,33121.60822591758,45881.15253265626,27826.075250609592,33822.754652467214,45941.17009692319,0.0
1041.0410410410411,40258.17435462953,49695.177427283255,58281.7821746235,71244.8660434637,40135.21654311669,47188.831250215895,53195.95220666741,40233.698080672526,45842.67517098544,49362.86622807929,50133.181787076945,65174.93221362095,71163.23966451024,93829.40685505458,40149.031282513635,47033.62738169492,49422.02829848972,49717.23049017236,50044.26971786732,53208.65441885094,71196.16287967339,85808.99553073765,40046.20927330107,40202.38456224215,45354.31400137397,47398.31606365933,49818.59312052474,50080.51387489861,53126.05541413602,65202.55289129437,71216.6773713982,93814.38342717156,27850.0,45870.0,27850.0,33870.0,27674.365381815714,33133.569253249705,45882.06536493458,27824.114718005763,33818.9404292814,45946.94485271283,0.0
1081.081081081081,40258.0308101173,49693.22869106721,58278.81157833159,71249.92892048389,40125.59437426954,47195.61921020799,53198.78641552247,40231.62249490139,45834.8546907815,49351.919746810076,50151.48219981052,65176.105553109475,71161.93018293273,93832.08513165431,40140.43847229214,47028.3255472748,49412.90914613947,49720.06316678321,50058.696579686446,53212.43671432788,71197.42904306193,85809.70133043412,40029.3768950792,40197.84301714348,45320.51049575421,47410.10591283582,49827.87131378655,50109.43273238291,53123.555165466154,65205.86002707388,71219.55513440154,93815.88930607623,27850.0,45870.0,27850.0,33870.0,27661.047516522147,33145.938042962596,45883.01444051527,27822.07598335499,33814.98311473841,45952.9409019066,0.0
1121.1211211211212,40257.881785683334,49691.20602291862,58275.73280859297,71255.1793828051,40115.63298729329,47202.63707780114,53201.729934905554,40229.46651792751,45826.76678602827,49341.11340260006,50169.89378806374,65177.323570675246,71160.57198825385,93834.86394645128,40131.53747874042,47022.81052489675,49403.9094511904,49722.98942454949,50073.21964791155,53216.35680187364,71198.74282547817,85810.43384535954,40011.90105389379,40193.126522232036,45286.54513135858,47421.40439218702,49837.4088142549,50139.34519397159,53120.9872153172,65209.28753776335,71222.54181706783,93817.4523219537,27850.0,45870.0,27850.0,33870.0,27647.29174741332,33158.708441592215,45883.99981099447,27819.95889555206,33810.88344134211,45959.157663105834,0.0
1161.1611611611613,40257.72727427096,49689.109379686546,58272.54629307134,71260.61705297112,40105.334843715886,47209.882133724546,53204.78302255956,40227.229920341124,45818.41433014493,49330.44635274385,50188.41468702519,65178.586310553466,71159.16515816236,93837.7432410291,40122.3299922939,47017.081268202135,49395.03002995146,49726.00778347725,50087.83949155316,53220.41414094489,71200.10420903662,85811.19308454057,39993.781394971105,40188.23471971227,45252.45551494521,47432.19860289848,49847.200472941084,50170.229387586776,53118.35500025865,65212.834943772075,71225.63745350082,93819.0725094135,27850.0,45870.0,27850.0,33870.0,27633.104257363208,33171.87421269531,45885.021529941485,27817.763297986578,33806.64216631199,45965.59453570143,0.0
1201.2012012012015,40257.567268559695,49686.93871677956,58269.25247348589,71266.24154117485,40094.70246236665,47217.35159284809,53207.94594478524,40224.91246445457,45809.80026651906,49319.917685201915,50207.04303725847,65179.89381852666,71157.70977313015,93840.72295490917,40112.817748484944,47011.13675865672,49386.27162300674,49729.1167122913,50102.55675217476,53224.608172857654,71201.51317519633,85811.97905733154,39975.017646935354,40183.1672457293,45218.27654028346,47442.47927523522,49857.24096515891,50202.06240855486,53115.66218491761,65216.50175017376,71228.842078685,93820.74990432651,27850.0,45870.0,27850.0,33870.0,27618.491299018595,33185.42904807983,45886.07965290158,27815.489028566033,33802.26007127591,45972.25090015806,0.0
1241.2412412412414,40257.4017609642,49684.69398817938,58265.85180545846,71272.05244539796,40083.73841654829,47225.04260710132,53211.21897635039,40222.51390431256,45800.92760537522,49309.52642325523,50225.77698317316,65181.246141918025,71156.20591640822,93843.80302555756,40103.00252642216,47004.976010534825,49377.634896306634,49732.3146292979,50117.37213829664,53228.93832096709,71202.96970476065,85812.79177341404,39955.60963036372,40177.92373107837,45184.040625019625,47452.24040809914,49867.52483133608,50234.82037700304,53112.912677906315,65220.2874469214,71232.15572844745,93822.48454382476,27850.0,45870.0,27850.0,33870.0,27603.45918387306,33199.366578728026,45887.17423739891,27813.135919739892,33797.7379619546,45979.1261183055,0.0
1281.2812812812813,40257.23074363361,49682.375146455204,58262.34475835659,71278.04935155463,40072.44533120265,47232.95226840246,53214.602400394884,40220.03398570337,45791.79942062349,49299.27152965637,50244.61467201871,65182.64332958448,71154.65367402218,93846.98338839143,40092.88614725278,46998.598075762784,49369.1204417398,49735.59990335676,50132.28642035804,53233.4039908563,71204.47377787645,85813.63124279711,39935.5572662973,40172.5038019324,45149.77792267244,47461.47892872573,49878.04651083978,50268.478505308754,53110.110649434995,65224.19150906756,71235.57843941868,93824.27646630231,27850.0,45870.0,27850.0,33870.0,27588.014271676344,33213.680385384,45888.30534293965,27810.703798524744,33793.076667838526,45986.21953363673,0.0
1321.3213213213214,40257.05420845065,49679.98214277846,58258.731815132516,71284.23183363836,40060.82588007668,47241.077611591165,53218.09650833215,40217.47244617104,45782.41884669494,49289.15191039017,50263.55425328083,65184.0854319094,71153.05313476741,93850.26397678623,40082.47047261094,46992.00204860055,49360.728777341916,49738.97085496505,50147.30042609764,53238.00457053329,71206.02537403366,85814.49747581691,39914.86058466737,40166.90708058659,45115.51651208329,47470.19437242796,49888.800369954595,50303.011172074366,53107.26055080852,65228.21339699022,71239.11024899216,93826.12571141499,27850.0,45870.0,27850.0,33870.0,27572.162960203474,33228.36400878154,45889.47303101499,27808.192486530555,33788.277041857036,45993.53047161241,0.0
1361.3613613613616,40256.872147030736,49677.51492693812,58255.01347215843,71290.59945387271,40048.88278289429,47249.41561735912,53221.70159974658,40214.82901502863,45772.78907537087,49279.16641812924,50282.59387838849,65185.57250079517,71151.4043902047,93853.64472208288,40071.75740305477,46985.18707014147,49352.46034726229,49742.425757455465,50162.41503624659,53242.73943063776,71207.62447206487,85815.39048313677,39893.51973259654,40161.133186219384,45081.282566565074,47478.388582248066,49899.780724956116,50338.391999395724,53104.367136031535,65232.35255662407,71242.75119528259,93828.03232008092,27850.0,45870.0,27850.0,33870.0,27555.911675404328,33243.41095949124,45890.677365104435,27805.601799988053,33783.33996004041,46001.058239971535,0.0
1401.4014014014015,40256.684550721075,49674.97344735633,58251.19023905778,71297.15176286481,40036.6188025403,47257.96321517271,53225.41798228699,40212.103413372686,45762.91335261277,49269.31385544861,50301.73170066005,65187.10458965534,71149.70753465538,93857.12555359518,40060.74887649472,46978.15233261141,49344.315521582685,49745.962838309584,50177.63118045378,53247.607924656244,71209.27105014445,85816.31027574706,39871.53498253328,40155.181735668564,45047.10050486395,47486.06542833228,49910.98186105944,50374.59393050255,53101.43548577874,65236.608419697186,71246.50131708308,93829.99633448097,27850.0,45870.0,27850.0,33870.0,27539.26686195078,33258.81472737011,45891.91841067911,27802.931549777175,33778.26632117485,46008.802129047974,0.0
1441.4414414414414,40256.491410599694,49672.35765110467,58247.26263853312,71303.8882997625,40024.0367422617,47266.71728618232,53229.245971555974,40209.29535409886,45752.79497539914,49259.59297784856,50320.96587543323,65188.681753406636,71147.96266519636,93860.70639861723,40049.44686661609,46970.89708344983,49336.29459606329,49749.58028058741,50192.94983338313,53252.60938914695,71210.96508578825,85817.25686496508,39848.90674017796,40149.05234422164,45012.99312589372,47493.230546786814,49922.39804788621,50411.58930516137,53098.471034020215,65240.98040397226,71250.36065382112,93832.01779805867,27850.0,45870.0,27850.0,33870.0,27522.234974195122,33274.56879059977,45893.196235205105,27800.181541456768,33773.05704645093,46016.7614120923,0.0
1481.4814814814815,40256.292717474535,49669.66748392091,58243.231206190336,71310.80859241422,40011.139442891676,47275.674666112915,53233.1858909954,40206.40454191878,45742.43728857616,49250.002496622474,50340.29456033511,65190.304048460675,71146.16988165522,93864.38718243154,40037.85338129818,46963.420629156506,49328.39779187503,49753.27622447252,50208.37201093693,53257.743143973144,71212.7065558527,85818.23026243495,39825.63555215848,40142.74462641953,44978.98172903678,47499.89109770717,49934.02355198202,50449.34993053519,53095.479597633814,65245.46791349294,71254.3292455132,93834.09675552085,27850.0,45870.0,27850.0,33870.0,27504.822467550286,33290.66662430273,45894.510908146985,27797.35157529541,33767.71307910558,46024.935345599006,0.0
1521.5215215215217,40256.08846188236,49666.90289022611,58239.09649035954,71317.91215753197,39997.929780101374,47284.832148131114,53237.23807176751,40203.43067337849,45731.843681727856,49240.541081598145,50359.71591565831,65191.971532715375,71144.32928660503,93868.1678283168,40025.97046103254,46955.72233888997,49320.62525536487,49757.0487689324,50223.898766571285,53263.00849254668,71214.49543653455,85819.2304801277,39801.722113414085,40136.258196872135,44945.08622163975,47506.05554199108,49945.8526468247,50487.84714548553,53092.46740938115,65250.07033883511,71258.40713271854,93836.23325283792,27850.0,45870.0,27850.0,33870.0,27487.035790299116,33307.10170872954,45895.86250097135,27794.44144630346,33762.23538405815,46033.32316963839,0.0
1561.5615615615616,40255.8786340878,49664.063813142406,58234.85905191271,71325.19850085708,39984.41066168409,47294.18648568397,53241.40285263193,40200.373436877984,45721.01758607192,49231.20736377333,50379.22810481544,65193.68426554595,71142.44098535912,93872.04825755625,40013.800177343066,46947.80164780433,49312.977057891956,49760.895973491744,50239.531187678396,53268.40472207998,71216.33170336985,85820.2575303407,39777.167274246334,40129.59267108515,44911.32521517121,47511.73343646193,49957.87962069061,50527.05187656883,53089.44115467849,65254.78705736196,71262.59435649146,93838.42733724398,27850.0,45870.0,27850.0,33870.0,27468.881375837358,33323.86753701218,45897.25108715047,27791.450944266333,33756.62494754057,46041.924108193096,0.0
1601.6016016016015,40255.66322408224,49661.150194511036,58230.51946407811,71332.66711732862,39970.58502487639,47303.73439530509,53245.68057981852,40197.23251269254,45709.962471386985,49221.99993786194,50398.82929485077,65195.44230779588,71140.50508596594,93876.02838944597,40001.34463120991,46939.65806011351,49305.45319576372,49764.81586011672,50255.27039201691,53273.9311038476,71218.21533123363,85821.31142569799,39751.972046997114,40122.747666296425,44877.7161113585,47516.9352467378,49970.09878268485,50566.93468421815,53086.408012653184,65259.6174334841,71266.89095833254,93840.67905723731,27850.0,45870.0,27850.0,33870.0,27450.365635352024,33340.95762248193,45898.676742166055,27788.379853779043,33750.8827767222,46050.73736949876,0.0
1641.6416416416419,40255.442221582714,49658.16197491114,58226.07831225182,71340.3174912543,39956.455833720276,47313.472559384,53250.071606895704,40194.00757299554,45698.68184297638,49212.917364762485,50418.51765699116,65197.24572176746,71138.52169920338,93880.1081413036,39988.605951499885,46931.29115187377,49298.05359029533,49768.80641520654,50271.11752417831,53279.58689345723,71220.146294339,85822.39217914999,39726.13761231524,40115.722802320815,44844.27517947945,47521.67217719754,49982.504467192135,50607.4657978054,53083.375702046455,65264.56081892311,71271.29698013906,93842.98846258078,27850.0,45870.0,27850.0,33870.0,27431.494950934622,33358.36550555239,45900.13954351299,27785.22795428202,33745.00989932943,46059.762146388544,0.0
1681.681681681682,40255.21561603087,49655.099093678786,58221.53619380635,71348.14909648398,39942.02607647025,47323.397628895036,53254.57629463471,40190.69828188291,45687.17923867404,49203.95817395759,50438.291367222766,65199.09457121197,71136.49093857361,93884.28742847714,39975.58629340535,46922.70057347659,49290.77808800996,49772.865591688416,50287.07375208021,53285.37133112947,71222.12456623658,85823.49980397339,39699.66532497457,40108.51770240247,44811.01762585834,47525.95601731521,49995.09103696475,50648.6151384453,53080.352532604185,65269.61655297955,71275.81246415371,93845.35560430196,27850.0,45870.0,27850.0,33870.0,27412.275669126273,33376.08476017044,45901.639570703286,27781.995020098257,33739.00736326048,46068.99761664126,0.0
1721.721721721722,40254.983396591706,49651.96148892662,58216.893717896484,71356.1613965852,39927.29876304875,47333.50622608208,53259.19501086917,40187.30429539945,45675.45822589688,49195.120865850884,50458.14860688212,65200.98892131971,71134.41292029724,93888.56616435376,39962.287836893796,46913.88605184643,49283.62646099384,49776.99131121137,50303.14026348249,53291.28364198722,71224.15011981384,85824.634313771,39672.556719208806,40101.13199407284,44777.95765649824,47529.79900356568,50007.85288503012,50690.3523285265,53077.34746268713,65274.78396280417,71280.43745291285,93847.78053469361,27850.0,45870.0,27850.0,33870.0,27392.714094889772,33394.10899984019,45903.17690527004,27778.68082047176,33732.8762361956,46078.44294333264,0.0
1761.761761761762,40254.745552152366,49648.74909756395,58212.1515052625,71364.35384502115,39912.27692255349,47343.79494709612,53263.92813035041,40183.82526156686,45663.52239874848,49186.40391404551,50478.08756325251,65202.92883870959,71132.28776330776,93892.94426036926,39948.712785170086,46904.8473923391,49276.5984074147,49781.18146643281,50319.31826252336,53297.3230363538,71226.22292729438,85825.79572247175,39644.81351353035,40093.56531001317,44745.10853367811,47533.21369604962,50020.78443557306,50732.646687036686,53074.370163938394,65280.06236367326,71285.17198919332,93850.263307314,27850.0,45870.0,27850.0,33870.0,27372.816486001902,33412.431883226665,45904.75163077143,27775.2851196074,33726.61760520301,46088.09727518958,0.0
1801.801801801802,40254.5020713211,49645.461855317415,58207.31018803104,71372.72588533047,39896.96360081928,47354.26036458256,53268.77603459814,40180.26082041387,45651.37537517816,49177.80576756752,50498.106430158674,65204.91439141866,71130.11558924585,93897.42162601725,39934.863363153345,46895.58448033919,49269.69355221083,49785.433923392324,50335.608966276515,53303.48871006037,71228.34296023712,85826.98404433025,39616.43761500355,40085.817288920414,44712.48262724868,47536.21286894365,50033.880143924456,50775.46720978431,53071.43109396286,65285.45105926685,71290.01611595805,93852.80397698721,27850.0,45870.0,27850.0,33870.0,27352.589047857567,33431.047119347524,45906.363832794916,27771.807676712117,33720.2325763409,46097.95974694698,0.0
1841.841841841842,40254.25294242575,49642.09969675193,58202.37040951332,71381.276951309,39881.36185803739,47364.89903021582,53273.739111746785,40176.610604008165,45639.02079419946,49169.3248530354,50518.20340855374,65206.94564889085,71127.89652245368,93901.99816885873,39920.74181597038,46886.09728255549,49262.91144795326,49789.746523965296,50352.013601330735,53309.77984476189,71230.51018953568,85828.19929392717,39587.4311229456,40077.88757637438,44680.091461278,47538.809413855546,50047.13449576884,50818.78253361238,53068.541578110395,65290.94934195016,71294.96987630105,93855.40259980362,27850.0,45870.0,27850.0,33870.0,27332.037928675985,33449.948472362725,45908.01359896129,27768.248246037583,33713.72227425566,46108.029479706755,0.0
1881.881881881882,40253.99815351274,49638.66255529233,58197.33282400151,71390.00646719344,39865.47476643445,47375.70747717867,53278.81775638687,40172.87423649069,45626.46231317135,49160.959576777386,50538.37670709398,65209.02268196598,71125.63068996866,93906.67379453195,39906.35040746725,46876.38584801655,49256.25157588248,49794.117088389336,50368.533400396045,53316.195608262096,71232.72458541769,85829.44148616854,39557.7963320317,40069.77582570557,44647.94575662232,47541.016255152106,50060.54200566691,50862.56088364696,53065.71390160492,65296.556493058335,71300.03331339113,93858.05923312009,27850.0,45870.0,27850.0,33870.0,27311.169215097903,33469.129765973004,45909.70101892909,27764.606576924278,33707.08784177683,46118.30558129889,0.0
1921.9219219219221,40253.73769234548,49635.15036324537,58192.19809656267,71398.91384784647,39849.30540801343,47386.68222258439,53284.01236940216,40169.051334111966,45613.70360514568,49152.70832689648,50558.624542697726,65211.14556286811,71123.31822151793,93911.4484067621,39891.691418740695,46866.45030876896,49249.713347118,49798.54341785502,50385.16959894045,53322.73515484694,71234.98611744391,85830.71063628604,39527.53573478458,40061.48169886131,44616.05546993094,47542.84627632833,50074.09721497461,50906.77000252827,53062.96141343356,65302.27178318349,71305.20647041459,93860.77393556033,27850.0,45870.0,27850.0,33870.0,27289.988928161856,33488.584887439305,45911.426184398835,27760.882413847066,33700.33043950878,46128.78714664414,0.0
1961.961961961962,40253.47154640325,49631.56305182223,58186.966902831,71407.9984989435,39832.85687235817,47397.81976983996,53289.32335780187,40165.1415052708,45600.74835628351,49144.569475282886,50578.94514108542,65213.31436519357,71120.95924951212,93916.32190737166,39876.76714669094,46856.290880283326,49243.29610403806,49803.0232971531,50401.92343186414,53329.3976256264,71237.29475450751,85832.00675983648,39496.65202343238,40053.00486726936,44584.42982953495,47544.31225649979,50087.794689229675,50951.377060437546,53060.29864359922,65308.09447246473,71310.48939051694,93863.54676701539,27850.0,45870.0,27850.0,33870.0,27268.503019646505,33508.30779123608,45913.18918911742,27757.075496462236,33693.451245419674,46139.473258118094,0.0
2002.0020020020022,40253.1997028797,49627.90055116155,58181.63992879799,71417.25981716075,39816.13225450319,47409.11661094855,53294.751134548256,40161.14435055545,45587.60026334313,49136.54137957413,50599.336737298625,65215.52916389877,71118.5539090394,93921.2941962905,39861.57990259741,46845.907861574204,49236.99912182367,49807.55449736865,50418.796130215895,53336.18214888462,71239.65046483342,85833.32987270209,39465.14809112321,40044.345012696955,44553.07736861607,47545.42681612326,50101.62901506522,50996.34854456021,53057.74143554704,65314.023810880324,71315.88211674371,93866.377788644,27850.0,45870.0,27850.0,33870.0,27246.71736876548,33528.292502351964,45914.990128882564,27753.185559656118,33686.45145442775,46150.36298591613,0.0
2042.042042042042,40252.92214868148,49624.16279035287,58176.21787060103,71426.69719036463,39799.13465287016,47420.56922875036,53300.29611837948,40157.05946278709,45574.26303124177,49128.62238506127,50619.797576196484,65217.79003528769,71116.10233785931,93926.36517156643,39846.13201071851,46835.30163504166,49230.82161016119,49812.13477861317,50435.788917960075,53343.08784043799,71242.05321597739,85834.67999109,39433.02703248768,40035.501828103916,44522.00595600478,47546.20237108432,50115.59479670151,51041.65012642197,53055.30709580038,65320.05903854235,71321.38469198032,93869.2670628727,27850.0,45870.0,27850.0,33870.0,27224.63777920063,33548.53311925199,45916.82910154739,27749.212333595227,33679.332277985406,46161.45538841936,0.0
2082.0820820820823,40252.63887042669,49620.349697460595,58170.70143431048,71436.30999780224,39781.867167271936,47432.17409910043,53305.958733627616,40152.88642706619,45560.74037069313,49120.81082654126,50640.325912928194,65220.097056998944,71113.60467639662,93931.53472937563,39830.4258069168,46824.47266604354,49224.762715095625,49816.761892785245,50452.90300880032,53350.11380400093,71244.50297482533,85836.05713153219,39400.2921435468,40026.475018488505,44491.2228249146,47546.651094327746,50129.68665206028,51087.24650530572,53053.014563075856,65326.19938599297,71326.99715889097,93872.21465339654,27850.0,45870.0,27850.0,33870.0,27202.269976459113,33569.02381651595,45918.70620702494,27745.155543777997,33672.09494366113,46172.74951256087,0.0
2122.122122122122,40252.34985444356,49616.46119954842,58165.0913357151,71446.09761029293,39764.33289698511,47443.92769298286,53311.739410032016,40148.624820821395,45547.035995922255,49113.10503011399,50660.92001338079,65222.450307992585,71111.06106773522,93936.80276403377,39814.463637310764,46813.4215022088,49218.82152102534,49821.433586349616,50470.13960306822,53357.25913155946,71246.99970759239,85837.46131088542,39366.94692096481,40017.26430172363,44460.7345998817,47546.784884252535,50143.899208538074,51133.101225714985,53050.88459938562,65332.444074502935,71332.71955985649,93875.22062517924,27850.0,45870.0,27850.0,33870.0,27179.61960553952,33589.75884716765,45920.62154729283,27741.01491108814,33664.74069471974,46184.24439419212,0.0
2162.162162162162,40252.05508676882,49612.49722270423,58159.38830010629,71456.05939042065,39746.53493889165,47455.82647856068,53317.63858254766,40144.274213861194,45533.153622458936,49105.50331492351,50681.57815460141,65224.84986853648,71108.47165761188,93942.16916800657,39798.2478569541,46802.148772503184,49212.99705282893,49826.147603125064,50487.499884683806,53364.52290375163,71249.54337982224,85838.89254633102,39332.99506065246,40007.86940938282,44430.54732214537,47546.61533914025,50158.227098470816,51179.1764666102,53048.94000586129,65338.79231637157,71338.55193691168,93878.28504445354,27850.0,45870.0,27850.0,33870.0,27156.692228892094,33610.73254470997,45922.57522639794,27736.79015184962,33657.270789701,46195.93905844939,0.0
2202.2022022022024,40251.75455314617,49608.45769206554,58153.59306206113,71466.19469272718,39728.47638568997,47467.866923161164,53323.65669114886,40139.83416842877,45519.09696501087,49098.0039948425,50702.29862519431,65227.29582019248,71105.83659440992,93947.63383192121,39781.780828543546,46790.65518605987,49207.288278113345,49830.90168707115,50504.985018195846,53371.9041902554,71252.13395638633,85840.35085537455,39298.44045572929,39998.29008755376,44400.66647367398,47546.15373693632,50172.66495431584,51225.432799933085,53047.2058662263,65345.24331522835,71344.49433168134,93881.40797872169,27850.0,45870.0,27850.0,33870.0,27133.49332465804,33631.939324880834,45924.56735046113,27732.48097788333,33649.68650199701,46207.832520119664,0.0
2242.2422422422424,40251.448239024714,49604.342531845235,58147.706365224236,71476.50286390581,39710.16032417575,47480.04549519632,53329.794180627934,40135.30423925955,45504.86973541706,49090.60538009923,50723.079725691845,65229.78824580204,71103.15602915297,93953.19664457737,39765.064921155965,46778.94153078791,49201.694109571865,49835.69358506332,50522.59614590924,53379.40205018288,71254.77140148285,85841.83625584593,39263.28719385846,39988.526097637674,44371.09700001552,47545.41101975374,50187.2074035741,51271.82891578482,53045.70982096865,65351.79626633545,71350.54678531588,93884.58949675577,27850.0,45870.0,27850.0,33870.0,27110.028285172946,33653.37368714495,45926.598027682114,27728.08709656547,33641.98911942856,46219.92378400597,0.0
2282.2822822822827,40251.1361295573,49600.15166535805,58141.728962088746,71486.98324299589,39691.589833592276,47492.358666018554,53336.05150038918,40130.68397364217,45490.47564068201,49083.305778846414,50743.91976890019,65232.327229471746,71100.43011549865,93958.8574929589,39748.10250901566,46767.00867177306,49196.21340744063,49840.52104964762,50540.33438510666,53387.01553248121,71257.45567863615,85843.34876589903,39227.539553970804,39978.57721713348,44341.843332125885,47544.39778252058,50201.84906347121,51318.32131159151,53044.48237527124,65358.45035689188,71356.70933842564,93887.82966859774,27850.0,45870.0,27850.0,33870.0,27086.302415719518,33675.030215936305,45928.667368344184,27723.60821088756,33634.17994382059,46232.21184529185,0.0
2322.3223223223226,40250.818209598976,49595.88501504721,58135.66161377645,71497.63516157736,39672.767984050384,47504.802911711755,53342.429104237846,40125.97291148251,45475.91838109088,49076.10349867131,50764.817080219625,65234.91285655819,71097.65900973229,93964.61626224518,39730.89597029238,46754.85754948482,49190.84498204129,49845.38184176397,50558.20082537096,53394.74367633935,71260.18675069572,85844.88840401152,39191.20200239926,39968.44324040492,44312.9094073077,47543.12426524247,50216.58453541302,51364.86394274548,53043.557243573494,65365.20476633819,71362.98203101498,93891.12856556058,27850.0,45870.0,27850.0,33870.0,27062.320933515017,33696.903581665814,45930.77548481917,27719.044019518373,33626.260290577135,46244.695689904496,0.0
2362.3623623623625,40250.494463705094,49591.54250251182,58129.505089817176,71508.4579439659,39653.69783501738,47517.37471481821,53348.927450164396,40121.170585371256,45461.2016484054,49068.99684804701,50785.76999793992,65237.54521365265,71094.84287076077,93970.472835823,39713.447685930594,46742.48917780536,49185.58759639766,49850.2737334297,50576.1965260157,53402.58551160078,71262.96457983539,85846.45518898484,39154.27918844781,39958.12397942871,44284.298689372365,47541.60034839921,50231.40839922881,51411.407832661316,53042.971733156955,65372.058666662124,71369.36490241505,93894.48626022768,27850.0,45870.0,27850.0,33870.0,27038.088966919,33718.98854150861,45932.9224915724,27714.394216867455,33618.23148825585,46257.37429487669,0.0
2402.402402402403,40250.164876129806,49587.12404853451,58123.26016792758,71519.45090740811,39634.38243387465,47530.070566001596,53355.547000123755,40116.27652065477,45446.329124140284,49061.98413772402,50806.77687351138,65240.22438856534,71091.9818601059,93976.42709529836,39695.760038510736,46729.904641895286,49180.43996891375,49855.19451037343,50594.322513629,53410.540059181476,71265.78912755256,85848.04913994376,39116.77593942282,39947.61926452313,44256.01418812138,47539.83555104124,50246.3152072128,51457.9006410733,53042.767168230326,65379.01122270475,71375.85799121634,93897.90282645398,27850.0,45870.0,27850.0,33870.0,27013.611554847448,33741.27993998501,45935.10850516754,27709.658493150597,33610.094878142445,46270.24662870696,0.0
2442.442442442443,40249.829430824146,49582.62957310971,58116.92763378943,71530.6133622767,39614.824814543084,47542.886965647136,53362.28821980977,40111.290235509725,45431.30447791958,49055.063682062755,50827.836071791884,65242.95047030942,71089.07614189814,93982.47892050848,39677.83541114248,46717.1050959119,49175.400776101,49860.14197461086,50612.57977973687,53418.60633149319,71268.66035466723,85849.67027633647,39078.69725515716,39936.92894505452,44228.05847822693,47537.839031195384,50261.29947797302,51504.28619092292,53042.989354437144,65386.06159246709,71382.46133520003,93901.37833936585,27850.0,45870.0,27850.0,33870.0,26988.89364637948,33763.77270934878,45937.33364427175,27704.836534457067,33601.85181382508,46283.31165171785,0.0
2482.4824824824827,40249.4881114343,49578.05899547224,58110.50828082763,71541.94461226583,39595.02799617576,47555.82042539929,53369.15157842495,40106.21124102132,45416.13136591223,49048.233800306436,50848.94597127098,65245.723549084345,71086.12588287049,93988.62818953417,39659.6761863907,46704.091760595606,49170.468655342425,49865.11394695394,50630.96927859084,53426.7833328712,71271.57822132128,85851.31861793408,39040.04830206048,39926.05289012095,44200.43371757852,47535.61958823056,50276.35569009497,51550.50395660044,53043.68908126654,65393.20892741705,71389.17497126892,93904.91287536165,27850.0,45870.0,27850.0,33870.0,26963.94010054358,33786.461869795836,45939.5980296606,27699.928022818705,33593.50366076912,46296.56831641217,0.0
2522.5225225225226,40249.14090129979,49573.412234126474,58104.00290998774,71553.44395458598,39574.99498191672,47568.867469638106,53376.13754844518,40101.03904126538,45400.81342934565,49041.49281779476,50870.10496427119,65248.543716259024,71083.13125235215,93994.87477871183,39641.28474523413,46690.86592073993,49165.6422076812,49870.108269445554,50649.491925084425,53435.07006000671,71274.54268697737,85852.9941848306,39000.83440673121,39914.99098921148,44173.141665150106,47533.18566687183,50291.4782756263,51596.48851994131,53044.922656181705,65400.452372796266,71395.99893537781,93908.50651211197,27850.0,45870.0,27850.0,33870.0,26938.755686270408,33809.3425295064,45941.9017842232,27694.93263628092,33585.05179589224,46310.015567826835,0.0
2562.5625625625626,40248.787783451495,49568.68920687592,58097.41232951364,71565.11068015892,39554.72875772498,47582.02463689511,53383.2466053799,40095.77313339437,45385.354293096505,49034.83906711868,50891.31145712765,65251.41106435463,71080.09242226204,94001.21856264619,39622.66346605703,46677.42892256101,49160.920000622806,49875.122807712396,50668.1485928025,53443.46550238301,71277.5537104184,85854.69699744278,38961.06104916771,39903.7431528395,44146.18369843176,47530.54536258693,50306.66161338865,51642.16900564391,53046.75245899144,65407.79106792695,71402.93326246293,93912.15932856018,27850.0,45870.0,27850.0,33870.0,26913.345082499945,33832.40988453274,45944.245032967316,27689.85004897557,33576.49760714022,46323.65234388421,0.0
2602.602602602603,40248.4287406099,49563.88983085321,58090.737354724886,71576.944073812,39534.23229126255,47595.28848121002,53390.47922752742,40090.413007727446,45369.75756435701,49028.270889216714,50912.563870346756,65254.325687026794,71077.00956710262,94007.6594142227,39603.8147236738,46663.782170980965,49156.3005709382,49880.155453229076,50686.94011220636,53451.96864271556,71280.61124974638,85856.42707650969,38920.73385561764,39892.30931314899,44119.56083046,47527.70642810159,50321.90002212113,51687.468515128225,53049.24749761028,65415.22414651869,71409.97798637104,93915.87140492245,27850.0,45870.0,27850.0,33870.0,26887.712878431113,33855.65921854446,45946.627903024426,27684.679931195777,33567.84249306352,46337.477575740704,0.0
2642.642642642643,40248.063755183,49559.014022550655,58083.978807794294,71588.94341447206,39513.508530845305,47608.65557342915,53397.83589572554,40084.958147844816,45354.026831375464,49021.78663441332,50933.86063874456,65257.2876790476,71073.88286395397,94014.1972046203,39584.74088838685,46649.92712684101,49151.78242745799,49885.20412548724,50705.86726895774,53460.57845739498,71283.71526238152,85858.18444309272,38879.85859110579,39880.68942449234,44093.2737264736,47524.67628082933,50337.187753461345,51732.30358777262,53052.4839364145,65422.75073697439,71417.13313978774,93919.64282268831,27850.0,45870.0,27850.0,33870.0,26861.863573902443,33879.085902442646,45949.050523654914,27679.421949472704,33559.08786239487,46351.490188132426,0.0
2682.6826826826828,40247.69280926437,49554.06169785111,58077.13751752561,71601.1079753589,39492.560404455304,47622.122502447135,53405.317093097554,40079.40803068613,45338.165662269486,49015.38466340011,50955.20021156569,65260.29713628703,71070.71249246717,94020.83180332441,39565.44432507732,46635.865304057814,49147.36405384709,49890.26677406433,50724.93080238325,53469.29391693339,71286.86570506162,85859.96911857523,38838.44115168144,39868.88346397894,44067.322720213786,47521.46201102824,50352.51898476858,51776.58373133329,53056.545555513,65430.36996269622,71424.39875416545,93923.473664621,27850.0,45870.0,27850.0,33870.0,26835.80157989312,33902.68539385369,45951.513026253204,27674.0757666543,33550.23513362797,46365.68909971773,0.0
2722.722722722723,40247.315884631214,49549.03277205942,58070.21431913148,71613.4370241779,39471.39081881327,47635.68587639299,53412.923304793745,40073.7621266535,45322.17760390986,49009.06334816075,50976.581052583686,65263.354155694105,71067.49863485833,94027.56307813976,39545.92739232895,46621.59826673794,49143.0439113494,49895.3413805867,50744.1314040806,53478.113986413155,71290.0625338409,85861.78112466229,38796.48755642655,39856.891431992815,44041.70782988245,47518.07039052198,50367.887811795896,51820.21107928437,53061.524083297176,65438.08094239045,71431.77485965079,93927.36401475745,27850.0,45870.0,27850.0,33870.0,26809.53121913387,33926.4532365132,45954.01554435293,27668.641041986008,33541.28573459752,46380.073223416475,0.0
2762.762762762763,40246.932962742154,49543.92715993422,58063.21005401175,71625.92982331186,39450.00265850973,47649.34232376208,53420.65501772819,40068.01989971896,45306.06618087347,49002.82107284039,50998.001640183524,65266.45883527751,71064.24147590273,94034.39089520338,39526.19244158462,46607.12762626286,49138.820441494245,49900.42596058303,50763.46971666776,53487.03762593759,71293.30570408935,85863.62048338058,38754.003939266506,39844.71335267869,44016.42877376622,47514.50788184254,50383.28824121754,51863.080251380845,53067.519326055495,65445.88279037163,71439.26148501135,93931.31395840917,27850.0,45870.0,27850.0,33870.0,26783.056726818057,33950.38505954977,45956.558213632175,27663.11743119356,33532.2411020607,46394.64146674573,0.0
2802.802802802803,40246.54402473527,49538.74477572019,58056.12556953223,71638.5856300123,39428.39878519335,47663.08849449528,53428.51272031135,40062.18080753653,45289.83489446316,48996.65623456068,51019.46046742725,65269.61127408572,71060.9412029285,94041.31511899814,39506.24181633552,46592.455038358064,49134.692068755074,49905.51856522418,50782.94633267385,53496.063791083696,71296.59517049155,85865.48721707807,38710.99654062465,39832.34927439547,43991.48498553102,47510.78064767366,50398.714183020405,51905.078513519344,53074.63899864553,65453.77461686562,71446.8586575622,93935.323582162,27850.0,45870.0,27850.0,33870.0,26756.38225140354,33974.47657667786,45959.14117191861,27657.50458656774,33523.10268128025,46409.39273215202,0.0
2842.842842842843,40246.14905142587,49533.48553318081,58048.96171880403,71651.4036965893,39406.58203681492,47676.92106100691,53436.49690217816,40056.24430155902,45273.48722179255,48990.56724418173,51040.95604210322,65272.81157218698,71057.59800581075,94048.3356123658,39486.07785134276,46577.58220015792,49130.657203153285,49910.6172829469,50802.56179357282,53505.19143335645,71299.93088704617,85867.3813484237,38667.47169896102,39819.79927013624,43966.87562918691,47506.89456048938,50414.15944276971,51946.086351056816,53082.99814211947,65461.75552831169,71454.56640309202,93939.39297387673,27850.0,45870.0,27850.0,33870.0,26729.511855496563,33998.72358530875,45961.76455919469,27651.802157051203,33513.87192560926,46424.325917339534,0.0
2882.8828828828828,40245.74802330431,49528.149345631435,58041.719360463525,71664.38327060072,39384.555226925346,47690.83671916288,53444.60805391177,40050.209827159706,45257.02661493376,48984.55252701168,51062.48688676015,65276.05983064846,71054.21207696569,94055.45223652056,39465.70287189091,46562.51084727805,49126.714242799455,49915.72024095862,50822.3165889569,53514.41950064407,71303.31280706465,85869.30290040732,38623.4358422354,39807.063437913916,43942.599613721635,47502.855212298455,50429.61771376083,51985.97858124788,53092.718002681024,65469.82462766319,71462.38474578838,93943.52222268932,27850.0,45870.0,27850.0,33870.0,26702.449516809327,34023.12196558778,45964.42851760289,27646.009788327417,33504.550296077876,46439.4399155947,0.0
2922.922922922923,40245.34092053384,49522.73612597294,58034.39935845307,71677.52359504014,39362.32114402614,47704.83218921048,53452.84666676338,40044.07682375907,45240.45650012552,48978.61052346592,51084.05153872659,65279.356151515225,71050.783611345,94062.66485106273,39445.11919307335,46547.242750905294,49122.86157636573,49920.82560662212,50842.2111558495,53523.74693767405,71306.74088317064,85871.2518963393,38578.89547933293,39794.1419011119,43918.655607398185,47498.66792441913,50445.082569073114,52024.626128293545,53103.92424850993,65477.98101468678,71470.31370816342,93947.71141901103,27850.0,45870.0,27850.0,33870.0,26675.19912918341,34047.66767936573,45967.13319145086,27640.12712291165,33495.13926098195,46454.7336161064,0.0
2962.962962962963,40244.927722948254,49517.24578672566,58027.0025818025,71690.8239085236,39339.88255097073,47718.9042166615,53461.21323236775,40037.84472495639,45223.78027704,48972.73968967662,51105.64855011641,65282.70063778861,71047.31280642972,94069.97331399217,39424.329119108836,46531.779714915996,49119.09758548359,49925.931588718835,50862.24587815382,53533.172686469625,71310.21506729894,85873.22835985031,38533.85719148953,39781.034808799115,43895.04205171079,47494.337757219866,50460.54745354333,52061.89855987529,53116.744425594225,65486.223786260285,71478.35331097868,93951.96065452896,27850.0,45870.0,27850.0,33870.0,26647.764503671668,34072.35676911167,45969.87872721667,27634.15380024404,33485.64029547383,46470.20590428213,0.0
3003.003003003003,40244.50841004963,49511.67824006383,58019.52990441154,71704.283445475,39317.242184414885,47733.04957313016,53469.70824245496,40031.512958666746,45207.00131810551,48966.938498054486,51127.276487821466,65286.09339340428,71043.79986222519,94077.37748172236,39403.33494268905,46516.1235730311,49115.42064706166,49931.03643859046,50882.42108623541,53542.69568680656,71313.73531069468,85875.23231489108,38488.32762375249,39767.74233600915,43871.757174991944,47489.86951977303,50476.00567568086,52097.667428291476,53131.304609456754,65494.55203666861,71486.50357316961,93956.27002220612,27850.0,45870.0,27850.0,33870.0,26620.14936967176,34097.185356774375,45972.66527355387,27628.08945678481,33476.05488115533,46485.855662059854,0.0
3043.0430430430433,40244.08296100605,49506.03339785042,58011.982204833264,71717.90143631029,39294.40275431465,47747.26505712721,53478.332188558124,40025.080947263086,45190.12296788315,48961.20543780361,51148.93393349167,65289.53452320956,71040.24498125487,94084.877209094,39382.1389443565,46500.276186016556,49111.82913551954,49936.13845115921,50902.7370566344,53552.314876669356,71317.30156391244,85877.26378573195,38442.31347651,39754.26468398252,43848.79900566389,47485.267779377435,50491.45039955145,52131.810367256854,53147.72530170788,65502.964857898165,71494.76451177028,93960.63961628152,27850.0,45870.0,27850.0,33870.0,26592.357376104723,34122.1496425985,45975.492981296775,27621.93372611162,33466.384505673064,46501.68176821531,0.0
3083.0830830830832,40243.65135464899,49500.31117167242,58004.36036605848,71731.67710762011,39271.3669434702,47761.54749481207,53487.08556171772,40018.548107723924,45173.14854249501,48955.5390153918,51170.61948350392,65293.02413294062,71036.64836855556,94092.47234938921,39360.74339191248,46484.23943893722,49108.32142493359,49941.23596582742,50923.19401190373,53562.029192707385,71320.91377681526,85879.32279696295,38395.82149712088,39740.60208037227,43826.165385125496,47480.5368709134,50506.87463665983,52164.21577023265,53166.11674553792,65511.46133992907,71503.13614183737,93965.06953227104,27850.0,45870.0,27850.0,33870.0,26564.392092632672,34147.24590390179,45978.36200346553,27615.686239018996,33456.63066231614,46517.68309866486,0.0
3123.123123123123,40243.213569471176,49494.51147287642,57996.66527530144,71745.60968235096,39248.13740711375,47775.893740704196,53495.96885218205,40011.91385178626,45156.08132910139,48949.937754977014,51192.33174891946,65296.56232919888,71033.01023167153,94100.16275434542,39339.15053985432,46468.015238470034,49104.89589109177,49946.32736725785,50943.79212056927,53571.837570689764,71324.57189857388,85881.40937349311,38348.85847167432,39726.7547794126,43803.85398026834,47475.68090600133,50522.271237869034,52194.78773390874,53186.57397649886,65520.04057102552,71511.6184763744,93969.55986696685,27850.0,45870.0,27850.0,33870.0,26536.257010909918,34172.47049381884,45981.272495271245,27609.346623619967,33446.794849616446,46533.85852676359,0.0
3163.163163163163,40242.76958362391,49488.63421260478,57988.89782378658,71759.69837998472,39224.71677254001,47790.300678355416,53504.98254910458,40005.177586104284,45138.92458542512,48944.400198791875,51214.069355431915,65300.14921942701,71029.33078065002,94107.94827416976,39317.36262884161,46451.605510283654,49101.55091345518,49951.4110860365,50964.53149720712,53581.73894595957,71328.27587766573,85883.52354055065,38301.43121690636,39712.72306204993,43781.86229561345,47470.70378194071,50537.63288539856,52223.45082160252,53209.17205377092,65528.701638023886,71520.2115262555,93974.11071843817,27850.0,45870.0,27850.0,33870.0,26507.95554586227,34197.81984001669,45984.22461412105,27602.914505449808,33436.87857095142,46550.20692359877,0.0
3203.203203203203,40242.31937491464,49482.679301832,57981.05890653665,71773.94241671672,39201.107638777576,47804.76522098463,53514.12714023779,39998.338712413584,45121.68153932028,48938.9249074879,51235.83094330496,65303.784911884606,71025.61022803551,94115.82875755314,39295.38188519073,46435.012196489246,49098.28487702427,49956.4855992204,50985.412202632695,53591.73225388642,71332.02566187416,85885.6653236821,38253.54657229838,39698.50723603723,43760.18768506328,47465.609190411815,50552.95208495216,52250.15412567864,53233.96199275968,65537.44362661845,71528.9153001493,93978.72218603117,27850.0,45870.0,27850.0,33870.0,26479.49103698972,34223.290443387115,45987.218519623166,27596.389507571963,33426.88333414961,46566.72715827843,0.0
3243.243243243244,40241.862920804306,49476.64665140166,57973.1494221622,71788.34100563184,39177.312576299446,47819.284312076314,53523.40311162423,39991.396627701346,45104.355388383214,48933.51046044084,51257.615167301585,65307.46951562301,71021.84878886532,94123.80405168474,39273.21052039704,46418.23725316724,49095.09617410852,49961.54943077285,51006.4342441967,53601.81643031759,71335.82119828757,85887.83474875256,38205.211392379635,39684.10763599063,43738.82736326214,47460.40062592636,50568.221158032386,52274.8741221926,53260.96790575909,65546.26562164517,71537.72980444256,93983.39437036935,27850.0,45870.0,27850.0,33870.0,26450.86674968788,34248.878876720184,45990.25437359193,27589.77125068612,33416.81065109891,46583.41809821497,0.0
3283.2832832832837,40241.40019840488,49470.53617206357,57965.17027265241,71802.89335687911,39153.3341267712,47833.85492594433,53532.810947284466,39984.350724382006,45086.949299603504,48928.15545601876,51279.42069660494,65311.20314045995,71018.04668066463,94131.87400226625,39250.850730684295,46401.282647974134,49091.98320599917,49966.60115188958,51027.59757618217,53611.99041202727,71339.66243329833,85890.03184194503,38156.432539254536,39669.524623409685,43717.778416561036,47455.08139401808,50583.43223450867,52297.615931492066,53290.1857368758,65555.16670736232,71546.65504316408,93988.12737335371,27850.0,45870.0,27850.0,33870.0,26422.085876584155,34274.581783363115,45993.33234005273,27583.059353238445,33406.662037357644,46600.278609403904,0.0
3323.323323323324,40240.931184476576,49464.34777451151,57957.12236316754,71817.59867784436,39129.17480283515,47848.474068262425,53542.35112890242,39977.20039047924,45069.46640905273,48922.85851181441,51301.24621473145,65314.9858969534,71014.20412344208,94140.03845352666,39228.304696580475,46384.15035783264,49088.94438454435,49971.63938121893,51048.90210029724,53622.25313716381,71343.5493126022,85892.25662976029,38107.21687537153,39654.758586660115,43697.03781358248,47449.654619166366,50598.57724551427,52318.41280976406,53321.58376614121,65564.145967729,71555.69101790828,93992.92129816266,27850.0,45870.0,27850.0,33870.0,26393.151538884653,34300.39587586841,45996.45258524694,27576.253431533976,33396.43901176853,46617.30755669749,0.0
3363.363363363364,40240.45585542524,49458.08136942117,57949.00660183269,71832.45617332088,39104.837087928994,47863.1387765628,53552.024135508196,39969.945009813644,45051.90982160877,48917.61826484364,51323.09041943682,65318.817896375214,71010.32133968521,94148.29724823667,39205.57458251949,46366.842366707686,49085.97813362721,49976.662784980035,51070.34766625702,53632.60354569466,71347.48178119742,85894.50913901646,38057.57125654987,39639.80994092111,43676.60241538339,47444.12325245003,50613.6479167575,52337.32395084598,53355.10480339985,65573.20248668092,71564.83772775883,93997.7762492525,27850.0,45870.0,27850.0,33870.0,26364.06678772844,34326.31793463479,45999.61527763678,27569.35309985119,33386.14309607559,46634.50380407322,0.0
3403.403403403404,40239.97418729951,49451.73686748853,57940.82389953353,71847.46504567846,39080.32343613726,47877.84612070407,53561.83044315866,39962.58396219667,45034.28261071329,48912.433371711144,51344.9520226155,65322.69925068377,71006.3985543562,94156.65022772344,39182.662536468124,46349.36066347062,49083.08289054755,49981.67007698325,51091.93407244921,53643.040579848894,71351.4597833835,85896.78939684882,38007.50252527665,39624.679128095864,43656.46898521412,47438.49007892946,50628.63576234387,52354.430911224146,53390.66975894272,65582.33534840317,71574.09516921284,94002.69233235717,27850.0,45870.0,27850.0,33870.0,26334.83460554575,34352.34480654416,46002.820587910086,27562.357970558707,33375.77581454404,46651.86621489726,0.0
3443.443443443444,40239.48615578814,49445.31417946864,57932.57516971318,71862.62449503003,39055.63627207423,47892.59320330994,53571.770524615844,39955.11662363044,45016.58781816066,48907.30250874521,51366.82975019401,65326.63007249651,71002.4359948879,94165.09723188523,39159.57068957758,46331.7072398531,49080.257107308316,49986.660018556635,51113.661066676956,53653.563184557264,71355.48326276086,85899.09743070928,37957.017504285315,39609.366616687366,43636.63419787361,47432.75772475842,50643.53207921673,52369.83312828213,53428.1821207028,65591.54363760026,71583.46333610463,94007.66965448868,27850.0,45870.0,27850.0,33870.0,26305.457907417298,34378.47340359755,46006.06868898516,27555.26765423415,33365.338693583275,46669.39365218258,0.0
3483.4834834834837,40238.991736217125,49438.81321621471,57924.261328171386,71877.9337193968,39030.77799079665,47907.377160179836,53581.84484902351,39947.54236651397,44998.82845391596,48902.22437210305,51388.72234201891,65330.610475061585,70998.43389118007,94173.63809920641,39136.30115585881,46313.88408849152,49077.499251808,49991.631418383295,51135.52834697297,53664.170307889406,71359.55216222964,85901.4332683663,37906.12299042412,39593.8729016392,43617.09464866198,47426.928664027546,50658.32794233635,52383.64305473934,53467.53281494128,65600.82643976324,71592.9422195299,94012.7083239371,27850.0,45870.0,27850.0,33870.0,26275.939542431875,34404.700701552836,46009.35975601529,27548.08175978515,33354.83326137292,46687.08497884193,0.0
3523.523523523524,40238.49090354674,49432.23388871754,57915.88329286498,71893.39191487074,39005.75095774495,47922.195160672825,53592.05388158222,39939.860559855515,44981.00749595997,48897.19767784811,51410.62855173938,65334.64057222925,70994.39247559552,94182.2726667722,39112.85603188119,46295.893201062965,49074.80780894135,49996.583132254156,51157.53556247869,53674.86090148825,71363.6664239891,85903.79693790429,37854.82574882133,39578.19850414224,43597.84686193237,47421.0052253434,50673.01420072952,52395.9813868817,53508.604972675355,65610.1828414336,71602.53180777006,94017.8084502704,27850.0,45870.0,27850.0,33870.0,26246.28229503982,34431.0237385667,46012.693966393475,27540.799894572458,33344.26104749201,46704.93905793553,0.0
3563.563563563564,40237.98363236872,49425.57610814537,57907.441983710385,71908.99827577554,38980.557508711456,47937.04440806571,53602.39808322281,39932.0705694912,44963.12789015961,48892.221162000875,51432.54714668555,65338.72047842235,70990.31198295671,94191.00077028369,39089.23739649372,46277.73656651232,49072.181281609526,50001.5140627408,51179.6823143821,53685.633921001456,71367.82598953658,85906.18846772354,37803.13250735182,39562.343971408554,43578.887299245835,47414.98959814788,50687.58147455523,52406.97275175981,53551.27823651495,65619.6119304641,71612.23208621694,94022.9701443349,27850.0,45870.0,27850.0,33870.0,26216.488886400097,34457.43961384302,46016.07149975689,27533.42166453521,33333.623582551394,46722.9547529134,0.0
3603.603603603604,40237.46989690319,49418.83978588399,57898.93832238794,71924.75199482488,38955.199949834205,47951.92213988682,53612.87791027897,39924.17175830986,44945.19255016133,48887.293580564576,51454.476907742384,65342.85030860646,70986.19265054268,94199.82224407277,39065.44731056809,46259.416169370576,49069.618191643385,50006.42315879313,51201.96815690858,53696.48832650996,71372.03079966674,85908.60788653952,37751.04995140767,39546.30987641236,43560.21236713349,47408.88383878355,50702.02015334367,52416.74207902716,53595.43238206302,65629.1127962766,71622.04303729758,94028.19351825489,27850.0,45870.0,27850.0,33870.0,26186.56197571891,34483.94548628982,46019.49253799128,27525.946674318257,33322.92239782931,46741.130927852435,0.0
3643.6436436436443,40236.949670995666,49412.024833577234,57890.37323214815,71940.65226327896,38929.680557615065,47966.82562822627,53623.49381415866,39916.16348648431,44927.20435730608,48882.41370952714,51476.416629219966,65347.03017825939,70982.03471808584,94208.73692111729,39041.48781676301,46240.93398816347,49067.11708064079,50011.309415267024,51224.39259835864,53707.42308295318,71376.28079447092,85911.05522338294,37698.58471897443,39530.096817600046,43541.81842447175,47402.68987631162,50716.320395580035,52425.41175088294,53640.950160230685,65638.68453011615,71631.96464039944,94033.47868543293,27850.0,45870.0,27850.0,33870.0,26156.504161578043,34510.538573186604,46022.95726523535,27518.374527401593,33312.15902491023,46759.46644768817,0.0
3683.683683683684,40236.42292811401,49405.13116316774,57881.74763761979,71956.69827109844,38904.00157896085,47981.75218002392,53634.24624101522,39908.04511170893,44909.16616056395,48877.58034484122,51498.365118720365,65351.260203339974,70977.83842776933,94217.7446330562,39017.36093930907,46222.29199390983,49064.676510722216,50016.17187238626,51246.95510218614,53718.437160551446,71380.57591333608,85913.53050759896,37645.74339601196,39513.70541856973,43523.701789476865,47396.40951808871,50730.472129814974,52433.099519745585,53687.71937064435,65648.32622530211,71641.99687179603,94038.82576054966,27850.0,45870.0,27850.0,33870.0,26126.317983251323,34537.216148863656,46026.465867885025,27510.70482623182,33301.33499532698,46777.96017844121,0.0
3723.723723723724,40235.88964134521,49398.158686938164,57873.06246462012,71972.88920709651,38878.16523124613,47996.699137335934,53645.13563141794,39899.81598944361,44891.080776486495,48872.79230238256,51520.32119700161,65355.54050025643,70973.6040242247,94226.8452102046,38993.06868381345,46203.49214870768,49062.2950652064,50021.009615144096,51269.65508811212,53729.529535224996,71384.91609494417,85916.03376884715,37592.5325121385,39497.13632772139,43505.85874632677,47390.04445511057,50744.465057496025,52439.91711513049,53735.6342444639,65658.03697747565,71652.13970457288,94044.23485956386,27850.0,45870.0,27850.0,33870.0,26096.005922007596,34563.97554339491,46030.0185345975,27502.937172355716,33290.45184020617,46796.610987438115,0.0
3763.763763763764,40235.349783392296,49391.10731755246,57864.31863996701,71989.22425908824,38852.173702396496,48011.66387758088,53656.16242002261,39891.47547316397,44872.95098917559,48868.04841788935,51542.28369783881,65359.87118583386,70969.33175452931,94236.03848156908,38968.6130370839,46184.53640440729,49059.97134920969,50025.8217726492,51292.491933267826,53740.699189009916,71389.3012772713,85918.56503710087,37538.95853661439,39480.390217878776,43488.28555141761,47383.59626712982,50758.28865772308,52445.969426094955,53784.59625003151,65667.81588484379,71662.39310855384,94049.70609971222,27850.0,45870.0,27850.0,33870.0,26065.570402399055,34590.81414130562,46033.61545629533,27495.07116655572,33279.51108991696,46815.417743527316,0.0
3803.803803803804,40234.80332657101,49383.97696809772,57855.5170912932,72005.70261403808,38826.02915099118,48026.643813766466,53667.32703524236,39883.02291461804,44854.77955026673,48863.34754688277,51564.2514678834,65364.25237728146,70965.02186820461,94245.32427486301,38943.99596697124,46165.42670136886,49057.70399017204,50030.60751742031,51315.46497336212,53751.945110471315,71393.73139758702,85921.12434264709,37485.02787462113,39463.46778588463,43470.9784392647,47377.06642755534,50771.93219413907,52451.3541358427,53834.51444453482,65677.66204841979,71672.75705022825,94055.23959950957,27850.0,45870.0,27850.0,33870.0,26035.01379353363,34617.72938029604,46037.25682617033,27487.106408987474,33268.51427372313,46834.37931728939,0.0
3843.8438438438443,40234.25024280658,49376.767552126155,57846.65874686261,72022.32345820466,38799.73370638368,48041.63639469733,53678.62989891897,39874.457664089125,44836.56917892564,48858.68856457033,51586.22336652001,65368.68419215868,70960.67461721449,94254.70241652176,38919.219422229755,46146.164967302975,49055.491638312524,50035.36606463474,51338.57350386777,53763.26629511295,71398.20639245342,85923.7117160858,37430.74686383034,39446.36975216985,43453.9336280569,47370.45630814157,50785.38472417147,52456.161691825066,53885.30548811832,65687.57457226008,71683.23149267811,94060.83547874834,27850.0,45870.0,27850.0,33870.0,26004.338410330496,34644.71874998217,46040.94283968734,27479.042499319286,33257.46291943862,46853.49458124209,0.0
3883.883883883884,40233.69050363037,49369.478983697416,57837.7445353888,72039.0859772834,38773.2894688396,48056.639105165304,53690.071425995084,39865.779070665136,44818.322561856556,48854.07036573341,51608.19826572202,65373.16674834112,70956.29025596364,94264.17273171814,38894.285332394924,46126.75311619192,49053.33296701814,50040.09667133505,51361.81678122115,53774.66174578438,71402.72619772455,85926.32718832983,37376.121771255974,39429.09686029818,43437.1473248751,47363.767183475196,50798.635110841584,52460.47551028548,53936.89342126601,65697.55256369733,71693.81639550626,94066.49385849884,27850.0,45870.0,27850.0,33870.0,25973.54651475776,34671.77979065437,46044.67369458787,27470.879036873514,33246.35855308636,46872.76241004013,0.0
3923.923923923924,40233.12408017645,49362.11117742114,57828.77538585555,72055.98935654684,38746.698509690206,48071.649466122406,53701.65202418738,39856.986482513996,44800.04235332082,48849.49186459963,51630.17504990554,65377.70016398552,70951.86904129677,94273.73504437774,38869.19560767763,46107.193047288965,49051.22667316873,50044.79863559824,51385.194024031705,53786.13047308491,71407.29074854567,85928.97079060422,37321.15879038279,39411.64987648811,43420.615730584635,47357.000235267435,50811.67203735656,52464.372333093415,53989.209287383375,65707.59513357,71704.51171476499,94072.2148611087,27850.0,45870.0,27850.0,33870.0,25942.64031705154,34698.91009205479,46048.44959089367,27462.61562076983,33235.20269856055,46892.18168066962,0.0
3963.9639639639645,40232.550943178234,49354.664048499835,57819.75222733962,72073.0327809823,38719.96287150113,48086.66503483747,53713.3720936614,39848.07924716538,44781.731175164576,48844.95199470138,51652.15261578241,65382.284557494095,70947.41123249767,94283.38917719446,38843.95213887446,46087.48664419378,49049.17147740137,50049.47129567196,51408.70441429522,53797.67149576504,71411.89997935228,85931.64255444586,37265.864038562766,39394.02958911225,43404.33504441339,47350.156556459435,50824.48402468958,52467.92267338114,54042.19066384557,65717.70139644765,71715.31740288515,94077.99861020302,27850.0,45870.0,27850.0,33870.0,25911.621976915827,34726.10729217416,46052.27073091002,27454.25185007031,33223.99687729243,46911.75127263726,0.0
4004.0040040040044,40231.97106296482,49347.137512771966,57810.67598883573,72090.2154354275,38693.084568254795,48101.6834050372,53725.232026708014,39839.05671179854,44763.39161685419,48840.44970872181,51674.12987221236,65386.92004747842,70942.91709128875,94293.13495164589,38818.55679729342,46067.635774001246,49047.166124317766,50054.1140290817,51432.347098607395,53809.28384112546,71416.55382386985,85934.3425117032,37210.24355467116,39376.236808177055,43388.30146822613,47343.23715514843,50837.05945234142,52471.19130305966,54095.7811482329,65727.87047085306,71726.23340860636,94083.84523068387,27850.0,45870.0,27850.0,33870.0,25880.493604702482,34753.3690760685,46056.13731922902,27445.787323926357,33212.74260791936,46931.47006815429,0.0
4044.0440440440443,40231.384409457554,49339.531486755324,57801.54759908376,72107.53650470333,38666.06558554593,48116.702207032075,53737.232207421985,39829.918223536144,44745.02623551832,48835.983978328746,51696.10574005455,65391.6067527223,70938.38688183122,94302.97218800877,38793.01143469425,46047.6422865206,49045.20938263729,50058.726251713,51456.121189373225,53820.96654541328,71421.25221511266,85937.07069453568,37154.30329701287,39358.27236478281,43372.511210506906,47336.24295834239,50849.38658245505,52474.2377489965,54149.92983278604,65738.10147947987,71737.25967690739,94089.7548487302,27850.0,45870.0,27850.0,33870.0,25849.257262570998,34780.69317469639,46060.049562732616,27437.22164172734,33201.44140595746,46951.3369523152,0.0
4084.084084084084,40230.790952166484,49331.84588769063,57792.3679863982,72124.99517374468,38638.90788078912,48131.71910782791,53749.37301138296,39820.66312974418,44726.637555995636,48831.55379399786,51718.07915201878,65396.344792144104,70933.8208707248,94312.90070537465,38767.31788324304,46027.508013563056,49043.30004529958,50063.307416872616,51480.02576600839,53832.7186542164,71425.99508538353,85939.8271354134,37098.04914146984,39340.1371105662,43356.960490061065,47329.17481555046,50861.45358742701,52477.11677542818,54204.590789355134,65748.39354940667,71748.3961489379,94095.72759179753,27850.0,45870.0,27850.0,33870.0,25817.91496562752,34808.07736377698,46064.00767059551,27428.55440325095,33190.0947834777,46971.35081327135,0.0
4124.124124124124,40230.19066018639,49324.08063358531,57783.13807849986,72142.59062772844,38611.61338343739,48146.73181122339,53761.6548053392,39811.29077833778,44708.22807088683,48827.1581648261,51740.049052516544,65401.13428475858,70929.21932700882,94322.92032166533,38741.47795548038,46007.23476829445,49041.43692951916,50067.85701433188,51504.059876128915,53844.5392228558,71430.7823662729,85942.61186711649,37041.48687987947,39321.83191712683,43341.64553944819,47322.03350221632,50873.24858112251,52479.878838341974,54259.722578989735,65758.74581230691,71759.64276195057,94101.7635886175,27850.0,45870.0,27850.0,33870.0,25786.468683042953,34835.5194626692,46068.01185428785,27419.78520881519,33178.70424878542,46991.510542399395,0.0
4164.1641641641645,40229.58350219343,49316.235643257605,57773.858802349816,72160.32205219916,38584.18399521129,48161.73805789437,53774.07794689434,39801.80051809265,44689.80024061032,48822.7961183358,51762.014397512234,65405.9753496375,70924.58252216311,94333.03085364838,38715.49344430249,45986.824344650595,49039.618876795575,50072.37456935627,51528.2225367256,53856.4273167763,71435.61398865825,85945.42492273494,36984.62221863418,39303.357675438354,43326.56260815823,47314.81972300117,50884.75965375698,52482.57050353187,54315.287794392425,65769.15740465488,71770.99944923408,94107.86296919783,27850.0,45870.0,27850.0,33870.0,25754.9203391498,34863.017333272364,46072.062327577834,27410.91365943198,33167.27130610341,47011.81503446461,0.0
4204.204204204205,40228.96944644103,49308.3108363808,57764.531083985756,72178.18863319239,38556.62159033735,48176.73562546511,53786.64278419754,39792.19169896218,44671.35649346058,48818.46670027075,51783.974154374344,65410.86810586994,70919.91073010926,94343.23211695295,38689.36612295477,45966.278516812425,49037.8447528819,50076.85964172393,51552.51273532004,53868.382011935595,71440.48988270352,85948.26633566781,36927.46077749181,39284.71529524679,43311.707965541675,47307.53411492391,50895.974910451274,52485.23482426802,54371.25263928001,65779.62746792767,71782.46614004743,94114.02586482144,27850.0,45870.0,27850.0,33870.0,25723.271814517688,34890.568878948296,46076.15930653401,27401.939356962306,33155.797455258464,47032.26318777923,0.0
4244.244244244244,40228.34846075626,49300.3061335277,57755.15584836055,72196.18955735546,38528.92801579532,48191.7223285672,53799.34965563749,39782.46367240031,44652.899225668254,48814.168974384884,51805.927301727395,65415.81267252177,70915.20422721223,94353.52392608512,38663.0977450373,45945.59903873829,49036.1134477146,50081.311824736666,51576.92943109911,53880.40239519253,71445.40997785842,85951.13613962305,36870.00808858677,39265.90570445625,43297.07790350594,47300.17725036389,50906.88251340586,52487.911677429074,54427.58654584809,65790.15514880301,71794.04275955452,94120.25240804654,27850.0,45870.0,27850.0,33870.0,25691.524947007332,34918.17204346521,46080.30300952746,27392.861904272802,33144.28419137148,47052.85390435572,0.0
4284.284284284285,40227.72051253576,49292.22145621525,57745.73401918321,72214.32401206577,38501.10509157337,48206.69601888629,53812.198889540334,39772.61579168927,44634.43080146127,48809.90202222418,51827.87282930432,65420.809168594125,70910.46329228311,94363.9060944437,38636.69004452163,45924.7876437506,49034.423875307184,50085.730744225955,51601.47155602546,53892.48756469427,71450.37420285803,85954.03436861686,36812.26959563148,39246.929848504515,43282.668738989,47292.74963993382,50917.47072756646,52490.63805888046,54484.26182967509,65800.73959935302,71805.72922876026,94126.54273270592,27850.0,45870.0,27850.0,33870.0,25659.68153280304,34945.82480996325,46084.49365723372,27383.68090539378,33132.73300455103,47073.58609005519,0.0
4324.324324324324,40227.08556874188,49284.056726949355,57736.26651876207,72232.59118554668,38473.15461093068,48221.65458519725,53825.19080387207,39762.64741227305,44615.953553126295,48805.66494290282,51849.809737799456,65425.85771298153,70905.68820658118,94374.37843433561,38610.144735778376,45903.84604417413,49032.77497361123,50090.11605755694,51626.13801592095,53904.636630263325,71455.38248572187,85956.96105697322,36754.25065329794,39227.78868972898,43268.47681622128,47285.251735227685,50927.72796957464,52493.44834011144,54541.253380250484,65811.37997723381,71817.52546444733,94132.89697390646,27850.0,45870.0,27850.0,33870.0,25627.74332742364,34973.52519994182,46088.73147263455,27374.395965678592,33121.14537959058,47094.45865473082,0.0
4364.3643643643645,40226.443595898614,49275.81186926996,57726.75426785052,72250.99026698091,38445.07834066644,48236.59595338786,53838.32570594568,39752.5578920954,44597.46978107008,48801.45685287388,51871.73703872271,65430.95842442884,70900.87925381714,94384.94075699191,38583.463513615185,45882.775931023556,49031.165704346306,50094.46745263277,51650.92769152079,53916.84871378433,71460.43475375362,85959.91623932344,36695.9565267694,39208.48320672495,43254.49850878735,47277.683931450665,50937.64285971115,52496.3744888824,54598.53838466022,65822.07544587096,71829.43137911418,94139.31526802867,27850.0,45870.0,27850.0,33870.0,25595.71204671193,35001.271272268656,46093.01668101941,27365.006691964274,33109.52279566921,47115.47051236651,0.0
4404.404404404405,40225.79456008744,49267.48680779606,57717.19818549485,72269.52044662165,38416.87802139506,48251.518086471566,53851.60389213338,39742.34659194298,44578.9817538795,48797.27688569557,51893.65375425444,65436.111421487636,70896.03672015679,94395.59287258303,38556.64805332446,45861.57897373717,49029.59505280221,50098.7846469018,51675.83943949654,53929.1229495915,71465.5309335406,85962.89995060567,36637.392391452,39189.01439369737,43240.73022149721,47270.04656993596,50947.204276448676,52499.44625703551,54656.0960816523,65832.82517464078,71841.44688091407,94145.7977527261,27850.0,45870.0,27850.0,33870.0,25563.58936780278,35029.06112221039,46097.34950998684,27355.51269273337,33097.8667260559,47136.62058121074,0.0
4444.444444444444,40225.13842694328,49259.08146827112,57707.599188884684,72288.18091590093,38388.55536782651,48266.41898458931,53865.02564758416,39732.012875792905,44560.49170838062,48793.12419179347,51915.55891710175,65441.31682247183,70891.16089422475,94406.33459023468,38529.70001074041,45840.25681995477,49028.06202761571,50103.0673863697,51700.87209344555,53941.45848485641,71470.67095095312,85965.91222606432,36578.56333283662,39169.383259807204,43227.168392078536,47262.33994055407,50956.40141313849,52502.69133879804,54713.907543219946,65843.6283390474,71853.57187359496,94152.34456692473,27850.0,45870.0,27850.0,33870.0,25531.37693006983,35056.89288048481,46101.730189445356,27345.91357827689,33086.17863781745,47157.90778390566,0.0
4484.484484484485,40224.47516165017,49250.5957776085,57697.958193205544,72306.97086753581,38360.11206905164,48281.296685001114,53878.59124594725,39721.556111164726,44542.00184969556,48788.99793821921,51937.45157035584,65446.574745412196,70886.25206710916,94417.16571804337,38502.62102230496,45818.81109533682,49026.565660523534,50107.31544461845,51726.02446484499,53953.85447997766,71475.85473114398,85968.95310124967,36519.47434650137,39149.590828513996,43213.80949269909,47254.56428401996,50965.22383626402,52506.13550294207,54771.95548090043,65854.48412089563,71865.80625644108,94158.95585082237,27850.0,45870.0,27850.0,33870.0,25499.076336051217,35084.76471233436,46106.15895161442,27336.208960858316,33074.45999153003,47179.33104761166,0.0
4524.524524524525,40223.80472893702,49242.02966393694,57688.276111494044,72325.889495632,38331.549788831544,48296.14926206703,53892.30094910142,39710.97566947666,44523.514351297206,48784.89730840656,51959.330767350766,65451.885308010416,70881.31053236632,94428.08606309214,38475.41270514205,45797.24340342269,49025.10500609488,50111.52862183427,51751.29534396906,53966.310108971826,71481.08219854813,85972.02261201708,36460.130338245326,39129.63813691576,43200.65003132985,47246.71979410299,50973.661544606104,52509.80270210329,54830.224074134094,65865.39170845959,71878.14992421512,94165.63174588786,27850.0,45870.0,27850.0,33870.0,25466.689152354258,35112.67481662091,46110.636031024835,27326.39845487857,33062.71224099428,47200.88930412715,0.0
4564.564564564565,40223.12709307326,49233.383056646286,57678.55385449522,72344.93599578523,38302.87016589078,48310.97482721832,53906.15500689089,39700.2709264056,44505.031355061255,48780.82150192473,51981.195571523735,65457.24862759203,70876.33658602662,94439.09543146603,38448.07665713993,45775.5553255256,49023.679141444445,50115.70674384598,51776.68350076795,53978.82455986718,71486.35327688218,85975.12079452678,36400.5361243445,39109.52623508721,43187.686552957646,47238.80661974424,50981.70502858535,52513.715162448745,54888.69881822246,65876.35029664708,71890.60276710211,94172.37239486055,27850.0,45870.0,27850.0,33870.0,25434.216910539468,35140.62142494142,46115.16166451912,27316.481677041826,33050.936832954176,47222.581490004,0.0
4604.604604604605,40222.44221786441,49224.65588643328,57668.792330522396,72364.10956517988,38274.07481421369,48325.771528918485,53920.15365686783,39689.44126225075,44486.55497131528,48776.76973423028,52003.04505627693,65462.66482105867,70871.33052660018,94450.19362826792,38420.61445704085,45753.74842066195,49022.28716592877,50119.849661175176,51802.18768570648,53991.397035099886,71491.66788914378,85978.24768524308,36340.69643192115,39089.25618541814,43174.915640656895,47230.82486708611,50989.345328978656,52517.8934567352,54947.36638964068,65887.35908715977,71903.16467065409,94179.17794174931,27850.0,45870.0,27850.0,33870.0,25401.66110798406,35168.60280076448,46119.73609125147,27306.458246522172,33039.13520681946,47244.40654665837,0.0
4644.644644644645,40221.750066647626,49215.8480853474,57658.99244531937,72383.40940268559,38245.16532334348,48340.53755261469,53934.29712404182,39678.4860623006,44468.08727888452,48772.741236417154,52024.87830484088,65468.13400483935,70866.29265508353,94461.38045763398,38393.027664537985,45731.824225512784,49020.928200827446,50123.95724810011,51827.80663056214,54004.02675191403,71497.02595761148,85981.403320934,36280.61589941801,39068.82906195195,43162.3339165287,47222.77460141794,50996.57409415493,52522.35656363159,55006.21452667951,65898.41728864894,71915.83551573653,94186.04853183185,27850.0,45870.0,27850.0,33870.0,25369.02320872523,35196.61723858728,46124.35955268749,27296.327785130885,33027.308794391865,47266.36342047725,0.0
4684.684684684686,40221.050602287025,49206.95958683673,57649.15510192491,72402.83470895131,38216.1432586836,48355.27112067955,53948.58562063684,39667.40471720308,44449.63032513446,48768.73525496601,52046.69441013956,65473.65629484086,70861.22327496667,94472.65572274936,38365.317820378936,45709.78425441553,49019.60138901085,50128.02940173379,51853.53904918059,54016.71294276554,71502.42740384428,85984.58773867048,36220.29907716931,39048.24594972677,43149.93804251631,47214.65584904291,51003.38363494097,52527.12191600019,55065.23192360667,65909.52411686724,71928.61517847574,94192.9843116538,27850.0,45870.0,27850.0,33870.0,25336.304644283493,35224.66306311287,46129.03229260363,27286.089917484387,33015.45901959497,47288.45106292065,0.0
4724.724724724725,40220.343787169215,49197.99032579412,57639.28120053976,72422.3846864969,38187.01016180101,48369.97049234333,53963.01934585565,39656.19662333822,44431.186126009496,48764.75105149286,52068.49247465737,65479.23180639744,70856.12269224081,94484.01922586383,38337.48644647563,45687.62999938367,49018.30589459643,50132.06604111807,51879.38363818822,54029.45485573077,71507.87214868105,85987.8009758261,36159.750428060615,39027.50794411931,43137.724721104125,47206.468599068954,51009.76697621779,52532.20544063896,55124.40813673867,65920.67879481593,71941.50353020767,94199.98542902793,27850.0,45870.0,27850.0,33870.0,25303.506814466316,35252.738628447405,46133.754557086286,27275.744271172633,33003.58729820789,47310.66843061948,0.0
4764.7647647647655,40219.62958319851,49188.94023860304,57629.371638395896,72442.05853980256,38157.767550730816,48384.633963616885,53977.59848565231,39644.86118319352,44412.756666068344,48760.78790249729,52090.27161030787,65484.86065421924,70850.99121540658,94495.4707683071,38309.53504602007,45665.362930152616,49017.04090259482,50136.06710633426,51905.33907766035,54042.251754921024,71513.3601122406,85991.04307007624,36098.97432827012,39006.61615019255,43125.69069590859,47198.21280512853,51015.71790436143,52537.62159178933,55183.733501000206,65931.88055288784,71954.50043742833,94207.05203303299,27850.0,45870.0,27850.0,33870.0,25270.631088152426,35280.84231731697,46138.52659453061,27265.290476927963,32991.69503760268,47333.01448546935,0.0
4804.804804804806,40218.907951792135,49179.809263183866,57619.42730962821,72461.85547539579,38128.416920282136,48399.259867205205,53992.32321251265,39633.39780574116,44394.3438985153,48756.845099111146,52112.030938304386,65490.54295234024,70845.82915548302,94507.01015050478,38281.46510360569,45642.9844942498,49015.8056185474,50140.032557631224,51931.40403174469,54055.10292090269,71518.89121392088,85994.3140593976,36037.97506808411,38985.57168204875,43113.83275216812,47189.88838703018,51021.23100968134,52543.383380505926,55243.19905571691,65943.1286290064,71967.6057617453,94214.18427401289,27850.0,45870.0,27850.0,33870.0,25237.67880405704,35308.97254030395,46143.34865563901,27254.728168794223,32979.7836364856,47355.48819472018,0.0
4844.844844844845,40218.17885387544,49170.59733903987,57609.44910514853,72481.77470193616,38098.95974234462,48413.84657241184,54007.19368524353,39621.805906817,44375.949745228034,48752.92194684723,52133.769589032614,65496.27881406475,70840.63682601694,94518.63717199347,38253.27808535385,45620.49611708722,49014.59926815667,50143.962374571696,51957.57714923909,54068.00765112462,71524.46537239928,85997.61398206756,35976.75685277987,38964.3756621879,43102.14771713863,47181.495232345944,51026.30172307599,52549.50240176667,55302.79647853877,65954.42226875987,71980.81935983084,94221.38230357552,27850.0,45870.0,27850.0,33870.0,25204.651271478415,35337.12773510229,46148.2209934193,27244.056984296083,32967.854484642114,47378.0885310618,0.0
4884.884884884886,40217.44224987702,49161.3044073034,57599.43791252205,72501.81543029752,38069.39746619537,48428.39248503406,54022.21004877056,39610.08490950099,44357.5760967815,48749.01776534907,52155.48670192514,65502.06835191347,70835.41454309321,94530.35163143664,38224.97543904529,45597.89920207482,49013.42109691081,50147.856555197584,51983.85706412276,54080.96526035326,71530.08250563177,86000.94287666367,35915.32380356942,38943.029220873184,43090.63246040158,47173.033197937264,51030.92634621689,52555.98886097579,55362.51802652584,65965.76072553167,71994.14108337657,94228.6462745918,27850.0,45870.0,27850.0,33870.0,25171.549771025933,35365.30636579157,46153.1438631825,27233.27656460845,32955.90896268591,47400.814472705635,0.0
4924.924924924925,40216.698099723595,49151.930410782006,57589.39461584602,72521.97687364838,38039.731518806024,48442.89604724901,54037.37243394497,39598.23424449869,44339.2248124681,48745.131888141455,52177.18142533816,65507.91167756823,70830.16262534549,94542.15332663988,38196.558594256,45575.195130752916,49012.270369703445,50151.71511521445,52010.2423960409,54093.975081116296,71535.74253085308,86004.30078206293,35853.67995859798,38921.533495503805,43079.28389409094,47164.50211142335,51035.102074686874,52562.851601278584,55422.35648354829,65977.14326062647,72007.57077904927,94235.97634119441,27850.0,45870.0,27850.0,33870.0,25138.3755553302,35393.506922129505,46158.1175225403,27222.38655472587,32943.948441811735,47423.665003462396,0.0
4964.9649649649655,40215.94636283508,49142.475294004566,57579.32009563083,72542.25824752952,38009.96330514954,48457.355737490754,54052.6809573597,39586.25335052307,44320.89772031444,48741.26366238235,52198.85291643001,65513.8089018158,70824.88139396787,94554.04205456644,38168.02896249744,45552.38526294218,49011.14637044981,50155.538087195884,52036.731750741375,54107.03646415577,71541.44536457642,86007.68773744113,35791.82927399142,38899.889629996294,43068.09897304447,47155.90177259421,51038.82701363337,52570.09813286699,55482.305113256196,65988.56914339178,72021.10828844865,94243.37265877663,27850.0,45870.0,27850.0,33870.0,25105.129849735407,35421.72791886246,46163.14223140214,27211.386603631785,32931.97428355214,47446.639112816076,0.0
5005.005005005006,40215.18699811935,49132.939003267405,57569.215228683446,72562.65876992978,37980.09420850663,48471.7700703184,54068.135721174964,39574.14167467685,44302.596617094445,48737.41244861624,52220.50034104199,65519.76013449092,70819.57117272686,94566.0176113527,38139.38793736056,45529.470936909966,49010.048401700595,50159.32551980803,52063.32372046377,54120.148778891606,71547.19092259312,86011.10378227237,35729.77562494693,38878.09877417441,43057.07469488527,47147.23195477169,51042.10018564719,52577.73466521285,55542.357616968555,66000.0376513355,72034.75344806656,94250.83538399104,27850.0,45870.0,27850.0,33870.0,25071.813852974326,35449.96789505376,46168.21825197192,27200.276364467547,32919.987839538284,47469.735795994166,0.0
5045.045045045045,40214.419963967106,49123.32148668032,57559.0808879932,72583.17766135937,37950.12559077132,48486.13759627517,54083.73681295349,39561.89867283444,44284.323268339314,48733.57762052925,52242.12287358122,65525.765484417905,70814.23228797456,94578.07979232333,38110.63689466349,45506.45346955091,49008.975784254115,50163.07747705434,52090.01688427954,54133.31141389653,71552.97911997282,86014.54895632822,35667.522806862056,38856.16208316921,43046.208100038966,47138.492406121455,51044.921530737905,52585.76614292531,55602.50809591036,66011.5480702391,72048.5060892473,94258.36467474829,27850.0,45870.0,27850.0,33870.0,25038.428737826318,35478.225413429325,46173.34584874437,27189.055494701086,32907.990451264755,47492.954054034155,0.0
5085.085085085086,40213.64521824647,49113.622694212594,57548.91794261978,72603.81414492114,37920.05879275571,48500.45690173858,54099.4843055057,39549.52381002329,44266.079408344165,48729.75856470603,52263.719696905704,65531.82505935171,70808.86506866208,94590.22839200699,38081.77719260259,45483.334156581404,49007.92785676771,50166.79403754114,52116.809808383536,54146.52377738338,71558.80987106301,86018.02329967724,35605.07453649692,38834.080716828954,43035.49627169108,47129.68285091779,51047.29189844063,52594.196285693935,55662.75101729803,66023.09969426674,72062.36603815026,94265.96069021564,27850.0,45870.0,27850.0,33870.0,25004.97565175865,35506.49905974045,46178.5252885009,27177.723656295057,32895.983449858395,47516.292893846556,0.0
5125.125125125125,40212.86271829774,49103.84257773895,57538.727257583625,72624.5674463797,37889.89513449334,48514.72660876172,54115.37825674494,39537.01656080434,44247.866740172205,48725.95468038888,52285.290002211455,65537.93896591754,70803.46984635427,94602.46320415135,38052.810171906516,45460.114272745865,49006.90397536952,50170.47529376356,52143.70104633561,54159.785297705675,71564.68308948912,86021.5268526841,35542.4344531652,38811.85583913995,43024.93633568966,47120.80299076426,51049.21303225082,52603.02763255586,55723.081183834845,66034.69182607005,72076.33311571369,94273.62359081567,27850.0,45870.0,27850.0,33870.0,24971.455717551547,35534.78744214323,46183.75684030523,27166.280515874423,32883.96815585126,47539.75132827432,0.0
5165.165165165166,40212.07242092782,49093.981091085436,57528.509693758635,72645.43679422812,37859.6359155413,48528.945374905605,54131.41870955308,39524.376409650635,44229.68693565578,48722.165379239086,52306.83298892188,65544.10730954957,70798.0469552445,94614.78402173854,38023.73715599317,45436.79507203409,49005.90351327101,50174.12135141241,52170.68913925269,54173.09542387295,71570.59868815448,86025.05965600914,35479.60611994959,38789.488617658935,43014.52546039749,47111.85250577277,51050.687546738554,52612.26159051787,55783.493706231326,66046.32377688878,72090.40713762012,94281.35353822453,27850.0,45870.0,27850.0,33870.0,24937.87003390725,35563.08919059437,46189.040775498375,27154.72574489333,32871.945878957806,47563.328376148864,0.0
5205.205205205206,40211.27428240471,49084.03819007517,57518.26610776712,72666.42141975302,37829.28241528074,48543.1118930628,54147.605691656456,39511.60285132445,44211.541635395566,48718.39008510066,52328.34786457935,65550.33019442853,70792.59673217117,94627.19063700025,37994.55945112912,45413.37778790837,49004.92586038119,50177.73232870166,52197.77261595022,54186.453626081755,71576.55657924025,86028.62175060743,35416.59302493755,38766.98022295689,43004.26085649779,47102.83105570242,51051.718897833605,52621.898487375955,55843.983978413904,66057.99486664744,72104.58791426365,94289.15069537076,27850.0,45870.0,27850.0,33870.0,24904.219676043518,35591.40295626304,46194.37736769345,27143.0590198011,32859.91791785613,47587.02306234276,0.0
5245.245245245246,40210.468258451896,49074.013832574,57507.99735187704,72687.52055709704,37798.83589321544,48557.22489127206,54163.939215512495,39498.69539125147,44193.43244875742,48714.62823376652,52349.833844738896,65556.60772341833,70787.11951663421,94639.68284143312,37965.27834659142,45389.863633539506,49003.97042292291,50181.308355716465,52224.949993032715,54199.85939626329,71582.55667420535,86032.21317772832,35353.39858247385,38744.33182807534,42994.139776757445,47093.73828106144,51052.31134689471,52631.93762841361,55904.54765512403,66069.70442404732,72118.87525071886,94297.0152264334,27850.0,45870.0,27850.0,33870.0,24870.505696271837,35619.727410958425,46199.76689276975,27131.280022207262,32847.88555997362,47610.83441781912,0.0
5285.285285285286,40209.65430424275,49063.907978536095,57497.70427390151,72708.73344331965,37768.29758926862,48571.28313252433,54180.419278207046,39485.653545892805,44175.36095386767,48710.879272747494,52371.29015286424,65562.93999800133,70781.61565081278,94652.26042581367,37935.895114831525,45366.25380205049,49003.03662305213,50184.84957378183,52252.219774933124,54213.31224864962,71588.59888378669,86035.83397891458,35290.026134426196,38721.544607995216,42984.159515751606,47084.57380417305,51052.4699192775,52642.37735652236,55965.18063164738,66081.45178665506,72133.26894671109,94304.9472968405,27850.0,45870.0,27850.0,33870.0,24836.729124560767,35648.06124657259,46205.20962886665,27119.388439045524,32835.85008127678,47634.7614796777,0.0
5325.325325325326,40208.832374394464,49053.72059004933,57487.387717100544,72730.05931845563,37737.66872407758,48585.285414559854,54197.045861362545,39472.47684311284,44157.32869760706,48707.1426610441,52392.71602022584,65569.32711821259,70776.08547958412,94664.92318021349,37906.41101164099,45342.54946676712,49002.123898480386,50188.35613485151,52279.58045390008,54226.81172035918,71594.68311799908,86039.48419600163,35226.47895146086,38698.61973911846,42974.31740955258,47075.33723020824,51052.20035819117,52653.215115182626,56025.87902544313,66093.23630098664,72147.76879658907,94312.94707326716,27850.0,45870.0,27850.0,33870.0,24802.890969084692,35676.40317453845,46210.70585637686,27107.38396273649,32823.812746065465,47658.80329119804,0.0
5365.3653653653655,40208.00242296248,49043.45163138059,57477.04852008511,72751.49742557181,37706.95049928603,48599.230569656735,54213.818931057234,39459.16482254409,44139.33719560375,48703.41786892101,52414.110685801345,65575.76918257299,70770.5293505426,94677.67089401427,37876.82727631896,45318.751781474624,49001.23170210107,50191.828200917116,52307.03050993275,54240.357372003185,71600.80928613535,86043.16387111692,35162.76023432519,38675.55839876314,42964.61083538661,47066.02814818655,51051.50907468375,52664.44751366452,56086.63915947032,66105.05732258744,72162.37458929847,94321.01472363403,27850.0,45870.0,27850.0,33870.0,24768.992216758415,35704.7519253023,46216.255857939286,27095.266291349057,32811.77480677153,47682.95890187941,0.0
5405.405405405407,40207.164403434326,49033.10106902081,57466.68751672331,72773.04701082152,37676.14409783411,48613.11746441059,54230.738437755295,39445.717035947164,44121.38793222563,48699.70437768473,52435.473396178095,65582.26628802117,70764.94761402032,94690.50335592285,37847.14513184108,45294.86188067927,49000.359501619896,50195.26594343706,52334.568410662556,54253.94878831442,71606.97729676659,86046.87304667915,35098.87311513433,38652.36176467158,42955.037211261144,47056.64613194695,51050.403094621564,52676.07039376038,56147.45754703258,66116.9142161082,72177.08610835791,94329.1504171053,27850.0,45870.0,27850.0,33870.0,24735.0338337578,35733.10624781087,46221.859918431335,27083.035128760308,32799.73750376189,47707.2273674778,0.0
5445.445445445446,40206.318268723626,49022.66887173004,57456.30553604883,72794.70732349751,37645.25068424593,48626.944999505795,54247.80431624828,39432.133047566414,44103.48236057262,48696.00167946408,52456.80340545795,65588.81852984418,70759.34062310855,94703.42035398618,37817.36578502961,45270.88087987468,48999.50677918988,50198.669542785115,52362.19261118118,54267.58557879986,71613.18705774212,86050.61176539755,35034.82065865946,38629.03101453254,42945.59399556588,47047.19074109045,51048.89000352795,52688.078897339976,56208.33087798331,66128.80635537732,72191.90313183634,94337.35432408674,27850.0,45870.0,27850.0,33870.0,24701.016766026947,35761.46490901228,46227.51832496078,27070.690184813848,32787.70206514614,47731.60775004001,0.0
5485.485485485487,40205.46397116395,49012.15501058208,57445.90340217162,72816.47761608235,37614.27140491445,48640.712109477994,54265.01648560756,39418.41243447999,44085.62190246908,48692.30927699403,52478.09997516414,65595.426001607,70753.70873367965,94716.42167560605,37787.49042672477,45246.809875811625,48998.67303105136,50202.03918771843,52389.901553813994,54281.26737841887,71619.43847618994,86054.38007027097,34970.60586361532,38605.567325517164,42936.27868664947,47037.66152189599,51046.977890124,52700.46753402316,56269.25600615055,66140.73312346853,72206.82543233213,94345.62661622369,27850.0,45870.0,27850.0,33870.0,24666.941939772107,35789.8266933708,46233.2313668571,27058.231175476354,32775.669706588684,47756.09911793496,0.0
5525.525525525526,40204.601462502585,49001.55945900906,57435.48193419071,72838.35714429764,37583.20738838364,48654.417762468205,54282.374849148146,39404.55478694443,44067.807948456975,48688.62668340248,52499.36237415054,65602.08879508078,70748.05230441067,94729.50710755412,37757.520231956914,45222.649946770944,48997.85776717705,50205.375074864365,52417.69366783839,54294.993848288286,71625.73145851684,86058.17800458719,34906.2316639448,38581.97187382859,42927.08882237478,47028.058008210835,51044.675289372695,52713.23024829135,56330.22993785837,66152.69391276521,72221.85277695415,94353.96746639919,27850.0,45870.0,27850.0,33870.0,24632.81026194272,35818.19040239503,46238.999335662265,27045.65782299234,32763.641631125574,47780.70054588208,0.0
5565.565565565566,40203.73069389422,48990.882192845864,57425.041946109224,72860.3451671507,37552.05974562794,48668.06095996834,54299.879294403705,39390.559708732864,44050.04185779011,48684.953422000355,52520.58987851287,65608.80700016979,70742.37169680744,94742.67643598653,37727.45636011949,45198.40215283865,48997.060510922616,50208.67740822607,52445.56736914575,54308.76467641647,71632.06591040862,86062.00561192233,34841.70093009859,38558.245834265916,42918.02197965503,47018.379722317535,51041.991125769164,52726.36048540287,56391.249821434234,66164.6881250205,72236.98492730453,94362.3770487316,27850.0,45870.0,27850.0,33870.0,24598.622620699913,35846.55485417909,46244.82252512101,27032.969856036838,32751.619028985933,47805.41111497723,0.0
5605.605605605606,40202.85161589444,48980.12319037411,57414.58424675152,72882.44094697991,37520.82957032872,48681.64073655853,54317.52969311272,39376.42681746675,44032.324958429956,48681.28902607504,52541.78177150218,65615.58070483716,70736.66727523011,94755.92944645882,37697.29995514257,45174.06753618326,48996.28079868287,50211.946398706415,52473.52105984655,54322.57957846804,71638.44173683054,86065.86293613967,34777.01647030809,38534.390379802215,42909.07577397223,47008.62617577803,51038.93465754926,52739.85125553633,56452.31293760451,66176.71517141363,72252.22163946313,94370.85553857258,27850.0,45870.0,27850.0,33870.0,24564.379885872717,35874.91888295678,46250.701231170504,27020.167009866065,32739.60307741816,47830.229912715775,0.0
5645.645645645646,40201.96417845336,48969.28243236613,57404.10963968256,72904.64374949793,37489.51793914785,48695.15615963595,54335.32590121619,39362.15574494025,44014.65854704345,48677.63303868687,52562.93734344056,65622.4099950293,70730.93940691932,94769.26592394024,37667.052145666916,45149.64712133414,48995.51817955402,50215.18226364981,52501.55312781746,54336.43829856097,71644.85884202764,86069.75002138902,34712.181031849956,38510.40668117649,42900.2478588805,46998.79687025675,51035.515422408964,52753.69519565474,56513.41669069159,66188.77447260235,72267.56266397398,94379.40311250466,27850.0,45870.0,27850.0,33870.0,24530.08290940234,35903.28133866803,46256.635751929636,27007.24902646578,32727.59494052096,47855.15603301325,0.0
5685.685685685686,40201.06833090885,48958.35990212856,57393.61892312928,72926.95284383329,37458.12591199824,48708.60632913558,54353.26775886617,39347.74613743705,43997.04388900333,48673.98501246922,52584.05589163877,65629.2949545989,70725.18846202396,94782.68565282875,37636.71404521823,45125.14191546056,48994.77221500156,50218.385226401384,52529.66194618897,54350.340610098436,71651.31712952489,86073.66691210597,34647.1973023008,38486.29590650015,42891.53592549582,46988.89129832367,51031.74318524201,52767.88462865919,56574.558600534554,66200.86545877157,72283.00774583317,94388.01994833908,27850.0,45870.0,27850.0,33870.0,24495.732525774834,35931.641086537784,46262.626387687385,26994.21565469729,32715.59576907917,47880.18857622353,0.0
5725.725725725726,40200.164021979916,48947.35558554562,57383.11288990425,72949.36750257021,37426.65453231129,48721.99037724288,54371.35509044583,39333.19765603911,43979.48221839136,48670.34450943166,52605.136720316215,65636.23566522668,70719.41481362973,94796.18841696525,37606.2867523817,45100.55290865134,48994.042478534604,50221.55551588348,52557.845872772945,54364.28631663683,71657.81650212794,86077.6136530111,34582.0679107806,38462.05922087714,42882.93770197373,46978.90894423833,51027.62788831606,52782.41161947904,56635.736295064686,66212.9875696783,72298.55662447901,94396.70622511308,27850.0,45870.0,27850.0,33870.0,24461.32955244239,35959.99700666663,46268.67344089099,26981.06665044097,32703.606700404503,47905.32664915452,0.0
5765.7657657657655,40199.25119975988,48936.26947112225,57372.59232733119,72971.88700178667,37395.104827301184,48735.30746809837,54389.587704600446,39318.50997692684,43961.974738004894,48666.71110076671,52626.17914052286,65643.2322063417,70713.6188377889,94809.77399964811,37575.77135097648,45075.881074194345,48993.32855538656,50224.69336618892,52586.10324942857,54378.2752527929,71664.3568619235,86081.59028910873,34516.795429183694,38437.69778603858,42874.45095297671,46968.84928471625,51023.17960422146,52797.26802782533,56696.94750347386,66225.14025469276,72314.20903378373,94405.46212308767,27850.0,45870.0,27850.0,33870.0,24426.874790233596,35988.347993633215,46274.777216133196,26967.801776737164,32691.628858181302,47930.56936508154,0.0
5805.805805805807,40198.32981170943,48925.10155002691,57362.058017172836,72994.51062109083,37363.477808226104,48748.55679749443,54407.96539427946,39303.68279167029,43944.52261936746,48663.08436665972,52647.18247006321,65650.28465504032,70707.80091355136,94823.44218364762,37545.16891023021,45051.127368855276,48992.63004220183,50227.79901619014,52614.432401364946,54392.307285191346,71670.93811027965,86085.5968656866,34451.38237339626,38413.212759990936,42866.073479132436,46958.711789678404,51018.40849184399,52812.44555740971,56758.19004992065,66237.32297283589,72329.96470204678,94414.28782374487,27850.0,45870.0,27850.0,33870.0,24392.369023752937,36016.6929561079,46280.93802013916,26954.4208039243,32679.663352317253,47955.91584375845,0.0
5845.845845845846,40197.399804649605,48913.85181613394,57351.5107355607,73017.23764365574,37331.774470646065,48761.73759256438,54426.48793678954,39288.71580751076,43927.12700274348,48659.46389610223,52668.14603342257,65657.39308600363,70701.96142299697,94837.1927512203,37514.48048495324,45026.29273315597,48991.94654672903,50230.8727091648,52642.83163637968,54406.38231345615,71677.56014784657,86089.63342831454,34385.83120449933,38388.60529667854,42857.80311648446,46948.495922985036,51013.32475553472,52827.93580150411,56819.461847724975,66249.53519281329,72345.82335199045,94423.18350978516,27850.0,45870.0,27850.0,33870.0,24357.81302176983,36045.03081647771,46287.15616175246,26940.923509774202,32667.711278799237,47981.365211426564,0.0
5885.885885885887,40196.46112475477,48902.52026606584,57340.951252926905,73040.06735625249,37299.995794677685,48774.849111463845,54445.15509385847,39273.60874763277,43909.78899715783,48655.84928670873,52689.069161695035,65664.5575714136,70696.10075126894,94851.02548412306,37483.70711571259,45001.37809165118,48991.277687520946,50233.91469243627,52671.29924403093,54420.500271247074,71684.2228745571,86093.70002284393,34320.144329956216,38363.87654565943,42849.637735936274,46938.20114315421,51007.938607579585,52843.73028478159,56880.76089400612,66261.7763930453,72361.78470075673,94432.1493651246,27850.0,45870.0,27850.0,33870.0,24323.207537597427,36073.36051048189,46293.43195192069,26927.30967962437,32655.773719554258,48006.916600821365,0.0
5925.925925925926,40195.51371754524,48891.10689923497,57330.38033393814,73062.99904928166,37268.14274524548,48787.890643044855,54463.96661170966,39258.36135142547,43892.50968042063,48652.24014453667,52709.95119251369,65671.77818086761,70690.21928660851,94864.94016362743,37452.84982900554,44976.384353204165,48990.62309364055,50236.92521702942,52699.833494741935,54434.66112734471,71690.92618962715,86097.79669540658,34254.324104784195,38339.02765179507,42841.57524269003,46927.82690406668,51002.260234007685,52859.82050143829,56942.0852647257,66274.0460616938,72377.84845990638,94441.1855748921,27850.0,45870.0,27850.0,33870.0,24288.553309461484,36101.680986858264,46299.765703680256,26913.57910650718,32643.85174231561,48032.56915117721,0.0
5965.9659659659665,40194.55752788003,48879.61171788506,57319.79873743154,73086.03201680335,37236.21627233007,48800.8615065225,54482.922221147426,39242.9733747334,43875.290099157675,48648.63608390976,52730.791469982796,65679.05498129135,70684.31742039145,94878.93657053361,37421.90963743269,44951.312411260384,48989.982404373775,50239.90453734096,52728.4326388357,54448.86488678591,71697.66999155676,86101.92349241381,34188.372832709014,38314.059754953414,42833.613575680836,46917.37265565721,50996.299763721756,52876.197949647394,57003.43311009846,66286.34369668568,72394.01433541966,94450.29232542655,27850.0,45870.0,27850.0,33870.0,24253.85106085959,36129.991206999795,46306.15773214062,26899.731591275835,32631.94640049426,48058.32200822991,0.0
6006.006006006006,40193.59249994947,48868.034727132384,57309.20721635265,73109.1655565655,37204.21731121289,48813.76105113462,54502.02163765249,39227.44459009632,43858.131268846875,48645.03672724478,52751.58934461183,65686.38803685058,70678.39554716492,94893.01448518471,37390.887539870426,44926.163144119135,48989.35526894867,50242.85291082389,52757.09490549847,54463.11159205319,71704.4541781304,86106.08046055574,34122.29276730232,38288.97398972516,42825.750707007595,46906.83784459335,50990.06724088802,52892.85416243994,57064.80265033919,66298.6688057321,72410.2820276987,94459.46980427367,27850.0,45870.0,27850.0,33870.0,24219.10150091094,36158.29014462134,46312.60835446772,26885.766942726987,32620.058733055495,48084.174324217514,0.0
6046.046046046047,40192.61857726754,48856.375935006334,57298.6065176953,73132.39897003084,37172.14678271765,48826.58865579442,54521.26456148792,39211.77478697724,43841.034173861306,48641.44170488155,52772.34417325158,65693.77740886097,70672.45406468699,94907.17368748032,37359.784521642716,44900.93741520324,48988.74134626116,50245.77059768567,52785.81850166932,54477.40132431984,71711.27864641788,86110.26764680017,34056.08611310106,38263.771485153244,42817.98464136121,46896.221914942544,50983.57260048281,52909.780735141925,57126.1921717172,66311.02090634516,72426.6512315718,94468.71820018308,27850.0,45870.0,27850.0,33870.0,24184.30532469699,36186.57678543615,46319.11788986687,26871.68497771995,32608.189764400995,48110.12525787905,0.0
6086.086086086087,40191.63570266427,48844.63535248995,57287.99738244353,73155.73156240224,37140.00559344849,48839.3437287365,54540.65067781501,39195.963771978844,43823.99976751914,48637.85065491618,52793.05531903212,65701.22315569647,70666.49337396648,94921.41395689077,37328.60155469213,44875.63607332588,48988.140304606975,50248.657860599604,52814.601610854006,54491.73420475452,71718.1432927752,86114.48509839165,33989.75502670873,38238.45336447502,42810.31341545093,46885.524308827844,50976.82564686365,52926.96934952669,57187.600022891376,66323.3995258511,72443.12163629968,94478.037703105,27850.0,45870.0,27850.0,33870.0,24149.463213593128,36214.85012684206,46325.68665956482,26857.485521292285,32596.340504256208,48136.173974451514,0.0
6126.126126126127,40190.64381827798,48832.8129935598,57277.380545515436,73179.16264264681,37107.794636024686,48852.02570715624,54560.17965681906,39180.011369047555,43807.028972140775,48634.263223037604,52813.722151302616,65708.72533269593,70660.51387930493,94935.73507247058,37297.33959775009,44850.25995295516,48987.5518214202,50251.51496442943,52843.44239186129,54506.11039588807,71725.04801284516,86118.73286285056,33923.30161787793,38213.02074487716,42802.735097429715,46874.744467073215,50969.8360352079,52944.41179486169,57249.024611502784,66335.80420139954,72459.69292558289,94487.42850418709,27850.0,45870.0,27850.0,33870.0,24114.575835591735,36243.10917761713,46332.31498679114,26843.16840677178,32584.5119475632,48162.319645665026,0.0
6166.1661661661665,40189.642865547336,48820.908875225476,57266.75673570892,73202.69152351824,37075.51478931215,48864.63405684293,54579.851153844924,39163.91741966512,43790.12267911371,48630.67906236742,52834.34404557314,65716.2839920684,70654.51598833968,94950.13681287249,37265.99959650613,44824.80987447573,48986.97558301818,50254.34217596587,52872.33897745826,54520.530103045254,71731.99270155848,86123.01098797207,33856.727950574146,38187.47473726295,42795.24778631896,46863.88182983866,50962.61325564505,52962.09998604393,57310.464401002966,66348.23447997044,72476.36477757189,94496.89079577102,27850.0,45870.0,27850.0,33870.0,24079.643845616767,36271.352957624316,46339.00319675892,26828.733475884655,32572.705074379017,48188.56144973633,0.0
6206.206206206207,40188.632785203416,48808.92301756887,57256.12667564951,73226.31752157817,37043.166918651405,48877.1682718067,54599.664809541886,39147.68178302741,43773.28174896559,48627.0978333027,52854.92038345814,65723.8991827963,70648.50011208905,94964.61895636076,37234.5824837762,44799.28664444748,48986.4112843525,50257.13976367574,52901.2894729433,54534.99357584497,71738.97725313448,86127.31952182527,33790.036044020264,38161.816446031546,42787.849611433405,46852.93583724603,50955.166619897886,52980.025979028105,57371.91790769881,66360.689918377,72493.13686487783,94506.42477138911,27850.0,45870.0,27850.0,33870.0,24044.667885830102,36299.580497525254,46345.751616644644,26814.180578859858,32560.920849779508,48214.89857136064,0.0
6246.246246246246,40187.61351726152,48796.85544378275,57245.49108173985,73250.03995721588,37010.751876082446,48889.62787389974,54619.62025001782,39131.304336209905,43756.507011445356,48623.51920336233,52875.450552621856,65731.57095053718,70642.46666499827,94979.18128082505,37203.08917967,44773.6910558612,48985.858628766364,50259.907997462404,52930.29195463349,54549.50110977229,71746.00156108226,86131.65851275201,33723.227873722,38136.046968869465,42780.53873180674,46841.9059299957,50947.505250241404,52998.18198375545,57433.38369799657,66373.17008326604,72510.00885458596,94516.0306257607,27850.0,45870.0,27850.0,33870.0,24009.64858592993,36327.79083850268,46352.56057556739,26799.509574529446,32549.16022376878,48241.33020170177,0.0
6286.286286286287,40186.58500101296,48784.70618020906,57234.85066411132,73273.85815466667,36978.270500566075,48902.0124124317,54639.71708700221,39114.784974319926,43739.79926561335,48619.942847036014,52895.93394672549,65739.29933752363,70636.41606498799,94993.8235637936,37171.52059175717,44748.02388839094,48985.31732775805,50262.64714843753,52959.34446826394,54564.053047824964,71753.06551820145,86136.02800936597,33656.30537247383,38110.16739655343,42773.313335618324,46830.79154997472,50939.63807058579,53016.56037479163,57494.86038582849,66385.67455111508,72526.98040827014,94525.7085547886,27850.0,45870.0,27850.0,33870.0,23974.586563441335,36355.9830319915,46359.43040456716,26784.720330424916,32537.424131194224,48267.85553838086,0.0
6326.326326326326,40185.54717501668,48772.47525637675,57224.20612657738,73297.77144202919,36945.72361820203,48914.32146377982,54659.95491801815,39098.12361063519,43723.159279940286,48616.368445636865,52916.369965376056,65747.08438246135,70630.34873350352,95008.5455824467,37139.87761523229,44722.28590864323,48984.78710075043,50265.357488703885,52988.445027296504,54578.64978223855,71760.16901658342,86140.42806055167,33589.270431345525,38084.17881276466,42766.17163962148,46819.592140856985,50931.573799492675,53035.153699879345,57556.34663024841,66398.20290822616,72544.05118200941,94535.4587555553,27850.0,45870.0,27850.0,33870.0,23939.482423999354,36384.1561394181,46366.36143658255,26769.812722869316,32525.713491667142,48294.473785463546,0.0
6366.3663663663665,40184.4999770908,48760.162705039096,57213.55816658891,73321.77915128118,36913.11204244377,48926.55463099382,54680.3333265624,39081.32017672849,43706.58779241556,48612.795687156606,52936.7580140771,65754.92612042552,70624.26509556663,95023.34711363008,37108.16113307877,44696.47787040289,48984.26767486641,50268.039291148445,53017.591611134776,54593.291756292994,71767.31194761238,86144.85871546336,33522.124900649265,38058.082293914325,42759.11188857374,46808.307148695494,50923.32094493716,53053.954686605255,57617.84113318233,66410.75475071714,72561.22082640606,94545.28142631918,27850.0,45870.0,27850.0,33870.0,23904.33676162459,36412.30923194789,46373.35400642753,26754.786637065245,32514.029209489134,48321.184153445625,0.0
6406.406406406406,40183.443344303974,48747.76856221061,57202.90747519117,73345.88061829425,36880.436574310006,48938.71154339601,54700.851882293966,39064.37462257815,43690.0855106652,48609.22426612414,52957.0975041809,65762.82458275507,70618.16557982855,95038.22793386797,37076.37201623145,44670.60051487519,48983.758784710284,50270.69282924565,53046.78216324272,54607.97946620444,71774.4942019663,86149.32002352393,33454.87059088725,38031.8789089796,42752.13235466948,46796.9360225071,50914.887800635566,53072.95624737264,57679.342637322596,66423.32968450981,72578.48898660543,94555.17676651054,27850.0,45870.0,27850.0,33870.0,23869.150158991775,36440.441390240805,46380.40845076743,26739.64196717843,32502.3721735841,48347.985859237466,0.0
6446.446446446447,40182.37721296662,48735.292867203345,57192.254736982904,73370.07518284713,36847.69800259293,48950.79185617673,54721.51014123035,39047.286916664445,43673.65311207944,48605.65388346688,52977.387852842614,65770.7797969454,70612.05061862494,95053.18781937625,37044.511123737895,44644.654570924824,48983.26017215493,50273.31837687052,53076.01458916425,54622.71346310527,71781.7156696184,86153.81203442387,33387.50927367993,38005.5697193505,42745.23133697519,46785.47821485045,50906.28244376723,53092.15148286254,57740.8499241541,66435.92732531512,72595.8553023173,94565.14497672766,27850.0,45870.0,27850.0,33870.0,23833.923187691293,36468.55170421457,46387.52510809414,26724.378616417012,32490.743257436,48374.878126146985,0.0
6486.486486486488,40181.30151862214,48722.735662662904,57181.60063007692,73394.36218863804,36814.89710406322,48962.7952499853,54742.307645951485,39030.05704605156,43657.29124395044,48602.0842463751,52997.628482975735,65778.79178653883,70605.92064803277,95068.22654607554,37012.57930291839,44618.64075531099,48982.77158613448,50275.91620812104,53105.28675444035,54637.4943551163,71788.97623983814,86158.33479812028,33320.042682674975,37979.15577868676,42738.407160867595,46773.93318239691,50897.512733928525,53111.5336841543,57802.36181210347,66448.54729861586,72613.319407839,94575.18625873265,27850.0,45870.0,27850.0,33870.0,23798.65640848393,36496.63927281559,46394.70431870048,26708.99649710628,32479.14331903236,48401.86018386136,0.0
6526.526526526527,40180.216196037814,48710.096994603715,57170.94582606279,73418.74098329568,36782.03464367179,48974.721430517224,54763.243925810995,39012.685016454714,43641.00052362024,48598.515068169225,53017.81882320948,65786.86057101321,70599.77610792911,95083.343889604,36980.57738952456,44592.559772919005,48982.29278244279,50278.486597149706,53134.596482421635,54652.32280951424,71796.27580119245,86162.88836483558,33252.47251443703,37952.6381327848,42731.65817747506,46762.30038649499,50888.586313167245,53131.096333666545,57863.87715480088,66461.18923964637,72630.88093208004,94585.300815447,27850.0,45870.0,27850.0,33870.0,23763.350371549084,36524.70320379722,46401.946424653695,26693.495530758966,32467.57320081354,48428.93126842749,0.0
6566.566566566567,40179.121179195754,48697.37691244397,57160.29098997103,73443.21091838923,36749.11137474842,48986.57012809724,54784.31849715432,38995.17085229317,43624.781538638934,48594.946068169746,53037.95830784751,65794.98616566855,70593.6174420517,95098.53962533039,36948.506207896586,44566.41231698829,48981.823523537285,50281.029818003604,53163.941551973025,54667.19955499738,71803.6142415473,86167.47278505653,33184.80042931846,37926.01781945425,42724.982763122316,46750.57929372846,50879.51060695698,53150.833105066384,57925.39483944734,66473.85279336973,72648.53949858835,94595.48885094767,27850.0,45870.0,27850.0,33870.0,23728.00561672653,36552.74261350543,46409.25176976805,26677.87564814091,32456.03372962776,48456.09062223133,0.0
6606.606606606607,40178.01640128363,48684.575469040006,57149.63678023925,73467.7713494371,36716.12803919711,48998.341097259196,54805.53086354368,38977.51459672806,43608.63484693353,48591.37697157031,53058.046376828366,65803.16858151156,70587.44509806164,95113.81352836652,36916.36657111898,44540.1990693365,48981.36357834807,50283.546144473126,53193.31969506804,54682.12538405332,71810.99144806883,86172.0881095331,33117.02805231112,37899.29586840383,42718.379318778796,46738.76937646827,50870.292825982244,53170.737862284186,57986.913785278986,66486.53761445225,72666.29472557816,94605.75057046223,27850.0,45870.0,27850.0,33870.0,23692.622673751957,36580.756626671384,46416.62069957666,26662.13678933207,32444.52571669198,48483.33749397595,0.0
6646.646646646648,40176.901794685175,48671.69272072003,57138.98384868001,73492.42163591477,36683.08536768836,49010.034116322364,54826.88051598927,38959.71631168568,43592.56097698732,48587.80750931324,53078.08247568726,65811.40782513801,70581.25952760833,95129.1653735801,36884.15928117495,44513.92070058023,48980.91272209246,50286.03584994853,53222.72859427049,54697.10115543123,71818.40730722487,86176.73438927719,33049.15697387954,37872.473301136466,42711.84626951056,46726.87011341847,50860.93996861547,53190.80465775874,58048.43294212155,66499.24336723547,72684.14622595918,94616.0861803646,27850.0,45870.0,27850.0,33870.0,23657.20206248645,36608.74437621118,46424.05356130238,26646.27890378286,32433.049957558476,48510.67113865867,0.0
6686.686686686688,40175.77729097076,48658.728727317495,57128.332840450385,73517.16114126134,36649.98407984833,49021.648986965134,54848.36693318654,38941.77607786596,43576.5604280301,48584.23741796799,53098.06605551948,65819.70389861305,70575.061186396,95144.5949356074,36851.88512909922,44487.57787035174,48980.470736094576,50288.49920728436,53252.16588010091,54712.12779672124,71825.86170478632,86181.41167556163,32981.18875077556,37845.551130853026,42705.3820639364,46714.88099015645,50851.458823978806,53211.027730026835,58109.95128902918,66511.96972570579,72702.09360736766,94626.49588817025,27850.0,45870.0,27850.0,33870.0,23621.744293140087,36636.70500303213,46431.55070382779,26630.301950365712,32421.607232087314,48538.090817546974,0.0
6726.726726726728,40174.64282088764,48645.68355220379,57117.68439402315,73541.98923288542,36616.82488444485,49033.18553379592,54869.989581759226,38923.69399473602,43560.633670239,48580.666439612076,53117.996572945216,65828.05679934927,70568.85053425294,95160.10198886541,36819.54489512936,44461.17122751207,48980.037407609896,50290.93648867115,53281.62912828583,54727.20630704404,71833.3545258287,86186.12001991892,32913.12490683472,37818.530362364734,42698.985173687644,46702.80149966759,50841.85597549303,53231.40150076002,58171.4678330007,66524.71637346146,72720.1364721987,94636.9799025314,27850.0,45870.0,27850.0,33870.0,23586.249866489765,36664.637655845974,46439.11247766426,26614.2058974219,32410.198304424575,48565.59579815352,0.0
6766.766766766767,40173.498314350196,48632.557262320435,57107.03914115987,73566.90528216951,36583.60847957048,49044.643603921795,54891.74791650773,38905.47018050916,43544.78114495041,48577.09432171487,53137.87349007582,65836.4665199825,70562.62803520281,95175.68630756448,36787.13934885562,44434.701410360496,48979.61252965487,50293.34796551458,53311.11585688853,54742.337759852104,71840.88565473373,86190.85947414004,32844.966933754564,37791.41199201355,42692.654092872115,46690.63114287367,50832.137804826474,53251.92057134109,58232.981607768816,66537.48300367742,72738.27441763988,94647.53843323234,27850.0,45870.0,27850.0,33870.0,23550.719274091505,36692.54149098828,46446.73923492021,26597.99072280345,32398.82392298639,48593.18535421016,0.0
6806.806806806808,40172.343700429876,48619.34992821068,57096.39770688552,73591.90866447394,36550.33555282245,49056.02306651497,54913.641380662564,38887.104772109014,43529.0032648824,48573.52081702372,53157.69627448138,65844.93304824544,70556.39415753765,95191.34766572042,36754.66924936918,44408.16904684019,48979.19590084111,50295.7339083211,53340.62352331968,54757.52330584447,71848.45497519098,86195.63009027325,32776.71629185525,37764.197007600815,42686.387337542445,46678.3694291568,50822.31049616595,53272.579719063535,58294.491672656586,66550.26931906772,72756.50703570675,94658.17169118416,27850.0,45870.0,27850.0,33870.0,23515.152998487287,36720.4156722444,46454.431329268315,26581.65641391027,32387.48482044873,48620.858765640995,0.0
6846.846846846847,40171.17890734513,48606.06162405058,57085.76070946481,73616.99875913949,36517.006781479686,49067.32381237779,54935.66940614251,38868.59792511899,43513.300414368365,48569.945683452854,53177.46439915981,65853.45636683877,70550.14937389438,95207.08583716684,36722.135345408875,44381.57475474019,48978.787325214726,50298.09458659048,53370.1495212275,54772.76417599604,71856.06237019923,86200.43192062294,32708.374410822555,37736.88638832324,42680.18344516805,46666.01587687697,50812.3800407403,53293.3738930268,58355.997111497054,66563.07503184586,72774.83391327935,94668.8798884198,27850.0,45870.0,27850.0,33870.0,23479.551513406637,36748.25937068161,46462.18911591176,26565.20296772237,32376.181713743033,48648.615318534605,0.0
6886.886886886888,40170.0038624512,48592.69242767943,57075.12876038013,73642.17494948923,36483.622832676825,49078.54575350602,54957.83141381715,38849.94981371745,43497.672949601125,48566.368683974564,53197.1773425071,65862.03645330007,70543.89416133256,95222.90059556713,36689.53837550628,44354.9191418938,48978.38661209958,50300.43026871445,53399.69117726725,54788.0616847018,71863.70772206853,86205.26501774827,32639.942690433672,37709.481104716484,42674.04097411214,46653.57001388471,50802.35224153554,53314.29820979382,58417.497031611594,66575.89986368288,72793.25463214026,94679.66323808894,27850.0,45870.0,27850.0,33870.0,23443.915283963077,36776.071764487206,46470.01295154972,26548.630390827133,32364.91530405752,48676.45430511535,0.0
6926.926926926927,40168.81849222961,48579.242420629686,57064.5024643113,73667.4366228294,36450.18436357534,49089.68882265112,54980.126813773524,38831.160630598235,43482.121198887995,48562.78958651299,53216.83458828906,65870.67327987013,70537.62900141523,95238.79171442639,36656.879068129296,44328.20280637313,48977.99357594559,50302.7412218815,53429.245747751105,54803.41723303559,71871.39091242189,86210.1294344619,32571.422501266006,37681.98211860593,42667.95850311221,46641.0313780282,50792.23271814761,53335.347948867406,58478.990562843,66588.74354566337,72811.76876901407,94690.52195445218,27850.0,45870.0,27850.0,33870.0,23408.244766845582,36803.85203881274,46477.90319434168,26531.93869944173,32353.686276844284,48704.37502371399,0.0
6966.966966966967,40167.622722277665,48565.71168815626,57053.882419116584,73692.78317044946,36416.69202153177,49100.75297288175,55002.55500558647,38812.23058687705,43466.64546291632,48559.20816384019,53236.43562561412,65879.36681335687,70531.35438029199,95254.75896710345,36624.15814182407,44301.42633668026,48977.60803618114,50305.02771198742,53458.81041517976,54818.83231212168,71879.11182219673,86215.02522382897,32502.815185389296,37654.39038306379,42661.934630765274,46628.39951765507,50782.02691172622,53356.518548036474,58540.47685663984,66601.6058182396,72830.37589560814,94701.45625287635,27850.0,45870.0,27850.0,33870.0,23372.540410505197,36831.5993856239,46485.86020387091,26515.12791943053,32342.49530183208,48732.37677873739,0.0
7007.007007007007,40166.41647729771,48552.100319265184,57043.2692158157,73718.21398762139,36383.14644426314,49111.73817714458,55025.11537859228,38793.15991198381,43451.24601502967,48555.62419347465,53255.979948907574,65888.11701499672,70525.07078878509,95270.80212682254,36591.3763053553,44274.59031193453,48977.22981706982,50307.29000355143,53488.38228465887,54834.308506617344,71886.87033164728,86219.9524391655,32434.122057041342,37626.706842373525,42655.967975017156,46615.673992108714,50771.74008996866,53377.80559863591,58601.955085188805,66614.48643118347,72849.07557865424,94712.46634982814,27850.0,45870.0,27850.0,33870.0,23336.802655336927,36859.31300355621,46493.88434110687,26498.198086317625,32331.34303304476,48760.45888063762,0.0
7047.047047047048,40165.19968108621,48538.40840674178,57032.66343857418,73743.72847359785,36349.54826000948,49122.644427824955,55047.80731216556,38773.94885354109,43435.9231015143,48552.03745758204,53275.46705788692,65896.92384031322,70518.77872247735,95286.92096668504,36558.534257845015,44247.695302056454,48976.85874757108,50309.528359637654,53517.95838020464,54849.847498301904,71894.66632034602,86224.91113403725,32365.34440328758,37598.93243200005,42650.05717265608,46602.854372219335,50761.377352128766,53399.20484075829,58663.42444059167,66627.38514353687,72867.86737995248,94723.55246286886,27850.0,45870.0,27850.0,33870.0,23301.031933857033,36886.99209777622,46501.97596836676,26481.14924529437,32320.230108825406,48788.620645880226,0.0
7087.087087087088,40163.97225652277,48524.63604717808,57022.06566468935,73769.3260316098,36315.89808769363,49133.47173630765,55070.6301759987,38754.59767722902,43420.67694189605,48548.44774287825,53294.89645753841,65905.78723897328,70512.47868180394,95303.11525968104,36525.63268890964,44220.7418679481,48976.49466120549,50311.74304178162,53547.535640943475,54865.45106976741,71902.49966718585,86229.90136225842,32296.48348466496,37571.0680785661,42644.20087881035,46589.94024078947,50750.943634011055,53420.71215845007,58724.88413408431,66640.30172355998,72886.75085641515,94734.71481064855,27850.0,45870.0,27850.0,33870.0,23265.228670875884,36914.635879848225,46510.135449275884,26463.981451222015,32309.157151865977,48816.861396912005,0.0
7127.127127127128,40162.73412555894,48510.7833409998,57011.476464577834,73795.00606886341,36282.19653707837,49144.22013253774,55093.58333038389,38735.10666663667,43405.50772924694,48544.854840534674,53314.26765809474,65914.70715464037,70506.17117214581,95319.3847787008,36492.672278795464,44193.73056166974,48976.13739592315,50313.93430992168,53577.110917213795,54881.12110820376,71910.37025038211,86234.9231778903,32227.540535810156,37543.11469983459,42638.39776645031,46576.93119307406,50740.44371292446,53442.32357492072,58786.33339529504,66653.2359486779,72905.7255601128,94745.9536128999,27850.0,45870.0,27850.0,33870.0,23229.393283666443,36942.243567606296,46518.363148727265,26446.69476862939,32298.12476924262,48845.180462127995,0.0
7167.1671671671675,40161.485209206774,48496.85039249256,57000.89640176475,73820.7679965359,36248.444208920686,49154.889664582355,55116.66612649696,38715.47612310044,43390.415630501964,48541.25854608567,53333.58017501386,65923.68352482519,70499.85670392666,95335.7292965462,36459.65369851253,44166.66192661338,48975.78679397656,50316.10242233511,53606.680966578875,54896.859609269144,71918.27794747452,86239.97663523981,32158.516766072775,37515.07320469628,42632.64652589432,46563.826837254885,50729.88221257442,53464.03524778833,58847.77147153979,66666.18760542577,72924.7910383211,94757.26909043222,27850.0,45870.0,27850.0,33870.0,23193.526182128553,36969.81438503156,46526.65943283989,26429.289271705704,32287.133552456366,48873.57717583793,0.0
7207.207207207208,40160.2254275274,48482.83730982762,56990.326032874174,73846.6112297708,36214.64169512349,49165.48039819316,55139.87790668335,38695.70636552957,43375.40078678521,48537.65865933807,53352.833528958974,65932.71628073338,70493.53579271282,95352.14858594192,36426.57760996683,44139.5364976726,48975.44270179703,50318.247635578635,53636.24244976244,54912.66868103476,71926.22263532932,86245.06178885832,32089.413360113474,37486.944493163086,42626.94586431868,46550.6267949097,50719.263607875226,53485.843464381906,58909.197627151836,66679.15648939213,72943.94683356868,94768.66146512532,27850.0,45870.0,27850.0,33870.0,23157.627768949078,36997.3475621346,46535.02466891632,26411.76504428844,32276.184077479375,48902.050878232185,0.0
7247.247247247247,40158.95469961919,48468.74420508683,56979.76590762129,73872.53518767269,36180.78957888472,49175.99241637007,55163.2180047452,38675.79773021927,43360.463313745546,48534.054984282906,53372.02724577939,65941.80534711038,70487.20895931579,95368.64241954673,36393.44466609093,44112.35480140915,48975.104969874534,50320.370204433144,53665.79192652106,54928.55054798948,71934.20419014158,86250.17869354006,32020.23147848761,37458.72945636618,42621.29450527152,46537.330701475235,50708.59222966853,53507.74463711715,58970.61114284379,66692.1424051607,72963.19248368632,94780.13095992293,27850.0,45870.0,27850.0,33870.0,23121.69843975812,37024.842334842906,46543.45922539898,26394.12217984638,32265.27690480654,48930.60091534708,0.0
7287.287287287289,40157.67294360603,48454.57119428711,56969.21656880595,73898.53929330088,36146.88843484378,49186.425818926415,55186.6857462298,38655.75057065142,43345.603301901196,48530.44732900904,53391.1608564926,65950.9506420831,70480.87672989821,95385.21056996439,36360.25551097293,44085.11735621611,48974.773452641384,50322.47038185259,53695.3258514707,54944.507555088116,71942.22248743713,86255.32740432103,31950.972258214602,37430.42897655903,42615.69118819073,46523.93820670488,50697.872269335916,53529.73529895948,59032.01131510055,66705.14516625094,72982.52752185725,94791.67779882663,27850.0,45870.0,27850.0,33870.0,23085.738583281247,37052.2979448932,46551.96347182556,26376.36078145782,32254.412579512376,48959.2266390298,0.0
7327.327327327328,40156.38007662518,48440.31839740426,56958.67855230784,73924.6229736627,36112.93882922547,49196.78072205576,55210.28044871877,38635.56525728374,43330.820816993306,48526.835505618976,53410.23389726729,65960.15207699902,70474.53963608277,95401.8528097549,36327.01077998385,44057.82467247795,48974.44800835906,50324.54841891679,53724.84056988734,54960.5421718228,71950.27740207507,86260.50797647715,31881.636813333225,37402.04392712544,42610.13466792535,46510.448975120264,50687.107783296175,53551.81209898533,59093.3974556004,66718.16459505698,73001.9514766681,94803.30220688875,27850.0,45870.0,27850.0,33870.0,23049.748581488057,37079.71363972867,46560.537778783284,26358.480961784015,32243.59163131327,48987.927406902716,0.0
7367.367367367368,40155.076014815044,48425.985938396116,56948.15238708285,73950.78565970596,36078.94131998143,49207.05725790077,55234.001422117784,38615.24217732733,43316.11590034785,48523.21933014643,53429.24590940726,65969.40955626163,70468.19821506448,95418.56891144502,36293.711099903325,44030.4772527272,48974.12849900863,50326.60456478775,53754.33231350595,54976.656996293874,71958.36880825006,86265.72046552316,31812.226235443315,37373.575172591285,42604.62371426074,46496.8626864569,50676.302697380495,53573.971798051105,59154.7688906633,66731.20052278532,73021.46387216137,94815.00441020614,27850.0,45870.0,27850.0,33870.0,23013.728809736953,37107.088672400794,46569.18251786226,26340.482843037793,32232.81457463483,49016.70258232737,0.0
7407.407407407408,40153.76067330285,48411.5739452251,56937.63859516107,73977.02678631099,36044.896456929026,49217.25557412428,55257.84796894669,38594.78173451316,43301.4885692458,48519.59862247597,53448.19643933642,65978.72297716307,70461.85300972621,95435.35864753935,36260.357089043784,44003.07559179795,48973.81479018426,50328.63906666983,53783.79719634607,54992.85475925244,71966.49657949453,86270.96492721111,31742.741594234034,37345.02356864129,42599.157111447465,46483.17903610406,50665.46081107986,53596.21126457595,59216.1249607245,66744.2527893915,73041.0642278885,94826.78463591289,27850.0,45870.0,27850.0,33870.0,22977.67963691643,37134.422301476,46577.89806160757,26322.36655694757,32222.081908684413,49045.551534368016,0.0
7447.447447447448,40152.43396619194,48397.08254988016,56927.137691646174,74003.34579228173,36010.8047818879,49227.37583348276,55281.81938462933,38574.18434884793,43286.938817301045,48515.973206264534,53467.085038584555,65988.09222971338,70455.50456875774,95452.2217905308,36226.94935737292,43975.62017697624,48973.50675098988,50330.652169772875,53813.23121059603,55009.13832808195,71974.6605886812,86276.24141752887,31673.183937999052,37316.38996213917,42593.73365773313,46469.39773553812,50654.58580166156,53618.52747044437,59277.46501983199,66757.32124351512,73060.75205896399,94838.64311217346,27850.0,45870.0,27850.0,33870.0,22941.60142558282,37161.71379094664,46586.68478347054,26304.132244716635,32211.394117528653,49074.47363775471,0.0
7487.487487487488,40151.09580654914,48382.51188839802,56916.6501847162,74029.74212033665,35976.66682881404,49237.418213402634,55305.91495778334,38553.45045635958,43272.46661484593,48512.3429088646,53485.911263774076,65997.5171964665,70449.15344677807,95469.15811291119,36193.488506634654,43948.11148814742,48973.20425393892,50332.64411727898,53842.63022259399,55025.51071068176,71982.86070802566,86281.5499926986,31603.554294139012,37287.675191152,42588.352164898155,46455.5185127501,50643.6812281521,53640.91748703182,59338.78843516643,66770.40574241425,73080.52687612035,94850.58006817577,27850.0,45870.0,27850.0,33870.0,22905.494532094675,37188.96241014659,46595.54305775874,26285.780056977914,32200.75167017598,49103.468272846105,0.0
7527.527527527528,40149.74610639169,48367.86210088391,56906.176575625665,74056.21521709871,35942.483123931524,49247.38290555935,55330.13397050911,38532.58050883301,43258.071909323706,48508.70756124947,53504.67467660758,66006.9977523427,70442.80020446178,95486.16738718175,36159.975130468425,43920.54999794034,48972.90717485719,50334.61515031208,53871.98996894849,55041.97505920964,71991.0968090887,86286.89070917516,31533.853669651362,37258.88008497792,42583.011457794106,46441.54111266652,50632.7505351856,53663.37848135582,59400.094586582345,66783.50615189868,73100.38818576414,94862.59573412345,27850.0,45870.0,27850.0,33870.0,22869.359306743874,37216.16743367112,46604.473259585015,26267.310153744114,32190.155020663966,49132.53482559192,0.0
7567.5675675675675,40148.38477667415,48353.1333315316,56895.71735870914,74082.76453308508,35908.25418586194,49257.27011545995,55354.47569867811,38511.574973536466,43243.75462568792,48505.06699794001,53523.37484385624,66016.53376444764,70436.44540866833,95503.24938586337,36126.409814526945,43892.936171868656,48972.615392788284,50336.56550791045,53901.30605284733,55058.534673634276,71999.36876277908,86292.26362364496,31464.083051608137,37230.005464177586,42577.710373885464,46427.465297564144,50621.797056718184,53685.90771235408,59461.38286616902,66796.62234626185,73120.33549003264,94874.69034122888,27850.0,45870.0,27850.0,33870.0,22833.196093883475,37243.3281413011,46613.47576481543,26248.7227043535,32179.604608151476,49161.672687495025,0.0
7607.607607607608,40147.01172727512,48338.32572864274,56885.27302138606,74109.38952269606,35873.980525751474,49267.080062028515,55378.93941222,38490.43433293872,43229.514666808034,48501.42105693334,53542.01133734899,66026.12509188811,70430.0896325759,95520.40388150697,36092.793136592365,43865.27046846917,48972.328789902254,50338.49542700221,53930.57394061061,55075.19300504342,72007.676439356,86297.668793024,31394.243407621667,37201.0521406085,42572.447762794065,46413.29084747806,50610.82401960826,53708.502527289835,59522.652677830665,66809.75420821263,73140.36828685117,94886.86412170513,27850.0,45870.0,27850.0,33870.0,22797.0052320525,37270.443817931344,46622.55095001617,26230.01788741121,32169.100857015517,49190.88125557327,0.0
7647.647647647647,40145.626866983526,48323.43944464575,56874.84404416708,74136.08964420366,35839.662647395846,49276.812977195805,55403.52437540835,38469.159084418,43215.35191388099,48497.76957963305,53560.5837339625,66035.77158558354,70423.73345581838,95537.63064670346,36059.12566669086,43837.553339437305,48972.04725140655,50340.405142383126,53959.78895854876,55091.95365864492,72016.019708432,86303.10627445651,31324.33568629877,37172.02091746273,42567.22248584638,46399.01756060305,50599.834547065286,53731.16035828396,59583.903436883935,66822.9016288054,73160.48606999163,94899.11730875887,27850.0,45870.0,27850.0,33870.0,22760.787054097636,37297.51375350312,46631.69919239925,26211.195890726296,32158.64417695263,49220.159932321076,0.0
7687.687687687689,40144.23010348506,48308.47463611393,56864.43090066139,74162.86435973961,35805.30104736289,49286.46910549215,55428.22984714496,38447.749739962775,43201.26622684844,48494.11241078119,53579.09161561186,66045.47308807445,70417.3774646273,95554.92945409397,36025.40796720565,43809.78522975968,48971.77066545993,50342.29488669729,53988.94629019617,55108.82039639236,72024.39843897546,86308.57612531341,31254.360817683468,37142.91258930729,42562.03341562336,46384.64525368849,50588.831661968434,53753.87871897292,59645.134569672504,66836.06450737038,73180.68832913131,94911.45013658184,27850.0,45870.0,27850.0,33870.0,22724.54188729204,37324.537242940656,46640.92086976731,26192.256911244483,32148.234963084753,49249.50812567076,0.0
7727.727727727729,40142.82134334822,48293.431463783025,56854.034057585784,74189.71313528296,35770.89621511308,49296.04870364479,55453.05508124212,38426.20682586476,43187.25744481885,48490.44939839175,53597.534569241994,66055.22943332663,70411.02225197628,95572.30007637972,35991.64059298855,43781.966577844025,48971.49892308896,50344.16489041988,54018.04097399587,55125.79713915836,72032.81249931364,86314.07840319071,31184.31971368868,37113.727942127596,42556.8794355126,46370.17376242645,50577.818290058356,53776.655201290516,59706.34551319732,66849.24275144242,73200.9745499127,94923.86284034337,27850.0,45870.0,27850.0,33870.0,22688.270053451208,37351.513586091605,46650.21636045718,26173.201154976814,32137.87359606956,49278.92524895363,0.0
7767.767767767768,40141.400492010114,48278.310092568165,56843.65397477463,74216.63544064708,35736.448633117856,49305.552040179115,55477.99932670302,38404.53088240525,43173.32538649468,48486.78039368583,53615.91218681971,66065.04044653161,70404.66841773126,95589.74228633163,35957.824091469854,43754.09781564617,48971.2319181066,50346.01538184246,54047.06790152013,55142.88796837164,72041.26175713543,86319.61316590771,31114.213268517076,37084.467753373014,42551.75943926296,46355.60294183271,50566.79726300475,53799.48747237212,59767.53571476194,66862.43627668972,73221.34421400371,94936.35565618199,27850.0,45870.0,27850.0,33870.0,22651.971869046083,37378.442087671436,46659.586043282485,26154.028836924204,32127.56044221491,49308.410720860884,0.0
7807.807807807809,40139.96745376216,48263.110691580216,56833.291105191274,74243.63074946635,35701.95877697582,49314.97939502429,55503.061827999874,38382.72246353419,43159.46985060348,48483.1052510283,53634.22406532654,66074.90594390323,70398.31656880387,95607.25585680037,35923.95900276683,43726.17936879468,48970.96954703369,50347.84658706025,54076.02181631896,55160.09712702578,72049.74607949414,86325.18047150562,31044.042359071325,37055.13279200536,42546.672330541114,46340.932666621185,50555.7713213534,53822.37327157795,59828.70463163181,66875.64500684195,73241.79679915884,94948.9288211971,27850.0,45870.0,27850.0,33870.0,22615.647645313435,37405.32205721153,46669.03029747504,26134.740180998026,32117.29585359765,49337.96396540433,0.0
7847.847847847848,40138.52213173549,48247.83343414139,56822.945894940785,74270.69853918233,35667.427115526945,49324.3310591236,55528.24182534945,38360.7821365438,43145.69061633307,48479.42382786594,53652.46980675202,66084.82573246984,70391.9673193096,95624.84056072577,35890.04585979059,43698.21165671241,48970.71170902255,50349.658729961535,54104.897313496054,55177.42901996018,72058.26533281078,86330.78037824588,30973.807845354106,37025.723818549304,42541.61702249002,46326.1628315711,50544.74311735612,53845.31040763321,59889.85173070719,66888.8688736179,73262.33177928047,94961.58257344065,27850.0,45870.0,27850.0,33870.0,22579.297688363593,37432.1528090111,46678.549502625305,26115.33541993681,32107.080168186236,49367.584411876946,0.0
7887.8878878878895,40137.06442788628,48232.478497800475,56812.618783283666,74297.83829102959,35632.85411096462,49333.607334049215,55553.53855498615,38338.71048173584,43131.98744377011,48475.73598466711,53670.6490180877,66094.79960986273,70385.6212907302,95642.49617114631,35856.08518835153,43670.19509273594,48970.4583057829,50351.45203221898,54133.68884011985,55194.88821330575,72066.81938287664,86336.41294460837,30903.510570857994,36996.241585145115,42536.59243728923,46311.293351887325,50533.715217687626,53868.296755882024,59950.976488208296,66902.10781665267,73282.94862448124,94974.31715190841,27850.0,45870.0,27850.0,33870.0,22542.922299285587,37458.93366209271,46688.1440386217,26095.814795219158,32096.91370996751,49397.27149481333,0.0
7927.927927927929,40135.59424298065,48217.04606434728,56802.31020265103,74325.04949002102,35598.24021894582,49342.808531621995,55578.95124943218,38316.50809208417,43118.36007434154,48472.04158486279,53688.761311321694,66104.8273641001,70379.27911208107,95660.22246120864,35822.077507263275,43642.13008423217,48970.20924150988,50353.22671328286,54162.3906965833,55212.479432981796,72075.40809485693,86342.07822928978,30833.151362945613,36966.68683560323,42531.597505716825,46296.32416355363,50522.690106052985,53891.330255651934,60012.07838937291,66915.36178342492,73303.64680114662,94987.13279653132,27850.0,45870.0,27850.0,33870.0,22506.521774249777,37485.663940161416,46697.8142855888,26076.178556972965,32086.796789077114,49427.02465394992,0.0
7967.967967967969,40134.11147657955,48201.53631982654,56792.02057866091,74352.331624933,35563.58588869925,49351.93497353619,55604.47913776456,38294.17557289236,43104.80823125877,48468.34049478913,53706.80630343377,66114.90877336657,70372.9414200826,95678.01920417679,35788.02332844514,43614.01703271258,48969.96442281449,50354.982990375895,54190.99703903323,55230.20756212337,72084.03133329336,86347.77629120198,30762.73103322018,36937.06030546087,42526.631166712425,46281.2552236787,50511.670185690076,53914.40890772527,60073.15692816471,66928.63072918341,73324.4257719979,95000.0297481665,27850.0,45870.0,27850.0,33870.0,22470.09640460807,37512.342971567356,46707.56062382458,26056.426963881084,32076.72970193366,49456.84333418526,0.0
8008.008008008009,40132.61602702335,48185.94945455126,56781.75033013562,74379.68418828977,35528.8915631315,49360.98699098929,55630.121445879224,38271.713541447076,43091.33161996382,48464.6325836313,53724.78361639097,66125.04360578852,70366.60885933702,95695.88617344135,35753.92315702311,43585.85633394497,48969.72375865575,50356.72107848995,54219.50188299392,55248.077637314316,72092.68896210773,86353.50718947023,30692.250377886772,36907.362722040365,42521.69236694158,46266.08651083514,50500.657781770744,53937.5307719148,60134.211606992554,66941.91461687391,73345.28499615594,95013.0082485882,27850.0,45870.0,27850.0,33870.0,22433.64647699171,37538.97008927186,46717.383433736424,26036.56028308346,32066.71273137646,49486.726985540074,0.0
8048.048048048049,40131.1077914161,48170.28566311542,56771.499869120446,74407.10667634803,35494.15767893143,49369.96492431701,55655.877396751544,38249.12262666776,43077.92992857722,48460.917723368635,53742.69287714365,66135.23161920461,70360.28208250954,95713.82314252858,35719.77749142943,43557.64837806298,48969.487160275254,50358.441190384096,54247.89910831454,55266.09484349732,72101.38084460492,86359.27098343144,30621.710178104473,36877.594804508924,42516.78006036131,46250.81802539142,50489.65514370498,53960.69396473927,60195.24193643992,66955.2134170658,73366.22392920521,95026.06854047862,27850.0,45870.0,27850.0,33870.0,22397.1722734068,37565.54463081693,46727.28309577628,26016.578790075997,32056.746146806734,49516.67506311727,0.0
8088.088088088089,40129.586665609764,48154.54514440623,56761.26960090337,74434.59858908063,35459.38466667256,49378.86912263391,55681.74621069353,38226.40346875301,43064.602828347284,48457.19578872123,53760.533717622166,66145.47256093202,70353.9617505149,95731.8298851094,35685.58682350071,43529.393549673085,48969.25454113329,50360.143536584335,54276.18246556938,55284.264507430315,72110.10684347642,86365.06773263251,30551.11120032969,36847.75726394019,42511.89320778618,46235.44978983667,50478.66444735209,53983.8966571962,60256.24743500364,66968.52710787876,73387.24202325803,95039.21086741853,27850.0,45870.0,27850.0,33870.0,22360.674071327514,37592.0659382979,46737.25999037459,25996.482768606056,32046.830204332025,49546.68702706192,0.0
8128.128128128129,40128.05254418805,48138.728101615576,56751.059924036,74462.15943016035,35424.57295091371,49387.699943479034,55707.72710560724,38203.55671882397,43051.349974099976,48453.466657097735,53778.30577473377,66155.76616752741,70347.64853270882,95749.90617500828,35651.35163857462,43501.09222795944,48969.02581684721,50361.82832538446,54304.34558404192,55302.59208956059,72118.86682080339,86370.8974968284,30480.454196650848,36817.85080337688,42507.03077645501,46219.9818490983,50467.68779714294,54007.137072627665,60317.22762884178,66981.85567490954,73408.3387270195,95052.43547387756,27850.0,45870.0,27850.0,33870.0,22324.152143787178,37618.53335833957,46747.31449787325,25976.27251056487,32036.965146913895,49576.76234252124,0.0
8168.168168168168,40126.50532045016,48122.834742251216,56740.87123035552,74489.7887069431,35389.722950297786,49396.45775246762,55733.819297234586,38180.583038565725,43038.171004689524,48449.73020854434,53796.008690360104,66166.11216454371,70341.34310708471,95768.05178621196,35617.072415585266,43472.74478678639,48968.800905131386,50363.49576284859,54332.38198141641,55321.08317419101,72127.6606380604,86376.7603359805,30409.739905114657,36787.876117894986,42502.19173959815,46204.41427085265,50456.72722811718,54030.41348467626,60378.182051529904,66995.19911115902,73429.51348585247,95065.7426052047,27850.0,45870.0,27850.0,33870.0,22287.60675946717,37644.94624207528,46757.446998457555,25955.948315876958,32027.15120451862,49606.90047960442,0.0
8208.208208208209,40124.944886394034,48106.86527814712,56730.70390500777,74517.48593045106,35354.83507764881,49405.14292294802,55760.02199940318,38157.48309986627,43025.06554344874,48445.986325695165,53813.64211135498,66176.51026628132,70335.04616047541,95786.26649287809,35582.74962715702,43444.35159479895,48968.57972573913,50365.14605281477,54360.28507529633,55339.74345782037,72136.48815611869,86382.65631025471,30338.969050044198,36757.83389466888,42497.37507600478,46188.74714582878,50445.784707879386,54053.72421532747,60439.11024382559,67008.55741695937,73450.76574184313,95079.13250761834,27850.0,45870.0,27850.0,33870.0,22251.038182783726,37671.30394512925,46767.65787208703,25935.510492386573,32017.38859427086,49637.10091334257,0.0
8248.248248248248,40123.371132699765,48090.81992547345,56720.55832647151,74545.25061535524,35319.909740067225,49413.755835664655,55786.33442426811,38134.25758445455,43012.03319863925,48442.23489372367,53831.20568954257,66186.96017553477,70328.75838876133,95804.55006934387,35548.383739697136,43415.91301552093,48968.36220040619,50366.77939689957,54388.04819665567,55358.57873555114,72145.3492352498,86388.58548001957,30268.142342349,36727.72481303776,42492.57976959029,46172.98058810505,50434.86213847788,54077.06763303514,60500.011753440296,67021.93059990194,73472.09493386635,95092.60542819632,27850.0,45870.0,27850.0,33870.0,22214.446673972776,37697.605827601925,46777.94749842531,25914.95935574137,32007.677520610025,49667.3631236486,0.0
8288.28828828829,40121.783948712386,48074.698904746045,56710.43486658339,74573.08227995815,35284.94733902349,49422.296878426685,55812.755782549815,38110.907183537085,42999.07356390059,48438.47580029529,53848.69908171591,66197.46158333392,70322.48049708268,95822.90229013446,35513.97521348691,43387.42940745115,48968.148252796025,50368.39599450421,54415.664605313985,55377.59488547417,72154.243735129,86394.54790584458,30197.260479827415,36697.549544572736,42487.80480896325,46157.11473539902,50423.96135820988,54100.442150926705,60560.886134818444,67035.31867476496,73493.50049765187,95106.16161486565,27850.0,45870.0,27850.0,33870.0,22177.832489172735,37723.851254058245,46788.316256769016,25894.295229273448,31998.01817544942,49697.68659527713,0.0
8328.328328328329,40120.18322242464,48058.502440835124,56700.33389056443,74600.98044617579,35249.94827044998,49430.7664457825,55839.2852837675,38087.432597434105,42986.1862186985,48434.708935521296,53866.12194963572,66208.01416868009,70316.2132000589,95841.32292997137,35479.52450277154,43358.901124157426,48967.9378084466,50369.99604282133,54443.127507505866,55396.79785095998,72163.17151483914,86400.54364849815,30126.324147461342,36667.30875314532,42483.04918699222,46141.14974935083,50413.08414335681,54123.846225085246,60621.73294892337,67048.72166344241,73514.9818658503,95119.80131639211,27850.0,45870.0,27850.0,33870.0,22141.195880505446,37750.039593518944,46798.76452597561,25873.51844387779,31988.410738337752,49728.07081778445,0.0
8368.36836836837,40118.56884045935,48042.230762973784,56690.25575704712,74628.94463951973,35214.912924831224,49439.16493870031,55865.92213646846,38063.83453521563,42973.370728771326,48430.934191913606,53883.47396002954,66218.61759827663,70309.95722201261,95859.81176378061,35445.03205584866,43330.32851436877,48967.73079471901,50371.57973684299,54470.43007558766,55416.193620812905,72172.1324328742,86406.57276894583,30055.334017703553,36637.00309499611,42478.31190037158,46125.08581579943,50402.23220985288,54147.27835290461,60682.55176302942,67062.13959487327,73536.53846809927,95133.52478236986,27850.0,45870.0,27850.0,33870.0,22104.537096155178,37776.170219454616,46809.29268439021,25852.629337888306,31978.855376623233,49758.51528548846,0.0
8408.40840840841,40116.94068805171,48025.88410476575,56680.20081810374,74656.97438907881,35179.84168729257,49447.49276425448,55892.66554845295,38040.11371433767,42960.626646574725,48427.151464340895,53900.75478459113,66229.2715262543,70303.71329720036,95878.36856670091,35410.498315155506,43301.7119220654,48967.52714074725,50373.14726936948,54497.56546989523,55435.788207275786,72181.12634714309,86412.63532834832,29984.290750757948,36606.6332188046,42473.59194918672,46108.923145052846,50391.40721489046,54170.73707151528,60743.342150520184,67075.57250497109,73558.16973109022,95147.33226321063,27850.0,45870.0,27850.0,33870.0,22067.856380445846,37802.242509782605,46819.90110977155,25831.62825695156,31969.352245619713,49789.01949742872,0.0
8448.44844844845,40115.29864903108,48009.46270419279,56670.16941927555,74685.06922750059,35144.73493768725,49455.75033531816,55919.51472699459,38016.270860279015,42947.9535117239,48423.360649985494,53917.964099979996,66239.97559389086,70297.48217004896,95896.99311409175,35375.923717354905,43273.05168656686,48967.32677738971,50374.69883101902,54524.52686272703,55455.58762190932,72190.15311497342,86418.73138805969,29913.19499485267,36576.19976575953,42468.88833647797,46092.661972151895,50380.61075846561,54194.22095627755,60804.10369069234,67089.02043655512,73579.87507863443,95161.22401013295,27850.0,45870.0,27850.0,33870.0,22031.153973916444,37828.255846866654,46830.59017921691,25810.515553898298,31959.9014887751,49819.582957326595,0.0
8488.488488488489,40113.642605802816,47992.966803621486,56660.16189960298,74713.22869097271,35109.59305068183,49463.93807026181,55946.46887905636,37992.30670617915,42935.350851433366,48419.56164830162,53935.101587821344,66250.72942932505,70291.26459539816,95915.68518154131,35341.308693419865,43244.348142618575,48967.129637182225,50376.23461023839,54551.30746438682,55475.59784941361,72199.2125931154,86424.86100962514,29842.04738650651,36545.70336962969,42464.20006780313,46076.30255712767,50369.844384866716,54217.728619339105,60864.835968564585,67102.48343928152,73601.65393173008,95175.200275151,27850.0,45870.0,27850.0,33870.0,21994.430113394737,37854.20961751918,46841.360269086086,25789.29158861297,31950.50323784167,49850.205173545364,0.0
8528.52852852853,40111.972439329555,47976.39664980976,56650.17859165673,74741.45231920392,35074.41639584023,49472.056392657876,55973.52721150189,37968.2219924776,42922.81818095357,48415.75436097441,53952.16693470605,66261.53264726492,70285.06133874928,95934.44454487419,35306.65366871696,43215.60162047598,48966.935654292116,50377.75479331397,54577.90055117101,55495.824819504865,72208.30463774587,86431.0242547793,29770.8485507886,36515.14465683537,42459.52615079865,46059.8451852533,50359.10958410904,54241.25870825467,60925.53857469191,67115.96156957617,73623.5057086288,95189.26131106348,27850.0,45870.0,27850.0,33870.0,21957.685032069276,37880.10321300618,46852.21175492455,25767.956727901266,31941.157613048268,49880.88565905047,0.0
8568.56856856857,40110.28802911248,47959.75249391265,56640.21982156992,74769.73965540493,35039.20533770611,49480.105730991636,56000.68893130224,37944.01746655481,42910.355004004305,48411.938691880074,53969.159832190875,66272.38484868992,70278.8731765206,95953.27098015934,35271.95906308842,43186.81244598732,48966.74476447396,50379.259564383974,54604.29949513676,55516.27437701344,72217.42910447199,86437.22118544416,29699.59910157165,36484.52424652017,42454.865594738825,46043.29016728965,50348.40779331839,54264.80990466455,60986.21110498388,67129.45489056807,73645.42982490241,95203.40737144233,27850.0,45870.0,27850.0,33870.0,21920.918959559778,37905.9360290547,46863.145011385524,25746.51134535586,31931.86472327418,49911.62393136996,0.0
8608.608608608609,40108.58925317199,47943.03459148787,56630.28590907081,74798.09024626932,35003.96023588391,49488.086518378084,56027.953245738,37919.69388237537,42897.96081320444,48408.114547046884,53986.079976798785,66283.28562054766,70272.70089630928,95972.16426371755,35237.225290933115,43157.98094067462,48966.55690502646,50380.749105450945,54630.49779543101,55536.95225042131,72226.58584833558,86443.45186372698,29628.299641778955,36453.842750623,42450.21741009298,46026.63783972584,50337.74039806656,54288.38092302985,61046.853160528,67142.96347202416,73667.42569350972,95217.63871062099,27850.0,45870.0,27850.0,33870.0,21884.132121985876,37931.707465862775,46874.16041215135,25724.955821220487,31922.624666224663,49942.41951255485,0.0
8648.648648648648,40106.875988028514,47926.243202500824,56620.37716751689,74826.50364195378,34968.68144511836,49495.999192284995,56055.31936259664,37895.252000133616,42885.63509049774,48404.28183461726,54002.927070019476,66294.23453544377,70266.54529715917,95991.12417212891,35202.45276128612,43129.10742181273,48966.37201475073,50382.223596395095,54656.48911090616,55557.864019113695,72235.774723817,86449.71635191851,29556.950763625136,36423.100773950595,42445.58060808027,46009.88856501402,50327.10873366069,54311.97050942165,61107.46434741636,67156.48739028542,73689.49272486317,95231.95558368272,27850.0,45870.0,27850.0,33870.0,21847.324742034354,37957.4169281118,46885.25832985385,25703.29054225244,31913.437528607807,49973.27192913975,0.0
8688.68868868869,40105.14810868266,47909.37859132918,56610.49390392936,74854.9793960588,34933.36931537258,49503.84419426217,56082.78649036524,37870.6925859019,42873.37730757448,48400.44046481068,54019.70081830991,66305.23115132627,70260.40718983632,96010.15048224047,35167.641877897266,43100.19220250682,48966.19003390959,50383.68321498814,54682.267293693134,55579.015079675126,72244.9955848394,86456.01471249052,29485.553048851063,36392.29891425016,42440.95420022237,45993.042731799724,50316.514086389674,54335.577440361936,61168.04427657651,67170.02672820404,73711.63032689565,95246.35824644884,27850.0,45870.0,27850.0,33870.0,21810.497039024805,37983.06382498125,46896.439135993955,25681.515901583618,31904.303386312826,50004.18071210355,0.0
8728.728728728729,40103.40548859537,47892.44102676712,56600.636419028786,74883.51706560871,34898.02419190482,49511.62196967681,56110.35383841836,37846.016411282086,42861.18692628859,48396.590349887454,54036.40093309501,66316.27501116329,70254.28739711037,96029.24297117325,35132.79303930841,43071.23559176833,48966.010904188224,50385.128136907646,54707.82642334848,55600.41061161181,72254.24828477294,86462.3470080942,29414.107068952835,36361.437762282214,42436.33719789285,45976.100755146836,50305.95769472952,54359.20052171398,61228.59256360549,67183.58157508264,73733.83790512716,95260.84695546649,27850.0,45870.0,27850.0,33870.0,21773.649228973874,38008.64757016572,46907.703200860415,25659.63229858029,31895.222304589475,50035.14539683023,0.0
8768.76876876877,40101.647999667555,47875.4307820291,56590.80500727138,74912.11621103194,34862.646415343756,49519.332967454946,56138.0206172013,37821.224253060274,42849.06339906987,48392.73140411351,54053.0271307683,66327.36564261453,70248.18675404374,96048.40141632977,35097.906638929504,43042.23789458897,48965.83456865617,50386.55853575189,54733.16084114522,55622.05554293164,72263.53267643886,86468.71330155773,29342.613385405162,36330.51790189341,42431.728611863924,45959.06307675858,50295.44075051009,54382.838587619786,61289.108828607226,67197.15202661412,73756.11486273125,95275.4219679964,27850.0,45870.0,27850.0,33870.0,21736.781524658,38034.16758189424,46919.05089344776,25637.640138701652,31886.1943382285,50066.16552306985,0.0
8808.80880880881,40099.87551221967,47858.348134753236,56580.99995688627,74940.77639614083,34827.23632176252,49526.97763982913,56165.78603840835,37796.31689286534,42837.006169331406,48388.863543725965,54069.57913269276,66338.50255769637,70242.1061082872,96067.6255954009,35062.98306511363,43013.19941201362,48965.66097172977,50387.97458305527,54758.26518403474,55643.95451605454,72272.8486121142,86475.11365588426,29271.07254987923,36299.53991008968,42427.12745184987,45941.93016519412,50284.964400045224,54406.490499482694,61349.59269603272,67210.73818482418,73778.46060060152,95290.08354200068,27850.0,45870.0,27850.0,33870.0,21699.894135674775,38059.62328295171,46930.48258137352,25615.53983335728,31877.21953174309,50097.24063489963,0.0
8848.84884884885,40098.08789497077,47841.19336700441,56571.22154991323,74969.49718811159,34791.794242751384,49534.55644209205,56193.64931515655,37771.29511683121,42825.0146718717,48384.98668689946,54086.05666520154,66349.68525244009,70236.0463203828,96086.91528637319,35028.02270123077,42984.12044121123,48965.490059136544,50389.37644830393,54783.13441777536,55666.11185455655,72282.19594353568,86481.5481342499,29199.48510445517,36268.50435710915,42422.532726046986,45924.702516081496,50274.52974522837,54430.155144993194,61410.043794522804,67224.340158015,73800.87451741807,95304.83193612978,27850.0,45870.0,27850.0,33870.0,21662.98726850294,38085.014100702494,46941.998630794566,25593.331799763684,31868.297919551038,50128.370280685274,0.0
8888.888888888889,40096.28501501742,47823.96676527688,56561.47006224167,74998.27815746402,34756.32050548911,49542.06983235634,56221.609662154544,37746.15971526352,42813.08833327114,48381.10075371344,54102.459459598715,66360.91320654395,70230.0082640739,96106.27026753535,34993.02592574054,42955.001275544564,48965.321777879995,50390.76429895206,54807.763868702896,55688.53153127403,72291.57452190449,86488.01680000141,29127.8515818293,36237.411806495125,42417.94344066957,45907.38065232686,50264.13784459545,54453.83143719572,61470.46175675334,67237.95806071098,73823.35600971349,95319.66740971016,27850.0,45870.0,27850.0,33870.0,21626.061126561035,38110.33946711607,46953.59940632289,25571.016460799976,31859.429526157644,50159.554013042376,0.0
8928.92892892893,40094.46673781231,47806.66862049664,56551.74576364992,75027.11887804112,34720.81543281308,49549.51827132034,56249.66629586658,37720.91148231041,42801.22657228297,48377.20566612016,54118.787252160066,66372.18588301816,70223.99282662265,96125.69031748555,34957.99311226375,42925.84220463823,48965.15607620581,50392.13830043822,54832.14925361063,55711.21713829868,72300.98419789062,86494.51971665409,29056.17250551635,36206.262815168986,42413.35859948244,45889.96512432096,50253.78971435713,54477.51831359497,61530.84621928267,67251.5920136066,73845.90447193888,95334.59022273096,27850.0,45870.0,27850.0,33870.0,21589.115910264747,38135.5988187947,46965.285270940556,25548.594244862867,31850.61436633914,50190.791388797996,0.0
8968.96896896897,40092.632927142455,47789.29922802347,56542.048917845415,75056.01892698868,34685.27934328815,49556.90222203992,56277.818434671935,37695.551215638334,42789.42880021839,48373.3013479135,54135.03978413377,66383.50272782326,70218.00090913486,96145.17521513788,34922.92462965291,42896.64351444543,48964.99290356861,50393.49861620224,54856.28670721511,55734.17185938863,72310.42482163737,86501.05694788971,28984.448390046597,36175.05793350311,42408.77720332858,45872.45651014261,50243.48632940158,54501.21473529952,61591.196822400685,67265.24214351631,73868.51929652983,95349.60063583113,27850.0,45870.0,27850.0,33870.0,21552.151817082977,38160.791597002964,46977.056585914055,25526.06558572102,31841.852445326538,50222.08196895244,0.0
9009.009009009009,40090.78344510712,47771.85888765256,56532.3797825057,75084.97788473463,34649.71255127428,49564.22214970623,56306.065299019494,37670.07971611227,42777.69442132547,48369.387724698536,54151.216801741,66394.86316950177,70212.03342689209,96164.72473972886,34887.82084206165,42867.4054873132,48964.8322106003,50394.84540770237,54880.17280670669,55757.39844529563,72319.89624276615,86507.62855755401,28912.6797411583,36143.79770539327,42404.19824965288,45854.85541575983,50233.228624269905,54524.91968620167,61651.51320997963,67278.90858332685,73891.19987397187,95364.69891028584,27850.0,45870.0,27850.0,33870.0,21515.169041592686,38185.91724769929,46988.913710708024,25503.43092236892,31833.1437589898,50253.42531864128,0.0
9049.04904904905,40088.91815209559,47754.34790361594,56522.73860931989,75113.99533496858,34614.11536699297,49571.47852142935,56334.40611157767,37644.49778748139,42766.0228331619,48365.464723861805,54167.318056176555,66406.26661880259,70206.09130969143,96184.33867082428,34852.682109013105,42838.12840204634,48964.67394907873,50396.178834432605,54903.80459292427,55780.899192469355,72329.39831038081,86514.23460965478,28840.86705598536,36112.482668331206,42399.62073202082,45837.16247522921,50223.01749410546,54548.63217219121,61711.795029326226,67292.59147195156,73913.94559286578,95379.88530799317,27850.0,45870.0,27850.0,33870.0,21478.167775532536,38210.97522156916,47000.857002898294,25480.690698880404,31824.488294022172,50284.821007097424,0.0
9089.08908908909,40087.03690676436,47736.766584583645,56513.12564403102,75143.070864621,34578.488096592526,49578.671806027814,56362.84009737965,37618.806236069744,42754.413426961386,48361.53227454236,54183.34330360922,66417.71246829895,70200.17550219287,96204.01678832545,34817.508785467166,42808.81253397,48964.51807189757,50397.49905394033,54927.179587748586,55804.67592554432,72338.93087307269,86520.87516835936,28769.010823240453,36081.113353476874,42395.04363963228,45819.37835089365,50212.8537955784,54572.3512204022,61772.04193103497,67306.29095428795,73936.75583999287,95395.16009146033,27850.0,45870.0,27850.0,33870.0,21441.14820785533,38235.9649740602,47012.88681808447,25457.845364261862,31815.886028124663,50316.26860761347,0.0
9129.12912912913,40085.13956601422,47719.115243664484,56503.54112647888,75172.20406384244,34542.83104221213,49585.80247382398,56391.36648396388,37593.005870472225,42742.86558799335,48357.590307603576,54199.292305182185,66429.20009199894,70194.28696427426,96223.75887247543,34782.301221886795,42779.458154990825,48964.36453303695,50398.80622184414,54950.2958073776,55828.72998394594,72348.49377892513,86527.5502979926,28697.11152339364,36049.69028573032,42390.46595683024,45801.50373357883,50202.73834778701,54596.07587849087,61832.25356884225,67320.00718117744,73959.63000037966,95410.52352378971,27850.0,45870.0,27850.0,33870.0,21404.110524779324,38260.885965418856,47025.00350980182,25434.895372305346,31807.33693019037,50347.767697504285,0.0
9169.16916916917,40083.2259849669,47701.3941984067,56493.98529064361,75201.39452598277,34507.144502044845,49592.87099644504,56419.98450151012,37567.0975012564,42731.37869591634,48353.63875560544,54215.164827013155,66440.72884494934,70188.4266713938,96243.56470386556,34747.05976430327,42750.065533657056,48964.21328753511,50400.100491851954,54973.15177122899,55853.06221287086,72358.08687551846,86534.26006303428,28625.169628846757,36018.213983803325,42385.88666260376,45783.53934278926,50192.67193313691,54619.80521394333,61892.42959948105,67333.74030936792,73982.56745736269,95425.97586866497,27850.0,45870.0,27850.0,33870.0,21367.05490983842,38285.737660728744,47037.207429432834,25411.841181441567,31798.84096048877,50379.31785806967,0.0
9209.20920920921,40081.29601694147,47683.60377079835,56484.458364689766,75230.6418475704,34471.4287703994,49599.87784662987,56448.69338297073,37541.0819406698,42719.952125124124,48349.677552777786,54230.96064019447,66452.29806283224,70182.59561496033,96263.43406344124,34711.78475438043,42720.63493521717,48964.06429146067,50401.382015779134,54995.746506304684,55877.67295880613,72367.71000993467,86541.00452811708,28553.185604103408,35986.68496029079,42381.3047300857,45765.48592690406,50182.65529819925,54643.53831341212,61952.56968253596,67347.49050147967,74005.56759265246,95441.51739033664,27850.0,45870.0,27850.0,33870.0,21329.981543931244,38310.51952995059,47049.49892611816,25388.683254592972,31790.398070849682,50410.918674557346,0.0
9249.24924924925,40079.349513430294,47665.7442872674,56474.960571011135,75259.94562829117,34435.68413776099,49606.82349804141,56477.492364197606,37514.96000235302,42708.58524508544,48345.706634994014,54246.67952079291,66463.90706155484,70176.79480271146,96283.36673250828,34676.47652947795,42691.16662167732,48963.91750188574,50402.65094356688,55018.07954694929,55902.56206965615,72377.3630287626,86547.78375802404,28481.159905935052,35955.103721741645,42376.71912604399,45747.34426337266,50172.68915454908,54667.2742820796,62012.67348029843,67361.2579259742,74028.62978639765,95457.14835360773,27850.0,45870.0,27850.0,33870.0,21292.890605369204,38335.23104796358,47061.87834666722,25365.42205902697,31782.008204846905,50442.56973612613,0.0
9289.28928928929,40077.3863240748,47647.81607868173,56465.49212627594,75289.30547096752,34399.91089085092,49613.70842508458,56506.38068406448,37488.7325010589,42697.27742067638,48341.72593974548,54262.32124984941,66475.55513683206,70171.02525909903,96303.3624927387,34641.13542271362,42661.660851857705,48963.77287685977,50403.90742330069,55040.150930032134,55927.72889944698,72387.04577810277,86554.59781768639,28409.092983542876,35923.470768729516,42372.12881036715,45729.11515891151,50162.774179585,54691.01224304778,62072.7406576218,67375.04275712653,74051.75341724863,95472.86902381919,27850.0,45870.0,27850.0,33870.0,21255.782269923446,38359.87169460826,47074.34603546829,25342.058066209393,31773.671297981335,50474.27063580928,0.0
9329.32932932933,40075.406296640795,47629.81948034892,56456.05324147279,75318.7209815375,34364.109312685294,49620.53310272987,56535.35758458483,37462.40025237765,42686.02801250598,48337.73540611655,54277.8856133785,66487.24156376216,70165.28802568265,96323.42112617647,34605.76176302467,42632.11788144762,48963.63037538447,50405.15160122902,55061.961185679436,55953.172317481636,72396.75810357231,86561.4467721808,28336.985278715954,35891.786595923004,42367.5327355434,45710.79944970192,50152.911017330654,54714.75133675283,62132.77088177577,67388.84517500093,74074.93786242072,95488.67966683488,27850.0,45870.0,27850.0,33870.0,21218.65671087087,38384.440954730715,47086.90233439842,25318.591751658354,31765.387277863607,50506.02097047804,0.0
9369.369369369371,40073.40927699342,47611.754832015795,56446.64412195704,75348.19176903376,34328.27968263252,49627.29800634201,56564.42231102546,37435.964072468094,42674.83637723446,48333.73497476023,54293.37240236756,66498.96559639552,70159.58416153045,96343.54241524363,34570.355875228146,42602.53796305947,48963.4899573889,50406.383621781926,55083.51132377572,55978.89072172789,72406.49985031041,86568.33068672751,28264.83722598547,35860.05169215529,42362.929846132734,45692.398001589005,50143.100279219434,54738.49072040329,62192.76382230029,67402.66536543047,74098.18249775711,95504.58054902687,27850.0,45870.0,27850.0,33870.0,21181.514099039094,38408.93831822812,47099.54758273278,25295.02359479845,31757.15606439598,50537.82034080557,0.0
9409.40940940941,40071.395109071906,47593.622477867946,56437.2649674976,75377.71744556254,34292.42227646995,49634.0036115144,56593.574112015645,37409.424777795146,42663.70186788456,48329.72458787447,54308.78141277584,66510.72646729663,70153.91474362781,96363.72614274555,34534.91808008038,42572.92134628153,48963.35158370566,50407.6036275898,55104.802816534895,56004.88205613711,72416.27086298309,86575.24962668755,28192.6492527753,35828.26654049368,42358.319078232686,45673.91171028343,50133.34254486286,54762.22956744137,62252.7191508586,67416.50352000045,74121.48669779152,95520.57193726006,27850.0,45870.0,27850.0,33870.0,21144.354602850497,38433.363280095495,47112.28211705402,25271.354078815595,31748.977569953502,50569.6683512309,0.0
9449.44944944945,40069.36363486384,47575.422766529024,56427.915972324554,75407.2976262826,34256.53736643944,49640.650393908465,56622.812239652085,37382.78318487352,42652.62383414533,48325.70418917891,54324.11244553315,66522.52338709898,70148.28086729336,96383.97209187676,34499.44869433549,42543.26827772978,48963.215216047596,50408.811759502234,55125.83757751492,56031.143831520945,72426.07098578865,86582.20365756033,28120.42177954903,35796.43161830827,42353.699358936836,45655.341501565104,50123.6383628035,54785.9670670256,62312.63654108864,67430.35983603595,74144.84983581034,95536.65409887675,27850.0,45870.0,27850.0,33870.0,21107.178388365286,38457.71534047363,47125.10627116109,25247.583690512423,31740.851699564337,50601.56460992324,0.0
9489.48948948949,40067.31469437906,47557.15605105997,56418.597325176735,75436.93192938421,34220.62522130198,49647.23882909835,56652.13594959966,37356.04011001788,42641.60162266898,48321.67372389231,54339.36530653845,66534.35554405354,70142.68364660251,96404.2800462263,34463.948030803025,42513.57900109854,48963.080816985486,50410.00815660688,55146.61793750678,56057.67314955515,72435.9000624628,86589.19284498128,28048.155219953365,35764.54739734066,42349.069605785946,45636.68833148993,50113.98825125312,54809.70242353443,62372.51566845334,67444.23451659377,74168.27128391413,95552.8273016813,27850.0,45870.0,27850.0,33870.0,21069.985619323685,38481.99400469821,47138.020375978114,25223.712920164413,31732.77835108915,50633.508728746434,0.0
9529.529529529531,40065.24812562344,47538.82268895813,56409.30920935029,75466.61997606812,34184.686106391324,49653.76939242077,56681.54450118789,37329.19636909924,42630.634577360266,48317.63313871056,54354.539806657966,66546.22210357056,70137.12421481824,96424.64978978317,34428.41639840468,42483.85375721022,48962.948349925624,50411.19295624833,55167.14661777223,56084.466729435604,72445.75793628408,86596.21725471925,27975.849980958235,35732.61434377152,42344.42872621192,45617.95318660036,50104.39269881684,54833.43485608972,62432.35621008872,67458.12777045906,74191.75041307944,95569.0918139242,27850.0,45870.0,27850.0,33870.0,21032.776457187192,38506.19878334983,47151.024759462984,25199.742261376792,31724.7574153994,50665.50032322381,0.0
9569.56956956957,40063.16376457189,47520.4230421563,56400.051802747344,75496.36139052449,34148.720283666684,49660.242558829756,56711.037157503546,37302.25277730779,42619.722039658576,48313.582381785076,54369.63576172306,66558.12220775487,70131.60372482895,96445.0811069417,34392.85410223017,42454.09278406366,48962.81777908886,50412.366294046966,55187.426701131626,56111.520936685396,72455.64445007908,86603.27695267418,27903.50646299348,35700.63291828825,42339.7756169739,45599.137084139446,50094.852165203716,54857.163598099156,62492.15784464996,67472.03981214651,74215.28659321944,95585.44790428616,27850.0,45870.0,27850.0,33870.0,20995.55106117899,38530.32919230516,47164.11974651586,25175.672210942317,31716.788776554637,50697.53901250305,0.0
9609.609609609612,40061.06144514135,47501.9574770217,56390.82527792513,75526.15579991182,34112.72801176457,49666.65880275645,56740.61318547897,37275.21014892223,42608.86334881278,48309.5214027019,54384.65299252795,66570.05497493513,70126.12334959346,96465.57378250656,34357.26144359219,42424.29631688211,48962.68906948982,50413.52830391804,55207.46160141638,56138.831813599085,72465.55944622804,86610.37200487433,27831.125060082366,35668.60357615171,42335.10916358681,45580.24107226946,50085.36708192412,54880.8878968169,62551.920252154974,67485.97086190706,74238.8791932445,95601.89584186213,27850.0,45870.0,27850.0,33870.0,20958.309588323482,38554.38475278891,47177.30565888761,25151.503268700028,31708.872311978488,50729.62441932149,0.0
9649.649649649651,40058.94099916331,47483.42636435496,56381.62980214566,75556.00283433608,34076.70954604965,49673.01859797367,56770.271855976665,37248.069297085465,42598.057842148846,48305.45015246121,54399.59132482679,66582.01949918683,70120.68428259279,96486.12760169804,34321.63872008059,42394.46458815958,48962.56218691662,50414.679118090346,55227.255031795685,56166.39511081304,72475.5027666702,86617.50247747397,27758.706159971913,35636.526767262665,42330.428239741756,45561.26623029518,50075.93785297522,54904.607012921464,62611.64311382511,67499.92114573964,74262.52758112238,95618.43589614471,27850.0,45870.0,27850.0,33870.0,20921.05219348502,38578.364991426686,47190.5828150883,25127.23593739498,31701.007892633497,50761.75616997153,0.0
9689.68968968969,40056.80225635589,47464.83007938892,56372.46553742562,75585.90212682953,34040.66513866471,49679.3224174654,56800.012443869884,37220.8310335868,42587.30485532996,48301.36858345743,54414.450589330765,66594.0148498498,70115.28773828817,96506.74235015704,34285.986225615634,42364.59782770663,48962.43709791149,50415.81886712521,55246.81097247343,56194.20631950763,72485.47425290936,86624.6684367506,27686.25014426011,35604.40293622739,42325.73170671846,45542.21366889237,50066.564855513796,54928.32022011042,62671.32611192265,67513.89089540891,74286.23112393782,95635.06833700802,27850.0,45870.0,27850.0,33870.0,20883.779029405778,38602.26944029865,47203.95153029558,25102.8707225391,31693.195383194485,50793.93389426641,0.0
9729.72972972973,40054.64504429566,47446.16900178773,56363.33264058671,75615.85331332989,34004.59503857985,49685.570733300716,56829.83422811943,37193.496168650534,42576.60372260964,48297.27664945963,54429.230621704526,66606.0400710399,70109.93495258581,96527.41781395,34250.30425050051,42334.696262695215,48962.31376975155,50416.94767993534,55266.13363822167,56222.26070377357,72495.47374601942,86631.86994910268,27613.75738852024,35572.23252242315,42321.01841278948,45523.08453034215,50057.24844051806,54952.02680471096,62730.968929584866,67527.88034846887,74309.98918795172,95651.79343469057,27850.0,45870.0,27850.0,33870.0,20846.4902467429,38626.097636993814,47217.412116263295,25078.408132273224,31685.43464222064,50826.15722550613,0.0
9769.769769769771,40052.46918838888,47427.44351564552,56354.2312633063,75645.85603265931,33968.499491640694,49691.76401651261,56859.73649184671,37166.06551073107,42565.95377707748,48293.17430559266,54443.9312625625,66618.09418115561,70104.62718330702,96548.15377957368,34214.59308147295,42304.7601177024,48962.1921704305,50418.065683803594,55285.22744618113,56250.55333271276,72505.50108665023,86639.10708104644,27541.228262422177,35540.01596006254,42316.28719261606,45503.87998877086,50047.98893343784,54975.72606530537,62790.571250653855,67541.88974829254,74333.80113866,95668.6114597788,27850.0,45870.0,27850.0,33870.0,20809.185994104795,38649.84912466507,47230.96488123013,25053.84867723031,31677.725522326018,50858.42580044367,0.0
9809.80980980981,40050.274511842545,47408.65400948561,56345.16155216833,75675.9099265035,33932.37874061585,49697.90273698101,56889.71852240313,37138.53986631431,42555.35435089769,48289.06150831868,54458.55235746463,66630.17617237993,70099.36571066463,96568.9500339601,34178.85300175614,42274.78961475332,48962.07226864051,50419.17300440172,55304.096984314136,56279.07911188733,72515.5561150329,86646.3798992139,27468.663129850916,35507.75367825777,42311.53686663558,45484.60125039689,50038.78663483438,54999.417312371676,62850.13275950232,67555.9193441091,74357.6663408516,95685.52268318972,27850.0,45870.0,27850.0,33870.0,20771.86641808677,38673.52345208476,47244.61012982848,25029.19287040003,31670.067870348532,50890.73925925144,0.0
9849.84984984985,40048.060835635115,47389.800876259294,56336.123648714754,75706.01463939082,33896.23302524354,49703.98736332057,56919.779611435886,37110.92003972558,42544.80477554059,48284.93821541895,54473.09375691188,66642.28501017773,70094.15183774417,96589.80636448106,34143.08429110875,42244.78497336337,48961.95403375478,50420.26976580901,55322.74698084753,56307.83281378077,72525.63867098594,86653.68847034985,27396.062349022304,35475.44610108414,42306.76624044077,45465.24955378375,50029.64182100922,55023.09986793768,62909.653140854425,67569.96939104734,74381.58415866668,95702.52737615374,27850.0,45870.0,27850.0,33870.0,20734.53166330581,38697.12017370075,47258.34816299345,25004.441226994626,31662.461527517367,50923.09724548801,0.0
9889.88988988989,40045.827978486515,47370.88451334504,56327.117689496976,75736.16981867146,33860.06258227736,49710.01836277242,56949.91905495022,37083.20683294382,42534.304382007,48280.804385976364,54487.5553163413,66654.41963278904,70088.98689098979,96610.72255895277,34107.28722587422,42214.74641057934,48961.837435810594,50421.356090530935,55341.18227498999,56336.809106985005,72535.74859392073,86661.03286130916,27323.42627259607,35443.09364764273,42301.97410414995,45445.82617010045,50020.554744623194,55046.77306524862,62969.13207960122,67584.04015018695,74405.55395565357,95719.62581019729,27850.0,45870.0,27850.0,33870.0,20697.181872434732,38720.63884969297,47272.1792778723,24979.59426431625,31654.90632961866,50955.499406065086,0.0
9929.929929929931,40043.57575682805,47351.90532254757,56318.143806127715,75766.37511449665,33823.86764553132,49715.99620110044,56980.13615336825,37055.40104542197,42523.85250104542,48276.65998035819,54501.93689612053,66666.5789507188,70083.87222069473,96631.69840564032,34071.46207902934,42184.674141019874,48961.72244549268,50422.43209951772,55359.4077891567,56366.00258388187,72545.88572284754,86668.41313905425,27250.755247786255,35410.69673212281,42297.15923176927,45426.33240338919,50011.525635305166,55070.43624844753,63028.569260610835,67598.1318886179,74429.57509482585,95736.8182571252,27850.0,45870.0,27850.0,33870.0,20659.817186235618,38744.07904603028,47286.10376773411,24954.65250162575,31647.402107159516,50987.94539121473,0.0
9969.96996996997,40041.30398477183,47332.863710097125,56309.202125333155,75796.63017979788,33787.64844592405,49721.92134249153,57010.43021158442,37027.50347391397,42513.44846336258,48272.504960199396,54516.238361542215,66678.76184622399,70078.80920149565,96652.7336932622,34035.60912023197,42154.56837691498,48961.60903411728,50423.49791218263,55377.42850288241,56395.40778663698,72556.04989638142,86675.8293706523,27178.049616469063,35378.25576386354,42292.32038054633,45406.769590840704,50002.55470025141,55094.088772267976,63087.96436853178,67612.24487950784,74453.64693871874,95754.10498900263,27850.0,45870.0,27850.0,33870.0,20622.437743592513,38767.44033452775,47300.12192187972,24929.61646001297,31639.94868553023,51020.434854456806,0.0
10010.010010010012,40039.01247407972,47313.76008664885,56300.29276900515,75826.93467026627,33751.40521152234,49727.79424946005,57040.80053901761,36999.51491230743,42503.09159982674,48268.33928838625,54530.459582817624,66690.96717279783,70073.79923286947,96673.82821099467,33999.72861586814,42124.42932814491,48961.4971736165,50424.553646420514,55395.249428554955,56425.01923137449,72566.24095274809,86683.28162327237,27105.30971528821,35345.771147414955,42287.45629031508,45387.139103077185,49993.64212481524,55117.73000173834,63147.31708759005,67626.37940217875,74477.76884944474,95771.48627813753,27850.0,45870.0,27850.0,33870.0,20585.04368154353,38790.72229290403,47314.23402555244,24904.48666226862,31632.54588516463,51052.96745256676,0.0
10050.050050050051,40036.70103413201,47294.5948672822,56291.415854253915,75857.28824433187,33715.13816758376,49733.615382756114,57071.24644966012,36971.436151462985,42492.781241664474,48264.16292904042,54544.60043507013,66703.19375465286,70068.84373963345,96694.9817484757,33963.82082909829,42094.2572022782,48961.386836523,50425.59941862586,55412.87558905588,56454.83143044586,72576.45872978994,86690.76996418301,27032.535875757876,35313.24328259826,42282.565682832785,45367.44234444368,49984.78807308746,55141.35931189751,63206.6271013786,67640.53574219276,74501.9401887492,95788.96239706187,27850.0,45870.0,27850.0,33870.0,20547.63513531221,38813.924504839,47328.44035984879,24879.263632757782,31625.193521698653,51085.54284554357,0.0
10090.09009009009,40034.36947189558,47275.36847150074,56282.57149346061,75887.69056314304,33678.84753659876,49739.38520127786,57101.767262123365,36943.2679790593,42482.51672065048,48259.97584750349,54558.66079832801,66715.44038620258,70063.9441724466,96716.19409580952,33927.88601990291,42064.05220460876,48961.27799595533,50426.63534371113,55430.311997353376,56484.83891274743,72586.70306497216,86698.2944607489,26959.72842436326,35280.672564565946,42277.64726110851,45347.68075330724,49975.99268846763,55164.97608752128,63265.89409263887,67654.71419144823,74526.16031806517,95806.53361851384,27850.0,45870.0,27850.0,33870.0,20510.21223833834,38837.04656003151,47342.74120163017,24853.947897295053,31617.89140612687,51118.16069657808,0.0
10130.13013013013,40032.01759189171,47256.08132323186,56273.75979433034,75918.1412905461,33642.533538331845,49745.10416198749,57132.362299680666,36915.01117944424,42472.29736929093,48255.77801032171,54572.64055751702,66727.70583154328,70059.10200831231,96737.4650435705,33891.92444512743,42033.81453819257,48961.17062560352,50427.661535124585,55447.563638056396,56515.036242078095,72596.97379538877,86705.85518042863,26886.88768265884,35248.05938386067,42272.699708723834,45327.85580236457,49967.25609422655,55188.57972285901,63325.117743033836,67668.91504828613,74550.42859856779,95824.20021541881,27850.0,45870.0,27850.0,33870.0,20472.775122308045,38860.088054257074,47357.13682343488,24828.53998302141,31610.63934495718,51150.82067202141,0.0
10170.170170170171,40029.645196163336,47236.733850826815,56264.98085994515,75948.64009306469,33606.19638986219,49750.77271983094,57163.030890306865,36886.666533492105,42462.12252100014,48251.56938523131,54586.53960245224,66739.98882393615,70054.31875108086,96758.79438280722,33855.93635852635,42003.54440388342,48961.06469971515,50428.67810486833,55464.63545090725,56545.418033559166,72607.27075776877,86713.45219077155,26814.013967364364,35215.4041264739,42267.72168914549,45307.96899895791,49958.57839405954,55212.169621380446,63384.297732911604,67683.13861760788,74574.74439122804,95841.96246087085,27850.0,45870.0,27850.0,33870.0,20435.323917183377,38883.04858942566,47371.627493390966,24803.04041828281,31603.437140363407,51183.52244135378,0.0
10210.21021021021,40027.252084242224,47217.32648706097,56256.23478881736,75979.18663987942,33569.8363056235,49756.39132766129,57193.77236671521,36858.23481846634,42451.99151027083,48247.34994114407,54600.35782782971,66752.28806529143,70049.59593195128,96780.18190504637,33819.92201080683,41973.24200036793,48960.96019308164,50429.68516351606,55481.53231616423,56575.978968165975,72617.59378848229,86721.08555941502,26741.107590458723,35182.70717390402,42262.71184503072,45288.02188539927,49949.95967263148,55235.74519553162,63443.433741059,67697.38521100522,74599.10705686627,95859.82062811367,27850.0,45870.0,27850.0,33870.0,20397.858751231215,38905.927773639254,47386.21347512954,24777.449732510548,31596.284590335898,51216.265677153555,0.0
10250.25025025025,40024.83805311531,47197.859669134195,56247.52167494284,76009.78060280764,33533.45349744319,49761.960436165595,57224.58606639122,36829.71680788839,42441.90367283805,48243.1196481333,54614.095133217445,66764.60222565487,70044.93510997147,96801.6274022965,33783.88164967146,41942.9075242,48960.857081025155,50430.68282023071,55498.25904180357,56606.713805440515,72627.94272354711,86728.75535408148,26668.168859271573,35149.968903213245,42257.66879752524,45268.01603930277,49941.39999611299,55259.305866500246,63502.52544444467,67711.65514690257,74623.515956205,95877.77499052169,27850.0,45870.0,27850.0,33870.0,20360.379751051645,38928.72522124928,47400.89502769907,24751.76845610347,31589.18148883007,51249.05005506646,0.0
10290.29029029029,40022.40289719088,47178.33383867158,56238.84160785444,76040.42165628311,33497.048174580894,49767.480493795236,57255.47133162386,36801.113271411996,42431.85834583673,48238.87847742009,54627.751423045935,66776.9299426981,70040.33787253514,96823.13066705204,33747.81551986045,41912.541169834556,48960.75533938559,50431.671182781996,55514.820352454306,56637.61739447302,72638.31739863458,86736.4616425756,26595.198076572957,35117.189687084596,42252.59114555455,45247.95307392525,49932.899412708124,55282.85106398976,63561.57251794983,67725.94875071317,74647.97044992127,95895.82582158044,27850.0,45870.0,27850.0,33870.0,20322.887041605718,38951.440552913875,47415.6724054804,24725.99712031195,31582.127625912817,51281.87525377523,0.0
10330.330330330333,40019.94640826422,47158.74944172434,56230.19467267556,76071.10947733585,33460.62054376637,49772.95194669954,57286.42750953407,36772.424974703055,42421.854867953254,48234.62640135994,54641.32660659832,66789.26982121385,70035.8058358749,96844.69149229671,33711.72386319314,41882.14312966039,48960.65494450822,50432.65035756376,55531.220879966015,56668.68468325098,72648.71764907616,86744.20449278131,26522.1955406609,35084.369893877716,42247.477465108794,45227.83463851464,49924.45795317378,55306.38022600156,63620.574634087156,67740.26635500936,74672.4698986986,95913.97339486735,27850.0,45870.0,27850.0,33870.0,20285.38074624272,38974.073395654734,47430.54585810256,24700.13625712382,31575.1227879068,51314.740954969384,0.0
10370.370370370372,40017.468375483004,47139.106928771085,56221.58095017388,76101.84374557203,33424.170809236675,49778.37523866276,57317.453952100564,36743.652679325176,42411.89257957082,48230.36339342987,54654.82059799986,66801.62043261735,70031.34064554964,96866.30967150729,33675.606918608915,41851.713594032866,48960.55587323132,50433.62044961133,55547.46515550207,56699.91072648439,72659.14330986998,86751.98397265915,26449.16154544702,35051.509887684515,42242.32630852197,45207.66241866595,49916.07563133078,55329.89279862547,63679.53146270561,67754.60829970852,74697.0136632782,95932.21798403194,27850.0,45870.0,27850.0,33870.0,20247.860986726846,38996.623382913596,47445.51563035956,24674.186399152153,31568.166757532657,51347.64684331519,0.0
10410.410410410412,40014.9685853119,47119.40675471921,56213.00051681488,76132.62414315401,33387.69917277279,49783.75081104408,57348.55001618312,36714.7971426303,42401.97082290898,48226.089428215564,54668.233316207086,66813.98031445546,70026.94397692554,96887.98499865705,33639.464922207386,41821.25275130545,48960.45810287448,50434.58156261853,55563.55760304477,56731.29069201967,72669.59421568694,86759.80015024284,26376.096380540126,35018.61002838355,42237.1362037456,45187.43813668441,49907.75244456658,55353.388235837876,63738.44267068093,67768.9749322751,74721.60110450989,95950.55986277592,27850.0,45870.0,27850.0,33870.0,20210.32788326336,39019.09015460842,47460.58196212823,24648.148079524934,31561.25931404889,51380.59260642617,0.0
10450.450450450451,40012.44682149717,47099.64937890676,56204.45344481572,76163.45035478036,33351.20583373556,49789.07910272096,57379.71506354347,36685.85911765485,42392.08894215725,48221.80448139908,54681.5646849963,66826.34796992478,70022.61753564831,96909.71726821933,33603.29810728807,41790.76078786096,48960.361611226916,50435.53379895462,55579.50253419687,56762.8198659584,72680.07020087745,86767.6530936367,26303.000331328094,34985.67067169447,42231.90565361818,45167.16355195561,49899.48837432984,55376.865999307396,63797.30792159031,67783.36660794029,74746.23158340238,95968.99930483353,27850.0,45870.0,27850.0,33870.0,20172.781554524216,39041.47335718886,47475.74508828692,24622.02183177672,31554.400233389686,51413.577934833585,0.0
10490.490490490492,40009.90286503044,47079.83526510454,56195.93980219898,76194.32206766601,33314.690989101095,49794.36055003529,57410.94846086361,36656.83935302101,42382.246283603155,48217.50852974672,54694.8146329517,66838.7218674004,70018.36305810625,96931.50627517077,33567.10670438937,41760.23788814203,48960.26637653644,50436.47725968127,55595.30414416372,56794.49365659669,72690.57109947794,86775.5428710125,26229.873679057768,34952.69216923129,42226.633135130716,45146.84046132161,49891.28338661698,55400.32555820735,63856.126875370166,67797.78368994026,74770.90446117321,95987.53658395064,27850.0,45870.0,27850.0,33870.0,20135.222117673242,39063.77264369131,47491.00523863545,24595.808189742245,31547.589288300496,51446.60252195727,0.0
10530.530530530532,40007.33649411242,47059.96488151859,56187.4596528464,76225.23897152259,33278.154833495486,49799.595586742485,57442.24957976201,36627.73859284298,42372.44219575452,48213.20155109731,54707.983093452815,66851.10043997702,70014.18231188064,96953.3518149947,33530.89094132701,41729.68423468116,48960.17237749831,50437.412044569064,55610.966508802754,56826.30759729779,72701.09674521742,86783.46955060645,26156.71670091318,34919.67486855546,42221.3170986895,45126.47069946272,49883.13743245056,55423.76638903556,63914.89918795559,67812.22654977426,74795.61909929808,96006.17197386509,27850.0,45870.0,27850.0,33870.0,20097.649688390746,39085.987673793235,47506.36263781602,24569.50768745196,31540.82624847131,51479.66606407674,0.0
10570.570570570571,40004.7474841158,47040.03870079289,56179.01305655272,76256.20075853859,33241.59755922904,49804.78464396365,57473.6177968073,36598.5575766383,42362.6760294564,48208.88352435068,54721.070004661684,66863.48208502433,70010.07709618437,96975.2536836843,33494.65104323181,41699.100008130015,48960.079593244765,50438.33825211412,55626.49358263015,56858.25734840894,72711.64697152405,86791.43320071622,26083.52967009195,34886.619113227964,42215.955967376554,45106.0561392841,49875.05044834952,55447.18797544015,63973.62451090031,67826.69556748416,74820.37485955944,96024.90574828585,27850.0,45870.0,27850.0,33870.0,20060.064380897667,39108.11811386686,47521.81750523548,24543.120859029594,31534.11088066778,51512.768260302626,0.0
10610.61061061061,40002.135607548014,47020.05720001262,56170.60006907943,76287.20712335994,33205.01935632985,49809.928150140135,57505.05249353,36569.29703924398,42352.94713800258,48204.55442945645,54734.07530950921,66875.86516375848,70006.04924228355,96997.21167774586,33458.38723258699,41668.48538728817,48959.98800333448,50439.255979554335,55641.88919767937,56890.33869832699,72722.22161153196,86799.43388969767,26010.31285588004,34853.52524286093,42210.54813620982,45085.59869230633,49867.02235679152,55470.58980805218,64032.30249097525,67841.19113195664,74845.1711040952,96043.73818087204,27850.0,45870.0,27850.0,33870.0,20022.46630797928,39130.163637032005,47537.370054988714,24516.64823859172,31527.442948860054,51545.90881254823,0.0
10650.650650650652,39999.50063401336,47000.02086070769,56162.220742208505,76318.25776307043,33168.42041257686,49815.02653099119,57536.55305643195,36539.95771073748,42343.25487724192,48200.214247403215,54746.99895568116,66888.24800083158,70002.10061390296,97019.22559420166,33422.09972926475,41637.8405491315,48959.89758774273,50440.16532288576,55657.157063112114,56922.54756381296,72732.82049808791,86807.47168596227,25937.06652372484,34820.393593168585,42205.09197140314,45065.100309058755,49859.053066667446,55493.97138432397,64090.932769744504,67855.7136412499,74870.00719544629,96062.66954521256,27850.0,45870.0,27850.0,33870.0,19984.855581008425,39152.123923208135,47553.02049578344,24490.090360149286,31520.822214349326,51579.08742550139,0.0
10690.690690690692,39996.84233017484,46979.93016885662,56153.87512379614,76349.35237717237,33131.80091353232,49820.080209473905,57568.11887699376,36510.54031636216,42333.59860567951,48195.86296020777,54759.840895603746,66900.628883942,69998.23310761154,97041.29523059323,33385.78875056246,41607.16566883976,48959.80832685136,50441.06637687844,55672.30076548845,56954.87998964802,72743.4434637581,86815.54665797332,25863.790935306628,34787.224496017836,42199.58580962808,45044.56297947476,49851.142473727705,55517.332208373555,64149.514983116474,67870.26350294644,74894.88249660408,96081.70011480445,27850.0,45870.0,27850.0,33870.0,19947.232309968247,39173.99865916555,47568.769030866206,24463.447757511218,31514.248435892132,51612.30380659665,0.0
10730.730730730731,39994.16045971541,46959.78561489092,56145.563257826376,76380.49066756731,33095.161042573796,49825.08960574592,57599.74935168029,36481.04557645744,42323.977684572856,48191.50055090482,54772.601086428345,66913.00606346669,69994.44865318568,97063.42038498417,33349.454511238124,41576.46091982382,48959.7202014394,50441.95923509254,55687.32376960912,56987.33214771857,72754.09034083493,86823.65887424353,25790.48634860846,34754.01827947772,42194.02795727883,45023.98873328765,49843.29046102089,55540.67179083437,64208.04876086877,67884.84113453393,74919.79637105725,96100.8301630321,27850.0,45870.0,27850.0,33870.0,19909.596603474536,39195.78753857553,47584.61585794993,24436.720964189983,31507.721369822393,51645.55766598762,0.0
10770.77077077077,39991.454783298825,46939.587693699854,56137.2851844646,76411.67233853672,33058.5009809255,49830.0551371304,57631.443881944084,36451.47420639324,42314.39147802312,48187.12700353677,54785.27949001603,66925.37775211921,69990.74921394874,97085.60085596285,33313.09722354541,41545.72647375226,48959.63319267358,50442.84398989376,55702.229419850235,57019.90033560956,72764.76096134391,86831.80840333123,25717.153017984536,34720.775267868856,42188.416689741774,45003.37964042554,49835.4968993244,55563.98964871083,64266.53372614414,67899.4469638163,74944.74818283803,96120.05996314551,27850.0,45870.0,27850.0,33870.0,19871.948568797652,39217.49026205954,47600.561169142806,24409.910513309223,31501.24077017114,51678.848716519635,0.0
10810.810810810814,39988.72505853015,46919.33690463559,56129.04094011117,76442.89709672309,33021.82090768924,49834.97721808362,57663.20187422713,36421.826916508915,42304.83935306178,48182.74230314403,54797.876072921325,66937.74212463523,69987.1367870832,97107.83644264546,33276.717097268134,41514.9625005776,48959.547282099506,50443.72073246923,55717.020941917275,57052.58097477992,72775.4551570506,86839.99531383775,25643.791194227055,34687.495781811616,42182.75025067125,44982.73781140383,49827.76164756728,55587.2853052386,64324.96949491582,67914.08142935713,74969.73729656839,96139.389788239,27850.0,45870.0,27850.0,33870.0,19834.288311883956,39239.10653723728,47616.605150878764,24383.016937513392,31494.806388783963,51712.17667370264,0.0
10850.850850850853,39985.971039915654,46899.03375151888,56120.83055745467,76474.1646511108,32985.12099987479,49839.85626016459,57695.022739960616,36392.10441205612,42295.32067973248,48178.3464357552,54810.39080637567,66950.0973174887,69983.61340391327,97130.12694467853,33240.31433975414,41484.16916856189,48959.462451632564,50444.58955284269,55731.70144495129,57085.37060838605,72786.17275946756,86848.21967440384,25570.401124631644,34654.18013827445,42177.02685127355,44962.06539771364,49820.084553245324,55610.55828975016,64383.355675419356,67928.74498095775,74994.763077505,96158.81991122912,27850.0,45870.0,27850.0,33870.0,19796.615937376908,39260.63607877367,47632.747983849426,24356.040768879448,31488.417975436227,51745.54125568432,0.0
10890.890890890892,39983.19247882243,46878.67874264515,56112.65406552525,76505.47471300718,32948.40143242973,49844.69267200715,57726.905895563104,36362.3073931461,42285.83483116841,48173.939388377796,54822.82366627005,66962.44142864102,69980.18113015493,97152.47216224174,33203.88915594876,41453.34664430188,48959.37868354951,50445.450539889775,55746.27392392809,57118.26589881395,72796.91359986129,86856.48155370675,25496.9830530613,34620.82865062085,42171.244669601416,44941.364592204016,49812.46545282834,55633.808137545115,64441.6918675484,67943.43808017296,75019.82489158455,96178.35060483305,27850.0,45870.0,27850.0,33870.0,19758.9315486377,39282.07860842456,47648.989842937735,24328.98253883052,31482.07527794596,51778.94218322352,0.0
10930.930930930932,39980.38912343734,46858.27239079097,56104.51148974775,76536.82699602391,32911.66237826887,49849.486859294164,57758.85076243696,36332.436554700624,42276.38118366533,48169.52114898905,54835.17463313731,66974.77251732686,69976.84206613054,97174.87189605032,33167.44174842769,41422.49509275374,48959.295960480165,50446.30378135314,55760.74126229538,57151.26362497364,72807.67750925935,86864.78102045693,25423.53722000899,34587.441628656394,42165.401849860784,44920.637629456294,49804.90417215962,55657.03438976499,64499.97766221163,67958.16120086709,75044.92210546785,96197.98214154632,27850.0,45870.0,27850.0,33870.0,19721.235247765544,39303.433855081246,47665.33089715321,24301.84277805165,31475.778042284477,51812.37917966387,0.0
10970.970970970973,39977.56071872586,46837.81521322124,56096.402851994695,76568.22121605818,32874.904008303085,49854.23922473374,57790.85676696316,36302.4925864071,42266.959116750295,48165.09170652704,54847.44369213392,66987.08860387947,69973.5983469444,97197.32594735778,33130.9723174294,41391.614677257254,48959.21426539902,50447.1493638573,55775.10623480048,57184.360679404446,72818.46431845744,86873.11814339462,25350.063862658895,34554.01937867459,42159.496501732276,44899.8867861478,49797.400526847865,55680.236593272624,64558.21264064762,67972.9148298135,75070.05408658412,96217.71479362076,27850.0,45870.0,27850.0,33870.0,19683.52713561752,39324.70155481364,47681.77130956884,24274.622016407517,31469.526012684764,51845.85197090772,0.0
11011.011011011013,39974.707006390105,46817.30773169655,56088.32817063919,76599.65709127414,32838.12649146779,49858.95016803762,57822.9233404946,36272.4761726772,42257.56801324625,48160.651050881934,54859.63083302116,66999.38766959868,69970.45214261665,97219.83411795815,33094.48106088701,41360.70555955961,48959.13358161754,50447.9873729235,55789.37151046553,57217.55406523337,72829.27385802651,86881.49299128688,25276.563214946313,34520.562203502646,42153.5266997102,44879.11438140285,49789.9543226512,55703.41430053582,64616.39637369387,67987.69946734102,75095.22020317412,96237.5488330419,27850.0,45870.0,27850.0,33870.0,19645.807311828117,39345.881450912064,47698.311237259826,24247.32078286219,31463.318931747584,51879.36028539023,0.0
11051.051051051052,39971.827724826704,46796.75047248136,56080.287460607506,76631.13434208444,32801.32999475083,49863.62008590135,57855.0499193478,36242.387992609285,42248.20725933251,48156.199172887544,54871.73605014566,67011.66765666538,69967.40565817116,97242.39621018848,33057.96817445973,41329.767899838735,48959.05389277629,50448.81789298406,55803.53965567229,57250.84089302478,72840.10595831997,86889.90563292414,25203.035507616285,34487.07040254626,42147.49048246196,44858.32277712843,49782.5653558538,55726.56706951504,64674.52842100659,68002.51562803125,75120.41982433372,96257.48453150663,27850.0,45870.0,27850.0,33870.0,19608.07587482832,39366.97329392763,47714.95083124406,24219.939605400872,31457.156540545337,51912.90385405379,0.0
11091.091091091092,39968.92260908399,46776.14396635238,56072.28073343177,76662.65269113187,32764.51468322001,49868.24937198666,57887.23594479332,36212.22871995436,42238.87624460137,48151.736064313045,54883.759342419704,67023.92646810552,69964.46113367488,97265.01202693116,33021.4338515638,41298.80185672613,48958.975182837414,50449.64100739706,55817.61313732382,57284.21837755411,72850.96044948083,86898.35613711682,25129.480968280943,34453.54427183416,42141.38585221002,44837.514378331194,49775.23341363475,55749.694463555104,64732.60833022725,68017.36384147036,75145.65232005593,96277.52216040027,27850.0,45870.0,27850.0,33870.0,19570.332921864407,39387.97684171115,47731.69023642445,24192.479010953666,31451.03857872367,51946.48241032266,0.0
11131.131131131133,39965.991390819065,46755.4887486077,56064.30799730214,76694.21186327108,32727.680720050113,49872.83841690528,57919.4808630446,36181.99902308538,42229.57436211096,48147.26171785488,54895.70071330067,67036.16196780806,69961.62084422397,97287.68137161605,32984.878283402926,41267.80758732944,48958.897436077415,50450.45679846045,55831.59432605386,57317.68383453467,72861.83716144905,86906.84457269221,25055.899821475665,34419.984104061776,42135.210774140614,44816.691633413386,49767.95827442925,55772.79605128075,64790.63563609071,68032.24465306051,75170.91706127345,96297.66199077395,27850.0,45870.0,27850.0,33870.0,19532.57854901636,39408.89185945052,47748.52959153311,24164.93952532128,31444.964784600877,51980.09569007785,0.0
11171.171171171172,39963.033798254124,46734.785359076384,56056.36925711899,76725.81158555049,32690.828266549503,49877.38760820487,57951.78412524563,36151.69956497002,42220.30100843429,48142.776127128906,54907.56017077023,67048.37198060015,69958.88709987362,97310.40404822284,32948.30165899831,41236.785247254404,48958.820637079814,50451.265347426095,55845.485499459224,57351.23467732233,72872.73592396884,86915.37100849103,24982.29228871401,34386.39018863454,42128.96317584204,44795.857034443645,49760.739708282585,55795.871406495775,64848.60985947067,68047.15862489521,75196.21341990013,96317.90429332142,27850.0,45870.0,27850.0,33870.0,19494.812851215953,39429.718119706515,47765.46902907753,24137.321673102728,31438.93489526508,52013.74343163219,0.0
11211.211211211212,39960.04955613245,46714.03434212851,56048.46451454486,76757.45158719418,32653.957482186266,49881.897330356456,57984.14518745728,36121.33100314652,42211.055583704794,48138.27928666274,54919.3377273128,67060.55429238363,69956.26224550653,97333.17986128294,32911.70416521816,41205.73499062652,48958.74477072832,50452.06673451379,55859.28884533362,57384.86841361965,72883.65656659595,86923.93551336398,24908.658588541468,34352.762811710665,42122.64094677602,44775.01311740001,49753.577477196304,55818.92010808584,64906.53050635675,68062.10633670457,75221.54076887242,96338.24933835599,27850.0,45870.0,27850.0,33870.0,19457.035922264447,39450.45540244693,47782.50867528863,24109.62597762503,31432.948646669192,52047.425375705774,0.0
11251.251251251251,39957.03838567408,46693.2362466858,56040.593768056104,76789.13159958401,32617.068524613955,49886.3679647437,58016.56351064234,36090.89398970282,42201.837491658385,48133.771191888285,54931.03339989361,67072.70665033741,69953.7486606376,97356.00861588186,32875.08598680682,41174.656970112344,48958.66982220002,50452.86103892504,55873.00646488441,57418.58264219771,72894.59891870501,86932.53815616864,24834.998936588083,34319.102256242964,42116.24193778655,44754.16246238036,49746.47133546707,55841.941739924674,64964.397066757236,68077.08838687572,75246.89848218998,96358.69739578734,27850.0,45870.0,27850.0,33870.0,19419.24785485001,39471.10349507912,47799.64865007087,24081.85296087475,31427.005773723722,52081.14126540153,0.0
11291.291291291293,39954.00000453091,46672.391626232886,56032.75701299438,76820.85135624182,32580.161549696903,49890.79988965354,58049.03856064954,36060.3891712586,42192.64613967217,48129.251839134304,54942.64720993626,67084.82676318887,69951.34875914894,97378.89011766083,32838.44730641339,41143.55133694026,48958.59577695873,50453.64833885653,55886.64037591711,57452.37504965112,72905.56280949712,86941.17900576572,24761.313545620003,34285.40880202073,42109.7639606497,44733.30769377723,49739.421030018275,55864.93589078348,65022.209013521104,68092.10539355545,75272.2859349563,96379.24873509782,27850.0,45870.0,27850.0,33870.0,19381.448740564818,39491.662192480755,47816.889066954434,24054.00314343159,31421.106010387397,52114.89084618101,0.0
11331.331331331332,39950.93412674147,46651.50103882899,56024.9542416179,76852.61059281166,32543.236711535126,49895.1934802686,58081.569808196255,36029.81718895022,42183.480938799825,48124.72122561947,54954.17918329962,67096.91230155996,69949.06498895187,97401.824172819,32801.78830461999,41112.41824092103,48958.52262074857,50454.428711513625,55900.192515974464,57486.24340719916,72916.54806800719,86949.85813101594,24687.60262558987,34251.682725710605,42103.204787669034,44712.45148041187,49732.426300723906,55887.90215424355,65079.965801072,68107.15799584193,75297.70250341835,96399.90362531888,27850.0,45870.0,27850.0,33870.0,19343.63866992179,39512.13129702881,47834.23003304939,24026.077044403806,31415.249089755624,52148.67386584057,0.0
11371.371371371371,39947.840462685184,46630.565047120224,56017.18544315233,76884.40904704225,32506.29416248882,49899.549108660955,58114.15672885023,35999.17867841863,42174.34130380402,48120.17934944532,54965.62935025437,67108.96089839103,69946.89983157135,97424.81058811524,32765.109159969496,41081.25783046779,48958.45033958757,50455.20223312373,55913.66474541939,57520.185567544104,72927.55452311144,86958.57560077644,24613.86638368618,34217.924300897,42096.56215132105,44691.596535623816,49725.486880725606,55910.84012861208,65137.66686404655,68122.24685507332,75323.14756500648,96420.66233500787,27850.0,45870.0,27850.0,33870.0,19305.817732371044,39532.510618626824,47851.67164900212,23998.075181365566,31409.43474414684,52182.49007448759,0.0
11411.41141141141,39944.71871903637,46609.584218352444,56009.450603841615,76916.24645876959,32469.33405320244,49903.86714378724,58146.79880301031,35968.474269799844,42165.226653185564,48115.62620958948,54976.997745459004,67120.97014944791,69944.85580164827,97447.8491708699,32728.41004899292,41050.07025261589,48958.37891976177,50455.96897894927,55927.05885045292,57554.19946179486,72938.58200353495,86967.33148389737,24540.105024381657,34184.13379812221,42089.83374395566,44670.74561731059,49718.602496742125,55933.749416840685,65195.31161582808,68137.3726562221,75348.62049837333,96441.52513222357,27850.0,45870.0,27850.0,33870.0,19267.986016316063,39552.79997473022,47869.21400895373,23969.998070296155,31403.66270518675,52216.3392245171,0.0
11451.451451451452,39941.56859871761,46588.559124384636,56001.74970699834,76948.12256989941,32432.356532628462,49908.14795148543,58179.49551588611,35937.70458771811,42156.136409209794,48111.06180589906,54988.284407935236,67132.93761391594,69942.93544635523,97470.93972896658,32691.69114623641,41018.85565304223,48958.3083478191,50456.72902330067,55940.37654606031,57588.28309646362,72949.6303378593,86976.12584921837,24466.3187494805,34150.311484925536,42083.01721755643,44649.90152791279,49711.77286937172,55956.62962644708,65252.89944696654,68152.53610940442,75374.12068343264,96462.49228450232,27850.0,45870.0,27850.0,33870.0,19230.143609129504,39572.99919036976,47886.85720050074,23941.84622552107,31397.932703890452,52250.22107058848,0.0
11491.491491491492,39938.38980085304,46567.490341702985,55994.08273305389,76980.03712439009,32395.36174805066,49912.391894472545,58212.24635747678,35906.87025128166,42147.06999793009,48106.48613908424,54999.489381043066,67144.8608150858,69941.14134472125,97494.08207085391,32654.95262428776,40987.61417608419,48958.23861056346,50457.48243954916,55953.61947887938,57622.434550540755,72960.69935453014,86984.95876556521,24392.50775816477,34116.45762588244,42076.11018356621,44629.06711433939,49704.9977133875,55979.48036943909,65310.42972347351,68167.73795151533,75399.64750139741,96483.56405883431,27850.0,45870.0,27850.0,33870.0,19192.290597168823,39593.10809817315,47904.601304658034,23913.620159654944,31392.244470742517,52284.13536960253,0.0
11531.531531531531,39935.18202072085,46546.378451435296,55986.44965960839,77011.98986823545,32358.34984510709,49916.59933234406,58245.050822548845,35875.97187408077,42138.026849208516,48101.89921071189,55010.61271245517,67156.73724113569,69939.47610686094,97517.27600554704,32618.19465380255,40956.34596475843,48958.16969504926,50458.229300139436,55966.78922998739,57656.65197265205,72971.7888818648,86993.83030174609,24318.672247039754,34082.57248264272,42069.11021278333,44608.24526782751,49698.27673802557,56002.30126224177,65367.90178498154,68182.97894800075,75425.20033481819,96504.74072163893,27850.0,45870.0,27850.0,33870.0,19154.4270657915,39613.126538384575,47922.44639582393,23885.320383546252,31386.597735775005,52318.081880678736,0.0
11571.571571571574,39931.944949705765,46525.224039366236,55978.85046148021,77043.9805494478,32321.32096781266,49920.77062157412,58277.90841061321,35845.01006418829,42129.006396734156,48097.301023199514,55021.654454131014,67168.56434601426,69937.94237310345,97540.52134262932,32581.417403529944,40925.05116077919,48958.10158857574,50458.969676602086,55979.88731760301,57690.93357830157,72982.89874806008,87002.7405265483,24244.812410178347,34048.65631396842,42062.01483533451,44587.43892373094,49691.60964726627,56025.09192562669,65425.31494275398,68198.25989478029,75450.77856762015,96526.02253874048,27850.0,45870.0,27850.0,33870.0,19116.553099370045,39633.05435888236,47940.3925417476,23856.947406223884,31380.99222864347,52352.060365132646,0.0
11611.611611611614,39928.67827525092,46504.02769595289,55971.28511075525,77076.00891804096,32284.27525858138,49924.90611551727,58310.81862590135,35813.9854241624,42120.00807803851,48092.691579809194,55032.61466229026,67180.33955042856,69936.5428130173,97563.81789225375,32544.621040338014,40893.72990457629,48958.03427868168,50459.70363956591,55992.91519970131,57725.277647202114,72994.0287812,87011.68950873465,24170.92843916461,34014.709375771155,42054.82154072997,44566.65106123183,49684.99614010851,56047.85198464399,65482.668477531886,68213.58162033366,75476.38158514063,96547.4097753438,27850.0,45870.0,27850.0,33870.0,19078.66878130677,39652.89141519445,47958.43980349878,23828.50173484542,31375.42767870094,52386.070586453636,0.0
11651.651651651653,39925.38168080945,46482.790016341154,55963.753576835916,77108.07472601348,32247.2128582482,49929.006164411025,58343.78097734077,35782.89855105155,42111.03133450871,48088.07088464178,55043.4933973859,67192.06024294169,69935.28012432589,97587.16546514453,32507.805729238742,40862.38233531281,48957.96775313998,50460.43125877013,56005.87427654085,57759.682520694456,73005.17880926335,87020.67731703966,24097.02052313635,33980.731921148814,42047.52777800761,44545.88470296873,49678.435910837215,56070.58106855658,65539.96163720184,68228.94498796752,75502.00877416562,96568.90269600975,27850.0,45870.0,27850.0,33870.0,19040.77419404818,39672.63757051202,47976.588235439805,23799.983874647223,31369.903815069953,52420.11231028283,0.0
11691.691691691693,39922.05484579574,46461.51160038244,55956.25582648972,77140.17772733213,32210.133906090534,49933.07111537986,58376.794978529615,35751.75003640133,42102.07561139831,48083.43894263113,55054.29072407675,67203.72378118396,69934.1570317101,97610.56387259837,32470.971633412635,40831.008590902486,48957.90199995265,50461.15260307629,56018.76589310198,57794.14659925579,73016.34866013173,87029.70402016643,24023.088848826857,33946.72420042217,42040.13095597178,44525.142914574986,49671.9286492839,56093.27881077679,65597.19363426708,68244.35089827992,75527.65952296634,96590.50156463016,27850.0,45870.0,27850.0,33870.0,19002.86941909922,39692.29269570088,47994.8378851999,23771.39432889617,31364.420366712617,52454.18530439121,0.0
11731.731731731734,39918.69744553619,46440.19305265104,55948.79182389764,77172.31767791513,32173.038539849447,49937.101312439845,58409.86014771071,35720.54046626368,42093.140357835844,48078.79575953854,55065.00671119969,67215.32749318225,69933.17628549409,97634.01292648586,32434.11891423296,40799.60880802679,48957.83700734583,50461.867740480244,56031.59134143678,57828.668340097516,73027.5381615973,87038.76968678259,23949.133600605783,33912.68646117039,42032.628443534,44504.428804121075,49665.47404108077,56115.94484880516,65654.36364310299,68259.80029184128,75553.33322133523,96612.20664440331,27850.0,45870.0,27850.0,33870.0,18964.9545370372,39711.85666931079,48013.18879365201,23742.733598843224,31358.977062498765,52488.289338658,0.0
11771.771771771773,39915.309151219924,46418.83498246221,55941.36153070201,77204.49433561583,32135.926895750505,49941.09709650463,58442.97600774486,35689.27042120768,42084.22502683109,48074.14134194737,55075.64143174117,67226.86867881054,69932.34066020923,97657.51243925287,32397.247731289615,40768.18312215163,48957.77276376477,50462.576738123724,56044.35186293114,57863.246254851554,73038.74714137058,87047.87438551699,23875.154960519216,33878.61894826662,42025.0175701618,44483.74552145359,49659.071767907844,56138.57882417138,65711.47079697475,68275.29415211428,75579.02926062146,96634.01819780908,27850.0,45870.0,27850.0,33870.0,18927.029627525488,39731.32937758269,48031.64099489182,23714.002183678545,31353.57363127219,52522.42418504926,0.0
11811.811811811813,39911.889629848825,46397.43800389051,55933.964906054156,77236.70746020648,32098.799108524247,49945.05880539218,58476.142086083564,35657.940476332304,42075.32907527937,48069.475697257585,55086.19496280851,67238.34461136628,69931.6529530343,97681.06222392168,32360.358242412673,40736.7316675439,48957.70925786928,50463.27966230598,56057.04865047985,57897.87890734394,73049.97542708847,87057.01818495599,23801.153108328857,33844.52190391271,42017.29562644289,44463.096257424564,49652.721507733964,56161.180382377264,65768.51418479366,68290.83350863613,75604.74703376647,96655.93648658345,27850.0,45870.0,27850.0,33870.0,18889.094769326955,39750.710714453715,48050.19451621933,23685.200580488334,31348.209801914996,52556.58961759667,0.0
11851.851851851852,39908.438544187535,46376.00273578891,55926.60190666173,77268.95681336184,32061.6553114264,49948.98677383244,58509.357914741144,35626.55120128103,42066.45196396382,48064.79883368069,55096.66738560065,67249.75253927523,69931.11598210651,97704.66209409205,32323.450603695514,40705.25457728758,48957.64647852879,50463.9765784951,56069.68285057653,57932.56491145465,73061.22284632217,87066.20115363969,23727.12822155047,33810.3955676736,42009.45986477121,44442.48424300393,49646.42293505088,56183.74917284197,65825.49284758509,68306.4194404901,75630.48593533892,96677.96177169381,27850.0,45870.0,27850.0,33870.0,18851.15004031721,39770.000581560096,48068.84937812269,23656.32928421332,31342.88530341016,52590.78541237652,0.0
11891.891891891893,39904.95555271293,46354.52980180839,55919.2724868355,77301.24215864317,32024.495636257732,49952.88133347597,58542.62303026629,35595.10316025799,42057.59315755571,48060.110760234624,55107.05878537849,67261.08968792806,69930.73258470236,97728.31186394278,32286.52496951769,40673.751983299706,48957.584414818135,50464.66755133938,56082.25556531988,57967.30292906173,73072.489226585,87075.42336005847,23653.08047549156,33776.24017651138,42001.507500162115,44421.91274826807,49640.17572110139,56206.28484884866,65882.40577463794,68322.05308009623,75656.24536156897,96700.09431331365,27850.0,45870.0,27850.0,33870.0,18813.195517497516,39789.198888237835,48087.60559426466,23627.38878760878,31337.59986490218,52625.01134748904,0.0
11931.931931931933,39901.440309563564,46333.019830418,55911.976598536,77333.5632614824,31987.32021338361,49956.74281290327,58575.93697371311,35563.59691204586,42048.75212461296,48055.41148673871,55117.36925143475,67272.35326165144,69930.50561528403,97752.01134823228,32249.58149256738,40642.2240163459,48957.52305601289,50465.352644678234,56094.76785433781,58002.09166806783,73083.77439534063,87084.68487264923,23579.01004328821,33742.05596481866,41993.43571120383,44401.38508125757,49633.97953410076,56228.78706749344,65939.25189930304,68337.73561735454,75682.02471038296,96722.33437079696,27850.0,45870.0,27850.0,33870.0,18775.231277007595,39808.30555152117,48106.46317147124,23598.379581206224,31332.35321575605,52659.26720303773,0.0
11971.971971971972,39897.892464488614,46311.473454925566,55904.7141914197,77365.9198891661,31950.129171753233,49960.571537635085,58609.299290611685,35532.033010025145,42039.9283375768,48050.70102380897,55127.59887706348,67283.54044581568,69930.4379434099,97775.76036229996,32212.620323863546,40610.67080605583,48957.46239158526,50466.03192155341,56107.22073663252,58036.929880506825,73095.07818001107,87093.98575979157,23504.917095941288,33707.843164451406,41985.24164115157,44380.90458669687,49627.83403945227,56251.25548963607,65996.03009440198,68353.46830417801,75707.82338143716,96744.6822026533,27850.0,45870.0,27850.0,33870.0,18737.257394138098,39827.32049613886,48125.422109723055,23569.302153276578,31327.14508561435,52693.55276110908,0.0
12012.012012012012,39894.311662796645,46289.8913134988,55897.48521288471,77398.31181081981,31912.922638918586,49964.367830143245,58642.709530938155,35500.41200219505,42031.12127276687,48045.97938285321,55137.747759529215,67294.64840908104,69930.53245150746,97799.55872206707,32175.641612777745,40579.092480938074,48957.402411199684,50466.70544421949,56119.61519234766,58071.816360728684,73106.40040798442,87103.32608980424,23430.801802351823,33673.60200476186,41976.92239917213,44360.47464456922,49621.73889995645,56273.68977985202,66052.73916720593,68369.25245945735,75733.64077615133,96767.13806652185,27850.0,45870.0,27850.0,33870.0,18699.273943342916,39846.24365450822,48144.482402148875,23540.156989794887,31321.975204452676,52727.86780575244,0.0
12052.052052052055,39890.697545304225,46268.274049187,55890.28960811629,77430.73879739246,31875.70074105307,49968.13200986253,58676.1672490844,35468.73443119566,42022.330410374605,48041.24657606656,55147.8160000355,67305.67430578335,69930.79203250652,97823.40624403773,32138.645507055648,40547.48916839519,48957.34310470888,50467.373274154816,56131.95216446086,58106.749943659735,73117.74090662354,87112.70593094133,23356.66432935573,33639.33271263023,41968.47506174469,44340.09866853987,49615.69377601437,56296.0896063868,66109.37785393643,68385.0894745037,75759.47629774219,96789.70221914604,27850.0,45870.0,27850.0,33870.0,18661.28099825128,39865.07496672684,48163.64403502189,23510.94457440658,31316.843302633348,52762.212122960074,0.0
12092.092092092094,39887.049748284124,46246.62230994318,55883.12732013187,77463.20062164083,31838.46360296988,49971.86439320282,58709.67200382729,35437.000834331564,42013.55523445514,48036.502616426835,55157.80370369325,67316.61527846026,69931.21958733334,97847.30274529959,32101.632152838196,40515.86099473812,48957.284462149706,50468.03547207189,56144.232560403485,58141.72950313634,73129.09950327365,87122.12535138863,23282.504841757855,33605.03551249669,41959.89667422543,44319.780104220954,49609.698325825,56318.45464111115,66165.94481373638,68400.98081902253,75785.32935125621,96812.37491634778,27850.0,45870.0,27850.0,33870.0,18623.278631679597,39883.81438056222,48182.90698775819,23481.665388395148,31311.74911095742,52796.58550064743,0.0
12132.132132132134,39883.367903413506,46224.93674864668,55875.998289825584,77495.69705811422,31801.211348140045,49975.565293562366,58743.22335829759,35405.211743596694,42004.7952329177,48031.747517690106,55167.71097948865,67327.46846051753,69931.81802226437,97871.24804352493,32064.601694682457,40484.20808520051,48957.22647373937,50468.69209792773,56156.457253610395,58176.75395030902,73140.47602527085,87131.58441925973,23208.323502365278,33570.71062639228,41951.18425258125,44299.522427271804,49603.75220557653,56340.78455947884,66222.43862205207,68416.92804767756,75811.19934360238,96835.15641300195,27850.0,45870.0,27850.0,33870.0,18585.266915643122,39902.461851439,48202.27123291789,23452.31991065128,31306.692360715046,52830.98772863367,0.0
12172.172172172173,39879.65163772192,46203.21802312629,55868.90245601273,77528.22788313907,31763.944098710217,49979.23502134123,58776.820879948544,35373.3676857002,41996.0498975146,48026.98129438645,55177.53794025067,67338.23097903526,69932.5902461415,97895.24195697134,32027.55427558219,40452.53056395278,48957.16912987153,50469.34321093424,56168.627085001935,58211.82223211498,73151.87029995001,87141.08320259229,23134.120472020008,33536.35827397002,41942.33478529955,44279.32914132831,49597.85506963228,56363.0790404848,66278.85776335953,68432.93280731057,75837.0856835845,96858.0469630104,27850.0,45870.0,27850.0,33870.0,18547.245921367434,39921.01734242403,48221.73673620855,23422.908617643454,31301.672783734255,52865.41859862229,0.0
12212.212212212215,39875.90057353889,46181.46679618375,55861.83975547338,77560.79287480396,31726.66197552019,49982.87388395576,58810.46414052404,35341.46918209378,41987.31872382895,48022.20396181568,55187.284702618126,67348.8999577121,69933.53916744904,97919.28430448243,31990.49003698812,40420.828554116015,48957.112421112724,50469.988869568195,56180.74286440112,58246.93332981614,73163.28215465335,87150.62176934435,23059.895909631017,33501.97867253494,41933.34523547878,44259.20377575628,49592.006570710706,56385.33776662564,66335.20062316075,68448.99684489248,75862.98778193325,96881.04681927612,27850.0,45870.0,27850.0,33870.0,18509.215719299646,39939.4808242091,48241.30345649125,23393.431983389877,31296.690112428063,52899.87790418206,0.0
12252.252252252254,39872.11432844176,46159.68373561779,55854.81012299596,77593.3918129445,31689.365098120143,49986.482185853245,58844.15271602661,35309.516748999835,41978.60121126105,48017.41553604312,55196.95138700657,67359.47251994547,69934.66769125554,97943.37490548845,31953.409118827843,40389.102177775414,48957.056338198396,50470.629131581256,56192.80537188776,58282.086257600546,73174.71141673834,87160.20018739038,22985.64997220567,33467.57203707437,41924.21254310539,44239.149883223276,49586.206360059805,56407.560423861025,66391.46547916559,68465.12201628965,75888.9050513379,96904.1562336773,27850.0,45870.0,27850.0,33870.0,18471.17637911954,39957.85227509153,48260.97134578892,23363.89047943182,31291.744079840082,52934.3654407281,0.0
12292.292292292293,39868.29251520308,46137.86951424839,55847.81349142019,77626.02447912833,31652.05358478758,49990.06022852731,58877.886186685086,35277.51089744077,41969.896863013484,48012.61603389564,55206.538117574695,67369.94579204492,69935.97871602318,97967.51358000729,31916.311659525512,40357.351555993766,48957.00087202979,50471.264054009866,56204.81535909293,58317.28006124431,73186.1579135862,87169.8185245176,22911.382814880457,33433.138580287115,41914.933627521285,44219.171037084314,49580.45408762636,56429.74670157672,66447.65049156375,68481.31029594062,75914.836906478,96927.37545704139,27850.0,45870.0,27850.0,33870.0,18433.12796975037,39976.1316809524,48280.74034929724,23334.28457480828,31286.83441968858,52968.881005503135,0.0
12332.332332332333,39864.434741738056,46116.02480994159,55840.84979167976,77658.6906566406,31614.727552544067,49993.60831053388,58911.664136922045,35245.45213326925,41961.20518607534,48007.80547295768,55216.0450221904,67380.31690657436,69937.4751302884,97991.70014864452,31879.197796021203,40325.5768088245,48956.94601367008,50471.893693184786,56216.773550435246,58352.51381683204,73197.62147261009,87179.47684842208,22837.09459095119,33398.67851261295,41905.50539008593,44199.270828578046,49574.749402219386,56451.89629254876,66503.75369228017,68497.56378755036,75940.7827640541,96950.70473911907,27850.0,45870.0,27850.0,33870.0,18395.070559369575,39994.319035232584,48300.61040539785,23304.61473603196,31281.960866408997,53003.42439755905,0.0
12372.372372372374,39860.54061105198,46094.15030563464,55833.91895284451,77691.39013046886,31577.387117171675,49997.126727507326,58945.486155320985,35213.34095719928,41952.52569120501,48002.98387156726,55225.47223239658,67390.58300581832,69939.15980921904,98015.93443259451,31842.067663789996,40293.77805532462,48956.89175434132,50472.51810474081,56228.68064430201,58387.78662953296,73209.1019212635,87189.1752267048,22762.785451902622,33364.19204226103,41895.92471703556,44179.45286382987,49569.09195166875,56474.00889290911,66559.77297309157,68513.8847359243,75966.7420428191,96974.14432855812,27850.0,45870.0,27850.0,33870.0,18357.004215419278,40012.41433890657,48320.58144567415,23274.88142706652,31277.12315519506,53037.99541773842,0.0
12412.412412412414,39856.60972118752,46072.24668936144,55827.020902162185,77724.12268728887,31540.03239322916,50000.615772177465,58979.35183459338,35181.17786483828,41943.85789291214,47998.15124881225,55234.81988337655,67400.74124536678,69941.03561105345,98040.21625364055,31804.921396860784,40261.95541356741,48956.838085420895,50473.137343626164,56240.53731417726,58423.09763243086,73220.59908704867,87198.91372686799,22688.45554743742,33329.67937523826,41886.188482542435,44159.720760659984,49563.48138297822,56496.08420211228,66615.70607246706,68530.27554007852,75992.71416360859,96997.69447287722,27850.0,45870.0,27850.0,33870.0,18318.929004616606,40030.41760045401,48340.65339492938,23245.085109305128,31272.32102203833,53072.593868656535,0.0
12452.452452452453,39852.641665172014,46050.314654278256,55820.15556509981,77756.8881154499,31502.663494067936,50004.07573438659,59013.260771545465,35148.963346719844,41935.201309438635,47993.307624526584,55244.088113919206,67410.78879781147,69943.10537342879,98064.54543415544,31767.75912783479,40230.10900065481,48956.78499843845,50473.75146411183,56252.34420971897,58458.445985405284,73232.11279752469,87208.69241631118,22614.105025504636,33295.14071537745,41876.29355197452,44140.07814519519,49557.91734247381,56518.12192290323,66671.55056097666,68546.7387677832,76018.69854937127,97021.35541844007,27850.0,45870.0,27850.0,33870.0,18280.844992963845,40048.32883582904,48360.826171207125,23215.226241550157,31267.554203766453,53107.2195546834,0.0
12492.492492492493,39848.636030964946,46028.35489868989,55813.32286538462,77789.68620496056,31465.28053184776,50007.50690110726,59047.21256704498,35116.697888337396,41926.55546273863,47988.45301928665,55253.2770663838,67420.72285654582,69945.37190960575,98088.921797102,31730.58098790385,40198.238932729866,48956.732485072665,50474.3605198007,56264.10195778763,58493.83087406175,73243.6428803164,87218.51136232718,22539.734032327593,33260.5762643646,41866.23678535609,44120.52864828387,49552.39947594692,56540.12176128657,66727.30382509169,68563.27717171487,76044.69462519909,97045.1274104287,27850.0,45870.0,27850.0,33870.0,18242.75224575838,40066.14806842747,48381.099685814144,23185.30527999419,31262.82243807993,53141.872281925884,0.0
12532.532532532534,39844.592401405156,46006.36812607592,55806.52272504449,77822.51674747441,31427.8836175522,50010.90955646015,59081.20682598763,35084.3819701783,41917.91987845764,47983.58745440758,55262.38688666452,67430.5406396598,69947.83800459877,98113.34516603331,31693.387106868373,40166.34532498859,48956.6805371482,50474.964563636575,56275.81116342828,58529.25150870923,73255.18916312234,87228.37063209845,22465.342712431244,33225.986221766165,41856.01504102837,44101.07590171588,49546.92742879261,56562.08342649674,66782.96304917568,68579.89370741879,76070.70181835686,97069.01069281767,27850.0,45870.0,27850.0,33870.0,18204.650827602538,40083.87532905174,48401.47384334572,23155.32267820214,31258.125463587563,53176.551858210296,0.0
12572.572572572573,39840.51035415857,45984.35504511731,55799.75506444814,77855.37953627597,31390.472861003873,50014.28398173254,59115.24315726359,35052.016067758996,41909.29408591095,47978.71095193982,55271.41772415472,67440.23939392017,69950.50641122213,98137.8153650932,31656.177613155087,40134.42829169193,48956.62914663273,50475.56364791321,56287.472410808354,58564.707123382264,73266.75147372345,87238.27029269293,22390.931208669015,33191.37078505584,41845.625179507384,44081.72353424877,49541.500846143186,56584.00663096921,66838.52519543853,68596.5915533084,76096.71955831203,97093.00550834763,27850.0,45870.0,27850.0,33870.0,18166.540802413183,40101.51065587367,48421.948541713144,23125.278887094515,31253.463019840558,53211.25809306493,0.0
12612.612612612613,39836.38946166563,45962.31636972308,55793.019802344614,77888.27436626665,31353.048370879424,50017.63045539684,59149.32117372373,35019.600651660454,41900.67761806106,47973.823534665615,55280.3697317109,67449.81639882445,69953.37984606109,98162.33221901639,31618.95263383452,40102.48794617743,48956.57830563396,50476.157824283066,56299.08626411273,58600.19697490636,73278.32963999166,87248.21041106031,22316.49966224909,33156.73014964096,41835.06406753573,44062.47516744451,49536.11937299715,56605.89109031277,66893.98698159585,68613.37413296118,76122.74727676381,97117.11209849897,27850.0,45870.0,27850.0,33870.0,18128.42223343123,40119.05409439516,48442.52367217362,23095.174354931856,31248.834847365306,53245.99079770283,0.0
12652.652652652652,39832.22929108922,45940.252819057336,55786.316855902565,77921.20103395086,31315.6102547243,50020.94925312973,59183.44049214595,34987.13618756436,41892.0700114947,47968.92522609563,55289.243065616436,67459.26897071782,69956.4609853822,98186.89555312892,31581.712294638182,40070.52440087066,48956.52800639675,50476.747143766,56310.65326839834,58635.72034200408,73289.9234898981,87258.19105402794,22242.04821276026,33122.064508888456,41824.32858232317,44043.334411321586,49530.782654343435,56627.73652328279,66949.34485593849,68630.24514000387,76148.78440767224,97141.33070346569,27850.0,45870.0,27850.0,33870.0,18090.295183230915,40136.50569740664,48463.199119362456,23065.009527300226,31244.240687694906,53280.74978500486,0.0
12692.692692692694,39828.029404262496,45918.1651175662,55779.64614074903,77954.15933742227,31278.1586189673,50024.240647831386,59217.60073320132,34954.62313628968,41883.47080639878,47964.01605046551,55298.037885544996,67468.59446695923,69959.75246099364,98211.50519334813,31544.45671997557,40038.537767296504,48956.47824130044,50477.3316567578,56322.173950410186,58671.276524440735,73301.53285152189,87268.21228829694,22167.576998197183,33087.37405415079,41813.41561596889,44024.304859829004,49525.49033528127,56649.542651755604,67004.59496947983,68647.20856592152,76174.83038728703,97165.66156212894,27850.0,45870.0,27850.0,33870.0,18052.159713728975,40153.86552494354,48483.97476132748,23034.7848470978,31239.680283399397,53315.53486950281,0.0
12732.732732732733,39823.78935763727,45896.05399500495,55773.00757100768,77987.14907635009,31240.693568934894,50027.504909644966,59251.80152142014,34922.061953830045,41874.87954653615,47959.096032732756,55306.754354523844,67477.79029012383,69963.25685607025,98236.16096618315,31507.186032950867,40006.528156090266,48956.42900285594,50477.91141303866,56333.64881936027,58706.86484220711,73313.15755305851,87278.27418043841,22093.086154985296,33052.658974790895,41802.32208005797,44005.390086150226,49520.242061135636,56671.309200703574,67059.73314480069,68664.26873116888,76200.88465417604,97190.10491203077,27850.0,45870.0,27850.0,33870.0,18014.01588619368,40171.1336442406,48504.85046956572,23004.50075452248,31235.15337811482,53350.345867362696,0.0
12772.772772772772,39819.50870223237,45873.92018646526,55766.40105933676,78020.1700519656,31203.215208865324,50030.7423059765,59286.04248515816,34889.453091391064,41866.29577922033,47954.16519857333,55315.39263889672,67486.85389222612,69966.97670095772,98260.86269873471,31469.90035537942,39974.4956770086,48956.38028370317,50478.486461781504,56345.078367671216,58742.48463473827,73324.79742282862,87288.37679688924,22018.575818005098,33017.91945820753,41791.04491042158,43986.593637847385,49515.037477568425,56693.03589817113,67114.75484116172,68681.4303200156,76226.94664925366,97214.66098934777,27850.0,45870.0,27850.0,33870.0,17975.86376125362,40188.31012968412,48525.826109062255,22974.15768706057,31230.659716571052,53385.182596368366,0.0
12812.812812812812,39815.186983582615,45851.764432402306,55759.8265169665,78053.2220670486,31165.72364192251,50033.95310151491,59320.323256562566,34856.79699542869,41857.71905529002,47949.22357437857,55323.95290828672,67495.78277894956,69970.91446897089,98285.6102186956,31432.599807803992,39942.44043894022,48956.332076608465,50479.05685156022,56356.46307168646,58778.135260166186,73336.45228928636,87298.52020394811,21944.046120616127,32983.15568985966,41779.58107204952,43967.91903185639,49509.87623068555,56714.72247525184,67169.6551153948,68698.69841961237,76253.0158158088,97239.33002886498,27850.0,45870.0,27850.0,33870.0,17937.703398906466,40205.39506276224,48546.9015383313,22943.756079476414,31226.199044618443,53420.04487590515,0.0
12852.852852852855,39810.82374168782,45829.58747866195,55753.283853736095,78086.30492591414,31128.21897020971,50037.13755825221,59354.643471538075,34824.09410768735,41849.14892908298,47944.27118725197,55332.43533555875,67504.57451386562,69975.07257220303,98310.4033543503,31395.284509510744,39910.36254991645,48956.284374461946,50479.622630357684,56367.80339234811,58813.81609460503,73348.12198102826,87308.70446777181,21869.497194680323,32948.367853290816,41767.92756414182,43949.36974934708,49504.75796713965,56736.368666066126,67224.42857802089,68716.07856383167,76279.09159953262,97264.11226394906,27850.0,45870.0,27850.0,33870.0,17899.5348585275,40222.3885320132,48568.0766094593,22913.29636380297,31221.77110925334,53454.932526943696,0.0
12892.892892892894,39806.41851096258,45807.390076507785,55746.77297813032,78119.41843439931,31090.701294783048,50040.295935503935,59389.00276971301,34791.3448652388,41840.58495840935,47939.30806500619,55340.84009678197,67513.22672262604,69979.45335736225,98335.24193457546,31357.954578545054,39878.26211712165,48956.237170275155,50480.18384557386,56379.099775844435,58849.526531467505,73359.80632680157,87318.92965437083,21794.929170585125,32913.556130153025,41756.08142528451,43930.94923046251,49499.68233422916,56757.97420773973,67279.06934396873,68733.57678250829,76305.17344854634,97289.0079265226,27850.0,45870.0,27850.0,33870.0,17861.358198878064,40239.29063297164,48589.3511681503,22882.778969333445,31217.375658642526,53489.84537202403,0.0
12932.932932932934,39801.970820186296,45785.17298264805,55740.293797315564,78152.56239985005,31053.170715664743,50043.428489929836,59423.40079440542,34758.54970052134,41832.02670452474,47934.33423615992,55349.167371191834,67521.73709711054,69984.0591016521,98360.12578883953,31320.610131727004,39846.13924690336,48956.19045717847,50480.740544033506,56390.35265422788,58885.265980810815,73371.50515551324,87329.19582960573,21720.342177266,32878.72070023046,41744.03973873265,43912.66086895474,49494.648979993406,56779.538840383335,67333.57097719036,68751.1996567831,76331.2608134285,97314.01724703745,27850.0,45870.0,27850.0,33870.0,17823.17347811381,40256.10146811294,48610.72505377325,22852.204322613736,31213.012442146482,53524.78323523978,0.0
12972.972972972975,39797.48019245373,45762.93695926242,55733.8462171756,78185.73663110824,31015.62733185621,50046.53547555454,59457.83719258924,34725.7090413789,41823.47373210271,47929.34972993494,55357.41734115225,67530.10339951274,69988.8920087156,98385.05474720288,31283.251284666756,39813.99404478249,48956.14422841885,50481.292771994136,56401.56244600579,58921.03386871079,73383.2182962384,87339.50305918278,21645.736342228585,32843.86174146269,41731.799637782075,43894.50800673498,49489.657553303616,56801.06230707247,67387.92642838306,68768.95438134181,76357.35314724201,97339.14045444863,27850.0,45870.0,27850.0,33870.0,17784.980753792865,40272.82114679572,48632.19809941141,22821.572847435822,31208.681210341652,53559.74594222252,0.0
13013.013013013015,39792.946145126196,45740.68277402848,55727.43014234661,78218.94093849872,30978.07124135095,50049.61714378862,59492.31161486044,34692.823311100896,41814.92560920706,47924.354576253165,55365.5901921172,67538.32346634593,69993.95420465802,98410.02864031777,31245.878151779634,39781.826615463106,48956.09847735743,50481.8405751535,56412.72955670388,58956.82963666302,73394.94557822912,87349.85140865037,21571.111791570464,32808.979429967636,41719.35831121025,43876.493928358286,49484.707703950706,56822.544353828314,67442.12796493404,68786.84883443094,76383.44990556127,97364.3777761881,27850.0,45870.0,27850.0,33870.0,17746.780082883815,40289.44978520247,48653.77013191372,22790.884964832017,31204.38171504164,53594.73332012634,0.0
13053.053053053054,39788.36818978335,45718.411200147944,55721.045476252155,78252.17513381655,30940.502541147227,50052.67374344945,59526.82371540331,34659.89292846179,41806.38190726364,47919.34880573366,55373.68611259252,67546.39521235052,69999.2477341698,98435.04729942804,31208.490846301003,39749.63706284214,48956.05319746735,50482.3839986572,56423.85437940524,58992.65274100962,73406.68683092312,87360.24094339434,21496.468650002484,32774.07394006425,41706.71300876383,43858.62185546449,49479.79908272895,56843.984729599484,67496.16709210875,68804.8916566306,76409.55054649862,97389.72943813849,27850.0,45870.0,27850.0,33870.0,17708.57152177362,40305.98750627833,48675.44097194805,22760.141093070088,31200.113709317397,53629.74519761251,0.0
13093.093093093094,39783.7458321757,45696.12301637257,55714.69212113744,78285.4390303143,30902.921327260592,50055.70552078263,59561.37315195678,34626.91830776135,41797.84220103199,47914.33244968981,55381.70529409735,67554.31663428513,70004.77455676522,98460.11055636912,31171.089480300965,39717.425490019115,48956.00838233142,50482.9230871062,56434.937295264586,59028.50265239062,73418.44188395247,87370.67172863465,21421.807040869688,32739.14544429481,41693.86104667095,43840.894941198116,49474.93134151655,56865.383186243955,67550.03446440687,68823.09233946087,76435.65453073097,97415.19566460716,27850.0,45870.0,27850.0,33870.0,17670.355126275346,40322.4344396681,48697.210434056564,22729.34164764919,31195.876947516444,53664.78140483436,0.0
13133.133133133135,39779.07857217774,45673.8190070296,55708.36997810313,78318.7324426895,30865.327694736174,50058.71271948299,59595.95958578083,34593.899858864635,41789.30606857664,47909.30554012642,55389.6479311255,67562.0858145829,70010.53654315605,98485.21824356781,31133.6741646988,39685.19199930538,48955.964025640045,50483.45788456399,56445.97867399998,59064.378855218514,73430.21056715248,87381.14382942082,21347.127086171888,32704.194113446916,41680.799813152335,43823.31626463183,49470.10413335253,56886.739478512056,67603.71978591643,68841.46132499014,76461.76132152604,97440.7766782998,27850.0,45870.0,27850.0,33870.0,17632.130951635776,40338.79072165154,48719.0783267127,22698.487041296583,31191.67118528106,53699.84177342236,0.0
13173.173173173174,39774.36590374213,45651.4999620468,55702.07894713894,78352.05518707212,30827.721737660846,50061.69558071617,59630.582681622975,34560.83798724234,41780.77309123816,47904.26810973697,55397.51422110673,67569.70092485542,70016.5354717783,98510.37019404203,31096.245009277267,39652.936692233576,48955.92012118902,50483.98843456397,56456.97887436242,59100.28084717537,73441.99271057028,87391.65731062811,21272.428906583824,32669.220116575285,41667.52677390706,43805.888825218964,49465.31711251034,56908.05336402988,67657.21169841912,68860.01011769244,76487.87038476832,97466.47270029463,27850.0,45870.0,27850.0,33870.0,17593.899052542925,40355.05649507693,48741.04445238014,22667.577683965173,31187.49617956559,53734.926136469236,0.0
13213.213213213214,39769.60731485441,45629.16667697689,55695.81892715642,78385.40708101226,30790.103549175165,50064.65434313996,59665.242107684884,34527.73309401124,41772.24285360405,47899.22019190075,55405.30436436775,67577.16022922684,70022.77302548882,98535.56624140052,31058.802122696598,39620.65966956664,48955.87666287758,50484.51478011653,56467.93824458475,59136.20813873087,73453.78814447379,87402.21223695323,21197.712621474988,32634.2236210231,41654.039477545244,43788.615537301754,49460.569934568295,56929.32460328351,67710.49765594679,68878.75140985496,76513.98118898505,97492.28395001631,27850.0,45870.0,27850.0,33870.0,17555.659483133437,40371.231909293056,48763.108607573515,22636.613982831794,31183.35168865285,53770.03432851536,0.0
13253.253253253253,39764.80228748893,45606.819953021484,55689.58981602169,78418.78794346788,30752.47322148515,50067.58924292575,59699.937535589095,34494.5855759747,41763.71494347946,47894.16182068013,55413.018564093334,67584.462087481,70029.25078844867,98560.8062198426,31021.345612508398,39588.361031306835,48955.8336447062,50485.03696371601,56478.85712281055,59172.160252680886,73465.5966993603,87412.80867291073,21122.978348929,32599.2047924431,41640.33556094051,43771.49922470234,49455.86225647662,56950.55295960339,67763.56378448027,68897.69922184304,76540.09320537161,97518.21064521009,27850.0,45870.0,27850.0,33870.0,17517.412296999802,40387.31712007941,48785.2705829208,22605.59634229619,31179.23747216955,53805.16618553425,0.0
13293.293293293296,39759.95029756569,45584.46059705422,55683.391510587455,78452.19759479264,30714.8308458739,50070.50051378023,59734.66864034586,34461.395825663196,41755.18895185765,47889.09303081781,55420.65702628719,67591.60495800593,70035.97024321015,98586.08996415802,30983.8755851693,39556.04087670463,48955.79106077482,50485.55502734777,56489.73583750419,59208.136723705284,73477.41820596569,87423.44668282836,21048.22620576278,32564.1637948184,41626.41275447464,43754.54261542532,49451.193736621775,56971.73819914984,67816.39472554432,68916.86905846986,76566.20590781722,97544.25300191584,27850.0,45870.0,27850.0,33870.0,17479.157547197523,40403.31228957508,48807.530163227406,22574.525163980783,31175.153291100967,53840.32154491824,0.0
13333.333333333336,39755.05081490822,45562.08942164332,55677.2239067247,78485.63585672376,30677.17651271305,50073.38838696685,59769.43510032008,34428.1642313749,41746.664472890385,47884.01385773408,55428.219959732756,67598.5874005201,70042.93276802149,98611.41730972622,30946.392146054404,39523.699304267284,48955.74890528071,50486.069012494874,56500.57470784268,59244.13709794407,73489.2524952727,87434.12633084321,20973.45630754524,32529.10079048321,41612.268887145045,43737.74833649917,49446.56403488744,56992.88009089856,67868.97346262386,68936.2780825453,76592.3187729298,97570.41123444233,27850.0,45870.0,27850.0,33870.0,17440.89528625217,40419.21758620584,48829.887127541995,22543.400846731085,31171.09890780465,53875.50024546426,0.0
13373.373373373375,39750.10330320268,45539.70724507318,55671.0868993539,78519.10255237026,30639.51031147399,50076.253091327584,59804.236597198425,34394.89117721636,41738.14110385832,47878.92433752425,55435.70757595396,67605.40807856635,70050.13963436436,98636.7880925164,30908.895399470595,39491.336411767654,48955.70717251675,50486.57896014493,56511.37404409055,59280.16093259134,73501.09939852028,87444.84768089787,20898.668768615644,32494.01594014274,41597.901891507325,43721.11890898597,49441.972812712775,57013.97840662706,67921.28112965383,68955.94530635187,76618.43128006128,97596.68555534148,27850.0,45870.0,27850.0,33870.0,17402.62556616623,40435.03318461004,48852.34124922373,22512.223786616785,31167.0740860234,53910.702127359815,0.0
13413.413413413415,39745.10721995812,45517.31489136515,55664.98038247581,78552.5975062009,30601.832330739013,50079.09485330438,59839.072815956606,34361.57704314306,41729.618445141045,47873.824506955774,55443.12008917588,67612.06576176055,70057.59200473703,98662.20214908666,30871.38544866958,39458.95229625233,48955.6658568695,50487.084910796635,56522.13414795799,59316.20779550577,73512.95874721225,87455.61079673591,20823.86370210175,32458.909402893532,41583.309808423866,43704.656743187064,49437.41973314779,57035.03292090128,67973.29680139241,68975.89180123716,76644.54291133228,97623.07617538281,27850.0,45870.0,27850.0,33870.0,17364.348438425986,40450.759265562825,48874.892296011196,22480.994376933508,31163.07859089736,53945.92703216913,0.0
13453.453453453456,39740.06201646811,45494.91319029736,55658.90424920188,78586.12054403263,30564.14265821224,50081.91389696103,59873.943444826735,34328.22220500007,41721.09610018741,47868.7144034658,55450.45771628537,67618.559327783,70065.2909306944,98687.65931658396,30833.86239586083,39426.547054050214,48955.62495281726,50487.586904466436,56532.855312943684,59352.27726483735,73524.83037312605,87466.41574189813,20749.041219937477,32423.781336242875,41568.490791591306,43688.3641340732,49432.90446090602,57056.0434110629,68024.99726636134,68996.14092464055,76670.65315165653,97649.58330352783,27850.0,45870.0,27850.0,33870.0,17326.063954008147,40466.39601589917,48897.5400300927,22449.71300820518,31159.11218897542,53981.1748028194,0.0
13493.493493493495,39734.96713777371,45472.50297742344,55652.858391784015,78619.67149301882,30526.44138073042,50084.71044400468,59908.848175264895,34294.827034562535,41712.573675485444,47863.59406515837,55457.720676791556,67624.88776410252,70073.23735115619,98713.15943274337,30796.326342224274,39394.120780780526,48955.58445492858,50488.0849806949,56543.537824662395,59388.36892866913,73536.71410832199,87477.2625797182,20674.201432880356,32388.63189612834,41553.44311181859,43672.24325696542,49428.42666241445,57077.00965721688,68076.3567843429,69016.71856256294,76696.76148876548,97676.20714690471,27850.0,45870.0,27850.0,33870.0,17287.77216338648,40481.94362843546,48920.28420817807,22418.38006818706,31155.17464822578,54016.44528358716,0.0
13533.533533533535,39729.82202262794,45450.08509409014,55646.8427016442,78653.25018163772,30488.728584273544,50087.48471380757,59943.786701918885,34261.391899576294,41704.05078053259,47858.46353080192,55464.909192786465,67631.05016942417,70081.43209099089,98738.70233588769,30758.777387922863,39361.67357136094,48955.54435786032,50488.57917855302,56554.18196115864,59424.482384673815,73548.60978515173,87488.15137331869,20599.344450528617,32353.461236936917,41538.16516103048,43656.29616349384,49423.98600586086,57097.93144221983,68127.34683230953,69037.65338360472,76722.86741323244,97702.94791078275,27850.0,45870.0,27850.0,33870.0,17249.473116538305,40497.40230188985,48943.12458157186,22386.99594186929,31151.265738045815,54051.7383200849,0.0
13573.573573573574,39724.626103461786,45427.66038745365,55640.857069403486,78686.85643968105,30451.004353975317,50090.23692342857,59978.7587225961,34227.917163798156,41695.527027805685,47853.32283982661,55472.02348890544,67637.04575485337,70089.87585988379,98764.287864927,30721.215632114916,39329.20552001545,48955.50465635597,50489.06953664867,56564.787993206526,59460.61723978404,73560.51723626748,87499.08218560694,20524.470381337997,32318.26951152398,41522.65545597098,43640.524777858474,49419.582161238824,57118.80855166829,68177.93584529201,69058.97709806557,76748.9704184964,97729.80579854739,27850.0,45870.0,27850.0,33870.0,17211.16686295083,40512.772240801416,48966.06089624775,22355.561011481055,31147.38522927119,54087.053759247756,0.0
13613.613613613616,39719.37880635196,45405.22971049477,55634.901384910554,78720.49009824274,30413.268774133492,50092.96728763488,60013.76393823161,34194.40318703632,41687.002032731085,47848.17203232166,55479.063792287605,67642.87384477133,70098.56925149416,98789.9158593578,30683.641172966323,39296.71672028229,48955.46534524411,50489.5560931326,56575.356184596894,59496.77310987604,73572.43629463084,87510.0550792709,20449.579332638226,32283.056871231776,41506.912641583236,43624.93089341552,49415.214800389935,57139.6407738878,68228.08896225304,69080.72471203952,76775.07000088607,97756.78101167496,27850.0,45870.0,27850.0,33870.0,17172.85345162748,40528.05365544809,48989.09289292444,22324.075656495326,31143.53289418434,54122.39144932033,0.0
13653.653653653655,39714.07955099009,45382.79392203243,55628.97553727001,78754.15098970746,30375.52192822005,50095.676018923565,60048.80205285638,34160.850325190615,41678.47541365483,47843.011149032944,55486.03033253639,67648.53387741715,70107.51274290524,98815.5861592629,30646.054107662567,39264.20726502147,48955.4264194367,50490.03888570459,56585.88679241188,59532.94961946597,73584.36679352175,87521.07011677505,20374.67141064925,32247.82346590782,41490.935494045014,43609.51616961055,49410.88359704403,57160.42789992214,68277.7677917004,69102.93476177006,76801.1656596431,97783.87374970765,27850.0,45870.0,27850.0,33870.0,17134.53293109406,40543.24676176345,49012.22030714248,22292.54025363409,31139.70850652221,54157.751239843696,0.0
13693.693693693695,39708.72775065434,45360.35388673594,55623.07941487002,78787.83894773971,30337.763898891197,50098.363327543004,60083.87277356579,34127.25893029262,41669.94679181274,47837.840231360184,55492.923341679896,67654.02540517536,70116.70669436903,98841.29860531019,30608.454532420572,39231.67724642253,48955.387873927444,50490.51795161952,56596.3800672879,59569.146401418344,73596.30856654746,87532.12736035626,20299.746720497118,32212.56944392315,41474.722923439884,43594.28212927818,49406.58822685687,57181.16972352306,68326.93021766777,69125.64950763946,76827.25689694585,97811.08421022874,27850.0,45870.0,27850.0,33870.0,17096.205349404852,40558.351781252524,49035.442869342616,22260.95517687411,31135.91184148336,54193.13298164253,0.0
13733.733733733734,39703.322812182225,45337.91047513546,55617.21290540969,78821.55380727263,30299.99476799727,50101.02942151452,60118.97581048821,34093.62935054553,41661.41579130078,47832.65932135456,55499.74305413144,67659.34809456812,70126.15134934694,98867.05303875267,30570.842542500384,39199.12675601178,48955.349703790416,50490.99332769324,56606.836253667265,59605.36309666597,73608.26144765134,87543.22687201962,20224.80536622963,32177.294952190026,41458.27397604712,43579.230156324746,49402.32836744562,57201.86604114025,68375.53027379495,69148.91506005754,76853.3432179323,97838.41258883785,27850.0,45870.0,27850.0,33870.0,17057.870754148593,40573.36894090653,49058.76030494489,22229.32079745322,31132.14267573444,54228.536526812335,0.0
13773.773773773775,39697.864135946045,45315.46456363084,55611.37589592599,78855.29540449711,30262.214616592475,50103.67450665364,60154.11087675387,34059.96193036415,41652.882039045304,47827.468461715995,55506.48970665001,67664.50172595365,70135.84683484357,98892.84930142722,30533.21823221672,39166.55588465984,48955.31190417835,50491.46505030831,56617.25559003931,59641.599353941,73620.22527112212,87554.36871353441,20149.847450831687,32142.000136179613,41441.587836236016,43564.361493808916,49398.10369842243,57222.51665191188,68423.5181212948,69172.78140146544,76879.42413072311,97865.85907912617,27850.0,45870.0,27850.0,33870.0,17019.529192454378,40588.29847311655,49082.17233442907,22197.63748387703,31128.400787416027,54263.96172870694,0.0
13813.813813813815,39692.35111583024,45293.01703449865,55605.56827282024,78889.06357685088,30224.423524944494,50106.29878659165,60189.277688463844,34026.25701041441,41644.34516477354,47822.26769579065,55513.16353830081,67669.48619293448,70145.79316203168,98918.68723575443,30495.581694950302,39133.964722588775,48955.27447032124,50491.933155419945,56627.63830917084,59677.854829516335,73632.19987160264,87565.55294642989,20074.87307624041,32106.685139939353,41424.66382795232,43549.67724243156,49393.91390142556,57243.12135765498,68470.8401749111,69197.30226034796,76905.49914644443,97893.42387265235,27850.0,45870.0,27850.0,33870.0,16981.18071099749,40603.140615586526,49105.67867341598,22165.905601926213,31124.685956147885,54299.408441925894,0.0
13853.853853853854,39686.78313921092,45270.5687758972,55599.78992188412,78922.85816300775,30186.621572543932,50108.90246279664,60224.47596465942,33992.51492765296,41635.804800984144,47817.05706756842,55519.76479041566,67674.30150147976,70155.99022716179,98944.56668473728,30457.93302315909,39101.353359379245,48955.237397524965,50492.39767856156,56637.984638327405,59714.12918695751,73644.18508409889,87576.77963199132,19999.882343359903,32071.350106110207,41407.501415788436,43535.17835944436,49389.7586601487,57263.67996285674,68517.43942827017,69222.5347858534,76931.56777925036,97921.10715891772,27850.0,45870.0,27850.0,33870.0,16942.825356005083,40617.89561124514,49129.27903274978,22134.125514664098,31120.997963033617,54334.876522302286,0.0
13893.893893893894,39681.159586937865,45248.12068186968,55594.04072832537,78956.67900286705,30148.808838113666,50111.48573459497,60259.70542729137,33958.736015366434,41627.26058291783,47811.83662168022,55526.2937065538,67678.94776876929,70166.43781275154,98970.48749196091,30420.27230838932,39068.72188397754,48955.20068116971,50492.85865485038,56648.29479948479,59750.422096883674,73656.18074398916,87588.04883125544,19924.875352075873,32035.995175943397,41390.10020563064,43520.86565798267,49385.63766036845,57284.19227466559,68563.25603423544,69248.5389674099,76957.6295463455,97948.90912534254,27850.0,45870.0,27850.0,33870.0,16904.463173261844,40632.563708157046,49152.97311858111,22102.297582444808,31117.336590664763,54370.365826890426,0.0
13933.933933933935,39675.47983331906,45225.673652345,55588.320576793034,78990.52593754292,30110.98539961803,50114.048799192184,60294.96580118977,33924.92060321061,41618.712148528204,47806.6064033955,55532.75053246231,67683.42522176643,70177.13558904536,98996.44950159165,30382.5996412864,39036.07038470243,48955.16431670866,50493.31611899298,56658.56900953179,59786.73323673814,73668.18668703278,87599.36060500686,19849.852201269896,32000.62048931712,41372.459944880764,43506.73980682585,49381.55058996944,57304.65810288278,68608.22819409968,69275.37674550555,76983.68396800697,97976.82995724192,27850.0,45870.0,27850.0,33870.0,16866.094208115508,40647.14515943329,49176.760632451216,22070.422162921765,31113.70162312436,54405.87621395387,0.0
13973.973973973974,39669.74324610749,45203.22859313645,55582.62935140221,79024.39880935385,30073.151334271894,50116.59185169426,60330.25681403384,33891.0690172493,41610.159138452786,47801.36645861966,55539.13551603702,67687.73419553012,70188.08311573499,99022.45255837616,30344.915111605664,39003.39894925205,48955.1282996667,50493.7701052907,56668.80748046456,59823.062290567526,73680.20274937921,87610.71501377362,19774.812988833502,31965.2261847531,41354.58052225221,43492.80133058515,49377.49713896838,57325.07725995431,68652.29339817936,69303.1107710659,77009.73056760644,98004.86983780158,27850.0,45870.0,27850.0,33870.0,16827.718505482313,40661.64022314105,49200.64127137664,22038.49961105661,31110.092845989973,54441.40754295341,0.0
14014.014014014014,39663.94918649107,45180.78641593796,55576.966935758595,79058.29746181237,30035.306718549586,50119.115085128404,60365.57819632199,33857.181579993055,41601.60119598404,47796.11683389149,55545.44890728309,67691.87513127713,70199.27984393042,99048.4965076408,30307.218808222966,38970.70766471057,48955.092625638965,50494.220647644965,56679.0104195727,59859.40894880946,73692.22876757736,87622.11211782301,19699.757811681986,31929.812399432725,41336.46196714304,43479.05061031561,49373.476999535545,57345.44956096279,68695.39003619336,69331.80279504816,77035.76887163194,98033.02894805484,27850.0,45870.0,27850.0,33870.0,16789.33610985242,40676.0491622127,49224.61472793488,22006.530279128496,31106.51004633615,54476.959674535356,0.0
14054.054054054053,39658.09700908509,45158.348038317825,55571.333212982376,79092.2217396147,29997.451628193718,50121.61869046402,60400.92968134225,33823.25861043763,41593.037967040735,47790.85757638051,55551.690958275976,67695.84857420655,70210.72511836795,99074.58119529072,30269.510819145155,38937.996617554876,48955.057290289595,50494.667779562646,56689.17802961778,59895.772908088155,73704.26457858407,87633.55197715772,19624.686765767972,31894.379269212983,41318.10444859267,43465.48788454634,49369.48986601514,57365.7748236199,68737.45935664425,69361.51170903267,77061.79840970942,98061.30746685862,27850.0,45870.0,27850.0,33870.0,16750.947065295142,40690.37224435433,49248.680690350535,21974.514516743744,31102.9530127365,54512.53247051975,0.0
14094.094094094096,39652.18606192769,45135.91438370986,55565.72806573189,79126.17148863054,29959.586138223873,50124.10285663342,60436.31100514271,33789.30042410231,41584.469100139395,47785.58873388443,55557.861923122284,67699.65517110005,70222.4181798427,99100.70646780876,30231.791231520343,38905.26589366092,48955.02228935046,50495.111534161224,56699.31050900424,59932.15387101777,73716.3100197737,87645.03465151139,19549.599946094768,31858.926928642362,41299.50827383072,43452.113250720206,49365.53543494377,57386.05286825886,68778.44770134089,69392.2913106741,77087.81871462398,98089.70557087028,27850.0,45870.0,27850.0,33870.0,16712.551415464186,40704.60974195362,49272.8388425822,21942.45267084593,31099.42153526517,54548.1257938889,0.0
14134.134134134136,39646.215686478354,45113.4863814017,55560.15137622691,79160.14655589304,29921.710322945153,50126.56777055247,60471.72190650236,33755.30733306784,41575.894246366064,47780.31035482659,55563.9620579209,67703.29566771258,70234.35816785094,99126.87217225513,30194.06013164811,38872.515578310355,48954.98761861986,50495.5519441739,56709.408051943334,59968.55154601303,73728.36492894667,87656.56020034474,19474.49744672948,31823.45551097642,41280.67388642965,43438.9266670309,49361.613405067226,57406.28351782706,68818.30888014912,69424.18792892419,77113.82932234125,98118.22343452471,27850.0,45870.0,27850.0,33870.0,16674.1492036028,40718.76193198737,49297.08886440982,21910.345085726174,31095.915405497926,54583.7395087759,0.0
14174.174174174175,39640.18521761981,45091.06496652035,55554.603026271274,79194.14678958854,29883.824255956657,50129.013617141216,60507.16212690213,33721.27964601418,41567.313059348075,47775.022488253206,55569.99162072392,67706.77090596846,70246.54412342631,99153.0781562658,30156.31760498952,38839.74575619671,48954.95327396147,50495.98904195464,56719.470848610494,60004.96564710696,73740.42914433884,87668.12868284131,19399.379360815896,31787.96514819293,41261.60186407571,43425.927954643244,49357.72347735612,57426.46659787908,68857.00649357054,69457.2381014273,77139.82977202814,98146.86123001105,27850.0,45870.0,27850.0,33870.0,16635.74047254879,40732.82909592847,49321.43043152275,21878.192103033885,31092.434416512766,54619.373480453345,0.0
14214.214214214217,39634.09398366293,45068.65108001453,55549.08289727554,79228.172039047,29845.92801015976,50131.440579344184,60542.63141049605,33687.21766825816,41558.725195226194,47769.725183830866,55575.950871498135,67710.0818209791,70258.9749921553,99179.32426805224,30118.563736177002,38806.956511431636,48954.919251302934,50496.42285948325,56729.499085295916,60041.39589377534,73752.50250463048,87679.74015790339,19324.24578058713,31752.45597100732,41242.29291597473,43413.11680027997,49353.865355019516,57446.60193656974,68894.51597249892,69491.46653473878,77165.81960607367,98175.61912725023,27850.0,45870.0,27850.0,33870.0,16597.32526473952,40746.81151965252,49345.86321560797,21845.99406178777,31088.978362890073,54655.02757532216,0.0
14254.254254254256,39627.94130635533,45046.24566863405,55543.59087027883,79262.22215473177,29808.021657766403,50133.84883815084,60578.12950408276,33653.121701790595,41550.130312626934,47764.418491843855,55581.840072086154,67713.22943789882,70271.64962735373,99205.61035639996,30080.798609024132,38774.147927551116,48954.8855466347,50496.85342837022,56739.492944549114,60077.842010767505,73764.58484895524,87691.39468414795,19249.096797378133,31716.928108887412,41222.74787991196,43400.49275915591,49350.0387435175,57466.68936464744,68930.82610104576,69526.88458147383,77191.79837010961,98204.49729387241,27850.0,45870.0,27850.0,33870.0,16558.903622216814,40760.70949334414,49370.386884439045,21813.751298387127,31085.547040712398,54690.70166090047,0.0
14294.294294294295,39621.72650089348,45023.84968490574,55538.126825970554,79296.2969882302,29770.105270307085,50136.238572615664,60613.65615707723,33618.99204531327,41541.52807263511,47759.10246319149,55587.65948616802,67716.2148686356,70284.5667933887,99231.93627066782,30043.02230653523,38741.32008752151,48954.852156009096,50497.280779861525,56749.45260531778,60114.30372794334,73776.67601690919,87703.09231990234,19173.932501637864,31681.381690068134,41202.967718986474,43388.055258238746,49346.24335057248,57486.72871544743,68965.93982894317,69563.48942788044,77217.7656130307,98233.49589519457,27850.0,45870.0,27850.0,33870.0,16520.47558663178,40774.52331140298,49395.00110196524,21781.464146623446,31082.14024756381,54726.39560581275,0.0
14334.334334334335,39615.44887593861,45001.46408710604,55532.690644711736,79330.3963922436,29732.178918638932,50138.60995987836,60649.2111214827,33584.82899427583,41532.9181387666,47753.777149385416,55593.409379222765,67719.03930843426,70297.72516912816,99258.301860787,30005.234910914856,38708.47307374537,48954.819075538995,50497.704944843514,56759.378243080544,60150.78078011624,73788.77584856004,87714.83312320037,19098.752982941358,31645.81684156624,41182.95351804306,43375.80359981336,49342.47888617859,57506.71982488563,68999.87426226784,69601.2641030909,77243.72088701461,98262.61509419853,27850.0,45870.0,27850.0,33870.0,16482.04119924956,40788.25327234947,49419.70552840096,21749.132937692295,31078.757782528814,54762.10927977889,0.0
14374.374374374376,39609.10773363634,44979.089839229935,55527.28220655576,79364.52022057798,29694.242672953525,50140.96317518364,60684.79415186282,33550.632840912,41524.30017694135,47748.44260254699,55599.09001849011,67721.70403234905,70311.12335150057,99284.70697725995,29967.43650357719,38675.60696806761,48954.7863013968,50498.12595384756,56769.2700299749,60187.272906901664,73800.884184456,87726.61715177828,19023.55833000157,31610.23368919442,41162.70647982586,43363.73696532589,49338.74506261054,57526.66253145205,69032.65982938575,69640.17831315275,77269.66374754222,98291.8550515089,27850.0,45870.0,27850.0,33870.0,16443.60050095402,40801.89967873045,49444.49982031551,21716.758000205446,31075.399446190957,54797.842553603594,0.0
14414.414414414416,39602.70236964045,44956.727910956215,55521.90139126897,79398.66832813434,29656.296602784678,50143.29839190118,60720.40500531414,33516.40387427596,41515.67385545666,47743.09887540452,55604.70167293246,67724.210391623,70324.75985914802,99311.15147115936,29929.627165155252,38642.721851780996,48954.753829813315,50498.543837054676,56779.1281349194,60223.77985257105,73813.000865635,87738.44446307034,18948.34863068095,31574.632357575727,41142.227920878795,43351.85441948206,49335.041594430615,57546.55667620497,69064.33872833564,69680.18999362238,77295.59375341702,98321.21592537183,27850.0,45870.0,27850.0,33870.0,16405.153532252378,40815.46283702457,49469.38363072306,21684.33966020326,31072.065040631045,54833.595299165696,0.0
14454.454454454455,39596.23207314093,44934.379277608896,55516.54807835083,79432.84057089937,29618.340777016096,50145.6157815452,60756.043441438705,33482.14238027806,41507.038844960705,47737.74602129056,55610.24461319683,67726.55980999158,70338.63313615513,99337.63519412714,29891.80697551001,38609.817805632054,48954.72165707678,50498.958624300125,56788.95272373149,60260.30136591097,73825.12573363358,87750.31511420503,18873.12397200295,31539.01297015719,41121.519267218966,43340.15491457346,49331.368198494965,57566.40210276462,69094.96284709082,69721.24738927932,77321.51046678465,98350.69787163314,27850.0,45870.0,27850.0,33870.0,16366.700333279729,40828.94305754767,49494.35660917261,21651.878241167316,31068.75436942497,54869.367389407715,0.0
14494.494494494495,39589.696126895906,44912.044920114495,55511.222147053566,79467.03680593605,29580.37526388891,50147.915513794076,60791.70922231699,33447.84864172055,41498.3948184263,47732.3840941391,55615.719111577084,67728.75377992672,70352.7415558368,99364.15799837338,29853.976013739393,38576.894909826646,48954.68977953172,50499.37034507791,56798.74395924006,60296.83720008722,73837.25863049623,87762.22916200079,18797.884440163194,31503.37564922373,41100.58204981018,43328.637295004635,49327.72459395841,57586.19865730737,69124.59139234814,69763.2914253147,77347.41345315216,98380.3010437174,27850.0,45870.0,27850.0,33870.0,16328.240943803527,40842.34065435815,49519.418401838324,21619.374064033254,31065.467237641275,54905.15869832547,0.0
14534.534534534538,39583.0938072686,44889.72582495527,55505.92347640171,79501.25689137445,29542.400131009137,50150.197756509806,60827.402112481046,33413.52293833275,41489.74145112498,47727.01314848292,55621.12544197634,67730.79385883849,70367.08342456925,99390.7197366753,29816.134358187115,38543.953244035554,48954.65819357805,50499.779028545294,56808.502001393965,60333.38711251372,73849.39939878414,87774.18666296214,18722.63012054058,31467.72051591192,41079.41789986371,43317.30030199455,49324.11050227839,57605.946188559974,69153.28846189927,69806.25813493735,77373.30228140725,98410.02559260713,27850.0,45870.0,27850.0,33870.0,16289.775403228005,40855.655945162274,49544.56865160973,21586.827447203854,31062.203451838286,54940.96910095786,0.0
14574.574574574577,39576.42438426839,44867.422984118064,55500.65194521102,79535.50068640253,29504.415445355036,50152.462675757124,60863.121878887825,33379.16554680618,41481.07842060129,47721.63323945067,55626.46387986945,67732.68166524971,70381.6569856469,99417.32026237581,29778.282086451472,38510.99288739982,48954.62689566999,50500.18470352706,56818.2270073659,60369.95086472592,73861.54788158453,87786.18767327533,18647.36109770814,31432.047690223048,41058.02854399332,43306.14257842403,49320.52564721774,57625.64454779361,69181.12075871677,69850.08094526519,77399.17652383656,98439.87166682168,27850.0,45870.0,27850.0,33870.0,16251.303750598534,40868.889251219545,49569.80699818191,21554.23870656232,31058.962820061046,54976.798473376635,0.0
14614.614614614617,39569.687121596944,44845.13739503872,55495.40743210724,79569.76805125711,29466.421273284315,50154.710435822766,60898.868290892904,33344.77674082913,41472.40540664736,47716.24442276414,55631.73470226569,67734.41887495934,70396.46042315135,99443.959429383,29740.41927539392,38478.013918536344,48954.59588231522,50500.58739851991,56827.91913165223,60406.52822225839,73873.70392251946,87798.2322488045,18572.077455443716,31396.357291036573,41036.415799252194,43295.16267380254,49316.969754846476,57645.29358881847,69208.15558707652,69894.69268118114,77425.0357561449,98469.83941239738,27850.0,45870.0,27850.0,33870.0,16212.82602460589,40882.04089724823,49595.133078145875,21521.608155485694,31055.745151837855,55012.646692676455,0.0
14654.654654654656,39562.88127669903,44822.87006054174,55490.18981554439,79604.05884721485,29428.417680541294,50156.94119923442,60934.64112022428,33310.35679112124,41463.722091277836,47710.84675473532,55636.93818767171,67736.007217209,70411.49186581641,99470.63709216853,29702.546001147628,38445.01641554308,48954.56515007374,50500.98714169675,56837.57852616898,60443.11895452713,73885.86736575517,87810.32044508752,18496.779276740486,31360.649436123058,41014.58156807805,43284.359049327875,49313.442553542685,57664.89316797806,69234.45920848096,69940.02720938867,77450.8795574732,98499.92897286695,27850.0,45870.0,27850.0,33870.0,16174.342263590459,40895.11121133101,49620.546525078535,21488.936104858578,31052.550258176543,55048.513636964875,0.0
14694.694694694697,39556.0061008186,44800.621988775354,55484.99897382268,79638.37293658336,29390.404732263956,50159.15512677958,60970.44014095646,33275.90596546738,41455.02815870499,47705.440292263665,55642.074616054626,67737.4484708666,70426.74939087618,99497.35310576652,29664.662339125844,38412.00045600429,48954.534695557086,50501.38396091078,56847.205340343804,60479.7228347152,73898.03805601102,87822.45231733203,18421.466643817286,31324.924242157045,40992.52783317274,43273.73008301156,49309.9437739923,57684.443144143515,69260.09558007208,69986.0206999768,77476.70751041685,98530.1404892398,27850.0,45870.0,27850.0,33870.0,16135.85250554643,40908.10052482072,49646.046969632844,21456.222863086914,31049.377951560513,55084.39918535258,0.0
14734.734734734737,39549.060839059995,44778.394193141496,55479.834785106264,79672.71018269224,29352.382492990895,50161.3523775242,61006.265129484906,33241.42452875167,41446.32329531416,47700.02509283305,55647.144268805205,67738.74446064062,70442.23102788256,99524.10732577268,29626.76836403021,38378.96611699568,48954.504515427376,50501.777883699775,56856.79972120449,60516.33963966273,73910.21583856843,87834.62792041131,18346.13963812881,31289.181824729727,40970.25665234211,43263.27407484562,49306.4731491883,57703.94337870835,69285.12545718273,70032.61252384844,77502.5192010434,98560.4740999825,27850.0,45870.0,27850.0,33870.0,16097.35678812588,40921.00917224656,49671.63403962756,21423.46873611198,31046.22804594442,55120.3032179436,0.0
14774.774774774776,39542.04473045438,44756.187692220694,55474.697127440406,79707.07044988453,29314.351026668166,50163.53310883131,61042.11586450051,33206.91274299079,41437.60718963953,47694.60121450893,55652.147428701486,67739.89705333655,70457.93476247996,99550.89960834275,29588.86414985891,38345.91347508969,48954.47460639641,50502.16893729003,56866.361813463955,60552.9691497605,73922.40055928024,87846.84730886025,18270.798340375582,31253.422298361573,40947.77015331958,43252.989251985884,49303.03041442865,57723.39373558295,69309.60581608974,70079.74582994652,77528.3142189105,98590.92994099902,27850.0,45870.0,27850.0,33870.0,16058.855148642795,40933.83749122027,49697.30736013694,21390.674027424553,31043.10035674968,55156.22561582577,0.0
14814.814814814816,39534.95700803192,44734.00350969179,55469.585878768434,79741.45360350789,29276.310396656045,50165.6974763794,61077.99212696454,33172.370867367266,41428.87953234007,47689.16871593542,55657.08437987228,67740.90815416761,70473.85854012572,99577.7298101916,29550.94976991477,38312.84260636028,48954.44496522486,50502.557148600536,56875.89175960189,60589.611148846816,73934.59206457945,87859.11053687136,18195.44283051379,31217.64577651444,40925.07052859715,43242.8737739285,49299.61530731387,57742.794081189,69333.5895409574,70127.36785829034,77554.09215708321,98621.50814561232,27850.0,45870.0,27850.0,33870.0,16020.347624077069,40946.585822342924,49723.066553580014,21357.839038079168,31039.994700859665,55192.16626106117,0.0
14854.854854854857,39527.79689889953,44711.842674246116,55464.500916948375,79775.85950990597,29238.260665735703,50167.845634180645,61113.89370008365,33137.799158262234,41420.14001617597,47683.727656332165,55661.95540776124,67741.77970313001,70490.00026974661,99604.59778859178,29513.02529681317,38279.753586388055,48954.415588721255,50502.94254424678,56885.38969994314,60626.26542410809,73946.79020148865,87871.41765829088,18120.073187765,31181.852371604087,40902.160030286,43232.925737658166,49296.227567743364,57762.14428445436,69357.12531690422,70175.43004688871,77579.85261215115,98652.20884454492,27850.0,45870.0,27850.0,33870.0,15981.834251078428,40959.25450911181,49748.911239809764,21324.964066708577,31036.910896614718,55228.125036676705,0.0
14894.894894894896,39520.56362432447,44689.70621949623,55459.44211976921,79810.28803641007,29200.201896115792,50169.977734598986,61149.82036928521,33103.19786928808,41411.388335985124,47678.27809549145,55666.76079909092,67742.513671452,70506.35782732003,99631.50340137242,29475.090802489944,38246.646490265004,48954.38647374128,50503.325150544784,56894.855772733164,60662.93176598265,73958.99481762867,87883.76872661448,18044.68949062562,31146.04219501189,40879.040965026434,43223.14318274698,49292.86693791137,57781.44421680766,69380.25767543547,70223.88798628797,77605.59518424567,98683.03216590089,27850.0,45870.0,27850.0,33870.0,15943.315065970279,40971.84389782795,49774.841036201775,21292.049409538293,31033.848763806862,55264.101826654856,0.0
14934.934934934936,39513.25639982386,44667.59518387878,55454.40936496679,79844.73905133054,29162.134149438923,50172.09392836816,61185.771922192915,33068.56725132066,41402.62418866017,47672.820093775095,55671.50084182698,67743.11205812573,70522.92905937333,99658.44650691803,29437.146358209095,38213.52139259958,48954.357617186964,50503.70499351491,56904.290114210446,60699.609968067394,73971.20576122792,87896.1637949837,17969.291816876328,31110.215357096913,40855.715688966986,43213.524096385416,49289.53316230206,57800.69375217268,69403.02714610749,70272.7012678883,77631.31947705639,98713.97823514738,27850.0,45870.0,27850.0,33870.0,15904.79010475353,40984.35433750387,49800.8555577426,21259.095360401243,31030.8081236744,55300.09651592436,0.0
14974.974974974975,39505.87443526042,44645.5106105516,55449.40253023952,79879.21242394845,29124.057486788082,50174.194364609444,61221.74814860248,33033.90755253111,41393.84727312566,47667.35371211139,55676.175825142986,67743.57688652968,70539.71178639217,99685.42696416703,29399.192034570457,38180.37836752116,48954.32901600572,50504.08209888562,56913.69285867617,60736.299827027884,73983.4228811314,87908.60291618157,17893.880243591222,31074.371967207495,40832.186602829366,43204.06641832742,49286.22598768388,57819.892766963414,69425.47047702884,70321.83326342361,77657.02509784771,98745.0471750971,27850.0,45870.0,27850.0,33870.0,15866.259403110345,40996.786179771945,49826.95441711772,21226.102210752586,31027.78879889618,55336.10899035123,0.0
15015.015015015017,39498.41693494443,44623.453547284706,55444.42149326351,79913.70802450734,29085.971968692942,50176.279190849236,61257.7488404578,32999.21901841772,41385.05729031559,47661.87901199193,55680.78603938498,67743.91020114766,70556.70380613144,99712.44463261073,29361.227901517228,38147.21748868494,48954.30066718976,50504.45649209738,56923.06413856114,60773.00114251104,73995.64602680967,87921.08614262883,17818.454847146924,31038.512133692842,40808.45614707617,43194.76804573407,49282.945163103264,57839.04114007838,69447.62089528007,70371.25086452308,77682.71165747521,98776.23910589005,27850.0,45870.0,27850.0,33870.0,15827.72299640784,41009.13977879318,49853.13722479899,21193.070249684584,31024.79061358576,55372.13913672965,0.0
15055.055055055056,39490.88309774224,44601.42504634509,55439.466131707726,79948.22572420497,29047.8776551361,50178.34855303673,61293.77379182716,32964.50189183689,41376.25394315123,47656.39605546855,55685.33177603657,67744.11406439148,70573.90289682342,99739.49937229184,29323.25402834343,38114.03882927654,48954.272567775115,50504.82819830614,56932.404084490125,60809.713717060586,74007.87504836803,87933.61352638007,17743.015703231496,31002.635963914403,40784.526797194725,43185.62683790093,49279.69043987787,57858.138752895524,69469.50838581883,70420.92420378761,77708.37877040156,98807.55414497707,27850.0,45870.0,27850.0,33870.0,15789.18091970173,41021.41549116661,49879.40358913166,21159.99976394158,31021.813393285327,55408.18684277309,0.0
15095.095095095096,39483.27211719121,44579.426164375196,55434.53632324842,79982.76539518517,29009.774605559214,50180.40259556099,61329.82279887977,32929.75641303432,41367.43693651925,47650.90490514998,55689.813327684315,67744.19055353144,70591.30682027739,99766.59104380326,29285.27048370123,38080.84246201644,48954.24471484104,50505.197242387134,56941.71282534378,60846.437356035385,74020.10979655536,87946.18511911962,17667.5628868532,30966.743564257184,40760.401059110336,43176.64062085707,49276.461571589076,57877.18548926679,69491.1599736384,70470.82637261349,77734.02605471214,98838.99240710233,27850.0,45870.0,27850.0,33870.0,15750.633207739935,41033.613675839246,49905.753116420834,21126.89103793509,31018.85696495945,55444.25199710546,0.0
15135.135135135135,39475.58318162149,44557.45796226489,55429.63194558381,80017.32691052981,28971.66287886909,50182.44146126836,61365.89565986254,32894.982819675686,41358.60597725023,47645.4056241988,55694.230987983,67744.14175773866,70608.9133248668,99793.71950828684,29247.27733560823,38047.6284591647,48954.21710550919,50505.563648938376,56950.99048831817,60883.17186753017,74032.35012277347,87958.8009721577,17592.096472349127,30930.835040140773,40736.081464740026,43167.807191824,49273.25831407393,57896.1812355125,69512.59999885378,70520.93314608815,77759.65313213076,98870.55400428691,27850.0,45870.0,27850.0,33870.0,15712.079894966115,41045.734694016595,49932.1854110173,21093.744353758935,31015.92115698865,55480.33448925241,0.0
15175.175175175176,39467.815474284675,44535.521505016746,55424.75287644775,80051.91014425083,28933.54253344365,50184.465291479326,61401.992175077015,32860.18134687682,41349.760774097296,47639.89827632804,55698.5850516216,67743.96977524337,70626.72014840104,99820.88462743175,29209.27465145457,38014.39689252523,48954.1897369429,50505.92744228433,56960.23719898189,60919.91706229876,74044.59587908581,87971.46113642657,17516.616533393717,30894.910496030257,40711.57056769602,43159.12432352497,49270.080425416585,57915.12588041634,69533.85037812075,70571.22272155409,77785.25962803472,98902.23904581247,27850.0,45870.0,27850.0,33870.0,15673.521015523165,41057.77890907388,49958.70007540297,21060.559991204467,31013.005799162824,55516.4342096327,0.0
15215.215215215216,39459.968173489426,44513.617861604616,55419.898993623734,80086.51497128223,28895.413627137856,50186.47422600548,61438.112146856685,32825.352227233954,41340.90103771536,47634.38292579787,55702.87581428916,67743.67671061147,70644.72502087861,99848.08626347355,29171.26249801002,37981.14783345016,48954.16260634642,50506.28864647918,56969.45308133115,60956.67275367968,74056.84691822671,87984.16566247662,17441.123143007128,30858.97003544712,40686.8709391475,43150.58976833698,49266.9276659392,57934.01931521951,69554.93084854209,70621.67547468525,77810.84517146992,98934.04763820526,27850.0,45870.0,27850.0,33870.0,15634.956603256658,41069.74668646789,49985.29671027545,21027.338227775894,31010.110722674486,55552.55104954962,0.0
15255.255255255255,39452.04045274424,44491.748104825216,55415.07017495822,80121.14126747231,28857.276217289516,50188.468403166116,61474.25537954435,32790.49569085328,41332.026480640314,47628.85963741237,55707.10357264109,67743.26467214042,70662.92566712,99875.32427919254,29133.24094143096,37947.88135284443,48954.1357109644,50506.6472853106,56978.638257842846,60993.43875752407,74069.10309361035,87996.91460047233,17365.616373563396,30823.013760979833,40661.98516384687,43142.20126227824,49263.79979819235,57952.86143361559,69575.85919217489,70672.27373496273,77836.40939516554,98965.97988522053,27850.0,45870.0,27850.0,33870.0,15596.386691718259,41081.638393649606,50011.974914632156,20994.079338705575,31007.235760111864,55588.68490118256,0.0
15295.295295295295,39444.031480907644,44469.91331114266,55410.26629837383,80155.78890957586,28819.130360725056,50190.447959804995,61510.421679469946,32755.61196538031,41323.13681726883,47623.32847651604,55711.26862426571,67742.73576937709,70681.31980927949,99902.59853791249,29095.210047267214,37914.59752116971,48954.10904808093,50507.00338230279,56987.79284952522,61030.214892125674,74081.36425933984,88009.70800018866,17290.096296798623,30787.041774294434,40636.91583632607,43133.95652882656,49260.696586945065,57971.652131744646,69596.65144060254,70723.00158108669,77861.95193554844,98998.03588782696,27850.0,45870.0,27850.0,33870.0,15557.811314169041,41093.4543999774,50038.734285853556,20960.783596969486,31004.380745451857,55624.83565757865,0.0
15335.335335335338,39435.94042234557,44448.11456052583,55405.4872418821,80190.4577752465,28780.97611376518,50192.413031306474,61546.61085492834,32720.70127602915,41314.231763838354,47617.78950899042,55715.37126765096,67742.09211075673,70699.90516923508,99929.90890349924,29057.169880468868,37881.2964084488,48954.0826150191,50507.35696072008,56996.91697596705,61067.00097815301,74093.63027021603,88022.54591100704,17214.562983818883,30751.054176144822,40611.6655572664,43125.853282563694,49257.61779917426,57990.391308187885,69617.32205993001,70773.84465596428,77887.47243275745,99030.21574419226,27850.0,45870.0,27850.0,33870.0,15519.230503582814,41105.19507663125,50065.574419785946,20927.451273302628,31001.54551405287,55661.0032126445,0.0
15375.375375375377,39427.766437096514,44426.352936278345,55400.732883596225,80225.1477430289,28742.813532230495,50194.363751611934,61582.822716157556,32685.763845611218,41305.31103840737,47612.242801250526,55719.41180215154,67741.33580136408,70718.67947085584,99957.25524035942,29019.120505392977,37847.978084269824,48954.056409140154,50507.70804357009,57006.010755384676,61103.79683858376,74105.9009817469,88035.42838191165,17139.01650510811,30715.051066383112,40586.236930045394,43117.88923264441,49254.56320405399,58009.078863961884,69637.88411712283,70824.79000035502,77912.9705306573,99062.51954966792,27850.0,45870.0,27850.0,33870.0,15480.644292649378,41116.86079652746,50092.49491082317,20894.082636214538,30998.729902647476,55697.18746113798,0.0
15415.415415415417,39419.50868104419,44404.629524861186,55396.00310174315,80259.85869235147,28704.642671447,50196.30025323582,61619.05707531718,32650.799894563548,41296.37436083603,47606.688420241524,55723.39052795607,67740.46894081519,70737.64044214887,99984.63741343876,28981.06198581014,37814.64261779025,48954.03042784303,50508.056653607055,57015.07430466736,61140.602298640544,74118.17625015613,88048.35546148548,17063.45693053578,30679.032543969664,40560.63255746079,43110.062086087084,49251.53257294392,58027.714702513,69658.34942893457,70875.82590392776,77938.44587685217,99094.94739677526,27850.0,45870.0,27850.0,33870.0,15442.052713777715,41128.4519342344,50119.495351987905,20860.677952004837,30995.933749335007,55733.38829866016,0.0
15455.455455455458,39411.16630609799,44382.9454157077,55391.29777467571,80294.59050351859,28666.463586251557,50198.222667281516,61655.31374646691,32615.809640977168,41287.42145276714,47601.12643343501,55727.30774605488,67739.49362125949,70756.78581728518,100012.0552882211,28942.994384911053,37781.2900777409,48954.00466856357,50508.40281333505,57024.10773942098,61177.41718572928,74130.4559323925,88061.32719790668,16987.884329364548,30642.998706983075,40534.855038633905,43102.36955088675,49248.52567937791,58046.29872971139,69678.72869482747,70926.9417723241,77963.89812269923,99127.49937519158,27850.0,45870.0,27850.0,33870.0,15403.455799099162,41139.96886588899,50146.57533501184,20827.23748477875,30993.156893573992,55769.60562164726,0.0
15495.495495495497,39402.73846038141,44361.3017010309,55386.61678088429,80329.3430577034,28628.276330997287,50200.13112345721,61691.59254554551,32580.7933006248,41278.45203760729,47595.55690882547,55731.163758207666,67738.41192550032,70776.1133385079,100039.50873072658,28904.917765312934,37747.92053243005,48953.979128773986,50508.74654501105,57033.11117400993,61214.24132937883,74142.73988613859,88074.34363894466,16912.298770257694,30606.949652630068,40508.9069660902,43094.80933895023,49245.54229905184,58064.83085384533,69699.03161534196,70978.12800877442,77989.32692332173,99160.17557173644,27850.0,45870.0,27850.0,33870.0,15364.853580470539,41151.411969114124,50173.73445041533,20793.76149646272,30990.39917617451,55805.83932736276,0.0
15535.535535535537,39394.22428842829,44339.699475623114,55381.959999008264,80364.11623694033,28590.080959558858,50202.02575009137,61727.89329034975,32545.751086988425,41269.46584050852,47589.97991492663,55734.95886691172,67737.22592523193,70795.62075792228,100066.99760751052,28866.832189065888,37714.53404974731,48953.95380598215,50509.087870648145,57042.08472159757,61251.07456118257,74155.02796981984,88087.40483195646,16836.700321286524,30570.8854772552,40482.79092301672,43087.379168855376,49242.58220981137,58083.31098561518,69719.26699734494,71029.3759088344,78014.73193762168,99192.97607035853,27850.0,45870.0,27850.0,33870.0,15326.246089477221,41162.781622936796,50200.97228758599,20760.250246820007,30987.660439290423,55842.08931388958,0.0
15575.575575575576,39385.62293138727,44318.139836647635,55377.32730784727,80398.90992411782,28551.87752533775,50203.90667414845,61764.2158005138,32510.683211286567,41260.46258835013,47584.39552076781,55738.69337537036,67735.93767939095,70815.3058391725,100094.52178566162,28828.737717659187,37681.130697167566,48953.92869773116,50509.42681201859,57051.02849418513,61287.9167147416,74167.32004261376,88100.51082388297,16761.089049937596,30534.80627635041,40456.50948069367,43080.07676843582,49239.645191639254,58101.739038127445,69739.44284752209,71080.6775668782,78040.11282829268,99225.90095212287,27850.0,45870.0,27850.0,33870.0,15287.633357436183,41174.07820770737,50228.28843485647,20726.703993466283,30984.94052641151,55878.355480122205,0.0
15615.615615615618,39376.933527234316,44296.62388342247,55372.71858637202,80433.72400297117,28513.666081267394,50205.774021243895,61800.5598974887,32475.589882501197,41251.442009720835,47578.80379589008,55742.36758746156,67734.54923261944,70835.16635900593,100122.0811328009,28790.634412027444,37647.710541754765,48953.903801598586,50509.763390656815,57059.94260264913,61324.767625609646,74179.61596445859,88113.66166124505,16685.465023119876,30498.712144564535,40430.06519609756,43072.89987719484,49236.731026642316,58120.114926888506,69759.56645538511,71132.02579307707,78065.46926183198,99258.95029519818,27850.0,45870.0,27850.0,33870.0,15249.015415398946,41185.302105019604,50255.68247958145,20693.1229918853,30982.23928235554,55914.63772575917,0.0
15655.655655655657,39368.155210993566,44275.15271719611,55368.133713735086,80468.55835807524,28475.44667981833,50207.62791565954,61836.92540452213,32440.47130740428,41242.40383490125,47573.20481034262,55745.98180770695,67733.06261383672,70855.20010872814,100149.67551708002,28752.52233255676,37614.273650165684,48953.87911519593,50510.097627862444,57068.82715677732,61361.62713123926,74191.91559606235,88126.85739014024,16609.828307171756,30462.60317571258,40403.46060967192,43065.84624855181,49233.83949903835,58138.438569798695,69779.64446695983,71183.41403969724,78090.80090855258,99292.12417484517,27850.0,45870.0,27850.0,33870.0,15210.39229415462,41196.4536976317,50283.15400821368,20659.50749544445,30979.556553260212,55950.93595129533,0.0
15695.695695695696,39359.287114966275,44253.727440915114,55363.57256928113,80503.4128748375,28437.2193730032,50209.46848035848,61873.312146638316,32405.32769058424,41233.34779584667,47567.59863467879,55749.536341241066,67731.47983491726,70875.40489555226,100177.30480717972,28714.40153909072,37580.82008865381,48953.85463616827,50510.42954470323,57077.68226530358,61398.49507092994,74204.21879891194,88140.09805623855,16534.17896786798,30426.479462785162,40376.69824326201,43058.91365192482,49230.970395142605,58156.70988714574,69799.6829502125,71234.83633565999,78116.10744259492,99325.42266340432,27850.0,45870.0,27850.0,33870.0,15171.764024232727,41207.53336938827,50310.702606378996,20625.857755410492,30976.892186575064,55987.25005801444,0.0
15735.735735735736,39350.32836896834,44232.34915898356,55359.03503255722,80538.2874394909,28398.984212381743,50211.29583699997,61909.71995061827,32370.159234471863,41224.27362617019,47561.98533995228,55753.031493780916,67729.80288947062,70895.77854384555,100204.9688723086,28676.272090936363,37547.34992307283,48953.83036219329,50510.75916201794,57086.50803594109,61435.371285777204,74216.52543528196,88153.38370477932,16458.517070426453,30390.34109795727,40349.78059820838,43052.09987465438,49228.12350335393,58174.92880159852,69819.68745316446,71286.28722841319,78141.38854193833,99358.84583028508,27850.0,45870.0,27850.0,33870.0,15133.130635906118,41218.5415051433,50338.32785895058,20592.174020965067,30974.246031053255,56023.57994798168,0.0
15775.775775775779,39341.27810057602,44211.01897701435,55354.520983322625,80573.18193908704,28360.7412490657,50213.110105954125,61946.14864498016,32334.96613936606,41215.18106112602,47556.364997713245,55756.46757159582,67728.033751721,70916.31889627645,100232.66758220141,28638.13404687009,37513.863218880455,48953.80629098113,50511.0865004193,57095.304575414586,61472.25561862339,74228.83536824374,88166.7143805673,16382.84267951495,30354.188172597573,40322.71015359522,43045.40272377323,49225.29861414101,58193.09523820055,69839.66305554405,71337.7617322669,78166.64388841213,99392.39374195437,27850.0,45870.0,27850.0,33870.0,15094.492159193782,41229.478490684116,50366.0293501221,20558.45653922041,30971.61793674333,56059.925524036255,0.0
15815.815815815818,39332.13543538026,44189.73800157215,55350.03030155852,80608.09626148906,28322.49053372367,50214.9114063164,61982.59805995991,32299.748603459295,41206.069837593255,47550.737680004255,55759.844881477504,67726.17437548167,70937.02381486635,100260.40080711765,28599.987465143437,37480.36004114197,48953.78242027364,50511.4115802967,57104.07198949138,61509.14791400965,74241.14846167417,88180.09012796902,16307.155859257742,30318.020777277052,40295.489364646965,43038.820027627145,49222.49552002816,58211.20912436336,69859.61441472959,71389.25528243693,78191.87316770657,99426.06646192649,27850.0,45870.0,27850.0,33870.0,15055.848623863665,41240.344712656355,50393.80666347999,20524.705555234872,30969.0077549809,56096.286689784225,0.0
15855.855855855858,39322.89949724931,44168.50733990821,55345.56286747738,80643.03029536505,28284.23211658589,50216.699855922096,62019.068027492,32264.50682286276,41196.93969405982,47545.10345935628,55763.16373071053,67724.22669322175,70957.89118194868,100288.16841784012,28561.832403488817,37446.840454533725,48953.75874784394,50511.734421819085,57112.81038301096,61546.04801812919,74253.4645802648,88193.51099090943,16231.45667324208,30281.839001777935,40268.12066126875,43032.34963735288,49219.714015580845,58229.27038985975,69879.54580665151,71440.76369413038,78217.07606938315,99459.86405075263,27850.0,45870.0,27850.0,33870.0,15017.200059435412,41251.14055848995,50421.65938207464,20490.921312028557,30966.415338380226,56132.6633495912,0.0
15895.895895895897,39313.56940859994,44147.328099686776,55341.11856153216,80677.9839301811,28245.96604744894,50218.47557136046,62055.55838119059,32229.24099163114,41187.790370606795,47539.4624087847,55766.42442704305,67722.19261522076,70978.9189010403,100315.97028567325,28523.668919125186,37413.30452334673,48953.73527149588,50512.05504493772,57121.51985991383,61582.95577878195,74265.78358953056,88206.9770128681,16155.745184524621,30245.642935102176,40240.60644672478,43025.98942821784,49216.953897391344,58247.27896681712,69899.46116224336,71492.28312608218,78242.25228688528,99493.78656601121,27850.0,45870.0,27850.0,33870.0,14978.546495183078,41261.86641632614,50449.58708849079,20457.10405059887,30963.840540825826,56169.0554085753,0.0
15935.935935935939,39304.14429067693,44126.201388703266,55336.69726442518,80712.95705619462,28207.692375680443,50220.23866798893,62092.06895633062,32193.95130178722,41178.621608892965,47533.81460178511,55769.627278657725,67720.07402880755,71000.1048976277,100343.80628244171,28485.497068763612,37379.752311490054,48953.71198906352,50512.37346938875,57130.20052326922,61619.87104533016,74278.10535581879,88220.48823687584,16080.021455637723,30209.432665480173,40212.94909644778,43019.73730082887,49214.21496406394,58265.2347897103,69919.36409996121,71543.81004802375,78267.40151754784,99527.83406229848,27850.0,45870.0,27850.0,33870.0,14939.88796013782,41272.52267494561,50477.58936491657,20423.25400993605,30961.28321746395,56205.4627726,0.0
15975.975975975978,39294.62326384119,44105.128314594156,55332.29885711687,80747.94956444777,28169.411150223626,50221.98925994692,62128.59958982944,32158.63794334612,41169.43315213977,47528.160112329206,55772.772594143156,67717.87279768,71021.44711987302,100371.67628048874,28447.316908612815,37346.18388249428,48953.68889841068,50512.68971469607,57138.85247530146,61656.79366865533,74290.42974631822,88234.04470551119,16004.285548595668,30173.20828037905,40185.15095697479,43013.59118221477,49211.49701619992,58283.13779535467,69939.25795482929,71595.34121162543,78292.52346260702,99562.0065912194,27850.0,45870.0,27850.0,33870.0,14901.224483090546,41283.109723697555,50505.6657932119,20389.371427038648,30958.743224694063,56241.885348267286,0.0
16016.016016016018,39285.00544786623,44084.10998453871,55327.9232208343,80782.96134676074,28131.122419601907,50223.727460169786,62165.150120228296,32123.301104339313,41160.224745116415,47522.4990148605,55775.86068246536,67715.59076130128,71042.94353924223,100399.58015267484,28409.12849438459,37312.59929951491,48953.66599743036,50513.003800173785,57147.475817415776,61693.72350111618,74302.75662906768,88247.64646089668,15928.537524900794,30136.96986651096,40157.214345003136,43007.54902678936,49208.79985638302,58300.987922898945,69959.14580441391,71646.87362451109,78317.61782720961,99596.30420137916,27850.0,45870.0,27850.0,33870.0,14862.556092594516,41293.62795242992,50533.81595497558,20355.4565369291,30956.22042016026,56278.32304291063,0.0
16056.056056056057,39275.28996224294,44063.14750495233,55323.57023707933,80817.99229572542,28092.826231923333,50225.45338040232,62201.72038767433,32087.940970838285,41150.9961341254,47516.83138429012,55778.891852939734,67713.22973436926,71064.59215106104,100427.51777237616,28370.9318812992,37278.998625335655,48953.64328404444,50513.31574492899,57156.070650223046,61730.66039650777,74315.08587296518,88261.29354469579,15852.777445549516,30100.717509841415,40129.14154655916,43001.608817200715,49206.12328916379,58318.78511381779,69979.03049207982,71698.40452699046,78342.68432042225,99630.72693837508,27850.0,45870.0,27850.0,33870.0,14823.88281696791,41304.07775142067,50562.039431611425,20321.50957266906,30953.714662742677,56314.77576458826,0.0
16096.096096096098,39265.47592649274,44042.24198117194,55319.23978763665,80853.04230469867,28054.522634885045,50227.16713121241,62238.31023390255,32052.557726977906,41141.747066988275,47511.15729599242,55781.866415203316,67710.791506355,71086.39097500041,100455.48901348263,28332.727124090663,37245.381922371715,48953.62075620299,50513.6255678641,57164.637073563295,61767.604210021425,74327.41734777662,88274.98599810919,15777.005371038265,30064.451295597275,40100.934816275876,42995.768565072634,49203.46712104472,58336.52931190448,69998.91464783903,71749.93137119939,78367.7226552399,99665.27484478841,27850.0,45870.0,27850.0,33870.0,14785.204684296385,41314.45951131021,50590.33580439341,20287.53076537486,30951.22581254881,56351.24342207633,0.0
16136.136136136138,39255.562460488894,44021.394517133216,55314.9317545817,80888.11126779616,28016.211675777642,50228.86882200418,62274.91950221817,32017.151554979737,41132.47729303168,47505.476825800746,55784.784679187134,67708.27784110712,71108.33805549673,100483.49375039684,28294.514277012026,37211.74925267311,48953.59841188402,50513.933287679676,57173.17518652887,61804.55479820598,74339.75092414484,88288.72386187146,15701.221361369351,30028.171308274803,40072.59637677173,42990.026311644484,49200.83116046476,58354.2204632633,70018.80070706636,71801.45180237331,78392.7325485945,99699.94796017733,27850.0,45870.0,27850.0,33870.0,14746.521722435575,41324.773623034765,50618.70465452966,20253.520344232864,30948.753730904864,56387.72592486227,0.0
16176.176176176177,39245.54868478614,44000.606215039836,55310.64602028816,80923.19907988585,27977.893401489488,50230.55856103147,62311.54803747905,31981.722635174705,41123.186563073716,47499.79005000283,55787.64695508911,67705.69047651807,71130.43146210935,100511.53185803225,28256.293393840508,37178.10067792781,48953.5762490929,50514.238922876655,57181.685087486316,61841.512018929774,74352.08647359839,88302.5071762476,15625.425476056713,29991.877631647567,40044.128418125816,42984.38012831485,49198.21521778396,58371.85851630187,70038.69092732116,71852.96364201521,78417.71372136295,99734.74632106989,27850.0,45870.0,27850.0,33870.0,14707.833959013562,41335.020477761034,50647.14556322541,20219.47853651479,30946.29828034703,56424.22318313818,0.0
16216.216216216217,39235.433720958055,43979.878175024816,55306.38246743534,80958.3056365818,27939.56785851098,50232.23645541066,62348.195686078354,31946.271146025658,41113.87462941052,47494.09704533644,55790.45355334717,67703.03112424862,71152.66928981981,100539.6032118117,28218.064527882623,37144.436259464994,48953.554265861974,50514.54249175894,57190.1668740977,61878.47573134351,74364.42386856033,88316.33598102992,15549.617774131606,29955.570348774185,40015.5330974432,42978.828117095094,49195.619105267804,58389.443421723234,70058.58740348708,71904.46487274572,78442.66589837507,99769.6699609571,27850.0,45870.0,27850.0,33870.0,14669.141421433322,41345.20046682179,50675.65811174491,20185.405567592978,30943.8593246128,56460.73510779423,0.0
16256.256256256258,39225.216691942565,43959.21149480414,55302.1409790154,80993.4308342379,27901.23509293876,50233.90261113379,62384.862295927436,31910.797264149936,41104.54124580327,47488.39788898483,55793.20478461263,67700.30146950833,71175.04965927519,100567.70768766584,28179.827731979225,37110.75605825803,48953.53246025005,50514.844012435846,57198.620643341,61915.44579584422,74376.76298235724,88330.21031553438,15473.798314148191,29919.24954200605,39986.812538504964,42973.36841097811,49193.04263707175,58406.97513251795,70078.4920814155,71955.9536246493,78467.58880842096,99804.71891028719,27850.0,45870.0,27850.0,33870.0,14630.444136875098,41355.313981652725,50704.24188147218,20151.30166095558,30941.436728632147,56497.261610412264,0.0
16296.296296296297,39214.89672239519,43938.60726932285,55297.921438340345,81028.57456994159,27862.89515047988,50235.55713308122,62421.547716438894,31875.301164341123,41095.18616746526,47482.692658572094,55795.900959723855,67697.50317088618,71197.57071698006,100595.84516203139,28141.58305851051,37077.06013492786,48953.510830342115,50515.14350282436,57207.046491529836,61952.422074039845,74389.10368922786,88344.1302185976,15397.967154189071,29882.915292994996,39957.968831497696,42967.999174227996,49190.48562922567,58424.453603956106,70098.40677023721,72007.42816295313,78492.4821842585,99839.89319645958,27850.0,45870.0,27850.0,33870.0,14591.742132298854,41365.36141373029,50732.896453970854,20117.167038221807,30939.030358518867,56533.802603259326,0.0
16336.336336336337,39204.472939049796,43918.06659039344,55293.723729048754,81063.73674150802,27824.548076455867,50237.200125034324,62458.251798509795,31839.783019591043,41085.80915104949,47476.98143215868,55798.54238968033,67694.63786023126,71220.23063543942,100624.01551184974,28103.3305594009,37043.34854974575,48953.48937424879,50515.44098065171,57215.44451433258,61989.40442871491,74401.44586433214,88358.09572857327,15322.124351870674,29846.567682700686,39929.00403281675,42962.7186025956,49187.94789961795,58441.87879357887,70118.33315348614,72058.88687689399,78517.34576261978,99875.19284381962,27850.0,45870.0,27850.0,33870.0,14553.03543444654,41375.34315451076,50761.62141104272,20083.00191915695,30936.640081561716,56570.35799928133,0.0
16376.376376376376,39193.94447108679,43897.59054632727,55289.54773511228,81098.91724747366,27786.19391580682,50238.83168968803,62494.974394505145,31804.243001111125,41076.40995463632,47471.26428823656,55801.129385616965,67691.70714257774,71243.02761325605,100652.21861456528,28065.070286123915,37009.62136263637,48953.46809010599,50515.736463457426,57223.814806790346,62026.39272379676,74413.78938375991,88372.10688332931,15246.269964348663,29810.20679139811,39899.92016493855,42957.52492346519,49185.42926797984,58459.250661190184,70138.27279916294,72110.32826964496,78542.1792842181,99910.61787365354,27850.0,45870.0,27850.0,33870.0,14514.324069844435,41385.25959537032,50790.41633478526,20048.806521687504,30934.265766215693,56606.9277120968,0.0
16416.416416416418,39183.31045050857,43877.18022155862,55285.3933408423,81134.11598709048,27747.83271309538,50240.45192866307,62531.71535824155,31768.681278353688,41066.98833772151,47465.541305724575,55803.66225877864,67688.71259611231,71265.95987518533,100680.45434812394,28026.802289706993,36975.878633181026,48953.44697607448,50516.02996859597,57232.15746333485,62063.38682432267,74426.13412453973,88386.16372024425,15170.40404832315,29773.832698684826,39870.7192163567,42952.416395937296,49182.92955586968,58476.56916884828,70158.22716885166,72161.75094919023,78566.98249375404,99946.16830418409,27850.0,45870.0,27850.0,33870.0,14475.608064805445,41395.111127546385,50819.28080764819,20014.58106191612,30931.907282093223,56643.51165599066,0.0
16456.456456456457,39172.5700125221,43856.836696262144,55281.26043089578,81169.33286031996,27709.4645125107,50242.06094251838,62568.47454497092,31733.098019032976,41057.54406120458,47459.81256396356,55806.14132049523,67685.65577218159,71289.02567215078,100708.7225909713,27988.526620736193,36942.12042062031,48953.42603033951,50516.321513238654,57240.47257780539,62100.38659640781,74438.47996464782,88400.2662762043,15094.526660043935,29737.445483488238,39841.40314157787,42947.39131085216,49180.44858665715,58493.83428085698,70178.19762598825,72213.15362004764,78591.75513992137,99981.84415056651,27850.0,45870.0,27850.0,33870.0,14436.88744543133,41404.89814207991,50848.21441248876,19980.325754136575,30929.56449995535,56680.10974590808,0.0
16496.496496496497,39161.72229592786,43836.56104596344,55277.148890281474,81204.56776782722,27671.089357872337,50243.658830763,62605.25181136465,31697.493389145875,41048.07688737732,47454.07814271173,55808.56688215677,67682.5381953351,71312.22328122202,100737.02322205121,27950.243329360907,36908.34678385717,48953.40525111044,50516.61111437611,57248.760243464916,62137.39190721361,74450.82678301662,88414.41458760021,15018.637855315628,29701.045224072717,39811.973861171544,42942.447990758315,49177.986185507194,58511.04596375683,70198.18544336979,72264.53507575091,78616.49697541275,100017.64542488434,27850.0,45870.0,27850.0,33870.0,14398.162237614955,41414.62102975894,50877.21673262611,19946.040810848637,30927.237291703008,56716.72189744836,0.0
16536.536536536536,39150.7664435158,43816.35434114342,55273.058604365695,81239.82061097505,27632.7072926341,50245.24569186829,62642.04701549761,31661.86755299234,41038.586579912546,47448.33812213942,55810.93925518893,67679.36136340303,71335.55100555957,100765.35612080416,27911.952465298455,36874.55778145971,48953.38463662029,50516.89878882043,57257.020553016104,62174.40262491723,74463.17445954385,88428.60869032395,14942.73768950266,29664.631998046672,39782.43326187122,42937.584789831046,49175.54217936458,58528.20418631617,70218.19180998232,72315.8941920136,78641.207756925,100053.57213614669,27850.0,45870.0,27850.0,33870.0,14359.432467042461,41424.28018106322,50906.28735189431,19911.72644277285,30924.92553036815,56753.34802685901,0.0
16576.57657657658,39139.70160246715,43796.217646836514,55268.98945887802,81275.0912918183,27594.31835988786,50246.82162327945,62678.86001683268,31626.220673195694,41029.07290385339,47442.59258282454,55813.258751028916,67676.12674760478,71359.0071743271,100793.7211671656,27873.654077838655,36840.753471664146,48953.36418512541,50517.184553207284,57265.25359861631,62211.41861868134,74475.52287510106,88442.84861976579,14866.826217534282,29628.20588236947,39752.78319672117,42932.80009374409,49173.11639693772,58545.30891952216,70238.21783721694,72367.22992050486,78665.8872451641,100089.6242902852,27850.0,45870.0,27850.0,33870.0,14320.698159195446,41433.87598610992,50935.425854694644,19877.382858865283,30922.629090105045,56789.988051029664,0.0
16616.61661661662,39128.52692476234,43776.15202222306,55264.94133991655,81310.37971309805,27555.922602367333,50248.38672142745,62715.69067620521,31590.552910722585,41019.53562560245,47436.84160574719,55815.52568110156,67672.83579268685,71382.59014257509,100822.11824156437,27835.34821584836,36806.933912377455,48953.34389490522,50517.46842399813,57273.45947189223,62248.43975862475,74487.87191154258,88457.13441081127,14790.903493909473,29591.76695335823,39723.02548526589,42928.09231949914,49170.70866868297,58562.360136571195,70258.26456453567,72418.54128317612,78690.53520484982,100125.80189015143,27850.0,45870.0,27850.0,33870.0,14281.959339353103,41443.40883460051,50964.63182604638,19843.010266332225,30920.34784618146,56826.641887486316,0.0
16656.656656656658,39117.24156759447,43756.158520216224,55260.91413395347,81345.68577823581,27517.52006245173,50249.94108174047,62752.53885580778,31554.864424902615,41009.97451291153,47431.08527228492,55817.74035679569,67669.48991708647,71406.29829109785,100850.54722492093,27797.034927775858,36773.09916118033,48953.32376426164,50517.75041748235,57281.63826395396,62285.46591579364,74500.22145171423,88471.46609783798,14714.969572701748,29555.31528669471,39693.16191377833,42923.45991521672,49168.31882678877,58579.35781285982,70278.33296464158,72469.82736708291,78715.15140472008,100162.10493551532,27850.0,45870.0,27850.0,33870.0,14243.216032594319,41452.87911576877,50993.90485163692,19808.60887064473,30918.081674969868,56863.309454385395,0.0
16696.6966966967,39105.84469378811,43736.23818704374,55256.90772783998,81381.00939132819,27479.110782169493,50251.484798655394,62789.404419175116,31519.155373447993,41000.38933487149,47425.323664207455,55819.90308944104,67666.09051312043,71430.1300262655,100879.00799864609,27758.71426165531,36739.249275329756,48953.303791518854,50518.03054977923,57289.79006540864,62322.496962133344,74512.57137946208,88485.84371471283,14639.024507563923,29518.85095743201,39663.19423552316,42918.90135989152,49165.94670515988,58596.301925975,70298.42394820279,72521.08731965383,78739.73561753507,100198.53342306288,27850.0,45870.0,27850.0,33870.0,14204.468263799768,41462.2872183298,51023.24451787046,19774.17887555318,30915.830453938757,56899.990670508065,0.0
16736.73673673674,39094.33547222293,43716.39206182488,55252.92200881122,81416.35045714094,27440.69480320185,50253.01796562906,62826.28723116909,31483.425912472667,40990.77986190233,47419.556863671576,55822.01419028496,67662.63894719566,71454.08377983383,100907.50044463895,27720.386265111076,36705.38431176182,48953.28397502304,50518.30883684009,57297.914966373326,62359.53277046063,74524.92157964117,88500.26729478885,14563.068351732838,29482.37404000116,39633.12417105182,42914.41516311614,49163.592139401415,58613.19245568438,70318.53836817313,72572.32034436273,78764.28762008078,100235.08734639564,27850.0,45870.0,27850.0,33870.0,14165.716057653963,41471.6335304303,51052.65041191575,19739.72048310176,30913.59406164384,56936.6854552544,0.0
16776.77677677678,39082.71307826197,43696.62117614299,55248.95686449126,81451.70888110378,27402.272166886454,50254.5406751494,62863.18715796412,31447.676196511413,40981.14586574362,47413.78495321593,55824.07397047008,67659.13656004,71478.15800873343,100936.02444528554,27682.050985362002,36671.50432709439,48953.264313141815,50518.58529445037,57306.013056487835,62396.57321443684,74537.27193812438,88514.73687090242,14487.101158033953,29445.884608217566,39602.95340852672,42909.999864775855,49161.254966803375,58630.02938392659,70338.67702374872,72623.52569676525,78788.8071931724,100271.76669602959,27850.0,45870.0,27850.0,33870.0,14126.959438647293,41480.91843959984,51082.122121752865,19705.23389364276,30911.372377719363,56973.39372863788,0.0
16816.81681681682,39070.976694183984,43676.92655361396,55245.012182897415,81487.0845693046,27363.842914220855,50256.053018746694,62900.10406703245,31411.90637853842,40971.48711944513,47408.00801575571,55826.08274101175,67655.58466695138,71502.35119484056,100964.57988345705,27643.708469225658,36637.60937762967,48953.24480426418,50518.859938231515,57314.08442492651,62433.61816854116,74549.62234181103,88529.25247537033,14411.122978885902,29409.38273528752,39572.683604070466,42905.654034717656,49158.93502632463,58646.81269480112,70358.84066399516,72674.7026808651,78813.29412165756,100308.5714593949,27850.0,45870.0,27850.0,33870.0,14088.198431078034,41490.142332703246,51111.65923621872,19670.71930585093,30909.16528286935,57010.11541127972,0.0
16856.85685685686,39059.125509619524,43657.30920945114,55241.08785244495,81522.47742848436,27325.407085866027,50257.55508700413,62937.037827129825,31376.116609986053,40961.80339735765,47402.22613457741,55828.04081277589,67651.98455806353,71526.66184473102,100993.16664250835,27605.35876312254,36603.69951935695,48953.22544679982,50519.13278364298,57322.12916041026,62470.667508044775,74561.97267863568,88543.81413998693,14335.133866305023,29372.8684938147,39542.316382138946,42901.37627239617,49156.63215857734,58663.54237455809,70379.02999117598,72725.8506457789,78837.74819441885,100345.50162083597,27850.0,45870.0,27850.0,33870.0,14049.433059054298,41499.30559589412,51141.261345051586,19636.176916737695,30906.972658858995,57046.85042440331,0.0
16896.8968968969,39047.158721990316,43637.77015002703,55237.18376195131,81557.88736603134,27286.964722149813,50259.04696956895,62973.98830828124,31340.30704076304,40952.09447512416,47396.439393333385,55829.94849645743,67648.33749862667,71551.08848941914,101021.78460627621,27567.001913080174,36569.77480795511,48953.20623917927,50519.40384598425,57330.14735121747,62507.72110898534,74574.322837577,88558.42189602133,14259.133871909757,29336.341955806216,39511.853335914035,42897.1652064991,49154.34620581129,58680.21841158813,70399.24566381105,72776.96898267191,78862.1692043764,100382.55716161213,27850.0,45870.0,27850.0,33870.0,14010.663346496005,41508.40861456942,51170.92803893458,19601.606921665265,30904.79438850593,57083.59868982881,0.0
16936.936936936938,39035.07553695149,43618.31037243222,55233.29980064013,81593.31428997614,27248.515863070297,50260.52875516288,63010.95538176682,31304.47781927253,40942.36012967117,47390.6478760365,55831.80610255859,67644.64472930094,71575.62968408268,101050.43365907758,27528.637964737223,36535.835298795166,48953.187179853136,50519.67314039674,57338.13908519511,62544.77884814191,74586.67270866616,88573.07577421455,14183.123046925035,29299.803192679003,39481.29602771492,42893.01949455472,49152.07701189829,58696.84079641176,70419.48829948899,72828.05712193938,78886.55694848974,100419.73805989814,27850.0,45870.0,27850.0,33870.0,13971.889317136829,41517.45177332511,51200.658909538055,19567.00951436074,30902.630355671616,57120.360129967645,0.0
16976.976976976977,39022.87516883614,43598.93086403218,55229.43585814546,81628.7581089862,27210.060548299203,50262.00053159279,63047.93892010801,31268.629092429932,40932.60013920037,47384.85166705459,55833.613941367876,67640.9074664624,71600.28400777657,101079.11368570822,27490.266963347513,36501.88104694288,48953.16826729203,50519.940681865584,57346.10444976896,62581.84060301044,74599.02218299586,88587.77580477681,14107.101442186584,29263.25227526586,39450.64598942477,42888.937822523425,49149.824422316655,58713.40952166874,70439.75847745656,72879.11453061158,78910.91122775988,100457.04429078601,27850.0,45870.0,27850.0,33870.0,13933.110994526076,41526.435455912935,51230.453549561,19532.384886930053,30900.48044525273,57157.13466781722,0.0
17017.01701701702,39010.55684110176,43579.63260202215,55225.59182451544,81664.21873236063,27171.598817185193,50263.46238576107,63084.938797053735,31232.761005680666,40922.81428318031,47379.050851104956,55835.37232293903,67637.12690251874,71625.05006313544,101107.82457144078,27451.888953784,36467.91210716108,48953.14949998619,50520.20648522162,57354.043531953634,62618.90625177966,74611.37115272891,88602.52201738488,14031.069108145159,29226.689273821587,39419.904722931016,42884.918904375714,49147.588284135505,58729.92458210753,70460.05674100484,72930.14070996182,78935.23184723046,100494.47582628629,27850.0,45870.0,27850.0,33870.0,13894.328402030562,41535.36004519816,51260.31155277128,19497.73322987186,30898.344543172578,57193.92222695556,0.0
17057.05705705706,38998.11978677806,43560.416552980845,55221.76759021605,81699.69607002505,27133.13070875715,50264.914403676,63121.95488756685,31196.87370301737,40913.002342338696,47373.245513248854,55837.08155707053,67633.30420623429,71649.92647606693,101136.56620202328,27413.503980542748,36433.92853391232,48953.13087644526,50520.47056514329,57361.956418362504,62655.97567330756,74623.71951110703,88617.31444117929,13955.026094870771,29190.11425802898,39389.07370057747,42880.96148165833,49145.36844599971,58746.385974574165,70480.383599671,72981.13519329994,78959.51861598909,100532.03263533062,27850.0,45870.0,27850.0,33870.0,13855.541562836497,41544.22592311852,51290.232514045,19463.054732091383,30896.222536372516,57230.7227315361,0.0
17097.0970970971,38985.56324891556,43541.28367242339,55217.963046134675,81735.19003252636,27094.656261727436,50266.35667046181,63158.98706781074,31160.967326997186,40903.1640986545,47367.43573888573,55838.741953285185,67629.44052306286,71674.91189543704,101165.33846367744,27375.112087746762,36399.930381361264,48953.112395197866,50520.73293615822,57369.8431952167,62693.048747097986,74636.06715245932,88632.1531047618,13878.972452056762,29153.52729700457,39358.154365625975,42877.06432305089,49143.164758114115,58762.79369800125,70500.73953127052,73032.09754393387,78983.77134716787,100569.71468377417,27850.0,45870.0,27850.0,33870.0,13816.750499951284,41553.03347064409,51320.21602940464,19428.349580914135,30894.114312803475,57267.536106282394,0.0
17137.13713713714,38972.8864810346,43522.234904354096,55214.17808358354,81770.70053102777,27056.175514495073,50267.789270368914,63196.03521513599,31125.042018758788,40893.29933535057,47361.621613747644,55840.35382081017,67625.53697548747,71700.00499274847,101194.14124309685,27336.71331914988,36365.917703377,48953.0940547914,50520.99361264533,57377.70394835432,62730.12535327792,74648.41397221138,88647.03803619268,13802.908229023911,29116.928459304687,39327.14813272633,42873.22622391375,49140.977072228445,58779.14775339673,70521.12498377681,73083.02735328642,79007.98985794434,100607.52193439857,27850.0,45870.0,27850.0,33870.0,13777.955236205356,41561.78306773822,51350.261696056434,19393.617962099503,30892.019761417418,57304.36227648308,0.0
17177.17717717718,38960.08874757392,43503.27118081948,55210.41259430289,81806.2274773037,27017.688505148908,50269.21228678373,63233.09920806736,31089.097918038933,40883.407836886385,47355.80322389358,55841.917468557294,67621.59466336502,71725.20446181309,101222.9744274457,27298.30771814053,36331.89055353562,48953.07585379183,50521.25260883637,57385.53876323886,62767.20537257498,74660.75986689352,88661.96926298828,13726.833474724455,29080.317812931095,39296.0563883928,42869.44600582967,49138.8052416221,58795.44814383266,70541.54037705918,73133.92423915153,79032.17396954115,100645.45434691537,27850.0,45870.0,27850.0,33870.0,13739.155794253955,41570.475093319605,51380.36911242645,19358.86005985437,30889.938772158894,57341.20116798673,0.0
17217.217217217218,38947.169324338596,43484.393421462395,55206.666470464326,81841.77078373468,26979.195271470755,50270.62580223852,63270.17892629072,31053.135163189225,40873.48938895094,47349.980655703475,55843.4332051035,67617.61466427657,71750.50901841949,101251.83790435678,27259.8953277455,36297.848985122335,48953.05779078316,50521.50993881773,57393.34772496771,62804.288686295404,74673.10473414988,88676.94681211829,13650.748237746026,29043.695425336737,39264.88049148541,42865.72251614017,49136.64912108888,58811.69487443347,70561.98610449299,73184.78784408029,79056.32350722622,100683.51187796993,27850.0,45870.0,27850.0,33870.0,13700.352196578882,41579.1099252252,51410.53787819592,19324.07605684657,30887.871235956627,57378.05270719681,0.0
17257.257257257257,38934.127498946385,43465.60253307739,55202.93960467359,81877.33036330264,26940.69585093847,50272.0298984212,63307.27425064032,31017.153891192294,40863.54377845605,47344.153995872606,55844.901338671654,67613.59803388045,71775.91739999696,101280.7315619299,27221.47619063364,36263.793051133965,48953.03986436743,50521.76561653224,57401.13091827998,62841.375176302376,74685.44847274674,88691.97071000363,13574.65256631553,29007.061363431298,39233.62177369537,42862.05462747805,49134.50856692184,58827.88795236447,70582.46253445174,73235.61783388416,79080.43830031202,100721.6944811455,27850.0,45870.0,27850.0,33870.0,13661.54446549026,41587.687940174364,51440.76759433538,19289.266134218233,30885.8170447151,57414.91682106667,0.0
17297.297297297297,38920.962571272226,43446.899409168436,55199.23188997363,81912.9061295857,26902.190280728995,50273.42465618484,63344.385063086156,30981.15423767802,40853.57079352973,47338.3233314056,55846.32217711182,67609.54580626875,71801.4283652757,101309.65528873031,27183.050349119498,36229.72280428122,48953.02207316429,50522.01965578078,57408.88842756448,62878.46472499466,74697.79098258156,88707.04098251357,13498.546508303061,28970.41569358691,39202.28154003277,42858.44123729726,49132.3834368986,58844.027386820046,70602.97001169174,73286.41389624635,79104.51818215515,100760.00210696812,27850.0,45870.0,27850.0,33870.0,13622.732623128246,41596.20951373378,51471.05786313797,19254.430471599095,30883.776091306227,57451.79343709468,0.0
17337.33733733734,38907.673853890024,43428.284929509085,55195.54321984724,81948.49799675362,26863.67859772138,50274.81015555727,63381.51124672133,30945.1363369393,40843.570223509734,47332.488749610464,55847.69602788253,67605.45899432554,71827.04069394547,101338.608973787,27144.617845166973,36195.63829699094,48953.004415810734,50522.27207022401,57416.62033686676,62915.557215285524,74710.13216469143,88722.15765496361,13422.430111225727,28933.75848164349,39170.861069315826,42854.88126740124,49130.27359026612,58860.11318901165,70623.50885863746,73337.1757394324,79128.56299015487,100798.43470291118,27850.0,45870.0,27850.0,33870.0,13583.916691464725,41604.67502028358,51501.40828825169,19219.569247119725,30881.748269561038,57488.68248331924,0.0
17377.37737737738,38894.260672511366,43409.75995970621,55191.87348821974,81984.10587956267,26825.160838499774,50276.186475750335,63418.65268574988,30909.1003219479,40833.54185893748,47326.650338092695,55849.02319803246,67601.33859008653,71852.75318631204,101367.5925065908,27106.17872039286,36161.53958140843,48952.986890960994,50522.522873384034,57424.326729896566,62952.65253058228,74722.47192126192,88737.32075211297,13346.303422251298,28897.089792914256,39139.36161466026,42851.37366347086,49128.178887725924,58876.14537215575,70644.07937657676,73387.90309109158,79152.57256575176,100836.99221340162,27850.0,45870.0,27850.0,33870.0,13545.096692305011,41613.0848329843,51531.81847471069,19184.6826374246,30879.73347426136,57525.58388831405,0.0
17417.41741741742,38880.722366420094,43391.32535076728,55188.2225894615,82019.72969335112,26786.63703935634,50277.55369516926,63455.80926547438,30873.04632436999,40823.4854915521,47320.80818474929,55850.30399418248,67597.18556509947,71878.56466295337,101396.60577709328,27067.733016070393,36127.426709399515,48952.96949728606,50522.77207864597,57432.0076900346,62989.750554765626,74734.81015563545,88752.53029816238,13270.16648820186,28860.409692190973,39107.78440396843,42847.91739459279,49126.099191419446,58892.12395146153,70664.68184677206,73438.59569714178,79176.5467544261,100875.674579825,27850.0,45870.0,27850.0,33870.0,13506.272647289457,41621.43932374487,51562.28802896567,19149.770817685145,30877.731601131658,57562.49758118319,0.0
17457.457457457458,38867.058288902816,43372.98193867259,55184.59041839029,82055.36935403432,26748.107236294178,50278.9118914218,63492.98087228402,30836.97447458133,40813.4009142845,47314.96237776244,55851.53872250781,67593.00087078434,71904.4739643751,101425.64867570449,27029.28077313271,36093.29973255296,48952.952233473596,50523.01969925966,57439.66330033906,63026.851172169874,74747.14677232047,88767.78631675165,13194.019355557637,28823.718243749438,39076.1306404168,42844.51145278915,49124.034364913394,58908.04894411871,70685.31653149541,73489.2533207314,79200.48540569584,100914.48174053222,27850.0,45870.0,27850.0,33870.0,13467.44457789517,41629.73886319159,51592.816558913226,19114.83396161267,30875.74254683078,57599.423491556554,0.0
17497.4974974975,38853.26780767399,43354.73054395234,55180.97687027355,82091.02477810011,26709.57146503018,50280.26114132726,63530.167393642565,30800.884901682475,40803.28792125208,47309.11300559371,55852.727688720566,67588.78543879306,71930.47995066651,101454.7210932916,26990.82203217631,36059.15870218248,48952.935098227535,50523.26574834119,57447.29364355226,63063.95426756294,74759.48167699979,88783.08883095751,13117.862070460502,28787.01551135453,39044.40150294117,42841.15485254933,49121.98427318495,58923.920369284795,70705.98367499263,73539.87574127197,79224.388373114,100953.41363084616,27850.0,45870.0,27850.0,33870.0,13428.612505437537,41637.98382063799,51623.40367392446,19079.872241471196,30873.766208943827,57636.36154958499,0.0
17537.53753753754,38839.350305295484,43336.571971269725,55177.3818408306,82126.6958826042,26671.02976099792,50281.601520925426,63567.36871807664,30764.777733513718,40793.146307753166,47303.260156977645,55853.871198052526,67584.54018136824,71956.58150115749,101483.82292117718,26952.356833464488,36025.00366932896,48952.91809026812,50523.5102388745,57454.89880210634,63101.05972612703,74771.81477653916,88798.43786329139,13041.69467871742,28750.301558265524,39012.59814671927,42837.846630364606,49119.94878260767,58939.73824807258,70726.6835043825,73590.46275353571,79248.25551426632,100992.47018306839,27850.0,45870.0,27850.0,33870.0,13389.776451071899,41646.17456405572,51654.048984872396,19044.88582809022,30871.802485974044,57673.31168593574,0.0
17577.57757757758,38825.305179589624,43318.507009010325,55173.8052262346,82162.38258516544,26632.482159350388,50282.93310548555,63604.584735164055,30728.653096669877,40782.97587026199,47297.40392091569,55854.96955523823,67580.26599170019,71982.77751407669,101512.95405113739,26913.88521693065,35990.834684762616,48952.90120833133,50523.75318371289,57462.47885812959,63138.16743343932,74784.14597899634,88813.83343569726,12965.517225804208,28713.576447241045,38980.72170364941,42834.58584426603,49117.92776093686,58955.502603537316,70747.41623049625,73641.01416681377,79272.08669076803,101031.65132648704,27850.0,45870.0,27850.0,33870.0,13350.936435795073,41654.31146004619,51684.752104158724,19009.87489087736,30869.851277334772,57710.27383178787,0.0
17617.61761761762,38811.13184404539,43300.536428878644,55170.24692311457,82198.08480396136,26593.928694962804,50284.255969514896,63641.81533552228,30692.51111651464,40772.776406423545,47291.54438666979,55856.023064498266,67575.96374428176,72009.06690621132,101542.11437540076,26875.40722218166,35956.651798985054,48952.884451168815,50523.99459558062,57470.033893451866,63175.27727545304,74796.47519362952,88829.27556954947,12889.3297568686,28676.840240544185,38948.77328282544,42831.37157336663,49115.92107729534,58971.21346066379,70768.18204866133,73691.52980412944,79295.88176826088,101070.95698738442,27850.0,45870.0,27850.0,33870.0,13312.092480446961,41662.394873813435,51715.51264573961,18974.83959783095,30867.912483341403,57747.24791882765,0.0
17657.65765765766,38796.82972821679,43282.660985502334,55166.70682855717,82233.80245772368,26555.36940243535,50285.570186767494,63679.06041079714,30656.35191719519,40762.54771504903,47285.68164375627,55857.0320295229,67571.63429526135,72035.44861256948,101571.30378664579,26836.92288850113,35922.45506223129,48952.86781754766,50524.234487074325,57477.563989610084,63212.389138478764,74808.80233090602,88844.76428565073,12813.132316733998,28640.092999947556,38916.753971006634,42828.20291740778,49113.928602159285,58986.87084635327,70788.98113943452,73742.00950150276,79319.64061640913,101110.38708904514,27850.0,45870.0,27850.0,33870.0,13273.244605712032,41670.425169137496,51746.33022515047,18939.78011555248,30865.986005203427,57784.2338792441,0.0
17697.6976976977,38782.39827811312,43264.88141604475,55163.18484010845,82269.53546573369,26516.804316095877,50286.875830252684,63716.31985365144,30620.175621656283,40752.289596111135,47279.81578193928,55857.99675345593,67567.27848279249,72061.92158604485,101600.522178,26798.432254852643,35888.24452447198,48952.85130625016,50524.47287066462,57485.06922785361,63249.502909165945,74821.1273025111,88860.29960422995,12736.924949902696,28603.334786738073,38884.6648330828,42825.07899631082,49111.95020734424,59002.47478941038,70809.81366928737,73792.45310726255,79343.3631088961,101149.94155176496,27850.0,45870.0,27850.0,33870.0,13234.392832120902,41678.402708349044,51777.20445953007,18904.696609258986,30864.071745016496,57821.23164572452,0.0
17737.737737737738,38767.83695658023,43247.19843982651,55159.6808557753,82305.28374781794,26478.233470002568,50288.17297224344,63753.59355775398,30583.982351654184,40742.001850739616,47273.946891224565,55858.917538878784,67562.89712738087,72088.48479708414,101629.76944303792,26759.93535988299,35854.0202354153,48952.83491607356,50524.70975869747,57492.549689149004,63286.61847448467,74833.45002135658,88875.88154494044,12660.707700559153,28566.56566172198,38852.50691253386,42821.99894973384,49109.985765991056,59018.02532052969,70830.67979124843,73842.8604814026,79367.04912341975,101189.62029285959,27850.0,45870.0,27850.0,33870.0,13195.53718005179,41686.327852304625,51808.134967643586,18869.58924279536,30862.169605754552,57858.24115145009,0.0
17777.777777777777,38753.14524367232,43229.612757956544,55156.194774027346,82341.04722434381,26439.656897946603,50289.461684284805,63790.88141776858,30547.7722277706,40731.68428121714,47268.0750618529,55859.79468779499,67558.49103222728,72115.13723335782,101659.04547577929,26721.432241925326,35819.78224450904,48952.81864582987,50524.94516339572,57500.005454185324,63323.73572170761,74845.77040158943,88891.51012685773,12584.480612573363,28529.78568522947,38820.28123188343,42818.96193663438,49108.03515255205,59033.52247228235,70851.5796455048,73893.23149497775,79390.69854168833,101229.42322667407,27850.0,45870.0,27850.0,33870.0,13156.677669732042,41694.20096036294,51839.12136990501,18834.45817864655,30860.279491261987,57895.262330091464,0.0
17817.81781781782,38738.32263701353,43212.12505297344,55152.72649379792,82376.8258162151,26401.074633454748,50290.742037202115,63828.18332934313,30511.545369426305,40721.336690975215,47262.20038429374,55860.62850161477,67554.06098356776,72141.87789943442,101688.35017068766,26682.92293900229,35785.530600942635,48952.80249434561,50525.17909686043,57507.43660337827,63360.854538392305,74858.08835860065,88907.18536847782,12508.24372950396,28492.994917119606,38787.98879314635,42815.96713483798,49106.09824277729,59048.96627910249,70872.51335996599,73943.56602953814,79414.3112494155,101269.35026459268,27850.0,45870.0,27850.0,33870.0,13117.81432123954,41702.02239036189,51870.16328839857,18799.303577949628,30858.401306245873,57932.295115804496,0.0
17857.85785785786,38723.36865214895,43194.735988497574,55149.27591448567,82412.61944486779,26362.48670979196,50292.01410110911,63865.499189098926,30475.30189489458,40710.95888459032,47256.32294923859,55861.41928113997,67549.6077510094,72168.70581645839,101717.68342266872,26644.407488829114,35751.26535364895,48952.78646046165,50525.41157107242,57514.8432168752,63397.974812363456,74870.403809034,88922.9072877152,12431.99709460152,28456.1934167849,38755.63057826976,42813.013740613176,49104.17491370088,59064.35677727354,70893.4810507936,73993.86397659837,79437.8871363154,101309.40131504882,27850.0,45870.0,27850.0,33870.0,13078.947154504225,41709.79249859646,51901.26034689933,18764.12560050586,30856.534956268202,57969.33944322594,0.0
17897.8978978979,38708.28282288406,43177.44620889451,55145.842935955705,82448.42803226571,26323.89315996391,50293.27794541593,63902.82889462016,30439.04192131451,40700.550667780204,47250.442847594415,55862.16732654924,67545.13208786174,72195.6200218315,101747.04512706838,26605.88592881669,35716.986551306516,48952.77054303289,50525.64259789353,57522.22537455901,63435.09643169566,74882.71667079454,88938.67590190118,12355.740750811652,28419.38124315601,38723.20754956744,42810.100968252984,49102.265043627485,59079.69400491446,70914.48282289843,74044.12523713871,79461.4260960972,101349.57628353563,27850.0,45870.0,27850.0,33870.0,13040.076189309457,41717.511639797456,51932.41217089309,18728.924404792568,30854.68034773823,58006.3952474692,0.0
17937.93793793794,38693.06470161246,43160.25633895052,55142.427458540726,82484.25150089631,26285.29401671954,50294.53363883717,63940.17234444329,30402.765564704212,40690.1118474004,47244.56017047719,55862.87293738344,67540.6347314644,72222.61956889907,101776.43517967124,26567.358296074566,35682.6942423412,48952.75474092827,50525.87218906806,57529.58315605248,63472.21928469606,74895.02686305746,88954.49122778188,12279.474740778092,28382.558454706264,38690.72065014746,42807.228049663136,49100.36851211882,59094.97800196572,70935.51877040757,74094.34972113644,79484.92802645965,101389.87507261685,27850.0,45870.0,27850.0,33870.0,13001.201445293485,41725.18016711113,51963.61838759539,18693.700147974996,30852.837387904834,58043.46246412018,0.0
17977.97797797798,38677.71385963106,43143.16698356051,55139.02938304201,82520.08977376643,26246.689312553524,50295.7812493996,63977.52943804688,30366.47293997364,40679.6422314408,47238.675009205064,55863.53641253135,67536.11640351027,72249.70352663963,101805.85347669912,26528.824627413975,35648.388474928266,48952.73905303037,50526.1003562242,57536.91664072239,63509.34325988734,74907.33430627678,88970.35328151677,12203.199106845681,28345.7251094563,38658.17080433269,42804.3942339572,49098.48519998044,59110.208810175354,70956.58897710391,74144.53734712552,79508.39282908486,101430.29758193804,27850.0,45870.0,27850.0,33870.0,12962.322941950817,41732.79843207943,51994.878625969766,18658.452985918033,30851.005984848893,58080.54102923308,0.0
18018.018018018018,38662.22988744226,43126.178727429084,55135.64861073046,82555.9427743982,26208.079079708747,50297.02084445005,64014.9000758412,30330.164160937577,40669.141629022546,47232.78745529185,55864.1580502156,67531.5778103636,72276.87097935965,101835.29991480913,26490.284959350734,35614.06929699423,48952.72347823523,50526.327110875194,57544.225907682914,63546.4682459909,74919.63892219403,88986.26207867674,12126.913891063617,28308.88126497841,38625.55891807399,42801.59878705876,49096.614989248366,59125.38647308467,70977.69351683985,74194.68804178176,79531.82040963255,101470.84370823807,27850.0,45870.0,27850.0,33870.0,12923.440698633589,41740.366784621176,52026.19251674525,18623.18307319787,30849.186047475814,58117.630879326316,0.0
18058.058058058057,38646.61239504263,43109.29213478513,55132.28504334738,82591.81042682487,26169.463350178743,50298.252490662984,64052.28415915826,30293.839340328075,40658.60985039492,47226.897600440156,55864.73814797877,67527.01964337399,72304.12102639204,101864.77439109203,26451.73932810822,35579.73675621866,48952.708015452285,50526.552464420856,57551.51103579991,63583.594131910235,74931.9406338473,89002.21763424258,12050.619135188157,28272.02697840099,38592.88587935641,42798.84099131074,49094.75776317614,59140.51103601415,70998.83245392672,74244.80173953249,79555.21067773314,101511.5133453611,27850.0,45870.0,27850.0,33870.0,12884.554734552956,41747.88557301402,52057.55969243303,18587.890563113535,30847.37748550799,58154.73195137848,0.0
18098.0980980981,38630.86101219741,43092.50774911053,55128.93858310535,82627.6926555867,26130.842155710092,50299.47625404809,64089.6815902418,30257.498589807084,40648.04670693251,47221.005536534685,55865.27700266999,67522.4425791851,72331.45278179992,101894.27680307074,26413.187769620206,35545.39090003616,48952.69266360409,50526.77642814876,57558.77210369386,63620.72080671421,74944.23936557947,89018.2199626033,11974.314880685783,28235.16230641303,38560.152558597896,42796.12014509192,49092.913406221734,59155.58254604893,71020.00584350186,74294.87838218859,79578.56354698134,101552.30638426887,27850.0,45870.0,27850.0,33870.0,12845.665068780418,41755.35514387707,52088.97978734251,18552.575607698338,30845.58020947741,58191.84418282425,0.0
18138.13813813814,38614.97538870067,43075.826092883515,55125.6091326888,82663.58938572698,26092.215527804812,50300.69219995779,64127.092272237394,30221.142019978724,40637.4520111325,47215.11135563553,55865.77491043142,67517.84728003872,72358.86537408471,101923.80704869848,26374.63031953375,35511.031775638105,48952.677421626024,50526.99901323551,57566.0091897437,63657.84815962072,74956.53504304755,89034.26907755464,11898.001168735947,28198.287305268248,38527.35980904051,42793.43556244084,49091.08180403471,59170.6010520244,71041.2137318752,74344.91791859778,79601.878934929,101593.2227130534,27850.0,45870.0,27850.0,33870.0,12806.771720249166,41762.77584215434,52120.452437596505,18517.238357731294,30843.794130718252,58228.96751155045,0.0
18178.17817817818,38598.95519462038,43059.24766733691,55122.2965952548,82699.5005427879,26053.583497722695,50301.90039309458,64164.51610918273,30184.769740401385,40626.82557661209,47209.2151499711,55866.23216668528,67513.23439407398,72386.35794589896,101953.3650263572,26336.067013211985,35476.65942997443,48952.66228846635,50527.220230748106,57573.22237208991,63694.9760799806,74968.82759323105,89050.36499229755,11821.678040233961,28161.40203078942,38494.50846713432,42790.78657268694,49089.26284344337,59185.56660451146,71062.45615685574,74394.92030431707,79625.15676307803,101634.26221694973,27850.0,45870.0,27850.0,33870.0,12767.874707755407,41770.1480110989,52151.977281145715,18481.878962748342,30842.019161359567,58266.101875892105,0.0
18218.21821821822,38582.80012052799,43042.772952231964,55119.00087443333,82735.42605280671,26014.946096483643,50303.10089751839,64201.95300599796,30148.381859599824,40616.167218106086,47203.31701193158,55866.649066121,67508.60455562136,72413.92965376412,101982.95063485601,26297.497885736924,35442.273909755495,48952.64726308579,50527.4400916452,57580.4117286376,63732.104457261325,74981.11694444092,89066.50771943672,11745.345535794015,28124.506538372756,38461.59935291359,42788.17252008908,49087.45641244228,59200.4792558021,71083.73314806048,74444.88550130381,79648.39695687241,101675.4247783494,27850.0,45870.0,27850.0,33870.0,12728.974049959623,41777.47199225779,52183.55395778259,18446.497571053522,30840.255214317982,58303.2472146285,0.0
18258.25825825826,38566.509877712284,43026.40240564798,55115.72187432807,82771.36584231164,25976.303354869957,50304.2937766538,64239.40286847623,30111.978485076903,40605.47675146462,47197.417034061684,55867.02590268258,67503.95838549158,72441.57966779315,102012.56377342946,26258.92297191219,35407.875261453846,48952.63234445758,50527.65860677817,57587.577337059556,63769.23318103112,74993.40302632844,89082.69727097913,11669.003695751613,28087.60088299182,38428.633270365935,42785.592763481465,49085.662400179564,59215.33905989428,71105.04472720611,74494.81347762395,79671.59944569097,101716.71027681431,27850.0,45870.0,27850.0,33870.0,12690.069765387903,41784.74812545763,52215.18210915447,18411.094329730127,30838.50220329051,58340.40346697936,0.0
18298.2982982983,38550.08419837709,43010.13646378832,55112.459499516466,82807.3198383181,25937.655303428637,50305.47909329711,64276.86560327425,30075.559723325438,40594.75399365109,47191.515309054055,55867.362969556205,67499.29649125953,72469.30717141794,102042.2043417357,26220.342306265786,35373.46353130585,48952.617531567,50527.875786892546,57594.71927479918,63806.362140943005,75005.68576989396,89098.93365833264,11592.652560166662,28050.685119201822,38395.61100779335,42783.04667592684,49083.88069694446,59230.14607247719,71126.3909083849,74544.70420717553,79694.764162839,101758.11858909023,27850.0,45870.0,27850.0,33870.0,12651.161872433193,41791.97674879086,52246.86137877595,18375.66938465165,30836.760042747366,58377.57057260099,0.0
18338.33833833834,38533.52283582212,42993.97554080283,55109.21365505029,82843.28796832477,25899.001972473583,50306.65690962344,64314.341117902964,30039.125679839573,40583.99876274004,47185.61192974201,55867.660559158234,67494.6194675435,72497.11136112161,102071.87223985507,26181.755923052722,35339.038765313686,48952.60282341148,50528.09164262914,57601.83761907322,63843.49122671926,75017.96510749565,89115.21689230483,11516.292168826029,28013.75930114359,38362.533338166344,42780.533644377094,49082.11119415512,59244.90035091636,71147.77169832581,74594.55766942815,79717.89104554002,101799.64958912141,27850.0,45870.0,27850.0,33870.0,12612.250389356534,41799.15819860279,52278.59141204068,18340.22288049271,30835.02864792481,58414.748471582476,0.0
18378.37837837838,38516.825564607294,42977.92002862738,55105.98424645567,82879.27016030965,25860.34339208785,50307.82728719369,64351.82932071846,30002.67645912635,40573.21087791547,47179.70698909271,55867.918963123084,67489.92789627823,72524.99144617576,102101.56736828848,26143.16385625771,35304.60100924675,48952.58821900035,50528.30618452521,57608.93244687439,63880.620328135476,75030.24097285862,89131.54698310152,11439.922561246214,27976.823482547632,38329.401019470344,42778.05306934107,49080.35378434632,59259.60195423839,71169.18709664205,74644.37384917535,79740.9800349274,101841.3031480652,27850.0,45870.0,27850.0,33870.0,12573.335334288353,41806.2928094792,52310.37185623245,18304.754960739876,30833.307934818135,58451.93710444198,0.0
18418.41841841842,38499.992180699606,42961.97029684044,55102.77117973347,82915.2663427265,25821.679592125816,50308.99028696139,64389.3301209128,29966.21216471681,40562.39015946903,47173.80058020009,55868.13847229176,67485.22234698423,72552.94664838273,102131.28962795541,26104.5661395978,35270.150308643584,48952.573717354535,50528.51942301562,57616.00383497394,63917.74933500538,75042.51330108359,89147.92394032565,11363.543776676066,27939.877716738192,38296.214795045016,42775.60436455965,49078.60836115739,59274.25094311585,71190.63709606494,74694.1527363006,79764.03107603536,101883.07913430688,27850.0,45870.0,27850.0,33870.0,12534.416725229625,41813.38091423469,52342.202360535695,18269.26576770238,30831.59782017464,58489.13641212298,0.0
18458.45845845846,38483.022501602696,42946.126692537306,55099.57436135913,82951.27644450085,25783.010602215392,50310.145969279496,64426.8434285051,29929.732899177226,40551.536428798456,47167.89279627778,55868.31937670033,67480.50337703087,72580.97620182254,102161.03892019275,26065.96280652495,35235.6867088135,48952.559317506486,50528.73136843409,57623.05185992415,63954.87813716503,75054.78202865573,89164.34777297603,11287.155854099394,27902.922056636977,38262.97539391584,42773.18695668804,49076.87481932026,59288.84737985209,71212.1216826667,74743.8943255556,79787.04411778995,101924.97741347508,27850.0,45870.0,27850.0,33870.0,12495.49458005312,41820.42284390162,52374.08257604527,18233.75544252277,30829.898221486626,58526.3463359906,0.0
18498.4984984985,38465.91636646874,42930.38954022189,55096.39369828299,82987.30039502637,25744.33645176012,50311.294393907156,64464.36915433271,29893.238764120113,40540.6495084062,47161.98373065211,55868.46196556867,67475.77153189536,72609.07935260492,102190.81514675265,26027.35389022862,35201.21025483821,48952.54501850018,50528.94203101434,57630.07659806059,63992.006624457805,75067.04709345393,89180.81848944632,11210.758832237461,27865.956554767276,38229.68353111896,42770.80028498509,49075.153054647555,59303.39132836585,71233.64083607099,74793.5986163496,79810.01911300009,101966.99784845716,27850.0,45870.0,27850.0,33870.0,12456.568916504602,41827.418927719715,52406.01215577568,18198.22412518745,30828.209056984564,58563.566817827974,0.0
18538.538538538538,38448.673636192456,42914.75914171645,55093.22909793,83023.33812416109,25705.657169941325,50312.43562001629,64501.90721004238,29856.72986021476,40529.72922189797,47156.073476754806,55868.56652728957,67471.02734541555,72637.25535862599,102220.6182098014,25988.73942363831,35166.72099157347,48952.53081939064,50529.151420891096,57637.078125504435,64029.134686719015,75079.30843475932,89197.33609752374,11134.352749551676,27828.981263257636,38196.33990801846,42768.44380100968,49073.44296402081,59317.88285417574,71255.19452965326,74843.26561254989,79832.95601834773,102009.14029941514,27850.0,45870.0,27850.0,33870.0,12417.639752204024,41834.36949312627,52437.99075466971,18162.67195453714,30826.530245630172,58600.79779983268,0.0
18578.57857857858,38431.294193487076,42899.23577608932,55090.08046819974,83059.38956222383,25666.9727857202,50313.56970619815,64539.457508081636,29820.20628719836,40518.77539398167,47150.162128116106,55868.63334941781,67466.27134003886,72665.50348932995,102250.44801191721,25950.119439426035,35132.218963650754,48952.51671924401,50529.35954810129,57644.05651816456,64066.26221376066,75091.5659932645,89213.90060438818,11057.937644246012,27791.996233845697,38162.94521261685,42766.11696832408,49071.744445378936,59332.322024384936,71276.78273073108,74892.89532229205,79855.85479437836,102051.404623802,27850.0,45870.0,27850.0,33870.0,12378.707104646644,41841.27486574695,52470.018029606406,18127.09906827723,30824.861707109663,58638.0392246131,0.0
18618.61861861862,38413.77794294231,42883.81969960087,55086.947717466304,83095.45463999052,25628.283327839898,50314.69671046981,64577.019961690276,29783.668143886258,40507.78785046625,47144.24977835735,55868.662718659776,67461.50402706569,72693.82302547547,102280.30445608917,25911.49397000888,35097.70421547893,48952.502717137395,50529.566422585216,57651.01185173962,64103.38909535642,75103.81971108243,89230.51201661117,10981.51355426947,27755.00151788208,38129.500119858414,42763.81926220416,49070.05739770658,59346.708907665416,71298.40540074481,74942.4877578,79878.71540549102,102093.79067637805,27850.0,45870.0,27850.0,33870.0,12339.770991204256,41848.13536938725,52502.0936394085,18091.50560298809,30823.203361826992,58675.29103518491,0.0
18658.65865865866,38396.12481106391,42868.51114566763,55083.83075457791,83131.53328869055,25589.58882482755,50315.81669028058,64614.59448489187,29747.11552818244,40496.76641826077,47138.33652118399,55868.65492086302,67456.72590688789,72722.21325890673,102310.18744571519,25872.863047551375,35063.17679124558,48952.4888121585,50529.77205418756,57657.94420172009,64140.51522122659,75116.06953175546,89247.17034015484,10905.080517318707,27717.997166333767,38096.00529192567,42761.55016935632,49068.38172102278,59361.043574242445,71320.06249543001,74992.04293521456,79901.53781992814,102136.2983092277,27850.0,45870.0,27850.0,33870.0,12300.831429126272,41854.95132602445,52534.21724484927,18055.891694135233,30821.555130897115,58712.553174967645,0.0
18698.6986986987,38378.33474629516,42853.31032484477,55080.72948885679,83167.62544000326,25550.889304996308,50316.92970251826,64652.180992485424,29710.548537089864,40485.710925373554,47132.42245037822,55868.61024100616,67451.93746922232,72750.67349232952,102340.09688460037,25834.226703967957,35028.636734919,48952.47500340582,50529.97645265843,57664.85364339,64177.64048102321,75128.31540026437,89263.87558037123,10828.638570840176,27680.9832297882,38062.46137852913,42759.309187641105,49066.71731636961,59375.3260958788,71341.75396498096,75041.5608744305,79924.32200976525,102178.92737177631,27850.0,45870.0,27850.0,33870.0,12261.888435540888,41861.72305580021,52566.38850865891,18020.257476079445,30819.916936139427,58749.825587781124,0.0
18738.738738738743,38360.40771901988,42838.21742482688,55077.6438300988,83203.73102605445,25512.18479644736,50318.03580351554,64689.7794000371,29673.967266720643,40474.62120091146,47126.507659791896,55868.52896318892,67447.13919333996,72779.20303909143,102370.0326769557,25795.584970925385,34994.08409024946,48952.461289988074,50530.17962765452,57671.740251828895,64214.76476431499,75140.55726303754,89280.62774200112,10752.187752032802,27643.95975845652,38028.86901719034,42757.09582580333,49065.06408580105,59389.556545858955,71363.47975420684,75091.04159894181,79947.0679509003,102221.67771080801,27850.0,45870.0,27850.0,33870.0,12222.94202745617,41868.450877013696,52598.607095530126,17984.603082086778,30818.2887000711,58787.10821784212,0.0
18778.778778778782,38342.34372154742,42823.232610467014,55074.573688572964,83239.84997941261,25473.475327071897,50319.13504905591,64727.38962387217,29637.371812305973,40463.49707507928,47120.59224333914,55868.411370622605,67442.3315482899,72807.80122296704,102399.99472739609,25756.937879845078,34959.518900770774,48952.44767102451,50530.381588740085,57678.60410191353,64251.887960572676,75152.79506795983,89297.42682917352,10675.728097850122,27606.92680217742,37995.22883351835,42754.90960320882,49063.421932371835,59403.73499897333,71385.23980268053,75140.48513569366,79969.7756230431,102264.54917048285,27850.0,45870.0,27850.0,33870.0,12183.992221761204,41875.13510611523,52630.87267212357,17948.928644338477,30816.670345900613,58824.401009760906,0.0
18818.81881881882,38324.14276807914,42808.35602381393,55071.518975021056,83275.98223308587,25434.760924553077,50320.22749438009,64765.01158106683,29600.762268206134,40452.338379179215,47114.67629498914,55868.2577456204,67437.51499311853,72836.4673779476,102429.98294093896,25718.28546190547,34924.94120980201,48952.43414564445,50530.58234538799,57685.445268319454,64289.00995915402,75165.02876438195,89314.27284540467,10599.259645002869,27569.88441042047,37961.54144147963,42752.750049587215,49061.7907601265,59417.861531502254,71407.03404488036,75189.89151494189,79992.44500970416,102307.54159235465,27850.0,45870.0,27850.0,33870.0,12145.039035227146,41881.77605770052,52663.18490707234,17913.234293940845,30815.061797521244,58861.70390853791,0.0
18858.85885885886,38305.80489465706,42793.58778416762,55068.479600657105,83312.12772051821,25396.041616367962,50321.31319419173,64802.645189440285,29564.1387279202,40441.144945610446,47108.75990875889,55868.0683695882,67432.68997708474,72865.20084803508,102459.9972230024,25679.627748044353,34890.351060448826,48952.42071298718,50530.78190698076,57692.26382552271,64326.130649289225,75177.25830312936,89331.16579359757,10522.782429960946,27532.83263228979,37927.807443661775,42750.61670478129,49060.170474088576,59431.936221200085,71428.86241032556,75239.26077011871,80015.07609818366,102350.6548153896,27850.0,45870.0,27850.0,33870.0,12106.082484508315,41888.37404450537,52695.543470986326,17877.520160934982,30813.462979504624,58899.0168595604,0.0
18898.8988988989,38287.33015909438,42778.92798815262,55065.455477166906,83348.28637558605,25357.31742978944,50322.39220266362,64840.29036754694,29527.50128409576,40429.91660786887,47102.84317870581,55867.843523015516,67427.85693986947,72894.0009870407,102490.03747940382,25640.964768961134,34855.74849560512,48952.40737220191,50530.98028281159,57699.059847801196,64363.2499200661,75189.48363651184,89348.1056760411,10446.296488956032,27495.77151652749,37894.027431530885,42748.50911850214,49058.560980249764,59445.959147279245,71450.72482370555,75288.59293770482,80037.66887956008,102393.888675984,27850.0,45870.0,27850.0,33870.0,12067.122586143261,41894.92937740093,52727.94803645581,17841.786374306437,30811.8738170944,58936.33980859916,0.0
18938.93893893894,38268.71864088815,42764.3767098094,55062.44651670729,83384.45813259516,25318.588391888108,50323.46457344336,64877.94703466853,29490.8500285384,40418.65320054686,47096.926198920475,55867.58348546657,67423.01631178186,72922.86715838767,102520.10361635814,25602.296555119116,34821.13355795441,48952.3941224477,50531.17748208527,57705.83340923628,64400.36766041548,75201.70471833233,89365.09249440943,10369.801857983595,27458.70111151696,37860.201985682914,42746.42685009049,49056.9621855593,59459.93039039397,71472.62120500338,75337.88805710705,80060.22334867873,102437.2430079835,27850.0,45870.0,27850.0,33870.0,12028.159356555832,41901.442365389434,52760.398278054745,17806.03306199486,30810.2942361999,58973.67270180523,0.0
18978.97897897898,38249.970441114376,42749.93400070315,55059.45263190545,83420.64292627701,25279.854529534157,50324.530359659344,64915.61511080648,29454.185052221037,40407.354559333144,47091.00906351919,55867.28853557169,67418.16851396026,72951.79873491841,102550.19554047615,25563.62313674775,34786.506289971396,48952.38096289311,50531.37351391923,57712.58458371406,64437.48375909647,75213.92150389636,89382.12624976164,10293.298572805288,27421.621465286415,37826.33167608889,42744.36946828391,49055.37399791357,59473.850032624374,71494.55146961402,75387.14617054188,80082.73950414005,102480.71764270164,27850.0,45870.0,27850.0,33870.0,11989.19281205619,41907.913315600395,52792.89387234342,17770.2603509034,30808.724163389863,59011.01548570674,0.0
19019.01901901902,38231.08568230572,42735.599890050245,55056.47373585845,83456.84069178559,25241.115869399222,50325.589613926444,64953.29451667432,29417.50644529342,40396.02052101289,47085.0918666368,55866.958951018736,67413.31395856917,72980.79509870593,102580.3131587631,25524.944543844824,34751.866733923285,48952.3678927162,50531.56838734454,57719.3134449268,64474.5981046819,75226.13395002144,89399.20694254102,10216.786668950972,27384.532625512125,37792.41706233437,42742.33655098966,49053.79632614543,59487.71815746013,71516.51552845708,75436.36732292347,80105.21734828776,102524.31240893905,27850.0,45870.0,27850.0,33870.0,11950.22296884186,41914.34253328735,52825.43449787081,17734.4683669082,30807.16352588623,59048.36810720558,0.0
19059.059059059062,38212.06450831205,42721.37438486174,55053.50974213217,83493.05136469405,25202.372437958205,50326.64238835158,64990.9851736902,29380.814297091067,40384.65092346756,47079.17470241914,55866.59500854486,67408.4530489915,73009.85564086903,102610.45637861679,25486.260806178678,34717.21493187138,48952.354911104456,50531.76211130674,57726.02006637409,64511.710585543726,75238.3420150463,89416.33457257459,10140.266181720966,27347.43463952172,37758.45869385304,42740.327685063276,49052.22908001404,59501.53484978432,71538.51328808539,75485.55156175744,80127.65688719688,102568.02713300296,27850.0,45870.0,27850.0,33870.0,11911.249842998754,41920.73032182496,52858.019835176296,17698.6572348677,30805.612251557966,59085.73051357434,0.0
19099.0990990991,38192.90708414409,42707.25747010362,55050.56056476082,83529.27488099146,25163.624261491106,50327.68873453949,65028.687003969404,29344.108696144525,40373.24560567533,47073.257665015786,55866.19698392843,67403.58618001732,73038.97976139227,102640.62510782634,25447.571953290375,34682.55092567252,48952.3420172545,50531.954694666994,57732.704521363994,64548.821089838406,75250.54565884033,89433.50913907285,10063.73714618832,27310.32755429765,37724.45711015489,42738.342466092625,49050.67217019471,59515.300195857286,71560.5446507881,75534.6989370384,80150.05813066145,102611.86163872658,27850.0,45870.0,27850.0,33870.0,11872.273450502169,41927.07698270668,52890.649566791166,17662.82707863186,30804.070268914995,59123.102652453155,0.0
19139.13913913914,38173.61359580067,42693.249108873904,55047.626118245804,83565.5111770796,25124.8713660848,50328.72870359813,65066.39993031706,29307.389730188122,40361.80440771112,47067.34084857255,55865.76515198109,67398.71373802761,73068.16686894924,102670.81925457022,25408.878014495807,34647.87475698034,48952.32921037213,50532.14614620282,57739.366883014445,64585.929505492364,75262.7448428129,89450.73064062919,9987.199597200673,27273.21141648016,37690.412841048485,42736.38049818743,49049.12550826872,59529.01428330017,71582.60951469037,75583.80950115237,80172.42109218235,102655.81574748922,27850.0,45870.0,27850.0,33870.0,11833.29380721779,41933.38281554278,52923.32337723944,17626.97802105137,30802.537507102075,59160.484471846554,0.0
19179.17917917918,38154.18425007964,42679.34924259556,55044.70631755509,83601.76018976969,25086.113777634808,50329.762346144256,65104.12387622094,29270.657486168948,40350.32717074708,47061.424347224325,55865.29978654014,67393.83610117479,73097.41638072988,102701.03872741488,25370.17901888785,34613.18646724681,48952.316489672114,50532.33647460911,57746.007224254055,64623.035720187334,75274.93952992301,89467.9990752197,9910.653569382455,27236.086272370627,37656.32640685815,42734.44139377401,49047.589006713264,59542.67720107868,71604.70777384841,75632.88330878329,80194.74578895496,102699.88927823618,27850.0,45870.0,27850.0,33870.0,11794.310928902665,41939.64811805882,52956.04095303852,17591.11018398671,30801.01389589286,59197.87592012043,0.0
19219.219219219223,38134.61927437308,42665.5577912255,55041.801078122066,83638.02185627935,25047.35152184706,50330.7897123087,65141.858765844234,29233.912050255476,40338.81373705286,47055.508255087305,55864.801160460884,67388.9536395583,73126.72772227219,102731.28343531306,25331.47499533845,34578.48609772363,48952.30385437804,50532.52568849908,57752.625617823345,64660.13962134593,75287.12968468861,89485.31444020288,9834.099097137107,27198.952167934665,37622.19831863576,42732.52477339515,49046.062578891724,59556.28903948676,71626.83931834082,75681.92041682304,80217.03224185613,102744.08204749889,27850.0,45870.0,27850.0,33870.0,11755.324831206184,41945.87318609461,52988.80198269921,17555.22368831712,30799.499365683914,59235.27694599896,0.0
19259.259259259263,38114.91891644719,42651.87465347892,55038.910315844725,83674.29611422918,25008.584624239636,50331.81085174188,65179.60452401847,29197.153507846222,40327.26394999619,47049.592666251934,55864.26954560938,67384.06671539714,73156.100327297,102761.55328760215,25292.76597250069,34543.7736894635,48952.291303722275,50532.71379640508,57759.22213627565,64697.241096116995,75299.31527319638,89502.67673231939,9757.536214648819,27161.809148805332,37588.02907836748,42730.630265515196,49044.54613904364,59569.84989013017,71649.00403435637,75730.92088428535,80239.28047543188,102788.39386941574,27850.0,45870.0,27850.0,33870.0,11716.335529671058,41952.05831360344,53021.606156725495,17519.318653949565,30797.993847488804,59272.68749856163,0.0
19299.299299299302,38095.083444207055,42638.29970706843,55036.033947084594,83710.58290163992,24969.81311014446,50332.82581361889,65217.36107623664,29160.38194357826,40315.677654043415,47043.677674775274,55863.70521285526,67379.17568319819,73185.53363754682,102791.84819400276,25254.051978810836,34509.049283321554,48952.278836945814,50532.90080677949,57765.79685197817,64734.34003136113,75311.49626311118,89520.08594769181,9680.964955884781,27124.65726028615,37553.81917917508,42728.75750632989,49043.03960227542,59583.35984591005,71671.20180427836,75779.88477222342,80261.49051788439,102832.82455575254,27850.0,45870.0,27850.0,33870.0,11677.34303973427,41958.20379265185,53054.45316761388,17483.395199827555,30796.497272932273,59310.107527240165,0.0
19339.33933933934,38075.113145447074,42624.83280895798,55033.1718886657,83746.88215692926,24931.037004709004,50333.83464664487,65255.128348646125,29123.59744133554,40304.05469476006,47037.763374673676,55863.10843206477,67374.28088992051,73215.02710262839,102822.16806461713,25215.333042490365,34474.3129199568,48952.266453298085,50533.08672799572,57772.349837112706,64771.4363136359,75323.6726236858,89537.54208182459,9604.385354597085,27087.496547354134,37519.569105512775,42726.90613958107,49041.54288455026,59596.81900100661,71693.43250676527,75828.81214365028,80283.66240105906,102877.37391592331,27850.0,45870.0,27850.0,33870.0,11638.347376727972,41964.30991341971,53087.34270985231,17447.45344393989,30795.009574244425,59347.53698181569,0.0
19379.37937937938,38055.00832758728,42611.47379563063,55030.32405787347,83783.19381890864,24892.256332897967,50334.83739906004,65292.906268042,29086.800084257182,40292.394918811624,47031.84985991531,55862.47947209394,67369.38267513622,73244.5801798585,102852.51280992718,25176.60919154798,34439.564639833196,48952.254152037036,50533.27156834894,57778.88116367665,64808.5298291816,75335.84432577054,89555.04512960403,9527.797444324675,27050.32705466292,37485.27933335916,42725.07581637625,49040.055902679116,59610.227450862556,71715.69601682911,75877.70306346292,80305.79616043139,102922.04175701193,27850.0,45870.0,27850.0,33870.0,11599.348555880486,41970.3769642007,53120.27447991881,17411.493503329322,30793.530684254983,59384.975812415694,0.0
19419.41941941942,38034.769317396145,42598.22248336983,55027.49037245361,83819.51782678041,24853.47111949494,50335.83411864487,65330.69476186018,29049.98995474578,40280.69817396427,47025.93722441279,55861.81860078205,67364.48137118798,73274.19233411357,102882.88234079347,25137.88045378158,34404.80448322133,48952.24193242877,50533.45533605694,57785.39090348378,64845.62046390624,75348.01134182332,89572.59508529806,9451.201258395362,27013.148826545646,37450.95033040391,42723.266195012526,49038.57857431105,59623.58529216672,71737.99220590993,75926.55759836853,80327.89183509388,102966.82788379244,27850.0,45870.0,27850.0,33870.0,11560.346592317168,41976.40523140315,53153.24817627968,17375.5154941012,30792.06053638761,59422.42396951119,0.0
19459.45945945946,38014.396460700416,42585.07866855385,55024.67075061104,83855.85412013468,24814.681389104044,50336.82485272509,65368.493758170865,29013.167134475327,40268.96430908572,47020.02556201577,55861.12608494505,67359.57730334246,73303.86303768246,102913.27656845326,25099.14685678022,34370.0324901994,48952.22979374762,50533.6380392611,57791.87912816493,64882.708103371224,75360.17364591913,89590.19194255635,9374.596829927632,26975.961907017932,37416.58255623067,42721.47694080515,49037.11081792407,59636.892622837506,71760.32094194827,75975.37581681451,80349.94946774267,103011.73209875164,27850.0,45870.0,27850.0,33870.0,11521.341501061368,41982.39499955121,53186.26349938744,17339.519531431954,30790.59906465422,59459.88140391382,0.0
19499.499499499503,37993.89012208247,42572.04212796257,55021.865111008534,83892.20263894642,24775.887166151537,50337.8096481766,65406.30318567187,28976.331704399265,40257.193174146014,47014.11496650339,55860.40219036939,67354.67078994036,73333.59177012269,102943.69540451893,25060.408427926042,34335.248700654716,48952.21773527602,50533.81968602711,57798.34590916893,64919.79263277667,75372.33121376007,89607.83569441043,9297.984191832624,26938.766339780883,37382.17646249489,42719.70772592042,49035.65255281594,59650.14954200649,71782.68208945457,76024.15778892022,80371.96910466423,103056.75420210973,27850.0,45870.0,27850.0,33870.0,11482.333297035275,41988.34655128645,53219.32015167827,17303.505729577526,30789.146203649452,59497.34806677302,0.0
19539.539539539543,37973.25068456572,42559.11261909624,55019.07337276564,83928.5633235724,24737.08847488746,50338.788551430465,65444.12297368207,28939.48374475837,40245.38462021862,47008.20553157703,55859.647181805914,67349.76214254343,73363.3780181199,102974.13876097676,25021.66519439624,34300.45315428498,48952.20575630428,50534.00028434582,57804.79131776311,64956.873936946504,75384.48402268544,89625.52633327364,9221.363376816014,26901.5621682239,37347.732493097545,42717.95822921292,49034.20369909517,59663.35615000193,71805.07550957613,76072.90358641176,80393.9507957219,103101.89399184276,27850.0,45870.0,27850.0,33870.0,11443.321995060884,41994.26016736971,53252.4178375694,17267.474201881767,30787.701888545063,59534.82390957317,0.0
19579.579579579582,37952.47854928873,42546.28988050557,55016.29545545736,83964.93611474833,24698.285339387177,50339.76160847772,65481.953052135075,28902.623335088494,40233.5384994813,47002.29735085275,55858.86132296393,67344.851666078,73393.22127535066,103004.60655018484,24982.917183164882,34265.645890599386,48952.19385613056,50534.179842134035,57811.21542503405,64993.951900313994,75396.63205168152,89643.26385094158,9144.73441737979,26864.349435427466,37313.25108435438,42716.228136066704,49032.764177671896,59676.512548332124,71827.50106016181,76121.61328255902,80415.89459434245,103147.1512637044,27850.0,45870.0,27850.0,33870.0,11404.307609860803,42000.13612668334,53285.55626345587,17231.425060784684,30786.26605508446,59572.30888413085,0.0
19619.61961961962,37931.57413516851,42533.57363213259,55013.5312791129,84001.32095358596,24659.477783552993,50340.728864874196,65519.79335157283,28865.750554228274,40221.65466521728,46996.39051785407,55858.04487650537,67339.93965897486,73423.12104234815,103035.098684872,24944.164421004833,34230.82694892012,48952.18203406084,50534.35836723546,57817.618301888244,65031.02640690684,75408.77528139178,89661.04823859193,9068.097345824171,26827.128184166224,37278.73266516119,42714.51713824084,49031.33391024913,59689.618839669165,71849.95859582421,76170.28695211472,80437.80055750231,103192.52581124805,27850.0,45870.0,27850.0,33870.0,11365.290156059167,42005.97470623367,53318.73513770715,17195.35841783068,30784.83863957726,59609.802942592054,0.0
19659.65965965966,37910.53787855366,42520.96357566183,55010.78076421437,84037.71778157014,24620.665831115657,50341.69036574513,65557.6438031392,28828.865480326705,40209.73297181618,46990.485126004336,55857.198104039286,67335.0264133065,73453.07682637105,103065.61507813599,24905.40693448961,34195.99636838345,48952.17028940865,50534.53586742125,57824.00001905253,65068.09734033255,75420.91369412697,89678.87948678498,8991.452194249305,26789.89845691144,37244.17765715493,42712.82493371873,49029.91281931396,59702.675127832124,71872.44796800011,76218.92467125609,80459.6687457142,103238.01742584909,27850.0,45870.0,27850.0,33870.0,11326.269648182493,42011.776181153946,53351.954170663565,17159.274383676646,30783.41957889388,59647.30603742948,0.0
19699.6996996997,37889.370232867914,42508.45939488086,55008.04383169528,84074.12654055597,24581.849505635946,50342.64615579008,65595.50433857398,28791.968190850675,40197.77327477539,46984.58126861942,55856.32126611634,67330.11221492081,73483.0881412754,103096.15564344195,24866.64474999519,34161.15418794105,48952.15862149517,50534.71235039098,57830.36064707494,65105.1645837634,75433.04727387545,89696.75758546386,8914.798994557186,26752.660295834048,37209.58647487082,42711.15122656123,49028.500828128825,59715.68151777094,71894.96902500832,76267.52651752779,80481.4992230132,103283.62589672764,27850.0,45870.0,27850.0,33870.0,11287.246100660526,42017.54082470738,53385.213074632105,17123.173068100063,30782.008810460204,59684.81812143972,0.0
19739.73973973974,37868.071668244644,42496.06075604989,55005.32040293944,84110.54717276603,24543.02883050617,50343.596279287274,65633.37489020656,28755.05876259225,40185.775430701084,46978.67903890052,55855.414622223616,67325.19734357214,73513.15450738955,103126.72029462087,24827.87789370185,34126.30044636113,48952.14702964894,50534.88782377343,57836.70025632491,65142.228019921684,75445.17600631321,89714.6825239549,8838.137778453318,26715.41374280713,37174.95952589563,42709.495726763824,49027.097860723006,59728.63811554962,71917.52161210598,76316.09256978764,80503.29205694316,103329.35101097063,27850.0,45870.0,27850.0,33870.0,11248.219527827085,42023.26890829064,53418.51156388226,17087.05458000696,30780.606272252295,59722.33914774074,0.0
19779.77977977978,37846.64267115321,42483.76730828,55002.61039977931,84146.97962078748,24504.203828951664,50344.540780098425,65671.2553909499,28718.137271676092,40173.73929730954,46972.778529926436,55854.47843077941,67320.2820730489,73543.27545139147,103157.30894586812,24789.106391595957,34091.435182229776,48952.13551320585,50535.06229512716,57843.01891699404,65179.287531064736,75457.29987881458,89732.65429096788,8761.468577448511,26678.158839409014,37140.29721101718,42707.85815011706,49025.70384188405,59741.54502832991,71940.10557154292,76364.62290815353,80525.04731854281,103375.19255355495,27850.0,45870.0,27850.0,33870.0,11209.18994392093,42028.96070143757,53451.84935464149,17050.9190274398,30779.211902791103,59759.86906976909,0.0
19819.819819819822,37825.083744017225,42471.57868391869,54999.91374449473,84183.42382756935,24465.374524032297,50345.47970167307,65709.14577429461,28681.20379356661,40161.664733428464,46966.87983464652,55853.512949128315,67315.36667129872,73573.45050618955,103187.92151174184,24750.330269471735,34056.55843395211,48952.12407150905,50535.23577194149,57849.31669909645,65216.34299897,75469.41888046233,89750.67287459681,8684.791422860599,26640.895626925405,37105.5999243702,42706.238218070925,49024.31869714944,59754.40236435481,71962.72074261408,76413.11761395202,80546.76508233228,103421.15030737022,27850.0,45870.0,27850.0,33870.0,11170.157363086524,42034.61647182313,53485.22616509035,17014.766517585373,30777.825641137344,59797.40784127728,0.0
19859.859859859862,37803.39540482598,42459.49449894286,54997.230359811365,84219.87973641977,24426.540938643935,50346.41308705313,65747.04597430292,28644.25840307511,40149.55159899816,46960.983045873145,55852.5184335364,67310.45140055034,73603.67921080555,103218.55790716126,24711.549552933022,34021.67023975339,48952.11270390892,50535.4082616371,57855.593672469215,65253.39430491991,75481.5330020584,89768.73826232002,8608.106345816137,26603.62414635247,37070.86805357849,42704.635657602455,49022.94235279827,59767.210232932164,71985.36696171036,76461.57676966913,80568.44542629883,103467.22405324165,27850.0,45870.0,27850.0,33870.0,11131.121799374905,42040.23648526768,53518.64171535742,16978.597156782474,30776.447426886265,59834.955416331264,0.0
19899.8998998999,37781.57818673918,42447.5143533583,54994.560168899334,84256.34729100317,24387.7030955199,50347.34097887726,65784.95592560284,28607.30117436686,40137.399755073035,46955.08825627444,55851.495139186576,67305.53651743305,73633.96111026042,103249.21804740567,24672.764267395025,33986.77063768036,48952.10140976276,50535.57977156685,57861.8499067729,65290.44132968671,75493.64223613436,89786.85044100104,8531.413377252018,26566.344438399316,37036.10197989374,42703.05020108689,49021.574735843016,59779.968744418176,72008.04406236796,76510.00045890201,80590.08843188349,103513.41356995329,27850.0,45870.0,27850.0,33870.0,11092.083266744463,42045.82100574153,53552.09572751402,16942.411050529663,30775.07720016257,59872.51174930776,0.0
19939.93993993994,37759.63263768583,42435.63783160494,54991.903095371636,84292.8264353376,24348.86101723241,50348.26341938521,65822.87556338237,28570.33218096792,40125.20906382291,46949.19555836699,55850.443320174105,67300.62227309306,73664.29575546287,103279.90184811215,24633.974438086017,33951.859665602286,48952.09018843494,50535.750309016454,57868.08547149178,65327.483953517476,75505.74657696209,89805.00939688894,8454.71254791732,26529.05654349051,37001.30207833083,42701.481586172,49020.215774021475,59792.678010201074,72030.75187531597,76558.38876631256,80611.69418396705,103559.71863427121,27850.0,45870.0,27850.0,33870.0,11053.041779061765,42051.37029536962,53585.587925568616,16906.208303492844,30773.714901615396,59910.07679489176,0.0
19979.979979979984,37737.559319957814,42423.86450296748,54989.259063282545,84329.31711379217,24310.014726194,50349.18045042218,65860.8048233838,28533.35149577214,40112.979388534484,46943.30504450852,55849.363229502174,67295.70891330778,73694.68270310026,103310.60922527467,24595.180090049045,33916.93736121219,48952.07903929666,50535.919881205235,57874.30043593442,65364.52205611868,75517.84602056461,89823.21511561918,8378.003888374737,26491.760501768727,36966.46871779978,42699.929555655806,49018.8653957887,59805.33814268464,72053.49022852254,76606.74177758215,80633.2627708562,103606.13902096674,27850.0,45870.0,27850.0,33870.0,11013.997350102327,42056.884614436625,53619.11803546107,16869.989019512803,30772.360472413275,59947.65050807393,0.0
20020.020020020023,37715.35880979881,42412.193921990765,54986.62799712627,84365.81927108417,24271.164244658954,50350.09211344297,65898.74364189805,28496.359191047864,40100.710593612705,46937.41680689061,55848.25511907784,67290.79667859671,73725.12151553205,103341.34009524222,24556.38124814361,33882.00376202796,48952.06796172599,50536.08849528681,57880.49486923383,65401.55551664093,75529.9405647268,89841.46758221406,8301.287429002346,26454.456353097175,36931.60226123462,42698.393857367184,49017.523530309045,59817.949255271975,72076.25894723987,76655.05957936755,80654.79428427001,103652.67450284021,27850.0,45870.0,27850.0,33870.0,10974.949993551392,42062.36422139208,53652.68578505653,16833.75330161271,30771.01385423913,59985.232844148166,0.0
20060.060060060063,37693.031696989136,42400.62562889911,54984.00982183521,84402.33285227654,24232.30959472468,50350.99844951634,65936.69195575899,28459.35533844462,40088.402544582284,46931.5309375314,55847.11923970778,67285.88580433064,73755.6117606858,103372.09437471746,24517.577937047354,33847.05890539354,48952.056955107546,50536.256158349795,57886.66884034802,65438.58421366362,75542.03020900642,89859.76678108369,8224.563199995206,26417.144137062274,36896.70306571907,42696.87424404981,49016.19010744835,59830.51146234905,72099.0578540475,76703.34225925866,80676.28881932609,103699.32485074401,27850.0,45870.0,27850.0,33870.0,10935.899723004728,42067.809372855954,53686.29090413931,16797.501252005473,30769.67498928546,60022.82375870906,0.0
20100.100100100102,37670.578584427094,42389.15915001917,54981.40446277849,84438.85780277524,24193.45079833309,50351.89949932897,65974.64970233792,28422.34000899976,40076.05510808923,46925.64752826838,55845.955841094525,67280.97652083763,73786.1530119552,103402.87198075518,24478.770181257652,33812.10282847996,48952.046018832756,50536.422877418525,57892.822418060154,65475.608025179376,75554.11495474509,89878.11269602648,8147.831231366854,26379.823892975946,36861.77148260885,42695.370473248775,49014.865057766176,59843.02487926857,72121.88676889462,76751.58990573662,80697.74647452675,103746.0898336069,27850.0,45870.0,27850.0,33870.0,10896.846551969393,42073.22032362424,53719.93312440638,16761.23297210115,30768.34382024939,60060.423207649466,0.0
20140.14014014014,37648.00008770739,42377.793998205634,54978.81184576024,84475.39406832674,24154.587877272,50352.795303189734,66012.61681953826,28385.313273145002,40063.668151902326,46919.76667075131,55844.76517183268,67276.06905350716,73816.7448481009,103433.67283076061,24439.958005093307,33777.135568286634,48952.03515229941,50536.588659453744,57898.95567097876,65512.62682857847,75566.1948050793,89896.50531023035,8071.09155295102,26342.495659878172,36826.807857651525,42693.882307200365,49013.548312508145,59855.489622333494,72144.74550914094,76799.80260813361,80719.16735174568,103792.96921845697,27850.0,45870.0,27850.0,33870.0,10857.790493864424,42078.59732667489,53753.612179460695,16724.948562514088,30767.02029032785,60098.031147158064,0.0
20180.18018018018,37625.29683469734,42366.52967326938,54976.23189701799,84511.94159501529,24115.720853176434,50353.685901033605,66050.59324578998,28348.275200712797,40051.241544914614,46913.888456434775,55843.54747940515,67271.16362289138,73847.38685315305,103464.4968424882,24401.14143269611,33742.15716164233,48952.024354911875,50536.753511353185,57905.068667538304,65549.64050063328,75578.26976495187,89914.94460627311,7994.344194403013,26305.15947653946,36791.81253110303,42692.40951272449,49012.23980359839,59867.90580878113,72167.63388959656,76847.98045659365,80740.55155621414,103839.96277044619,27850.0,45870.0,27850.0,33870.0,10818.731562021709,42083.940633173916,53787.3278048044,16688.64812307025,30765.70434321285,60135.64753371691,0.0
20220.22022022022,37602.469465111266,42355.36566240716,54973.66454322113,84548.50032926042,24076.849747530003,50354.57133242577,66088.57892004424,28311.225860942777,40038.77515714505,46908.01297657119,55842.30301017979,67266.26044480459,73878.07861631653,103495.34393404005,24362.320488032452,33707.16764520618,48952.01362608073,50536.91743995237,57911.16147599912,65586.64891748238,75590.33984112291,89933.43056612392,7917.589185201388,26267.81538146306,36756.78583784143,42690.95186111989,49010.93946363191,59880.27355676658,72190.55172256057,76896.12354203386,80761.89919650767,103887.07025287366,27850.0,45870.0,27850.0,33870.0,10779.669769686614,42089.25049248162,53821.07973783179,16652.33175281425,30764.395923086682,60173.272324099074,0.0
20260.26026026026,37579.51863008372,42344.301440632604,54971.10971146914,84585.07021781454,24037.974581666203,50355.45163656554,66126.57378176824,28274.165322487966,40026.26885973993,46902.14032220362,55841.0320094061,67261.3597304202,73908.81973187801,103526.21402386414,24323.495194894906,33672.167055469035,48952.00296522303,50537.080452025206,57917.234164447866,65623.65195461483,75602.40504218136,89951.96317114375,7840.826554649415,26230.463412887497,36721.72810747805,42689.50912806203,49009.647225867346,59892.59298534694,72213.49881785866,76944.23195610737,80783.2103845326,103934.29142721009,27850.0,45870.0,27850.0,33870.0,10740.605130018797,42094.52715215915,53854.86771782205,16615.999550016444,30763.094974617285,60210.90547536628,0.0
20300.300300300303,37556.44499174206,42333.33647120783,54968.5673292899,84621.65120776021,23999.09537676974,50356.32685229031,66164.57777093994,28237.093653421125,40013.722524974626,46896.270584158716,55839.734721211775,67256.46168636528,73939.60979911525,103557.10703075324,24284.66557690378,33637.15542875438,48951.99237176188,50537.24255428467,57923.28680079771,65660.64948685424,75614.46537855672,89970.54240208666,7764.056331876625,26193.103608788944,36686.63966446585,42688.08109350359,49008.363024219536,59904.86421446501,72236.47498287966,76992.30579116644,80804.48523551281,103981.62605312148,27850.0,45870.0,27850.0,33870.0,10701.537656092878,42099.77085797513,53888.691485931995,16579.651612179918,30761.80144295356,60248.546944866524,0.0
20340.340340340343,37533.24922277897,42322.47020607508,54966.03732463806,84658.24324650787,23960.212153877837,50357.19701807934,66202.59082804283,28200.010921240722,40001.1360262551,46890.4038530396,55838.41138859982,67251.56651481337,73970.44842220834,103588.022873843,24245.83165750867,33602.132801219355,48951.98184512658,50537.40375338335,57929.31945278843,65697.64138834257,75626.52086253023,89989.16823910087,7687.278545840196,26155.73600688338,36651.5208282051,42686.667541577466,49007.086793252325,59917.08736493334,72259.48002261111,77040.345140227,80825.7238679766,104029.07388849353,27850.0,45870.0,27850.0,33870.0,10662.467360899202,42104.981853912475,53922.55078518833,16543.288036047416,30760.515273720812,60286.19669023177,0.0
20380.380380380382,37509.93200602537,42311.702086288074,54963.5196258933,84694.84628179323,23921.324933881486,50358.0621720576,66240.6128940609,28162.917192877117,39988.50923811941,46884.540219218725,55837.062253445496,67246.67441357509,74001.33521015305,103618.96147261107,24206.993459989964,33567.099208855965,48951.971384752425,50537.56405591427,57935.33218798668,65734.62753252414,75638.57150824695,90007.84066172961,7610.49322532654,26118.36064462899,36616.37191314652,42685.26826050223,49005.81846817134,59929.26255841809,72282.5137396739,77088.35009693357,80846.92640374348,104076.63468945534,27850.0,45870.0,27850.0,33870.0,10623.39425734452,42110.1603821754,53956.44536048008,16506.90891760817,30759.236413016166,60323.85466937565,0.0
20420.42042042042,37486.49403402419,42301.03154244228,54961.014161858606,84731.46026167492,23882.433737526742,50358.922351999616,66278.64391047363,28125.812534698507,39975.84203623948,46878.67977283108,55835.687556493576,67241.78557618649,74032.26977667597,103649.92274687489,24168.15100746039,33532.054687492004,48951.96099008071,50537.72346841127,57941.325073786255,65771.60779212936,75650.61733172734,90026.55964891269,7533.70039895262,26080.977559228457,36581.19322889214,42683.88304249002,49004.55798481702,59941.38991742333,72305.5759343559,77136.32075552476,80868.0929679116,104124.30821040415,27850.0,45870.0,27850.0,33870.0,10584.318358252702,42115.30668319664,53990.37495855067,16470.514352104758,30757.96480740406,60361.52084049118,0.0
20460.46046046046,37462.93600860563,42290.45799510388,54958.52086175849,84768.08513453198,23843.53858541597,50359.7775953331,66316.68381925093,28088.69701251678,39963.13429742254,46872.822603766996,55834.28753735552,67236.9001919956,74063.25174015181,103680.90661679071,24129.30432286646,33496.99927279218,48951.95066055864,50537.88199734992,57947.2981774081,65808.58203915814,75662.65835087934,90045.32517898717,7456.900095167552,26043.586787631146,36545.98508029338,42682.51168365668,49003.30527965751,59953.46956527492,72328.6664046448,77184.25721079999,80889.22368884485,104172.09420402926,27850.0,45870.0,27850.0,33870.0,10545.239676365432,42120.42099564468,54024.33932798989,16434.10443403975,30756.70040391177,60399.195162048476,0.0
20500.5005005005,37439.25864046428,42279.98085523691,54956.039655237284,84804.72084906152,23804.63949800909,50360.62793914271,66354.73256284819,28051.57069159345,39950.38589961284,46866.9688016653,55832.86243450706,67232.01844624702,74094.28072352232,103711.91300285203,24090.45342899001,33461.933000259116,48951.94039563925,50538.03964914786,57953.2515659006,65845.55014486375,75674.69458551038,90064.13722968899,7380.092342253847,26006.188366535436,36510.74776754704,42681.153983934324,49002.06028978179,59965.501626104815,72351.78494626013,77232.15955808628,80910.31869816016,104219.99242133624,27850.0,45870.0,27850.0,33870.0,10506.158224342904,42125.503556431315,54058.33821922579,16397.679257182434,30755.44315002501,60436.87759279255,0.0
20540.54054054054,37415.462648738445,42269.59952462783,54953.570472357314,84841.36735427639,23765.73649562482,50361.47342017365,66392.79008420151,28014.433636645357,39937.59672189319,46861.11845590643,55831.412485285575,67227.14052016444,74125.35635421699,103742.94182588803,24051.598348449606,33426.85590523431,48951.93019478122,50538.196430165626,57959.18530613961,65882.51197973598,75686.72605733953,90082.99577815412,7303.277168328939,25968.782332390714,36475.481586288945,42679.8097469859,49000.8229528928,59977.486224835186,72374.9313526844,77280.02789320597,80931.37813071543,104268.00261167168,27850.0,45870.0,27850.0,33870.0,10467.074014764483,42130.55460071921,54092.3713845163,16361.238914575377,30754.192993683522,60474.568091741094,0.0
20580.58058058058,37391.54876059244,42259.313396307596,54951.11324359727,84878.0245995027,23726.829598441876,50362.314074835296,66430.85632672283,27977.28591185044,39924.76664448659,46855.271655605466,55829.93792588793,67222.26659103164,74156.47826407567,103773.99300706224,24012.739103702035,33391.76802289929,48951.92005744904,50538.35234670705,57965.09946482862,65919.46741348438,75698.75279000986,90101.90080091971,7226.454601346577,25931.368721399776,36440.18682768527,42678.47878012208,48999.59320730076,59989.42348716284,72398.10541519351,77327.86231244469,80952.40212459723,104316.12452274718,27850.0,45870.0,27850.0,33870.0,10427.987060129424,42135.574361929685,54126.43857794089,16324.783498541005,30752.949883276764,60512.266618182235,0.0
20620.62062062062,37367.51771080187,42249.12185497044,54948.66789985013,84914.69253437755,23687.91882650018,50363.149939204726,66468.9312342951,27940.127580853263,39911.89554875779,46849.4284896054,55828.438991368195,67217.39683227148,74187.6460892729,103805.06646787093,23973.87571704372,33356.66938827652,48951.909983112695,50538.507405020035,57970.994108498955,65956.41631502155,75710.7748091007,90120.85227392588,7149.624669098077,25893.947569520893,36404.86377852177,42677.16089422018,48998.37099191647,60001.31353954345,72421.30692288638,77375.66291252029,80973.3908211088,104364.35790066376,27850.0,45870.0,27850.0,33870.0,10388.897372857486,42140.56307175058,54160.53955539195,16288.313100688018,30751.713767639565,60549.973131672414,0.0
20660.660660660666,37343.37024134262,42239.02427738899,54946.234372421626,84951.37110884677,23649.00419970206,50363.98104903025,66507.0147512677,27902.95870677066,39898.983317214916,46843.58904647028,55826.91591563553,67212.53141352296,74218.85947024386,103836.16213014183,23935.008210612123,33321.56003623041,48951.899971247796,50538.66161129702,57976.86930350978,65993.35855244602,75722.79214214036,90139.85017251647,7072.787399213787,25856.51891246984,36369.51272129082,42675.85590364499,48997.15624624453,60013.15650917592,72444.53566271381,77423.42979055131,80994.3443647585,104412.7024899365,27850.0,45870.0,27850.0,33870.0,10349.804965289612,42145.52096014428,54194.674074566115,16251.82781191788,30750.48459604793,60587.6875920342,0.0
20700.700700700705,37319.10710098375,42229.020032825494,54943.81259302834,84988.06027316242,23610.085737813442,50364.80743973485,66545.1068224517,27865.779352197143,39886.029833510984,46837.75341447849,55825.368931452336,67207.67050071686,74250.11805161169,103867.27991603242,23896.136606387194,33286.44000146829,48951.89002133533,50538.81497167565,57982.72511604827,66030.29399302526,75734.80481861878,90158.89447144119,6995.9428191644365,25819.082785722243,36334.13393427643,42674.56362617188,48995.94891037715,60024.9525239871,72467.7914195068,77471.16304402694,81015.26290324822,104461.15803351879,27850.0,45870.0,27850.0,33870.0,10310.709849688617,42150.448255355834,54228.841894955534,16215.327722431079,30749.26231821477,60625.40995935413,0.0
20740.740740740745,37294.72904488465,42219.108483438766,54941.40249379577,85024.7599778808,23571.163460464995,50365.62914641971,66583.2073931153,27828.589579210497,39873.03498244555,46831.92168161606,55823.798270432264,67202.81425614956,74281.42148211712,103898.41974802896,23857.260926192706,33251.30931854148,48951.880132861756,50538.9674922392,57988.561612129655,66067.2225031783,75746.81287000023,90177.9851448567,6919.090956262331,25781.63922451542,36298.727691637294,42673.28388291149,48994.74892498731,60036.70171261611,72491.07397600409,77518.86277077669,81036.14658746248,104509.7242728268,27850.0,45870.0,27850.0,33870.0,10271.612038239793,42155.34518392124,54263.04277783897,16178.81292173351,30748.04688428577,60663.14019398072,0.0
20780.780780780784,37270.23683419701,42209.28898468633,54939.00400725664,85061.47017386,23532.237387153295,50366.4462038675,66621.3164089792,27791.389449376893,39859.99864996616,46826.0939355699,55822.20416303857,67197.96283855516,74312.76941454879,103929.58154894462,23818.381191697663,33216.16802184617,48951.87030531872,50539.11917901732,57994.37885759736,66104.14394845828,75758.81632973626,90197.12216632816,6842.231837662865,25744.188263850585,36263.29426348772,42672.01649823657,48993.556231322684,60048.404204399034,72514.38311287902,77566.52906894038,81056.9955714572,104558.40094776396,27850.0,45870.0,27850.0,33870.0,10232.511543051554,42160.21197067575,54297.27648627269,16142.283498642624,30746.838244835217,60700.87825652216,0.0
20820.820820820823,37245.63123567164,42199.560885721716,54936.61706634905,85098.19081225761,23493.30753724197,50367.25864654577,66659.43381621224,27754.179023756347,39846.92072316997,46820.27026372132,55820.58683858252,67193.11640317616,74344.16150567573,103960.76524191798,23779.497424417645,33181.016145624395,48951.86053820334,50539.27003798648,58000.17691812306,66141.05819353514,75770.81523327896,90216.305508831,6765.365490365657,25706.729938494813,36227.83391597689,42670.76129971045,48992.37077119922,60060.06012935362,72537.71860876588,77614.16203693861,81077.8100124495,104607.1877967454,27850.0,45870.0,27850.0,33870.0,10193.408376156083,42165.04883876237,54331.542785081554,16105.739541293648,30745.63635086194,60738.62410784442,0.0
20860.860860860863,37220.91302127061,42189.92352978623,54934.24160441443,85134.92184452873,23454.37392996285,50368.06650861032,66697.55956142684,27716.958362908004,39833.80109030518,46814.45075313939,55818.94652522179,67188.27510183246,74375.59741618102,103991.97075041216,23740.609645716166,33145.85372396505,48951.850831017786,50539.42007507053,58005.955859206624,66177.96510217761,75782.80961809395,90235.53514475239,6688.49194121586,25669.264282983204,36192.34691136594,42669.51811801748,48991.19248699483,60071.66961816407,72561.08024028553,77661.76177344337,81098.5900708074,104656.08455672234,27850.0,45870.0,27850.0,33870.0,10154.302549509954,42169.85600964042,54365.84144084964,16069.181137145666,30744.44115378522,60776.377709069115,0.0
20900.900900900902,37196.08296778505,42180.37625459549,54931.877555195984,85171.66322242349,23415.436584417057,50368.86982390832,66735.69359167462,27679.727526895127,39820.639640772635,46808.635490574394,55817.283449959155,67183.43908298889,74407.07681059699,104023.19799821287,23701.71787680599,33110.68079080469,48951.84118326935,50539.569296141315,58011.7157461764,66214.8645372356,75794.79952367376,90254.81104589286,6611.611216905563,25631.79133162061,36156.83350810371,42668.28678689495,48990.021321643435,60083.23280216583,72584.4677820706,77709.32837734892,81119.33591003987,104705.09096320659,27850.0,45870.0,27850.0,33870.0,10115.194074994764,42174.633703094165,54400.17222191107,16032.608372987715,30743.252605440826,60814.13902157146,0.0
20940.94094094094,37171.141856458664,42170.9183927197,54929.524852836534,85208.41489798509,23376.495519576143,50369.66862598172,66773.83585444214,27642.48657529028,39807.436265127195,46802.824562451424,55815.59783864117,67178.60849182119,74438.59935724162,104054.44690942712,23662.822138750456,33075.497379928674,48951.83159447052,50539.71770701911,58017.45664418915,66251.75636062217,75806.78499155171,90274.13318346822,6534.723343974827,25594.31111848403,36121.29396090006,42667.06714306689,48988.857218628604,60094.74981333058,72607.88100678989,77756.86194774258,81140.04769678749,104754.20675029504,27850.0,45870.0,27850.0,33870.0,10076.082964417728,42179.38213724161,54434.534898340666,15996.02133494472,30742.070658076995,60851.90800697828,0.0
20980.980980980985,37146.09047261747,42161.549271958145,54927.18343187681,85245.17682354755,23337.550754283177,50370.46294807033,66811.98629764648,27605.235567180476,39794.19085507924,46797.0180548639,55813.88991595697,67173.78347028067,74470.16472815676,104085.71740848194,23623.922452464794,33040.30352497195,48951.82206413863,50539.865313473245,58023.17861823007,66288.64043329525,75818.76606531504,90293.50152811104,6457.828348813167,25556.823677424094,36085.72852079824,42665.8590261795,48987.70012197779,60106.22078425116,72631.31968517258,77804.362583876,81160.72560081354,104803.43165069394,27850.0,45870.0,27850.0,33870.0,10036.96922951231,42184.10152854329,54468.92924194441,15959.420108483462,30740.89526435053,60889.68462716601,0.0
21021.021021021024,37120.92960530572,42152.26821570718,54924.85322725352,85281.9489517336,23298.602307253823,50371.25282311512,66850.14486963104,27567.97456117198,39780.90330349612,46791.21605356722,55812.15990543726,67168.96415715723,74501.77259904727,104117.00942012297,23585.01883871739,33005.09925942005,48951.812591796086,50540.01212122255,58028.88173311291,66325.51661523941,75830.74279061901,90312.91604987261,6380.926257660547,25519.329042067333,36050.13743524488,42664.66227873808,48986.549976256276,60117.645848126725,72654.78358603152,77851.8303851361,81181.36979499517,104852.76539574336,27850.0,45870.0,27850.0,33870.0,9997.85288193879,42188.7920918112,54503.355026250014,15922.804778418466,30739.72637732287,60927.46884425867,0.0
21061.061061061064,37095.66004692847,42143.07454332169,54922.53417429743,85318.7312354524,23259.65019707744,50372.03828376113,66888.31151916142,27530.70361539536,39767.57350440348,46785.4186439724,55810.40802945325,67164.1506881413,74533.42264922147,104148.32286941273,23546.111318131087,32969.88461660992,48951.80317697005,50540.15813593594,58034.56605347999,66362.38476544726,75842.71521520097,90332.37671822475,6304.017096608768,25481.827245818076,36014.520948158795,42663.47674604546,48985.40672656121,60129.02513874794,72678.2724762863,77899.26545101634,81201.98045531551,104902.20771544156,27850.0,45870.0,27850.0,33870.0,9958.733933284904,42193.45404021781,54537.8120264973,15886.175428917808,30738.563950456253,60965.26062062595,0.0
21101.101101101103,37070.28259290087,42133.96757046992,54920.22620873155,85355.52362789765,23220.69444221813,50372.819362360744,66926.48619542112,27493.422787510368,39754.20135298671,46779.62591113991,55808.634509215844,67159.34319588417,74565.1145615333,104179.65768172976,23507.19991118444,32934.65962973097,48951.79381919272,50540.30336323293,58040.231643802166,66399.24474190103,75854.68338889422,90351.88350206157,6227.100891602615,25444.31832186012,35978.8792999981,42662.3022761422,48984.27031851593,60140.3587904821,72701.78612098578,77946.66788108778,81222.55776085597,104951.75833846934,27850.0,45870.0,27850.0,33870.0,9919.612395066408,42198.08758530509,54572.30001962852,15849.532143508854,30737.40793760989,61003.05991888125,0.0
21141.141141141143,37044.79804130423,42124.94660948121,54917.92926666915,85392.32608254539,23181.73506101579,50373.59609097664,66964.66884800757,27456.132134710537,39740.78674559225,46773.83793977334,55806.83956477498,67154.54181005707,74596.84802232515,104211.01378276665,23468.284638212957,32899.42433182579,48951.7845180008,50540.44780868404,58045.87856837896,66436.09640155346,75866.64736364249,90371.4363697015,6150.17766844108,25406.80230315885,35943.212727825754,42661.13871974796,48983.14069826418,60151.646938258666,72725.32428332999,77994.0377749701,81243.10189378912,105001.41699221428,27850.0,45870.0,27850.0,33870.0,9880.488278727655,42202.69293699364,54606.8187842787,15812.875005084054,30736.2582930362,61040.86670187976,0.0
21181.181181181182,37019.20719254932,42116.010969686875,54915.64328461184,85429.13855315193,23142.772071687174,50374.368501384895,67002.85942692793,27418.83171372826,39727.32957972888,46768.05481421334,55805.02341501872,67149.74665740925,74628.6227213724,104242.39109852911,23429.365519410363,32864.178755791196,48951.775272935876,50540.59147781147,58051.50689133858,66472.93960030894,75878.60719351441,90391.0352888892,6073.2474527784325,25369.27922246296,35907.52146537358,42659.985930204464,48982.0178124644,60162.889717554484,72748.88672469175,78041.37523230261,81263.61303937229,105051.18340279505,27850.0,45870.0,27850.0,33870.0,9841.361595642207,42207.270303591955,54641.368100765845,15776.204095906473,30735.114971377014,61078.68093271651,0.0
21221.22122122122,36993.510849046754,42107.15995775366,54913.368199447796,85465.9609937518,23103.80549232691,50375.13662507787,67041.05788259523,27381.521580839173,39713.829754069084,46762.276618431475,55803.18627767294,67144.95786182431,74660.43835182866,104273.78955533431,23390.442574829787,32828.92293437905,48951.76608354414,50540.73437608941,58057.116676637816,66509.77419300436,75890.56293471805,90410.68022679741,5996.310270125447,25331.749112306406,35871.80574310464,42658.843763419805,48980.90160828417,60174.08726437958,72772.47320463788,78088.68035271487,81284.09138594152,105101.05729508564,27850.0,45870.0,27850.0,33870.0,9802.23235711336,42211.819891805564,54675.94775108107,15739.51949761551,30733.977927659944,61116.50257472455,0.0
21261.26126126126,36967.709814884685,42098.39287801001,54911.10394844964,85502.79335865565,23064.83534090853,50375.900493267196,67079.26416582425,27344.201791866984,39700.28716845015,46756.5034360242,55801.32836930071,67140.17554437561,74692.29461017254,104305.20907980978,23351.51582438502,32793.65690019709,48951.756949376366,50540.87650894466,58062.70798806221,66546.60003338964,75902.51464561577,90430.37115002927,5919.366145850658,25294.212005010097,35836.06578827478,42657.71207781418,48979.792033394566,60185.23971526246,72796.0834809496,78135.95323579754,81304.53712490643,105151.03839273969,27850.0,45870.0,27850.0,33870.0,9763.100574374766,42216.341906746464,54710.55751887879,15702.821291232383,30732.847117294627,61154.331591473,0.0
21301.301301301304,36941.80489551407,42089.709032764804,54908.8504692727,85539.63560244843,23025.861635285473,50376.66013688674,67117.47822782777,27306.872402187957,39686.701723875485,46750.7353502069,55799.44990530197,67135.39982338063,74724.19119615553,104336.64959889157,23312.585287851674,32758.380685709977,48951.74786998784,50541.01788175707,58068.28088922598,66583.41697410822,75914.46238673921,90450.10802461999,5842.415105181313,25256.667932683784,35800.30182499206,42656.590734266734,48978.689035964846,60196.347207236075,72819.71730964314,78183.1939810722,81324.95045074573,105201.12641821415,27850.0,45870.0,27850.0,33870.0,9723.966258590928,42220.83655194235,54745.19718946673,15666.109557165608,30731.722496069153,61192.16794676524,0.0
21341.341341341344,36915.796897441294,42081.10772261858,54906.607699953034,85576.4876799871,22986.88439319213,50377.41558659538,67155.70002021248,27269.533466735502,39673.07332251579,46744.97244380787,55797.551099913224,67130.63081445372,74756.12781275055,104368.11103982333,23273.650984868418,32723.094323239933,48951.7388449384,50541.15849986007,58073.835443572134,66620.2248666773,75926.40622080443,90469.89081603929,5765.457173204653,25219.11692722789,35764.514074275256,42655.47959606407,48977.59256465684,60207.40987782354,72843.37444498928,78230.40268796161,81345.33156100303,105251.3210927938,27850.0,45870.0,27850.0,33870.0,9684.82942085783,42225.30402934617,54779.86654979601,15629.384375216512,30730.60402014644,61230.01160463705,0.0
21381.381381381383,36889.686627928524,42072.58824676716,54904.37557890544,85613.34954639888,22947.90363224477,50378.16687277995,67193.92949497528,27232.185040004584,39659.401867710054,46739.21479926264,55795.63216620746,67125.86863055821,74788.10416610219,104399.59333015479,23234.712934938092,32687.797844967685,48951.72987379227,50541.29836854097,58079.371714372406,66657.02356146791,75938.34621272722,90489.71948919342,5688.492374868976,25181.55902033508,35728.702754110964,42654.3785288495,48976.50256861976,60218.42786502396,72867.05463953313,78277.57945575936,81365.68065628398,105301.62213661533,27850.0,45870.0,27850.0,33870.0,9645.690072203426,42229.744539345425,54814.565388451134,15592.645824584522,30729.49164606066,61267.86252935482,0.0
21421.421421421423,36863.47489470165,42064.149903297584,54902.15404492157,85650.22115707921,22908.919369942563,50378.91402555795,67232.16660449949,27194.827176056202,39645.687263966785,46733.46249860803,55793.69331609392,67121.11338205713,74820.11996547761,104431.09639774032,23195.77115742893,32652.491282933406,48951.720956118006,50541.43749304164,58084.88976472721,66693.81290768483,75950.28242963873,90509.59400842726,5611.52073498465,25143.99424349222,35692.86807950928,42653.287400574,48975.41899748483,60229.40130729854,72890.75764411289,78324.7243835988,81385.99794025405,105352.02926869076,27850.0,45870.0,27850.0,33870.0,9606.548223588212,42234.15828077184,54849.29349563996,15555.893983872582,30728.38533071374,61305.72068541369,0.0
21461.461461461462,36837.16250566599,42055.79198947628,54899.94303716802,85687.10246768969,22869.931623668555,50379.657074780436,67270.411301551,27157.45992852169,39631.92941696498,46727.71562347648,55791.734760318184,67116.3651767627,74852.1749232183,104462.62017073766,23156.825671575665,32617.17466903741,48951.712091488575,50541.57587855889,58090.3896575657,66730.59275334608,75962.21494090106,90529.51433752659,5534.542278225377,25106.422627981992,35657.01026255848,42652.20608144799,48974.34180136002,60240.33034355665,72914.48320787883,78371.83757042172,81406.28361963705,105402.5422069319,27850.0,45870.0,27850.0,33870.0,9567.403885905762,42238.54545091071,54884.05066318354,15519.128931092388,30727.285031371826,61343.58603753579,0.0
21501.5015015015,36810.75026862974,42047.5138020295,54897.74249518443,85723.99343415635,22830.940410690626,50380.39605003467,67308.66353927468,27120.08335060708,39618.128233555144,46721.97425509035,55789.756708462264,67111.6241199853,74884.2687546933,104494.1645776066,23117.876496480716,32581.848035041116,48951.70327948118,50541.71353024487,58095.87145564587,66767.36294526255,75974.14381812332,90549.4804397203,5457.557029129155,25068.844204884706,35621.129512478175,42651.1344438945,48973.27093082496,60251.21511314198,72938.23107831154,78418.91911494668,81426.53790421449,105453.16066817375,27850.0,45870.0,27850.0,33870.0,9528.257069983254,42242.90624551061,54918.83668450615,15482.350743669635,30726.19070566188,61381.45855066848,0.0
21541.54154154154,36784.23899103516,42039.31463741598,54895.55235888141,85760.89401266744,22791.945748162434,50381.13098064695,67346.92327119062,27082.69749509736,39604.28362176017,46716.23847425637,55787.759368944746,67106.89031458087,74916.40117825309,104525.72954710737,23078.923651115278,32546.511412567736,48951.6945196772,50541.850453207604,58101.335221554546,66804.12332901718,75986.06913517757,90569.49227768282,5380.565012099374,25031.259005079814,35585.226035671585,42650.07236250335,48972.20633692584,60262.05575581892,72962.00100123999,78465.96911563624,81446.76100682635,105503.88436819855,27850.0,45870.0,27850.0,33870.0,9489.107786581997,42247.24085879294,54953.65135462507,15445.559498449213,30725.102311568233,61419.33818998256,0.0
21581.58158158158,36757.6294796976,42031.19379209173,54893.37256853876,85797.80415967188,22752.947653124364,50381.86189568514,67385.19045119049,27045.30241436066,39590.39549077636,46710.508361360036,55785.74294902103,67102.16386099759,74948.57191518435,104557.31500829996,23039.967154320453,32511.164833103212,48951.68581166226,50541.98665251142,58106.78101770713,66840.87374894405,75997.99096821519,90589.54981353626,5303.5662514059,24993.66705924778,35549.30003577635,42649.019713986345,48971.14797117027,60272.852411758824,72985.79272085898,78512.98767066374,81466.95314337252,105554.71302175922,27850.0,45870.0,27850.0,33870.0,9449.95604639799,42251.54948346151,54988.49447014049,15408.755271700324,30724.01980742912,61457.22492087056,0.0
21621.621621621627,36730.92254055226,42023.150562767165,54891.20306480344,85834.72383187714,22713.94614250446,50382.58882396145,67423.46503353407,27007.89816035246,39576.46375097418,46704.78399636026,55783.70765478382,67097.4448573215,74980.78068966596,104588.92089054188,23001.007024808358,32475.808327997034,48951.67715502603,50542.12213317733,58112.20890634792,66877.61404810708,76009.9093956835,90609.65300885282,5226.560771186061,24956.068397871648,35513.35171371447,42647.976377133804,48970.09578552235,60283.60522152671,73009.60597974694,78559.97487787966,81487.11453281528,105605.64634260305,27850.0,45870.0,27850.0,33870.0,9410.801860062376,42255.832310712314,55023.36582922531,15371.938139121528,30722.94315193347,61495.118708944996,0.0
21661.661661661667,36704.118978408726,42015.18424665628,54889.043788687704,85871.65298624727,22674.941233119393,50383.311794035064,67461.74697284555,26970.484784619643,39562.488313899106,46699.06545878383,55781.65369116336,67092.73339932098,75013.02722872558,104620.54712348746,22962.043281163245,32440.441928462893,48951.668549362264,50542.25690018351,58117.61894955005,66914.34406827867,76021.82449834226,90629.8018246571,5149.548595445762,24918.46305123867,35477.38126774096,42646.94223277174,48969.049732397754,60294.31432606772,73033.44051888242,78606.93083477626,81507.2453971834,105656.68404349528,27850.0,45870.0,27850.0,33870.0,9371.64523814202,42260.08953024306,55058.26523161493,15335.108175845895,30721.87230411746,61533.01952003664,0.0
21701.701701701706,36677.21959671332,42007.29414171826,54886.894681567035,85908.59158000139,22635.932941675295,50384.030834214565,67500.03622411012,26933.062338304637,39548.46909227242,46693.352827720184,55779.58126192815,67088.02958049097,75045.3112621972,104652.19363708643,22923.07594184253,32405.065665579714,48951.65999426879,50542.39095846575,58123.01120921524,66951.06364991833,76033.73635928077,90649.99622142888,5072.529748060486,24880.851049442,35441.38889349157,42645.917163720456,48968.0097646588,60304.979866693866,73057.29607766123,78653.85563845214,81527.3459615772,105707.8258362423,27850.0,45870.0,27850.0,33870.0,9332.48619113996,42264.321330262916,55093.19247859712,15298.265456445815,30720.807223361295,61570.92732019289,0.0
21741.741741741745,36650.22519731903,41999.47954689109,54884.755685178374,85945.53957061151,22596.921284768738,50384.74597256074,67538.3327426705,26895.630872149355,39534.40599999172,46687.646181816104,55777.49056968537,67083.33349209523,75077.63252267975,104683.86036158238,22884.105025177912,32369.67957029225,48951.65148934737,50542.524312917856,58128.38574707419,66987.77263215037,76045.64506393496,90670.23615910509,4995.5042527762635,24843.23242238223,35405.37478402927,42644.90105475376,48966.975835609686,60315.601985070854,73081.17239391265,78700.74938557553,81547.4164541747,105759.07143171501,27850.0,45870.0,27850.0,33870.0,9293.324729495958,42268.52789750228,55128.14737300177,15261.410054938104,30719.747869385898,61608.84207567599,0.0
21781.781781781785,36623.13658026318,41991.739762317826,54882.626741618056,85982.49691580093,22557.9062788876,50385.45723688893,67576.63648422346,26858.19043649921,39520.298952131874,46681.945599270555,55775.38181588169,67078.64522320885,75109.99074549616,104715.54722751172,22845.13054937642,32334.283673412006,48951.64303420369,50542.6569683921,58133.74262468635,67024.4708527422,76057.55070010472,90690.52159708257,4918.472133210715,24805.607199769052,35369.339129889995,42643.89379255943,48965.947898991755,60326.18082320511,73105.06920391551,78747.61217234624,81567.45710623974,105810.42053987246,27850.0,45870.0,27850.0,33870.0,9254.16086358696,42272.7094172224,55163.12971919065,15224.542044788748,30718.694202249728,61646.76375296152,0.0
21821.821821821824,36595.954543552754,41984.07408956502,54880.50779333993,86019.4635735423,22518.88794041196,50386.16465477164,67614.94740481641,26820.741081307,39506.1478649453,46676.25115782958,55773.25520080393,67073.96486075856,75142.38566865357,104747.25416570209,22806.152532521453,32298.87800561786,48951.634628447326,50542.78892969957,58139.0819034399,67061.15814808199,76069.4533579714,90710.85249422051,4841.43341285405,24767.975411122767,35333.28211912704,42642.89526570037,48964.92590897871,60336.71652343066,73128.98624241425,78794.44409445647,81587.46815213136,105861.87286978436,27850.0,45870.0,27850.0,33870.0,9214.994603727606,42276.86607322516,55198.13932304723,15187.661498917867,30717.646182345576,61684.692318736554,0.0
21861.861861861864,36568.67988295719,41976.48183183357,54878.39878315342,86056.43950205584,22479.866285614986,50386.86825354088,67653.26546084412,26783.282856136917,39491.952655862704,46670.56293478121,55771.110923580054,67069.29248956373,75174.8170328041,104778.98110727129,22767.170992573858,32263.462597457088,48951.6262716917,50542.92020161066,58144.40364455182,67097.8343531559,76081.35313011581,90731.22880884315,4764.388115070062,24730.3370857759,35297.203937354876,42641.90536457684,48963.90982017193,60347.20922839634,73152.92324263425,78841.24524705065,81607.44982931454,105913.42812965447,27850.0,45870.0,27850.0,33870.0,9175.82596017074,42280.99804786283,55233.175991966425,15150.76848970442,30716.6037703974,61722.62773989818,0.0
21901.901901901907,36541.31339180865,41968.96229416218,54876.299654221526,86093.42465980763,22440.8413306638,50387.56806029084,67691.59060904536,26745.815810168173,39477.713243493454,46664.88100695047,55768.9491821799,67064.62819237541,75207.28458120668,104810.72798362591,22728.185947372913,32228.037479345894,48951.61796355402,50543.05078885538,58149.70790906805,67134.49930152547,76093.25011153615,90751.65049874215,4687.336263097037,24692.69225287479,35261.1047677917,42640.923981389555,48962.899587596134,60357.65908105323,73176.87993629719,78888.01572468356,81627.40237837327,105965.08602684361,27850.0,45870.0,27850.0,33870.0,9136.654943107842,42285.105522047765,55268.23953484441,15113.863088990991,30715.566927457196,61760.569983551824,0.0
21941.941941941946,36513.855860809796,41961.51478362337,54874.210350059046,86130.41900550779,22401.81309162034,50388.26410188006,67729.92280649961,26708.339992198944,39463.429547626045,46659.20545069467,55766.770173416284,67059.97204991477,75239.78805968942,104842.4947264599,22689.197414637383,32192.602681570264,48951.60970365518,50543.18069612389,58154.994757863096,67171.15282530469,76105.14439966608,90772.1175211794,4610.277880048816,24655.04094138091,35224.98479130115,42639.95101010347,48961.89516669444,60368.06622464165,73200.85605363616,78934.75562127656,81647.32604302478,106016.84626789203,27850.0,45870.0,27850.0,33870.0,9097.481562669542,42289.188675262194,55303.32976206827,15076.94536808848,30714.53561490189,61798.51901700963,0.0
21981.981981981986,36486.308077848735,41954.138609512105,54872.13081453042,86167.42249810873,22362.781584442226,50388.95640493399,67768.26201062379,26670.855450650066,39449.10148922843,46653.536341898325,55764.57409294603,67055.32414091118,75272.3272166125,104874.28126775345,22650.205411966523,32157.158234286802,48951.60149161986,50543.30992806678,58160.26425164048,67207.79475513648,76117.03609439358,90792.6298328895,4533.2129889156495,24617.383180072764,35188.84418643327,42638.98634641271,48960.89651332427,60378.43080267908,73224.85132341034,78981.46503007301,81667.22107013625,106068.70855854268,27850.0,45870.0,27850.0,33870.0,9058.305828926106,42293.247685567956,55338.44648550596,15040.015397780788,30713.50979443032,61836.474807788894,0.0
22022.022022022025,36458.67082782129,41946.83308352723,54870.06099184799,86204.43509680349,22323.7468249836,50389.644995847295,67806.6081791691,26633.362233568714,39434.72899044833,46647.87375596866,55762.361135271174,67050.6845421391,75304.90180283233,104906.08753977167,22611.209956841063,32121.70416752331,48951.59332707635,50543.43848929553,58165.51645093247,67244.42492016932,76128.92529807927,90813.1873900827,4456.141612565221,24579.718997546945,35152.683129464414,42638.02988770599,48959.90358375262,60388.752958947356,73248.86547291954,79028.14404359102,81687.08770974347,106120.67260376344,27850.0,45870.0,27850.0,33870.0,9019.127751887856,42297.28272961622,55373.58951849593,15003.07324832938,30712.48942806012,61874.4373236105,0.0
22062.062062062065,36430.94489246039,41939.59751994579,54868.000826569994,86241.45676102382,22284.70882899596,50390.32990078622,67844.96127021781,26595.860388632118,39420.31197461345,46642.217767830705,55760.13149374003,67046.05332845428,75337.51157166614,104937.91347506324,22572.211066624222,32086.24051117967,48951.585209656594,50543.566384382844,58170.751416100145,67281.0431480335,76140.81211557573,90833.7901484473,4379.063773743521,24542.04842221993,35116.50179443634,42637.081533033066,48958.916334651876,60399.03283748067,73272.89822801852,79074.79275357474,81706.92621507164,106172.7381077697,27850.0,45870.0,27850.0,33870.0,8979.9473415057,42301.2939826573,55408.75867583701,14966.11898947788,30711.474478124786,61912.406532397334,0.0
22102.102102102104,36403.131050172444,41932.431235790194,54865.95026359863,86278.4874504387,22245.667612129007,50391.011145690805,67883.3212421802,26558.349963151122,39405.850366231636,46636.568451922925,55757.885360548695,67041.43057282947,75370.15627885694,104969.7590064592,22533.208758562665,32050.767295028556,48951.57713899606,50543.693617863086,58175.96920733353,67317.64926481697,76152.69665424651,90854.4380631526,4301.979495075862,24504.37148232946,35080.300353194616,42636.14118307182,48957.9347230953,60409.27058255322,73296.94931313104,79121.41125094323,81726.73684255857,106224.90477404682,27850.0,45870.0,27850.0,33870.0,8940.764607671535,42305.28161855029,55443.95377377818,14929.1526904566,30710.464907270696,61950.382402272706,0.0
22142.142142142144,36375.23007588066,41925.333550988624,54863.909248178184,86315.52712495252,22206.623189931444,50391.68875627732,67921.68805379124,26520.831004073763,39391.34409099107,46630.92588219259,55755.622926742144,67036.81634638904,75402.83568253984,105001.62406707155,22494.2030497875,32015.28454871616,48951.56911473377,50543.82019423268,58181.169884651405,67354.2430950412,76164.57902398569,90875.13108885163,4224.888799067659,24466.688205936,35044.07897542588,42635.20874009626,48956.958706552956,60419.46633866728,73321.01845126374,79167.99962573715,81746.5198518809,106277.17230537218,27850.0,45870.0,27850.0,33870.0,8901.579560218735,42309.24580977289,55479.17463000839,14892.174419986992,30709.460678454096,61988.36490155892,0.0
22182.182182182183,36347.242740875125,41918.30378852835,54861.87772589305,86352.57574470347,22167.57557785181,50392.36275804043,67960.06166410775,26483.303557988842,39376.793075760186,46625.29013209129,55753.3443822159,67032.21071844315,75435.54954320833,105033.50859029227,22455.193957315205,31979.79230176284,48951.561136512246,50543.94611795033,58186.3535079015,67390.82446163645,76176.45933723747,90895.86917968391,4147.791708105462,24428.998620924136,35007.83782869468,42634.284107945045,48955.98824288729,60429.62025054115,73345.10536401949,79214.55796706301,81766.2755059822,106329.54040383757,27850.0,45870.0,27850.0,33870.0,8862.3922089226,42313.18672743104,55514.42106364636,14855.184246286117,30708.46175493827,62026.35399877561,0.0
22222.222222222226,36319.169812669665,41911.34127460272,54859.85564266577,86389.63327006181,22128.524791239277,50393.03317625542,67998.4420325053,26445.76767112933,39362.19724858773,46619.66127457077,55751.049915717376,67027.61375652147,75468.29762368159,105065.4125097917,22416.18149804862,31944.29058356406,48951.55320397747,50544.071393437676,58191.520136760446,67427.39318591711,76188.33770901631,90916.65228927831,4070.6882444577786,24391.302755004035,34971.57707847937,42633.36719199087,48955.023290349025,60439.73246309737,73369.2097716112,79261.08636303456,81786.00407110507,106382.00877087074,27850.0,45870.0,27850.0,33870.0,8823.20256350077,42317.104541268745,55549.69289523049,14818.182237070994,30707.468100290604,62064.3496626384,0.0
22262.262262262266,36291.01205486521,41904.445338751226,54857.84294475534,86426.69966162823,22089.470845344465,50393.70003598044,68036.82911867509,26408.223389376017,39347.55653870263,46614.03938207851,55748.739714847456,67023.02552640534,75501.07968907247,105097.33575951755,22377.16568877786,31908.779423390763,48951.54531677875,50544.196025079335,58196.669830733736,67463.94908755654,76200.21425692705,90937.480370756,3993.578430276015,24353.600635712963,34935.2968882072,42632.45789911051,48954.06380757305,60449.80312145092,73393.33139287464,79307.58490071137,81805.70581682549,106434.57710725786,27850.0,45870.0,27850.0,33870.0,8784.010633613743,42320.99941967761,55584.98994670865,14781.168459563021,30706.479678379732,62102.35186205724,0.0
22302.302302302305,36262.770227019515,41897.61531399324,54855.83957875498,86463.77488023226,22050.41375532021,50394.36336205868,68075.2228826211,26370.670758260658,39332.87087651387,46608.4245265535,55746.413966062166,67018.44609216056,75533.89550675571,105129.27827369355,22338.146546181262,31873.25885039039,48951.53747456885,50544.320017223465,58201.80264915582,67500.49198456161,76212.08910118538,90958.3533767332,3916.46228759531,24315.892290416414,34898.997419288695,42631.55613765557,48953.10975357435,60459.83237089786,73417.46994528163,79354.05366603417,81825.38101609127,106487.24511316467,27850.0,45870.0,27850.0,33870.0,8744.81642886523,42324.87152970667,55620.312041428115,14744.142980492188,30705.49645337274,62140.360566135074,0.0
22342.342342342345,36234.4450845234,41890.85053695551,54853.84549159053,86500.85888693055,22011.353536222356,50395.02317912054,68113.62328465711,26333.109822969498,39318.14019361024,46602.81677942227,55744.072854674356,67013.87551616825,75566.74484633724,105161.23998681814,22299.124086826298,31837.72889358749,48951.52967700392,50544.44337418216,58206.91865119015,67537.02169324722,76223.96236463869,90979.27125932409,3839.3398383354215,24278.177746309862,34862.67883115147,42630.66181742388,48952.161087743836,60469.820356903554,73441.62514495268,79400.49274375693,81845.02994526367,106540.01248815864,27850.0,45870.0,27850.0,33870.0,8705.619958802632,42328.72103707191,55655.65900412545,14707.105866101436,30704.51838973231,62178.37574416625,0.0
22382.382382382384,36206.037378483,41884.15034799329,54851.860630518306,86537.95164300544,21972.29020301054,50395.67951158571,68152.03028540376,26295.54062834663,39303.36442276002,46597.21621159479,55741.71656485537,67009.31385915613,75599.62747962374,105193.22083366336,22260.098327170504,31802.189581884424,48951.52192374322,50544.56610023159,58212.01789582911,67573.53802821031,76235.834172787,91000.23397014386,3762.2111043016084,24240.457030419817,34826.341281273126,42629.7748496316,48951.2177698445,60479.76722509152,73465.7967066697,79446.90221737498,81864.65288416325,106592.87893122982,27850.0,45870.0,27850.0,33870.0,8666.421232917488,42332.54810616607,55691.03066091643,14670.057182150802,30703.545452214006,62216.39736563519,0.0
22422.422422422424,36177.547855608136,41877.51409130542,54849.884943123296,86575.05310996313,21933.223770548953,50396.332383665336,68190.44384578572,26257.9632188972,39288.543497910694,46591.62289346046,55739.34527963701,67004.76118022845,75632.54318059268,105225.22074927352,22221.06928356237,31766.640944061935,48951.514214449446,50544.68819961259,58217.100441894116,67610.04080230356,76247.70465380438,91021.24146031166,3685.076107185454,24202.730169605326,34789.98492521354,42628.89514688567,48950.27976000747,60489.67312123201,73489.98434388838,79493.28216904943,81884.25011611989,106645.8441408128,27850.0,45870.0,27850.0,33870.0,8627.220260645849,42336.35290006812,55726.42683928604,14632.996993921675,30702.57760586352,62254.42540021481,0.0
22462.462462462463,36148.97725810662,41870.94111504369,54847.91837731734,86612.16324953233,21894.154253607092,50396.98181936408,68228.86392702881,26220.377638790713,39273.677354188374,46586.03689488434,55736.95918091328,67000.21753689597,75665.4917253633,105257.23966896402,22182.036972242247,31731.083008779977,48951.50654878839,50544.80967653086,58222.16634803567,67646.52982660905,76259.57393856032,91042.2936804535,3607.934868565735,24164.997190559312,34753.609916646536,42628.022623157245,48949.34701872792,60499.53819123109,73514.18776875039,79539.63267952699,81903.82192802726,106698.90781480752,27850.0,45870.0,27850.0,33870.0,8588.017051368726,42340.13558055293,55761.84736807835,14595.925366220878,30701.614816013876,62292.459817765244,0.0
22502.502502502502,36120.326323584326,41864.43077141612,54845.96088133714,86649.28202366242,21855.081666860548,50397.627842482194,68267.29049065725,26182.783931864244,39258.765927897475,46580.458285203335,55734.558449442426,66995.6829851046,75698.4728921678,105289.27752832008,22143.001409343255,31695.515804578437,48951.49892642909,50544.93053515736,58227.2156727333,67683.00491041142,76271.4421606418,91063.39058070534,3530.7874099092514,24127.25811980985,34717.21640739101,42627.15719375569,48948.41950686149,60509.36258111948,73538.40669209542,79585.95382805535,81923.3686104023,106752.06965060018,27850.0,45870.0,27850.0,33870.0,8548.811614412538,42343.89630810082,55797.29207748665,14558.842363384823,30700.657048282876,62330.50058833231,0.0
22542.542542542546,36091.59578495086,41857.98241678457,54844.01240374237,86686.40939452217,21816.006024891703,50398.27047661756,68305.72349849073,26145.18214162565,39243.80915651998,46574.88713322248,55732.14326484887,66991.15757926427,75731.48646132315,105321.33426319562,22103.9626108921,31659.93935987764,48951.49134704375,50545.0507796286,58232.24847429569,67719.46586117073,76283.30945637531,91084.53211071616,3453.633752571637,24089.512983721666,34680.804547441,42626.298775302785,48947.497185620254,60519.14643704165,73562.64082347316,79632.24569229325,81942.89045744998,106805.32934508458,27850.0,45870.0,27850.0,33870.0,8509.603959049484,42347.63524190712,55832.76079904339,14521.748049283538,30699.704268570324,62368.547682146134,0.0
22582.582582582585,36062.78637033091,41851.59541175721,54842.07289341383,86723.54532449805,21776.92734219052,50398.90974516768,68344.16291264178,26107.57231125667,39228.806978714834,46569.32350721133,55729.71380562529,66986.64137227662,75764.53221520354,105353.40980971177,22064.920592810035,31624.353702979246,48951.48381030761,50545.170414047076,58237.264810860666,67755.91248449506,76295.1759648493,91105.718219651,3376.47391779823,24051.761808497147,34644.374484995715,42625.44728570801,48946.5800165691,60528.889905245145,73586.88987115488,79678.50834821525,81962.38776713384,106858.6865946827,27850.0,45870.0,27850.0,33870.0,8470.394094497991,42351.35253989169,55868.25336561032,14484.642487324722,30698.756443055452,62406.60106961982,0.0
22622.622622622624,36033.89880298072,41845.269121275094,54840.142299551546,86760.68977619262,21737.845633155237,50399.54567133171,68382.60869551304,26069.954483616057,39213.75933431729,46563.76747490044,55727.270249134715,66982.13441556244,75797.60993821309,105385.50410425602,22025.875370913644,31588.758862066592,48951.47631589903,50545.289442481495,58242.26474039532,67792.34458411305,76307.04182793686,91126.94885619401,3299.307926724825,24014.00462017786,34607.92636648838,42624.60264414397,48945.66796162193,60538.593132069946,73611.15354214513,79724.7418700104,81981.86084125249,106912.14109536508,27850.0,45870.0,27850.0,33870.0,8431.182029923082,42355.04835870843,55903.76961136848,14447.525740457722,30697.813538194277,62444.660721348,0.0
22662.662662662664,36004.93380121003,41839.00291469378,54838.22057167293,86797.84271242324,21698.760912093116,50400.17827811235,68421.06080979452,26032.328701242644,39198.66616433801,46558.21910347793,55724.81277161279,66977.63675908849,75830.71941675938,105417.61708348073,21986.826960915732,31553.154865205765,48951.46886349938,50545.40786896716,58247.24832069584,67828.76196184574,76318.90719031876,91148.22396855161,3222.13580037851,23976.241444645806,34571.46033661497,42623.7647710225,48944.760983037995,60548.2562639378,73635.43154219308,79770.94632997448,82001.3099855232,106965.69254267163,27850.0,45870.0,27850.0,33870.0,8391.967774436787,42358.72285375473,55939.30937180847,14410.397871177442,30696.875520717043,62482.726608105506,0.0
22702.702702702703,35975.892078308985,41832.79616585977,54836.307659610924,86835.0040962203,21659.67319322114,50400.80758831794,68459.51921846092,25994.695006358434,39183.527410962226,46552.67845958611,55722.34154816989,66973.14845139414,75863.86043922705,105449.74868430215,21947.775378426173,31517.541740345932,48951.46145279308,50545.52569750628,58252.21560938792,67865.16441757829,76330.7721995067,91169.54350445568,3144.95755967846,23938.472307624572,34534.97653836218,42622.93358797156,48943.85904341832,60557.87944734193,73659.7235758038,79817.12179839524,82020.73550967235,107019.34063173164,27850.0,45870.0,27850.0,33870.0,8352.751337098573,42362.37617918089,55974.872483720545,14373.258941528335,30695.94235762566,62520.798700846004,0.0
22742.742742742743,35946.77434248001,41826.64825318202,54834.40351351202,86872.17389082597,21620.582490666755,50401.43362456419,68497.98388476903,25957.05344087152,39168.343017548854,46547.14560931812,55719.85675279341,66968.6695396167,75897.03279595237,105481.89884389905,21908.720638952735,31481.919515320107,48951.45408346747,50545.6429320683,58257.166663926386,67901.55174923148,76342.63700586691,91190.90741116655,3067.7732254367293,23900.697234680778,34498.47511303463,42622.10901781211,48942.962105702,60567.46282883672,73684.02934624936,79863.2683434299,82040.13772753367,107073.08505728417,27850.0,45870.0,27850.0,33870.0,8313.532726915691,42366.00848789953,56010.458785184775,14336.109013108175,30695.014016191144,62558.87697070067,0.0
22782.782782782782,35917.58129677458,41820.55855969842,54832.508083834546,86909.35205969244,21581.488818468555,50402.05640927632,68536.45477225512,25919.40404637917,39153.11292862936,46541.620618214954,55717.358558350265,66964.2000695171,75930.23627919762,105514.06749971156,21869.66275790192,31446.28821784591,48951.44675521285,50545.75957659018,58262.10154159564,67937.92375273281,76354.50176264418,91212.31563547647,2990.5828183590274,23862.91625122505,34461.956200281915,42621.29098453606,48942.07013316278,60577.00655502748,73708.34855557993,79909.38603097436,82059.51695715556,107126.92551369788,27850.0,45870.0,27850.0,33870.0,8274.31195284363,42369.619931595,56046.06811556136,14298.948147072004,30694.09046395117,62596.96138897682,0.0
22822.82282282282,35888.313639034604,41814.52647313783,54830.62132134674,86946.53856648084,21542.392190576975,50402.675964690694,68574.93184473232,25881.746864170647,39137.83708990681,46536.10355126212,55714.84713658906,66959.7400855046,75963.47068312674,105546.25458944007,21830.60175057977,31410.64787552596,48951.43946772246,50545.875634976794,58267.0202995095,67974.28022198717,76366.36662598586,91233.7681237125,2913.3863590454785,23825.12938251359,34425.41993812476,42620.47941328409,48941.18308940544,60586.510772560505,73732.68090463438,79955.47492452375,82078.87352091697,107180.86169499095,27850.0,45870.0,27850.0,33870.0,8235.089023786459,42373.21066073267,56081.700315480884,14261.776404135828,30693.171668707535,62635.05192715664,0.0
22862.862862862865,35858.97206183838,41808.551385977386,54828.74317712493,86983.73337505932,21503.292620854998,50403.29231285688,68613.41506628811,25844.081935230202,39122.51544825451,46530.59447288673,55712.32265814266,66955.28963066137,75996.73580378058,105578.46005104395,21791.53763219271,31374.99851584875,48951.43222069235,50545.99111110112,58271.92299461121,68010.62094884746,76378.2317549664,91255.26482173998,2836.183867991411,23787.336653649058,34388.866462980994,42619.674230324694,48940.30093836236,60595.975628112996,73757.02609305139,80001.53508502235,82098.20774565378,107234.89329485092,27850.0,45870.0,27850.0,33870.0,8195.863948597187,42376.78082456821,56117.355226834596,14224.593844580437,30692.257598523724,62673.148556895845,0.0
22902.902902902904,35829.55725245095,41802.63269549548,54826.87360255163,87020.93644950194,21464.190123078843,50403.90547563939,68651.90440128176,25806.40930023989,39107.14795171495,46525.09344695462,55709.78529253071,66950.84874676596,76030.03143905348,105610.68382274036,21752.470417848323,31339.340166189166,48951.42501382141,50546.106008804636,58276.80968367377,68046.9457230847,76390.0973116123,91276.8056749657,2758.9753655881323,23749.538089582056,34352.295909690576,42618.87536303298,48939.42364429016,60605.40126838343,73781.38381927962,80047.56657070346,82117.51996279568,107289.0200066539,27850.0,45870.0,27850.0,33870.0,8156.636736078224,42380.330571156956,56153.03269276482,14187.40052825513,30691.34822172249,62711.2512500224,0.0
22942.942942942944,35800.069892778774,41796.769803820265,54825.01254931383,87058.14775408711,21425.08471093863,50404.515474719534,68690.39981434184,25768.728999582498,39091.734549498346,46519.600536767386,55707.23520816206,66946.41747431742,76063.35738866906,105642.92584300328,21713.400122556162,31303.672853809083,48951.417846811455,50546.22033189761,58281.68042329968,68083.25433235784,76401.96346092715,91298.39062834095,2681.7608721236174,23711.733715112186,34315.70841154049,42618.08273987034,48938.55117176617,60614.787840081626,73805.75378058852,80093.56943691765,82136.81050851545,107343.24152348403,27850.0,45870.0,27850.0,33870.0,8117.407394981692,42383.860047362985,56188.73255765532,14150.196514581365,30690.443506883406,62749.35997853523,0.0
22982.982982982983,35770.51065932848,41790.96211797424,54823.15996940107,87095.3672532962,21385.97639803905,50405.12233159716,68728.90127036377,25731.04107334423,39076.27519198126,46514.11580505966,55704.6725723375,66941.9958525575,76096.71345415775,105675.18605056212,21674.32676122855,31267.996605858167,48951.410719366875,50546.334084159374,58286.535269921354,68119.54656218333,76413.83037091701,91320.01962636533,2604.540407783308,23673.923554889196,34279.104100289056,42617.29629036443,48937.68348568523,60624.13548991941,73830.13567307856,80139.54373594711,82156.0797238907,107397.55753815302,27850.0,45870.0,27850.0,33870.0,8078.175934009829,42387.369398868446,56224.45466712173,14112.981862556473,30689.54342284057,62787.47471460296,0.0
23023.023023023023,35740.880223169675,41785.20904991464,54821.315815103604,87132.59491181203,21346.865197900057,50405.726067592615,68767.4087345073,25693.34556131755,39060.76983070521,46508.63931399651,55702.097551252344,66937.58391949399,76130.09943883389,105707.46438440046,21635.250348681337,31232.311449374265,48951.40363119495,50546.44726933866,58291.374279800795,68155.82219590413,76425.69821261632,91341.69261308954,2527.313992650841,23636.10763341435,34242.48310618977,42616.515945089646,48936.8205512563,60633.444364601004,73854.52919169146,80185.48951680787,82175.32795508014,107451.96774321864,27850.0,45870.0,27850.0,33870.0,8038.942361815341,42390.8587701826,56260.19886800205,14075.756630757201,30688.647938680166,62825.59543056264,0.0
23063.063063063062,35711.179249901645,41779.51001656997,54819.480039010654,87169.83069451772,21307.751123957503,50406.326703848295,68805.9221721942,25655.64250300402,39045.21841837501,46503.171125170804,55699.51030999905,66933.18171192255,76163.51514777337,105739.76078375528,21596.170899634704,31196.617411284093,48951.39658200568,50546.559891153825,58296.19750903003,68192.08101465894,76437.56716011376,91363.40953211892,2450.081646708757,23598.28597504132,34205.845558014465,42615.74163564795,48935.96233399911,60642.71461081374,73878.93403022052,80231.40682503491,82194.55555351503,107506.4718310042,27850.0,45870.0,27850.0,33870.0,7999.706687001784,42394.328304651026,56295.965008347186,14038.520877343377,30687.757023738133,62863.72209891849,0.0
23103.1031031031,35681.40839962375,41773.86443987274,54817.6525940086,87207.07456649489,21268.634189563796,50406.92426133045,68844.44154910573,25617.931937616795,39029.620908857134,46497.71129960062,55696.9110125701,66928.78926544808,76196.9603877918,105772.0751881155,21557.088428713912,31160.914518404028,48951.38957151161,50546.67195329317,58301.00501353112,68228.32279735037,76449.43739057894,91385.17032661686,2372.8433898392504,23560.458603977528,34169.191583076434,42614.97329465013,48935.10879974117,60651.94637521889,73903.3498813205,80277.29570245184,82213.76287610768,107561.06949361661,27850.0,45870.0,27850.0,33870.0,7960.468918123908,42397.7781444646,56331.752937411475,14001.274660061426,30686.870647597894,62901.85469234068,0.0
23143.14314314315,35651.568326909524,41768.27174678868,54815.83343327904,87244.32649302277,21229.514407988558,50407.51876083101,68882.96683118043,25580.21390408355,39013.97725717812,46492.259897727025,55694.29982186064,66924.40661450684,76230.43496742295,105804.40753722092,21518.002950450067,31125.202797440405,48951.382599428136,50546.7834594153,58305.796849055936,68264.54732061326,76461.30908428886,91406.97493930801,2295.5992418248497,23522.625544285285,34132.521307252566,42614.21085569745,48934.25991461431,60661.13980444243,73927.77643651768,80323.15618692146,82232.95028547845,107615.76042296558,27850.0,45870.0,27850.0,33870.0,7921.229063688068,42401.20843066857,56367.562505643364,13964.018036247848,30685.98878008807,62939.99318366409,0.0
23183.183183183188,35621.65968078419,41762.731369342255,54814.02251029719,87281.58643957633,21190.391792419272,50408.110222969124,68921.4979846116,25542.48844104896,38998.28741952267,46486.81697941154,55691.67689967143,66920.03379238673,76263.93869689762,105836.75777106105,21478.914479280887,31089.48227499037,48951.375665473104,50546.89441314935,58310.573071186765,68300.75435878267,76473.1824246551,91428.82331248178,2218.349222349192,23484.78681988277,34095.83485500572,42613.4542533637,48933.415645051675,60670.2950450662,73952.21338621972,80368.98831207657,82252.11815020296,107670.5443107815,27850.0,45870.0,27850.0,33870.0,7881.987132152502,42404.61930317153,56403.39356467597,13926.751062832775,30685.111391280167,62978.137545887075,0.0
23223.223223223227,35591.68310470566,41757.24274463894,54812.219778829975,87318.85437182542,21151.26635596189,50408.698668193,68960.0349758451,25504.755586877385,38982.551353231844,46481.38260393408,55689.0424067117,66915.67083124821,76297.4713881227,105869.12582987401,21439.823029551422,31053.752977542317,48951.368769367095,50547.00481809518,58315.33373533594,68336.94368386126,76485.05759825109,91450.71538799562,2141.0933509976458,23446.942454545384,34059.13234940598,42612.70342317776,48932.57595778452,60679.41224361901,73976.66041972546,80414.79210702876,82271.2668450817,107725.4208486338,27850.0,45870.0,27850.0,33870.0,7842.743131927753,42408.010900754365,56439.2459673179,13889.473796343353,30684.238451486362,63016.28775217028,0.0
23263.263263263267,35561.63923654864,41751.80531488402,54810.42519293426,87356.13025563306,21112.13811164148,50409.28411678143,68998.57777157708,25467.015379655593,38966.76901680106,46475.95682999067,55686.39650260197,66911.31776214435,76331.03285466103,105901.51165414535,21400.72861551482,31018.014931476628,48951.36191083313,50547.11467782386,58320.07889674624,68373.11506548656,76496.93479484008,91472.6511072786,2063.8316472580627,23409.092471906588,34022.41391215201,42611.95830160616,48931.7408198391,60688.49154656786,74001.11722523466,80460.56759605225,82290.39675143399,107780.38972794928,27850.0,45870.0,27850.0,33870.0,7803.49707137698,42411.383361079104,56475.119567543916,13852.186292907198,30683.369931257334,63054.44377583547,0.0
23303.303303303306,35531.52870859204,41746.41852739864,54808.638706955084,87393.41405705425,21073.00707240287,50409.86658884559,69037.12633875152,25429.26785719502,38950.94036987811,46470.53971569147,55683.739345877126,66906.97461504034,76364.62291171096,105933.91518460702,21361.63125133304,30982.268163066143,48951.355089596844,50547.22399587766,58324.80861049084,68409.26827089791,76508.81420740279,91494.63041133471,1986.5641305214413,23371.23689545926,33985.679663591705,42611.21882603657,48930.91019853394,60697.53310030931,74025.58348985751,80506.31479824163,82309.50825741913,107835.45064002952,27850.0,45870.0,27850.0,33870.0,7764.248958816319,42414.73682069787,56511.01422048581,13814.888608255795,30682.505801379946,63092.60559036427,0.0
23343.343343343346,35501.3521475093,41741.08183463223,54806.86027552387,87430.70574233457,21033.873251111225,50410.44610433052,69075.68064455825,25391.51305703461,38935.06537326113,46465.13131855872,55681.07109398934,66902.64141883349,76398.24137608652,105966.3363622362,21322.530951077584,30946.512698476723,48951.3483053864,50547.33277577063,58329.522931473504,68445.40306490278,76520.69603216604,91516.65324074632,1909.2908200826205,23333.37574855662,33948.92972274269,42610.48493476104,48930.08406147617,60706.53705116104,74050.05889962446,80552.03372713967,82328.60175838682,107890.60327606881,27850.0,45870.0,27850.0,33870.0,7724.998802515242,42418.071415061575,56546.92978242319,13777.580797727773,30681.646032875193,63130.77316939704,0.0
23383.383383383385,35471.11017436163,41735.79469417254,54805.08985355673,87468.00527790908,20994.73666055269,50411.022683016825,69114.24065643048,25353.751016443235,38919.14398889624,46459.73169552493,55678.39190331122,66898.31820137196,76431.8880661985,105998.77512825387,21283.427728730225,30910.74856376796,48951.34155793241,50547.44102098864,58334.22191442852,68481.51920984316,76532.58046863152,91538.7195356776,1832.0117351409644,23295.50905441327,33912.16420731209,42609.756566960095,48929.262376559236,60715.50354535342,74074.54313949548,80597.7243903327,82347.67765726105,107945.84732717171,27850.0,45870.0,27850.0,33870.0,7685.746610696857,42421.38727852875,56582.8661107744,13740.262916272297,30680.79059699598,63168.946486731715,0.0
23423.423423423425,35440.80340459409,41730.55656875261,54803.32739625263,87505.31263040067,20955.597313435,50411.59634452223,69152.80634204278,25315.981772422077,38903.17617987548,46454.34090293102,55675.70192913877,66894.00498947345,76465.56280203478,106031.23142412439,21244.32159818369,30874.97578489364,48951.334846967904,50547.54873498973,58338.90561392106,68517.6164655613,76544.46771960452,91560.82923587819,1754.7268948009987,23257.636836106492,33875.38323371635,42609.03366268682,48928.445111959496,60724.432729021035,74099.0358933696,80643.38678900947,82366.73636495927,108001.18248437044,27850.0,45870.0,27850.0,33870.0,7646.49239153829,42424.68454437425,56618.82306408747,13702.935018452354,30679.93946522502,63207.12551632262,0.0
23463.463463463468,35410.432448034306,41725.36692625495,54801.572859091655,87542.62776661907,20916.45522238804,50412.16710830318,69191.37766930877,25278.20536170728,38887.161910434384,46448.95899652457,55673.00132569458,66889.70180894373,76499.26540514173,106063.70519155369,21205.2125732424,30839.19438770238,48951.328172228415,50547.65592120444,58343.5740843471,68553.69458936523,76556.3579912236,91582.98228068642,1677.4363180731161,23219.75911657704,33838.586917100314,42608.31616285146,48927.632236133475,60733.3247481951,74123.53684409433,80689.0209174807,82385.77830085278,108056.60843864175,27850.0,45870.0,27850.0,33870.0,7607.236153170994,42427.96334479788,56654.800502031125,13665.597158447956,30679.0926092727,63245.31023227934,0.0
23503.503503503507,35379.997908893805,41720.225239713356,54799.82619783331,87579.95065355951,20877.310399964503,50412.73499365643,69229.95460637906,25240.42182077217,38871.101145949564,46443.58603145831,55670.29024613097,66885.40868459457,76532.99569860587,106096.19637248857,21166.100667623163,30803.404397938164,48951.32153345184,50547.76258303589,58348.2273799337,68589.75333599401,76568.25149299024,91605.17860903298,1600.140023874228,23181.87591863032,33801.77537135617,42607.60400920619,48926.82371781498,60742.179748794675,74148.04567347495,80734.62676265369,82404.80389327036,108112.12488092444,27850.0,45870.0,27850.0,33870.0,7567.977903681109,42431.223810933065,56690.79828538583,13628.249390059427,30678.250001074994,63283.50060886558,0.0
23543.543543543547,35349.50038577179,41715.13098731221,54798.08736851475,87617.28125840126,20838.16285864044,50413.30001972045,69268.53712163909,25202.631185829796,38854.993852936226,46438.222062288376,55667.56884253325,66881.12564026164,76566.7535070352,106128.70490911545,21126.985894955833,30767.605841240893,48951.31493037845,50547.86872386021,58352.865554738935,68625.79245758246,76580.14843779881,91627.41815944444,1522.8380310283756,23143.987264937445,33764.948709141776,42606.89714433056,48926.01952601223,60750.99787661932,74172.56206228386,80780.20430345825,82423.81358005243,108167.73150213575,27850.0,45870.0,27850.0,33870.0,7528.7176511097205,42434.466072855415,56726.816276034864,13590.891766710538,30677.411612791442,63321.69662049802,0.0
23583.583583583586,35318.94047166129,41710.08365238307,54796.356327449044,87654.6195485066,20799.012610815844,50413.862205477184,69307.12518370699,25164.833492835274,38838.8399990457,46432.86714297312,55664.837265922826,66876.8526988217,76600.53865654202,106161.23074385931,21087.86826878403,30731.79874314695,48951.308362750904,50547.97434702671,58357.4886626522,68661.81170362562,76592.049041967,91649.70087004662,1445.5303582674205,23106.093178036208,33728.107041899246,42606.195511616614,48925.21963000506,60759.7792773411,74197.08569026977,80825.75351021768,82442.80780915884,108223.42799318807,27850.0,45870.0,27850.0,33870.0,7489.455403453281,42437.69025959121,56762.85433695551,13553.524341451724,30676.577416803022,63359.89824174525,0.0
23623.623623623625,35288.31875395759,41705.08272339946,54794.63303122348,87691.96549141947,20759.85966881524,50414.42156975326,69345.71876143148,25127.028777488136,38822.63955306262,46427.521326871465,55662.09566626066,66872.58988220987,76634.35097472463,106193.77381938268,21048.7478025658,30695.98312908977,48951.3018303141,50548.0794558582,58362.09675739419,68697.81082094304,76603.9535252665,91672.02667856838,1368.2170242316715,23068.193680332137,33691.250479872266,42605.499055255015,48924.42399934209,60768.52409649665,74221.61623616691,80871.27434395866,82461.78703933877,108279.21404500576,27850.0,45870.0,27850.0,33870.0,7450.191168663874,42440.89649912593,56798.91233221022,13516.147166963197,30675.7473857102,63398.1054473266,0.0
23663.663663663665,35257.63581446882,41700.12769396909,54792.91743669787,87729.3190548642,20720.70404488826,50414.97813122179,69384.31782388996,25089.2170752346,38806.392484902346,46422.18466674174,55659.34419245037,66868.33721143624,76668.19029065035,106226.33407858429,21009.624509674304,30660.159024400422,48951.29533281533,50548.184053651144,58366.68989251726,68733.78955364237,76615.86211095424,91694.39552234489,1290.8980474705058,23030.288794099448,33654.37913212393,42604.80772022094,48923.63260383811,60777.232479479986,74246.1533777043,80916.76675565366,82480.75174086793,108335.0893485412,27850.0,45870.0,27850.0,33870.0,7410.924954649523,42444.084918412605,56834.99012693787,13478.760295558011,30674.921492330897,63436.31821211109,0.0
23703.703703703704,35226.892229428646,41695.218062824206,54791.20950100277,87766.68020674436,20681.545751210222,50415.53190840359,69422.92234038618,25051.39842127001,38790.09876560817,46416.85721474061,55656.58299234179,66864.09470660255,76702.05643483857,106258.91146459828,20970.498403398462,30624.326454308084,48951.28887000415,50548.28814367592,58371.268121405206,68769.7476430831,76627.77502580362,91716.80733832142,1213.5734464430097,22992.37854148216,33617.4931065538,42604.12145226038,48922.84541357106,60785.90457153481,74270.69679161481,80962.23068538675,82499.70239636228,108391.05359479092,27850.0,45870.0,27850.0,33870.0,7371.65676927457,42447.25564338028,56871.08758734514,13441.363779185223,30674.099709698454,63474.53651111631,0.0
23743.743743743744,35196.08856951088,41690.35333380972,54789.50918153787,87804.04891514151,20642.384799882668,50416.0829196688,69461.53228044852,25013.572850540942,38773.75836734833,46411.539022421646,55653.81221273418,66859.86238691834,76735.94923924361,106291.50592079306,20931.369496943633,30588.485443940634,48951.2824416323,50548.391729177194,58375.83149727383,68805.68482783932,76639.6925001363,91739.26206305675,1136.2432395186006,22954.462944494902,33580.592509914786,42603.44019787702,48922.062398879745,60794.54051774726,74295.2461536444,81007.66606143498,82518.63950167687,108447.10647481149,27850.0,45870.0,27850.0,33870.0,7332.386620359925,42450.40879894231,56907.20458069777,13403.957669432868,30673.282011059757,63512.76031950736,0.0
23783.783783783787,35165.22539984607,41685.533015869754,54787.81643597028,87841.42514831388,20603.221202933935,50416.631183238256,69500.1476138278,24975.740397747548,38757.371263413195,46406.23014073455,55651.03199937966,66855.64027071657,76769.86853723851,106324.11739077004,20892.237803432265,30552.636018325178,48951.27604745381,50548.494813373945,58380.38007317069,68841.60084366292,76651.61476785425,91761.75963272696,1058.9074449776308,22916.542025024053,33543.6774478297,42602.76390431904,48921.28353036089,60803.140463038435,74319.80113856104,81053.07279925402,82537.56356689957,108503.24767973565,27850.0,45870.0,27850.0,33870.0,7293.11451568341,42453.54450900457,56943.340975312036,13366.542017530985,30672.46836987321,63550.989612595804,0.0
23823.823823823826,35134.303280039814,41680.75662303202,54786.1312222328,87878.80887469533,20564.05497231973,50417.176717184964,69538.7683104953,24937.90109734579,38740.937428212084,46400.9306200241,55648.24249698679,66851.42837546958,76803.81416359873,106356.74581836283,20853.103335904525,30516.778202388577,48951.26968722486,50548.59739945991,58384.91390197556,68877.49542344568,76663.54206647223,91784.29998312864,981.5660810120353,22878.615804828747,33506.748024807464,42602.09251956624,48920.50877886661,60811.704552157695,74344.36142016407,81098.45080035686,82556.47511745291,108559.47690078741,27850.0,45870.0,27850.0,33870.0,7253.840462980064,42456.662896473776,56979.49664054618,13329.116874354644,30671.658759806844,63589.224365838505,0.0
23863.863863863866,35103.322764192846,41676.02367439071,54784.45349852227,87916.20006289416,20524.886119923638,50417.71953943545,69577.39434064092,24900.054983549653,38724.45683727038,46395.64051002935,55645.44384922393,66847.22671780444,76837.7859544861,106389.3911476361,20813.966107318964,30480.91202095798,48951.26336070389,50548.69949060374,58389.43303640037,68913.36829718157,76675.47463715056,91806.88304968295,904.21916572587,22840.684305541577,33469.80434425904,42601.42599231759,48919.738115501765,60820.23292967526,74368.92667129313,81143.79995107207,82575.37469531588,108615.7938292979,27850.0,45870.0,27850.0,33870.0,7214.564469942448,42459.76408326558,57015.67144679197,13291.68229042686,30670.853154736415,63627.46455483672,0.0
23903.903903903905,35072.28440092273,41671.33369408764,54782.78322329797,87953.59868169168,20485.7146575577,50418.25966777118,69616.02567467111,24862.202090333198,38707.92946722613,46390.35985988273,55642.636198722714,66843.03531351779,76871.78374743306,106422.05332288434,20774.82613055314,30445.037498761376,48951.25706765137,50548.80108994914,58393.93752898944,68949.21919192854,76687.41272472801,91829.508767439,826.8667171359812,22802.7475486698,33432.846508513285,42600.76427197883,48918.971511621494,60828.72573997539,74393.49656383728,81189.12012116579,82594.26286038177,108672.1981567204,27850.0,45870.0,27850.0,33870.0,7175.28654422094,42462.8481903128,57051.865265466266,13254.238315921531,30670.051528743523,63665.71015533495,0.0
23943.943943943945,35041.18873338707,41666.68621129172,54781.12035527981,87991.00470004142,20446.540596962936,50418.79711983001,69654.66228320706,24824.342451432873,38691.35529582701,46385.0887181095,55639.81968708175,66838.8541775906,76905.80738132723,106454.73228863106,20735.683418404253,30409.154660428077,48951.25080783001,50548.90220061522,58398.427432119766,68985.04783176986,76699.35657775542,91852.17707107731,749.5087531725512,22764.805555596304,33395.87461883192,42600.10730865055,48918.20893882857,60837.183127249744,74418.07076874402,81234.41116231066,82613.1401919701,108728.68957464554,27850.0,45870.0,27850.0,33870.0,7136.006693424057,42465.91533757335,57088.0779690026,13216.785000666387,30669.25385611366,63703.961143219945,0.0
23983.983983983984,35010.03629930835,41662.08076017721,54779.4648534469,88028.41808706752,20407.363949809886,50419.331913107395,69693.30413708271,24786.47610034958,38674.73430192679,46379.827132627,55636.99445487002,66834.68332420313,76939.856696396,106487.42798962751,20696.53798358977,30373.263530489283,48951.24458100462,50549.00282569676,58402.902798000985,69020.85393777539,76711.30644852936,91874.88789491385,672.1452916797207,22726.85834758032,33358.888775425214,42599.455053116275,48917.45036897095,60845.605235490555,74442.6489560286,81279.67290638018,82632.00729051215,108785.26777481602,27850.0,45870.0,27850.0,33870.0,7096.724925118724,42468.96564403837,57124.309430842906,13179.322394145802,30668.460111334505,63742.21749451969,0.0
24024.024024024024,34978.827630999935,41657.516879900264,54777.81667703568,88065.83881206412,20368.184727699118,50419.86406495799,69731.95120734288,24748.60307035072,38658.06646548209,46374.57515074416,55634.16064163058,66830.52276674873,76973.93153419184,106520.14037085179,20657.389838748037,30337.36413337856,48951.23838694202,50549.10296826424,58407.36367867555,69056.63722796222,76723.26259312611,91897.64117290323,594.7763504161521,22688.9059457585,33321.88907746621,42598.807456830866,48916.695774139305,60853.99220848406,74467.23079478294,81324.90516354643,82650.86477943399,108841.93244914155,27850.0,45870.0,27850.0,33870.0,7057.4412468306,42471.99922774015,57160.559525429264,13141.850545503705,30667.670269093946,63780.47918540235,0.0
24064.064064064063,34947.563255393616,41652.994114574314,54776.17578553841,88103.26684449363,20329.002942161795,50420.393592596694,69770.6034652415,24710.723394472436,38641.351767548884,46369.33281916115,55631.318385884144,66826.37251784839,77008.03173757711,106552.86937750796,20618.238996438886,30301.45649343237,48951.2322254112,50549.2026313643,58411.81012601911,69092.39741725527,76735.22527143621,91920.43683864262,517.4019470556013,22650.948371145794,33284.87562310569,42598.164471909375,48915.94512666442,60862.344189804106,74491.81595318478,81370.10772015297,82669.71330726412,108898.68328971314,27850.0,45870.0,27850.0,33870.0,7018.155666044331,42475.01620576007,57196.82812819562,13104.369503546342,30666.88430427836,63818.7461921753,0.0
24104.10410410411,34916.24369406825,41648.51201324412,54774.54213870155,88140.70215398606,20289.818604660148,50420.9205131002,69809.26088223966,24672.837105521463,38624.59019027886,46364.100183968825,55628.467825132786,66822.2325893638,77042.15715070971,106585.61495502456,20579.08546914425,30265.54063489058,48951.2260961831,50549.30181801978,58416.2421917405,69128.13421744748,76747.19474719898,91943.27482537535,440.0220991875067,22612.98564463645,33247.84850948632,42597.52605111573,48915.19839911508,60870.66132280568,74516.40409850693,81415.28033633181,82688.55354999671,108955.51998881776,27850.0,45870.0,27850.0,33870.0,6978.86819020387,42478.016694236416,57233.11511555973,13066.879316745119,30666.102191970764,63857.018491284114,0.0
24144.14414414415,34884.86946327973,41644.070129858585,54772.915696524076,88178.1447103376,20250.631726588028,50421.44484340816,69847.92343000381,24634.944236077383,38607.78171691595,46358.87729064856,55625.609095863576,66818.10299241185,77076.30761902864,106618.37704905396,20539.929269268803,30229.616581896975,48951.21999903071,50549.40053123003,58420.6599273819,69163.84733715942,76759.17128803767,91966.15506599454,362.63682431757843,22575.017787004814,33210.80783275676,42596.89214785185,48914.455564295306,60878.94375061881,74540.99489712632,81460.42274332893,82707.38621374739,109012.4422389522,27850.0,45870.0,27850.0,33870.0,6939.57882671279,42481.00080837225,57269.420364914964,13029.380033239358,30665.323907449074,63895.296059311564,0.0
24184.18418418419,34853.44107399186,41639.66802324257,54771.296419255894,88215.59448350967,20211.442319271388,50421.96660032461,69886.591080404,24597.04481849451,38590.92633179252,46353.66418407208,55622.74233355232,66813.98373737719,77110.4829892401,106651.1556054712,20500.77040914047,30193.684358499755,48951.21393372906,50549.49877397109,58425.063384319175,69199.53648179921,76771.15516549468,91989.07749304659,285.2461398683081,22537.044818906215,33173.75368808543,42596.26271614717,48913.716595242244,60887.191616142285,74565.58801453325,81505.53464049421,82726.21203774353,109069.44973283731,27850.0,45870.0,27850.0,33870.0,6900.287582934503,42483.96866244316,57305.74375462233,12991.87170083902,30664.549426184334,63933.578872976635,0.0
24224.22422422423,34821.95903190857,41635.305257067404,54769.6842673963,88253.05144362773,20172.25039396881,50422.485800519105,69925.26380551208,24559.1388849039,38574.02402032573,46348.4609085012,55619.86767266724,66809.87483392566,77144.68310930324,106683.95057037301,20461.608901011088,30157.743988651997,48951.207900055095,50549.5965491959,58429.45261376199,69235.20135352138,76783.14665506732,92012.0420387352,207.8500631795614,22499.066760877915,33136.68616967402,42595.637710647934,48912.981465223806,60895.4050620377,74590.18311534067,81550.61569188746,82745.03179769914,109126.54216343186,27850.0,45870.0,27850.0,33870.0,6860.994466192584,42486.920369804946,57342.08516400248,12954.354367027448,30663.77872383895,63971.866909133605,0.0
24264.264264264268,34790.42383750684,41630.98139982073,54768.079201692206,88290.5155609802,20133.05596187199,50423.002460528136,69963.94157759988,24521.226467215387,38557.07476901349,46343.267507587836,55616.98524667287,66805.77629101707,77178.90782841662,106716.76189007664,20422.44475705696,30121.79549621222,48951.201897787774,50549.69385983463,58433.82766675387,69270.84165118609,76795.14603624358,92035.04863492484,130.44861150911674,22461.08363333995,33099.605370770965,42595.01708660707,48912.250147736064,60903.58423072331,74614.77986329334,81595.66552244232,82763.84630963174,109183.71922394607,27850.0,45870.0,27850.0,33870.0,6821.6994837710445,42489.85604290127,57378.44447332768,12916.828078964052,30663.011776264993,64010.160144770955,0.0
24304.304304304307,34758.835986070735,41626.69602477502,54766.48118313686,88327.98680601736,20093.859034106245,50423.51659675625,70002.62436913748,24483.307597119507,38540.07856543086,46338.0840243741,55614.09518803368,66801.68811691791,77213.15699700474,106749.58951111915,20383.27798937945,30085.838904944885,48951.19592670797,50549.79070879465,58438.18859417266,69306.45707031766,76807.15359253851,92058.09721314424,53.04180203323995,22423.095456596075,33062.51138368435,42594.400799874114,48911.52261650145,60911.72926436862,74639.37792127734,81640.6837136189,82782.65643419081,109240.98060785506,27850.0,45870.0,27850.0,33870.0,6782.402642914625,42492.775793271285,57414.82156381411,12879.29288348696,30662.24855950247,64048.45855701057,0.0
24344.344344344347,34751.56631587906,41646.81905810839,54789.26052112074,88389.83549750311,20079.02996988383,50448.3985736302,70065.68250094441,24469.75265424217,38547.40574637866,46357.28084944513,55635.567976370796,66821.98066736657,77271.8008148575,106806.80372840892,20368.47895815837,30074.244586673547,48975.56033475124,50574.25744711378,58466.90579488326,69366.41765121574,76843.53995968346,92105.55805274319,0.0,22409.472598987282,33049.77464794771,42618.15915503826,48935.16919361886,60944.210653041155,74688.34729948212,81710.04014661857,82825.83342972919,109322.69635706514,27874.37034815282,45894.37034815282,27874.37034815282,33894.37034815282,6767.474298981837,42520.05007970998,57475.586665766656,12866.119175268512,30685.859397930468,64111.132471259494,24.370348152820952
24384.38438438439,34797.29208951113,41720.02686014156,54865.09395470034,88504.73838378405,20117.245557774564,50526.32518487028,70181.79272345794,24509.238447416912,38607.73307914967,46429.534802199494,55710.080519735995,66895.33072685564,77383.51591238717,106917.08126649496,20406.72445292269,30115.68934255167,49052.97189927815,50651.77085523055,58548.65609700817,69479.39986018359,76932.98220693297,92206.10786216636,0.0,22448.89185816294,33090.07203160278,42694.968886688606,49011.86663083186,61029.705315970925,74790.36443668007,81832.41107802914,82922.05503917945,109457.54294319687,27951.78782203426,45971.78782203426,27951.78782203426,33971.78782203426,6805.59123671546,42600.35578954587,57589.416439841436,12905.983778087979,30762.521045535625,64226.85864247918,101.7878220342609
24424.42442442443,34842.97196791631,41793.27719933727,54940.93962662971,88619.65361682132,20155.463989739397,50604.25462752461,70297.91319076445,24548.723188719716,38668.018735557634,46501.804104882525,55784.59112864862,66968.69648267697,77495.26032464871,107027.3802535989,20444.972666584206,30157.131377096146,49130.388801106994,50729.289117017484,58630.397731960664,69592.36156351889,77022.43881113511,92306.70475298971,0.0,22488.311435114792,33130.361805244975,42771.78813343796,49088.57308355933,61115.171575578264,74892.3871742692,81954.75410743417,83018.28047049155,109592.47824163138,28029.210602676158,46049.21060267616,28029.210602676158,34049.21060267616,6843.711644275867,42680.65121268149,57703.26895107112,12945.844918867311,30839.19165994354,64342.59522921762,179.21060267615758
24464.46446446447,34888.60640910773,41866.56965092239,55016.79748201535,88734.58115084661,20193.685259787515,50682.18690062703,70414.04385925453,24588.206892127437,38728.26269058965,46574.088781243205,55859.09991475602,67042.07792359042,77607.0338899836,107137.70062027081,20483.223594094696,30198.57069684435,49207.81102317081,50806.812218437946,58712.130733101716,69705.3024261281,77111.91005542527,92407.34863858129,0.0,22527.731332834202,33170.644040692205,42848.61683657013,49165.28850955007,61200.609556124895,74994.41515493908,82077.0685687115,83114.51080262855,109727.50193017953,28106.63867322302,46126.63867322302,28106.63867322302,34126.63867322302,6881.835511897862,42760.936440257356,57817.144067513844,12985.702626330232,30915.871201073773,64458.34219226506,256.6386732230203
24504.504504504508,34934.19586616621,41939.903794818936,55092.66746628104,88849.52094032666,20231.90936194298,50760.1220031643,70530.18468558733,24627.689571486113,38788.46492036809,46646.38885450085,55933.606988803745,67115.4750378011,77718.83644797343,107248.0422973541,20521.477230412656,30240.00730832078,49285.23854848315,50884.340145512484,58793.855133706325,69818.2221094497,77201.39622722995,92508.03943207061,0.0,22567.15155427923,33210.91880896309,42925.45493799701,49242.012866846795,61286.01938167472,75096.44802064709,82199.3537195472,83210.74719196615,109862.6136870608,28184.07201689821,46204.07201689821,28184.07201689821,34204.07201689821,6919.962829857181,42841.2115626256,57931.04165821185,13025.556928971026,30992.55962910436,64574.09949261925,334.0720168982116
24544.544544544548,34979.740787278184,42013.279215607625,55168.549525165654,88964.4729399623,20270.13629024473,50838.05993407704,70646.33562668857,24667.171240512085,38848.62540214591,46718.70434734512,56008.112460638884,67188.8878129708,77830.66783942701,107358.40521598424,20559.733570503362,30281.441218037122,49362.6713601378,50961.87288431858,58875.57096696319,69931.12027141097,77290.89761830428,92608.77704635229,0.0,22606.572102375154,33251.18618028818,43002.302380249006,49318.746113783374,61371.40117608821,75198.48541262704,82321.60873169552,83306.99088201261,109997.81319091527,28261.51061700344,46281.51061700344,28261.51061700344,34281.51061700344,6958.093588470238,42921.47666935668,58044.96159318341,13065.407855056525,31069.256904469778,64689.86709148402,411.51061700344144
24584.584584584587,35025.24161577408,42086.69550249127,55244.44360472111,89079.43710468648,20308.36603874647,50916.00069226006,70762.49663974819,24706.651912793208,38908.74411430156,46791.03528193592,56082.61643921354,67262.31623622839,77942.5279063679,107468.7893075872,20597.992609338864,30322.872432492062,49440.10944130814,51039.410420990236,58957.27826597452,70043.99656638395,77380.4145247692,92709.5613940889,0.0,22645.992980014442,33291.44622412111,43079.15910646591,49395.48820898227,61456.75506301664,75300.52697139894,82443.8326797197,83403.24321464813,110133.1001208153,28338.95445691824,46358.95445691824,28338.95445691824,34358.95445691824,6996.22777809386,43001.73184924606,58158.903743414805,13105.255432628102,31145.962987858726,64805.64495026789,488.9544569182399
24624.624624624626,35070.698790167255,42160.15224925708,55320.34965131055,89194.41338966304,20346.5986015167,50993.944276563285,70878.66768221842,24746.131601790443,38968.82103633425,46863.38167990369,56157.11903258822,67335.76029418028,78054.41649202153,107579.19450387792,20636.254341898068,30364.30095817141,49517.55277524673,51116.95274171776,59038.977063755636,70156.85064514205,77469.94724714982,92810.39238771427,0.0,22685.41419005733,33331.6990091494,43156.02506038768,49472.23911135197,61542.081165896714,75402.57233677799,82566.02452793383,83499.50564316282,110268.47415627696,28416.403520099473,46436.40352009947,28416.403520099473,34436.40352009947,7034.365389125054,43081.977190321006,58272.86798085236,13145.099689503651,31222.677840212153,64921.433030582615,566.4035200994731
24664.664664664666,35116.1127441934,42233.64905423894,55396.26761160601,89309.40175028489,20384.83397263861,51071.89068579216,70994.84871181165,24785.610320838823,39028.856148858846,46935.74356234956,56231.62034793536,67409.21997292095,78166.33344080311,107689.62073685895,20674.518763166696,30405.726801547884,49595.001345284654,51194.49983274741,59120.667393234755,70269.6821548155,77559.4960904129,92911.26993943666,0.0,22724.835735331977,33371.94460330515,43232.90018634572,49548.99878008436,61627.379607945106,75504.62114788423,82688.18311520474,83595.77974743495,110403.9349772718,28493.85779008081,46513.85779008081,28493.85779008081,34513.85779008081,7072.506412000748,43162.212779847054,58386.85417839462,13184.940653279504,31299.40142272108,65037.23129424185,643.8577900808086
24704.70470470471,35161.48390685041,42307.18552027908,55472.19743258662,89424.40214217281,20423.072146210063,51149.83991870847,71111.03968649816,24825.088083148905,39088.84943360074,47008.120949845594,56306.12049154282,67482.69525804312,78278.27859830545,107800.06793881897,20712.785868137384,30447.149969081274,49672.45513483105,51272.051680381,59202.34928725269,70382.49073884697,77649.0613640055,93012.19396124204,0.0,22764.257618634805,33412.18307377558,43309.78442925375,49625.767174652225,61712.65051215299,75606.67304315203,82810.30713720067,83692.06725166249,110539.48226423777,28571.31725047223,46591.31725047223,28571.31725047223,34591.31725047223,7110.650837197529,43242.43870433473,58500.862209884435,13224.778351332348,31376.13369682465,65153.03970325971,721.3172504722315
24744.74474474475,35206.81270243856,42380.76125468934,55548.13906153655,89539.41452117373,20461.313116343532,51227.79197403077,71227.24056450433,24864.56490180795,39148.80087339083,47080.513862435175,56380.61956881745,67556.18613464748,78390.2518112869,107910.53604233105,20751.055651809664,30488.570467218102,49749.9141273726,51349.60827097575,59284.022778562634,70495.27603694747,77738.64338189314,93113.16436489705,0.0,22803.679842730708,33452.41448701335,43386.677734599536,49702.54425480668,61797.894001280976,75708.72766033967,82932.3951255784,83788.37004515567,110675.11569809046,28648.78188495955,46668.78188495955,28648.78188495955,34668.78188495955,7148.798655231436,43322.655049545974,58614.891950101235,13264.61281082116,31452.874624208027,65268.858219849455,798.7818849595496
24784.784784784788,35252.09955060114,42454.37586921205,55624.09244604301,89654.4388433593,20499.556877166062,51305.74685043516,71343.45130431041,24904.040789781062,39208.71045216026,47152.92231963349,56455.117684288474,67629.69258735274,78502.25292765955,108021.02498025156,20789.328109189984,30529.988302391925,49827.378306472994,51427.1695909439,59365.687899829805,70608.03768505137,77828.24246259865,93214.18106195248,0.0,22843.10241035352,33492.638908746754,43463.580048436226,49779.32998057472,61883.110197853835,75810.78463653925,83054.44542348632,83884.69020681416,110810.83496023394,28726.251677303877,46746.25167730388,28726.251677303877,34746.25167730388,7186.949856657673,43402.86190050066,58728.9432747533,13304.4440586891,31529.624166800437,65384.68680642209,876.2516773038769
24824.824824824827,35297.34486636525,42528.02897998062,55700.057533994426,89769.47506502442,20537.803422819223,51383.704546555775,71459.67186464855,24943.51575991263,39268.57815493526,47225.346340427925,56529.61494161124,67703.21460030513,78614.28179647741,108131.53468571865,20827.603235291786,30571.40348102301,49904.847655772486,51504.73562675229,59447.34468363126,70720.77531527149,77917.85892924084,93315.24396374627,0.0,22882.525324206134,33532.85640398948,43540.49131737418,49856.124312256674,61968.29922415566,75912.84360818635,83176.45615661252,83981.03003405934,110946.63973257146,28803.726611341182,46823.72661134118,28803.726611341182,34823.72661134118,7225.104432070413,43483.05934148305,58843.01606047009,13344.272121665352,31606.382286773165,65500.52542558504,953.7266113411824
24864.864864864867,35342.5490601831,42601.720207479964,55776.03427357818,89884.52314268585,20576.052747459074,51461.665060985426,71575.90220450083,24982.98982492725,39328.40396783181,47297.78594327876,56604.11144357075,67776.75215718814,78726.33826792514,108242.06509215062,20865.88102513548,30612.816009518552,49982.32215898738,51582.306364922275,59528.99316245574,70833.4885558545,78007.49310957355,93416.35298140676,0.0,22921.948586960818,33573.06703705064,43617.41148857277,49932.92721042391,62053.46120222481,76014.90421107027,83298.42519882187,84077.39207717634,111082.52969751638,28881.20667098178,46901.20667098178,28881.20667098178,34901.20667098178,7263.262372102516,43563.24745604812,58957.110184794714,13384.097026267009,31683.148946537556,65616.37404014078,1031.206670981781
24904.904904904906,35387.71253797329,42675.4491765065,55852.02261327894,89999.5830330806,20614.304845256083,51539.628392276194,71692.14228309723,25022.462997431132,39388.18787805023,47370.24114611979,56678.60729208517,67850.30524123127,78838.42219330657,108352.61613324477,20904.16147374848,30654.225894272346,50059.801799909415,51659.881792029264,59610.6333687031,70946.17703113538,78097.14533602468,93517.50802585605,0.0,22961.372201259463,33613.2708715444,43694.340509732356,50009.73863591622,62138.59625384897,76116.9660803439,83420.35013119144,84173.77918025955,111218.50453800207,28958.691840209834,46978.69184020984,28958.691840209834,34978.69184020984,7301.423667425315,43643.42632702792,59071.22552617626,13423.918798800853,31759.92410874309,65732.23261308557,1108.6918402098345
24944.944944944946,35432.83570116254,42749.21551612792,55928.02250187663,90114.65469316463,20652.55971039513,51617.59453893994,71808.3920599137,25061.935289913115,39447.92987386987,47442.71196635903,56753.102588209644,67923.8738352198,78950.53342503351,108463.18774297558,20942.444576165253,30695.633141665006,50137.28656240544,51737.46189470247,59692.26533468459,71058.8403614924,78186.81594573539,93618.70900781285,0.0,23000.796169714085,33653.46797039927,43771.27832908653,50086.55854983963,62223.70450056069,76219.02885053407,83542.22819294782,84270.1945302548,111354.56393749242,29036.18210308293,47056.18210308293,29036.18210308293,35056.18210308293,7339.5883087484,43723.59603653789,59185.361963962496,13463.73746536528,31836.707736275446,65848.10110760806,1186.1821030829306
24984.984984984985,35477.9189467274,42823.018859642936,56004.03388844448,90229.73808011143,20690.81733707543,51695.563499449,71924.65149467024,25101.406714746056,39507.62994464363,47515.19842087953,56827.59743213971,67997.45792150348,79062.67181661465,108573.77985559379,20980.73032742733,30737.037758063834,50214.77643041687,51815.04665962467,59773.88909262219,71171.47816330183,78276.50528059964,93719.95583779614,0.0,23040.220494906745,33693.658395867526,43848.224895394305,50163.386913564,62308.786063632506,76321.09215555202,83664.05622242493,84366.64171598155,111490.70757999211,29113.67744373156,47133.67744373156,29113.67744373156,35133.67744373156,7377.756286819345,43803.75666598308,59299.51937839227,13503.553051851984,31913.499792254595,65963.9794870881,1263.6774437315617
25025.02502502503,35522.96266723625,42896.85884454087,56080.05672234716,90344.83315131038,20729.0777195105,51773.53527223665,72040.92054732885,25140.87728418767,39567.28808079242,47587.700526040266,56902.09192321518,68071.05748200555,79174.83722264484,108684.39240562473,21019.018722583296,30778.43974982276,50292.271387959074,51892.63607353173,59855.504674648575,71284.0900488925,78366.21368730342,93821.24842612799,0.0,23079.645179390132,33733.84220953452,43925.1801579326,50240.22368872045,62393.84106407243,76423.1556287037,83785.83058565737,84463.12479951937,111626.93515005618,29191.17784635867,47211.17784635867,29191.17784635867,35211.17784635867,7415.927592423504,43883.908296064285,59413.69765058822,13543.365583947809,31990.3002400329,66079.8677150953,1341.1778463586706
25065.065065065068,35567.9672508914,42970.73511246082,56156.09095323891,90459.93986436568,20767.34085192811,51851.50985569774,72157.19917809177,25180.34701038189,39626.90427379962,47660.218297677,56976.58615992361,68144.67249823123,79287.02949879403,108795.02532786704,21057.309756688897,30819.839123282363,50369.77141912105,51970.23012321257,59937.11211280694,71396.67562650034,78455.94151736444,93922.58668293708,0.0,23119.070225687545,33774.01947232729,44002.14406648883,50317.06883719944,62478.869622619655,76525.21890270061,83907.54708957259,84559.64840299595,111763.2463328001,29268.683295239207,47288.68329523921,29268.683295239207,35288.68329523921,7454.102216383795,43964.05100678431,59527.89666254952,13583.175087136515,32067.109043193206,66195.7657553879,1418.683295239207
25105.105105105107,35612.933081571144,43044.64730915106,56232.136531061566,90575.05817709476,20805.606728570252,51929.48724818912,72273.48734739954,25219.81590535998,39686.47851620545,47732.75175110346,57051.08023990428,68218.30295127632,79399.24850179706,108905.67855739093,21095.603424806977,30861.2358847698,50447.27650806497,52047.828795508656,60018.71143905078,71509.23450022278,78545.6891271715,94023.97051816163,0.0,23158.495636293494,33814.19024452387,44079.116571353574,50393.9223211482,62563.87185973997,76627.28160967052,84029.200875896,84656.21781466153,111899.64081390924,29346.193774719635,47366.193774719635,29346.193774719635,35366.193774719635,7492.280149560414,44044.184877453976,59642.11629714453,13622.981586700498,32143.926165547036,66311.67357191136,1496.1937747196353
25145.145145145147,35657.86053887209,43118.595084428336,56308.193406042774,90690.18804752683,20843.875343693075,52007.467448030366,72389.78501592908,25259.283981041484,39746.010801601326,47805.30090111219,57125.57425995155,68291.94882183576,79511.49408944281,109016.3520295374,21133.89972200755,30902.630040598804,50524.78663902549,52125.43207731383,60100.30268524359,71621.76626997365,78635.45687802423,94125.39984155283,0.0,23197.92141367372,33854.3545857616,44156.0976233134,50470.78410296849,62648.84789562166,76729.34338116841,84150.78629076853,84752.83911925097,112036.11827964823,29423.709269217503,47443.70926921751,29423.709269217503,35443.70926921751,7530.461382850714,44124.30998669815,59756.35643810364,13662.785107722557,32220.751571132714,66427.59112879724,1573.7092692175029
25185.185185185186,35702.74999815137,43192.57809213681,56384.26152869407,90805.32943390164,20882.14669156686,52085.450453504134,72506.09214459191,25298.75124923557,39805.50112462415,47877.86576197583,57200.06831601894,68365.61009021188,79623.76612056415,109127.04567991637,21172.198643367803,30944.02159706962,50602.301796309606,52203.039955573986,60181.885883158786,71734.27053143717,78725.24513617282,94226.87456267799,0.0,23237.34756026544,33894.512555045956,44233.0871736438,50547.65414531442,62733.79785017109,76831.40384818768,84272.29672361346,84849.51935909718,112172.67841687064,29501.22976322097,47521.22976322097,29501.22976322097,35521.22976322097,7568.645907188868,44204.426412461864,59870.6169700122,13702.585675087586,32297.58522421352,66543.51839036182,1651.2297632209702
25225.225225225226,35747.60183056896,43266.595990107344,56460.34084980909,90920.48229466814,20920.420766475974,52163.43626285688,72622.40869453229,25338.217721641802,39864.94948095051,47950.446347448415,57274.56250322261,68439.28673632232,79736.06445502753,109237.7594444055,21210.500183972137,30985.410560469038,50679.821964295894,52280.652417286794,60263.46106447952,71846.74687602282,78815.05427285728,94328.39459092358,0.0,23276.774078477814,33934.66421075886,44310.08517410245,50624.53241109029,62818.721843009036,76933.46264117128,84393.724406854,84946.26673439248,112309.32091302758,29578.75524128838,47598.75524128838,29578.75524128838,35598.75524128838,7606.833713545719,44284.53423201614,59984.897778303275,13742.383313484286,32374.427089275938,66659.45532110492,1728.7552412883815
25265.265265265265,35792.41640312988,43340.648440116616,56536.43132046168,91035.64658848304,20958.697562718815,52241.4248742992,72738.73462712535,25377.683409851583,39924.355867290935,48023.04267076633,57349.05691584534,68512.97873970817,79848.38895372313,109348.49325914905,21248.804338912163,31026.796937070343,50757.347127434135,52358.26944950141,60345.02826079846,71959.19489081972,78904.88466434731,94429.95983549874,0.0,23316.200970691963,33974.80961066695,44387.09157692212,50701.418863448285,62903.61999346622,77035.51939002326,84515.0601655335,85043.09085354852,112446.04545617718,29656.2856880478,47676.2856880478,29656.2856880478,35676.2856880478,7645.024792928565,44364.63352196401,60099.19874925084,13782.17804740687,32451.27713102782,66775.4018857087,1806.2856880477993
25305.305305305305,35837.19407872655,43414.73510784622,56612.53289200411,91150.82227420947,20996.97707460781,52319.416286006526,72855.06990397541,25417.14832534894,39983.72028138403,48095.65474465005,57423.55164734011,68586.6860795421,79960.73947855484,109459.24706055612,21287.11110328676,31068.180733133217,50834.87727024505,52435.89103931826,60426.58750361773,72071.61415855163,78994.73669198177,94531.57020543833,0.0,23355.628239261543,34014.9488119297,44464.10633480424,50778.313465786356,62988.492420579685,77137.57372412036,84636.29310251283,85140.0030479783,112582.85173499289,29733.82108819659,47753.82108819659,29733.82108819659,35753.82108819659,7683.2191363809,44444.724358246254,60213.51976996263,13821.969901156703,32528.135314396648,66891.35804903643,1883.8210881965897
25345.345345345348,35881.93521618094,43488.85566284196,56688.64551606524,91266.00931091572,21035.25929646931,52397.41049611951,72971.41448691407,25456.61247951166,40043.042721990525,48168.28258130526,57498.04679033402,68660.40873463546,80073.11589243032,109570.0207852996,21325.420472202062,31109.561954903857,50912.412377319575,52513.51717388863,60508.13882434853,72184.00425753121,79084.61074220795,94633.225609606,0.0,23395.05588651254,34055.08187110754,44541.12940091234,50855.21618174607,63073.339243088805,77239.62527232381,84757.41020047301,85237.01677007279,112719.73943877277,29811.36142650097,47831.36142650097,29811.36142650097,35831.36142650097,7721.416734982235,44524.806816147364,60327.8607283733,13861.758898843967,32605.001604527737,67007.3237761312,1961.361426500971
25385.385385385387,35926.6401702866,43563.00977847297,56764.76914454877,91381.20765787379,21073.544222643588,52475.40750274455,73087.76833799845,25496.07588361233,40102.32318888731,48240.92619242435,57572.54243663204,68734.14668344644,80185.51805925157,109680.81437031477,21363.732440771473,31150.940608614772,50989.95243331848,52591.14784041446,60589.68225431116,72296.36476161538,79174.50720662097,94734.92595669761,0.0,23434.483914743883,34095.20884416957,44618.160728865405,50932.12697521041,63158.16057943173,77341.67366299123,84878.39581613161,85334.14809896384,112856.70825744761,29888.906687795537,47908.906687795534,29888.906687795537,35908.906687795534,7759.617579847847,44604.880970301194,60442.22151323757,13901.545064389302,32681.875966782492,67123.29903221481,2038.9066877955374
25425.425425425427,35971.30929185088,43637.197131891095,56840.90372963129,91496.41727455838,21111.831847484795,52553.407303954344,73204.1314195096,25535.538548819397,40161.561682861604,48313.58558918809,57647.03867722086,68807.89990408723,80297.94584390523,109791.627752798,21402.047004115735,31192.316700484927,51067.49742297213,52668.78302614813,60671.21782473488,72408.69524016014,79264.42648200302,94836.67115524437,0.0,23473.912326227673,34135.32978650151,44695.200272731774,51009.04581030186,63242.9565477416,77443.71852398891,84999.23103456806,85431.41638617871,112993.75788158907,29966.45685698291,47986.45685698291,29966.45685698291,35986.45685698291,7797.821662128601,44684.94689469674,60556.602014123404,13941.328421525432,32758.758366736758,67239.28378268656,2116.45685698291
25465.465465465466,36015.942927736745,43711.41740399047,56917.04922376077,91611.6381206451,21150.122165360932,52631.40989778834,73320.50369395055,25575.000486198187,40220.758205704784,48386.260782267076,57721.53560227272,68881.66837433164,80410.39911225326,109902.46087020535,21440.364157362914,31233.6902367197,51145.04733107972,52746.42271839213,60752.74556675771,72520.99525797588,79354.36897036222,94938.46111361592,0.0,23513.34112320918,34175.444752913114,44772.247987022776,51085.9726513801,63327.72726584283,77545.75948270404,85119.8928420966,85528.84508274539,113130.88800241874,30044.011919033277,48064.01191903328,30044.011919033277,36064.01191903328,7836.028973010769,44765.00466268377,60671.0021214053,13981.10899379877,32835.64877017903,67355.27799312203,2194.011919033277
25505.505505505505,36060.541420904614,43785.67027936688,56993.20557965455,91726.87015600974,21188.41517065378,52709.41528225332,73436.88512404475,25614.461706711823,40279.91276020631,48458.9517818234,57796.033301149204,68955.45207162203,80522.87773112346,110013.31366025149,21478.683895648424,31275.061223510726,51222.602142509175,52824.0669044988,60834.2655114263,72633.26437528295,79444.33507897158,95040.29574002366,0.0,23552.77030790735,34215.55379764584,44849.303826686824,51162.907463040116,63412.47285124801,77647.79616605741,85240.35306476636,85626.46280067251,113268.09831181512,30121.57185898395,48141.57185898395,30121.57185898395,36141.57185898395,7874.239503715733,44845.05434697856,60785.421726257555,14020.886804571019,32912.54714310881,67471.28162927201,2271.571858983949
25545.545545545545,36105.105110454024,43859.955446277505,57069.372750297705,91842.11334072656,21226.710857758866,52787.42345532367,73553.27567273431,25653.922221222336,40339.02535014768,48531.658597512396,57870.53186240513,69029.25097307662,80635.38156830054,110124.18606090793,21517.00621411504,31316.429667035987,51300.1618421964,52901.71557187003,60915.777689695715,72745.50214766717,79534.32522040737,95142.17494252391,0.0,23592.199882514913,34255.65697438018,44926.367747103046,51239.850210110024,63497.19342115409,77749.82820051585,85360.57700710767,85724.30467418136,113405.3885023224,30199.136661938952,48219.13666193895,30199.136661938952,36219.13666193895,7912.453245499859,44925.096019669356,60899.860720647644,14060.661877020735,32989.453451734895,67587.29465706123,2349.136661938952
25585.585585585584,36149.63433166517,43934.2725966008,57145.55068894134,91957.36763506722,21265.009221085435,52865.43441494212,73669.67530317833,25693.382040491528,40398.095980296275,48604.38123848437,57945.03137379247,69103.06505549648,80747.91049251679,110235.07801040252,21555.331107912934,31357.79557345978,51377.726415145095,52979.36870795705,60997.28213242958,72857.7081260361,79624.33981258742,95244.09862902104,0.0,23631.62984919861,34295.7543362428,45003.43970407582,51316.8008576492,63581.88909243939,77851.8552121057,85480.52171479604,85822.41409702101,113542.75826715768,30276.70631306863,48296.70631306863,30276.70631306863,36296.70631306863,7950.670189654251,45005.12975222198,61014.31899732965,14100.434234144897,33066.367662473756,67703.31704258724,2426.7063130686292
25625.625625625624,36194.12941604023,44008.621425796446,57221.73934910065,92072.6329994995,21303.310255056404,52943.448159020016,73786.0839787512,25732.84117518207,40457.1246563991,48677.11971338642,58019.53192226411,69176.89429537217,80860.46437344329,110345.98944721725,21593.658572199678,31399.158948932778,51455.29584642613,53057.02630026014,61078.77887039959,72969.88185657527,79714.37927880939,95346.06670727058,0.0,23671.060210099484,34335.84593581382,45080.51965382867,51393.759370946165,63666.55998166009,77953.8768264253,85600.1337818749,85920.84491522446,113680.20730021904,30354.280797609204,48374.2807976092,30354.280797609204,36374.2807976092,7988.890327504578,45085.15561548533,61128.79644983771,14140.203898760457,33143.28974194785,67819.3487521193,2504.2807976092045
25665.66566566567,36238.59069134457,44083.00163286555,57297.93868455354,92187.90939468602,21341.613954108347,53021.46468543789,73902.50166304101,25772.29963585845,40516.11138517665,48749.87403036437,58094.03359397785,69250.7386688909,80973.04308168107,110456.92031008759,21631.988602140304,31440.519799591806,51532.87012117737,53134.68833632841,61160.267934285774,73082.0228807049,79804.4440477881,95448.07908488263,0.0,23710.490967333244,34375.9318251339,45157.60755299865,51470.725715516666,63751.20620504729,78055.89266865901,85719.34664200619,86019.66413583659,113817.73529609261,30431.860100862417,48451.86010086242,30431.860100862417,36451.86010086242,8027.113650410847,45165.173679696825,61243.292972479576,14179.970893505902,33220.21965698407,67935.38975209728,2581.8601008624173
25705.70570570571,36283.01848164764,44157.412920310846,57374.148649338575,92303.196781483,21379.920312691374,53099.483992045876,74018.92831984778,25811.75743298777,40575.05617431649,48822.64419706451,58168.536474300185,69324.59815194279,81085.6464887522,110567.87053800112,21670.321192907217,31481.87813156001,51610.449224602984,53212.35480375939,61241.74935467607,73194.13073503687,79894.53455369276,95550.13566932482,0.0,23749.92212299011,34416.012055711035,45234.70335863081,51547.699857101674,63835.82787850368,78157.90236359027,85838.07735155603,86118.95514380666,113955.34195005997,30509.444208195015,48529.44420819501,30509.444208195015,36529.44420819501,8065.340149767202,45245.184014487735,61357.80846033011,14219.735240842681,33297.15737461198,68051.44000913038,2659.4442081950147
25745.74574574575,36327.41310736383,44231.854994097484,57450.369197753476,92418.49512093914,21418.229325269207,53177.50607666414,74135.3639131821,25851.214576940874,40633.95903246715,48895.43022063587,58243.04064781034,69398.47272012764,81198.27446709147,110678.84007019615,21708.656339680343,31523.233950946757,51688.03314197317,53290.02569019896,61323.223162066395,73306.20495133262,79984.65123618412,95652.2363679255,0.0,23789.353679135376,34456.086678527245,45311.80702817267,51624.68176166553,63920.425117600666,78259.90553561573,85956.22303980551,86218.82125175645,114093.02695810565,30587.033105038485,48607.033105038485,30587.033105038485,36607.033105038485,8103.56981700176,45325.18668888868,61472.34280922503,14259.496963056848,33374.10286206241,68167.49948999619,2737.033105038485
25785.78578578579,36371.77488529295,44306.32756361368,57526.600284353466,92533.80437429422,21456.540986319058,53255.53093708348,74251.80840726316,25890.671077993204,40692.819969231656,48968.23210773195,58317.54619830404,69472.36234876131,81310.9268900375,110789.8288461604,21746.994037647077,31564.587263847705,51765.621858623796,53367.70098334107,61404.689386860606,73418.24505646077,80074.7945404506,95754.38108787699,0.0,23828.785637809684,34496.15574404562,45388.91851946873,51701.67139539399,64004.998037575686,78361.90180875928,86073.65754500973,86319.38906389945,114230.79001692355,30664.626776888574,48684.626776888574,30664.626776888574,36684.626776888574,8141.802643576382,45405.181771334836,61586.8959157545,14299.256082260428,33451.05608676575,68283.56816163954,2814.6267768885737
25825.82582582583,36416.104128660576,44380.83034163163,57602.84186394941,92649.12450297797,21494.85529033161,53333.558571065536,74368.26176651753,25930.126946325716,40751.63899516117,49041.049864513036,58392.05320879758,69546.26701288199,81423.60363182469,110900.83680563007,21785.334282002295,31605.93807634459,51843.21535995587,53445.38067092733,61486.148059370265,73530.25057235605,80164.96491724422,95856.56973623857,0.0,23868.21800102889,34536.219302216676,45466.03779075521,51778.66872469223,64089.54675332881,78463.89080668605,86190.22936140871,86420.81052900772,114368.63082392464,30742.225209304896,48762.225209304896,30742.225209304896,36762.225209304896,8180.038620986499,45485.169329671255,61701.46767725694,14339.012620393001,33528.01701635037,68399.64599117132,2892.2252093048955
25865.865865865868,36460.40114715811,44455.36304426881,57679.093891606324,92764.455468609,21533.172231810997,53411.58897634343,74484.72395557727,25969.582192025802,40810.41612174863,49113.883496648275,58466.56176153168,69620.18668725653,81536.30456757479,111011.86388858824,21823.677067948396,31647.286394505514,51920.81363143521,53523.064740746915,61567.5992098146,73642.22101597808,80255.162822916,95958.80221993977,0.0,23907.650770784625,34576.27740248479,45543.164800654864,51855.67371618319,64174.07137942038,78565.87215271729,86305.76290391292,86523.2616757045,114506.54907724299,30819.828387910566,48839.828387910566,30819.828387910566,36839.828387910566,8218.277740760885,45565.14943115811,61816.0579918127,14378.766599223058,33604.98561864114,68515.7329458675,2969.8283879105657
25905.905905905907,36504.66624698264,44529.92539094953,57755.356322641725,92879.79723299333,21571.491805274745,53489.62215062207,74601.19493927862,26009.036825088227,40869.151361422315,49186.7330093178,58541.07193797538,69694.12134638656,81649.02957328851,111122.91003526395,21862.02239069531,31688.63222438466,51998.41665859197,53600.75318063626,61649.04286832049,73754.15589927151,80345.38871945068,96061.07844578355,0.0,23947.08394904444,34616.330093794866,45620.29950817177,51932.6863367055,64258.572030068266,78667.84546984476,86420.0659754861,86626.93514505957,114644.54447574276,30897.436298391804,48917.4362983918,30897.436298391804,36917.4362983918,8256.51999446153,45645.122142475826,61930.66675823806,14418.51804034954,33681.96186165785,68631.82899316802,3047.4362983918036
25945.94594594595,36548.89973087644,44604.51710436641,57831.629112623756,92995.14975812347,21609.814005253742,53567.658091578625,74717.6746826602,26048.490855415926,40927.844727539275,49259.59840721496,58615.58381883006,69768.07096451419,81761.77852583746,111233.97518613073,21900.3702454605,31729.97557202247,52076.02442702039,53678.44597847878,61730.47906492231,73866.05472912584,80435.64307450075,96163.39832044914,0.0,23986.51753775195,34656.37742459828,45697.44187268631,52009.70655331178,64343.04881914508,78769.81038074594,86532.94631589731,86732.02364181401,114782.61671902463,30975.048926497526,48995.048926497526,30975.048926497526,36995.048926497526,8294.765373683378,45725.08752973025,62045.29387607896,14458.266965203238,33758.945713613684,68747.93410067566,3125.048926497526
25985.98598598599,36593.101898166344,44679.13791044255,57907.91221736989,93110.51300617727,21648.138826292212,53645.69679686298,74834.1631509618,26087.94429282102,40986.49623437899,49332.47969454875,58690.097484033395,69842.03551562861,81874.55130295671,111345.05928190556,21938.72062746902,31771.3164434455,52153.63692237823,53756.14312220473,61811.907829562006,73977.91700733727,80525.92636141984,96265.76175049544,0.0,24025.95153882702,34696.41944285936,45774.5918539502,52086.734333266744,64427.5018601757,78871.76650779924,86644.23776595766,86838.69377012225,114920.7655074319,31052.666258039004,49072.666258039004,31052.666258039004,37072.666258039004,8333.013870054194,45805.045658457755,62159.93924560506,14498.013395048227,33835.93714291371,68864.04823615507,3202.666258039004
26026.02602602603,36637.27304480273,44753.78753829367,57984.20559294506,93225.88693951626,21686.466262947637,53723.73826409817,74950.6603096225,26127.3971470256,41045.105897136724,49405.376875046015,58764.613012763235,69916.01497347109,81987.34778323589,111456.16226354752,21977.073531953465,31812.654844666486,52231.25413038644,53833.844599790784,61893.32919208875,74089.74223056987,80616.23905929556,96368.16864236408,0.0,24065.385954166122,34736.45619606132,45851.74941208156,52163.7696440454,64511.93126633473,78973.71347309921,86753.83116873603,86947.05513231277,115058.99054205712,31130.288278889435,49150.288278889435,31130.288278889435,37150.288278889435,8371.26547523434,45884.99659363032,62274.60276780365,14537.757350983233,33912.936118153404,68980.17136753166,3280.288278889435
26066.06606606607,36681.413463398305,44828.46572019065,58060.5091956602,93341.27152068532,21724.79630979079,53801.7824908806,75067.16612427944,26166.84942766258,41103.67373191702,49478.289951953804,58839.13048344167,69990.00931154136,82100.16784611222,111567.28407225662,22015.428954154046,31853.990781684286,52308.87603682885,53911.55039926,61974.74318225931,74201.52989031881,80706.5816529812,96470.61890238232,0.0,24104.820785642525,34776.48773121231,45928.914507560265,52240.812453331506,64596.33715044431,79075.65089847281,86861.69914352364,87057.13555490109,115197.29152474776,31207.914974983614,49227.914974983614,31207.914974983614,37227.914974983614,8409.520180916621,45964.940399660474,62389.28434437376,14577.498853943132,33989.94260811714,69096.30346289056,3357.9149749836142
26106.10610610611,36725.52344326651,44903.172191522375,58136.82298207049,93456.66671241069,21763.128961405608,53879.82947478075,75183.6805607662,26206.301144276593,41162.19975572711,49551.218928041904,58913.64997373888,70064.018503103,82213.01137186239,111678.42464947277,22053.78688931857,31895.324260483994,52386.50262755165,53989.26050868137,62056.149829737595,74313.27947287362,80796.95463312682,96573.11243676653,0.0,24144.256035106257,34816.514094851314,46006.08710122292,52317.86272901525,64680.7196249714,79177.57840549485,86967.90317315045,87168.87400125043,115335.66815811241,31285.54633231752,49305.54633231752,31285.54633231752,37305.54633231752,8447.777978826078,46044.8771404063,62503.983877720195,14617.237924700203,34066.956581776714,69212.44449047564,3435.546332317521
26146.146146146148,36769.60327045972,44977.90669075865,58213.14690897394,93572.07247759952,21801.464212389234,53957.879213343316,75300.20358511136,26245.752306324834,41220.683986470285,49624.16380560525,58988.17156057719,70138.04252118887,82325.87824159494,111789.58393687438,22092.147332702465,31936.65528703673,52464.133888463155,54066.9749161698,62137.54916409482,74424.99045928277,80887.35849620926,96675.64915162482,0.0,24183.69170438473,34856.53533305402,46083.267154258545,52394.92043919216,64765.07880202583,79279.49561550462,87072.5792816401,87282.13489389358,115474.12014552613,31363.182336947968,49383.18233694797,31363.182336947968,37383.18233694797,8486.038860719797,46124.80687917641,62618.7012709477,14656.974583865584,34143.97800828993,69328.59441868839,3513.182336947968
26186.186186186187,36813.65322780714,45052.66895941382,58289.48093340974,93687.48877933831,21839.802057351942,54035.93170408778,75416.73516353701,26285.202923177945,41279.12644293933,49697.12458646641,59062.6953201351,70212.08133860686,82438.76833724287,111900.76187637722,22130.510279568807,31977.983867299798,52541.76980553314,54144.69360988558,62218.9412148094,74536.66232531921,80977.79374456152,96778.22895296049,0.0,24223.127795282704,34896.5514914384,46160.454628203835,52471.985552160935,64849.414793357835,79381.4021496221,87175.90955442248,87396.73659429722,115612.64719113694,31440.822974992247,49460.82297499225,31440.822974992247,37460.82297499225,8524.30281838679,46204.72967873476,62733.4364278552,14696.708851890635,34221.00685699913,69444.75321608697,3590.8229749922466
26226.226226226227,36857.67359495226,45127.45874201012,58365.825012656605,93802.91558089195,21878.142490917104,54113.986944508724,75533.27526245735,26324.65300412069,41337.527144809756,49770.10127197815,59137.22132785111,70286.13492794489,82551.68154155614,112011.95841013343,22168.875725188307,32019.310007216598,52619.41036479298,54222.41657803453,62300.326011266974,74648.29454144684,81068.26088640065,96880.85174667492,0.0,24262.564309582376,34936.562615170566,46237.64948493864,52549.05803642193,64933.72771035623,79483.29762876517,87278.09180007435,87512.48174109761,115751.24899987044,31518.468232627733,49538.46823262773,31518.468232627733,37538.46823262773,8562.569843647736,46284.64560130552,62848.189252929944,14736.440749068242,34298.04309742975,69560.92085138519,3668.4682326277325
26266.26626626627,36901.664648390244,45202.27578604197,58442.17910423143,93918.35284570255,21916.48550772116,54192.04493207626,75649.82384847722,26364.10255835295,41395.88611263322,49843.093863026064,59211.74965842781,70360.20326157646,82664.61773809436,112123.17348052996,22207.243664839356,32060.633712716735,52697.05555233476,54300.14380886742,62381.70358276037,74759.88657278821,81158.76043585493,96983.51743857059,0.0,24302.001249043817,34976.568748970225,46314.85168668168,52626.13786067537,65018.01766404594,79585.18167366635,87379.31644350581,87629.1803568906,115889.92527743579,31596.11809609155,49616.11809609155,31596.11809609155,37616.11809609155,8600.839928354853,46364.554708577925,62962.95965134189,14776.170295534183,34375.08669928895,69677.09729345153,3746.1180960915517
26306.30630630631,36945.62666150473,45277.119841940046,58518.54316588749,94033.80053738844,21954.831102413566,54270.105664236326,75766.38088839063,26403.5515949904,41454.2033678308,49916.10236003119,59286.28038583594,70434.28631166586,82777.57681121914,112234.40703018784,22245.614093807988,32101.954989715825,52774.70535431111,54377.875290679876,62463.07395848946,74871.43787909318,81249.29291298967,97086.22593435425,0.0,24341.438615405168,35016.569937116,46392.06119598598,52703.224993819764,65102.28476508628,79687.05390488995,87479.75337500144,87746.66299916645,116028.67573033065,31673.772551680173,49693.77255168017,31673.772551680173,37693.77255168017,8639.113064391691,46444.4570617109,63077.74752893793,14815.897511268387,34452.137632464146,69793.28251130799,3823.772551680173
26346.34634634635,36989.559904604546,45351.990663035875,58594.91715561311,94149.258619743,21993.17926965679,54348.16913841116,75882.94634917943,26443.0001230654,41512.4789326862,49989.12676295263,59360.81358331817,70508.38405017309,82890.55864608752,112345.65900196087,22283.987007387972,32143.273844115625,52852.35975693491,54455.6110118122,62544.43716756127,74982.94791470918,81339.858843832,97188.97713963994,0.0,24380.87641038257,35056.56622345108,46469.27797573485,52780.31940495009,65186.52912376901,79788.9139428504,87579.54703973491,87864.78567077163,116167.50006584678,31751.43158574913,49771.43158574913,31751.43158574913,37771.43158574913,8677.389243673002,46524.35272133796,63192.55279223644,14855.622416096368,34529.19586702168,69909.47647412935,3901.431585749131
26386.386386386388,37033.46464495994,45426.88800552684,58671.30103163004,94264.7270567336,22031.530004126234,54426.235351999676,75999.52019801192,26482.448151527777,41570.71283033913,50062.16707129035,59435.349323393304,70582.4964488589,83003.56312864443,112456.92933893431,22322.36240088073,32184.59028180399,52930.01874647879,54533.35096064904,62625.79323898997,75094.41612855243,81430.4587603941,97291.7709599518,0.0,24420.314635670773,35096.55765138838,46546.50198913748,52857.42106335634,65270.75085001627,79890.76140782936,87678.81667804095,87983.42957961204,116306.39799207449,31829.095184712605,49849.095184712605,31829.095184712605,37849.095184712605,8715.668458144504,46604.24174757176,63307.375348421556,14895.345029690383,34606.261373205416,70025.67915124202,3979.0951847126053
26426.426426426427,37077.341146838604,45501.81162844141,58747.69475239201,94380.20581250043,22069.883300510253,54504.30430237774,76116.10240224136,26521.89568924551,41628.90508477844,50135.22328408787,59509.8876778602,70656.62347929004,83116.59014561586,112568.21798442389,22360.74026959545,32225.90430865497,53007.68230927491,54611.09512561928,62707.14220169668,75205.84196408083,81521.09320069531,97394.60730072741,0.0,24459.753292942885,35136.54426391577,46623.73319972491,52934.529938521824,65354.950053378794,79992.59591999435,87777.65907824588,88102.49838579852,116445.36921790814,31906.763335043113,49926.76333504311,31906.763335043113,37926.76333504311,8753.950699782781,46684.124200008795,63422.215105337775,14935.065371570821,34683.334121435415,70141.89051212311,4056.7633350431133
26466.466466466467,37121.18967154125,45576.761293604526,58824.098276583085,94495.69485135557,22108.23915351004,54582.375986898616,76232.69292940467,26561.34274500568,41687.055720835364,50208.29539993501,59584.428717801675,70730.7651128436,83229.63958450174,112679.5248819747,22399.120608849,32267.21593052856,53085.350431714454,54688.84349519564,62788.484084509844,75317.22485926803,81611.7627087828,97497.48606732063,0.0,24499.19238385099,35176.52610360126,46700.97157134591,53011.646000121524,65439.12684303446,80094.41709941722,87876.15215476789,88221.91462352182,116584.41345305007,31984.43602327111,50004.43602327111,31984.43602327111,38004.43602327111,8792.235960595037,46764.00013773394,63537.07197148436,14974.783461107381,34760.414082306466,70258.11052639948,4134.4360232711115
26506.506506506506,37165.010477437005,45651.73676560361,58900.51156311639,94611.19413778189,22146.59755783969,54660.450402893344,76349.29174722114,26600.789327515085,41745.164764176785,50281.383416970886,59658.9725135887,70804.92132071231,83342.7113335693,112790.84997536003,22437.50341396602,32308.525153271006,53163.02310024739,54766.59605789465,62869.81891616473,75428.5642465791,81702.4678347505,97600.40716500446,0.0,24538.631910025993,35216.50321259805,46778.217068162965,53088.76921802055,65523.28132778616,80196.2245660926,87974.35846723495,88341.61618190967,116723.53040801633,32062.113235984725,50082.113235984725,32062.113235984725,38082.113235984725,8830.524232619002,46843.86961932511,63651.94585601004,15014.499317520454,34837.5012265869,70374.33916384682,4212.113235984725
26546.546546546546,37208.80381999828,45726.73781175471,58976.93457113238,94726.70363643195,22184.958508226075,54738.52754767101,76465.89882359089,26640.23544540103,41803.2322412983,50354.48733288645,59733.51913488423,70879.09207390892,83455.80528184614,112902.19320858017,22475.88868027887,32349.831982714524,53240.70030138201,54844.35280227618,62951.146725303784,75539.85955294812,81793.20913475676,97703.37049897434,0.0,24578.071873078043,35256.4756326495,46855.46965464835,53165.89956227252,65607.41361606054,80298.01793995735,88072.32830690412,88461.55321858267,116862.71979414017,32139.794959829327,50159.79495982933,32139.794959829327,38159.79495982933,8868.815507922696,46923.73270285769,63766.83666870759,15054.212959882247,34914.595525217184,70490.57639438854,4289.794959829327
26586.586586586593,37252.569951835496,45801.76420206901,59053.3672599976,94842.22331212698,22223.321999408876,54816.607418519154,76582.51412659379,26679.681107212225,41861.25817951756,50427.60714492777,59808.068650647285,70953.277343271,83568.92131911368,113013.5545258615,22514.276403127704,32391.13642467754,53318.38202168472,54922.1137169436,63032.46754047662,75651.11019975696,81883.98717104016,97806.37597435087,0.0,24617.512274596644,35296.44340509413,46932.729295580284,53243.03700311802,65691.52381590602,80399.79684090971,88170.1022503446,88581.68560594607,117001.98132357736,32217.481181507275,50237.481181507275,32217.481181507275,38237.481181507275,8907.109778604314,47003.589445909034,63881.74432000848,15093.924407118124,34991.69694930859,70606.82218809512,4367.481181507275
26626.626626626632,37296.30912273135,45876.81570921974,59129.80958930305,94957.75312985579,22261.688026140477,54894.69001270412,76699.1376244878,26719.126321419262,41919.24260696719,50500.742849898554,59882.62112913692,71027.4770994653,83682.05933590015,113124.93387165491,22552.666577860407,32432.438484964525,53396.06824777958,54999.87879054304,63113.78139013987,75762.315602816,81974.80251193367,97909.42349618275,0.0,24656.9531161508,35336.40657087044,47009.99595603898,53320.18151098308,65775.6120349917,80501.56088882877,88267.71320641597,88701.9808841855,117141.31470930958,32295.171887777477,50315.17188777748,32295.171887777477,38315.17188777748,8945.407036792003,47083.4399055629,63996.668720977534,15133.63367800774,35068.80547014191,70723.0765151828,4445.1718877774765
26666.66666666667,37340.021579674794,45951.892108509215,59206.26151886275,95073.29305477392,22300.056583186015,54972.775327471405,76815.76928570808,26758.57109641562,41977.185552588206,50573.89444416344,59957.1766379163,71101.69131299251,83795.21922347463,113236.33119063546,22591.059199832678,32473.73816936606,53473.75896634794,55077.648011763726,63195.08830265727,75873.475172347,82065.65573187682,98012.5129694499,0.0,24696.394399289195,35376.36517052159,47087.26960140318,53397.33305647765,65859.67838060565,80603.30970359484,88365.18802922027,88822.41264828989,117280.71966514939,32372.867065455168,50392.86706545517,32372.867065455168,38392.86706545517,8983.70727464378,47163.284138413896,64111.60978330783,15173.340791186336,35145.92105916619,70839.33934601299,4522.867065455168
26706.70670670671,37383.70756689468,46026.99317783657,59282.723008712455,95188.84305220237,22338.42766532328,55050.86336004594,76932.40907886531,26798.0154405182,42035.08704612292,50647.061923650755,60031.735243856594,71175.9199541914,83908.4008738402,113347.74642770053,22629.454264408,32515.0354836588,53551.45416412825,55155.421369337295,63276.38830629974,75984.58831296745,82156.54741142632,98115.64429906625,0.0,24735.83612554056,35416.31924420022,47164.55019734602,53474.49161039398,65943.72295965368,80705.04290510938,88462.54877833047,88942.9592877969,117420.19590574384,32450.56670141151,50470.56670141151,32450.56670141151,38470.56670141151,9022.010484347291,47243.12220057182,64226.56741931542,15213.045765145922,35223.04368799743,70955.6106510912,4600.56670141151
26746.74674674675,37427.36732589296,46102.118697665355,59359.19401910801,95304.40308762672,22376.8012673427,55128.9541076325,77049.05697274458,26837.459361968155,42092.9471181082,50720.245283855635,60106.29701314103,71250.16299324331,84021.60417972736,113459.1795279691,22667.851766957647,32556.330433605544,53629.15382791552,55233.19885203785,63357.68142924528,76095.65442367722,82247.47813726423,98218.81738988275,0.0,24775.27829641362,35456.26883167312,47241.837709831845,53551.65714370532,66027.74587865772,80806.76011331557,88559.81370038491,89063.60300517202,117559.74314657858,32528.270782573265,50548.270782573265,32528.270782573265,38548.270782573265,9060.316658119678,47322.95414766595,64341.54154193417,15252.74861823642,35300.17332841729,71071.89040106609,4678.270782573265
26786.78678678679,37471.00109547778,46177.26845099192,59435.67451052408,95419.97312669628,22415.177384047343,55207.047567416004,77165.71293630417,26876.902868931596,42150.76579986852,50793.44451984297,60180.86201126894,71324.42040017652,84134.82903458826,113570.63043678082,22706.251702860725,32597.62302495521,53706.857944561234,55310.9804486817,63438.96769957927,76206.67289784718,82338.44850220451,98322.03214669025,0.0,24814.720913397374,35496.213972325626,47319.13210511232,53628.82962756426,66111.74724375487,80908.4609482194,88656.99799390223,89184.3290509678,117699.36110398133,32605.979295922516,50625.979295922516,32605.979295922516,38625.979295922516,9098.625788207453,47402.78003484939,64456.532064710686,15292.449368666916,35377.3099523719,71188.17856672873,4755.979295922516
26826.82682682683,37514.609111795944,46252.44222331385,59512.16444365263,95535.55313522267,22453.55601025281,55285.14373656186,77282.37693867416,26916.34596950021,42208.54312350902,50866.65962625065,60255.430303059664,71398.69214487009,84248.07533258991,113682.09909969439,22744.654067504143,32638.91326344275,53784.56650097275,55388.76614812707,63520.24714529411,76317.6431232101,82429.45910519702,98425.28847422225,0.0,24854.163977961267,35536.15470516622,47396.43334972295,53706.00903330129,66195.72716069591,81010.14502991059,88754.11440669713,89305.12512638111,117839.04949512634,32683.69222849628,50703.69222849628,32683.69222849628,38703.69222849628,9136.937866886292,47482.59991680328,64571.53890179927,15332.148034506816,35454.45353197055,71304.47511901148,4833.692228496278
26866.86686686687,37558.19160836525,46327.63980259879,59588.66377940161,95651.1430791793,22491.937140787268,55363.24261221622,77399.0489491552,26955.78867169207,42266.27912190875,50939.89059729248,60330.001952656625,71472.97819705831,84361.34296860831,113793.58546248714,22783.05885628266,32680.201154789353,53862.27948411307,55466.55593927395,63601.51979428956,76428.5644818538,82520.51055132938,98528.58627715807,0.0,24893.60749155544,35576.09106883113,47473.74141047984,53783.195332423464,66279.68573484429,81111.81197858416,88851.17370437508,89425.98091473186,117978.80803803704,32761.409567386232,50781.40956738623,32761.409567386232,38781.40956738623,9175.252886460876,47562.413847741016,64686.56196795681,15371.844633686946,35531.60403948449,71420.78002898725,4911.409567386232
26906.906906906912,37601.74881610635,46402.86097925361,59665.17247889345,95766.74292469998,22530.320770491362,55441.344191506374,77515.72893721731,26995.230983452217,42323.973828713526,51013.13742676124,60404.57702353125,71547.27852633463,84474.63183822215,113905.08947115346,22821.466064598833,32721.486704702194,53939.99688100061,55544.34981106386,63682.785674372644,76539.43635021662,82611.6034518267,98631.92546012536,0.0,24933.05145561076,35616.02310158838,47551.05625447586,53860.38849661278,66363.62307117486,81213.46141456226,88948.18503949973,89546.88771226844,118118.6364515905,32839.13129973835,50859.13129973835,32839.13129973835,38859.13129973835,9213.570839264743,47642.22188141239,64801.60117853791,15411.539184000765,35608.76144734569,71537.0932678686,4989.13129973835
26946.94694694695,37645.28096337446,46478.10554609407,59741.69050346385,95882.35263807827,22568.706894218252,55519.448471541065,77632.41687249868,27034.67291265347,42381.62727832924,51086.40010803223,60479.1555784871,71621.59310215578,84587.9418377069,114016.61107190396,22859.875687863125,32762.769918874645,54017.718678708785,55622.147752479694,63764.04481325774,76650.25809908556,82702.73842404841,98735.30592770333,0.0,24972.495871539148,35655.95084134233,47628.37784907772,53937.58849772488,66447.53927427293,81315.09295831618,89045.15624405042,89667.83813568308,118258.53445551997,32916.857412752666,50936.857412752666,32916.857412752666,38936.857412752666,9251.891717660208,47722.02407110784,64916.65644948996,15451.231703105525,35685.92572814565,71653.41480700682,5066.857412752666
26986.98698698699,37688.78827599045,46553.373298314466,59818.21781466017,95997.97218576635,22607.095506833495,55597.55544941074,77749.11272480435,27074.11446709703,42439.23950591476,51159.67863406594,60553.73767966368,71695.92189384549,84701.2728640287,114128.15021116441,22898.28772149382,32804.050802986196,54095.44486436566,55699.94975254543,63845.2972385667,76761.02909359688,82793.91609148291,98838.72758442527,0.0,25011.940740733593,35695.874325637866,47705.70616192236,54014.79530778765,66531.43444833324,81416.7062304889,89142.09406241783,89788.82588908853,118398.50177041866,32994.58789368286,51014.58789368286,32994.58789368286,39014.58789368286,9290.215514038056,47801.8204696624,65031.72769734812,15490.922208523323,35763.096854634176,71769.74461789109,5144.587893682859
27027.02702702703,37732.27097727182,46628.66403345796,59894.75437424026,96113.60153437404,22645.48660321509,55675.665122187944,77865.81646410504,27113.55565451312,42496.8105473751,51232.97299741154,60628.323388540564,71770.26487059858,84814.62481483853,114239.70683557475,22936.702160917073,32845.32936270248,54173.17542515367,55777.75580032595,63926.54297782868,76871.74869323926,82885.13708373958,98942.19033478152,0.0,25051.38606456852,35735.79359166457,47783.04116091387,54092.008898999775,66615.30869715876,81518.30085191764,89239.00433809943,89909.84557729495,118538.53811774279,33072.32272983603,51092.32272983603,33072.32272983603,39092.32272983603,9328.542220817537,47881.6111294599,65146.814839230654,15530.610717642267,35840.274799718216,71886.0826721476,5222.322729836029
27067.06706706707,37775.72928806323,46703.97755138703,59971.300144171044,96229.2406506679,22683.880178253363,55753.77748692752,77982.52806053602,27152.99648256169,42554.34043935439,51306.283190210124,60702.91276594134,71844.62200148459,84927.99758846624,114351.28089198773,22975.119001566898,32886.60560367522,54250.9103483093,55855.5658849269,64007.78205848045,76982.41625185992,82976.40203653739,99045.69408322233,0.0,25090.83184439973,35775.70867626085,47860.38281422022,54169.22924372927,66699.1621241601,81619.87644365698,89335.89216416108,90030.89255532032,118678.64321981452,33150.06190857231,51170.06190857231,33150.06190857231,39170.06190857231,9366.871830446089,47961.39610243687,65261.91779283397,15570.297247717572,35917.45953646064,72002.4289415387,5300.061908572308
27107.10710710711,37819.163426766754,46779.31365425441,60047.855086627096,96344.88950157029,22722.27622685103,55831.892540667046,78099.24748439585,27192.43695883309,42611.829219229054,51379.60920419765,60777.50587203755,71918.99325545171,85041.39108391498,114462.87232746842,23013.538238885223,32927.87953154236,54328.6496211228,55933.379995494455,64089.014507866304,77093.03111767375,83067.71159169175,99149.23873416052,0.0,25130.278081564746,35815.619615918025,47937.73109026987,54246.45631451231,66782.99483235451,81721.43262700237,89432.76200519115,90151.96280640834,118818.81679982506,33227.80541730464,51247.80541730464,33227.80541730464,39247.80541730464,9405.204335399321,48041.17544008664,65377.03647642797,15609.981815872696,35994.65103807916,72118.78339796208,5377.80541730464
27147.14714714715,37862.57360937172,46854.67214647409,60124.419163989434,96460.54805415834,22760.674743923075,55910.01028042693,78215.97470614518,27231.877090848702,42669.27692510078,51452.951030708595,60852.1027663527,71993.37860133022,85154.80520085519,114574.48108929256,23051.95986832183,32969.15115192793,54406.393230937756,56011.19812121495,64170.24035323811,77203.59263327485,83159.0663970974,99252.82419197427,0.0,25169.724777382922,35855.52644678427,48015.0859577492,54323.69008405167,66866.80692436492,81822.96902351352,89529.61779670196,90273.05284259794,118959.05858183754,33305.5532434984,51325.5532434984,33305.5532434984,39325.5532434984,9443.539728180716,48120.94919346321,65492.17080885126,15649.664439100354,36071.84927794502,72235.14601344985,5455.553243498398
27187.18718718719,37905.9600494843,46930.052834693015,60200.99233884405,96576.21627566322,22799.075724396782,55988.13070321098,78332.70969640568,27271.316886061555,42726.68359578957,51526.30866067896,60926.70350776627,72067.77800783633,85268.23983961926,114686.10712494611,23090.383885334413,33010.420470442186,54484.14116515103,56089.02025131503,64251.45962175561,77314.10013565225,83250.46710670866,99356.45036101011,0.0,25209.17193315565,35895.42920466875,48092.44738559892,54400.930525215525,66950.59850241938,81924.48525503851,89626.46302659284,90394.15962323234,119099.3682907896,33383.30537467115,51403.30537467115,33383.30537467115,39403.30537467115,9481.878001321642,48200.71741318527,65607.32070950654,15689.345134263665,36149.054229582005,72351.51676016778,5533.305374671152
27227.22722722723,37949.32295835667,47005.45552776282,60277.574573980695,96691.89413346892,22837.479163211654,56066.253806006345,78449.45242595882,27310.756351857002,42784.04927082687,51599.68208464957,61001.30815451762,72142.19144357563,85381.69490119556,114797.75038212372,23128.810285388547,33051.687492681456,54561.89341121205,56166.84637506109,64332.67234048599,77424.55295620742,83341.91438051645,99460.11714558527,0.0,25248.619550166324,35935.32792504522,48169.815343011236,54478.1776110361,67034.36966835018,82025.98094373822,89723.3008022637,90515.2804878157,119239.74565249615,33461.06179839228,51481.06179839228,33461.06179839228,39481.06179839228,9520.21914738103,48280.480149439965,65722.48609835585,15729.023918097188,36226.26586666522,72467.89561041442,5611.061798392278
27267.26726726727,37992.66254491596,47080.880036712035,60354.16583239157,96807.58159511155,22875.885055319424,56144.37958578422,78566.20286574468,27350.195495553293,42841.37399044856,51673.07129276961,61075.91676420997,72216.61887704668,85495.17028722315,114909.41080872813,23167.239063957753,33092.95222422834,54639.649956622874,56244.676481759314,64413.87853640463,77534.95042077641,83433.4088845221,99563.82444999079,0.0,25288.06762968083,35975.22264305612,48247.18979942703,54555.4313147082,67118.12052359326,82127.45571211068,89820.13390619017,90636.41310040953,119380.19039365186,33538.822502282776,51558.822502282776,33538.822502282776,39558.822502282776,9558.563158945384,48360.23745198684,65837.6668959161,15768.700807207995,36303.48416301998,72584.28253662036,5688.8225022827755
27307.30730730731,38035.9790157927,47156.32617471853,60430.766077269865,96923.27862827845,22914.293395683995,56222.50803949972,78682.96098686093,27389.634324402283,42898.657795588064,51746.4762747997,61150.5293938144,72291.06027664438,85608.66589998633,115021.08835286905,23205.67021652344,33134.21467065163,54717.41078893779,56322.51056075536,64495.07823639465,77645.29184965466,83524.95129070756,99667.5721784941,0.0,25327.516172947435,36015.113393516265,48324.570724532794,54632.69160958819,67201.85116918752,82228.9091830163,89916.9648421698,90757.55540335666,119520.7022418338,33616.58747401489,51636.58747401489,33616.58747401489,39636.58747401489,9596.910028628547,48439.98937016163,65952.86302325448,15808.37581807671,36380.70909262072,72700.67751134722,5766.5874740148865
27347.34734734735,38079.27257534912,47231.793757082436,60507.37527200869,97038.98520080703,22952.704179281413,56300.63916409247,78799.7267605616,27429.07284559001,42955.900727869346,51819.897020115444,61225.14609967379,72365.51561066337,85722.18164240893,115132.78296286192,23244.10373857493,33175.474837506204,54795.17589576285,56400.34860143426,64576.27146724709,77755.57655762567,83616.54227700201,99771.36023534162,0.0,25366.96518119716,36055.00021091661,48401.958088257634,54709.95846919242,67285.56170577426,82330.34097970289,90013.79587398752,90878.70557858623,119661.28092550354,33694.35670131183,51714.35670131183,33694.35670131183,39714.35670131183,9635.259749071582,48519.73595288003,66068.0744019839,15848.048967058548,36457.9406295898,72817.08050728714,5844.35670131183
27387.38738738739,38122.54342570699,47307.28260119913,60583.99338019971,97154.70128068418,22991.117401099822,56378.77295648663,78916.50015825604,27468.511066237217,43013.10282960003,51893.33351771055,61299.76693750665,72439.98484730147,85835.71741804935,115244.49458722725,23282.539625609475,33216.73273033326,54872.94526475581,56478.19059322011,64657.45825566123,77865.80385399319,83708.18252724531,99875.1885247616,0.0,25406.41465564362,36094.88312942785,48479.351860770636,54787.23186719605,67369.25223359668,82431.7507258312,90110.62905788957,90999.86201510986,119801.92617400957,33772.1301719475,51792.1301719475,33772.1301719475,39792.1301719475,9673.612312942598,48599.477248641415,66183.30095425849,15887.72027038434,36535.17874819653,72933.49149726162,5922.130171947501
27427.42742742743,38165.7917667752,47382.79252653281,60660.62036563172,97270.42683604512,23029.533056139473,56456.90941359143,79033.28115150773,27507.94899340014,43070.26414376448,51966.78575620061,61374.39196241131,72514.46795466283,85949.27313109486,115356.22317468928,23320.977873132273,33257.98835466015,54950.71888362558,56556.03652557595,64738.63862824445,77975.97304261726,83799.87273114728,99979.05695096677,0.0,25445.864597483564,36134.7621829041,48556.75201247799,54864.51177743194,67452.92285249919,82533.13804550105,90207.46626997649,91121.02328159846,119942.63771758928,33849.90787374621,51869.90787374621,33849.90787374621,39869.90787374621,9711.967712936676,48679.21330553264,66298.54260276932,15927.38974416158,36612.42342285601,73049.91045422104,5999.907873746211
27467.467467467468,38209.01779627698,47458.32335459017,60737.25619228963,97386.16183517277,23067.951139412657,56535.048532301174,79150.0697120333,27547.386634070936,43127.38471401678,52040.253723826005,61449.021228869606,72588.96490076125,86062.8486863566,115467.96867417551,23359.418476656458,33299.241716000455,55028.49674013222,56633.88638800361,64819.81261151235,78086.0834219542,83891.61358424289,100082.96541815683,0.0,25485.315007896817,36174.637404886555,48634.15851402031,54941.79817388911,67536.57366192724,82634.50256327722,90304.30922940608,91242.18810314912,120083.41528737146,33927.68979458239,51947.68979458239,33927.68979458239,39947.68979458239,9750.325941775678,48758.94417123166,66413.79927073981,15967.057404375446,36689.67462812805,73166.33735124367,6077.689794582388
27507.50750750751,38252.22170977682,47533.87490889467,60813.900824352975,97501.9062464966,23106.371645943676,56613.19030949576,79266.86581170135,27586.823995178354,43184.46458467394,52113.73740845569,61523.65479075097,72663.47565352335,86176.44398926446,115579.73103481512,23397.861431703095,33340.492819854044,55106.278822086446,56711.7401700434,64900.98023188903,78196.13428510049,83983.40578784427,100186.91383052141,0.0,25524.765888046437,36214.50882860692,48711.57133626972,55019.091030711774,67620.20476092666,82735.84390421612,90401.15951812624,91363.35534152125,120224.25861537765,34005.47592238027,52025.47592238027,34005.47592238027,40025.47592238027,9788.686992208128,48838.669893011196,66529.07088192149,16006.723266889723,36766.93233871614,73282.77216153494,6155.4759223802685
27547.54754754755,38295.403700707044,47609.447014960686,60890.55422619488,97617.66003859189,23144.79457076882,56691.33474204071,79383.66942253133,27626.26108358828,43241.50380070887,52187.23679759043,61598.29270131625,72738.00018079166,86290.05894586141,115691.51020593848,23436.306733801182,33381.74167170701,55184.06511734927,56789.59786127399,64982.141515706775,78306.1249198408,84075.25004898763,100290.90209224232,0.0,25564.217239078876,36254.376486990805,48788.99045032736,55096.3903221978,67703.81624814332,82837.1616938925,90498.01859772095,91484.52397826011,120365.16743452457,34083.26624511362,52103.26624511362,34083.26624511362,40103.26624511362,9827.05085700901,48918.39051774228,66644.35736058958,16046.387347447879,36844.19652946634,73399.21485842665,6233.26624511362
27587.58758758759,38338.56396039408,47685.039500268475,60967.21636238058,97733.42318017891,23183.21990893633,56769.48182678759,79500.4805166926,27665.697906104397,43298.502407743545,52260.751878366274,61672.93501322173,72812.53845032764,86403.69346279913,115803.30613707574,23474.75437848769,33422.9882770316,55261.85561383201,56867.45945131227,65063.29648920663,78416.05460870056,84167.1470803768,100394.93010749642,0.0,25603.66906212412,36294.24041266144,48866.41582752078,55173.69602279784,67787.40822182299,82938.45555842659,90594.88782384412,91605.69310023161,120506.14147862548,34161.0607508055,52181.0607508055,34161.0607508055,40181.0607508055,9865.417528979724,48998.10609189794,66759.65863153886,16086.04966167401,36921.467175366284,73515.66541537622,6311.060750805504
27627.62762762763,38381.702678084475,47760.652194239,61043.887197666394,97849.19564012204,23221.647655506393,56847.63156057423,79617.29906650331,27705.134469468692,43355.46045204207,52334.28263755807,61747.581778522974,72887.09042981504,86517.34744733253,115915.11877795648,23513.204361307566,33464.23264128652,55339.65029949571,56945.324929813134,65144.44517853834,78525.92262900247,84259.09760032191,100498.99778045814,0.0,25643.121358296063,36334.10063794283,48943.84743940121,55251.00810711394,67870.9807798108,83039.72512451153,90691.76845863079,91726.86188718009,120647.18048239258,34238.859427527976,52258.859427527976,34238.859427527976,40258.859427527976,9903.78700094793,49077.816661556746,66874.97462007924,16125.710225073879,36998.744251544114,73632.12380596594,6388.859427527976
27667.66766766767,38424.82004097042,47836.28492820942,61120.56669699844,97964.97738742875,23260.077805551053,56925.783940224865,79734.12504442935,27744.57078036199,43412.377980503785,52407.82906158272,61822.23304867873,72961.65608686226,86631.02080731481,116026.94807850802,23551.656677813655,33505.47476991665,55417.44916235102,57023.19428646913,65225.587609760216,78635.72825292777,84351.10233267362,100603.10501530205,0.0,25682.57412869224,36373.95719486305,49021.285257741016,55328.326549898215,67954.53401955107,83140.9700194409,90788.66168140419,91848.02960098925,120788.28418143778,34316.66226340176,52336.66226340176,34316.66226340176,40336.66226340176,9942.159265767325,49157.52227240624,66990.30525203171,16165.369053035749,37076.02773326743,73748.59000390209,6466.662263401762
27707.70770770771,38467.916234215205,47911.937535408724,61197.25482551135,98080.76839124903,23298.510354154238,57003.938962550616,79850.95842308336,27784.006845404598,43469.25504065641,52481.39113650286,61896.88887455486,73036.23538900597,86744.71345119277,116138.79398885497,23590.111323566827,33546.71466835316,55495.25219045783,57101.067511010624,65306.72380883952,78745.47074758218,84443.16200675305,100707.25171620536,0.0,25722.02737439431,36413.810115157685,49098.72925453138,55405.65132605196,68038.06803808718,83242.18987113712,90885.56859794332,91969.1955763832,120929.45231227468,34394.46924659607,52414.46924659607,34394.46924659607,40414.46924659607,9980.53431631764,49237.22296974648,67105.6504537241,16205.026160831501,37153.31759594235,73865.06398301436,6544.469246596069
27747.747747747748,38510.99144097815,47987.60985093346,61273.95154852713,98196.56862087426,23336.945296411708,57082.09662434949,79967.79917522354,27823.442671156863,43526.09168064919,52554.968848030156,61971.54930642818,73110.82830371344,86858.42528800157,116250.65645931836,23628.568294135894,33587.952342013596,55573.05937192504,57178.944593205255,65387.85380165255,78855.14937506625,84535.27735727682,100811.43778735059,0.0,25761.481096468066,36453.65943027318,49176.179401979585,55482.98241062433,68121.58293206125,83343.38430817923,90982.4902485286,92090.35921284833,121070.68461231986,34472.28036532825,52492.28036532825,34472.28036532825,40492.28036532825,10018.912145504382,49316.918798493505,67221.01015198688,16244.681563617443,37230.613815112374,73981.54571725492,6622.2803653282535
27787.787787787787,38554.04584243933,48063.30171172426,61350.656831554,98312.37804573664,23375.382627431005,57160.25692240683,80084.64727375284,27862.878264119594,43582.88794924595,52628.562181528956,62046.21439399043,73185.43479838572,86972.15622736028,116362.53544041404,23667.027585097625,33629.18779630176,55650.870694910314,57256.825522858,65468.97761398467,78964.76339255105,84627.4491242771,100915.66313292793,0.0,25800.935295963573,36493.50517136973,49253.635672506636,55560.31977881109,68205.07879771414,83444.5529598321,91079.42761494781,92211.51996759576,121211.98081989473,34550.09560786356,52570.09560786356,34550.09560786356,40570.09560786356,10057.292746258794,49396.609803182684,67336.3842741492,16284.335276435384,37307.91636645747,74098.03518069783,6700.095607863557
27827.82782782783,38597.07961782404,48139.01295654222,61427.370640285044,98428.19663540814,23413.822342331463,57238.41985349538,80201.50269171775,27902.31363073476,43639.64389581834,52702.17112201957,62120.88418635202,73260.05484036017,87085.90617946674,116474.43088285244,23705.489192036795,33670.42103660785,55728.686147619694,57334.71028981084,65550.0952715304,79074.31205235838,84719.67805301711,101019.9276571379,0.0,25840.38997391537,36533.347369324634,49331.098038744974,55637.66340595363,68288.55573088527,83545.69545607465,91176.38162661367,92332.6773494105,121353.34067422604,34627.91496251487,52647.91496251487,34627.91496251487,40647.91496251487,10095.676111537683,49476.29602797225,67451.77274803471,16323.987314213438,37385.22522579307,74214.53234753812,6777.914962514871
27867.86786786787,38640.092944426855,48214.74342594578,61504.09294059728,98544.02435959986,23452.264436244142,57316.58541437568,80318.3654023075,27941.748777385954,43696.35957033895,52775.79565418191,62195.55873204595,73334.68839691358,87199.67505509316,116586.34273753758,23743.95311054614,33711.65206830838,55806.50571830742,57412.598883942745,65631.2067998937,79183.79460204637,84811.96489390111,101124.23126419375,0.0,25879.845131342598,36573.18605473536,49408.56647353593,55715.01326753767,68372.01382701244,83646.81142762955,91273.35316592018,92453.83091326308,121494.76391544763,34705.738417642446,52725.738417642446,34705.738417642446,40725.738417642446,10134.062234323283,49555.97751664646,67567.1755019576,16363.637691767031,37462.54036906903,74331.03719209129,6855.738417642446
27907.90790790791,38683.085997635426,48290.49296226785,61580.82369855017,98659.86118816098,23490.70890431179,57394.75360179613,80435.2353788529,27981.183710398935,43753.03502337449,52849.43576235891,62270.238079031755,73409.33543526428,87313.46276558115,116698.27095556562,23782.41933622636,33752.88089676621,55884.32939527566,57490.49129516926,65712.3122245878,79293.21028450009,84904.31040237949,101228.57385832397,0.0,25919.300769249076,36613.021257922795,49486.040949927476,55792.369339192286,68455.45318113203,83747.90050599238,91370.34307294484,92574.98025557384,121636.25028460144,34783.56596165361,52803.56596165361,34783.56596165361,40803.56596165361,10172.451107623114,49635.65431261913,67682.59246471859,16403.28642379979,37539.861772368706,74447.54968879232,6933.565961653607
27947.94794794795,38726.05895095405,48366.26140959321,61657.56288038477,98775.70709107823,23529.15574168887,57472.924412493434,80552.11259482538,28020.61843604219,43809.67030607903,52923.09143056012,62344.92227469921,73483.99592257549,87427.26922283742,116810.21548822442,23820.887864686174,33794.10752733067,55962.15716687415,57568.38751344258,65793.41157103577,79402.55833802778,84996.71533884863,101332.95534377467,0.0,25958.756888623528,36652.85300893389,49563.52144117191,55869.73159668871,68538.87388787887,83848.96232346154,91467.35214958679,92696.12501004212,121777.7995236382,34861.39758300256,52881.39758300256,34861.39758300256,40881.39758300256,10210.842724469916,49715.326458936805,67798.02356560096,16442.933524904478,37617.18941190801,74564.06981219519,7011.397583002559
27987.987987987988,38769.01197602681,48442.048613736224,61734.31045252231,98891.56203847486,23567.60494354147,57551.097843192656,80668.99702383601,28060.05296052739,43866.26547018713,52996.76264246502,62419.611365872224,73558.66982595727,87541.09433932882,116922.17628699247,23859.358691542257,33835.331965337384,56039.98902150004,57646.2875287512,65874.50486457019,79511.8379964621,85089.18046854506,101437.37562481218,0.0,25998.213490439655,36692.68133754512,49641.00792072365,55947.10001593923,68622.27604148624,83949.99651316815,91564.38116321695,92817.26484396259,121919.41137541897,34939.23327019005,52959.23327019005,34939.23327019005,40959.23327019005,10249.237077921473,49794.993998282014,67913.46873436667,16482.57900956384,37694.52326403436,74680.59753697197,7089.233270190052
28028.028028028028,38811.94524266058,48517.85442221885,61811.06638156324,99007.42600060996,23606.05650504729,57629.273890607474,80785.88863963471,28099.48729000992,43922.820568007104,53070.44938142681,62494.3053988127,73633.35711246953,87654.93802807818,117034.1533035379,23897.831812419274,33876.55421610845,56117.82494759757,57724.19133111982,65955.59213043354,79621.04848926736,85181.70656143402,101541.83460572528,0.0,26037.670575656273,36732.506273265004,49718.5003622368,56024.47457299614,68705.659735786,84051.00270910634,91661.43084990524,92938.39945496427,122061.08558371564,35017.07301176317,53037.07301176317,35017.07301176317,41037.07301176317,10287.63416106044,49874.65697297664,68028.92790125243,16522.222892151538,37771.86330522578,74797.13283791218,7167.073011763168
28068.068068068067,38854.85891884762,48593.678684248946,61887.83063428604,99123.29894787763,23644.510421395637,57707.45255144055,80902.787416109,28138.921430589515,43979.33565241427,53144.15163047556,62569.0044192243,73708.05774912442,87768.80020265945,117146.14648971785,23936.3072229499,33917.77428495242,56195.664933657805,57802.098910609115,66036.67339377833,79730.18904165205,85274.2943920932,101646.33219082773,0.0,26077.128145217583,36772.32784533739,49795.99873956323,56101.85524405052,68789.02506420872,84151.98054616383,91758.50191728034,93059.5285681173,122202.82189321177,35094.91679631506,53114.91679631506,35094.91679631506,41114.91679631506,10326.033966994324,49954.31542498502,68144.40099696587,16561.865186933013,37849.209512090005,74913.67568992218,7244.916796315061
28108.108108108107,38897.75317078797,48669.52125069872,61964.60317764596,99239.18085080612,23682.96668778736,57785.633822383505,81019.6933272832,28178.355388310614,44035.81077684421,53217.869372322115,62643.70847225634,73782.77170288879,87882.6807771936,117258.1557975772,23974.784918774792,33958.99217716421,56273.50896821843,57880.01025731565,66117.74867966709,79839.2588746874,85366.94473958941,101750.86828446065,0.0,26116.586200053014,36812.146082744024,49873.503026750055,56179.24200543129,68872.37211978379,84252.92966015275,91855.59504706849,93180.65193336006,122344.62004950352,35172.764612484694,53192.764612484694,35172.764612484694,41192.764612484694,10364.436488855281,50033.9693959171,68259.88795268169,16601.505908066403,37926.561861363436,75030.22606802425,7322.764612484694
28148.148148148153,38940.628162911424,48745.38197408363,62041.383978773985,99355.07168005727,23721.42529943483,57863.817700117375,81136.6063473175,28217.789169162865,44092.24599528598,53291.60258936129,62718.417602507434,73857.49894068661,87996.5796663439,117370.18117934793,24013.264895542583,34000.20789802528,56351.35703986337,57957.925361371585,66198.81801307261,79948.25720543176,85459.6583873507,101855.44279099471,0.0,26156.04474107767,36851.961014207656,49951.01319803782,56256.634833604214,68955.70099513946,84353.84968784057,91952.71089735226,93301.7693232061,122486.47979909992,35250.61644895657,53270.61644895657,35250.61644895657,41270.61644895657,10402.84171980001,50113.61892703172,68375.38870003799,16641.145069603324,38003.9203299103,75146.78394735609,7400.616448956571
28188.188188188193,38983.48405789949,48821.26070854145,62118.17300497581,99470.97140642535,23759.88625156194,57942.00418131266,81253.52645050696,28257.22277908183,44148.64136227547,53365.351263675555,62793.13185402945,73932.23942940135,88110.4967853119,117482.22258744808,24051.747148909926,34041.42145280348,56429.20913722266,58035.844212944656,66279.88141887818,80057.1832470609,85552.43612303163,101960.05561483279,0.0,26195.50376919232,36891.772668194564,50028.52922785823,56334.03370517066,69039.01178250331,84454.74026698165,92049.85010458401,93422.8805306966,122628.40088942391,35328.472294460524,53348.472294460524,35328.472294460524,41348.472294460524,10441.249653009647,50193.2640592396,68490.90317113235,16680.782685489834,38081.28489472172,75263.34930317002,7478.472294460524
28228.228228228232,39026.32101670673,48897.157309811686,62194.970223730605,99586.88000083668,23798.349539404026,58020.19326262962,81370.45361128062,28296.65622394909,44204.996932888695,53439.11537703845,62867.85127033122,74006.99313587861,88224.43204983283,117594.27997448112,24090.23167454145,34082.63284675322,56507.06524897212,58113.76680223784,66360.93892187747,80166.03620900438,85645.27873837284,102064.70666041205,0.0,26234.963285283426,36931.58107291756,50106.05109083192,56411.43859686658,69122.30457370219,84555.60103634847,92147.01328538393,93543.98536756763,122770.38306881246,35406.332137771424,53426.332137771424,35406.332137771424,41426.332137771424,10479.66028168958,50272.9048331065,68606.43129851819,16720.4187695672,38158.65553291474,75379.92211083233,7556.332137771424
28268.26826826827,39069.139198582125,48973.07163521521,62271.775602689915,99702.79743434864,23836.81515820787,58098.38494071849,81487.38780420055,28336.089509593225,44261.31276273505,53512.89491091823,62942.57589438227,74081.76002692792,88338.38537617147,117706.35329323469,24128.718468109793,34123.842085115466,56584.925363833136,58191.69311948937,66441.99054677498,80274.81529708812,85738.18702905465,102169.39583220633,0.0,26274.4232902236,36971.38625633855,50183.57876176686,56488.84948556166,69205.57946016273,84656.43163576379,92244.20103814776,93665.0836626077,122912.4260865172,35484.195967708976,53504.195967708976,35484.195967708976,41504.195967708976,10518.073599069456,50352.54128885628,68721.97301520119,16760.053335572797,38236.03222173151,75496.50234582264,7634.195967708976
28308.30830830831,39111.93876109,49049.00354363412,62348.58910967664,99818.72367814902,23875.283103231675,58176.57921221966,81604.329003961,28375.52264178985,44317.58890795083,53586.689846481284,63017.30576861664,74156.54006932561,88452.35668111786,117818.44249667997,24167.207525295587,34165.049173117586,56662.78947057239,58269.6231549723,66523.03631818586,80383.51971368337,85831.16179454389,102274.12303472853,0.0,26313.883784871276,37011.18824617138,50261.11221565574,56566.26634825809,69288.83653291136,84757.23170613227,92341.413944488,93786.17526018144,123054.52969270483,35562.063773137445,53582.063773137445,35562.063773137445,41582.063773137445,10556.489598402903,50432.17346637395,68837.52825463549,16799.686397140933,38313.41493853835,75613.08998373305,7712.0637731374445
28348.34834834835,39154.7198601307,49124.9528954919,62425.41071268387,99934.65870355512,23913.75336974499,58254.77607376384,81721.27718538739,28414.955626262366,44373.82542519242,53660.500164595636,63092.04093493662,74231.33322981664,88566.34588198323,117930.54753797088,24205.698841787456,34206.25411597361,56740.65755800158,58347.55689899473,66604.07626063647,80492.14865786178,85924.203837935,102378.88817253266,0.0,26353.344770071148,37050.98706988421,50338.65142767442,56643.68916208969,69372.07588257492,84858.0008894731,92438.6525705269,93907.26001890207,123196.69363845742,35639.9355429654,53659.9355429654,35639.9355429654,41659.9355429654,10594.90827296751,50511.801405208615,68953.0969507201,16839.317967803643,38390.80366082482,75729.68500026772,7789.935542965402
28388.38838838839,39197.482649961115,49200.919552734005,62502.24037987388,100050.60248201319,23952.22595302877,58332.97552197236,81838.23232343547,28454.38846868233,44430.0223716298,53734.32584583445,63166.78143471647,74306.13947511693,88680.35289659578,118042.66837044302,24244.192413282042,34247.456918884076,56818.52961497724,58425.494341899226,66685.11039856401,80600.701325557,86017.31396578428,102483.69115021644,0.0,26392.806246654334,37090.78275470258,50416.19637317973,56721.117904320796,69455.2975993808,84958.73882895224,92535.91746805822,94028.33781043424,123338.91767577242,35717.81126614554,53737.81126614554,35717.81126614554,41737.81126614554,10633.329616064693,50591.42514457657,69068.67903779536,16878.948060991577,38468.19836620295,75846.28737124208,7867.811266145538
28428.428428428433,39240.227283214736,49276.903378808296,62579.07807957696,100166.5549850975,23990.70084837524,58411.177553457346,81955.1943931905,28493.82117466996,44486.17980493988,53808.16687047962,63241.52730880613,74380.95877191558,88794.37764329652,118154.80494761278,24282.68823548396,34288.65758703612,56896.405630400484,58503.435474062935,66766.13875631723,80709.1769097329,86110.49298793805,102588.53187242319,0.0,26432.26821543832,37130.57532761147,50493.74702770769,56798.55255234531,69538.50177315745,85059.44516891506,92633.20917559293,94149.40851841247,123481.20155756295,35795.69093167436,53815.69093167436,35795.69093167436,41815.69093167436,10671.75362101955,50671.04472336414,69184.27445063941,16918.57669003476,38545.59903240627,75962.89707258207,7945.690931674362
28468.468468468473,39282.95391092164,49352.90423864613,62655.923780290424,100282.51618450967,24029.178051087933,58489.382164821785,82072.16336986618,28533.25374979451,44542.297783299975,53882.02321852522,63316.27859753497,74455.79108687698,88908.42004093538,118266.95722317678,24321.18630410583,34329.8561256035,56974.28559321666,58581.38028589732,66847.16135815613,80817.5746005582,86203.74171735378,102693.41024384426,0.0,26471.730677227024,37170.36481535832,50571.303366971355,56875.99308368573,69621.68849333451,85160.11955491942,92730.52821930179,94270.47203746345,123623.54503765811,35873.57452859197,53893.57452859197,35873.57452859197,41893.57452859197,10710.180281180768,50750.66018013061,69299.88312446453,16958.203868163408,38623.00563728892,76079.51408032357,8023.574528591969
28508.508508508512,39325.66268252817,49428.921998643615,62732.77745067758,100398.48605207806,24067.65755648165,58567.589352659925,82189.13922880396,28572.686199574873,44598.376365381286,53955.89486968094,63391.03534071552,74530.6363866428,89022.48000886687,118379.12515101061,24359.686614868293,34371.05253974657,57052.16949241522,58659.328767848,66928.17822825245,80925.89358558795,86297.06096991507,102798.32616922127,0.0,26511.193632811286,37210.15124445518,50648.865366859274,56953.439475992156,69704.8578489436,85260.7616337686,92827.87511386526,94391.52827232065,123765.94787080253,35951.462045981854,53971.462045981854,35951.462045981854,41971.462045981854,10748.609589920496,50830.27155311128,69415.50499491379,16997.82960850876,38700.418158824934,76196.13837061186,8101.462045981854
28548.54854854855,39368.353745916276,49504.95652664281,62809.639059566616,100514.46455975683,24106.139359882418,58645.79911355734,82306.12194547211,28612.11852947994,44654.415610342345,54029.781803375736,63465.797577647034,74605.49463783432,89136.55746694659,118491.30868516846,24398.189163499956,34412.24683461236,57130.05731702946,58737.28091039459,67009.18939068954,81034.13304995144,86390.45156423966,102903.27955334802,0.0,26550.657082968617,37249.93464118145,50726.433003433245,57030.891707041286,69788.0099286186,85361.3710535446,92925.25036324172,94512.57713701978,123908.40981265693,36029.35347297063,54049.35347297063,36029.35347297063,42049.35347297063,10787.041540634207,50909.87888022014,69531.13999805757,17037.45392410385,38777.83657510724,76312.7699197008,8179.35347297063
28588.58858858859,39411.02724742273,49581.00769191366,62886.50857594953,100630.45167962537,24144.623456627494,58724.011444091186,82423.1114954648,28651.550744929045,44710.415577822525,54103.68399876109,63540.56534711938,74680.36580705411,89250.65233552684,118603.50777988188,24436.693945737454,34453.43901533453,57207.94905613629,58815.23670405058,67090.19486946282,81142.29217654701,86483.914321481,103008.27030107297,0.0,26590.12102846345,37289.71503158627,50804.00625292685,57108.34975473566,69871.14482059618,85461.9474636416,93022.65446136172,94633.61855416906,124050.93061979754,36107.24879872783,54127.24879872783,36107.24879872783,42127.24879872783,10825.476126740665,50989.482199052836,69646.78807039,17077.076827884284,38855.26086434694,76429.40870395226,8257.24879872783
28628.62862862863,39453.68333185796,49657.07536513582,62963.38596898122,100746.44738388748,24183.109842065278,58802.22634083028,82540.10785450129,28690.98285129248,44766.37632793554,54177.601434714765,63615.33868741645,74755.24986088838,89364.76453545285,118715.72238955893,24475.20095732539,34494.629087033376,57285.844698855835,58893.196139363135,67171.19468847968,81250.37014624369,86577.45006512257,103113.29831730133,0.0,26629.58547004728,37329.492441490875,50881.58509174327,57185.813597102235,69954.26261271608,85562.49051479953,93120.08789275677,94754.6524542839,124193.51004971623,36185.14801246562,54205.14801246562,36185.14801246562,42205.14801246562,10863.913341681658,51069.08154688946,69762.44914882575,17116.698332689037,38932.69100487238,76546.05469983545,8335.148012465623
28668.66866866867,39496.32214252478,49733.15941838076,63040.271207978294,100862.4516448708,24221.59851155535,58880.44380033546,82657.11099842517,28730.414853891845,44822.297921263096,54251.53408984405,63690.11763632012,74830.14676590855,89478.89398805916,118827.95246878381,24513.710194016396,34535.81705481604,57363.74423435152,58971.159206912926,67252.18887155985,81358.36613808954,86671.05962076601,103218.36350699703,0.0,26669.05040845881,37369.266896491026,50959.16949645389,57263.28321229212,70037.36339242202,85662.99985913801,93217.55113312899,94875.67877518162,124336.14786082016,36263.05110343866,54283.05110343866,36263.05110343866,42283.05110343866,10902.353178922076,51148.676960697354,69878.12317069655,17156.318451261242,39010.126975128354,76662.70788392637,8413.051103438658
28708.70870870871,39538.94382123677,49809.259725094256,63117.16426241821,100978.46443502583,24260.089460468385,58958.66381915957,82774.12090320334,28769.846758000567,44878.18041884839,54325.48194248935,63764.90223111357,74905.0564886736,89593.04061516542,118940.19797231554,24552.221651571082,34577.00292377625,57441.647651829524,59049.12589731402,67333.17744243541,81466.27932952701,86764.74381591198,103323.46577518492,0.0,26708.515844423935,37409.03842195933,51036.75944379615,57340.75857857893,70120.44724676202,85763.47515019009,93315.04464986738,94996.69746142843,124478.84381243147,36340.95806094377,54360.95806094377,36340.95806094377,42360.95806094377,10940.795631949648,51228.26847713387,69993.8100737478,17195.937196248906,39087.56875367531,76779.36823290709,8490.958060943769
28748.748748748752,39581.548508336426,49885.37616007893,63194.06510193811,101094.48572692557,24298.582684186156,59036.88639384786,82891.1375449253,28809.278568844293,44934.02388218968,54399.44497072764,63839.69250858517,74979.9789957316,89707.20433907272,119052.45885508717,24590.735325758036,34618.18669899449,57519.5549405387,59127.096201213666,67414.16042475103,81574.10889661504,86858.50347973424,103428.60502695292,0.0,26747.98177865606,37448.80704304773,51114.35491067212,57418.23967435842,70203.51426238885,85863.91604293641,93412.56890251677,95117.70846383422,124621.59766478706,36418.86887431976,54438.86887431976,36418.86887431976,42438.86887431976,10979.240694274857,51307.85613254907,70109.50979613536,17235.55458020569,39165.01631918849,76896.03572356509,8568.868874319764
28788.788788788792,39624.13634271318,49961.50859947726,63270.97369633394,101210.51549326458,24337.078178101503,59115.111520937935,83008.16089980229,28848.710291601306,44989.82837323404,54473.4231523759,63914.48850503196,75054.91425362183,89821.38508256014,119164.7350722055,24629.251212353873,34659.368385538095,57597.46608977036,59205.0701092922,67495.13784206424,81681.85401425802,86952.33944284714,103533.78116745406,0.0,26787.448211856023,37488.572784689575,51191.95587414664,57495.72647814737,70286.56452556106,85964.32219383949,93510.12434320342,95238.71173899074,124764.40917903808,36496.783532947244,54516.783532947244,36496.783532947244,42516.783532947244,11017.688359430897,51387.43996298851,70225.2222764223,17275.17061559171,39242.46965045718,77012.71033279283,8646.783532947244
28828.82882882883,39666.70746182103,50037.65692075459,63347.89001555937,101326.55370685829,24375.575937618312,59193.339196960136,83125.19094416653,28888.141931402984,45045.59395437093,54547.41646499453,63989.29025626335,75129.86222887656,89935.58276888049,119277.02657894947,24667.76930714318,34700.54798846107,57675.38108885792,59283.04761226287,67576.10971784536,81789.5138564418,87046.25253706587,103638.9941019085,0.0,26826.915144712282,37528.33567160206,51269.56231144557,57573.218968582456,70369.59812214322,86064.69326087814,93607.71141702206,95359.70724884787,124907.27811724963,36574.70202624833,54594.70202624833,36574.70202624833,42594.70202624833,11056.138620973532,51467.02000419597,70340.94745357547,17314.78531477421,39319.928726383834,77129.39203758693,8724.702026248327
28868.86886886887,39709.262001696035,50113.82100268236,63424.81402972479,101442.60034064256,24414.075958151436,59271.56941843758,83242.2276544703,28927.573493334185,45101.32068842589,54621.42488589086,64064.09779760462,75204.82288802255,90049.79732175707,119389.33333077002,24706.289605918515,34741.7255128043,57753.29992717683,59361.02870087163,67657.07607547795,81897.08759647646,87140.2435951602,103744.24373560559,0.0,26866.38257790111,37568.09572828843,51347.174199954374,57650.71712441979,70452.61513760657,86165.02890358155,93705.33056238719,95480.69496032532,125050.2042424001,36652.62434368644,54672.62434368644,36652.62434368644,42672.62434368644,11094.591472480886,51546.59629161596,70456.68526696246,17354.398690028323,39397.39352598334,77246.08081504767,8802.624343686439
28908.90890890891,39751.80009697361,50190.00072532188,63501.74570909648,101558.65536767259,24452.578235126774,59349.8021818864,83359.27100728522,28967.004982433624,45157.008638654275,54695.448392122526,64138.91116390058,75279.79619758329,90164.0286653798,119501.65528328883,24744.812104480487,34782.90096359552,57831.222594144296,59439.0133658971,67738.03693825883,82004.57440724579,87234.31345060118,103849.52997390591,0.0,26905.850512086567,37607.85297903999,51424.7915172161,57728.22092453363,70535.61565703002,86265.3287830645,93802.98221135352,95601.67484495623,125193.18731838078,36730.55047476614,54750.55047476614,36730.55047476614,42750.55047476614,11133.046907553526,51626.168860396574,70572.43565634833,17394.01075353787,39474.864028382246,77362.7766423783,8880.55047476614
28948.94894894895,39794.32188090542,50266.19597000785,63578.685024095335,101674.71876112261,24491.082763981096,59428.03748381588,83476.32097930144,29006.43640369449,45212.65786873501,54769.48696050085,64213.7303895191,75354.78212408058,90278.27672440177,119613.9923922978,24783.336798637603,34824.07434584915,57909.14907921892,59517.00159815027,67818.9923293982,82111.9734614639,87328.46293730111,103954.85272224329,0.0,26945.318947920707,37647.60744793885,51502.41424093015,57805.73034791582,70618.59976510046,86365.59256206141,93900.66678990668,95722.64687855911,125336.2271099948,36808.4804090328,54828.4804090328,36808.4804090328,42828.4804090328,11171.50491981415,51705.73774539188,70688.19856189238,17433.62151739596,39552.34021281789,77479.47949688457,8958.480409032803
28988.98898898899,39836.82748537637,50342.406619332534,63655.63194529624,101790.79049428501,24529.589540162167,59506.27532072865,83593.37754732676,29045.86776206461,45268.26844276436,54843.54056759442,64288.55550835468,75429.780634036,90392.54142393547,119726.34461375825,24821.863684206437,34865.245664566675,57987.07937190072,59594.99338847445,67899.94227202001,82219.28393193847,87422.69288934677,104060.21188612672,0.0,26984.787886043632,37687.3591588594,51580.04234895034,57883.24537367463,70701.56754611377,86465.8199049616,93998.38471822858,95843.61104093616,125479.3233829572,36886.41413607253,54906.41413607253,36886.41413607253,42906.41413607253,11209.965502907668,51785.302981164765,70803.97392414519,17473.23099360585,39629.82205863774,77596.189355974,9036.414136072533
29029.02902902903,39879.317040920985,50418.63255712977,63732.586443426786,101906.87054056971,24568.098559128604,59584.515689120875,83710.44068828599,29085.299062446837,45323.84042524965,54917.60918973227,64363.386553831966,75504.79169397276,90506.82268954952,119838.7119037998,24860.39275701149,34906.41492473637,58065.013461730734,59672.988727745156,67980.886789162,82326.50499184054,87517.00414072601,104165.60737114234,0.0,27024.257327083662,37727.108135470844,51657.675819283584,57960.7659810341,70784.5190839753,86566.01047784368,94096.1364109383,95964.56731559528,125622.47590389349,36964.35164551182,54984.35164551182,36964.35164551182,42984.35164551182,11248.428650500937,51864.86460198926,70919.76168404528,17512.839194081535,39707.30954529857,77712.90619715536,9114.351645511822
29069.069069069075,39921.79067673991,50494.87366845964,63809.54848936662,102022.95887350361,24606.609816349915,59662.758585482334,83827.51037922007,29124.730309699782,45379.37388110328,54991.69280300743,64438.223558909354,75579.81527041752,90621.12044726481,119951.0942187199,24898.924012885276,34947.58213133342,58142.95133829084,59750.98760686983,68061.82590377599,82433.63581498127,87611.3975250475,104271.03908295542,0.0,27063.72727165737,37766.854401239245,51735.31463008816,58038.29214933306,70867.45446220078,86666.16394851104,94193.92227731194,96085.5156894935,125765.68444033933,37042.29292701744,55062.29292701744,37042.29292701744,43062.29292701744,11286.894356282755,51944.42264185333,71035.56178291625,17552.446130648557,39784.80265236567,77829.62999803809,9192.292927017443
29109.109109109115,39964.24852071595,50571.129839592795,63886.51805414611,102139.05546672958,24645.1233073064,59741.00400629664,83944.58659728528,29164.16150863777,45434.86887563632,55065.79138328016,64513.06655608234,75654.85132990176,90735.43462355125,120063.4915149831,24937.457447668232,34988.74728931994,58220.8929912035,59828.990016787735,68142.75963872782,82540.67557609508,87705.87387525426,104376.50692731231,0.0,27103.197720369804,37806.5979794295,51812.958759672234,58115.82385802428,70950.37376391703,86766.27998652606,94291.74272148243,96206.45615280037,125908.94876073941,37120.237970296104,55140.237970296104,37120.237970296104,43140.237970296104,11325.362613963676,52023.977134461136,71151.3741624635,17592.051815044586,39862.301359512116,77946.36073633161,9270.237970296104
29149.149149149154,40006.690699430095,50647.400957995524,63963.49510894582,102255.16029400621,24683.639027489247,59819.25194804143,84061.66931975257,29203.592664031625,45490.32547455271,55139.9049061815,64587.91557738729,75729.89983896345,90849.7651453244,120175.90374922002,24975.99305720884,35029.910403645015,58298.83841013166,59906.99594846992,68223.68801679788,82647.62345112939,87800.4340233304,104482.01081004225,0.0,27142.668673814398,37846.338893107575,51890.60818649235,58193.36108667376,71033.27707186276,86866.35826324589,94389.59814262167,96327.3886986789,126052.26863444678,37198.18676509442,55218.18676509442,37198.18676509442,43218.18676509442,11363.833417276026,52103.52811323578,71267.19876477146,17631.6562589203,39939.80564651809,78063.09838984486,9348.186765094419
29189.189189189194,40049.117338177195,50723.68691231462,64040.479625095235,102371.27332920706,24722.15697240037,59897.50240718848,84178.75852400676,29243.023780608753,45545.743743942905,55214.03334711648,64662.77065440465,75804.96076414856,90964.11193994185,120288.3308782265,25014.530837363505,35071.07147924478,58376.78758477847,59985.005392918974,68304.61106068114,82754.47861754053,87895.07880000159,104587.5506370593,0.0,27182.14013257328,37886.0771651424,51968.26288915197,58270.903814959864,71116.16446838947,86966.398451857,94487.48893510603,96448.31332308342,126195.64383172197,37276.139301198535,55296.139301198535,37276.139301198535,43296.139301198535,11402.306759973664,52183.07561132161,71383.03553230033,17671.259473839862,40017.315493270056,78179.8429364857,9426.139301198535
29229.229229229233,40091.528560981475,50799.98759236271,64117.4715740721,102487.39454631977,24760.677137552466,59975.75538020386,84295.8541875457,29282.454863053696,45601.12375027802,55288.17668126743,64737.63181826263,75880.03407201295,91078.47493519992,120400.77285896348,25053.07078399662,35112.230521042264,58454.74050488698,60063.018341168834,68385.52879298723,82861.24025459625,87989.80903442958,104693.1263143643,0.0,27221.61209721728,37925.81281820776,52045.922846399895,58348.452022672165,71199.03603546205,87066.4002274104,94585.41548866715,96569.23002457179,126339.07412373163,37354.095568434015,55374.095568434015,37354.095568434015,43374.095568434015,11440.782635831969,52262.61966158679,71498.8844078833,17710.86147128176,40094.83087976003,78296.59435426025,9504.095568434015
29269.269269269273,40133.924490611826,50876.30288910362,64194.47092750117,102603.52391944571,24799.199518468944,60054.01086354813,84412.95628797967,29321.885916008465,45656.46556040372,55362.33488359746,64812.499099640496,75955.11972912328,91192.85405933045,120513.22964855522,25091.612892980516,35153.387533947534,58532.69716024013,60141.03478428476,68466.44123624089,82967.90754368408,88084.62555390008,104798.73774804661,0.0,27261.084568306025,37965.54587478466,52123.588037128895,58426.00568971118,71281.89185465989,87166.36326685666,94683.37818852882,96690.13880413174,126482.55928254797,37432.05555666558,55452.05555666558,37432.05555666558,43452.05555666558,11479.26103864768,52342.16029662562,71614.74533472346,17750.462262639416,40172.35178608488,78413.35262127244,9582.055556665582
29309.309309309312,40176.30524859698,50952.63269463808,64271.47765715361,102719.6614227992,24837.724110683936,60132.268853676425,84530.06480303052,29361.31694407294,45711.76924153426,55436.50792885364,64887.3725287722,76030.21770205896,91307.24924099722,120625.70120428957,25130.15716019552,35194.54252285774,58610.65754066035,60219.054713363126,68547.34841288181,83074.47966862595,88179.52918350522,104904.38484428602,0.0,27300.557546388103,38005.276357162766,52201.25844037423,58503.56479608713,71364.73200717746,87266.28724908107,94781.37741553155,96811.03966501984,126626.09908114737,37510.019255796964,55530.019255796964,37510.019255796964,43530.019255796964,11517.741962238837,52421.69754876107,71730.618256391,17790.061859221856,40249.87819244562,78530.1177157234,9660.019255796964
29349.34934934935,40218.67095524036,51028.976902189446,64348.49173494596,102835.80703070683,24876.250909742244,60210.529347038675,84647.17971053098,29400.747951805148,45767.03486124655,55510.695791570426,64962.25213544965,76105.32795741344,91421.66040929298,120738.18748361626,25168.703581529888,35235.695492657076,58688.62163600944,60297.07811953125,68628.25034526519,83180.95581599815,88274.52074581971,105010.06750935444,0.0,27340.03103200109,38045.0042874428,52278.934035312275,58581.129321919405,71447.55657382554,87366.1718549387,94879.41354624562,96931.93261261143,126769.6932934096,37587.98665577064,55607.98665577064,37587.98665577064,43607.98665577064,11556.225400444684,52501.23145004705,71846.50311682021,17829.66027225442,40327.41007914663,78646.88961591087,9737.986655770641
29389.389389389395,40261.02172963484,51105.33540608981,64425.51313293912,102951.960717607,24914.779911199315,60288.79234007975,84764.30098842402,29440.178943721847,45822.26248747426,55584.89844607274,65037.137949026255,76180.45046179582,91536.08749373598,120850.688444147,25207.252152879857,35276.84644821689,58766.58943618834,60375.10499394735,68709.14705566166,83287.33517545767,88369.60106057179,105115.7856496179,0.0,27379.50502567168,38084.72968753812,52356.61480125896,58658.69924743534,71530.36563503172,87466.01676728934,94977.4869530735,97052.817654262,126913.34169411627,37665.95774656769,55685.95774656769,37665.95774656769,43685.95774656769,11594.711347125492,52580.762032270875,71962.3998603067,17869.257512879358,40404.94742659504,78763.66830022866,9815.957746567692
29429.429429429434,40303.3576896772,51181.70810176618,64502.54182333759,103068.12245804915,24953.311110621216,60367.057829239486,84881.42861476185,29479.60992429863,45877.45218850179,55659.11586647943,65112.029998420156,76255.58518183179,91650.5304242667,120963.20404365417,25245.80287014959,35317.99539439556,58844.560931136984,60453.1353278003,68790.03856625772,83393.61694007338,88464.77094430846,105221.5391715382,0.0,27418.979527915806,38124.45257917676,52434.300717668644,58736.274552970055,71613.15927084164,87565.8216710324,95075.59800434264,97173.69479917747,127057.04405894974,37743.93251820752,55763.93251820752,37743.93251820752,43763.93251820752,11633.19979616259,52660.28932695551,72078.30843150444,17908.853592156553,40482.49021529991,78880.45374716612,9893.932518207519
29469.469469469474,40345.67895208248,51258.094885726765,64579.57777848852,103184.2922266931,24991.84450358461,60445.32581095301,84998.56256770552,29519.040897970444,45932.60403295863,55733.34802670645,65186.92831211787,76330.73208416568,91764.98913124492,121075.73424007013,25284.35572925119,35359.142336038625,58922.5361108339,60531.16911230948,68870.9248991556,83499.80030666274,88560.03121005566,105327.32798167455,0.0,27458.45453923877,38164.172983903234,52511.99176413259,58813.85521896516,71695.9375609197,87665.58625314219,95173.74706438967,97294.56405829376,127200.80016449219,37821.91096074772,55841.91096074772,37821.91096074772,43841.91096074772,11671.690741458115,52739.81336536199,72194.22877542306,17948.44852106408,40560.03842587159,78997.2459353075,9971.910960747722
29509.509509509513,40387.98563239821,51334.49565554771,64656.620970880904,103300.46999830869,25030.380085676727,60523.59628165079,85115.70282552412,29558.471869131914,45987.71808981342,55807.59490047016,65261.83291817746,76405.89113546118,91879.46354544631,121188.27899148675,25322.910726104732,35400.287277978874,59000.51496529631,60609.20633872481,68951.80607637386,83605.8844761336,88655.38266697322,105433.15198668564,0.0,27497.930060135193,38203.89092308046,52589.68792037758,58891.4412259682,71778.70058455011,87765.31020270244,95271.93449363616,97415.42544416478,127344.60978822393,37899.89306428388,55919.89306428388,37899.89306428388,43919.89306428388,11710.184176935032,52819.33417849163,72310.16083742498,17988.042310498953,40637.59203902108,79114.0448433316,10049.893064283882
29549.549549549552,40430.27784501821,51410.91030985976,64733.67137314449,103416.65574777487,25068.917852495335,60601.86923775878,85232.84936659387,29597.902842137693,46042.794428368135,55881.856461290445,65336.74384423197,76481.06230240312,91993.95359805945,121300.83825615459,25361.4678566382,35441.430225036136,59078.49748457971,60687.24699832636,69032.68211984729,83711.86865383066,88750.8261200053,105539.01109333106,0.0,27537.406091089273,38243.6064178914,52667.389166264664,58969.032554631856,71861.44842063784,87864.99321094132,95370.16064865698,97536.27897085785,127488.47270852214,37977.878818949335,55997.878818949335,37977.878818949335,43997.878818949335,11748.680096536988,52898.851797088355,72426.10456322267,18027.634971277697,40715.15103555925,79230.85045001107,10127.878818949335
29589.589589589592,40472.55570319647,51487.33874833519,64810.72895804915,103532.84945007923,25107.457799648735,60680.14467569853,85350.00216939775,29637.33382130285,46097.83311825247,55956.132682494004,65411.66111749277,76556.24555169871,92108.45922068259,121413.4119924817,25400.02711678753,35482.5711820176,59156.48365877771,60765.291082424446,69113.55305142718,83817.75204988652,88846.36236952589,105644.90520847321,0.0,27576.882632574834,38283.31948934106,52745.09548178791,59046.62918571317,71944.18114770952,87964.63497126597,95468.42588224189,97657.12465385604,127632.38870465977,38055.86821491501,56075.86821491501,38055.86821491501,44075.86821491501,11787.178494228196,52978.366251640975,72542.05989887586,18067.226514136968,40792.715396396205,79347.66273421186,10205.868214915012
29629.62962962963,40514.81931906068,51563.78087167495,64887.79369850386,103649.05108031741,25145.9999227557,60758.42259188745,85467.16121252454,29676.76481090318,46152.83422941798,56030.42353721759,65486.58476475294,76631.44085007848,92222.98034532074,121526.00015903369,25438.588502496576,35523.710153717555,59234.47347802188,60843.3385823593,69194.41889288176,83923.53387957733,88941.99221098056,105750.8342390788,0.0,27616.35968505539,38323.03015825813,52822.80684707288,59124.23110007272,72026.89884391462,88064.23517929725,95566.73054345057,97777.96250996683,127776.35755680388,38133.86124238923,56153.86124238923,38133.86124238923,44153.86124238923,11825.679363993411,53057.87757238537,72658.02679078892,18106.816949734246,40870.28510254063,79464.4816748928,10283.861242389226
29669.669669669674,40557.06880362566,51640.23658159591,64964.86556755585,103765.26061369243,25184.54421744545,60836.70298273875,85584.3264746682,29716.195815175488,46207.79783213246,56104.72899841096,65561.51481239044,76706.64816429812,92337.51690438244,121638.60271453243,25477.152009717116,35564.84714491766,59312.46693248147,60921.389489501096,69275.27966589588,84029.21336368195,89037.71643452384,105856.7980922207,0.0,27655.83724898423,38362.738445296745,52900.523242375675,59201.83827867402,72109.60158702597,88163.79353290412,95665.07497766215,97898.79255723752,127920.37904601422,38211.85789161747,56231.85789161747,38211.85789161747,44231.85789161747,11864.182699837715,53137.385789306725,72774.00518570797,18146.406288648373,40947.860135099036,79581.30725110497,10361.857891617467
29709.709709709714,40599.30426680662,51716.70578081839,65041.94453838984,103881.4780255142,25223.09067935768,60914.98584466176,85701.49793462732,29755.62683831809,46262.723996974324,56179.04903884037,65636.45128637161,76781.86746113906,92452.06883067692,121751.2196178554,25515.717634408866,35605.98216038682,59390.46401236339,60999.44379524971,69356.13539207188,84134.78972884515,89133.53582465288,105962.79667507943,0.0,27695.31532480468,38402.44437093822,52978.24464808132,59279.4507025827,72192.28945444158,88263.30973223806,95763.45952661906,98019.61481487512,128064.45295424182,38289.858152882254,56309.858152882254,38289.858152882254,44309.858152882254,11902.688495786566,53216.89093214175,72889.99503071846,18185.994541380256,41025.44047527523,79698.13944199127,10439.858152882254
29749.749749749753,40641.525817432106,51793.188373053614,65119.03058432699,103997.70329119879,25261.639304142445,60993.271174061934,85818.67557130422,29795.057884491005,46317.612794826935,56253.383631091456,65711.39421225428,76857.09870741036,92566.636057411,121863.8508280351,25554.28537253941,35647.11520488122,59468.46470791168,61077.501491034585,69436.98609292912,84240.26220794418,89229.45115983795,106068.82989494491,0.0,27734.793912949863,38442.14795549278,53055.97104470281,59357.068352965674,72274.96252318483,88362.78347976718,95861.88452846618,98140.4293031723,128208.57906432723,38367.86201650288,56387.86201650288,38367.86201650288,44387.86201650288,11941.196745885547,53296.3930303808,73005.99627324229,18225.581718353373,41103.0261043695,79814.97822678575,10517.862016502877
29789.789789789793,40683.73356325705,51869.684262991796,65196.12367882437,104113.93638626793,25300.190087460225,61071.55896734109,85935.85936370453,29834.488957816382,46372.464296873084,56327.73274757248,65786.34361519119,76932.34186994944,92681.21851818608,121976.49630425838,25592.85522008429,35688.24628314443,59546.46900940779,61155.562568314665,69517.8317899048,84345.63004045845,89325.46321214983,106174.89765921804,0.0,27774.27301384305,38481.84921910126,53133.702412879684,59434.69121109063,72357.62086990595,88462.2144803104,95960.35031778515,98261.23604343714,128352.75715999951,38445.869472835286,56465.869472835286,38445.869472835286,44465.869472835286,11979.707444200427,53375.89211327012,73122.00886103531,18265.16782991448,41180.61700377809,79931.82358481329,10595.869472835286
29829.829829829832,40725.92761097531,51946.19335628979,65273.22379547379,104230.17728634845,25338.743024981828,61149.84922089747,86053.04929093621,29873.92006237877,46427.27857458943,56402.09636051738,65861.2995199331,77007.59691562332,92795.8161469954,122089.15600586549,25631.427173026932,35729.375399907316,59624.47690716991,61233.627018578256,69598.67250435372,84450.89247284207,89421.57274688425,106280.99987541226,0.0,27813.752627897782,38521.54818173677,53211.4387333769,59512.319258325064,72440.26457088313,88561.60244107121,96058.85722562487,98382.03505792865,128496.98702587403,38523.88051227184,56543.88051227184,38523.88051227184,44543.88051227184,12018.220584816929,53455.38820981387,73238.03274218472,18304.752886334143,41258.2131549925,80048.67549548886,10673.88051227184
29869.86986986987,40768.10806623235,52022.715559559474,65350.33090800113,104346.42596717167,25377.298112388402,61228.14193112584,86170.24533220922,29913.351202225473,46482.05569974096,56476.47444198891,65936.26195083221,77082.86381133003,92910.42887822085,122201.82989234972,25670.001227358654,35770.50255988819,59702.488391553175,61311.694833342764,69679.5082575487,84556.04875889837,89517.78052218424,106387.13645115527,0.0,27853.232755517754,38561.244863206244,53289.179987083655,59589.952476135804,72522.89370202331,88660.94707167143,96157.40557952781,98502.82636979461,128641.26844745086,38601.89512524116,56621.89512524116,38601.89512524116,44621.89512524116,12056.736161840752,53534.88134877633,73354.0678651064,18344.33689780737,41335.814539598825,80165.53393831727,10751.895125241157
29909.90990990991,40810.27503363756,52099.25078035585,65427.44499026554,104462.6824045727,25415.855345371398,61306.4370944177,86287.44746683465,29952.782381366917,46536.79574437556,56550.86696388175,66011.23093184526,77158.14252399936,93025.05664663037,122314.51792335624,25708.577379078688,35811.62776779275,59780.503452949124,61389.76600415477,69760.33907068078,84661.0981601569,89614.08728866014,106493.30729419022,0.0,27892.713397097134,38600.93928315214,53366.926155012145,59667.59084608809,72605.50833886352,88760.24808418454,96255.99570355279,98623.61000301491,128785.60121111391,38679.91330220791,56699.91330220791,38679.91330220791,44699.91330220791,12095.254169397409,53614.371558683924,73470.1141785424,18383.919874454175,41413.42113927714,80282.39889289244,10829.913302207911
29949.94994994995,40852.42861677645,52175.798927165466,65504.566016258475,104578.94657449014,25454.414719632536,61384.73470716132,86404.65567422405,29992.21360377685,46591.49878081859,56625.27389792538,66086.20648653671,77233.43302059424,93139.69938737483,122427.22005868185,25747.155624194118,35852.751028314124,59858.52208178581,61467.84052258969,69841.16496485937,84766.0399462519,89710.49378900835,106599.51231237777,0.0,27932.194553020374,38640.63146105416,53444.677218296354,59745.23434984495,72688.10855657162,88859.5051931692,96354.62791829466,98744.38598234701,128929.9851041281,38757.93503367264,56777.93503367264,38757.93503367264,44777.93503367264,12133.774601632129,53693.85886782736,73586.17163155843,18423.501826320145,41491.03293580087,80399.2703388969,10907.935033672642
29989.989989989994,40894.56891822278,52252.35990939531,65581.69396010312,104695.21845296526,25492.976230883804,61463.034765742,86521.86993388904,30031.64487339282,46646.16488166747,56699.69521568743,66161.18863808215,77308.73526811192,93254.3570359856,122539.93625827399,25785.735958719953,35893.87234613289,59936.54426852741,61545.91838025186,69921.98596111248,84870.8733953023,89807.00075762873,106705.75141369729,0.0,27971.67622366258,38680.321416230654,53522.43315819104,59822.88296916659,72770.69442994785,88958.7181157021,96453.30254090091,98865.15433327612,129074.4199146383,38835.96031017161,56855.96031017161,38835.96031017161,44855.96031017161,12172.29745270982,53773.34330426369,73702.24017354133,18463.082763377122,41568.64991103618,80516.14825610156,10985.960310171613
30030.030030030033,40936.6960395504,52328.93363736119,65658.8287960533,104811.4980161415,25531.539874847425,61541.33726654203,86639.09022544033,30071.076194116395,46700.794119786326,56774.13088857631,66236.17740927121,77384.0492335847,93369.0295283711,122652.6664822302,25824.31837867907,35934.991725917156,60014.57000367425,61623.99956877426,70002.80208038693,84975.59779429191,89903.60892024083,106812.02450624834,0.0,28011.158409389504,38720.00916784033,53600.19395607046,59900.53668590958,72853.26603342567,89057.88657141085,96552.01988508538,98985.91508196676,129218.90543166749,38913.9891222766,56933.9891222766,38913.9891222766,44933.9891222766,12210.822716814957,53852.82489581827,73818.31975419658,18502.662695523642,41646.2720469413,80633.03262436486,11063.989122276602
30070.070070070073,40978.81008134493,52405.52002227679,65735.9704984928,104927.78524026401,25570.105647255747,61619.64220594088,86756.3165285873,30110.507569813402,46755.38656830057,56848.580887844524,66311.1728225109,77459.37488408107,93483.71680081458,122765.41069079739,25862.902880102145,35976.10917232242,60092.599277762296,61702.08407981828,70083.61334354867,85080.21243945077,90000.31899350023,106918.33149825232,0.0,28050.641110557408,38759.69473488357,53677.959593427266,59978.195482026174,72935.82344107276,89157.01028250651,96650.78026113925,99106.66825521865,129363.44144511475,38992.02146059464,57012.02146059464,38992.02146059464,45012.02146059464,12249.350388151408,53932.303670086774,73934.41032354574,18542.241632585523,41723.899325565915,80749.92342363247,11142.021460594638
30110.110110110112,41020.91114321553,52482.11897624286,65813.11904193468,105044.08010167902,25608.673543851393,61697.94958031537,86873.54882313733,30149.939004314518,46809.94230059186,56923.04518459159,66386.17489982874,77534.71218670718,93598.41878997127,122878.16884437102,25901.48945902783,36017.22468999187,60170.63208136331,61780.171905073956,70164.41977138273,85184.7166366362,90097.13168461449,107024.67229805386,0.0,28090.124327513662,38799.378136204396,53755.73005187149,60055.859339563736,73018.36672659253,89256.08897381584,96749.58397594039,99227.41388042449,129508.0277457537,39070.05731576803,57090.05731576803,39070.05731576803,45090.05731576803,12287.880460942524,54011.779654437385,74050.51183192417,18581.819584316585,41801.531729050665,80866.82063393682,11220.057315768026
30150.15015015015,41062.99932380614,52558.73041223623,65890.27440102023,105160.38257683328,25647.24356038707,61776.2593860397,86990.7870889951,30189.370501415222,46864.461390292556,56997.52374976682,66461.18366287585,77610.06110860707,93713.13543286541,122990.94090349477,25940.078111502564,36058.338283556164,60248.66840508443,61858.26303625949,70245.22138459381,85289.10970171331,90194.04769095976,107131.04681412215,0.0,28129.608060596187,38839.059390491566,53833.50531312931,60133.52824066399,73100.89596332482,89355.12237281332,96848.43133295956,99348.15198553045,129652.66412523043,39148.096678473965,57168.096678473965,39148.096678473965,45168.096678473965,12326.412929430888,54091.252876012535,74166.6242299785,18621.39656039899,41879.16923962638,80983.72423539654,11298.096678473965
30190.19019019019,41105.07472080687,52635.35424409918,65967.43655051844,105276.69264227338,25685.81569262563,61854.57161948565,87108.03130616214,30228.802064876338,46918.94391128073,57072.01655417248,66536.19913293015,77685.42161696448,93827.86666688771,123103.72682885939,25978.668833580654,36099.449957633595,60326.70823956812,61936.357465121226,70326.0182038061,85393.39096093504,90291.06769969825,107237.45495505277,0.0,28169.09231013406,38878.738516280224,53911.28535904206,60211.20216756234,73183.41122424744,89454.1102096528,96947.32263226548,99468.8825989987,129797.35037606164,39226.139539424476,57246.139539424476,39226.139539424476,45246.139539424476,12364.947787878267,54170.72336173099,74282.74746866418,18660.97257044396,41956.81183961354,81100.63420821592,11376.139539424476
30230.23023023023,41147.1374309651,52711.99038652907,66044.605465325,105393.01027464567,25724.38993634002,61932.88627702259,87225.28145473599,30268.2336984243,46973.38993767489,57146.52356846662,66611.22133089934,77760.79367900311,93942.61242979273,123216.52658130243,26017.261621324258,36140.55971682999,60404.75157549198,62014.45518343367,70406.81024956386,85497.5597513201,90388.19238739708,107343.89662956871,0.0,28208.5770764474,38918.41553195349,53989.07017156507,60288.88110258728,73265.91258197714,89553.05221719891,97046.25817052746,99589.60574977257,129942.08629163276,39304.18588936621,57324.18588936621,39304.18588936621,45324.18588936621,12403.485030565571,54250.1911382898,74398.88149924325,18700.547623992232,42034.45951142174,81217.55053268463,11454.185889366207
30270.27027027027,41189.18755009648,52788.638755067834,66121.7811204617,105509.33545069501,25762.96628731327,62011.20335501775,87342.53751490978,30307.665405751326,47027.79954382884,57221.044763165984,66686.25027732414,77836.17726198814,94057.37265969603,123329.34012180736,26055.85647080339,36181.66756573894,60482.7984035685,62092.55618299917,70487.59754233138,85601.61542103018,90485.42241964885,107450.37174652173,0.0,28248.06235984747,38958.090455743775,54066.85973276676,60366.565028159646,73348.40010877067,89651.9481310581,97145.2382410169,99710.32146724337,130086.871666196,39382.235719080265,57402.235719080265,39382.235719080265,45402.235719080265,12442.024651792763,54329.65623216623,74515.02627328181,18740.121730514693,42112.11223754904,81334.47318917705,11532.235719080265
30310.310310310313,41231.225173095736,52865.29926609184,66198.9634910755,105625.66814726495,25801.544741338417,62089.522849836125,87459.79946697147,30347.09719051588,47082.17280432661,57295.58010864888,66761.28599238124,77911.57233322666,94172.14729507174,123442.16741150292,26094.453378095848,36222.77350894158,60560.84871454489,62170.660455647834,70568.38010249319,85705.5573297439,90582.75845069462,107556.8802148942,0.0,28287.548160636627,38997.76330573422,54144.65402482734,60444.25392679199,73430.87387652614,89750.79768960943,97244.26313360686,99831.02978121904,130231.70629486836,39460.289019382006,57480.289019382006,39460.289019382006,45480.289019382006,12480.566645878665,54409.11866961958,74631.18174264778,18779.694899412792,42189.770000581324,81451.40215815189,11610.289019382006
30350.350350350353,41273.25039394742,52941.97183680172,66276.15255243787,105742.00834129658,25840.12529421856,62167.84475784077,87577.06729130335,30386.529056342857,47136.50979397736,57370.12957515802,66836.32849588644,77986.97886006926,94286.93627474975,123555.00841166261,26133.052339287293,36263.87755100675,60638.90249920299,62248.7679932375,70649.15795035457,85809.38484902833,90680.20112304967,107663.4219438,0.0,28327.034479108574,39037.434099860315,54222.45303003808,60521.94778108804,73513.33395678423,89849.6006340347,97343.33313477028,99951.73072189507,130376.5899736297,39538.345781120894,57558.345781120894,39538.345781120894,45558.345781120894,12519.111007161031,54488.57847669315,74747.34785950853,18819.26714001921,42267.43278319182,81568.33742015164,11688.345781120894
30390.390390390392,41315.263305736444,53018.656385212504,66353.34827994398,105858.35600982842,25878.70794176677,62246.169075392776,87694.34096838147,30425.961006823934,47190.81058781042,57444.69313280345,66911.3778072976,78062.39680990999,94401.73953791332,123667.86308370365,26171.653350471202,36304.97969649112,60716.959748359026,62326.87878765361,70729.93110614148,85913.09736270775,90777.7510671326,107769.99684248603,0.0,28366.521315548496,39077.102855911085,54300.25673080006,60599.64657374196,73595.78042072916,89948.35670834864,97442.44852757742,100072.42431982633,130521.52249932033,39616.40599518034,57636.40599518034,39616.40599518034,45636.40599518034,12557.657729996321,54568.035679216126,74863.5245763286,18858.838461598305,42345.10056814048,81685.27895580223,11766.405995180343
30430.43043043043,41357.2640006585,53095.352830143784,66430.55064911196,105974.71112999578,25917.292679806094,62324.495798851494,87811.62047877493,30465.39304551779,47245.075261070226,57519.27075156535,66986.43394571786,78137.82615018818,94516.55702409631,123780.73138918685,26210.256407748835,36346.079949938954,60795.0204528634,62404.99283080888,70810.69959000076,86016.69426722758,90875.40890089792,107876.60482033371,0.0,28406.00867023285,39116.769591530545,54378.06510962321,60677.35028753765,73678.21333919009,90047.06565942854,97541.60959169133,100193.11060590131,130666.50366963957,39694.469652477506,57714.469652477506,39694.469652477506,45714.469652477506,12596.2068087597,54647.49030280541,74979.71184586741,18898.408873346652,42422.7733382734,81802.22674581247,11844.469652477506
30470.47047047047,41399.25257003035,53172.061091210024,66507.75963558219,106091.07367903009,25955.879504169534,62402.824924574554,87928.9058031454,30504.82517595045,47299.30388921141,57593.86240129667,67061.49692989839,78213.26684838861,94631.38867318092,123893.61328981559,26248.861507229318,36387.1783158824,60873.08460360061,62483.11011464348,70891.46342200076,86120.1749720154,90973.1752294733,107983.24578685996,0.0,28445.49654342976,39156.434324219255,54455.878149125405,60755.05890534831,73760.63278264228,90145.72723704336,97640.81660336317,100313.78961131684,130811.53328314326,39772.53674396317,57792.53674396317,39772.53674396317,45792.53674396317,12634.758237844955,54726.94237286752,75095.90962117704,18937.97838439363,42500.45107652225,81919.18077097362,11922.536743963166
30510.51051051051,41441.22910429997,53248.78108881095,66584.97521511644,106207.44363425861,25994.468410699992,62481.156448918024,88046.19692224648,30544.257401615578,47353.496547893905,57668.46805172622,67136.56677824163,78288.71887204298,94746.2344253948,124006.50874743538,26287.468645029512,36428.27479884135,60951.15219148908,62561.23063112466,70972.22262213103,86223.53889983619,91071.05064480135,108089.91965171884,0.0,28484.984935398952,39196.09707133542,54533.69583203141,60832.772410135694,73843.03882120832,90244.3411938824,97740.06983542591,100434.4613675552,130956.61113924166,39850.607260621495,57870.607260621495,39850.607260621495,45870.607260621495,12673.312011664348,54806.39191460026,75212.11785559988,18977.547003801847,42578.13376590372,82036.14101215891,12000.607260621495
30550.55055055055,41483.19369305658,53325.51274412221,66662.19736359722,106323.82097310369,26033.059395250268,62559.49036823643,88163.49381692309,30583.689725974684,47407.653312978015,57743.08767246111,67211.64350880406,78364.18218873002,94861.09422130883,124119.41772403277,26326.07781727409,36469.36940332349,61029.223207480834,62639.3543722468,71052.97721030272,86326.78548714245,91169.03572528658,108196.62632470249,0.0,28524.47384639176,39235.757850096394,54611.518141171866,60910.49078494944,73925.43152465922,90342.9072855839,97839.36955728772,100555.12590636156,131101.73703819737,39928.68119346993,57948.68119346993,39928.68119346993,45948.68119346993,12711.868124648568,54885.83895299467,75328.33650276656,19017.11474056769,42655.82138951894,82153.10745032315,12078.681193469929
30590.59059059059,41525.14642504053,53402.25597908607,66739.42605702707,106440.2056730825,26071.652453683073,62637.826678883015,88280.79646811105,30623.12215245751,47461.774260519654,57817.72123298979,67286.72713929939,78439.65676607686,94975.9680018346,124232.34018173546,26364.68902009555,36510.46213382447,61107.297642561534,62717.48133003125,71133.72720634914,86429.91418441944,91267.13103544831,108303.36571574265,0.0,28563.963276651404,39275.41667758011,54689.345059482446,60988.21401292672,74007.81096241582,90441.42527076295,97938.71603492412,100675.78325972348,131246.91078112333,40006.75853355904,58026.75853355904,40006.75853355904,46026.75853355904,12750.426571246706,54965.28351283683,75444.5655165936,19056.68160362189,42733.51393055302,82270.08006650221,12156.758533559041
30630.630630630636,41567.08738815301,53479.010716402176,66816.66127152767,106556.59771180624,26110.24758187089,62716.165377209625,88398.10485683632,30662.55468446209,47515.85946676546,57892.36870268446,67361.81768710125,78515.14257175979,95090.8557082219,124345.27608281099,26403.302249634085,36551.55299482768,61185.37548775016,62795.61149652611,71214.47263002547,86532.92445652295,91365.3371255798,108410.13773491187,0.0,28603.453226412857,39315.07357072611,54767.17657000279,61065.94207729118,74090.17720355,90539.89491103883,98038.1095308699,100796.43345985073,131392.13216998035,40084.839271972276,58104.839271972276,40084.839271972276,46104.839271972276,12788.987345926038,55044.72561870948,75560.80485128131,19096.24760182992,42811.21137227431,82387.05884181258,12234.839271972276
30670.670670670675,41609.01666946574,53555.77687951854,66893.90298333936,106672.99706697986,26148.84477569609,62794.506459567,88515.41896421452,30701.987325355396,47569.90900814815,57967.030050804,67436.91516924638,78590.63957350461,95205.75728205619,124458.22538966636,26441.917502037733,36592.64199080449,61263.456734098945,62873.74486380623,71295.21350100936,86635.8157830114,91463.65453141426,108516.9422924246,0.0,28642.943695903057,39354.728546337115,54845.01265587561,61143.67496135282,74172.53031678576,90638.31597106211,98137.55030421025,100917.07653915687,131537.4010075751,40162.92339982587,58182.92339982587,40162.92339982587,46182.92339982587,12827.550443172091,55124.16529499392,75677.0544613116,19135.812743992603,42888.91369803403,82504.04375745097,12312.923399825871
30710.710710710715,41650.934355230456,53632.55439262269,66971.15116882016,106789.4037164014,26187.4440310508,62872.84992230479,88632.73877145041,30741.420078473166,47623.92296128166,58041.70524649658,67512.01960243742,78666.1477390879,95320.67266525642,124571.18806484758,26480.534773462256,36633.72912621416,61341.54137269309,62951.88142397308,71375.94983890092,86738.58765846983,91562.08377379755,108623.77929863855,0.0,28682.43468534093,39394.381621080174,54922.85330034581,61221.41264850712,74254.87037050063,90736.68821854124,98237.03861057159,101037.7125302414,131682.71709755785,40241.010908268676,58261.010908268676,40241.010908268676,46261.010908268676,12866.115857488443,55203.602565871704,75793.31430144589,19175.377038846527,42966.6208912657,82621.03479469381,12391.010908268676
30750.750750750754,41692.840530888236,53709.34318063269,67048.40580444521,106905.81763796162,26226.0453438369,62951.19576177162,88750.06425983727,30780.852947120533,47677.90140295657,58116.39425880226,67587.1310030456,78741.6670363374,95435.60180007256,124684.16407103863,26519.154060071138,36674.81440550393,61419.62939465073,63030.02116915454,71456.68166322306,86841.23959282704,91660.62535836943,108730.64866405562,0.0,28721.92619493747,39434.032811487945,55000.69848675945,61299.15512223443,74337.19743272688,90835.01142426842,98336.57470211151,101158.34146587309,131828.08024442018,40319.10178848194,58339.10178848194,40319.10178848194,46339.10178848194,12904.683583396683,55283.0374553263,75909.58432672283,19214.94049506454,43044.332935484446,82738.03193489683,12469.101788481938
30790.790790790794,41734.73528107885,53786.1431691886,67125.6668668061,107022.23880964349,26264.64870996608,63029.54397431529,88867.3954107564,30820.28593457206,47731.84441013546,58191.097056655715,67662.24938711419,78817.19743313311,95550.5446290831,124797.15337106123,26557.775358035695,36715.897833109055,61497.72079112272,63108.16409150496,71537.40899342176,86943.77111166372,91759.27977525265,108837.55029932357,0.0,28761.418224895817,39473.68213396013,55078.548198563025,61376.902366099595,74419.51157115283,90933.28536214549,98436.15882750906,101278.96337897389,131973.49025349275,40397.19603167926,58417.19603167926,40397.19603167926,46417.19603167926,12943.25361543641,55362.469987145,76025.8644924564,19254.503121256348,43122.049814286715,82855.03515949473,12547.196031679261
30830.830830830833,41776.61868964984,53862.954284643885,67202.93433260999,107138.66720952156,26303.254125359705,63107.894556282736,88984.73220567651,30859.719044072146,47785.75205994823,58265.81360888878,67737.37477036081,78892.73889740765,95665.5010951927,124910.15592787389,26596.398663534914,36756.97941345273,61575.815553292385,63186.310183204805,71618.13184886612,87046.1817565124,91858.04749875041,108944.4841152368,0.0,28800.91077541133,39513.32960476448,55156.4024193024,61454.65436375124,74501.81285312398,91031.50980920864,98535.79123195398,101399.57830260407,132118.94693094317,40475.29362910632,58495.29362910632,40475.29362910632,46495.29362910632,12981.82594816501,55441.90018492032,76142.15475423365,19294.064925968854,43199.77151134961,82972.04445000051,12625.293629106323
30870.870870870873,41818.49083966554,53939.77645405692,67280.20817867905,107255.10281576162,26341.86158594885,63186.247504020255,89102.07462615323,30899.15227883518,47839.624429687596,58340.54388423306,67812.50716818054,78968.29139714716,95780.47114163025,125023.17170457164,26635.023972755534,36798.05915094624,61653.91367237558,63264.45943646082,71698.85024884886,87148.47108514798,91956.92898705376,109051.45002273741,0.0,28840.403846671663,39552.97524003804,55234.26113262198,61532.41109892112,74584.10134564439,91129.68454565306,98635.47215713646,101520.18626994787,132264.45008377312,40553.39457204078,58573.39457204078,40553.39457204078,46573.39457204078,13020.400576157674,55521.32807205194,76258.45506791273,19333.625917686735,43277.49801043028,83089.05978800531,12703.39457204078
30910.910910910916,41860.351813415924,54016.60960518258,67357.48838194976,107371.54560662003,26380.47108767423,63264.602813873455,89219.42265382854,30938.58564204585,47893.461596804504,58415.28785132252,67887.64659564871,79043.85490039187,95895.45471194595,125136.20066438508,26673.651281891995,36839.137049988916,61732.01513962018,63342.61184350559,71779.56421258625,87250.63867186902,92055.92468195788,109158.4479329167,0.0,28879.89743885681,39592.6190557886,55312.12432226386,61610.17255542366,74666.37711537794,91227.80935485681,98735.2018412359,101640.78731430016,132409.99951981698,40631.49885179207,58651.49885179207,40631.49885179207,46651.49885179207,13058.977494007271,55600.753671748156,76374.76538962078,19373.186104832843,43355.229295365585,83206.08115517779,12781.498851792072
30950.950950950955,41902.201692425544,54093.453666464186,67434.77491947211,107487.99556044357,26419.08262648628,63342.96048218751,89336.77627043024,30978.01913685943,47947.263638903714,58490.04547869595,67962.7930675238,79119.42937523703,96010.45175000944,125249.24277068005,26712.2805871465,36880.21311496821,61810.11994630641,63420.76739659779,71860.27375921851,87352.68410776852,92155.0350085889,109265.47775701596,0.0,28919.39155213931,39632.26106789573,55389.99197206703,61687.938717155455,74748.64022864963,91325.8840234045,98834.98051891035,101761.38146905307,132555.5950477384,40709.60645970135,58729.60645970135,40709.60645970135,46729.60645970135,13097.556696324358,55680.177007027756,76491.08567575192,19412.745495768773,43432.96535007148,83323.10853326379,12859.606459701346
30990.990990990995,41944.040557462,54170.30856702516,67512.06776840893,107604.45265566856,26457.69619834496,63421.320505307056,89454.13545777145,31017.452766401908,48001.030633739254,58564.81673479962,68037.94659825007,79195.01478983313,96125.46220000753,125362.2979869566,26750.91188472887,36921.28735025955,61888.228083746086,63498.92608802175,71940.97890781,87454.60700099435,92254.26037514105,109372.53940642776,0.0,28958.886186684013,39671.90129211193,55467.86406596626,61765.70956809446,74830.89075144671,91423.90834110978,98934.80842128523,101881.9687676845,132701.23647702878,40787.717387141165,58807.717387141165,40787.717387141165,46807.717387141165,13136.138177736928,55759.59810072139,76607.4158829652,19452.30409879521,43510.70615854244,83440.14190408585,12937.717387141165
31031.031031031034,41985.8684885447,54247.174236661274,67589.36690603549,107720.9168708207,26496.311799219933,63499.682879576554,89571.50019775012,31056.886533770412,48054.76265921017,58639.60158798975,68113.10720196055,79270.61111238704,96240.48600644174,125475.36627684906,26789.54517085674,36962.359760226755,61966.33954328304,63577.08791008756,72021.67967734947,87556.40697699903,92353.60117262481,109479.63279269687,0.0,28998.381342648536,39711.53974406392,55545.74058799166,61843.48509229974,74913.12874942033,91521.88210103789,99034.68577594245,102002.54924374633,132846.92361800448,40865.83162551554,58885.83162551554,40865.83162551554,46885.83162551554,13174.721932890548,55839.01697547344,76723.75596818264,19491.861922152548,43588.45170485116,83557.18124954289,13015.831625515537
31071.071071071074,42027.685564953106,54324.05060583253,67666.6723097383,107837.38818451433,26534.92942509036,63578.04760134004,89688.8704723483,31096.32044203329,48108.45979335589,58714.400006534845,68188.27489247966,79346.2183111624,96355.52311412623,125588.44760412467,26828.180441755336,37003.430349221635,62044.45431629249,63655.25285513087,72102.37608675021,87658.08367877803,92453.05777462645,109586.75782752145,0.0,29037.87702018304,39751.17643925377,55623.62152226742,61921.26527391065,74995.35428788638,91619.8050995272,99134.61280690928,102123.12293085325,132992.6562818045,40943.94916625956,58963.94916625956,40943.94916625956,46963.94916625956,13213.307956448076,55918.43365374336,76840.10588858725,19531.418974021173,43666.20197314778,83674.22655160972,13093.949166259561
31111.111111111113,42069.49186523525,54400.93760565537,67743.98395701492,107953.86657545224,26573.54907194499,63656.41466694148,89806.24626363187,31135.754494230525,48162.12211435215,58789.211958618325,68263.44968332605,79421.83635448007,96470.57346818544,125701.54193268358,26866.817693657616,37044.49912158428,62122.572394181305,63733.42091551275,72183.06815485051,87759.636767096,92552.63053707904,109693.91442275408,0.0,29077.373219430425,39790.81139306,55701.50685301135,61999.05009714652,75077.5674318271,91717.67713621046,99234.58973464764,102243.68986267273,133138.4342803882,41022.07000083945,59042.07000083945,41022.07000083945,47042.07000083945,13251.896243089763,55997.84815780757,76956.46560162102,19570.975262522075,43743.95694765962,83791.27779233665,13172.070000839449
31151.151151151153,42111.28746721581,54477.8351678951,67821.30182547303,108070.35202242492,26612.17073578206,63734.78407272471,89923.62755374989,31175.188693373762,48215.74970050648,58864.03741234092,68338.63158771532,79497.46521071899,96585.63701405207,125814.64922655799,26905.456922804162,37085.5660816429,62200.69376838743,63811.59208361962,72263.75590041341,87861.06592070159,92652.31979804592,109801.10249040271,0.0,29116.86994052634,39830.44462073874,55779.396564533796,62076.8395463059,75159.76824589224,91815.49801403505,99334.61677604276,102364.25007291482,133284.25742653257,41100.19412075222,59120.19412075222,41100.19412075222,47120.19412075222,13290.486787513011,56077.26050976067,77072.83506498297,19610.53079571714,43821.71661269051,83908.33495384899,13250.194120752218
31191.191191191192,42153.0724480044,54554.743224958314,67898.62589282994,108186.84450431039,26650.794412609404,63813.155815033606,90041.01432493424,31214.623042446794,48269.34263025421,58938.87633572315,68413.8206185628,79573.10484831689,96700.71369746483,125927.76944991155,26944.098125443317,37126.631233714135,62278.8184303801,63889.76635186325,72344.43934212752,87962.37083652934,92752.12587751645,109908.32194263182,0.0,29156.367183599425,39870.07613742498,55857.29064123705,62154.63360576624,75241.95679440051,91913.26753928317,99434.69414439292,102484.8035953232,133430.12553383003,41178.32151752575,59198.32151752575,41178.32151752575,47198.32151752575,13329.079584432515,56156.67073151741,77189.21423662733,19650.08558160985,43899.48095262049,84025.39801834688,13328.32151752575
31231.231231231235,42194.846884003346,54631.66170988511,67975.95613691155,108303.34400007334,26689.420098444163,63891.52989021211,90158.40655949873,31254.057544405543,48322.90098215382,59013.72869670745,68489.01678848607,79648.75523577041,96815.80346446628,126040.90256703884,26982.741297830915,37167.69458210275,62356.94637165943,63967.94371268034,72425.11849860684,88063.55122988885,92852.04907721448,110015.57269176317,0.0,29195.864948771003,39909.70595813334,55935.18906761434,62232.432259983056,75324.13314134063,92010.98552159072,99534.82204939866,102605.35046366577,133576.0384166859,41256.452182718334,59276.452182718334,41256.452182718334,47276.452182718334,13367.67462857985,56236.07884481378,77305.60307476137,19689.63962814536,43977.24995190505,84142.4669681046,13406.452182718334
31271.271271271275,42236.61085091591,54708.59055634208,68053.29253565229,108419.85048876517,26728.047789313114,63969.9062946043,90275.80423983916,31293.492202178542,48376.42483488327,59088.594463160916,68564.22010980795,79724.41634163607,96930.90626140057,126154.04854236473,27021.386436230612,37208.75613110188,62435.077583756414,64046.12415853278,72505.79338839106,88164.60683464103,92952.08968042005,110122.85465027702,0.0,29235.363236155637,39949.33409775974,56013.091828249206,62310.23549348979,75406.29735037294,92108.65177396621,99635.00069715253,102725.89071172666,133721.99589031585,41334.58610791886,59354.58610791886,41334.58610791886,47354.58610791886,13406.271914703793,56315.484871208944,77422.00153784384,19729.19294321134,44055.02359507493,84259.54178547033,13484.586107918862
31311.311311311314,42278.364423753854,54785.52969861482,68130.63506709403,108536.36394952309,26766.67748125238,64048.285024554585,90393.20734843238,31332.927018667055,48429.91426723547,59163.47360287744,68639.43059455899,79800.08813453066,97046.0220349117,126267.20734044383,27060.033536913605,37249.81588499306,62513.21205823275,64124.30768190735,72586.46402994599,88265.53740336104,93052.2479518047,110230.16773081313,0.0,29274.862045860715,39988.96057108196,56090.99890781475,62388.04329089702,75488.4494848306,92206.26611280859,99735.23029012905,102846.42437329811,133867.99777074368,41412.72328474645,59432.72328474645,41412.72328474645,47432.72328474645,13444.871437569975,56394.88883208652,77538.40958458284,19768.74553463812,44132.80186673546,84376.62245286576,13562.723284746447
31351.351351351354,42320.10767684528,54862.47907160071,68207.98370938552,108652.88436156989,26805.30917030749,64126.666076407615,90510.61586783594,31372.36199674526,48483.36935811434,59238.36608358004,68714.6482544801,79875.77058313185,97161.15073194096,126380.3789259599,27098.68259615874,37290.87384804607,62591.34978668055,64202.494275315556,72667.13044166352,88366.34270748703,93152.52413727983,110337.51184617152,0.0,29314.361377986934,40028.58539276086,56168.91029107269,62465.85563689192,75570.58960772076,92303.82835792453,99835.51102717474,102966.9514821727,134014.04387479834,41490.86370485035,59510.86370485035,41490.86370485035,47510.86370485035,13483.473191960882,56474.29074865615,77654.82717393403,19808.297410199248,44210.584751566144,84493.70895278564,13640.863704850351
31391.391391391393,42361.84068384212,54939.43861080184,68285.33844078181,108769.4117042135,26843.94285253335,64205.049446508485,90628.02978068762,31411.797139260543,48536.79018653064,59313.27187292316,68789.87310102527,79951.46365617868,97276.29229972506,126493.56326372546,27137.333610252455,37331.93002451917,62669.49076072247,64280.68393129373,72747.79264186203,88467.02253745572,93252.91846385977,110444.88690931333,0.0,29353.861232628078,40068.20857734172,56246.82596287267,62543.67251623789,75652.71778172601,92401.33833254513,99935.84310349869,103087.47207213615,134160.13402011181,41569.00735990982,59589.00735990982,41569.00735990982,47589.00735990982,13522.077172675774,56553.690641954956,77771.25426509873,19847.84857761189,44288.372234320166,84610.80126779739,13719.007359909818
31431.431431431432,42403.56351772784,55016.40825231806,68362.69923964355,108885.94595684644,26882.57852399425,64283.43513120275,90745.44906970492,31451.232449033705,48590.17683159803,59388.19093849514,68865.10514536426,80027.16732247188,97391.44668579425,126606.76031868055,27175.98657548883,37372.98441865899,62747.63497201123,64358.87664240263,72828.45064878656,88567.5767028232,93353.43113953833,110552.2928333621,0.0,29393.361609871146,40107.83013925479,56324.74590815168,62621.49391377405,75734.83406920577,92498.79586334174,100036.22671066347,103207.98617696064,134306.26802511644,41647.15424163397,59667.15424163397,41647.15424163397,47667.15424163397,13560.683374530658,56633.08853284905,77887.6908175222,19887.39904453726,44366.16429982397,84727.89938054071,13797.154241633973
31471.471471471472,42445.27625082469,55093.38793284003,68440.0660844365,109002.48709894542,26921.21618076382,64361.82312683657,90862.87371768459,31490.667928859213,48643.529372529105,59463.12324782025,68940.34439838515,80102.88155087491,97506.6138379699,126719.97005589315,27214.641488169567,37414.03703470069,62825.782412229724,64437.072401227706,72909.10448060904,88668.0050323717,93454.06235318043,110659.72953160445,0.0,29432.86250979654,40147.450092816944,56402.670111933076,62699.3198144146,75816.93853219754,92596.20078044146,100136.66203657613,103328.49383039799,134452.44570904234,41725.304341761665,59745.304341761665,41725.304341761665,47745.304341761665,13599.291792358206,56712.48444203505,78004.13679089176,19926.948818581073,44443.96093297671,84845.00327372723,13875.304341761665
31511.51151151151,42486.97895480106,55170.377589642296,68517.4389537307,109119.0351100709,26959.855818924945,64440.213429756644,90980.30370750211,31530.103581505406,48696.84788863124,59538.06876836095,69015.5908706968,80178.60631031386,97621.79370436262,126833.19244055782,27253.298344603863,37455.087876867736,62903.933073090775,64515.271200378615,72989.7541554285,88768.30737420221,93554.81227442733,110767.19691749092,0.0,29472.363932477965,40187.06845223203,56480.59855932589,62777.1502031483,75899.03123241814,92693.55291744144,100237.14926547997,103448.9950661737,134598.66689191494,41803.45765206124,59823.45765206124,41803.45765206124,47823.45765206124,13637.902421007544,56791.87839004133,78120.59214513487,19966.497907293873,44521.76211874984,84962.11293013999,13953.457652061239
31551.551551551558,42528.67170067885,55247.37716057678,68594.81782620001,109235.58996986673,26998.497434569905,64518.60603631056,91097.73902211132,31569.53940971476,48750.13245930297,59613.02746752039,69090.84457263185,80254.3415697783,97736.98623337052,126946.42743799541,27291.95714110864,37496.13694937229,62982.08694633707,64593.473032489426,73070.39969127145,88868.48359581135,93655.68105361747,110874.69490463706,0.0,29511.86587798266,40226.6852315926,56558.531235524366,62854.985065038236,75981.1122312652,92790.85211142316,100337.68857794636,103569.48991798115,134744.93139455226,41881.6141643306,59901.6141643306,41881.6141643306,47901.6141643306,13676.515255344453,56871.270397229724,78237.0568404176,20006.046318171637,44599.56784218675,85079.22833263339,14031.614164330596
31591.591591591598,42570.35455884034,55324.3865840658,68672.2026806213,109352.1516580595,27037.141023800097,64597.00094284646,91215.17964454368,31608.975416203913,48803.383164029736,59687.999312644104,69166.10551424863,80330.08729832154,97852.19137367661,127059.67501365265,27330.617874008232,37537.184256414956,63060.244023740706,64671.67789021826,73151.04110609175,88968.5335841545,93756.66882172148,110982.2234068239,0.0,29551.368346371142,40266.300444880246,56636.468125806736,62932.82438522099,76063.18158981827,92888.0982029651,100438.28015086713,103689.97841947532,134891.2390385625,41959.77387039674,59979.77387039674,41959.77387039674,47979.77387039674,13715.130290250985,56950.66048379667,78353.53083714256,20045.59405865589,44677.37808840202,85196.34946413233,14109.77387039674
31631.631631631637,42612.02759903554,55401.40579909594,68749.59349587414,109468.72015445837,27075.78658272629,64675.3981457135,91332.62555790815,31648.411603664215,48856.60008238043,59762.98427102267,69241.37370533444,80405.84346506128,97967.40907424752,127172.93513310127,27369.280539634667,37578.22980218487,63138.40429710365,64749.885766247455,73231.67841777141,89068.45724569404,93857.77569029247,111089.78233799929,0.0,29590.87133769774,40305.91410596717,56714.40921553509,63010.66814890644,76145.23936884056,92985.29103615577,100538.9241574475,103810.46060426836,135037.5896463413,42037.93676211598,60057.93676211598,42037.93676211598,48057.93676211598,13753.747520625671,57030.04866977486,78470.01409594742,20085.141136134425,44755.19284258133,85313.4763076322,14187.936762115984
31671.671671671676,42653.69089038891,55478.43474521118,68826.99025093987,109585.2954389544,27114.434107468434,64753.79764126176,91450.07674539057,31687.847974761706,48909.78329400333,59837.982309893756,69316.64915540756,80481.61003917993,98082.63928433109,127286.2077620377,27407.945134327485,37619.2735908598,63216.56775825692,64828.09665328324,73312.3116441202,89168.25450643139,93959.00175143119,111197.37161227848,0.0,29630.37485201035,40345.526228616814,56792.35449015421,63088.516341377035,76227.28562877967,93082.43045860504,100639.62076719939,103930.93650592402,135183.98304106935,42116.10283137359,60136.10283137359,42116.10283137359,48136.10283137359,13792.366941383261,57109.43497503451,78586.506577703,20124.68755794155,44833.01208998081,85430.6088461984,14266.102831373588
31711.711711711716,42695.344501406405,55555.473362506775,68904.39292490119,109701.87749152043,27153.083594155683,64832.19942584227,91567.53319025316,31727.284532137364,48962.93287862244,59912.993396443955,69391.93187372002,80557.38698992514,98197.88195345443,127399.49286628247,27446.611654433786,37660.31562660619,63294.73439906095,64906.31054405574,73392.94080287637,89267.92531192568,94060.34707776611,111304.99114394488,0.0,29669.878889350468,40385.13682648496,56870.303935191194,63166.36894798751,76309.32042976959,93179.5163214555,100740.3701459353,104051.406157953,135330.4190467095,42194.2720700837,60214.2720700837,42194.2720700837,48214.2720700837,13830.98854745476,57188.819419284766,78703.00824351158,20164.233331358508,44910.835815926635,85547.74706296597,14344.272070083702
31751.751751751755,42736.988499982006,55632.52159162281,68981.80149694145,109818.46629221016,27191.735038926287,64910.603495807074,91684.99487583395,31766.721278407294,49016.04891603361,59988.01749781118,69467.22186925997,80633.17428660998,98313.1370314222,127512.79041177954,27485.280096308117,37701.355913578926,63372.90421140512,64984.52743131879,73473.56591170654,89367.46962729623,94161.81172244842,111412.64084745085,0.0,29709.383449753353,40424.745913120576,56948.25753625448,63244.22595416421,76391.34383163135,93276.54847939231,100841.17245576234,104171.86959380817,135476.89748800424,42272.44447018911,60292.44447018911,42272.44447018911,48292.44447018911,13869.61233378723,57268.202022074984,78819.51905470513,20203.77846361381,44988.66400581447,85664.89094113905,14422.444470189112
31791.791791791795,42778.6229534047,55709.57937373801,69059.2159463441,109935.06182115822,27230.388437927693,64989.00984750945,91802.46178554665,31806.158216162992,49069.13148610105,60063.054581086675,69542.51915075423,80708.97189861364,98428.40446831449,127626.10036459577,27523.95045631262,37742.39445592172,63451.07718720781,65062.747307849924,73554.18698820614,89466.88743721068,94263.39571916274,111520.32063741863,0.0,29748.88853324806,40464.353501967045,57026.21527903343,63322.08734540481,76473.35589387504,93373.5267906533,100942.0278550773,104292.32684688031,135623.4181904733,42350.62002366127,60370.62002366127,42350.62002366127,48370.62002366127,13908.238295343868,57347.58280279623,78936.0389728437,20243.322961883747,45066.49664510925,85782.04046399082,14500.620023661271
31831.831831831834,42820.24792836499,55786.64665056367,69136.6362524922,110051.66405857968,27269.04378731654,65067.418477303894,91919.93390287997,31845.59534797172,49122.18066875359,60138.104613317155,69617.82372667085,80784.77979538188,98543.68421448514,127739.42269092056,27562.622730816995,37783.43125776698,63529.25331841625,65140.97016645032,73634.80404989963,89566.17874585767,94365.09908215201,111628.03042864121,0.0,29788.39413985757,40503.95960636285,57104.17714929756,63399.953107277746,76555.35667570058,93470.4511170375,101042.93649856228,104412.77795049446,135769.98098041074,42428.798722500134,60448.798722500134,42428.798722500134,48448.798722500134,13946.86642710393,57426.96178068263,79052.56795971384,20282.866833292806,45144.333719344635,85899.19561486295,14578.798722500134
31871.871871871877,42861.8634909613,55863.7233643375,69214.06239486761,110168.27298476921,27307.70108325848,65145.82938154611,92037.41121139714,31885.032676376315,49175.196543981,60213.16756150672,69693.13560522144,80860.59794642712,98658.9762205597,127852.75735706506,27601.29691619838,37824.4663232358,63607.432597006286,65219.19599994454,73715.41711424073,89665.34357690494,94466.92180625777,111735.77013608279,0.0,29827.90026959878,40543.56423954257,57182.14313289582,63477.82322542179,76637.34623599943,93567.32132391327,101143.89853718,104533.22293790519,135916.5856848822,42506.98055873391,60526.98055873391,42506.98055873391,48526.98055873391,13985.49672406252,57506.33897481255,79169.10597732666,20322.410084913903,45222.17521412257,86016.35637716526,14656.980558733907
31911.911911911917,42903.46970670657,55940.809457817755,69291.49435305051,110284.88858010116,27346.360321928285,65224.24255659313,92154.8936947356,31924.47020389572,49228.179191830444,60288.24339261895,69768.45479436363,80936.42632132892,98774.28043743351,127966.10432946184,27639.97300884142,37865.49965643806,63685.61501498235,65297.42480118056,73796.02619861241,89764.38197344237,94568.86386697514,111843.5396748797,0.0,29867.406922482503,40583.16741463794,57260.11321575602,63555.69768554549,76719.32463335567,93664.1372802256,101244.91411817078,104653.66184229341,136063.23213172253,42585.165524419004,60605.165524419004,42585.165524419004,48605.165524419004,14024.129181230648,57585.714404110025,79285.65298791634,20361.952723768885,45300.02111511286,86133.52273437528,14735.165524419004
31951.951951951956,42945.06664053454,56017.904874277156,69368.93210671892,110401.5108250289,27385.021499509756,65302.657998803414,92272.38133660646,31963.90793302504,49281.12869240293,60363.332073578815,69843.78130180351,81012.26488973462,98889.59681627,128079.46357466429,27678.651005138247,37906.531261472366,63763.80056437718,65375.656563029566,73876.63132032749,89863.29399791063,94670.92522052256,111951.33896034103,0.0,29906.91409851365,40622.76914467857,57338.087383884085,63633.57647342679,76801.29192604756,93760.89885850277,101345.98338504953,104774.09469676283,136209.92014953305,42663.35361163988,60683.35361163988,42663.35361163988,48683.35361163988,14062.76379363511,57665.088087346056,79402.2089539385,20401.494756828863,45377.87140805274,86250.69467003804,14813.353611639883
31991.991991991996,42986.65435680606,56095.009557497324,69446.37563564791,110518.13970008452,27423.684612195757,65381.07570453695,92389.87412079415,32003.34586623578,49334.04512584982,60438.43357127488,69919.11513499814,81088.11362135931,99004.92530849887,128192.83505934582,27717.330901488487,37947.56114242617,63841.989237251844,65453.89127838601,73957.23249662863,89962.07973201483,94773.10580392618,112059.16790794954,0.0,29946.42179769113,40662.36944259297,57416.065623363604,63711.45957491265,76883.24817204874,93857.60593486216,101447.10647760329,104894.52153433618,136356.6495676788,42741.54481250895,60761.54481250895,42741.54481250895,48761.54481250895,14101.400556318458,57744.4600431399,79518.77383806852,20441.03619101466,45455.72607874649,86367.87216776569,14891.544812508953
32032.032032032035,43028.232919315255,56172.1234517628,69523.82491970921,110634.77518587826,27462.34965618814,65459.49567015516,92507.37203115584,32042.784005976075,49386.928572369325,60513.54785256103,69994.45630115771,81163.97248598652,99120.26586581404,128306.21875029989,27756.0126942992,37988.58930337575,63920.18102569548,65532.1289401673,74037.82974468861,90060.7392766241,94875.40553511847,112167.02643336209,0.0,29985.93002000814,40701.968321209424,57494.04792035491,63789.34697591839,76965.19342902947,93954.25838901529,101548.2835318896,105014.94238795263,136503.42021628586,42819.73911916638,60839.73911916638,42819.73911916638,48839.73911916638,14140.039464338883,57823.83028996033,79635.34760319993,20480.577033197085,45533.585113065004,86485.05521123704,14969.739119166377
32072.072072072075,43069.80239129573,56249.2465018555,69601.27993887053,110751.41726309832,27501.016627697772,65537.9178920211,92624.87505162117,32082.2223546709,49439.779112203105,60588.67488425851,70069.80480724825,81239.84145346834,99235.61844017217,128419.61461443888,27794.696379984944,38029.61574838631,63998.375921825296,65610.36954131396,74118.42308161073,90159.27275165694,94977.8243130513,112274.91445241073,0.0,30025.438765451938,40741.56579325686,57572.03426109474,63867.23866242752,77047.12775435841,94050.85610427216,101649.51468023546,105135.35729046431,136650.2319262388,42897.93652378002,60917.93652378002,42897.93652378002,48917.93652378002,14178.680512770217,57903.19884612696,79751.93021244291,20520.11729019742,45611.44849694539,86602.24378419727,15047.936523780023
32112.112112112114,43111.36283542651,56326.37865304909,69678.74067319509,110868.06591251027,27539.685522944445,65616.34236649952,92742.38316619175,32121.660914722088,49492.59682563282,60663.81463315782,70145.16065999362,81315.72049372588,99350.98298379043,128533.02261879403,27833.38195496766,38070.64048151175,64076.57391778627,65688.61307478929,74199.01252442865,90257.68029595257,95080.36201782282,112382.83188110289,0.0,30064.948034004192,40781.16187136583,57650.024631895394,63945.13462049101,77129.05120510331,94147.39896754478,101750.80005123658,105255.76627463356,136797.08452917772,42976.13701854524,60996.13701854524,42976.13701854524,48996.13701854524,14217.323696701773,57982.56572981144,79868.52162912252,20559.656968787665,45689.31621639048,86719.4378704576,15126.13701854524
32152.152152152157,43152.914313838104,56403.5198511034,69756.207102841,110984.72111495683,27578.35633815695,65694.76908995686,92859.89635894072,32161.099688508817,49545.38179297677,60738.967066020625,70220.52386587823,81391.6095767495,99466.3594491453,128646.44273051462,27872.069415676804,38111.663506795194,64154.775005751224,65766.85953357941,74279.59809010717,90355.96206712816,95183.01851081837,112490.77863562235,0.0,30104.457825640813,40820.756568069206,57728.019019144296,64023.03483622705,77210.96383803288,94243.88686935007,101852.13976975792,105376.16937313034,136943.97785749577,43054.34059568484,61074.34059568484,43054.34059568484,49074.34059568484,14255.969011238394,58061.930959038786,79985.12181677735,20599.196075691045,45767.188257468544,86836.63745389492,15204.340595684836
32192.192192192197,43194.4568881183,56480.67004225908,69833.67920806055,111101.38285135727,27617.02906957292,65773.19805876126,92977.41461401225,32200.538678387456,49598.13409458655,60814.132149581565,70295.894431149,81467.50867259922,99581.74778897023,128759.87491686761,27910.758758549164,38152.68482826844,64232.979177920424,65845.10891069315,74360.17979554186,90454.1182414232,95285.79363486433,112598.75463232984,0.0,30143.968140332006,40860.349895803076,57806.0174093032,64100.93929582048,77292.86570961788,94340.31970381153,101953.5339569341,105496.56661852931,137090.9117443364,43132.547247448805,61152.547247448805,43132.547247448805,49152.547247448805,14294.616451500246,58141.29455168849,80101.73073915768,20638.73461758223,45845.06460631274,86953.84251845143,15282.547247448805
32232.232232232236,43235.990619318094,56557.829173232116,69911.15696919998,111218.05110270719,27655.70371343895,65851.62926928277,93094.93791562133,32239.97788669212,49650.85381084383,60889.30985055025,70371.27236181803,81543.41775140498,99697.14795625428,128873.31914523698,27949.44998002901,38193.704449952405,64311.1864265217,65923.36119916187,74440.75765755976,90552.14901353032,95388.68721439605,112706.75978776373,0.0,30183.478978042545,40899.94186690778,57884.01978890777,64178.847985522516,77374.75687603251,94436.697368661,102054.98273017092,105616.95804330776,137237.88602359078,43210.75696611436,61230.75696611436,43210.75696611436,49230.75696611436,14333.266012622902,58220.6565254959,80218.34836022428,20678.27260108782,45922.94524912091,87071.05304813434,15360.756966114357
32272.272272272276,43277.51556795737,56634.99719120861,69988.64036669872,111334.72585007803,27694.38026601047,65930.06271789341,93212.46624805318,32279.417315734587,49703.54102215704,60964.50013561292,70446.65766366465,81619.33678336698,99812.55990424025,128986.77538312328,27988.143076567983,38234.72237585696,64389.396743810204,66001.61639203953,74521.33169291947,90650.05459641313,95491.69905563784,112814.79401864034,0.0,30222.99033873158,40939.53249362846,57962.02614456684,64256.760891650134,77456.63739315575,94533.01976523874,102156.4862031476,105737.34367984321,137384.90052989463,43288.96974398568,61308.96974398568,43288.96974398568,49308.96974398568,14371.917689757152,58300.01689805335,80334.97464414654,20717.81003278661,46000.830172154936,87188.26902701549,15438.969743985683
32312.312312312315,43319.03179403063,56712.17404383947,70066.12938108874,111451.40707461679,27733.058723551796,66008.498400967,93329.99959566291,32318.856967804597,49756.19580895812,61039.70297143439,70522.05034223784,81695.26573875589,99927.98358642306,129100.24359814344,28026.83804462514,38275.738609981076,64467.610122068305,66079.8744824024,74601.9019183113,90747.8352211119,95594.82894679609,112922.85724185499,0.0,30262.50222235287,40979.12178811619,58040.03646296194,64334.67800058578,77538.50731657268,94629.28679849337,102258.04448581928,105857.72356041092,137531.9550986261,43367.1855733939,61387.1855733939,43367.1855733939,49387.1855733939,14410.571478069065,58379.37568681138,80451.60955530126,20757.34691921005,46078.719361740616,87305.49043923104,15517.185573393901
32352.352352352355,43360.539357012516,56789.3596792352,70143.62399299431,111568.09475754545,27771.739082336062,66086.93631487948,93447.53794287506,32358.296845169993,49808.81825169937,61114.91832465977,70597.45040285843,81771.2045879132,100043.41895654771,129213.72375802958,28065.534880666917,38316.75315631268,64545.82655360543,66158.13546334917,74682.46835035752,90845.49113653653,95698.07665826433,113030.94937448238,0.0,30302.014628854697,41018.70976242855,58118.0507308467,64412.599298776964,77620.36670157584,94725.49837698074,102359.65768442061,105978.09771718207,137679.0495659025,43445.40444669687,61465.40444669687,43445.40444669687,49465.40444669687,14449.22737273981,58458.73290907991,80568.2530582709,20796.883266842473,46156.61280426702,87422.71726898113,15595.40444669687
32392.392392392394,43402.03831586345,56866.55404596088,70221.1241831312,111684.7888801608,27810.421338645203,66165.3764560088,93565.08127418329,32397.73695007698,49861.4084308503,61190.14616191623,70672.85785062145,81847.15330125153,100158.8659686081,129327.21583062902,28104.233581167096,38357.76601882884,64624.046030757956,66236.39932800067,74763.0310056127,90943.02260924791,95801.44194284038,113139.0703337772,0.0,30341.527558180023,41058.296428530695,58196.068935046125,64490.52477273574,77702.21560316652,94821.6544128622,102461.32590146971,106098.46618222195,137826.18376857802,43523.62635627909,61543.62635627909,43523.62635627909,49543.62635627909,14487.885368965617,58538.08858202948,80684.9051178422,20836.41908212155,46234.51048618625,87539.94950052947,15673.626356279092
32432.432432432433,43443.52872903498,56943.75709303109,70298.62993230627,111801.48942383393,27849.10548876991,66243.81882073503,93682.62957414973,32437.177284750192,49913.96642689445,61265.38644981475,70748.27269039817,81923.11184925475,100274.32457684499,129440.71978390368,28142.934142606828,38398.77720149579,64702.26854588905,66314.6660694998,74843.58990056385,91040.42992322787,95904.92453595484,113247.22003717447,0.0,30381.041010266446,41097.88179829583,58274.091062456224,64568.45440903823,77784.05407605617,94917.75482190188,102563.04923577269,106218.8289874875,137973.35754424075,43601.85129455156,61621.85129455156,43601.85129455156,49621.85129455156,14526.54546195775,58617.442722692314,80801.56569900463,20875.954371438536,46312.41239401301,87657.18711820315,15751.851294551561
32472.472472472477,43485.01065447531,57020.96876990495,70376.14122141685,111918.19637000977,27887.791529009693,66322.26340544049,93800.18282740499,32476.617851392934,49966.4923203264,61340.6391549519,70823.69492683862,81999.08020247836,100389.79473574433,129554.23558592953,28181.636561474632,38439.78670826882,64780.49409138869,66392.93568101166,74924.14505163068,91137.71337963807,96008.52415591059,113355.3984022906,0.0,30420.554985046394,41137.465883506346,58352.11710004335,64646.38819432448,77865.88217466761,95013.79952346344,102664.8277824295,106339.18616482624,138120.57073120985,43680.07925395172,61700.07925395172,43680.07925395172,49700.07925395172,14565.20764694245,58696.79534796364,80918.23476694908,20915.489141138736,46390.31851432422,87774.43010639222,15830.07925395172
32512.512512512516,43526.48414963457,57098.18902648109,70453.65803145032,112034.90970020706,27926.47945567279,66400.71020650961,93917.74101864734,32516.058652187447,50018.986191648655,61415.90424391152,70899.12456437356,82075.05833154975,100505.27640003586,129667.76320489601,28220.340834266382,38480.79454309239,64858.72265967341,66471.2081557232,75004.69647516582,91234.873296568,96112.24050413344,113463.60534692345,0.0,30460.06948244703,41177.04869585436,58430.14703484367,64724.32611529781,77947.69995313651,95109.78844050627,102766.66163283968,106459.53774597419,138267.82316853304,43758.31022694326,61778.31022694326,43758.31022694326,49778.31022694326,14603.871919160858,58776.146474602705,81034.9122870662,20955.02339752177,46468.22883375868,87891.6784495493,15908.310226943257
32552.552552552555,43567.94927146998,57175.41781309289,70531.1803434834,112151.62939601752,27965.16926507608,66479.1592203292,94035.30413264257,32555.499689294837,50071.44812136857,61491.181683266295,70974.56160721669,82151.04620716829,100620.7695246913,129781.30260910562,28259.04695748519,38521.80070990019,64936.95424318607,66549.48348684315,75085.24418745498,91331.91000877274,96216.07326543215,113571.84078905307,0.0,30499.584502390302,41216.63024694263,58508.18085396248,64802.26815872443,78029.50746531258,95205.72149957999,102868.55087470904,106579.88376255418,138415.11469598397,43836.54420601595,61856.54420601595,43836.54420601595,49856.54420601595,14642.538273868864,58855.49611923392,81151.59822494508,20994.557146841846,46546.143339016555,88008.93213218945,15986.544206015948
32592.592592592595,43609.40607645134,57252.65508050381,70608.708138682,112268.35543910584,28003.86095354531,66557.61044328837,94152.87215422359,32594.94096485564,50123.87818999562,61566.4714395797,71050.0060593671,82227.04380010584,100736.27406492278,129894.85376697361,28297.75492764166,38562.8052126153,65015.188834395965,66627.76166760223,75165.78820471746,91428.8238674016,96320.02210826948,113680.10464684237,0.0,30539.100044793235,41256.21054828538,58586.218544574025,64880.21431143327,78111.304764761,95301.59863081959,102970.4955920574,106700.224246075,138562.44515405878,43914.78118368576,61934.78118368576,43914.78118368576,49934.78118368576,14681.206706337241,58934.844298348195,81268.29254637184,21034.090395308336,46624.06201685927,88126.19113888964,16064.781183685758
32632.632632632634,43650.85462056576,57329.90077990237,70686.24139830013,112385.08781120909,28042.55451741467,66636.06387177858,94270.4450682898,32634.38248098945,50176.27647803804,61641.7734794072,71125.45792461101,82303.05108120663,100851.78997618098,130008.41664702701,28336.464741253472,38603.808055149704,65093.42642579852,66706.0426912525,75246.32854310589,91525.61523971606,96424.08668504127,113788.39683863729,0.0,30578.616109567556,41295.78961130879,58664.2600939204,64958.16456031511,78193.09190476357,95397.4197679384,103072.49586522624,106820.55922792909,138709.81438397424,43993.021152494344,62013.021152494344,43993.021152494344,50013.021152494344,14719.877211851352,59014.191028303634,81384.99521732805,21073.623149085728,46701.984854108756,88243.45545428856,16143.021152494344
32672.672672672674,43692.29495932314,57407.154862897805,70763.78010367995,112501.82649413648,28081.249953027203,66714.51950219378,94388.02285980707,32673.824239795747,50228.64306600033,61717.08776929839,71200.91720652429,82379.06802138782,100967.3172141541,130121.99121790471,28375.176394845814,38644.80924140496,65171.66700991534,66784.32655106793,75326.86521870701,91622.2845088004,96528.26663236573,113896.71728296757,0.0,30618.132696620167,41335.36744735218,58742.30548931159,65036.1188923228,78274.86893832045,95493.18484822166,103174.55177088802,106940.88873939222,138857.22222766443,44071.26410500935,62091.26410500935,44071.26410500935,50091.26410500935,14758.549785711304,59093.5363253272,81501.70620398957,21113.155414294375,46779.91183764745,88360.72506308623,16221.264105009352
32712.712712712713,43733.72714776087,57484.417281515205,70841.32423625092,112618.57146976888,28119.947256734464,66792.9773309304,94505.60551380701,32713.266243353486,50280.978034380074,61792.41427579824,71276.38390847438,82455.0945916395,101082.85573476568,130235.57744835649,28413.88988495102,38685.80877527181,65249.910579294,66862.61324034381,75407.39824754148,91718.83207326251,96632.56157138004,114005.06589854704,0.0,30657.649805852932,41374.944067668344,58820.35471812452,65114.07729447032,78356.63591815086,95588.89381251813,103276.66338205503,107061.21281162126,139004.6685277783,44149.510033823964,62169.510033823964,44149.510033823964,50169.510033823964,14797.22442323172,59172.880205515285,81618.42547272488,21152.687197010488,46857.84295441769,88477.99995004371,16299.510033823964
32752.752752752753,43775.15124044894,57561.68798819099,70918.87377752937,112735.32272005858,28158.64642489667,66871.43735438738,94623.19301538686,32752.708493721562,50333.28146366527,61867.75296544876,71351.85803362256,82531.13076302467,101198.40549417332,130349.17530724272,28452.605208108766,38726.806660630325,65328.15712650779,66940.90275239683,75487.92764556431,91815.2583469277,96736.97110804584,114113.44260427423,0.0,30697.167437162832,41414.51948342459,58898.40776780276,65192.03975383268,78438.39289669495,95684.54660523185,103378.83076808989,107181.53147565377,139152.1531276765,44227.75893155698,62247.75893155698,44227.75893155698,50247.75893155698,14835.9011197418,59252.222684835215,81735.15299009395,21192.218503266668,46935.77819142147,88595.28009998279,16377.758931556978
32792.792792792796,43816.56729149482,57638.9669357687,70996.42870911804,112852.0802270289,28197.34745388261,66949.8995689663,94740.78534970895,32792.150992939,50385.55343433144,61943.10380479067,71427.33958492585,82607.17650668012,101313.96644876726,130462.78476353406,28491.322360865986,38767.80290135007,65406.40664415586,67019.19508056506,75568.45342866509,91911.56375852448,96841.49483346156,114221.84731923291,0.0,30736.68559044197,41454.09370570336,58976.464625855915,65270.006257545545,78520.13992611488,95780.14317431269,103481.05399471632,107301.8447624066,139299.67587142906,44306.01079085262,62326.01079085262,44306.01079085262,50326.01079085262,14874.579870585148,59331.56377912606,81851.88872284666,21231.749339052138,47013.71753572002,88712.56549778569,16456.01079085262
32832.832832832835,43857.97535454824,57716.254077494144,71073.98901270558,112968.84397277376,28236.050340069658,67028.36397107132,94858.38250200034,32831.593743024976,50437.79402683888,62018.46676036478,71502.82856513938,82683.23179381597,101429.53855516834,130576.40578631079,28530.041339776853,38808.79750128984,65484.65912486283,67097.49021820782,75648.97561266815,92007.74875136366,96946.13232418217,114330.27996269212,0.0,30776.2042655777,41493.666745502844,59054.52527985913,65347.97679280464,78601.87705829609,95875.68347124642,103583.33312403038,107422.15270267482,139447.23660381237,44384.26560438044,62404.26560438044,44384.26560438044,50404.26560438044,14913.260671119846,59410.90350409984,81968.63263792163,21271.279710313076,47091.6609744335,88829.85612839475,16534.265604380438
32872.872872872875,43899.37548280592,57793.549367011336,71151.5546700659,113085.61393945734,28274.755079843653,67106.83055710924,94975.98445755246,32871.03674597896,50490.00332162977,62093.84179871361,71578.32497681817,82759.29659571612,101545.12177022692,130690.03834476229,28568.76214140275,38849.79046429794,65562.91456127897,67175.78815870546,75729.49421333277,92103.8137830107,97050.88314254532,114438.74045410706,0.0,30815.723462452464,41533.23861373793,59132.58971745258,65425.9513468656,78683.60434484872,95971.16745104379,103685.6682145127,107542.4553271308,139594.8351703066,44462.52336483512,62482.52336483512,44462.52336483512,50482.52336483512,14951.943516718235,59490.24187534248,82085.38470244466,21310.809622952882,47169.60849474052,88947.15197681196,16612.52336483512
32912.912912912914,43940.767729016414,57870.85275835804,71229.12566305796,113202.39010931368,28313.461669599055,67185.29932348969,95093.59120172085,32910.480003781166,50542.181399125795,62169.22888638306,71653.82882231948,82835.37088373839,101660.71605102139,130803.68240818649,28607.484762312342,38890.7817942121,65641.17294607978,67254.08889545946,75810.00924635353,92199.75932495217,97155.74683700345,114547.22871311949,0.0,30855.24318094408,41572.80932124081,59210.65792634104,65503.92990704346,78765.3218371089,96066.5950722294,103788.05932104136,107662.75266632347,139742.47141709283,44540.78406493653,62560.78406493653,44540.78406493653,50560.78406493653,14990.628402766997,59569.578908315016,82202.14488372758,21350.339082832645,47247.56008387795,89064.453028099,16690.78406493653
32952.95295295295,43982.15214548465,57948.16420596156,71306.70197362496,113319.17246464669,28352.170105738776,67263.77026662503,95211.2027199246,32949.92351839241,50594.328339725085,62244.62798992349,71729.34010380457,82911.45462931471,101776.32135485616,130917.33794598986,28646.2091990815,38931.77149485952,65719.43427196602,67332.39242189229,75890.52072736036,92295.58586225676,97260.7229424614,114655.74465955773,0.0,30894.76342092571,41612.37887876162,59288.72989429323,65581.91246071231,78847.02958614004,96161.96629682908,103890.50649490519,107783.0447506773,139890.1451910502,44619.047697429465,62639.047697429465,44619.047697429465,50639.047697429465,15029.315324667063,59648.91461835448,82318.91314926685,21389.868095771304,47325.51572914054,89181.75926737656,16769.047697429465
32992.99299299299,44023.52878407657,58025.48366463437,71384.28358379407,113435.96098782924,28390.880384674198,67342.24338293044,95328.81899764604,32989.36729175428,50646.44422379981,62320.03907589154,71804.85882324094,82987.54780395118,101891.9376392607,131031.00492768642,28684.93544829327,38972.75957005696,65797.69853166374,67410.69873144728,75971.02867191908,92391.29389323104,97365.81098061966,114764.28821343745,0.0,30934.28418226588,41651.94729696926,59366.80560914148,65659.89899530497,78928.72764273408,96257.28109035743,103993.00978381782,107903.33161049141,140037.8563397533,44697.31425508356,62717.31425508356,44697.31425508356,50717.31425508356,15068.004277833457,59728.24902067506,82435.68946674219,21429.396667545992,47403.475417880414,89299.07067982426,16847.314255083562
33033.03303303303,44064.89769622369,58102.81108957028,71461.87047567594,113552.75566130318,28429.592502825213,67420.71866882397,95446.44002043063,33028.8113257896,50698.529131693496,62395.46211085152,71880.38498240436,83063.6503792285,102007.56486198789,131144.6833228976,28723.66350653798,39013.74602361069,65875.96571792386,67489.00781758857,76051.53309553125,92486.88392907081,97471.01046032103,114872.85929496196,0.0,30973.805464828496,41691.51458645202,59444.88505878119,65737.88949831261,79010.41605741301,96352.53942180396,104095.56923193266,108023.61327593934,140185.60471146947,44775.58373069327,62795.58373069327,44775.58373069327,50795.58373069327,15106.695257695406,59807.58213036904,82552.47380401538,21468.92480389244,47481.43913750697,89416.38725068039,16925.583730693274
33073.07307307307,44106.25893292746,58180.14643633988,71539.46263146403,113669.55646757883,28468.306456620034,67499.19612072653,95564.0657738861,33068.25562240213,50750.583143718315,62470.89706137657,71955.91858288061,83139.7623268016,102123.20298101217,131258.37310135143,28762.39337041299,39054.730859316434,65954.23582352219,67567.31967380091,76132.03401363452,92582.35649350821,97576.32087790256,114981.45782452254,0.0,31013.327268472895,41731.08075771821,59522.968231170235,65815.8839572842,79092.09488042977,96447.74126361904,104198.18487985784,108143.88977706771,140333.39015515568,44853.85611707755,62873.85611707755,44853.85611707755,50873.85611707755,15145.388259696054,59886.91396240776,82669.26612912884,21508.45251050507,47559.406875486246,89533.70896524133,17003.85611707755
33113.11311311312,44147.612544763935,58257.489660886975,71617.06003343436,113786.36338923487,28507.02224249544,67577.67573506205,95681.69624368261,33107.70018347721,50802.60634015284,62546.3438940506,72031.4596260679,83215.88361840037,102238.85195452883,131372.07423288247,28801.125036523004,39095.71408095968,66032.50884125943,67645.63429358989,76212.53144160315,92677.71212245576,97681.74171755055,115090.0837226988,0.0,31052.849593054078,41770.645821197,59601.05511432877,65893.8823598265,79173.76416177006,96542.88659169883,104300.85676467273,108264.16114379611,140481.21252045626,44932.131407080036,62952.131407080036,44932.131407080036,50952.131407080036,15184.083279292721,59966.24453164286,82786.06641030454,21547.97979303758,47637.37861934093,89651.03580886158,17082.131407080036
33153.15315315316,44188.95858188784,58334.84071952409,71694.66266394488,113903.17640891758,28545.739856896435,67656.1575082574,95799.33141555195,33147.14501088143,50854.59880123908,62621.80257546897,72107.00811317837,83292.01422582942,102354.51174095174,131485.7866874312,28839.85850147973,39136.695692315334,66110.78476396092,67723.95167048139,76293.0253947477,92772.95136364637,97787.2724516583,115198.73691025906,0.0,31092.37243842236,41810.20978723884,59679.14569633836,65971.88469360332,79255.42395115318,96637.97538536979,104403.58491994414,108384.42740591627,140629.07165769974,45010.4095935686,63030.4095935686,45010.4095935686,51030.4095935686,15222.78031195646,60045.57385280691,82902.87461594242,21587.50665710294,47715.35435664963,89768.36776695322,17160.4095935686
33193.1931931932,44230.29709403725,58412.19956892903,71772.27050543507,114019.99550934104,28584.459296276567,67734.64143674253,95916.97127528765,33186.59010646327,50906.56060718051,62697.27307224065,72182.56404524043,83368.15412096836,102470.18229891252,131599.51043504346,28878.593761902197,39177.675697148145,66189.0635844766,67802.27179802196,76373.51588831579,92868.07477627171,97892.91254118754,115307.41730816077,0.0,31131.89580442387,41849.77266611646,59757.23996534196,66049.89094633554,79337.0742980336,96733.00762737237,104506.36937574399,108504.68859309168,140776.96741789635,45088.69066943559,63108.69066943559,45088.69066943559,51108.69066943559,15261.479353172403,60124.90194051483,83019.69071461956,21627.03310827401,47793.33407504695,89885.70482498582,17238.690669435593
33233.23323323324,44271.62813053749,58489.566166140416,71849.88354042542,114136.82067328623,28623.180557097574,67813.12751695044,96034.61580874416,33226.03547205282,50958.49183813909,62772.755350988846,72258.12742310044,83444.30327577179,102585.86358725879,131713.24544587,28917.330814416382,39218.6540992124,66267.34529568075,67880.59466977842,76454.00293749198,92963.0829306176,97998.66143603089,115416.12483755068,0.0,31171.419690900235,41889.33446802526,59835.33790954305,66127.90110580038,79418.71525160217,96827.98330384398,104609.21015866673,108624.94473485691,140924.8996527352,45166.97462759739,63186.97462759739,45166.97462759739,51186.97462759739,15300.180398439334,60204.22880926443,83136.51467508842,21666.55915208349,47871.31776222277,90003.04696848588,17316.97462759739
33273.27327327328,44312.95174030569,58566.94046855436,71927.50175151706,114253.65188360127,28661.90363582967,67891.61574531728,96152.26500183684,33265.4811094622,51010.39257423327,62848.24937835294,72333.69824742494,83520.46166226952,102701.55556505299,131826.9916901663,28956.06965565558,39259.630902252175,66345.6298904721,67958.92027933791,76534.48655739815,93057.9764076985,98104.51857537695,115524.85941976539,0.0,31210.944097688916,41928.895203084045,59913.43951720547,66205.9151598314,79500.34686078742,96922.90240430177,104712.10729184828,108745.19586061742,141072.86821458116,45245.261460994596,63265.261460994596,45245.261460994596,51265.261460994596,15338.883443269959,60283.554473437754,83253.3464662761,21706.084794024573,47949.30540592225,90120.39418303696,17395.261460994596
33313.313313313316,44354.2679718547,58644.32243392029,72005.12512139112,114370.48912320053,28700.628528951245,67970.1061182823,96269.91884054145,33304.92702048563,51062.26289553529,62923.7551209893,72409.27651870219,83596.62925256684,102817.25819157067,131940.74913829172,28994.81028226005,39300.606110001114,66423.91736177362,68037.24862030783,76614.96676309369,93152.75579888979,98210.48338807587,115633.62097633132,0.0,31250.469024622897,41968.45488133566,59991.5447766528,66283.93309631787,79581.9691742567,97017.76492162404,104815.06079498475,108865.44199964905,141220.87295647291,45323.55116259166,63343.55116259166,45323.55116259166,51343.55116259166,15377.588483190557,60362.87894730176,83370.18605728267,21745.6100395509,48027.2969939452,90237.74645427888,17473.551162591662
33353.353353353355,44395.57687329731,58721.712020337225,72082.75363280848,114487.33237506465,28739.35523294901,68048.59863228796,96387.57731089379,33344.373206899436,51114.10288206895,62999.272545572945,72484.8622372443,83672.80601884416,102932.97142629931,132054.51776070936,29033.552690877183,39341.57972618275,66502.20770253227,68115.57968631551,76695.44356957564,93247.42170555994,98316.55529300672,115742.40942896542,0.0,31289.99447153102,42008.01351274761,60069.6536762679,66361.95490320446,79663.58224041773,97112.57085203168,104918.07068435238,108985.6831810973,141368.9137321192,45401.84372537692,63421.84372537692,45401.84372537692,51421.84372537692,15416.295513741115,60442.20224500939,83487.03341738028,21785.13489407704,48105.29251414596,90355.10376790777,17551.843725376923
33393.3933933934,44436.87849235047,58799.1091862505,72160.3872686093,114604.1816222402,28778.083744318064,68127.09328378011,96505.24039898966,33383.81967046264,51165.912613807384,63074.80161879872,72560.45540318932,83748.99193335771,103048.69522893698,132168.2975279856,29072.29687816162,39382.55175451044,66580.50090571924,68193.91347100871,76775.91699177914,93341.97473870225,98422.73369944436,115851.22469957515,0.0,31329.520438238105,42047.571107212876,60147.76620449274,66439.98056849126,79745.1861074198,97207.32019506874,105021.13697282774,109105.91943397795,141516.99039589695,45480.13914236262,63500.13914236262,45480.13914236262,51500.13914236262,15455.004530475311,60521.52438060068,83603.88851601187,21824.659362978848,48183.29195443315,90472.46610967585,17630.13914236262
33433.43343343344,44478.17287633894,58876.51389044729,72238.02601171218,114721.0368478392,28816.81405956156,68205.59006920762,96622.90809098403,33423.266412916506,51217.6921706704,63150.34230738237,72636.05601650257,83825.18696843898,103164.42955939072,132282.08841078923,29111.04284077484,39423.52219868722,66658.79696432943,68272.24996805475,76856.38704457738,93436.41551856606,98529.01800742662,115960.06671025888,0.0,31369.046924564555,42087.1276745502,60225.88234982749,66518.01008023284,79826.78082315472,97302.01295358218,105124.2596699083,109226.15078717562,141665.102802848,45558.4374065844,63578.4374065844,45558.4374065844,51578.4374065844,15493.715528960212,60600.84536800328,83720.75132278971,21864.183451593468,48261.295302768995,90589.83346539074,17708.437406584402
33473.47347347348,44519.46007219962,58953.926092053756,72315.66984511432,114837.89803503879,28855.546175190986,68284.08898502286,96740.580373091,33462.71343598506,51269.44163252256,63225.89457806211,72711.66407697895,83901.39109649551,103280.17437777542,132395.89037989167,29149.79057538554,39464.491062406014,66737.09587138168,68350.58917114104,76936.85374278201,93530.74467428918,98635.4076081214,116068.93538330612,0.0,31408.573930326766,42126.683224504995,60304.0021008305,66596.0434265384,79908.36643525865,97396.64913370153,105227.43878173426,109346.37726944438,141813.25080867673,45636.73851110162,63656.73851110162,45636.73851110162,51656.73851110162,15532.428504776472,60680.16522103379,83837.6218074946,21903.707165219876,48339.30254716935,90707.20582091564,17786.73851110162
33513.51351351352,44560.740126485296,59031.34575053108,72393.31875189056,114954.76516708113,28894.280087726,68362.5900276815,96858.25723158354,33502.16074137522,51321.1610791708,63301.458397599665,72787.27958424468,83977.60429001033,103395.92964441238,132509.703406166,29188.54007866945,39505.45834934958,66815.3976199183,68428.9310739748,77017.3171011433,93624.96284353048,98741.90188419224,116177.83064119791,0.0,31448.10145533717,42166.23776674984,60382.12544611764,66674.0805955712,79989.9429911129,97491.22874481755,105330.67431111027,109466.59890940705,141961.4342697466,45715.04244899702,63735.04244899702,45715.04244899702,51735.04244899702,15571.14345351814,60759.48395339848,83954.49994007444,21943.23050911904,48417.31367570328,90824.58316216872,17865.042448997017
33553.55355355356,44602.013085368555,59108.77282567198,72470.97271519329,115071.63822727284,28933.015793694456,68441.09319364253,96975.93865279297,33541.6083307768,51372.85059036216,63377.03373278139,72862.90253775907,84053.82652154248,103511.69531982791,132623.52746058683,29227.29134730932,39546.42406319064,66893.70220300544,68507.27567028292,77097.77713435041,93719.07067210428,98848.50021016339,116286.75240660692,0.0,31487.629499404036,42205.791310885106,60460.25237436202,66752.12157554828,80071.51053784543,97585.75179956041,105433.96625752785,109586.81573555522,142109.6530430783,45793.34921337666,63813.34921337666,45793.34921337666,51813.34921337666,15609.860370792674,60838.80157869419,84071.38569064316,21982.753488514234,48495.32867649265,90941.96547512311,17943.349213376663
33593.5935935936,44643.278994645705,59186.20727759736,72548.63171825181,115188.51719898485,28971.753289632416,68519.59847936861,97093.62462310879,33581.056205862755,51424.51024578178,63452.62055041971,72938.53293681648,84130.0577637269,103627.47136475214,132737.36251422975,29266.044377995033,39587.38820759179,66972.00961373265,68585.62295381202,77178.23385703164,93813.06881361587,98955.20195278277,116395.70060239769,0.0,31527.158062331797,42245.3438664396,60538.382874293515,66830.16635474026,80153.0691223321,97680.21831377754,105537.31461718872,109707.02777624926,142257.90698634653,45871.658797369935,63891.658797369935,45871.658797369935,51891.658797369935,15648.579252220905,60918.11811040939,84188.27902947951,22022.276108591344,48573.34753771205,91059.3527458064,18021.658797369935
33633.63363363364,44684.53789974032,59263.64906675259,72626.29574437183,115305.4020656519,29010.49257208394,68598.1058813255,97211.31512897808,33620.50436828929,51476.14012505039,63528.21881735404,73014.1707805478,84206.29798927446,103743.2577401175,132851.20853827073,29304.79916742331,39628.350786205534,67050.31984521277,68663.97291832816,77258.68728375438,93906.95792909924,99062.0064713831,116504.6751516269,0.0,31566.687143920743,42284.89544287094,60616.51693469818,66908.21492147064,80234.61879119779,97774.62830651039,105640.71938302802,109827.23505971764,142406.19595787732,45949.97119412917,63969.97119412917,45949.97119412917,51969.97119412917,15687.300093436806,60997.43356192481,84305.17992702589,22061.798374498965,48651.37024758813,91176.74496030042,18099.971194129168
33673.67367367368,44725.78984570723,59341.098153904415,72703.96477693523,115422.29281077252,29049.233637601326,68676.61539598269,97329.01015690554,33659.95281969592,51527.740307722546,63603.828500452124,73089.81606792266,84282.5471709721,103859.05440705756,132965.0655039861,29343.555712298028,39669.311802674405,67128.6328905819,68742.32555761698,77339.13742902572,94000.7386866571,99168.91311824106,116613.67597754364,0.0,31606.216743967463,42324.44604956657,60694.6545444181,66986.267264116,80316.15959081778,97868.98179997143,105744.18054473863,109947.43761405736,142554.5198166453,46028.286396829855,64048.286396829855,46028.286396829855,52048.286396829855,15726.022890087675,61076.747946514595,84422.08835388732,22101.32029134893,48729.39679439961,91294.14210474104,18178.286396829855
33713.71371371372,44767.03487723616,59418.554500137456,72781.63879939959,115539.18941790835,29087.976482744973,68755.12701981323,97446.70969345297,33699.401561705774,51579.3108732844,63679.44956661116,73165.46879775097,84358.80528168294,103974.86132690583,133078.93338275168,29382.314009330046,39710.2712606309,67206.9487429994,68820.68086548353,77419.58430729258,94094.41176110359,99275.92123893346,116722.7030035897,0.0,31645.746862264547,42363.99569584397,60772.79569235089,67064.32337110519,80397.69156731911,97963.27881951998,105847.6980887956,110067.63546723373,142702.87842227082,46106.60439867039,64126.60439867039,46106.60439867039,52126.60439867039,15764.747637833978,61156.061277347035,84539.00428083017,22140.841864216418,48807.42716647689,91411.54416531787,18256.604398670388
33753.75375375376,44808.27303865524,59496.01806685078,72859.3177952976,115656.09187068399,29126.721104083263,68833.64074929355,97564.41372523889,33738.850595925505,51630.851901151516,63755.08198275871,73241.12896868469,84435.07229434613,104090.67846119405,133192.8121460427,29421.074055237143,39751.22916369749,67285.26739564762,68899.03883575209,77500.0279329416,94187.97783360965,99383.03017269024,116831.75615339936,0.0,31685.277498600793,42403.54439095126,60850.94036744916,67142.38323091931,80479.21476658148,98057.51939363767,105951.2719984814,110187.82864708027,142851.27163501765,46184.9251928719,64204.9251928719,46184.9251928719,52204.9251928719,15803.4743323492,61235.37356748545,84655.92767878105,22180.36309814018,48885.461352201586,91528.95112827395,18334.925192871902
33793.7937937938,44849.50437393485,59573.48881575486,72937.00174823683,115773.00015278693,29165.467498192767,68912.15658090392,97682.1222389384,33778.299923945786,51682.36347066704,63830.72571585422,73316.79657921966,84511.34818197717,104206.50577165157,133306.70176543313,29459.835846744165,39792.1855154869,67363.58884173192,68977.39946226636,77580.46832029984,94281.43759135235,99490.2392527452,116940.83535080019,0.0,31724.808652761316,42443.092144068156,60929.08855872032,67220.44683209131,80560.72923423891,98151.70355390382,106054.90225391125,110308.01718129858,142999.69931578994,46263.248772678366,64283.248772678366,46263.248772678366,52283.248772678366,15842.202969320057,61314.68482988911,84772.85851882596,22219.883998123012,48963.499340006514,91646.36297990556,18413.248772678366
33833.833833833836,44890.72892669092,59650.96670886811,73014.69064189916,115889.91424796672,29204.215661657952,68990.67451112799,97799.83522128273,33817.74954734091,51733.84566109942,63906.380732889585,73392.47162769726,84587.63291766771,104322.34322020327,133420.60221259538,29498.59938058283,39833.140319601735,67441.9130744804,69055.76273888911,77660.90548363465,94374.79172716686,99597.54780668166,117049.9405198126,0.0,31764.34032452728,42482.63896430596,61007.240255225974,67298.51416320563,80642.23501568058,98245.83133496947,106158.58883205935,110428.20109745869,143148.16132612934,46341.57513135623,64361.57513135623,46341.57513135623,52361.57513135623,15880.933544446088,61393.99507741397,84889.79677220862,22259.404569131733,49041.541118375135,91763.77970656182,18491.57513135623
33873.873873873876,44931.94674018872,59728.451708513814,73092.3844600404,116006.83414003532,29242.96559107143,69069.19453645329,97917.55265905903,33857.19946766946,51785.2985516407,63982.04700089072,73468.15411230625,84663.92647458569,104438.19076896916,133534.51345929998,29537.364653491884,39874.09357963472,67520.2400871441,69134.12865950222,77741.33943715412,94468.04093920288,99704.95515677604,117159.07158465064,0.0,31803.872513676335,42522.184860708585,61085.39544608174,67376.585212898,80723.73215605243,98339.90277453212,106262.33170678522,110548.38042299866,143296.6575282127,46419.90426219458,64439.90426219458,46419.90426219458,52439.90426219458,15919.666053439934,61473.30432281372,85006.74241033007,22298.92481609772,49119.58667584142,91881.20129464462,18569.904262194577
33913.913913913915,44973.15785734609,59805.94377731697,73170.08318648994,116123.75981286613,29281.717283033668,69147.71665337085,98035.27453910981,33896.64968647406,51836.7222214043,64057.724486918225,73543.84403108431,84740.22882597549,104554.04838026229,133648.43547741475,29576.13166221691,39915.04529916881,67598.56987299642,69212.49721800657,77821.77019500706,94561.18593058521,99812.46062033571,117268.22846972152,0.0,31843.40521998231,42561.72984225284,61163.554120456625,67454.6599698549,80805.22070025811,98433.91791330861,106366.13084886056,110668.55518522488,143445.18778484897,46498.23615850478,64518.23615850478,46498.23615850478,52518.23615850478,15958.400492027016,61552.61257874034,85123.69540474696,22338.444743916883,49197.6360009894,91998.62773060806,18648.236158504777
33953.953953953955,45014.36232073711,59883.442878201146,73247.78680515026,116240.6912503941,29320.47073415325,69226.24085837562,98153.00084833306,33936.10020528172,51888.11674942332,64133.41315806872,73619.54138191993,84816.53994515768,104669.91601658825,133762.36823890495,29614.900403510543,39955.99548177705,67676.9024253336,69290.86840832207,77902.19777128354,94654.2274090783,99920.06351003368,117377.4110996263,0.0,31882.938443215495,42601.27391784922,61241.71626757287,67532.73842281356,80886.70069296047,98527.87679500901,106469.9862259969,110788.72541131213,143593.75195947677,46576.570813620645,64596.570813620645,46576.570813620645,52596.570813620645,15997.136855945755,61631.91985774528,85240.65572717093,22377.964357450222,49275.68908245311,92116.0590009586,18726.570813620645
33993.993993993994,45055.560172595404,59960.94897438531,73325.49529999655,116357.62843661543,29359.22594104667,69304.76714796622,98270.73157368164,33975.5510256039,51939.482214648495,64209.11298147572,73695.24616255396,84892.85980552918,104785.79364064342,133876.3117158325,29653.6708741323,39996.94413102277,67755.23773747424,69369.24222438748,77982.62218001482,94747.16608675566,100027.7631342382,117486.61939915994,0.0,31922.472183142603,42640.81709634223,61319.8818767055,67610.8205605615,80968.17217858258,98621.77946630883,106573.89780287317,110908.89112830369,143742.34991616168,46654.90822089818,64674.90822089818,46654.90822089818,52674.90822089818,16035.87514094729,61711.226172279996,85357.62334946726,22417.483661523907,49353.74590891613,92233.49509225451,18804.908220898178
34034.03403403404,45096.75145481739,60038.46202938097,73403.20865507625,116474.57135558708,29397.98290033828,69383.29551864506,98388.4667021629,34015.00214893656,51990.818695946255,64284.82392431061,73770.9583705813,84969.18838056346,104901.68121531405,133990.26588035567,29692.44307084851,40037.89125045938,67833.57580275912,69447.61866016031,78063.04343517363,94840.00267967378,100135.55879733764,117595.853293311,0.0,31962.00643952668,42680.35938651102,61398.050937181724,67688.90637193606,81049.63520130896,98715.62597682155,106677.86554116377,111029.05236311117,143890.98151959322,46733.24837371542,64753.24837371542,46733.24837371542,52753.24837371542,16074.615342795478,61790.53153469685,85474.59824365392,22457.00266092946,49431.80646911124,92350.93599110557,18883.248373715418
34074.07407407408,45137.936208965824,60115.98200698898,73480.9268545087,116591.5199914265,29436.741608660457,69461.82596691835,98506.2062208387,34054.45357676043,52042.12627209706,64360.54595378371,73846.67800345266,85045.52564381041,105017.57870367476,134104.2307047285,29731.216990432506,40078.83684363062,67911.91661455149,69525.99770961683,78143.46155067463,94932.73790755148,100243.44980006029,117705.11270726225,0.0,32001.541212127333,42719.90079706992,61476.223438380955,67766.99584582445,81131.08980508693,98809.41637907043,106781.88939956746,111149.20914251513,144039.6466350825,46811.59126547251,64831.59126547251,46811.59126547251,52831.59126547251,16113.357457266968,61869.83595725002,85591.58038190054,22496.521360424184,49509.87075182033,92468.38168417303,18961.59126547251
34114.11411411412,45179.11447627291,60193.508871296704,73558.64988248466,116708.47432831161,29475.502062653395,69540.35848929622,98623.95011682482,34093.90531054103,52093.40502179346,64436.27903714529,73922.40505847606,85121.87156889611,105133.4860689877,134218.2061613007,29769.99262966443,40119.780914070485,67990.26016623665,69604.37936675192,78223.87654037424,95025.3724934541,100351.43543978933,117814.39756639069,0.0,32041.076500700638,42759.44133666891,61554.39936973406,67845.0889711632,81212.53603362774,98903.15072846012,106885.96933383612,111269.3614931647,144188.34512855927,46889.93688959148,64909.93688959148,46889.93688959148,52909.93688959148,16152.10148015104,61949.139452096155,85708.56973652726,22536.039764731297,49587.938745873944,92585.8321581692,19039.93688959148
34154.15415415416,45220.28629764363,60271.04258667504,73636.37772326617,116825.43435048005,29514.264258965206,69618.89308229262,98741.69837729083,34133.35735172877,52144.655023638246,64512.02314168639,73998.13953281853,85198.22612952323,105249.40327470108,134332.19222251722,29808.769985331346,40160.723465303265,68068.60645122195,69682.76362557911,78304.28841807117,95117.90716348331,100459.51501087207,117923.70779626752,0.0,32080.61230499927,42798.98101389435,61632.578720723235,67923.1857369379,81293.97393040785,98996.82908324768,106990.1052968041,111389.50944157818,144337.07686656952,46968.28523951622,64988.28523951622,46968.28523951622,52988.28523951622,16190.847407249501,62028.44203129531,85825.56628000384,22575.55787854022,49666.01044015113,92703.2873998573,19118.28523951622
34194.1941941942,45261.451713658855,60348.5831177754,73714.11036118549,116942.40004222929,29553.02819425178,69697.42974242537,98859.45098945963,34172.809701759186,52195.876356142784,64587.77823473993,74073.88142350776,85274.5892994708,105365.330284448,134446.18886091735,29847.54905422706,40201.66450084349,68146.95546293668,69761.1504801303,78384.69719750644,95210.34264647214,100567.6878049237,118033.04332265828,0.0,32120.1486247724,42838.51983726917,61710.761480881534,68001.2861321829,81375.40353866991,99090.4515045133,107094.297238418,111509.65301414275,144485.84171627264,47046.63630871226,65066.63630871226,47046.63630871226,53066.63630871226,16229.595234376742,62107.74370681158,85942.56998494844,22615.075706506745,49744.085823578964,92820.74739605105,19196.63630871226
34234.23423423424,45302.6107645787,60426.130429527104,73791.84778064566,117059.37138791611,29591.793865176962,69775.96846621635,98977.20794060739,34212.262362053065,52247.069097725274,64663.54428368147,74149.63072743372,85350.96105259431,105481.2670620455,134560.196049135,29886.329833152377,40242.604024196175,68225.30719483203,69839.53992445598,78465.10289236382,95302.67967368607,100675.95311112571,118142.40407152307,0.0,32159.685459765948,42878.05781525367,61788.947639792605,68079.39014598125,81456.82490142432,99184.01805613087,107198.54510576664,111629.7922371152,144634.6395454386,47124.990090666906,65144.990090666906,47124.990090666906,53144.990090666906,16268.344957359739,62187.044490514076,86059.58082412688,22654.59325325344,49822.16488513262,92938.21213361467,19274.990090666906
34274.27427427428,45343.76349034549,60503.68448713431,73869.58996611938,117176.34837195653,29630.56126841233,69854.50925019133,99094.96921806308,34251.71533401637,52298.23332670893,64739.32125593036,74225.38744135015,85427.34136282565,105597.21357149308,134674.21375989792,29925.112318914835,40283.5420388567,68303.66164038092,69917.9319526249,78545.50551626977,95394.91897852955,100784.3102165182,118251.78996901648,0.0,32199.22280972239,42917.594956245885,61867.13718709018,68157.49776746394,81538.23806145025,99277.52880473775,107302.84884311154,111749.92713662182,144783.4702224455,47203.34657888892,65223.34657888892,47203.34657888892,53223.34657888892,16307.09657203788,62266.344394177526,86176.59877045138,22694.110523369716,49900.24761383469,93055.68159946235,19353.346578888923
34314.31431431432,45384.90993058689,60581.24525607337,73947.33690214873,117293.33097882514,29669.33040063726,69933.0520908801,99212.73480920822,34291.16861904054,52349.36912132035,64815.10911895037,74301.15156187624,85503.7302041731,105713.16977697183,134788.2419660272,29963.896508328802,40324.478548310726,68382.01879307802,69996.32655872407,78625.90508279396,95487.06129625885,100892.7584062861,118361.20094148777,0.0,32238.76067438086,42957.131268582154,61945.33011245782,68235.60898581007,81619.64306129664,99370.98381970474,107407.20839191755,111870.0577386586,144932.33361627682,47281.705766908526,65301.705766908526,47281.705766908526,53301.705766908526,16345.850074262875,62345.64342948311,86293.6237969796,22733.62752141214,49978.33399875523,93173.15578055821,19431.705766908526
34354.35435435436,45426.050124619025,60658.812702089956,74025.08857334501,117410.31919305533,29708.10125853895,70011.59698481642,99330.50470147659,34330.62221850268,52400.47655968787,64890.90784025071,74376.92308549822,85580.1275507214,105829.13564284303,134902.28064043738,30002.68239821549,40365.41355603444,68460.37864643944,70074.7237368588,78706.30160544909,95579.10736370049,101001.29696404004,118470.63691548094,0.0,32278.299053477338,42996.66676053753,62023.52640562865,68313.72379024641,81701.03994328377,99464.38317310537,107511.62369088376,111990.18406909163,145081.2295965188,47360.06764827733,65380.06764827733,47360.06764827733,53380.06764827733,16384.605459898907,62424.941608019304,86410.65587691376,22773.144251904716,50056.424029011294,93290.63466391596,19510.067648277327
34394.394394394396,45467.184111449445,60736.3867911964,74102.84496438828,117527.31299923845,29746.87383881228,70090.14392853816,99448.27888235397,34370.07613376533,52451.55571983982,64966.717387386925,74452.70200857076,85656.53337663155,105945.1111336472,135016.32975613535,30041.469985402837,40406.347065494476,68538.74119400277,70153.12348115242,78786.69509769155,95671.05791897625,101109.92517209017,118580.09781773458,0.0,32317.83794674444,43036.20144032648,62101.72605638475,68391.8421700469,81782.42874950415,99557.72693968487,107616.0946759749,112110.30615365713,145230.15803335767,47438.43221656814,65458.43221656814,47438.43221656814,53458.43221656814,16423.36272482237,62504.23894128244,86527.6949835996,22812.660719338994,50134.51769376672,93408.1182365987,19588.432216568137
34434.434434434435,45508.311929780146,60813.96748966897,74180.60606002674,117644.31238202407,29785.648138159915,70168.69291858717,99566.05733937785,34409.53036617707,52502.60667970303,65042.53772796174,74528.48832731869,85732.94765614098,106061.09621410281,135130.3892862206,30080.259266725618,40447.279080147935,68617.10642932716,70231.52578574649,78867.08557292132,95762.9137012345,101218.64231171465,118689.58357518227,0.0,32357.377353911703,43075.73531610309,62179.9290545571,68469.96411453272,81863.80952182386,99651.01519682925,107720.621280453,112230.42401796198,145379.11879757716,47516.799465374985,65536.79946537499,47516.799465374985,53536.799465374985,16462.121864921974,62583.53544067766,86644.74109052529,22852.17692817442,50212.61498223194,93525.6064857186,19666.799465374985
34474.474474474475,45549.433618010524,60891.55476404532,74258.37184507673,117761.31732611932,29824.424153292235,70247.24395150953,99683.84006013712,34448.98491707219,52553.62951710116,65118.36882962582,74604.28203783848,85809.37036356339,106177.09084910533,135244.45920388435,30119.050239025375,40488.20960344245,68695.47434599281,70309.9306448003,78947.47304448234,95854.6754503868,101327.44766342134,118799.09411495228,0.0,32396.91727470532,43115.268395961786,62258.135390025076,68548.08961307182,81945.18230188364,99744.24802453359,107825.20343490897,112350.5376874838,145528.11176055568,47595.16938831297,65615.16938831296,47595.16938831297,53615.16938831297,16500.882876098658,62662.831117519534,86761.79417132071,22891.692882838543,50290.71588366359,93643.09939843675,19745.16938831297
34514.514514514514,45590.54921424031,60969.14858112161,74336.14230442201,117878.32781628873,29863.2018809273,70325.79702385535,99801.62703227185,34488.4397877711,52604.624309753126,65194.210660078665,74680.08313609971,85885.80147328894,106293.09500372609,135358.53948240954,30157.84289915039,40529.13863881613,68773.84493760136,70388.33805249142,79027.85752566266,95946.34390685237,101436.3405072031,118908.62936436801,0.0,32436.457708848564,43154.800687937706,62336.34505271611,68626.21865507857,82026.54713110016,99837.42550537044,107929.84106729504,112470.6471875713,145677.13679426385,47673.54197901818,65693.54197901818,47673.54197901818,53693.54197901818,16539.64575426549,62742.125983032834,86878.8541997562,22931.2085877272,50368.82038736435,93760.59696196298,19823.541979018177
34554.554554554554,45631.65875627239,61046.748907950176,74413.91742301364,117995.34383735401,29901.98131779083,70404.3521321789,99919.41824347293,34527.89497958027,52655.59113527161,65270.06318706944,74755.89161794659,85962.2409597839,106409.10864321087,135472.63009517023,30196.63724395567,40570.06618969769,68852.21819777534,70466.74800301497,79108.23902969461,96037.91981130766,101545.32012278703,119018.18925094744,0.0,32475.99865606129,43194.33220000718,62414.55803260542,68704.35123001368,82107.90405066701,99930.54772445772,108034.5341029567,112590.75254344457,145826.1937712619,47751.91723114755,65771.91723114756,47751.91723114755,53771.91723114755,16578.41049534762,62821.42004835324,86995.9211497418,22970.724047204752,50446.92848268258,93878.09916355531,19901.91723114755
34594.59459459459,45672.76228161575,61124.355711836724,74491.6971858694,118112.36537419357,29940.762460616217,70482.90927303862,100037.2136814818,34567.35049379246,52706.530071161455,65345.92637839764,74831.70747909951,86038.68879759066,106525.13173297921,135586.7310156311,30235.43327030299,40610.992259506485,68930.59412015833,70545.160490584,79188.6175697551,96129.40390444326,101654.38578987708,119127.77370240376,0.0,32515.540116060605,43233.86294008823,62492.77431971568,68782.48732738386,82189.25310155611,100023.61476942663,108139.28246466564,112710.85378019541,145975.28256469656,47830.295138378875,65850.29513837887,47830.295138378875,53850.295138378875,16617.177095282306,62900.71332452811,87112.9949953262,23010.23926560434,50525.04015901216,93995.60599052011,19980.295138378875
34634.63463463464,45713.85982748831,61201.96896033804,74569.48157807358,118229.39241174277,29979.545306144533,70561.4684429972,100155.01333409033,34606.80633168679,52757.44119481828,65421.80020191421,74907.53071515655,86115.14496132819,106641.1642386232,135700.84221734758,30274.23097506086,40651.91685165239,69008.97269841502,70623.57550942924,79268.99315896598,96220.7969267267,101763.53678839031,119237.38264664501,0.0,32555.082088560415,43273.392916041084,62570.99390411663,68860.62693674146,82270.59432451871,100116.62673038925,108244.08607265231,112830.95092278766,146124.40304829934,47908.67569441068,65928.67569441069,47908.67569441068,53928.67569441068,16655.945550018885,62980.00582251719,87230.07571069596,23049.754247228146,50603.155405792226,94113.11743021169,20058.675694410682
34674.67467467468,45754.951430819514,61279.58862125924,74647.27058477639,118346.42493499276,30018.32985112433,70640.02963862142,100272.8171891402,34646.26249452875,52808.324583526846,65497.68462552172,74983.36132159468,86191.60942569117,106757.20612590614,135814.9636739646,30313.030355104373,40692.8399695359,69087.35392623059,70701.99305379899,79349.36581039369,96312.09961817185,101872.77239868637,119347.01601177412,0.0,32594.62457327149,43312.922135668414,62649.2167759247,68938.77004768414,82351.92776008646,100209.58369990556,108348.94484463883,112951.04399605736,146273.5550963828,47987.058892961984,66007.05889296198,47987.058892961984,54007.058892961984,16694.7158555185,63059.29755319316,87347.16327017428,23089.268996347415,50681.27421250673,94230.63347003183,20137.058892961984
34714.71471471472,45796.03712825347,61357.21466265154,74725.06419119399,118463.46292899121,30057.11609231197,70718.59285648249,100390.62523452319,34685.71898357057,52859.18031445984,65573.57961717583,75059.19929377177,86268.08216545069,106873.25736076188,135929.09535921726,30351.83140731555,40733.76161654838,69165.73779731126,70780.41311795932,79429.73553705026,96403.3127181154,101982.09190179117,119456.67372608907,0.0,32634.167569901918,43352.45060671636,62727.442925303,69016.91664985503,82433.25344857294,100302.48577295122,108453.85869587254,113071.13302471346,146422.73858383915,48065.444727772556,66085.44472777256,48065.444727772556,54085.444727772556,16733.488007754466,63138.58852734273,87464.25764822047,23128.783517203043,50759.39656868454,94348.15409743009,20215.444727772556
34754.75475475476,45837.116956151236,61434.84705280945,74802.8623826077,118580.50637884125,30095.90402647119,70797.15809315574,100508.43745818027,34725.175800051016,52910.00846467616,65649.48514488548,75135.04462692735,86344.56315545381,106989.31790929349,136043.2372469296,30390.634128582864,40774.68179607164,69244.12430538378,70858.83569619361,79510.10235189286,96494.43696499866,102091.49457961308,119566.35571808275,0.0,32673.711078156586,43391.97833687409,62805.67234246055,69095.0667329419,82514.57143007431,100395.33304688375,108558.82753915881,113191.21803333776,146571.9533861365,48143.83319260241,66163.83319260241,48143.83319260241,54163.83319260241,16772.262002711737,63217.87875566683,87581.35881942866,23168.297814005353,50837.5224638988,94465.67929990307,20293.83319260241
34794.7947947948,45878.190950593875,61512.485760268784,74880.66514436381,118697.55526970173,30134.69365037341,70875.72534522085,100626.25384810186,34764.6329451957,52960.80911111977,65725.40117671384,75210.89731618462,86421.05237062353,107105.38773777208,136157.3893110147,30429.438515801594,40815.600511478406,69322.5134441955,70937.2607828028,79590.46626782442,96585.47309615705,102200.9797151537,119676.06191644295,0.0,32713.255097737594,43431.5053337751,62883.90501765228,69173.22028667718,82595.88174447084,100488.12562141006,108663.85128489487,113311.29904638536,146721.19937931714,48222.22428123205,66242.22428123205,48222.22428123205,54242.22428123205,16811.037836387288,63297.16824878176,87698.46675852712,23207.81189093469,50915.65188776697,94583.20906499447,20372.224281232047
34834.83483483484,45919.2591473849,61590.13075380393,74958.47246187336,118814.60958678654,30173.484960797534,70954.2946092618,100744.0743923272,34804.090420217195,53011.582330618156,65801.32768077913,75286.75735655159,86497.5497859589,107221.4668126363,136271.55152547403,30468.24456587363,40856.51776613196,69400.9052075141,71015.68837210513,79670.82729769358,96676.42184761525,102310.54659271141,119785.7922500523,0.0,32752.799628344055,43471.03160499723,62962.14094117862,69251.37730083786,82677.18443142777,100580.8635985527,108768.92984110359,113431.37608818541,146870.4764399945,48300.61798746218,66320.61798746217,48300.61798746218,54320.61798746218,16849.81550478976,63376.4570172195,87815.58144037731,23247.3257521414,50993.78482995043,94700.74338029473,20450.61798746218
34874.87487487488,45960.32158205302,61667.78200242568,75036.28432061149,118931.6693153647,30212.277954530004,71032.86588186688,100861.8990789443,34843.54822631495,53062.32819988104,65877.26462525505,75362.62474292252,86574.05537653473,107337.55510049057,136385.7238643972,30507.05227570751,40897.433563386556,69479.29958912784,71094.11845843613,79751.18545429505,96767.28395388929,102420.19449807896,119895.5466479885,0.0,32792.34466967234,43510.557158063195,63040.3801033852,69329.53776524485,82758.47953039677,100673.54708261647,108874.06311346684,113551.44918294088,147019.7844453507,48379.01430511373,66399.01430511373,48379.01430511373,54399.01430511373,16888.595003939576,63455.74507142871,87932.70283997289,23286.839401746143,51071.92128015426,94818.28223344078,20529.014305113727
34914.914914914916,46001.37828985469,61745.43947537883,75114.10070611733,119048.73444075987,30251.07262836475,71111.43915962876,100979.72789608955,34883.006364675646,53113.046795498994,65953.21197837166,75438.49947007935,86650.56911750184,107453.65256810459,136499.90630196178,30545.861642218402,40938.34790658711,69557.69658284512,71172.55103614865,79831.54075036988,96858.06014779434,102529.92271873428,120005.32503952383,0.0,32831.89022141593,43550.08200044095,63118.62249466245,69407.70166976296,82839.76708061669,100766.17618015478,108979.25100535978,113671.51835472946,147169.1232731338,48457.41322802769,66477.4132280277,48457.41322802769,54477.41322802769,16927.376329868923,63535.032421775184,88049.83093243896,23326.352843840075,51150.061228126986,94935.825612116,20607.41322802769
34954.95495495496,46042.42930577675,61823.10314213984,75191.92160399357,119165.80494835027,30289.868979103194,71190.01443914446,101097.56083194766,34922.46483647306,53163.73819394218,66029.16970841613,75514.38153269308,86727.09098408665,107569.75918241206,136614.09881243258,30584.67266232812,40979.260799069336,69636.0961824946,71250.98609961267,79911.89319860534,96948.75116025994,102639.73054402534,120115.12735412549,0.0,32871.43628326553,43589.60613954437,63196.86810544552,69485.86900430074,82921.047121115,100858.75099993599,109084.49341788466,113791.58362750354,147318.4928016556,48535.8147500651,66555.8147500651,48535.8147500651,54555.8147500651,16966.159478621536,63614.31907854259,88166.9656930312,23365.866082485092,51228.204663660414,95053.37350404978,20685.814750065103
34994.994994995,46083.474664538895,61900.7729724146,75269.74699990606,119282.88082356812,30328.667003554234,71268.59171701543,101215.39787475104,34961.92364286844,53214.40247155905,66105.1377837331,75590.27092532525,86803.62095159132,107685.87491050974,136728.30137016135,30623.48533296507,41020.172244159985,69714.49838192514,71329.42364321518,79992.24281163557,97039.3577201505,102749.6172653485,120224.95352145535,0.0,32910.982854909045,43629.129582733265,63275.11692621372,69564.03975880987,83002.31969070871,100951.27165290955,109189.79024990511,113911.64502509087,147467.89290978893,48614.21886510691,66634.2188651069,48614.21886510691,54634.21886510691,17004.944446252826,63693.60505193313,88284.10709713475,23405.379121713984,51306.351576589266,95170.92589701747,20764.21886510691
35035.03503503504,46124.51440059625,61978.448936136134,75347.57687958349,119399.96205189971,30367.46669853418,71347.1709898475,101333.23901278,35001.38278501033,53265.03970457504,66181.11617272565,75666.16764242909,86880.15899539381,107801.99971965652,136842.51394958686,30662.299651064244,41061.08224517649,69792.90317500543,71407.86366136037,80072.58960204152,97129.88055409251,102859.58217632059,120334.80347137006,0.0,32950.529936031686,43668.652337314255,63353.36894749035,69642.2139232853,83083.58482800561,101043.73825217191,109295.14139808032,114031.70257119481,147617.3234769647,48692.625567053896,66712.6255670539,48692.625567053896,54712.625567053896,17043.731228829754,63772.89035206825,88401.25512026368,23444.891965530685,51384.50195679103,95288.48277883999,20842.625567053896
35075.07507507508,46165.54854814183,62056.13100346248,75425.41122881706,119517.04861888502,30406.268060866765,71425.75225425095,101451.08423436206,35040.84226403486,53315.64996909131,66257.10484385575,75742.071678351,86956.7050909473,107918.13357727206,136956.73652523386,30701.115613567217,41101.99080542721,69871.3105556243,71486.30614846924,80152.93358235109,97220.32038630825,102969.62457294477,120444.67713392068,0.0,32990.07752631594,43708.17441054089,63431.624159842475,69720.39148776475,83164.84257140529,101136.15091293273,109400.54675689913,114151.75628939486,147766.78438316984,48771.034849826596,66791.0348498266,48771.034849826596,54791.034849826596,17082.519822430775,63852.17498898915,88518.40973805985,23484.404617910426,51462.65579418566,95406.0441373837,20921.034849826596
35115.11511511512,46206.57714110907,62133.81914477437,75503.25003346021,119634.14051011752,30445.071087383203,71504.33550684055,101568.93352787211,35080.30208106578,53366.23334108365,66333.10376564496,75817.98302733203,87033.25921378084,108034.27645093639,137070.96907171333,30739.9332174222,41142.897928211634,69949.72051769035,71564.75109897985,80233.2747650397,97310.67793845481,103079.74375377066,120554.5744393531,0.0,33029.62562544168,43747.69580961422,63509.88255388049,69798.57244232859,83246.09295910038,101228.50975248078,109506.00621871467,114271.80620314719,147916.27550894482,48849.446707365285,66869.44670736528,48849.446707365285,54869.446707365285,17121.310223145905,63931.458972657645,88635.5709262923,23523.917082800086,51540.81307873545,95523.60996056031,20999.446707365285
35155.15515515516,46247.60021317411,62211.513330673,75581.09327942808,119751.23771124361,30483.875774921973,71582.92074423542,101686.78688173172,35119.762237214505,53416.789896401046,66409.11290667512,75893.90168350884,87109.82133949849,108150.42830838838,137185.21156372153,30778.752459583848,41183.80361681995,70028.13305513204,71643.19850734694,80313.61316253,97400.95392946998,103189.93902004768,120664.4953181073,0.0,33069.174233086,43787.2165416831,63588.14412025785,69876.7567770995,83327.33602907747,101320.81489014959,109611.51967377856,114391.85233578451,148065.7967353805,48927.8611336297,66947.8611336297,48927.8611336297,54947.8611336297,17160.10242707646,64010.742312956514,88752.73866085614,23563.429364118143,51618.9738004446,95641.18023632637,21077.861133629704
35195.1951951952,46288.61779775837,62289.213531978174,75658.94095269736,119868.3402079629,30522.682120329013,71661.50796305932,101804.64428440927,35159.22273358039,53467.31971076472,66485.13223558865,75969.82764091544,87186.39144377992,108266.58911752503,137299.46397604025,30817.573337013455,41224.707874533364,70106.54816189727,71721.64836804208,80393.94878719244,97491.14907542375,103300.20967587328,120774.43970081792,0.0,33108.723348923486,43826.73661384468,63666.40884967084,69954.94448224227,83408.57181911837,101413.06644728355,109717.08701027537,114511.89471051711,148215.3479441164,49006.2781225992,67026.27812259921,49006.2781225992,55026.2781225992,17198.89643033524,64090.02501969042,88869.91291777193,23602.94146575509,51697.137949359196,95758.75495268332,21156.2781225992
35235.23523523524,46329.6299280309,62366.91971972586,75736.79303930589,119985.44798602758,30561.49012045762,71740.09715994052,101922.5057244195,35198.68357125067,53517.82285976688,66561.16172108962,76045.76089348429,87262.96950237997,108382.75884640038,137413.726283536,30856.39584667886,41265.610704624305,70184.96583195397,71800.10067555367,80474.28165134545,97581.26408937566,103410.55502833462,120884.40751831379,0.0,33148.272972626146,43866.25603314489,63744.676732858396,70033.13554796364,83489.80036680112,101505.26454720357,109822.70811435724,114631.93335043303,148364.92901733756,49084.69766827255,67104.69766827255,49084.69766827255,55104.69766827255,17237.69222904642,64169.30710258644,88987.09367318479,23642.453391573603,51775.3055155669,95876.33409767716,21234.69766827255
35275.27527527528,46370.63663691057,62444.63186516617,75814.6495253522,120102.56103124212,30600.299772168313,71818.68833151164,102040.37119032332,35238.144751300526,53568.29941886944,66637.20133194374,76121.70143504745,87339.5554911286,108498.93746322466,137527.99846115994,30895.219985554315,41306.512110355965,70263.38605928922,71878.55542438652,80554.6117672555,97671.29968123803,103520.97438764472,120994.39870161783,0.0,33187.82310386331,43905.77480657848,63822.947760601426,70111.32996451182,83571.02170950106,101597.40931517282,109928.38287017806,114751.96827849845,148514.53983777214,49163.11976466776,67183.11976466776,49163.11976466776,55183.11976466776,17276.48981934534,64248.58857129448,89104.28090336345,23681.965145408572,51853.47648919655,95993.91765939814,21313.11976466776
35315.31531531532,46411.637957068575,62522.349939761356,75892.51039699542,120219.67932946331,30639.111072329,71897.28147440999,102158.24067072751,35277.60627479326,53618.74946340312,66713.2510369795,76197.64925933818,87416.14938593071,108615.12493636317,137642.28048394728,30934.04575062065,41347.4120949827,70341.80883790966,71957.01260906219,80634.93914713724,97761.25655764501,103631.46706727287,121104.41318194702,0.0,33227.37374230186,43945.292941089996,63901.22192372302,70189.52772217657,83652.235884392,101689.50087836257,110034.11115992823,114871.99951755811,148664.18028868944,49241.54440582217,67261.54440582218,49241.54440582217,55261.54440582217,17315.28919737869,64327.869435388246,89221.47458469958,23721.4767310675,51931.65086041823,96111.50562598079,21391.54440582217
35355.35535535536,46452.63392093076,62600.07391518382,75970.37564045479,120336.80286659996,30677.92401781492,71975.87658527747,102276.11415428465,35317.0681427806,53669.17306856629,66789.31080508837,76273.60435999205,87492.75116276645,108731.32123433551,137756.57232701706,30972.873138865245,41388.31066174999,70420.2341618413,72035.47222411874,80715.26380315394,97851.1354218274,103742.0323840694,121214.45089071264,0.0,33266.92488760623,43984.81044357363,63979.49921308788,70267.72881128869,83733.44292844724,101781.53936581797,110139.89286386908,114992.02709033593,148813.8502538967,49319.97158579234,67339.97158579234,49319.97158579234,55339.97158579234,17354.090359304384,64407.14970436562,89338.674693707,23760.988152330647,52009.82861944287,96229.0979856035,21469.971585792337
35395.3953953954,46493.6245606797,62677.80376331382,76048.24524200932,120453.93162861234,30716.738605508464,72054.47366076041,102393.99162969255,35356.53035630226,53719.570309423725,66865.3806052254,76349.56673054816,87569.3607976906,108847.52632581454,137870.87396557198,31011.702147281845,41429.20781389437,70498.66202512945,72113.93426411056,80795.58574741764,97940.93697349221,103852.66965838507,121324.51175951932,0.0,33306.476539438154,44024.327320873985,64057.77961960206,70345.93322221993,83814.64287844062,101873.52490842386,110245.72786036704,115112.05101943546,148963.54961773695,49398.40129865381,67418.4012986538,49398.40129865381,55418.40129865381,17392.893301291457,64486.42938764934,89455.88120702063,23800.49941295107,52088.00975652196,96346.69472648838,21548.401298653807
35435.43543543544,46534.60990825718,62755.53945623788,76126.11918799757,120571.06560151235,30755.55483229941,72133.07269750992,102511.87308569442,35395.99291638664,53769.94126090578,66941.46040640978,76425.53636445053,87645.97826683287,108963.74017962541,137985.18537489773,31050.532772870774,41470.10355464353,70577.09242183862,72192.39872360858,80875.90499198914,98030.66190870902,103963.37821418459,121434.59572016579,0.0,33346.02869745723,44063.84357978627,64136.0631342128,70424.14094538277,83895.8357709478,101965.45763887047,110351.6160259287,115232.07132733996,149113.27826508647,49476.83353850125,67496.83353850125,49476.83353850125,55496.83353850125,17431.698019520132,64565.70849458758,89573.09410139603,23840.010516655075,52166.19426194753,96464.29583690112,21626.833538501247
35475.475475475476,46575.589995366245,62833.28096624632,76203.99746481716,120688.20477136297,30794.372695084676,72211.67369218159,102629.75851107828,35435.455824050456,53820.28599780716,67017.55017772553,76501.51325504918,87722.60354639759,109079.96276474465,138099.50653036273,31089.365012638744,41510.99788721628,70655.52534605228,72270.86559719994,80956.22154887846,98120.31091980016,104074.15737915537,121544.70270464418,0.0,33385.581361320386,44103.3592270567,64214.34974790817,70502.35197123006,83977.0216423469,102057.33769161941,110457.55723523442,115352.08803641328,149263.0360813525,49555.26829944818,67575.26829944819,49555.26829944818,55575.26829944818,17470.504510181636,64644.987034454585,89690.3133537083,23879.52146714218,52244.38212605173,96581.90130515062,21705.26829944818
35515.515515515515,46616.56485347355,62911.02826583169,76281.88005892475,120805.34912427832,30833.1921907685,72290.27664143575,102747.64789467701,35474.91908029918,53870.60459478602,67093.64988832167,76577.49739560159,87799.23661266369,109196.1940502993,138213.8374074181,31128.198863598995,41551.890814822706,70733.9607918732,72349.33487948817,81036.53543004504,98209.88469523756,104185.0064848107,121654.83264514021,0.0,33425.13453068228,44142.874269383086,64292.63945171691,70580.56629025494,84058.20052882005,102149.16520286954,110563.55136117333,115472.1011689002,149412.8229524704,49633.70557562708,67653.70557562707,49633.70557562708,55653.70557562708,17509.312769478405,64724.26501645122,89807.5389409516,23919.032268085484,52322.57333920675,96699.511119589,21783.70557562708
35555.555555555555,46657.53451381132,62988.781327686585,76359.76695683523,120922.49864642296,30872.01331626215,72368.88154193718,102865.54122536775,35514.38268612676,53920.897126362805,67169.75950741288,76653.48877927357,87875.87744198463,109312.43400556582,138328.1779815968,31167.034322771055,41592.78234066391,70812.3987534228,72427.80656509282,81116.84664739747,98299.38391954353,104295.92486658783,121764.98547403279,0.0,33464.68820519507,44182.388713414795,64370.93223670787,70658.78389299041,84139.37246635402,102240.94031052271,110669.59827487709,115592.11074692672,149562.6387649016,49712.145361189025,67732.14536118903,49712.145361189025,55732.145361189025,17548.12279362361,64803.542449705514,89924.77084023794,23958.542923131583,52400.767891824406,96817.1252686111,21862.145361189025
35595.5955955956,46698.49900737983,63066.54012470201,76437.65814512194,121039.65332401232,30910.836068484292,72447.4883903556,102983.43849207216,35553.84664251612,53971.16366691954,67245.87900428023,76729.48739914095,87952.52601078807,109428.68259996959,138442.52822851366,31205.871387181076,41633.67246793248,70890.83922484168,72506.28064864979,81197.15521279458,98388.80927319737,104406.91186394109,121875.16112389418,0.0,33504.2423845088,44221.90256575364,64449.22809399028,70737.0047700095,84220.53749074173,102332.66315415021,110775.69784575453,115712.11679250069,149712.48340563086,49790.58765030403,67810.58765030402,49790.58765030403,55810.58765030403,17586.934578841698,64882.81934327346,90042.00902879692,23998.053435901176,52478.96577435624,96934.74374065467,21940.587650304027
35635.63563563564,46739.45836494918,63144.304629965045,76515.55361041595,121156.81314331174,30949.660444360557,72526.09718336516,103101.33968375572,35593.310950438885,54021.4042906985,67322.00834827112,76805.49324819024,88029.18229557619,109544.93980308338,138556.88812386504,31244.71005386143,41674.561199812066,70969.28220028889,72584.75712481084,81277.46113804459,98478.1614325464,104517.96682043017,121985.3595274895,0.0,33543.7970682709,44261.41583295372,64527.52701471283,70815.22891192444,84301.69563758271,102424.33387495854,110881.84994152548,115832.1193275123,149862.35676216386,49869.03243716048,67889.03243716048,49869.03243716048,55889.03243716048,17625.748121367782,64962.095706139204,90159.25348397445,24037.563809988776,52557.16697729293,97052.36652419974,22019.03243716048
35675.67567567568,46780.41261706167,63222.074816757486,76593.45333940597,121273.9780906367,30988.486440823828,72604.70791764479,103219.24478942773,35632.775610855766,54071.619071801586,67398.14750880022,76881.50631932027,88105.84627292518,109661.20558462702,138671.25764342817,31283.550319850954,41715.44853947767,71047.72767394243,72663.23598824385,81357.76443490616,98567.44106972226,104629.08908380353,122095.58061777677,0.0,33583.35225612673,44300.9285215223,64605.828990064,70893.45630938702,84382.8469422847,102515.95261575564,110988.05442825484,115952.11837373437,150012.25872252497,49947.479715965455,67967.47971596546,49947.479715965455,55967.479715965455,17664.56341744797,65041.37154721599,90276.50418323242,24077.07404896326,52635.37149116438,97169.99360776873,22097.479715965455
35715.71571571572,46821.36179403376,63299.850658553645,76671.35731883795,121391.14815235247,31027.314054814084,72683.32058987819,103337.15379814108,35672.24062471642,54121.80808418921,67474.2964553498,76957.52660534316,88182.51791948521,109777.47991446615,138785.63676306122,31322.39218219492,41756.33449009563,71126.17563999887,72741.71723363269,81438.06511508819,98656.64885256153,104740.27800607705,122205.8243279068,0.0,33622.90794771935,44340.44063791982,64684.134011271395,70971.68695308796,84463.99144006442,102607.51952091738,111094.31117038669,116072.11395282303,150162.18917525455,50025.929480944455,68045.92948094445,50025.929480944455,56045.929480944455,17703.380463339177,65120.646875346516,90393.76110414768,24116.584156367884,52713.57930653932,97287.62497992616,22175.929480944455
35755.75575575576,46862.305925958164,63377.63212901864,76749.26553551482,121508.32331487394,31066.14328327844,72761.93519675371,103455.06669899198,35711.70599295971,54171.97140167948,67550.45515746996,77033.55409898552,88259.19721198059,109893.76276261164,138900.02545870282,31361.23563794492,41797.21905482356,71204.62609267334,72820.20085567707,81518.36319025015,98745.78544453098,104851.53294360827,122316.09059122286,0.0,33662.46414268948,44379.9521885604,64762.44206960177,71049.92083375703,84545.12916594867,102699.03473635376,111200.6200307779,116192.10608631803,150312.14800940684,50104.38172634139,68124.38172634138,50104.38172634139,56124.38172634139,17742.199255309155,65199.92169930363,90511.02422441138,24156.09413572049,52791.79041402525,97405.2606292784,22254.381726341388
35795.7957957958,46903.245042705894,63455.4192020066,76827.17797629608,121625.50356466527,31104.97412317109,72840.55173496445,103572.98348111985,35751.17171651371,54222.109097947265,67626.62358477945,77109.5887928896,88335.88412720928,110010.05409921835,139014.4237063715,31400.080684158933,41838.10223681051,71283.07902619944,72898.68684909254,81598.65867200201,98834.85150465756,104962.8532571659,122426.37934126072,0.0,33702.02084067577,44419.46317981212,64840.75315636056,71128.15794216245,84626.26015477526,102790.49840947549,111306.9808707321,116312.0947956434,150462.1351145474,50182.836446418456,68202.83644641846,50182.836446418456,56202.836446418456,17781.01978963641,65279.19602779075,90628.29352182824,24195.60399051372,52870.004804268065,97522.90054447358,22332.836446418456
35835.83583583584,46944.17917392819,63533.21185155877,76905.09462809758,121742.6888882396,31143.806571453228,72919.17020120818,103690.90413370669,35790.637796295734,54272.221246523244,67702.80170696562,77185.63067961442,88412.57864204296,110126.3538945845,139128.83148216567,31438.927317901213,41878.98403919682,71361.5344348291,72977.1752086104,81678.95157190486,98923.84768746243,105074.23831199534,122536.69051174814,0.0,33741.5780413145,44458.97361799746,64919.067262891745,71206.39826911103,84707.38444119412,102881.91068916064,111413.39355003278,116432.0801021078,150612.15038075033,50261.29363545604,68281.29363545604,50261.29363545604,56281.29363545604,17819.84206261004,65358.46986944241,90745.56897431565,24235.11372421506,52948.2224679519,97640.54471420117,22411.293635456037
35875.87587587588,46985.10834905868,63611.01005190195,76983.01547789123,121859.87927215913,31182.640625093194,72997.79059218758,103808.82864597745,35830.10423321254,54322.30792079321,67778.98949378531,77261.67975163703,88489.28073342715,110242.66211915074,139243.24876226325,31477.77553624243,41919.8644651143,71439.9923128327,73055.66592897769,81759.24190147084,99012.7746428994,105185.68747787963,122647.024036605,0.0,33781.135744239946,44498.483509393656,64997.3843805776,71284.64180544767,84788.50205966839,102973.27172572145,111519.8579269773,116552.06202690484,150762.1936985966,50339.75328775275,68359.75328775274,50339.75328775275,56359.75328775275,17858.666070529995,65437.74323282501,90862.85055990325,24274.62334026721,53026.44339579897,97758.19312719206,22489.75328775275
35915.91591591592,47026.032597315265,63688.81377744657,77060.94051270469,121977.07470303462,31221.476281066356,73076.41290461001,103926.75700719946,35869.571028160426,54372.369193997176,67855.18691506499,77337.73600135349,88565.9903783804,110358.9787434994,139357.67552292108,31516.62533625957,41960.74351768619,71518.45265449879,73134.15900495714,81839.52967216333,99101.63301629768,105297.20012919657,122757.37984994301,0.0,33820.693949084176,44537.99286023295,65075.70450083845,71362.8885420554,84869.61304447534,103064.58167087121,111626.37385840988,116672.04059111406,150912.26495917127,50418.21539762528,68438.21539762529,50418.21539762528,56438.21539762528,17897.49180970678,65517.016126437185,90980.13825673188,24314.13284208819,53104.667578569395,97875.84577221825,22568.21539762528
35955.95595595596,47066.95194770198,63766.62300278499,77138.86971962097,122094.27516752516,31260.313536355043,73155.03713518765,104044.68920668215,35909.03818202509,54422.405139228424,67931.39394070109,77413.79942108004,88642.7075539949,110475.30373835334,139472.11174047503,31555.476715035868,42001.621200027126,71596.91545413405,73212.65443132698,81919.81489539728,99190.42344830817,105408.7756449712,122867.75788606552,0.0,33860.25265547715,44577.5016767031,65154.02761513234,71441.13846985498,84950.7174297073,103155.8406776913,111732.94119975471,116792.01581570075,151062.3640540611,50496.67995940828,68516.67995940827,50496.67995940828,56516.67995940828,17936.31927646148,65596.28855871031,91097.43204305306,24353.64223307139,53182.895007060855,97993.50263809258,22646.679959408277
35995.995995995996,47107.866429011076,63844.4377026899,77216.8030857782,122211.48065233816,31299.15238794861,73233.66328063741,104162.62523377697,35948.505695682084,54472.415829432866,68007.61054066058,77489.87000305424,88719.432237436,110591.63707457541,139586.5573913391,31594.329669660892,42042.497515243296,71675.3807060633,73291.15220288101,82000.09758253924,99279.14657485434,105520.4134089254,122978.15807946715,0.0,33899.811863046736,44617.009964947414,65232.35371495494,71519.39157980471,85031.81524927288,103247.04890059849,111839.55980504901,116911.98772151709,151212.49087535212,50575.14696745433,68595.14696745433,50575.14696745433,56595.14696745433,17975.148467125742,65675.56053800913,91214.73189722812,24393.151516585876,53261.12567210848,98111.16371366865,22725.146967454333
36036.036036036036,47148.776069824846,63922.2578521125,77294.74059836942,122328.69114422888,31337.992832843396,73312.29133768109,104280.56507787725,35987.97356999651,54522.40133740821,68083.83668498123,77565.94773943606,88796.16440594211,110707.97872316753,139701.01245200573,31633.184197230512,42083.372466432425,71753.84840462943,73369.65231442853,82080.37774490772,99367.80302708622,105632.11280952257,123088.58036483396,0.0,33939.371571418684,44656.517731065476,65310.68279183911,71597.6478629003,85112.90653689779,103338.20649531228,111946.22952697595,117031.95632930222,151362.6453156274,50653.61641613392,68673.61641613391,50653.61641613392,56673.61641613392,18013.979378041768,65754.8320726323,91332.03779772771,24432.660695976567,53339.359564584636,98228.82898784056,22803.61641613392
36076.076076076075,47189.680898517545,64000.0834261809,77372.68224464217,122445.90663000039,31376.834868042697,73390.9213030453,104398.50872841777,36027.44180582339,54572.361735803126,68160.07234377196,77642.0326223089,88872.90403682456,110824.3286552697,139815.4768990451,31672.040294846818,42124.24605668364,71832.31854419314,73448.15476079422,82160.65539377322,99456.39343133863,105743.8732400095,123199.02467704285,0.0,33978.93178021681,44696.024981113296,65389.014837354865,71675.90731017457,85193.99132612592,103429.31361882249,112052.95021689704,117151.92165968264,151512.82726796487,50732.08829983525,68752.08829983525,50732.08829983525,56752.08829983525,18052.812005562148,65834.1031708128,91449.34972313078,24472.169774564303,53417.596675398716,98346.49844954273,22882.088299835254
36116.116116116114,47230.58094325726,64077.91440019852,77450.6280118982,122563.12709650335,31415.678490556795,73469.55317346146,104516.45617487475,36066.910404007634,54622.29709711661,68236.31748721337,77718.1246436808,88949.65110746764,110940.68684215941,139929.95070910492,31710.897959618225,42165.11828907776,71910.7911191331,73526.65953681817,82240.93054035862,99544.91840909285,105855.69409845427,123309.49095116163,0.0,34018.49248906288,44735.53172110357,65467.34984310908,71754.16991269743,85275.06965032034,103520.37042935714,112159.72172488482,117271.8837331734,151663.03662593465,50810.562612964335,68830.56261296434,50810.562612964335,56830.562612964335,18091.64634605009,65913.37384071866,91566.66765212426,24511.67875564615,53495.83699549702,98464.17208774984,22960.562612964335
36156.156156156154,47271.476232007684,64155.750749642284,77528.57788749321,122680.35253063554,31454.52369740281,73548.18694566582,104634.40740676541,36106.37936538404,54672.20749369705,68312.57208555771,77794.22379548536,89026.40559532813,111057.0532552505,140044.4338589099,31749.757188659318,42205.98916668707,71989.26612384571,73605.16663735567,82321.20319583913,99633.37857694147,105967.57478778041,123419.97912244874,0.0,34058.05369757652,44775.03795700615,65545.68780074512,71832.43566157532,85356.14154266429,103611.3770863502,112266.54389975494,117391.84257017754,151813.2732835968,50889.03934994469,68909.03934994468,50889.03934994469,56909.03934994469,18130.48239587898,65992.64409045313,91683.99156350197,24551.187642495366,53574.08051586235,98581.84989147633,23039.039349944687
36196.1961961962,47312.36679253011,64233.59245016124,77606.53185883668,122797.58291934204,31493.370485604875,73626.82261639959,104752.36241364808,36145.848690777595,54722.09299774181,68388.83610912983,77870.330069583,89103.16747793573,111173.42786609285,140158.9263252618,31788.617979091003,42246.85869257559,72067.7435527452,73683.6760572774,82401.47337134276,99721.7745465571,106079.51471579837,123530.48912635277,0.0,34097.61540537561,44814.54369474827,65624.02870194282,71910.70454795146,85437.2070361621,103702.33375040977,112373.41658909843,117511.79819098758,151963.53713549915,50967.518505217515,68987.51850521751,50967.518505217515,56987.518505217515,18169.32015143273,66071.91392805558,91801.32143616426,24590.696438361832,53652.327227514055,98699.53184977666,23117.518505217515
36236.23623623624,47353.25265238504,64311.43947757473,77684.48991339124,122914.81824961462,31532.218852193935,73705.46018240869,104870.32118512163,36185.31838100335,54771.953681296196,68465.10952832669,77946.44345776172,89179.93673289212,111289.8106463709,140273.42808503885,31827.480328040318,42287.72686979882,72146.22340026329,73762.18779146901,82481.74107795017,99810.106924664,106191.51329523305,123641.0208985126,0.0,34137.177612075866,44854.04894021493,65702.37253841807,71988.97656300518,85518.26616364016,103793.24058328662,112480.33963931323,117631.75061578528,152113.82807667478,51046.00007324141,69066.00007324142,51046.00007324141,57066.00007324141,18208.159609105474,66151.18336150172,91918.65724911707,24630.205146471963,53730.57712150767,98817.21795174462,23196.000073241412
36276.27627627628,47394.13383893415,64389.291807871086,77762.45203867281,123032.05850849181,31571.06879420788,73784.09964044407,104988.28371082549,36224.788436866605,54821.78961625301,68541.3923136185,78022.56395173844,89256.71333787171,111406.20156790347,140387.9391151956,31866.344232640593,42328.59370140407,72224.70566084934,73840.70183483156,82562.0063266953,99898.37631301311,106303.5699437488,123751.5743747571,0.0,34176.74031729135,44893.553699249336,65780.71930192274,72067.25169795219,85599.31895774808,103884.09774784249,112587.31289563619,117751.69986464255,152264.14600263993,51124.48404849248,69144.48404849248,51124.48404849248,57144.48404849248,18247.000765301724,66230.45239870428,92035.99898147146,24669.713770029055,53808.83018893479,98934.90818651358,23274.48404849248
36316.31631631632,47435.010379341875,64467.14941720574,77840.41822225002,123149.30368305858,31609.92030869135,73862.74098726145,105106.24998043936,36264.258859162874,54871.6008743517,68617.68443554835,78098.69154315977,89333.49727062079,111522.60060264247,140502.45939276245,31905.20969003125,42369.459190430105,72303.19032897023,73919.21818228086,82642.26912856499,99986.58330835977,106415.68408397057,123862.14949110454,0.0,34216.303520633795,44933.05797765276,65859.06898424428,72145.52994404384,85680.36545095933,103974.90540801907,112694.33620217419,117871.64595752177,152414.4908093913,51202.97042546405,69222.97042546405,51202.97042546405,57222.97042546405,18285.843616436097,66309.7210475133,92153.34661244278,24709.222312213285,53887.08642092284,99052.60254325603,23352.970425464053
36356.35635635636,47475.882300577374,64545.012281899915,77918.38845174403,123266.55376044601,31648.77339269591,73941.38421962151,105224.2199836831,36303.72964867813,54921.38752717785,68693.98586473311,78174.82622360332,89410.2885089576,111639.0077226725,140616.98889484536,31944.076697357974,42410.323339907634,72381.67739911025,73997.73682874798,82722.52949449982,100074.72850244498,106527.8551435031,123972.74618376298,0.0,34255.867221713466,44972.56178118555,65937.4215772057,72223.8112925675,85761.40567557258,104065.66372880685,112801.40940193569,117991.5889142765,152564.86239340456,51281.45919866684,69301.45919866684,51281.45919866684,57301.45919866684,18324.688158933553,66388.9893157169,92270.70012135008,24748.730776182038,53965.34580863494,99170.30101118355,23431.45919866684
36396.3963963964,47516.749629416125,64622.88037843911,77996.36271482822,123383.80872783143,31687.628043279958,74020.02933428987,105342.19371031635,36343.200806188805,54971.149646162485,68770.2965718632,78250.96798457846,89487.08703077259,111755.42290020976,140731.52759862586,31982.945251772613,42451.186152858994,72460.16686577103,74076.25776917883,82802.78743539375,100162.812481979,106640.0825549463,124083.3643891293,0.0,34295.43142013852,45012.06511556683,66015.77707266525,72302.09573484593,85842.43966371237,104156.37287621447,112908.53233686127,118111.52875465158,152715.26065163105,51359.950362628726,69379.95036262873,51359.950362628726,57379.950362628726,18363.534389229164,66468.25721104158,92388.05948761545,24788.23916506997,54043.60834326966,99288.00357954655,23509.950362628726
36436.43643643644,47557.61239244168,64700.7536834715,78074.34099922806,123501.06857243768,31726.484257508644,74098.67632803696,105460.17115013859,36382.672332461785,55020.88730258141,68846.61652770327,78327.1168175274,89563.89281402767,111871.84610760144,140846.07548136008,32021.81535043317,42492.04763229824,72538.65872347151,74154.78099853426,82883.04296209462,100250.83582862782,106752.36575590863,124194.00404378957,0.0,34334.99611551544,45051.56798647521,66094.1354625161,72380.38326223727,85923.46744733027,104247.03301723814,113015.70484785477,118231.46549828403,152865.68548149604,51438.443911894734,69458.44391189473,51438.443911894734,57458.443911894734,18402.382303768165,66547.52474115274,92505.42469076329,24827.747481989183,54121.8740160609,99405.71023763412,23588.443911894734
36476.47647647648,47598.47061604732,64778.63217380639,78152.32329272052,123618.33328153346,31765.34203245392,74177.32519763829,105578.15229298854,36422.14422825465,55070.600567554604,68922.94570309215,78403.27271382627,89640.70583675652,111988.2773173249,140960.63252037932,32060.686990503757,42532.907781231246,72617.15296674782,74233.30651178991,82963.29608540423,100338.79911900272,106864.7041890172,124304.66508451848,0.0,34374.56130744879,45091.070399548844,66172.4967386863,72458.67386613486,86004.48905820565,104337.64431983135,113122.92677481349,118351.39916470333,153016.13678089663,51516.93984102692,69536.93984102692,51516.93984102692,57536.93984102692,18441.23189900584,66626.79191365515,92622.79571041978,24867.25573002935,54200.142818277556,99523.42097477386,23666.93984102692
36516.51651651652,47639.32432643783,64856.51582641291,78230.30958313418,123735.60284243267,31804.201365194534,74255.97593987423,105696.1371287444,36461.61649431562,55120.28951204571,68999.28406894341,78479.43566478604,89717.52607706416,112104.71650198691,141075.198693089,32099.56016915468,42573.76660265564,72695.64959015325,74311.83430393631,83043.54681607854,100426.70292465175,106977.09730192593,124415.34744827906,0.0,34414.1269955413,45130.57236038592,66250.86089313848,72536.96753796694,86085.50452794674,104428.20695287485,113230.1979566586,118471.32977333198,153166.61444819934,51595.4381446044,69615.4381446044,51595.4381446044,57615.4381446044,18480.08317140757,66706.05873609352,92740.17252631212,24906.763912257968,54278.41474122355,99641.13578033168,23745.4381446044
36556.55655655656,47680.17354963103,64934.404618418404,78308.2998583485,123852.87724249452,31843.062252815944,74334.62855153004,105814.12564732338,36501.08913138362,55169.954206861294,69075.6315962454,78555.60566165339,89794.35351312687,112221.16363432273,141189.77397696854,32138.434883562302,42614.6240995609,72774.14858825815,74390.36436997863,83123.79516482788,100514.54781205399,107089.54454732052,124526.05107222265,0.0,34453.69317939401,45170.07387454479,66329.2279178696,72615.26426919646,86166.51388799149,104518.72108614666,113337.51823136501,118591.25734348592,153317.11838223727,51673.93881722312,69693.93881722313,51673.93881722312,57693.93881722312,18518.936117448728,66785.32521595279,92857.55511826786,24946.272031720393,54356.6897762374,99758.85464371159,23823.93881722312
36596.5965965966,47721.01831145954,65012.29852710702,78386.29410629405,123970.1564691232,31881.924692410375,74413.28302939606,105932.11783868144,36540.56214018849,55219.59472265046,69151.98825606168,78631.78269561191,89871.1881231922,112337.61868719565,141304.35834957132,32177.311130909147,42655.48027492838,72852.64995564986,74468.89670493675,83204.041142317,100602.33434261635,107202.04538292187,124636.77589368832,0.0,34493.25985860626,45209.57494754439,66407.5978049108,72693.56405132113,86247.51716960873,104609.18689029283,113444.88743599132,118711.18189437504,153467.6484823091,51752.44185349596,69772.44185349596,51752.44185349596,57772.44185349596,18557.790733614675,66864.5913606588,92974.9434662144,24985.780091440065,54434.967914692264,99876.57755435555,23902.441853495962
36636.63663663664,47761.858637572295,65090.19752991842,78464.2923149519,124087.44050976749,31920.788681076727,74491.93937026741,106050.11369281344,36580.03552145088,55269.21112990412,69228.35401953098,78707.96675778282,89948.02988557867,112454.08163359592,141418.95178852425,32216.188908383778,42696.3351317312,72931.15368693262,74547.43130384512,83284.2847591655,100690.0630726725,107314.59927148646,124747.52185020303,0.0,34532.82703277545,45249.07558486453,66485.9705463271,72771.86687587287,86328.51440389868,104699.60453679804,113552.30540670901,118831.10344510399,153618.20464817563,51830.94724805253,69850.94724805253,51830.94724805253,57850.94724805253,18596.64701640074,66943.85717757861,93092.33755017824,25025.288094418614,54513.24914799558,99994.30450174339,23980.94724805253
36676.67667667668,47802.694553436275,65168.10160444617,78542.29447235342,124204.72935192092,31959.654215920644,74570.5975709444,106168.11319975252,36619.50927588251,55318.80349895459,69304.72885786791,78784.15783922614,90024.87877867563,112570.55244664021,141533.5542715273,32255.068213180883,42737.18867293449,73009.65977672761,74625.96816175285,83364.52602594784,100777.73455348398,107427.20568080505,124858.2888794808,0.0,34572.39470149753,45288.575791946125,66564.34613421737,72850.17273441787,86409.50562179438,104789.97419795641,113659.77197883179,118951.02201467202,153768.78678005832,51909.45499553919,69929.45499553918,51909.45499553919,57929.45499553919,18635.504962312123,67023.12267402104,93209.73735028441,25064.796043636103,54591.533467588975,100112.0354753925,24059.454995539192
36716.71671671672,47843.52608433804,65246.01072843649,78620.30056658013,124322.02298312131,31998.521294054466,74649.25762823221,106286.11634957028,36658.98340418612,55368.37189997508,69381.11274236272,78860.35593094146,90101.73478094317,112687.03109957089,141648.16577635345,32293.94904250125,42778.0409014953,73088.1682196728,74704.50727372358,83444.76495319363,100865.3493312434,107539.86408369904,124969.07691942298,0.0,34611.96286436661,45328.07557419165,66642.72456071398,72928.48161855641,86490.49085406229,104880.29604684311,113767.28698684482,119070.9376219743,153919.39477863675,51987.96509061899,70007.96509061899,51987.96509061899,58007.96509061899,18674.364567863988,67102.38785723713,93327.14284675589,25104.303942051098,54669.82086494816,100229.77046485772,24137.965090618993
36756.75675675676,47884.35325538517,65323.924879786704,78698.31058576319,124439.3213909506,32037.389912597082,74727.91953894099,106404.12313237619,36698.45790705547,55417.91640297894,69457.5056443816,78936.5610238689,90178.5978709119,112803.51756575493,141762.7862808482,32332.831393551583,42818.891820362405,73166.67901042273,74783.04863483517,83525.00155138758,100952.90794707982,107652.57395801462,125079.88590811749,0.0,34651.531520975055,45367.57493696507,66721.10581798249,73006.79351992237,86571.4701313031,104970.57025728548,113874.85026443265,119190.8502858017,154070.0285450464,52066.47752797142,70086.47752797142,52066.47752797142,58086.47752797142,18713.225829581155,67181.65273442044,93444.5540199127,25143.811792600747,54748.11133158243,100347.50945973108,24216.477527971423
36796.7967967968,47925.17609150818,65401.84403654415,78776.32451808351,124556.62456303497,32076.260068674233,74806.58329988594,106522.13353831792,36737.93278517571,55467.43707781959,69533.9075353673,79012.7731088902,90255.46802718288,112920.01181868382,141877.41576292933,32371.715263544866,42859.7414324769,73245.19214364883,74861.59224018024,83605.23583097002,101040.41093706602,107765.3347866156,125190.71578383908,0.0,34691.10067091382,45407.07388559267,66799.48989822177,73085.10843018364,86652.44348395316,105060.79700383527,113982.46164450841,119310.76002484161,154220.6879808767,52144.9923022927,70164.9923022927,52144.9923022927,58164.9923022927,18752.088743998473,67260.91731270782,93561.97085017181,25183.31959820119,54826.404859035036,100465.25244964188,24294.992302292703
36836.83683683684,47965.99461746166,65479.76817690463,78854.3423517711,124673.93248704393,32115.131759418116,74885.24890788729,106640.14755758058,36777.40803922311,55516.9339941896,69610.31838683883,79088.99217682937,90332.34522842741,113036.51383197209,141992.05420058683,32410.600649699925,42900.58974077159,73323.70761403895,74940.13808486555,83685.4678023369,101127.8588322276,107878.14605737358,125301.56648504852,0.0,34730.67031377206,45446.57242536277,66877.87679366351,73163.42634104118,86733.41094228484,105150.97646174036,114090.12095924144,119430.66685767847,154371.37298816867,52223.50940829533,70243.50940829533,52223.50940829533,58243.50940829533,18790.953307660435,67340.18159917952,93679.39331804604,25222.827361747375,54904.70143888242,100582.99942425618,24373.50940829533
36876.87687687688,48006.80885782601,65557.69727921099,78932.36407510511,124791.24515069081,32154.00498196759,74963.91635977011,106758.16518038695,36816.88366986523,55566.40722162047,69686.73817039191,79165.21821845378,90409.22945338674,113153.02357935716,142106.7015718823,32449.487549241618,42941.436748171356,73402.22541629752,75018.6861640121,83765.69747583984,101215.25215855378,107991.00726315696,125412.43795039252,0.0,34770.24044913733,45486.070561526445,66956.26649657206,73241.74724422951,86814.37253640775,105241.10880691724,114197.82804008515,119550.57080279413,154522.08346941258,52302.02884070822,70322.02884070823,52302.02884070822,58322.02884070822,18829.81951712123,67419.44560085975,93796.8214041437,25262.335086113413,54983.00106273438,100700.75037327685,24452.02884070822
36916.91691691692,48047.618837008966,65635.63132195202,79010.38967641328,124908.56254173232,32192.87973346815,75042.58565236471,106876.18639699709,36856.35967776118,55615.856829482174,69763.16685769903,79241.45122447501,90486.12068087228,113269.54103469834,142221.35785494867,32488.37595940093,42982.28245759319,73480.74554514537,75097.23647275534,83845.9248617867,101302.59143701014,108103.91790181796,125523.33011870357,0.0,34809.81107659562,45525.568299297556,67034.65899924439,73320.07113151613,86895.32829626945,105331.19421592382,114305.5827178048,119670.47187856851,154672.81932754628,52380.55059427665,70400.55059427665,52380.55059427665,58400.55059427665,18868.687368944826,67498.70932471723,93914.25508916787,25301.842774152683,55061.30372223386,100818.5052864434,24530.550594276647
36956.95695695696,48088.42457924701,65713.5702837611,79088.41914407202,125025.88464796821,32231.75601107183,75121.25678250629,106994.21119770815,36895.836063561444,55665.28288698255,69839.60442050977,79317.69118554972,90563.018889765,113386.06617197608,142336.02302799007,32527.265877414742,43023.126871946,73559.2679953198,75175.78900624474,83926.14997044124,101389.87718355295,108216.87747617786,125634.24292899933,0.0,34849.38219573142,45565.065643853086,67113.05429400972,73398.39799470147,86976.27825165656,105421.23286593221,114413.3848225044,119790.37010327986,154823.5804659522,52459.07466376209,70479.07466376209,52459.07466376209,58479.07466376209,18907.556859704782,67577.97277766552,94031.69435391598,25341.35042869794,55139.6094090567,100936.26415353162,24609.07466376209
36996.996996997,48129.226108606905,65791.51414341477,79166.45246650587,125143.21145724143,32270.633811937245,75199.92974703512,107112.23957285433,36935.312827908056,55714.68546316709,69916.05083065103,79393.93809228057,90639.92405901564,113502.5989652916,142450.69706928165,32566.15730052593,43063.96999413095,73637.79276157438,75254.34375964399,84006.37281202382,101477.10990914486,108329.88549401128,125745.17632048271,0.0,34888.95380612751,45604.56260033356,67191.45237322943,73476.72782561873,87057.22243219549,105511.22493470206,114521.23418365396,119910.26549510541,154974.36678845627,52537.60104394224,70557.60104394224,52537.60104394224,58557.60104394224,18946.427985984323,67657.23596656337,94149.13917927901,25380.858052561503,55217.9181149115,101054.0269643537,24687.60104394224
37037.03703703704,48170.02344898716,65869.46287983155,79244.48963218744,125260.54295743744,32309.513133229553,75278.60454279654,107230.2715128066,36974.7899714347,55764.06462691836,69992.50606002694,79470.19193521708,90716.83616764436,113619.13938886582,142565.37995716892,32605.050225983374,43104.8118270412,73716.31983867893,75332.90072813086,84086.59339671119,101564.29011977231,108442.94146802806,125856.1302325412,0.0,34928.52590736534,45644.05917384303,67269.85322929683,73555.06061613369,87138.16086735332,105601.17060055396,114629.13063011592,120030.158072122,155125.17819932482,52616.1297296109,70636.1297296109,52616.1297296109,58636.1297296109,18985.300744376284,67736.49889821534,94266.58954624108,25420.36564853535,55296.22983153948,101171.79370875786,24766.129729610897
37077.077077077076,48210.81662411941,65947.41647207069,79322.53062963701,125377.87913648447,32348.393972120433,75357.28116664084,107348.30700797241,37014.26749476666,55813.42044695563,70068.97008061921,79546.45270485643,90793.75519474063,113735.6874170388,142680.07167006793,32643.94465104188,43145.65237356199,73794.84922141946,75411.45990689709,84166.8117346369,101651.41831646432,108556.04491585467,125967.10460474688,0.0,34968.09849902471,45683.5553694497,67348.25685463691,73633.39635814447,87219.09358643886,105691.07004234352,114737.07399017148,120150.04785230625,155276.01460326297,52694.6607155779,70714.66071557789,52694.6607155779,58714.6607155779,19024.17513148296,67815.76157937208,94384.04543587865,25459.87321939128,55374.54455071421,101289.5643766282,24844.6607155779
37117.117117117115,48251.60565756995,66025.37489933093,79400.57544742238,125495.2199823531,32387.276325788094,75435.95961542346,107466.34604879573,37053.74539852103,55862.75299183453,70145.44286448721,79622.72039164443,90870.68111946297,113852.24302426897,142794.77218646446,32682.840572962217,43186.49163657082,73873.3809045981,75490.0212911485,84247.02783589132,101738.49499531245,108669.19536001349,126078.09937685585,0.0,35007.671580684,45723.051192185754,67426.66324170626,73711.73504358146,87300.02061860333,105780.92343943528,114845.06409154704,120269.93485353523,155426.87590541248,52773.19399666909,70793.19399666908,52773.19399666909,58793.19399666909,19063.051143916266,67895.0240167308,94501.50682936021,25499.38076788106,55452.86226424156,101407.33895788464,24923.19399666909
37157.15715715716,48292.390572741075,66103.33814094908,79478.6240741586,125612.56548305618,32426.16019141722,75514.63988600484,107584.38862575668,37093.22368330668,55912.06232994665,70221.92438376829,79698.99498597627,90947.61392103894,113968.80618513263,142909.48148491426,32721.737989011075,43227.32961893732,73951.91488303307,75568.58487610475,84327.241710522,101825.52064749233,108782.39232790146,126189.11448880807,0.0,35047.245151920055,45762.546647048126,67505.07238299282,73790.07666440707,87380.94199284134,105870.73097167736,114953.10076143937,120389.81909358705,155577.76201134932,52851.729567726245,70871.72956772624,52851.729567726245,58871.729567726245,19101.92877829755,67974.28621693565,94618.97370794554,25538.888296736557,55531.182963959494,101525.11744248269,25001.729567726245
37197.1971971972,48333.17139287254,66181.30617639919,79556.67649850766,125729.91562664842,32465.045566198984,75593.32197525047,107702.43472937141,37132.70234972432,55961.34852951913,70298.41461067762,79775.27647819741,91024.55357876488,114085.37687432299,143024.19954404232,32760.636896461056,43268.16632352331,74030.45115155852,75647.15065699945,84407.45336853346,101912.4957592863,108895.63535176672,126300.1498807268,0.0,35086.81921230834,45802.041738998334,67583.48427101564,73868.42121261556,87461.85773799167,105960.49281937596,115061.18382654143,120509.70059014106,155728.6728270817,52930.26742360696,70950.26742360696,52930.26742360696,58950.26742360696,19140.80803125762,68053.54818657819,94736.44605298505,25578.395808669862,55609.5066417378,101642.89982041322,25080.267423606958
37237.23723723724,48373.94814104297,66259.27898529088,79634.73270917845,125847.27040122659,32503.932447331088,75672.00588003105,107820.48435019203,37172.18139836674,56010.61165861442,70374.91351750866,79851.56485860451,91101.5000720059,114201.95506664991,143138.926342543,32799.53729259077,43309.00175318288,74108.9897050246,75725.71862908007,84487.66281988815,101999.42081210722,109008.92396868512,126411.20549291896,0.0,35126.39376142282,45841.53647296307,67661.8988983249,73946.76868023303,87542.76788273835,106050.20916327073,115169.31311306737,120629.57936077873,155879.60825904837,53008.80755918473,71028.80755918473,53008.80755918473,59028.80755918473,19179.68889943677,68132.80993219785,94853.92384591958,25617.90330637352,55687.83328947817,101760.6860817025,25158.80755918473
37277.27727727728,48414.72084017103,66337.25654736836,79712.79269492609,125964.62979492886,32542.820832017496,75750.69159722209,107938.53747880616,37211.66082981847,56059.85178512968,70451.42107663286,79927.86011744587,91178.45338019537,114318.54073703857,143253.66185917932,32838.43917468451,43349.83591076218,74187.53053829723,75804.28878760769,84567.8700745056,102086.29628252311,109122.25772053457,126522.28126587384,0.0,35165.96879883606,45881.03085383414,67740.31625750131,74025.11905931684,87623.67245561114,106139.88018450979,115277.48844677731,120749.45542298359,156030.56821411577,53087.34996934859,71107.34996934858,53087.34996934859,59107.34996934859,19218.571379484485,68212.07146028202,94971.40706827928,25657.41079252036,55766.16289911367,101878.47621641171,25237.349969348586
37317.31731731732,48455.48951301717,66415.23884250945,79790.85644455225,126081.99379593506,32581.710717468835,75829.37912370442,108056.59410583717,37251.14064465642,56109.06897679687,70527.93726050042,80004.16224492283,91255.41348283508,114435.13386052952,143368.40607278323,32877.34254003268,43390.6687990999,74266.07364625827,75882.86112785732,84648.07514226343,102173.12264228362,109235.63615396916,126633.37714026342,0.0,35205.544324119284,45920.52488646901,67818.73634115647,74103.47234195602,87704.57148498687,106229.50606462586,115385.7096530021,120869.3287941425,156181.55259957665,53165.89464900348,71185.89464900349,53165.89464900348,59185.89464900348,19257.455468059816,68291.332777267,95088.89570168362,25696.918269764148,55844.495462609004,101996.27021463728,25315.89464900348
37357.35735735736,48496.254182184595,66493.22585072397,79868.9239469044,126199.3623924662,32620.602100901975,75908.06845636384,108174.65422194352,37290.62084344939,56158.263301182,70604.46204163965,80080.47123119005,91332.38035949503,114551.73441227758,143483.15896225473,32916.24738593142,43431.50042102684,74344.61902380516,75961.43564511754,84728.27803299713,102259.90035834641,109349.05882039177,126744.49305694201,0.0,35245.12033684231,45960.01857569093,67897.15914193226,74181.82852027065,87785.46499908986,106319.08698551176,115493.9765566671,120989.19949154535,156332.5613231476,53244.44159306978,71264.44159306979,53244.44159306978,59264.44159306978,19296.34116183102,68370.59388953785,95206.38972784046,25736.425740739225,55922.830971959964,102114.06806651014,25394.44159306978
37397.3973973974,48537.01487012083,66571.2175521529,79946.99519087592,126316.73557278432,32659.49497954028,75986.75959209127,108292.71781781895,37330.1014267585,56207.43482568508,70680.99539265773,80156.78706635672,91409.35398981321,114668.34236755117,143597.92050656205,32955.15370968278,43472.33077936611,74423.16666585111,76040.01233469053,84808.47875650028,102346.62989290543,109462.52527592613,126855.62895694563,0.0,35284.6968365735,45999.511926289146,67975.58465250094,74260.18758641183,87866.35302599308,106408.62312939705,115602.28898231634,121109.06753238606,156483.59429296706,53322.9907964835,71342.9907964835,53322.9907964835,59342.9907964835,19335.228457475663,68449.85480342913,95323.88912854569,25775.933208060906,56001.16941919354,102231.86976219606,25472.9907964835
37437.437437437446,48577.77159911892,66649.21392706709,80025.0701654057,126434.11332519253,32698.389350613405,76065.45252778265,108410.78488419217,37369.58239513708,56256.58361753973,70757.53728624048,80233.10974048701,91486.33435349519,114784.95770173192,143712.69068474107,32994.0615085946,43513.15987693323,74501.71656732491,76118.59119189208,84888.67732252472,102433.31170341952,109576.03508138766,126966.78478149188,0.0,35324.27382288003,46039.004943019274,68054.01286556457,74338.54953256153,87947.23559361868,106498.11467882445,115710.64675413608,121228.93293376268,156634.65141759344,53401.54225419607,71421.54225419607,53401.54225419607,59421.54225419607,19374.117351680507,68529.11552522516,95441.39388568256,25815.4406743255,56079.51079636757,102349.67529189514,25551.542254196072
37477.477477477485,48618.524391318824,66727.21495586628,80103.1488594779,126551.49563803463,32737.285211357444,76144.14726033912,108528.85541182663,37409.06374913077,56305.70974381293,70834.08769515241,80309.43924360105,91563.32143031448,114901.5803903137,143827.46947589546,33032.97077998064,43553.987716536016,74580.26872317088,76197.17221205158,84968.87374078092,102519.94624264198,109689.58780225375,127077.96047197943,0.0,35363.85129532763,46078.497630603364,68132.44377385538,74416.91435093252,88028.1127297392,106587.56181662699,115819.04969597791,121348.79571267837,156785.73260600265,53480.0959611744,71500.0959611744,53480.0959611744,59500.0959611744,19413.007841141596,68608.37606116042,95558.90398122114,25854.948142110537,56157.855095570725,102467.48464584193,25630.095961174397
37517.517517517525,48659.27326870864,66805.22061907774,80181.23126212173,126668.88249969465,32776.18255901479,76222.84378666684,108646.92939152045,37448.54548927762,56354.81327140473,70910.646592237,80385.77556567566,91640.3152001118,115018.21040890226,143942.25685919577,33071.88152116039,43594.81430097466,74658.82312834886,76275.75539051175,85049.06802093773,102606.53395865092,109803.18300863315,127189.15596998803,0.0,35403.42925348073,46117.98999373037,68210.87737013515,74495.28203376797,88108.98446197805,106676.9647259051,115927.49763138188,121468.65588604135,156936.83776758637,53558.651912400695,71578.6519124007,53558.651912400695,59578.651912400695,19451.899922564116,68687.63641741998,95676.41939721798,25894.455613974787,56236.20230892225,102585.29781430503,25708.651912400695
37557.557557557564,48700.01825312601,66883.23089735545,80259.31736241144,126786.27389859749,32815.081390834275,76301.54210367717,108765.00681410634,37488.027616108106,56403.89426704805,70987.21395041683,80462.11869664522,91717.31564279547,115134.84773321447,144057.05281387997,33110.793729459256,43635.6396330419,74737.37977783411,76354.34072262891,85129.26017262315,102693.07529488069,109916.82027523476,127300.37121727795,0.0,35443.007696902605,46157.482037056325,68289.3136471954,74573.65257334159,88189.85081781071,106766.32359000418,116035.99038359898,121588.51347066576,157087.9668121504,53637.210102872596,71657.2101028726,53637.210102872596,59657.210102872596,19490.79359266247,68766.89660013991,95793.94011581544,25933.963092458565,56314.552428571966,102703.11478758726,25787.210102872596
37597.5975975976,48740.759366259095,66961.24577147861,80337.40714946548,126903.66982320783,32853.981704070815,76380.24220828642,108883.08767045102,37527.51013014515,56452.95279730817,71063.7897426933,80538.46862640214,91794.32273834065,115251.49233907748,144171.85731925233,33149.707402208296,43676.46371552258,74815.9386666172,76432.92820377255,85209.4502054239,102779.57069015302,110030.4991813353,127411.60615578928,0.0,35482.58662515503,46196.97376520431,68367.75259785668,74652.02596195712,88270.71182456512,106855.63859249247,116144.5277756134,121708.36848327184,157239.1196499116,53715.770527602755,71735.77052760276,53715.770527602755,59735.770527602755,19529.68884815999,68846.15661540738,95911.46611924091,25973.470580083533,56392.90544669976,102820.93555602497,25865.770527602755
37637.63763763764,48781.496629648274,67039.26522235107,80415.5006124471,127021.07026203055,32892.883495985894,76458.94409741621,109001.17195145562,37566.993031904414,56501.98892858296,71140.37394214727,80614.82534479807,91871.33646678962,115368.14420242849,144286.67035468385,33188.62253674449,43717.2865511943,74894.49978970407,76511.51782932563,85289.63812888591,102866.02057871016,110144.21931074702,127522.86072764228,0.0,35522.16603779876,46236.46518276517,68446.1942149691,74730.40219194854,88351.56750942298,106944.90991713948,116253.10963016472,121828.22094048682,157390.29619149683,53794.333181619244,71814.33318161924,53794.333181619244,59814.333181619244,19568.585685789367,68925.41646926156,96028.99738980681,26012.978079353234,56471.261355515926,102938.76010998857,25944.333181619244
37677.67767767768,48822.23006468697,67117.2892309997,80493.59774056342,127138.47520361032,32931.78676384711,76537.64776799307,109119.25964805513,37606.476321893955,56551.00272710218,71216.96652193842,80691.18884164424,91948.35680825147,115484.80329931379,144401.49189961172,33227.53913041055,43758.108142827,74973.06314211589,76590.10959468446,85369.82395251447,102952.4253902474,110257.98025178441,127634.13487513663,0.0,35561.745934393126,46275.95629429742,68524.63849141158,74808.78125567964,88432.41789942008,107034.13774789416,116361.73576976938,121948.07085884499,157541.4963479407,53872.898059965104,71892.89805996511,53872.898059965104,59892.898059965104,19607.484102292095,69004.67616769351,96146.53390990972,26052.485592752913,56549.62014726059,103056.5884398818,26022.898059965104
37717.71771771772,48862.95969262316,67195.31777857378,80571.69852306566,127255.88463653144,32970.691504928414,76616.35321694889,109237.35075121826,37645.96000061471,56599.994258927574,71293.56745530611,80767.55910671229,92025.38374290173,115601.46960588839,144516.3219335389,33266.457180554935,43798.92849318318,75051.62871888897,76668.70349525844,85450.00768577444,103038.785549947,110371.78159723025,127745.4285407509,0.0,35601.3263144964,46315.44710432761,68603.085420092,74887.16314554404,88513.26302144752,107123.322268864,116470.40601674213,122067.91825478831,157692.7200306832,53951.46515769852,71971.46515769852,53951.46515769852,59971.46515769852,19646.384094418878,69083.93571664681,96264.07566202988,26091.9931227498,56627.9818142038,103174.42053614196,26101.46515769852
37757.75775775776,48903.68553456033,67273.35084634362,80649.80294924851,127373.29854941767,33009.597716509874,76695.06044122038,109355.44525194734,37685.44406856014,56648.963589952364,71370.1767155686,80843.93612973519,92102.41725098251,115718.14309841492,144631.16043603403,33305.37668453177,43839.74760501765,75130.1965150747,76747.29952647012,85530.18933809013,103125.10147851192,110485.62294430134,127856.74166714265,0.0,35640.90717766537,46354.9376173504,68681.53499394677,74965.54785396474,88594.10290225224,107212.4636642939,116579.12019321686,122187.76314466693,157843.96715156807,54030.03446989253,72050.03446989253,54030.03446989253,60050.03446989253,19685.285658929213,69163.19512201773,96381.62262873065,26131.500671793034,56706.346348645144,103292.25638923941,26180.034469892533
37797.7977977978,48944.407611459035,67351.38841569977,80727.91100845035,127490.71693093205,33048.50539587796,76773.76943774964,109473.54314127832,37724.928526216725,56697.91078590144,71446.79427612398,80920.31990040783,92179.45731280214,115834.82375326374,144746.00738673127,33344.297639701064,43880.56548107799,75208.76652573966,76825.89768375532,85610.36891884587,103211.37359220075,110599.50389461397,127968.07419714771,0.0,35680.488523456064,46394.42783782907,68759.98720594101,75043.93537339443,88674.9375684381,107301.56211854605,116687.87812116774,122307.60554473966,157995.23762284088,54108.605991635304,72128.6059916353,54108.605991635304,60128.605991635304,19724.188792591733,69242.45438965588,96499.1747926583,26171.008242314132,56784.71374291395,103410.09598967782,26258.605991635304
37837.83783783784,48985.12594413774,67429.43046815177,80806.0226900526,127608.13976977686,33087.41454032523,76852.48020348373,109591.64441028025,37764.41337406363,56746.835912330804,71523.42011044937,80996.71040838766,92256.50390873515,115951.51154691166,144860.8627653299,33383.220043428446,43921.38212410422,75287.33874596527,76904.49796256286,85690.5464373859,103297.6023028626,110713.42405414858,128079.42607378007,0.0,35720.07035142289,46433.91777019546,68838.4420490681,75122.32569631489,88755.76704646632,107390.61781607938,116796.6796224292,122427.44547117446,158146.53135714674,54187.17971802974,72207.17971802974,54187.17971802974,60207.17971802974,19763.093492183863,69321.71352536426,96616.73213654109,26210.515836726765,56863.08398936875,103527.93932799372,26337.179718029744
37877.87787787788,49025.84055327426,67507.47698532733,80884.13798347992,127725.56705469321,33126.325147150565,76931.19273537498,109709.74905005548,37803.898612573044,56795.739034627644,71600.05419210168,81073.1076432956,92333.55701922189,116068.20645594184,144975.7265515941,33422.14389308531,43962.197536829,75365.91317084807,76983.10035835471,85770.72190301468,103383.78801797233,110827.38303321405,128190.7972402313,0.0,35759.6526611194,46473.40741885046,68916.89951634963,75200.71881523718,88836.59136265668,107479.63094142974,116905.52451871624,122547.28294004877,158297.84826752864,54265.755644193676,72285.75564419368,54265.755644193676,60285.755644193676,19801.99975449202,69400.97253489992,96734.2946431891,26250.023457427087,56941.45708039745,103645.78639475648,26415.755644193676
37917.91791791792,49066.551459406735,67585.52794897114,80962.25687819949,127842.99877446104,33165.23721365891,77009.90703038071,109827.8570517392,37843.38424221007,56844.62021800999,71676.69649471715,81149.51159471653,92410.61662476837,116184.90845704272,145090.59872535247,33461.06918604871,44003.01172197747,75444.48979549929,77061.70486660567,85850.89532499686,103469.93114066664,110941.38044641195,128302.18763987029,0.0,35799.23545209793,46512.896788164,68995.35960083517,75279.11472270118,88917.41054318789,107568.60167919034,117014.41263164404,122667.1179673502,158449.18826742528,54344.33376525961,72364.33376525961,54344.33376525961,60364.33376525961,19840.907576311358,69480.231423974,96851.86229549347,26289.53110679377,57019.83300841694,103763.63718056811,26494.33376525961
37957.95795795796,49107.25868293497,67663.58334094404,81040.37936372131,127960.43491789898,33204.150737161464,77088.62308546346,109945.96840649952,37882.870263432895,56893.47952752668,71753.34699201165,81225.92225220022,92487.68270594627,116301.61752700778,145205.4792664983,33499.99591970144,44043.82468226756,75523.06861504514,77140.31148280363,85931.06671255785,103556.03206978,111055.41591260022,128413.59721624292,0.0,35838.81872390958,46552.38588247551,69073.82229560228,75357.51341127575,88998.22461409884,107657.53021399262,117123.34378274762,122786.9505689768,158600.55127066933,54422.91407637483,72442.91407637483,54422.91407637483,60442.91407637483,19879.816954445996,69559.49019825236,96969.43507642613,26329.03878718815,57098.21176587311,103881.49167606323,26572.91407637483
37997.997997998,49147.96224412137,67741.64314322181,81118.50542959763,128077.87547386388,33243.06571497551,77167.34089759091,110064.08310553714,37922.35667669262,56942.31702805709,71830.00565778051,81302.33960526175,92564.75524339269,116418.3336427348,145320.36815498877,33538.92409143185,44084.63642040966,75601.64962462644,77218.9202024492,86011.23607488332,103642.09119988084,111169.48905485641,128525.02591307159,0.0,35878.40247610446,46591.87470609377,69152.2875937561,75435.91487355827,89079.03360128895,107746.41673048682,117232.3177935007,122906.78076073757,158751.93719148517,54501.49657270118,72521.49657270117,54501.49657270118,60521.49657270118,19918.727885708722,69638.7488633557,97087.01296903915,26368.546500954297,57176.59334524057,103999.3498719087,26651.49657270118
38038.03803803804,49188.662163092355,67819.70733789448,81196.63506542286,128195.32043125122,33281.982144424604,77246.06046373586,110182.2011400852,37961.843482433775,56991.13278431115,71906.67246589891,81378.76364338247,92641.8342178099,116535.05678122537,145435.265370845,33577.85369863413,44125.44693910708,75680.23281939892,77297.53102105617,86091.40342112022,103728.108921309,111283.59950044123,128636.47367425507,0.0,35917.986708231605,46631.363263297775,69230.75548842941,75514.3191021748,89159.83753051923,107835.2614133241,117341.33448533487,123026.60855835301,158903.34594448746,54580.08124941523,72600.08124941523,54580.08124941523,60600.08124941523,19957.640366921223,69718.00742486014,97204.59595646433,26408.05425041927,57254.97773902271,104117.21175880369,26730.081249415227
38078.078078078084,49229.35845983915,67897.77590716505,81274.76826083333,128312.76977899417,33320.900022838236,77324.78178087622,110300.32250140933,38001.330681093765,57039.926860829,71983.34739032132,81455.19435601044,92718.91960996517,116651.78691958397,145550.17089415176,33616.78473870795,44166.2562410555,75758.81819453274,77376.14393415072,86171.56876037616,103814.08562021152,111397.74688076103,128747.94044386776,0.0,35957.571419838896,46670.85155833615,69309.2259727823,75592.72608977967,89240.63642741294,107924.06444713738,117450.39367965775,123146.4339774556,159054.77744467865,54658.66810170793,72678.66810170794,54658.66810170793,60678.66810170793,19996.554394913772,69797.26588829735,97322.18402191269,26447.562037893036,57333.36493975125,104235.07732747949,26808.66810170793
38118.118118118124,49270.051154219196,67975.8488333488,81352.90500550705,128430.22350606413,33359.81934755214,77403.50484599508,110418.44718080718,38040.81827310346,57088.699321981105,72060.03040508204,81531.63173256125,92796.01140069074,116768.52403501791,145665.0847050571,33655.71720905871,44207.06432894356,75837.40574521277,77454.7589372721,86251.73210172006,103900.02167858079,111511.93083133083,128859.4261661596,0.0,35997.15661047313,46710.33959542804,69387.69904000215,75671.13582905539,89321.4303174564,108012.82601652396,117559.49519787141,123266.25703358997,159206.23160744755,54737.2571247848,72757.25712478481,54737.2571247848,60757.2571247848,20035.469966525445,69876.524259155,97439.77714867398,26487.06986566873,57411.75493998637,104352.94656869932,26887.257124784803
38158.15815815816,49310.740265957036,68053.92609887218,81431.04528916358,128547.68160147015,33398.74011590808,77482.22965608064,110536.57516960848,38080.30625888695,57137.45023196793,72136.72148429492,81608.07576241862,92873.1095708833,116885.26810483617,145780.00678377223,33694.65110709739,44247.87120545246,75915.99546663836,77533.37602597209,86331.893454182,103985.91747429119,111626.15099173678,128970.93078555561,0.0,36036.74227968018,46749.82737876294,69466.17468330334,75749.5483127127,89402.21922599967,108101.54630602745,117668.63886139021,123386.07774221376,159357.7083485672,54815.84831386573,72835.84831386573,54815.84831386573,60835.84831386573,20074.38707860392,69955.7825428771,97557.37532011619,26526.577736022704,57490.14773231643,104470.81947325806,26965.848313865732
38198.1981981982,49351.4258146456,68132.00768627189,81509.18910156374,128665.14405425894,33437.66232525393,77560.95620812631,110654.70645917486,38119.79463886167,57186.179654819985,72213.42060215358,81684.52643493513,92950.2141015043,117002.01910644949,145894.9371105712,33733.586430240626,44288.67687325632,75994.58735402339,77611.99519581528,86412.0528267537,104071.77338113693,111740.40700559855,129082.45424665559,0.0,36076.328427004715,46789.31491250104,69544.6528959273,75827.96353349017,89483.00317825752,108190.2255001205,117777.82449165847,123505.8961186979,159509.20758419286,54894.44166418504,72914.44166418504,54894.44166418504,60914.44166418504,20113.30572800563,70035.0407448643,97674.97851968522,26566.085651214722,57568.543309357905,104588.6960319825,27044.44166418504
38238.23823823824,49392.107819747085,68210.09357819404,81587.33643250942,128782.61085351462,33476.585972943605,77639.68449913061,110772.84104089964,38159.283413438476,57234.88765439765,72290.12773293111,81760.98373943272,93027.3249735793,117118.77701736907,146009.87566579063,33772.52317591061,44329.48133502188,76073.18140259609,77690.61644237876,86492.21022838842,104157.58976886947,111854.69852053157,129193.99649423345,0.0,36115.91505199057,46828.80220077352,69623.13367114213,75906.3814841542,89563.78219930998,108278.86378318771,117887.0519101674,123625.71217832695,159660.72923086042,54973.03717099129,72993.03717099129,54973.03717099129,60993.03717099129,20152.225911595473,70114.29887047422,97792.58673090416,26605.59361348796,57646.941663755104,104706.57623573081,27123.037170991287
38278.27827827828,49432.786300594176,68288.18375739313,81665.4872718434,128900.08198835858,33515.51105633708,77718.41452609719,110890.97890620769,38198.77258302171,57283.57429439113,72366.84285098038,81837.44766520351,93104.44216819812,117235.54181520667,146124.82242982974,33811.46134153519,44370.28459340875,76151.77760759913,77769.2397612523,86572.36566800131,104243.36700323524,111969.02518810931,129305.5574732373,0.0,36155.502154180474,46868.2892476826,69701.61700224262,75984.80215749887,89644.55631410317,108367.46133950877,117996.32093847267,123745.52593629967,159812.2732054843,55051.63482954732,73071.63482954731,55051.63482954732,61071.63482954732,20191.14762624704,70193.55692502184,97910.19993737311,26645.10162506919,57725.34278818024,104824.46007539253,27201.63482954732
38318.31831831832,49473.46127639104,68366.27820673122,81743.64160944909,129017.55744794934,33554.43757280034,77797.14628603487,111009.12004655527,38238.262148009184,57332.239638320316,72443.56593073379,81913.9182015103,93181.56566651457,117352.31347767351,146239.77738314957,33850.400924547685,44411.086651069374,76230.37596428941,77847.86514803811,86652.51915446934,104329.1054460135,112083.3866638252,129417.13712878875,0.0,36195.08973311616,46907.77605730172,69780.10288254995,76063.22554634573,89725.32554745013,108456.01835324202,118105.6313982105,123865.33740772973,159963.83942535587,55130.234635130175,73150.23463513018,55130.234635130175,61150.234635130175,20230.070868842413,70272.81491377976,98027.81812276834,26684.60968816888,57803.74667533312,104942.3475418885,27280.234635130175
38358.35835835836,49514.132766214345,68444.37690917686,81821.7994352504,129135.0372214824,33593.36551970539,77875.87977595761,111127.26445342999,38277.75210879233,57380.88374953476,72520.29694670343,81990.39533758728,93258.6954497461,117469.09198257996,146354.74050627305,33889.34192238707,44451.88751064898,76308.9764679381,77926.49259835089,86732.67069663169,104414.80545505404,112197.78260705475,129528.73540618236,0.0,36234.67778833838,46947.262633676044,69858.59130541165,76141.65164354365,89806.08992403132,108544.53500840813,118214.98311111433,123985.14660764544,160115.427808141,55208.836583031,73228.83658303099,55208.836583031,61228.836583031,20268.995636272215,70352.07284197852,98145.44127084228,26724.11780498128,57882.15331794102,105060.2386261707,27358.836583031
38398.39839839841,49554.80078901442,68522.47984780453,81899.96073921141,129252.52129819003,33632.294894430255,77954.6149928846,111245.41211835045,38317.24246575614,57429.50669121365,72597.03587348096,82066.87906264066,93335.83149917395,117585.87730783518,146469.71177978517,33928.284332497875,44492.68717478573,76387.57911383064,78005.12210781791,86812.82030328986,104500.4673843153,112312.21268101767,129640.35225088583,0.0,36274.26631938705,46986.74898082238,69937.08226420148,76220.0804419689,89886.84946839577,108633.01148887456,118324.37589903089,124104.95355099114,160267.0382718789,55287.4406685551,73307.4406685551,55287.4406685551,61307.4406685551,20307.92192543557,70431.330714807,98263.06936542274,26763.6259776846,57960.5627087587,105178.13331922202,27437.4406685551
38438.43843843845,49595.46536361613,68600.58700579334,81978.12551133631,129370.00966734109,33671.2256943589,78033.35193384002,111363.56303286625,38356.733219279326,57478.10852636567,72673.7826857376,82143.36936584915,93412.97379614248,117702.6694314461,146584.69118433172,33967.22815233006,44533.4856461106,76466.18389726646,78083.75367207866,86892.96798320762,104586.09158390186,112426.67655273968,129751.98760853893,0.0,36313.85532580101,47026.23510272938,70015.57575231913,76298.51193452455,89967.60420496136,108721.44797833955,118433.80958393578,124224.75825262677,160418.67073497985,55366.04688702173,73386.04688702173,55366.04688702173,61386.04688702173,20346.849733240037,70510.58853741264,98380.70239041252,26803.13420844102,58038.974840568044,105296.03161205613,27516.04688702173
38478.478478478486,49636.12650872,68678.69836642654,82056.29374166914,129487.50231824102,33710.15791688132,78112.09059585335,111481.71718855784,38396.224369734264,57526.689317829034,72750.53735822407,82219.86623636479,93490.12232205975,117819.46833151726,146699.67870062008,34006.17337933926,44574.28292724746,76544.7908135592,78162.38728678509,86973.11374511154,104671.6784001028,112541.1738930145,129863.64142495357,0.0,36353.444807118176,47065.72100335796,70094.07176319024,76376.94611414091,90048.35415801589,108809.84466031703,118543.28398794908,124344.56072732892,160570.3251162234,55444.65523376418,73464.65523376418,55444.65523376418,61464.65523376418,20385.779056601627,70589.84631490182,98498.34032978909,26842.64249939688,58117.3897061781,105413.93349571753,27594.655233764177
38518.518518518526,49676.78424290313,68756.81391309033,82134.46542029345,129604.99924023144,33749.091559393346,78190.83097595914,111599.87457703627,38435.715917487105,57575.24912827133,72827.29986577074,82296.3696633134,93567.27705839649,117936.27398624987,146814.67430941822,34045.12001098649,44615.07902081311,76623.39985803643,78241.02294760139,87053.25759769074,104757.22817542925,112655.70437636599,129975.31364611327,0.0,36393.03476287564,47105.20668664125,70172.5702902661,76455.38297377495,90129.09935171768,108898.20171812159,118652.79893335066,124464.36098979111,160722.00133475685,55523.26570412958,73543.26570412959,55523.26570412958,61543.26570412958,20424.70989244469,70669.10405234013,98615.9831676039,26882.15085268271,58195.807298424836,105531.8389612812,27673.265704129582
38558.558558558565,49717.43858462035,68834.93362927332,82212.64053733235,129722.5004226902,33788.02661929689,78269.57307119713,111718.03518994311,38475.20786289784,57623.78802018968,72904.07018328733,82372.87963579517,93644.43798668629,118053.08637394196,146929.67799155513,34084.068044738364,44655.87392941736,76702.01102603978,78319.66065020407,87133.39954959738,104842.74124865241,112770.26768101021,130087.00421817286,0.0,36432.625192609514,47144.69215648507,70251.07132702367,76533.82250641029,90209.83981009635,108986.5193348539,118762.35424259474,124584.1590546241,160873.69931009295,55601.87829347905,73621.87829347905,55601.87829347905,61621.87829347905,20463.642237702086,70748.36175475278,98733.6308879823,26921.659270413453,58274.22761017112,105649.7479998526,27751.87829347905
38598.598598598604,49758.08955220501,68913.05749856532,82290.81908294818,129840.00585503114,33826.96309399967,78348.31687861221,111836.19901895037,38514.70020632038,57672.30605591051,72980.8482857631,82449.39614288535,93721.60508852571,118169.9054729869,147044.68972791993,34123.01747806693,44696.66765566289,76780.62431292473,78398.3003902818,87213.53960944666,104928.21795484115,112884.86348881735,130198.71308745773,0.0,36472.21609585503,47184.177416767794,70329.5748669653,76612.26470505717,90290.57555705338,109074.79769338603,118871.9497383247,124703.95493635631,161025.4189621085,55680.492997187415,73700.49299718742,55680.492997187415,61700.492997187415,20502.576089314847,70827.61942712477,98851.28347512265,26961.167754688435,58352.650634306425,105767.66060256737,27830.492997187415
38638.638638638644,49798.737163870166,68991.18550465694,82369.00104734224,129957.51552670404,33865.90098091542,78427.06239525441,111954.36605576021,38554.192948102456,57720.80329758972,73057.63414826672,82525.9191736349,93798.7783455737,118286.7312618738,147159.7094994621,34161.968308449796,44737.460202145434,76859.23971406072,78476.94216353554,87293.67778581695,105013.6586254,112999.49148527427,130310.44020046407,0.0,36511.80747214664,47223.66247134087,70408.08090361868,76690.70956275215,90371.30661636316,109163.0369763475,118981.5852433874,124823.7486494346,161177.16021104238,55759.10981064335,73779.10981064335,55759.10981064335,61779.10981064335,20541.51144423244,70906.8770744013,98968.94091329629,27000.67630759162,58431.07636374689,105885.57676059152,27909.10981064335
38678.67867867868,49839.381437709286,69069.31763133829,82447.18642075473,130075.0294271941,33904.84027746358,78505.8096181789,112072.5362921048,38593.686088585775,57769.279807212486,73134.42774594604,82602.44871707066,93875.9577395515,118403.56371918626,147274.737287191,34200.92053336985,44778.25157145364,76937.85722483083,78555.58596567815,87373.81408725001,105099.0635881064,113114.15135944626,130422.18550385756,0.0,36551.3993210177,47263.14732402867,70486.5894305366,76769.15707255813,90452.03301167325,109251.23736611145,119091.26058084707,124943.54020822435,161328.92297749378,55837.7287292491,73857.7287292491,55837.7287292491,61857.7287292491,20580.448299412536,70986.13470148797,99086.6031868468,27040.18493119149,58509.50479143498,106003.49646512084,27987.728729249102
38718.71871871872,49880.0223916976,69147.45386249857,82525.37519346461,130192.54754602243,33943.78098106976,78584.55854444609,112190.70971974655,38633.17962810621,57817.735646593545,73211.2290540286,82678.98476219663,93953.14325224252,118520.40282360227,147389.7730721759,34239.87415031575,44819.041766169474,77016.47684063214,78634.23179243495,87453.9485222513,105184.43316714869,113228.84280394008,130533.94894447413,0.0,36590.99164200106,47302.631978629266,70565.10044129702,76847.60722756415,90532.75476650559,109339.39904478102,119200.9755739993,125063.32962701019,161480.70718242048,55916.349748420806,73936.3497484208,55916.349748420806,61936.349748420806,20619.386651821194,71065.39231325132,99204.27028018991,27079.693627541517,58587.9359103396,106121.4197073813,28066.349748420806
38758.75875875876,49920.660043692566,69225.59418212494,82603.567355789,130310.06987274518,33982.723089165105,78663.30917112141,112308.88633047725,38672.67356699344,57866.17087737681,73288.03804782082,82755.52729799369,94030.33486549204,118637.24855389344,147504.81683554535,34278.82915678127,44859.830788867446,77095.09855687518,78712.87963954285,87534.08109928953,105269.7676831629,113343.56551486577,130645.73046931849,0.0,36630.584434628414,47342.11643891374,70643.61392950255,76926.06002088515,90613.4719042568,109427.52219417595,119310.73004638404,125183.1169199959,161632.5127471367,55994.97286358793,74014.97286358793,55994.97286358793,62014.97286358793,20658.326498432492,71144.64991451868,99321.94217781261,27119.202398679758,58666.36971345564,106239.34647862837,28144.97286358793
38798.7987987988,49961.29441143522,69303.73857430198,82681.76289808357,130427.59639695392,34021.66659918682,78742.06149527556,112427.06611611863,38712.16790557151,57914.585561035754,73364.85470270846,82832.07631342097,94107.5325612073,118754.10088892456,147619.86855848716,34317.78555026579,44900.618642115616,77173.72236898428,78791.52950275112,87614.2118267977,105355.06745327072,113458.31919179988,130757.53002556422,0.0,36670.17769843081,47381.60070862719,70722.12988878074,77004.51544566205,90694.18444819907,109515.60699581983,119420.52382179923,125302.90210130552,161784.33959331218,56073.59807019367,74093.59807019366,56073.59807019367,62093.59807019367,20697.26783622888,71223.90751007898,99439.61886427313,27158.711246629475,58744.80619380421,106357.27677014732,28223.59807019367
38838.83883883884,50001.92551255098,69381.88702321067,82759.9618107419,130545.12710827534,34060.61150857794,78820.81551398436,112545.24906852187,38751.66264415848,57962.97975887325,73441.67899415651,82908.6317974159,94184.7363213572,118870.95980765327,147734.92822224836,34356.74332827415,44941.40532847486,77252.34827239739,78870.18137782087,87694.34071317269,105440.33279111609,113573.1035377481,130869.34756055361,0.0,36709.77143293855,47421.08479148863,70800.64831278373,77082.97349506151,90774.89242148097,109603.65363092729,119530.35672431355,125422.68518498351,161936.18764296937,56152.22536369472,74172.22536369471,56152.22536369472,62172.22536369472,20736.210662200945,71303.16510468279,99557.30032420042,27198.22017339891,58823.24534443228,106475.21057325296,28302.22536369472
38878.87887887888,50042.553364550375,69460.03951312766,82838.16408419546,130662.66199637082,34099.55781478714,78899.57122432868,112663.4351795674,38791.15778306659,58011.353532021545,73518.51089770895,82985.19373889484,94261.94612797168,118987.82528912927,147849.99580813467,34395.70248831643,44982.19085049922,77330.97626256586,78948.83526052504,87774.46776677523,105525.56400690247,113687.91825910778,130981.18302179658,0.0,36749.365637680945,47460.56869119083,70879.16919518799,77161.43416227566,90855.59584712776,109691.66228039128,119640.2285782789,125542.46618499489,162088.05681848258,56230.85473956108,74250.85473956108,56230.85473956108,62250.85473956108,20775.154973347322,71382.42270304245,99674.98654229347,27237.729180981427,58901.68715841252,106593.1478792893,28380.85473956108
38918.91891891892,50083.17798483027,69538.19602842463,82916.36970891344,130780.20105093674,34138.50551526906,78978.32862339467,112781.62444116507,38830.653322602404,58059.70694144247,73595.35038898877,83061.76212675376,94339.16196314228,119104.69731249378,147965.07129751047,34434.663027908246,45022.975210735895,77409.60633495467,79027.49114664858,87854.59299593067,105610.76140742953,113802.76306563168,131093.0363569709,0.0,36788.960312186595,47500.05241140108,70957.69252969448,77239.89744052221,90936.29474804248,109779.6331247713,119750.13920834303,125662.24511522613,162239.94704257543,56309.486193276265,74329.48619327627,56309.486193276265,62329.486193276265,20814.10076667485,71461.68030983265,99792.67750332132,27277.23827135571,58980.13162884333,106711.08867962976,28459.486193276265
38958.95895895896,50123.79939067461,69616.35655356734,82994.57867540253,130897.74426170404,34177.454607484106,79057.08770827361,112899.81684525369,38870.14926306676,58108.04004792738,73672.19744369789,83138.33694986874,94416.38380902141,119221.57585697938,148080.15467179823,34473.62494457055,45063.75841172524,77488.23848504221,79106.14903198819,87934.71640892874,105695.92529612989,113917.63767039086,131204.9075139214,0.0,36828.55545598344,47539.535955761065,71036.21831002831,77318.3633230443,91016.98914700648,109867.56634428125,119860.08843946131,125782.02198948522,162391.85823831992,56388.119720337134,74408.11972033713,56388.119720337134,62408.119720337134,20853.048039198453,71540.93792969064,99910.37319212232,27316.74744648585,59058.57874884868,106829.03296567686,28538.119720337134
38998.998998999006,50164.4175992553,69694.52107311501,83072.7909742067,131015.29161843815,34216.40508889838,79135.84847606187,113018.01238380106,38909.64560475493,58156.352912097216,73749.05203761724,83214.91819709638,94493.61164782249,119338.46090190925,148195.24591247892,34512.58823582965,45104.540456000745,77566.87270832024,79184.8089123524,88014.83801402358,105781.05597310554,114032.54178973826,131316.7964406598,0.0,36868.151068598585,47579.01932788697,71114.74652993867,77396.83180311014,91097.67906668015,109955.46211877784,119970.07609690886,125901.79682150228,162543.79032913427,56466.75531625378,74486.75531625378,56466.75531625378,62486.75531625378,20891.996787941018,71620.19556721646,100028.07359360385,27356.256708321343,59137.02851157789,106946.98072886212,28616.75531625378
39039.039039039046,50205.03262763316,69772.68957171935,83151.00659590705,131132.84311093873,34255.356956983815,79214.61092386107,113136.21104880385,38949.14234795638,58204.645594402566,73825.91414660636,83291.50585727449,94570.8454618195,119455.35242669669,148310.34500109116,34551.55289921726,45145.32134608914,77645.50900029385,79263.47078356147,88094.95781943436,105866.15373516403,114147.4751432723,131428.7030853642,0.0,36907.747149558374,47618.50253136998,71193.27718319868,77475.30287401313,91178.36452960348,110043.32062774914,120080.10200629183,126021.56962493004,162695.74323878105,56545.39297654957,74565.39297654957,56545.39297654957,62565.39297654957,20930.94700993361,71699.45322697317,100145.77869274194,27395.76605879728,59215.48091020556,107064.93196064587,28695.39297654957
39079.079079079085,50245.64449275876,69850.86203412405,83229.22553112164,131250.39872903973,34294.310209218034,79293.37504877777,113254.41283228734,38988.639492955146,58252.918155123654,73902.78374660357,83368.09991922244,94648.08523334682,119572.25041084454,148425.45191923113,34590.518932270395,45186.10108451033,77724.14735648141,79342.1346414473,88175.07583334486,105951.21887585463,114262.43745380093,131540.6273963785,0.0,36947.34369838844,47657.98556977604,71271.81026360526,77553.77652907159,91259.04555819681,110131.14205030362,120190.16599355891,126141.34041334403,162847.7168913658,56624.032696761045,74644.03269676105,56624.032696761045,62644.032696761045,20969.898702215134,71778.71091348724,100263.48847458078,27435.275499834413,59293.93593793147,107182.88665251726,28774.032696761045
39119.119119119125,50286.25321147326,69929.0384451639,83307.44777050515,131367.95846260915,34333.26484308437,79372.14084792387,113372.61772630533,39028.13704002969,58301.17065437058,73979.66081362581,83444.70037174184,94725.33094479938,119689.15483394492,148540.56664855275,34629.48633253137,45226.8796737774,77802.78777241455,79420.80048185354,88255.19206390405,106036.25168550413,114377.42844730552,131652.56932221234,0.0,36986.94071461366,47697.46844664629,71350.34576497899,77632.2527616287,91339.72217476155,110218.92656515902,120300.2678850122,126261.10920024314,162999.7112113351,56702.67447243786,74722.67447243785,56702.67447243786,62722.67447243786,21008.851861832525,71857.96863124878,100381.20292423229,27474.785033339198,59372.39358798039,107300.84479599397,28852.67447243786
39159.159159159164,50326.85880050952,70007.21878976414,83385.67330474917,131485.52230154883,34372.22085607203,79450.90831841648,113490.82572294024,39067.634989453116,58349.40315208334,74056.54532376878,83521.30720361715,94802.58257863222,119806.06567567869,148655.68917076706,34668.455097548016,45267.65711639688,77881.4302436382,79499.46830063558,88335.30651922608,106121.25245125269,114492.44785290543,131764.52881154043,0.0,37026.538197758346,47736.9511654974,71428.88368116418,77710.7315650525,91420.39440148094,110306.67435063212,120410.40750731825,126380.8759990501,163151.72612347527,56781.31829914291,74801.3182991429,56781.31829914291,62801.31829914291,21047.806485840825,71937.22638471192,100498.92202687601,27514.294661204152,59450.85385360218,107418.80638262242,28931.318299142913
39199.1991991992,50367.4612764925,70085.40305293957,83463.90212458125,131603.09023579437,34411.17824567568,79529.67745737752,113609.03681430254,39107.13334149291,58397.615708031706,74133.43725320627,83597.92040361567,94879.84011736017,119922.98291581463,148770.819467642,34707.4252248732,45308.43341486835,77960.07476571012,79578.13809366005,88415.41920739046,106206.22145708864,114607.49540282229,131876.50581320224,0.0,37066.136147346006,47776.43372982129,71507.42400602828,77789.21293273538,91501.06226042035,110394.38558462795,120520.58468751817,126500.6408231117,163303.76155290997,56859.96417245192,74879.96417245192,56859.96417245192,62879.96417245192,21086.762571302716,72016.48417829478,100616.64576775824,27553.804385307438,59529.31672807119,107536.77140397711,29009.964172451917
39239.23923923924,50408.060655940506,70163.59121979405,83542.13422076544,131720.66225531488,34450.137009395796,79608.44826193442,113727.25099253093,39146.63209641128,58445.80838181558,74210.33657819068,83674.53996048869,94957.10354355798,120039.90653420944,148885.95752100236,34746.39671206528,45349.20857168475,78038.72133420144,79656.80985680543,88495.53013644204,106291.15898388435,114722.5708323449,131988.50027620146,0.0,37105.73456289936,47815.91614308569,71585.9667334622,77867.69685809434,91581.72577352828,110482.06044463001,120630.7992530383,126620.40368569945,163455.81742509946,56938.61208795371,74958.61208795372,56938.61208795371,62958.61208795371,21125.72011528894,72095.74201638016,100734.37413219205,27593.31420751349,59607.78220468669,107654.73985166094,29088.612087953712
39279.27927927928,50448.656955265906,70241.78327551959,83620.36958410169,131838.23835011313,34489.097144738545,79687.2207292195,113845.46824979217,39186.13125446509,58493.981232865,74287.24327505255,83751.1658629716,95034.3728398598,120156.83651080687,149001.10331272957,34785.36955668789,45389.98258933241,78117.36994469626,79735.4835859616,88575.63931439156,106376.06530943082,114837.67387979431,132100.5121497058,0.0,37145.33344394072,47855.39840873413,71664.51185738006,77946.18333457081,91662.38496263698,110569.6991076903,120741.05103170007,126740.16460000974,163607.89366583794,57017.26204125008,75037.26204125007,57017.26204125008,63037.26204125008,21164.67911487809,72174.99990331542,100852.1071055567,27632.82412967282,59686.25027677242,107772.71171730498,29167.262041250076
39319.31931931932,50489.25019077588,70319.97920539574,83698.60820542584,131955.8185102251,34528.05864921569,79765.99485637035,113963.68857828085,39225.63081590588,58542.13432044021,74364.15732020076,83827.79809978438,95111.64798895942,120273.7728256376,149116.25682476122,34824.343756309834,45430.75547029089,78196.02059279155,79814.15927702983,88655.74674921519,106460.94070847228,114952.80428648915,132212.5413830464,0.0,37184.932789991464,47894.88053018618,71743.05937171895,78024.67235563026,91743.03984946295,110657.30175041969,120851.33985172983,126859.92357916443,163759.99020125266,57095.91402795564,75115.91402795564,57095.91402795564,63115.91402795564,21203.639567156548,72254.25784341307,100969.84467329728,27672.33415362215,59764.72093767654,107890.68699256823,29245.914027955638
39359.35935935936,50529.840378673325,70398.1789947889,83776.8500756094,132073.40272571985,34567.021520344635,79844.7706405296,114081.91197021934,39265.13078097985,58590.26770363172,74441.07869012203,83904.43665963225,95188.92897360967,120390.7154588183,149231.41803909122,34863.31930850526,45471.527217033174,78274.67327409735,79892.83692592292,88735.85244885535,106545.78545274076,115067.96179671082,132324.58792571735,0.0,37224.53260057257,47934.36251083757,71821.60927043884,78103.16391476244,91823.69045560775,110744.8685489785,120961.66554176819,126979.68063621112,163912.1069578017,57174.568043697866,75194.56804369786,57174.568043697866,63194.568043697866,21242.601469218534,72333.51584095077,101087.5868209243,27711.844281184527,59843.194180771476,108008.66566913761,29324.568043697866
39399.3993993994,50570.42753505771,70476.38262915163,83855.0951855593,132190.99098669967,34605.985755648464,79923.54807884511,114200.13841785764,39304.63114992816,58638.38144136059,74518.00736138137,83981.08153120615,95266.21577662241,120507.66439055168,149346.58693776923,34902.2962108536,45512.29783202558,78353.3279842365,79971.516528565,88815.95642122028,106630.5998109903,115183.14615766983,132436.65172737555,0.0,37264.13287520425,47973.84435406049,71900.16154752264,78181.65800548103,91904.33680255851,110832.39967906749,121072.0279308797,127099.43578412381,164064.24386227285,57253.22408411708,75273.22408411707,57253.22408411708,63273.22408411708,21281.564818166073,72412.77390017177,101205.33353401339,27751.354514169456,59921.66999945397,108126.64773872783,29403.22408411708
39439.43943943944,50611.011675925765,70554.5900940219,83933.34352621791,132308.58328329952,34644.9513526558,80002.32716846981,114318.36791347325,39344.13192298664,58686.47559237835,74594.94331062125,84057.73270318295,95343.50838086847,120624.6196011256,149461.76350290072,34941.27446093944,45553.06731772784,78431.98471884473,80050.19808089157,88896.0586741846,106715.38404903072,115298.35711947136,132548.73273784,0.0,37303.73361340606,48013.3260632035,71978.71619697582,78260.15462132357,91984.9789116887,110919.89531591887,121182.42684856174,127219.1890358029,164216.4008417817,57331.882144866286,75351.88214486628,57331.882144866286,63351.882144866286,21320.529611108912,72492.03202528504,101323.08479820495,27790.864854372914,60000.14838714472,108244.63319308122,29481.882144866286
39479.47947947948,50651.592817172415,70632.80137502248,84011.59508856274,132426.17960568744,34683.918308900946,80081.1079065618,114436.60044937105,39383.6331003861,58734.55021526733,74671.88651456236,84134.39016422631,95420.8067692773,120741.5810709129,149576.9477166466,34980.254056352715,45593.83567659314,78510.64347357058,80128.8815788494,88976.1592155892,106800.13842976141,115413.594435082,132660.8309070917,0.0,37343.3348146971,48052.807641591986,72057.27321282649,78338.65375585142,92065.61680425875,111007.35563428768,121292.86212475314,127338.94040407606,164368.57782377,57410.542221611264,75430.54222161126,57410.542221611264,63430.542221611264,21359.495845164558,72571.29022046571,101440.8405992035,27830.375303577537,60078.62933728851,108362.62202396775,29560.542221611264
39519.51951951952,50692.17097459137,70711.01645786007,84089.84986360607,132543.77994406363,34722.88662192362,80159.89029028415,114554.83601788303,39423.134682352094,58782.60536844047,74748.83695000254,84211.05390298669,95498.11092483663,120858.54878037056,149692.13956122295,35019.23499468838,45634.602911067916,78589.30424407517,80207.56701839637,89056.25805324144,106884.86321320443,115528.85786029589,132772.94618527268,0.0,37382.93647859566,48092.28909252804,72135.832589125,78417.1554026494,92146.25050141642,111094.78080844317,121403.33358984318,127458.689901698,164520.77473600395,57489.204310030276,75509.20431003027,57489.204310030276,63509.204310030276,21398.463517458127,72650.54848985505,101558.60092277767,27869.88586355249,60157.11284335379,108480.61422318456,29639.204310030276
39559.55955955956,50732.74616387621,70789.23532832507,84168.1078423952,132661.38428866115,34761.85628926933,80238.67431680534,114673.07461136853,39462.636669105326,58830.64111014189,74825.79459381753,84287.72390810231,95575.42083059286,120975.52271003983,149807.33901890108,35058.217273546805,45675.36902359226,78667.96702603251,80286.25439550189,89136.3551949154,106969.55865653805,115644.14715370208,132885.07852268624,0.0,37422.53860461958,48131.77041929088,72214.39431994429,78495.6595553261,92226.88002419798,111182.17101216098,121513.84107467967,127578.43754135171,164672.99150657284,57567.8684058144,75587.8684058144,57567.8684058144,63587.8684058144,21437.432625122536,72729.80683756107,101676.36575475958,27909.39653605391,60235.5988988329,108598.60978255638,29717.8684058144
39599.5995995996,50773.318400620905,70867.45797229046,84246.36901601193,132778.99262974525,34800.82730848898,80317.4599832987,114791.3162222137,39502.139060861344,58878.65749844666,74902.75942296034,84364.40016819918,95652.7364696502,121092.50284054523,149922.54607200695,35097.20089053345,45716.134016599695,78746.63181512916,80364.94370614632,89216.45064835189,107054.22501412904,115759.46207665144,132997.22786979604,0.0,37462.14119228614,48171.25162513685,72292.9583993793,78574.16620751336,92307.50539352832,111269.52641871477,121624.38441057719,127698.18333564802,164825.22806388728,57646.53450466713,75666.53450466713,57646.53450466713,63666.53450466713,21476.403165298318,72809.06526765844,101794.13508104465,27948.907322824696,60314.08749724175,108716.60869393493,29796.53450466713
39639.639639639645,50813.88770032075,70945.68437571143,84324.6333755726,132896.60495761342,34839.799677139104,80396.24728694287,114909.56084283168,39541.641857830764,58926.654591261155,74979.73141446139,84441.08267189184,95730.05782517095,121209.48915259432,150037.76070292143,35136.18584325902,45756.897892517154,78825.29860706435,80443.63494632128,89296.54442125867,107138.86253756576,115874.80239322418,133109.39417722603,0.0,37501.744241112036,48210.73271329975,72371.52482154721,78652.67535286638,92388.12663022184,111356.84720086871,121734.96342932523,127817.92729712668,164977.48433667765,57725.202602304555,75745.20260230455,57725.202602304555,63745.202602304555,21515.37513513359,72888.32378418901,101911.9088875911,27988.418225594763,60392.57863211976,108834.61094919912,29875.202602304555
39679.679679679684,50854.45407837296,71023.91452462458,84402.90091222776,133014.2212625951,34878.77339278166,80475.03622492145,115027.80846566218,39581.145060219336,58974.63244632307,75056.71054542804,84517.7714077835,95807.38488037512,121326.48162697723,150152.98289407947,35175.17212933929,45797.66065376511,78903.96739754968,80522.3281120294,89376.63652131052,107223.47147568979,115990.1678701974,133221.57739575964,0.0,37541.34775061329,48250.21368699069,72450.09358058695,78731.18698506342,92468.743754983,111444.13353086966,121845.57796319545,127937.66943825615,165129.76025399246,57803.8726944551,75823.8726944551,57803.8726944551,63823.8726944551,21554.348531784082,72967.58239116176,102029.68716041946,28027.929246080967,60471.07229702966,108952.61654025469,29953.8726944551
39719.719719719724,50895.01755007759,71102.14840514724,84481.1716171621,133131.84153505188,34917.74845298416,80553.82679442328,115146.05908317167,39620.64866822777,59022.59112120168,75133.69679304489,84594.46636446686,95884.71761854009,121443.48024456626,150268.21262797032,35214.15974639525,45838.422302757564,78982.63818230943,80601.02319928439,89456.72695614943,107308.05207462849,116105.55827701344,133333.7774763397,0.0,37580.95172030556,48289.69454939847,72528.66467065942,78809.70109780594,92549.35678840688,111531.38558044004,121956.22784494954,128057.40977143445,165282.05574519682,57882.54477685971,75902.54477685971,57882.54477685971,63902.54477685971,21593.323352413092,73046.84109255338,102147.46988561266,28067.440385987356,60549.56848555751,109070.62545903427,30032.544776859708
39759.75975975976,50935.578130638234,71180.38600347721,84559.44548159426,133249.46576537698,34956.72485531967,80632.61899264227,115264.31268785306,39660.152682052096,59070.530673297995,75210.69013457347,84671.16753052422,95962.05602300103,121560.4849863153,150383.4498871376,35253.14869205309,45879.18284190212,79061.31095708023,80679.72020411104,89536.81573338478,107392.60457782628,116220.97338574796,133445.99437006787,0.0,37620.5561497038,48329.17530368976,72607.23808594732,78888.21768481829,92629.96575097996,111618.60352077085,122066.91290784648,128177.14830898942,165434.3707399707,57961.21884527167,75981.21884527168,57961.21884527167,63981.21884527167,21632.299594191507,73126.0998923083,102265.25704931523,28106.951647005215,60628.067191312584,109188.63769749724,30111.218845271673
39799.7997997998,50976.135835162735,71258.62730589163,84637.72249677665,133367.09394399534,34995.702597366675,80711.41281677737,115382.5692722257,39699.65710188344,59118.45115984486,75287.69054735206,84747.87489452814,96039.40007714994,121677.49583325963,150498.69465417808,35292.13896394406,45919.94227359987,79139.98571761118,80758.41912254512,89616.90286059339,107477.12922607629,116336.41297107864,133558.22802820415,0.0,37660.161038322614,48368.65595300928,72685.81382065482,78966.73673984766,92710.5706630806,111705.78752251445,122177.63298564951,128296.88506317892,165586.70516830793,58039.894895456586,76059.89489545659,58039.894895456586,64059.894895456586,21671.27725429771,73205.35879433896,102383.0486377331,28146.46303081309,60706.568407927145,109306.65324762953,30189.894895456586
39839.83983983984,51016.69067866395,71336.87229874663,84716.00265399535,133484.72606136333,35034.68167670914,80790.20826403279,115500.82882883504,39739.16192790815,59166.352637907155,75364.69800879556,84824.58844504159,96116.74976443598,121794.51276651514,150613.94691174268,35331.13055970457,45960.70060024555,79218.66245966373,80837.1199506333,89696.98834531971,107561.62625755108,116451.876810254,133670.47840216663,0.0,37699.76638567598,48408.13650047961,72764.39186900764,79045.25825666392,92791.1715449797,111792.93775577797,122288.38791263301,128416.62004619156,165739.05896051376,58118.572923192325,76138.57292319232,58118.572923192325,64138.572923192325,21710.256329917545,73284.61780252613,102500.8446371333,28185.974539076935,60785.07212905641,109424.67210144363,30268.572923192325
39879.87987987988,51057.24267606046,71415.12096847667,84794.28594456983,133602.36210796895,35073.66209093646,80869.0053316176,115619.09135025286,39778.66716030786,59214.23516438199,75441.71249639548,84901.3081706187,96194.10506836511,121911.53576727823,150729.20664253543,35370.12347697615,46001.45782422745,79297.3411790116,80915.82268443311,89777.07219507598,107646.09590783386,116567.3646830628,133782.74544353088,0.0,37739.37219127735,48447.61694920184,72842.97222525289,79123.78222905964,92871.76841684117,111880.05439011689,122399.17752358923,128536.35327014668,165891.43204720394,58197.25292426897,76217.25292426898,58197.25292426897,64217.25292426897,21749.236818244375,73363.87692071902,102618.64503384352,28225.486173450132,60863.57834837845,109542.69425097835,30347.25292426897
39919.91991991993,51097.79184217733,71493.37330159397,84872.57235985287,133720.00207433122,35112.643837643525,80947.80401674626,115737.35682907674,39818.17279925952,59262.09879599891,75518.73398771975,84978.03405980491,96271.46597250011,122028.56481682508,150844.47382931365,35409.11771340541,46042.21394792756,79376.02187144081,80994.52732001313,89857.15441734227,107730.53840994874,116682.8763718032,133895.02910402964,0.0,37778.978454639815,48487.097302255366,72921.55488365906,79202.30865084985,92952.36129872284,111967.13759452863,122510.00165383452,128656.08474709514,166043.8243593031,58275.93489448885,76295.93489448885,58275.93489448885,64295.93489448885,21788.21871647898,73443.13615273566,102736.4498142519,28264.99793557369,60942.08705959403,109660.71968829884,30425.934894488848
39959.95995995997,51138.33819174675,71571.62928468778,84950.86189123034,133837.6459510004,35151.62691443058,81026.60431663806,115855.62525793028,39857.67884493538,59309.94358931997,75595.76246041246,85054.76610113752,96348.83246045982,122145.59989651141,150959.7484548875,35448.113266644024,46082.968973721385,79454.70453274956,81073.23385345258,89937.23501956672,107814.95399439099,116798.4116612529,134007.32933555235,0.0,37818.58517527589,48526.57756269816,73000.13983851555,79280.83751587194,93032.9502105767,112054.18753744656,122620.86013921606,128775.81448901919,166196.23582804302,58354.61882966631,76374.61882966632,58354.61882966631,64374.61882966631,21827.202021829537,73522.395502363,102854.25896480639,28304.50982707614,61020.59825642653,109778.74840549624,30504.61882966631
40000.0,51178.88173940887,71649.88890442393,85029.15453012112,133955.29372855776,35190.611318903364,81105.40622851756,115973.89662946285,39897.18529750312,59357.76960074007,75672.79789219398,85131.50428314609,96426.20451591982,122262.64098777225,151075.0305021202,35487.11013434886,46123.72290397826,79533.38915874831,81151.94228084161,90017.3140091657,107899.34288915693,116913.97033863909,134119.64609014464,0.0,37858.19235269757,48566.05773356693,73078.72708413313,79359.36881798568,93113.53517224976,112141.20438673401,122731.7528161175,128895.54250783357,166348.66638496117,58433.304725627924,76453.30472562792,58433.304725627924,64453.304725627924,21866.18673151172,73601.65497335728,102972.07247201481,28344.021849573874,61099.11193262189,109896.780394688,30583.304725627924
