delta_B,1_A_1_0,1_A_1_1,1_A_1_2,1_A_1_3,1_A_1_4,1_A_2_0,1_A_2_1,1_E_0,1_E_1,1_E_2,1_E_3,1_E_4,1_T_1_0,1_T_1_1,1_T_1_2,1_T_1_3,1_T_2_0,1_T_2_1,1_T_2_2,1_T_2_3,1_T_2_4,1_T_2_5,1_T_2_6,3_A_1,3_A_2_0,3_A_2_1,3_E_0,3_E_1,3_E_2,3_T_1_0,3_T_1_1,3_T_1_2,3_T_1_3,3_T_1_4,3_T_1_5,3_T_1_6,3_T_2_0,3_T_2_1,3_T_2_2,3_T_2_3,3_T_2_4,5_E,5_T_2
0.0,33.66217616580311,36.05209934939229,41.61251942315475,65.10334106511549,112.59473446285558,33.66217616580311,48.66217616580311,33.6621761658031,36.052099349392286,43.251415372926516,65.10334106511546,85.90402504158125,33.6621761658031,36.05209934939229,48.66217616580311,65.10334106511549,33.6621761658031,33.66217616580312,36.052099349392286,43.25141537292652,48.66217616580311,65.10334106511549,85.90402504158125,27.44145077720207,25.790427642876747,56.92356199442896,22.44145077720207,27.44145077720207,34.44145077720207,22.441450777202064,22.441450777202075,25.60381821126848,25.790427642876743,27.44145077720207,56.92356199442898,57.110171426037226,22.441450777202068,25.790427642876747,27.441450777202075,34.44145077720207,56.92356199442896,0.0,0.0
0.04149226947154408,33.71798875648332,36.11256868015867,41.63766941777478,65.102952555728,112.61966013406261,33.670456286324345,48.695388314753416,33.658206726361435,36.08215485414553,43.24868089238927,65.12466783464671,85.94233122621881,33.7108021736239,36.094920821862814,48.68294080904083,65.11560575000107,33.661277498912774,33.70259714272266,36.04448767674802,43.29473156903335,48.68850201445362,65.15177402065785,85.9200084817828,27.44145077720207,25.797950760148495,56.957531146628746,22.449705781498,27.46278867492001,34.45335014465976,22.444289085274985,22.487883461306318,25.626138181106686,25.82668921142447,27.45426796581289,56.94304569303701,57.135987086141434,22.477280228039664,25.81240091778204,27.48957247188672,34.475037323401544,56.95002010568812,0.0,0.041492269471543476
0.08298453894308816,33.77227380839336,36.173937528437214,41.66333482283834,65.10261608229811,112.64464638012656,33.67869986167451,48.72863700887479,33.65385078025789,36.11248859472687,43.245954765573764,65.14608842732027,85.98064350482605,33.758603513974926,36.138481633398634,48.70374243027895,65.12791878529073,33.66012554029125,33.7428445271972,36.037087872782905,43.33804380292486,48.714921933115804,65.2002786874674,85.93604511841784,27.44145077720207,25.805457488427432,56.99151668782135,22.457874542171595,27.484123564135654,34.46533876424205,22.446481345923196,22.53392901446148,25.643913312144804,25.867714333671884,27.467816809977066,56.96090011437455,57.16351483143697,22.51284698658391,25.83432751213113,27.53790503199461,34.50861853498684,56.97658205898778,0.0,0.08298453894308695
0.12447680841463227,33.82504627329398,36.236180679786266,41.68952495204752,65.10233265992646,112.66969313492551,33.68690707370741,48.76192206631344,33.649120492147404,36.14308787447914,43.24323798370594,65.16760240322294,86.01896185809252,33.80557525669568,36.18278654552468,48.72458097194447,65.14028039719305,33.658717963304305,33.78290887873735,36.029913890110876,43.38135101983628,48.74143480125825,65.24885503513532,85.95213497170101,27.44145077720207,25.812947869423787,57.02551857629654,22.465958037221164,27.505453889587223,34.477417213212455,22.44803830258121,22.579585989044972,25.65819628904721,25.91245276632679,27.482085638107222,56.97735055474337,57.19252930002538,22.54814856947576,25.85622120192852,27.586437557134747,34.54219371518366,57.00324815884774,0.0,0.12447680841463044
0.16596907788617632,33.87632480837638,36.29926907639438,41.71624924459632,65.10210331593959,112.69480033255927,33.69507810359596,48.79524330589643,33.64402759820985,36.1739404170759,43.24053154536084,65.18920932313654,86.05728626680784,33.85171402506963,36.22783876401772,48.74545637774816,65.152690812937,33.6570524465365,33.82278006955483,36.022980339068255,43.424652179314464,48.76803950961813,65.2975030318472,85.96827806203021,27.44145077720207,25.8204219447576,57.05953677043427,22.473957237374577,27.52677810467441,34.489586067443405,22.448970688507277,22.624852730977107,25.669934771081422,25.959960241331057,27.497062043146148,56.992633730943076,57.22279371177624,22.583182505762995,25.878095185957328,27.635159708111914,34.575762172004495,57.03001870861991,0.0,0.1659690778861739
0.2074613473577204,33.926131487540495,36.3631701108739,41.74351725991037,65.10192909007536,112.71996790735193,33.703213131829145,48.82860054713479,33.63858340661379,36.20503436582397,43.23783645666982,65.21090874856512,86.09561671186138,33.89701802659837,36.27363990807774,48.76636859273648,65.16515026077455,33.65512667924018,33.862447232038846,36.01630253499144,43.4679462549587,48.794734960271235,65.34622264436686,85.9844744099885,27.44145077720207,25.827879755958687,57.09357122870473,22.481873105947948,27.548094671749237,34.501845901266755,22.449289195106946,22.66972736109178,25.679838278318726,26.009531492507985,27.51273302003088,57.00696955749955,57.25408809109263,22.617946340919477,25.899962106967077,27.684061681763964,34.60932321823217,57.056894010460105,0.0,0.2074613473577174
0.24895361682926453,33.97449147547446,36.42784795816404,41.77133867147385,65.10181103467136,112.74519579385455,33.711312338209034,48.86199361022644,33.63279880052202,36.236358280417356,43.23515373153534,65.23270024176173,86.13395317424076,33.941487068192885,36.32018999508155,48.78731756334386,65.1776589699835,33.6529383669677,33.901898702874625,36.009896548671044,43.51123223416445,48.82152006669675,65.39501383802069,86.00072403634663,27.44145077720207,25.835321344466585,57.12762190966838,22.48970659871374,27.569402062399714,34.514197287322034,22.44900444411223,22.71420775675999,25.68840143057837,26.060676921778022,27.52908510673578,57.02054755384429,57.286222859725996,22.652437641006923,25.92183407282626,27.73313418569186,34.64287617140349,57.083874365300424,0.0,0.24895361682926465
0.2904458863008086,34.02143267469324,36.49326393545653,41.799723259671325,65.10175021485576,112.77048392684758,33.71937590184806,48.89542231605897,33.62668424325265,36.267901131528596,43.232484391853006,65.2545833657545,86.17229563503153,33.98512255544106,36.36748744125907,48.80830323744635,65.19021717086993,33.65048523737081,33.941121963849874,36.00377925995205,43.554509117871305,48.84839375383654,65.44387657668187,86.01702696206573,27.44145077720207,25.842746751630493,57.16168877197601,22.49745866377787,27.590698757726525,34.52664079640264,22.44812696341204,22.758291533849125,25.695964141353215,26.113062304210008,27.54610452751212,57.03352380078759,57.31904188029675,22.68665399697127,25.943722677357638,27.782368413171827,34.67642035379326,57.11096007282118,0.0,0.29044588630080814
0.33193815577235264,34.06698535581123,36.55937687994257,41.828680903572106,65.10174770874123,112.79583224134348,33.72740400116629,48.928886486212285,33.62024978524412,36.299652293588956,43.22982946774169,65.27655768437232,86.21064407541628,34.02792747597948,36.415529078264775,48.829325564415875,65.20282509477094,33.647765046150774,33.98010357948682,35.99796841435897,43.5977759203138,48.87535495814964,65.49281082275492,86.0333832082994,27.44145077720207,25.85015601870925,57.19577177436881,22.50513024146573,27.611983248612923,34.53917699729991,22.446667166308206,22.801976029108026,25.702763399925058,26.166456899933177,27.56377733722549,57.046023548747506,57.3524198480596,22.720593029064705,25.965639020636072,27.831756018479346,34.709955092398424,57.13815143142276,0.0,0.33193815577235536
0.37343042524389675,34.111181780954276,36.62614353454784,41.85822157158385,65.10180460762166,112.82124067258917,33.735396813888876,48.96238594296124,33.613505072507465,36.33160153607413,43.22718999778099,65.29862276227007,86.24899847667383,34.06990636736547,36.46431018524764,48.85038449517535,65.2154829740572,33.64477558313947,34.018829131757684,35.99248268250812,43.641031668776094,48.9024026276617,65.54181653716087,86.04979279639649,27.44145077720207,25.857549186871285,57.229870875678316,22.512722264216787,27.63325403598802,34.5518064566453,22.444635333957766,22.84525828307611,25.708969206262225,26.22069740922605,27.582089566023708,57.058145990814,57.38625751783335,22.7542523913833,25.987593728580602,27.881289092803016,34.74347971892283,57.16544873819774,0.0,0.37343042524389886
0.4149226947154408,34.15405582944093,36.69351893259971,41.888355310902135,65.10192201617153,112.84670915606871,33.74335451704359,48.995920509278065,33.60645935628234,36.36373901357836,43.22456702925707,65.32077816495332,86.28735882017843,34.111065270196136,36.51382453567367,48.87147998225493,65.22819104213558,33.64151467848962,34.05728315229477,35.987341721916685,43.68427540334995,48.929535722009646,65.59089367932245,86.06625574790351,27.44145077720207,25.864926297194565,57.26398603482659,22.52023565648752,27.65450963108362,34.564529738750515,22.44204160075472,22.888135023625082,25.714707828633035,26.275664601387543,27.60102736393482,57.06996929953733,57.420476667206856,22.78762977650843,26.009596971717215,27.930960140883553,34.77699356976196,57.19285228890252,0.0,0.41492269471544235
0.45641496418698496,34.19564263377719,36.76145677345301,41.91909223568494,65.10210105264846,112.87223762750557,33.751277286958505,49.02949000883469,33.59912150364587,36.396055254928385,43.221961618416685,65.34302345880258,86.32572508739906,34.151411667541694,36.564064457832814,48.89261197984889,65.24094953345154,33.637980208950964,34.09544905270029,35.98256624062727,43.72750617669596,48.956753212481736,65.64004220714946,86.08277208456711,27.44145077720207,25.872287390666585,57.298117210826106,22.52767133466249,27.67574855568484,34.57734740544587,22.43889594240195,22.930602650253434,25.720076582377192,26.33126841907936,27.620577145392513,57.08155510552625,57.45501561793488,22.820722920239767,26.03165848302599,27.98076205847671,34.810495985988254,57.22036237792915,0.0,0.4564149641869858
0.49790723365852907,34.23597823271951,36.82990978239017,41.950442513881974,65.10234284909836,112.89782602286537,33.75916529925977,49.063094266004974,33.59150000885279,36.428541151557894,43.219374830729386,65.36535821109696,86.36409725989866,34.19095441203791,36.615020907686166,48.913780443873655,65.25375868349185,33.634170104206476,34.13330905380293,35.978178061826355,43.77072305380857,48.98405408205335,65.68926207702454,86.0993418283368,27.44145077720207,25.879632508184315,57.33226436277991,22.535030206973264,27.696969342374594,34.59026001591689,22.435208166426385,22.972657219267752,25.725153252030115,26.387438435637183,27.640725734109953,57.0929521777361,57.48982555564426,22.85352960640557,26.053787574817765,28.03068811070896,34.84398631333662,57.24797929827708,0.0,0.4979072336585293
0.5393995031300731,34.27509924676813,36.89883004949841,41.98241635265311,65.10264855156366,112.92347427835819,33.76701872886948,49.096733105866804,33.58360300521401,36.46118794533562,43.216807741158306,65.3877819900375,86.40247531933335,34.22970364220719,36.66668355248338,48.93498533202673,65.26661872878691,33.630082353241384,34.17084411500526,35.97420018833969,43.813925111784094,49.01143732541797,65.73855324378913,86.11596500136754,27.44145077720207,25.886961690554166,57.366427449881606,22.542313173424965,27.718170534772252,34.60326812653907,22.43098790489594,23.014294430000096,25.730002175579106,26.444117645793487,27.661460509172198,57.10419932781712,57.52486762547996,22.886047671735497,26.075993154611233,28.0807319113701,34.87746390219039,57.27570334152499,0.0,0.5393995031300728
0.5808917726016172,34.31304258005154,36.96816934362547,42.015023982315,65.10301932029445,112.94918233044126,33.774837750003705,49.13040635420412,33.57543827734593,36.49398721601447,43.21426143443981,65.41029436476997,86.44085924745175,34.26767068974481,36.71904086341414,48.95622660384655,65.27952990691334,33.625715010716064,34.2080338652254,35.97065686553051,43.85711143959237,49.0389019490146,65.78791566073002,86.13264162602236,27.44145077720207,25.894274978491985,57.40060643141533,22.549521125730195,27.739350687766482,34.616372290711155,22.426244609105545,23.055509612228114,25.734678239258994,26.50125834012489,27.68276955369277,57.11532765484378,57.56011068737,22.91827501077939,26.098283740002493,28.130887403166778,34.91092810756758,57.303534797802136,0.0,0.5808917726016163
0.6223840420731613,34.34984515122468,37.03787939884533,42.048275638760295,65.10345632996237,112.97495011582117,33.782622536170564,49.164113837508815,33.56701327364633,36.526930868445575,43.211737005371944,65.43289490540707,86.47924902609405,34.304867979610435,36.77208021545332,48.97750422077341,65.29249245649632,33.621066203311514,34.24485653736591,35.96757364069746,43.90028113785155,49.06644697105058,65.83734927956544,86.149371724875,27.44145077720207,25.901572412622993,57.434801266755855,22.556654947250124,27.76050836774252,34.62957305868673,22.420987546009776,23.09629771498364,25.73922954761494,26.558819296677967,27.704641807889292,57.126362263419544,57.5955295979151,22.950209580855127,26.12066747253673,28.18114883894489,34.944378289107526,57.3314739557603,0.0,0.6223840420731598
0.6638763115447053,34.385543654788016,37.107912172074855,42.08218154430275,65.10396076987783,113.00077757145658,33.79037326016843,49.197855382982496,33.55833511887404,36.560011119680006,43.209235559111846,65.45558318305042,86.51764463719175,34.34130892480852,36.82578799251623,48.99881814621133,65.30550661721205,33.61613413601646,34.281288908746,35.96497741656897,43.94343331860638,49.09407142152078,65.88685405043236,86.16615532071278,27.44145077720207,25.90885403348182,57.46901191536859,22.563715512942398,27.781642152804054,34.642870977404485,22.415225796192107,23.13665329695592,25.743699239981172,26.616763816223397,27.72706722898393,57.13732357462747,57.631103899432425,22.98184940700674,26.143152130605003,28.231510763875885,34.97781381105797,57.35952110254514,0.0,0.6638763115447069
0.7053685810162496,34.420174353176286,37.17822007152956,42.11675188691023,65.10453384420967,113.0266646345605,33.79809009408428,49.231630818538186,33.54941062672821,36.593220486062016,43.206758211482644,65.47835876981185,86.55604606276641,34.37700781772535,36.88014969605634,49.02016834559089,65.31857262979017,33.61091709832233,34.317306250510946,35.96289649591178,43.9865671051096,49.12177434222298,65.9364299218731,86.18299243653917,27.44145077720207,25.916119881512397,57.50323833680956,22.57070368931578,27.802750632989746,34.656266590316946,22.408968253174,23.176570518717696,25.748126747340823,26.675058304130463,27.75003696093929,57.14822832728097,57.66681681869938,23.013192586953874,26.16574514140061,28.281967998592037,35.01123404226244,57.38767652376797,0.0,0.7053685810162504
0.7468608504877935,34.45377289908633,37.248756156575915,42.15199679779908,65.10517677220821,113.05261124260284,33.80577320929208,49.26543997280194,33.54024631234028,36.626551770400695,43.20430608928957,65.50122123883442,86.59445328492927,34.41197971982233,36.93515005530567,49.041554786433345,65.33169073601603,33.60541347029317,34.352882289681915,35.96136061362508,44.029681631606735,49.149554786769464,65.98607684082302,86.19988309557667,27.44145077720207,25.92336999706804,57.53748049072545,22.577620334391206,27.82383241048469,34.669760437218116,22.40222362388069,23.216043137025274,25.752548675848885,26.73367120882641,27.773543517715773,57.15909034531091,57.70265449956086,23.04423729601221,26.188453591977687,28.332515623248,35.04463835614803,57.41594050347719,0.0,0.7468608504877939
0.7883531199593377,34.48637418681644,37.31947431022137,42.187926327376765,65.1058907884313,113.07861733331276,33.8134227764513,49.299282675114256,33.53084840460626,36.659998049292085,43.20188033064581,65.5241701643127,86.63286628588051,34.44624035137202,36.99077313747137,49.06297743841554,65.34486117873307,33.599621728475576,34.38798918821568,35.96040095198403,44.0727760431242,49.17741182059517,66.03579475259785,86.2168273212698,27.44145077720207,25.930604420411353,57.57173833685369,22.584466297668975,27.84488609982681,34.68335305406977,22.39500043009497,23.25506450146712,25.756999437003362,26.792572192302085,27.797580984497955,57.16992112888358,57.73860541180589,23.074981791964092,26.211284239461406,28.383148962480252,35.07802613071367,57.44431332412986,0.0,0.7883531199593374
0.8298453894308816,34.518012230867335,37.39032938598973,42.22455041953373,65.10667714297274,113.10468284468126,33.82103896550556,49.333158755531535,33.52122285830039,36.69355266065064,43.19948208530806,65.54720512151296,86.6712850479084,34.479805982774046,37.0470024563515,49.08443627343602,65.35808420184509,33.59354045161493,34.422597544183475,35.96005013395803,44.115849495260335,49.20534452096234,66.08558360088176,86.23382513728757,27.44145077720207,25.937823191714248,57.606011835022336,22.591242420101977,27.86591032810839,34.69704497282673,22.387307010744188,23.29362755375875,25.76151170299132,26.851731448680592,27.82214524220328,57.18073031246046,57.77465989310254,23.105424419857854,26.23424352046361,28.43386357123192,35.111396748518715,57.472795266563345,0.0,0.8298453894308809
0.8713376589024259,34.54872006969569,37.46127733127352,42.26187888430364,65.10753710169466,113.13080771496345,33.82862194568133,49.36706804482732,33.511375365922774,36.72720919149712,43.19711251502217,65.57032568679267,86.70970955338879,34.512693328811935,37.10382107800859,49.10593126568218,65.37136005031856,33.58716832614387,34.45667642091214,35.96034218879457,44.158901153980025,49.23335197696201,66.13544332771536,86.25087656752662,27.44145077720207,25.945026351057948,57.64030094515018,22.597949534074594,27.88690373517287,34.71083672126118,22.37915152487962,23.331724830004426,25.766116739378834,26.9111191122031,27.847234221570723,57.19152602205478,57.81080979173584,23.135563616713945,26.25733755976149,28.484655221407458,35.14474959667194,57.501386609966794,0.0,0.8713376589024243
0.9128299283739699,34.57852969228922,37.53227528945621,42.29992136892881,65.10847194646195,113.15699188268093,33.836171885486706,49.40101037449348,33.50131136924316,36.760961466040676,43.19477279387877,65.59353143761952,86.74813978478447,34.54491944701902,37.161211722333334,49.127462391698785,65.38468897018475,33.58050415140906,34.490193410597755,35.96131248339135,44.201930195412224,49.26143328951202,66.18537387348401,86.26798163611431,27.44145077720207,25.952213938432948,57.67460562724673,22.604588463387174,27.907864973806948,34.72472882278606,22.370541955221043,23.369348466266377,25.770844650275716,26.97070471188067,27.87284819423575,57.20231515574498,57.847048186088976,23.165397916115545,26.28057217829851,28.53551988932003,35.17808406682101,57.5300876318527,0.0,0.9128299283739678
0.9543221978455141,34.60747198513096,37.60328168317924,42.33868732738838,65.10948297538037,113.18323528662434,33.84368895271037,49.434985576741354,33.49103607051231,36.79480353408344,43.19246410867938,65.61682195259026,86.78657572464424,34.57650164111955,37.21915685953168,49.14902963045724,65.39807120854205,33.57354684460432,34.52311473942389,35.96299761245785,44.24493580565073,49.28958757135226,66.23537517690657,86.28514036741126,27.44145077720207,25.959385993739026,57.70892584141219,22.611160023245738,27.9287927099282,34.738721796277794,22.36148611215192,23.4064902078002,25.77572455991619,27.030456639998185,27.898990109420374,57.21310360542767,57.88336916288515,23.194925952661368,26.303952900568326,28.586453743893472,35.21139955514228,57.55889860802851,0.0,0.9543221978455113
0.9958144673170581,34.635576697113684,37.67425628111325,42.378185988469696,65.1105715030371,113.20953786585575,33.851173314420556,49.46899348450271,33.48055444331917,36.82872965976931,43.1901876593129,65.6401968114488,86.82501735560265,34.607457370309625,37.277638800771186,49.17063296342627,65.41150701355808,33.56629544537839,34.5554054214832,35.965435240197884,44.287917180558026,49.31781394703671,66.28544717502426,86.30235278601468,27.44145077720207,25.966542556785235,57.74326154783752,22.617665020256823,27.94968562276823,34.752816155898216,22.351991638063406,23.443141422328104,25.7807847471365,27.090341607799154,27.925665986158794,57.22389643330002,57.919767640699874,23.2241464662583,26.32748496144226,28.637453135580202,35.24469546233108,57.587819812568306,0.0,0.9958144673170586
1.0373067367886022,34.66287242003024,37.74516025050383,42.418426322486006,65.11173886074474,113.23589955971077,33.85862513696414,49.50303393143068,33.46987124307887,36.862734310691536,43.18794465914266,65.66365559510405,86.86346466037878,34.637804164946886,37.336639782417265,49.19227237464383,65.42499663447182,33.558749120087874,34.58702946868667,35.968663886358975,44.330873525572336,49.34611155292262,66.33558980318968,86.3196189167612,27.44145077720207,25.97368366728992,57.77761270680438,22.624104252427195,27.97054240505149,34.76701241091613,22.342066011956376,23.47929311772915,25.786052744188652,27.150324065443368,27.952885372238978,57.23469801324183,57.956239228573686,23.253058306231647,26.351173312500865,28.688514585957144,35.2779711935924,57.61685151778425,0.0,1.037306736788602
1.0787990062601462,34.68938658238674,37.815956197616885,42.45941700676875,65.11298639678802,113.26232030780143,33.866044585965824,49.53710675190054,33.45899101714187,36.896812147368934,43.185736335404606,65.68719788564728,86.9019176217762,34.667559549034365,37.39614204347432,49.21394785079003,65.43854032159574,33.550907165668114,34.61795016319794,35.9727226501382,44.37380405551768,49.37447953715702,66.38580299505634,86.33693878473015,27.44145077720207,25.980809364880685,57.81197927868516,22.63047850916818,27.991361763169838,34.78131106552834,22.33171655422215,23.514935964525165,25.791555407881575,27.2103655657377,27.98066188206904,57.2455121448053,57.99278011201728,23.281660435231565,26.37502262792865,28.739634777961843,35.311226158631996,57.64599399419842,0.0,1.0787990062601456
1.1202912757316903,34.71514545444121,37.88660819802684,42.50116639008863,65.11431547667335,113.28880005001798,33.8734318263274,49.57121178101051,33.447918114518764,36.93095801309586,43.183563929616255,65.71082326636908,86.94037622268209,34.696740969716025,37.45612789601384,49.23565938126139,65.45213832631778,33.542769013096404,34.64813039759954,35.97765086676341,44.41670799441707,49.40291705966043,66.43608668256827,86.3543124152465,27.44145077720207,25.98791968909442,57.84636122394298,22.63678857130452,28.0121424173529,34.79571261868049,22.320950431532108,23.550060323531277,25.797318968661344,27.270424053083396,28.00901382611498,57.25634214569057,58.029386960530694,23.309951932914107,26.39903731002983,28.790810546732406,35.34445977164787,57.675247510514474,0.0,1.1202912757316927
1.1617835452032343,34.74017416254939,37.957081818486095,42.54368245618541,65.1157274833817,113.31533872653159,33.88078702222711,49.60534885458235,33.43665669521952,36.96516692416681,43.18142869799668,65.73453132177578,86.97884044606633,34.725365733852506,37.51657978852108,49.25740695824651,65.4657909011036,33.53433423042506,34.677533085840345,35.983487693721976,44.45958457530849,49.43142329210809,66.48644079594985,86.37173983388399,27.44145077720207,25.99501467937731,57.88075850313164,22.643035211087458,28.03288310183435,34.810217563887655,22.30977466177604,23.584656279018436,25.803369061588196,27.33045306151633,28.037964943787447,57.267190927216184,58.06605685212795,23.33793199937704,26.423221494420552,28.842038871015703,35.37767145132225,57.70461233358932,0.0,1.1617835452032363
1.2032758146747786,34.7644967110893,38.0273441318981,42.586972786612264,65.11722381762398,113.34193627779675,33.88811033711907,49.63951780916192,33.425210739208815,36.999434060474314,43.17933191189799,65.75832163760582,87.0173102749813,34.753450951616806,37.57748036222061,49.2791905768026,65.47949829949832,33.525602525365024,34.70612164493375,35.99027162668795,44.50243304006433,49.459997417908426,66.53686526369599,86.38922106646848,27.44145077720207,26.002094375084813,57.91517107689567,22.649219192211923,28.053582565014135,34.824826389054934,22.29819611899744,23.61871367770031,25.80973074201905,27.390400809874144,28.067545248674804,57.27806105626499,58.10278721138602,23.365599958330826,26.44757905495127,28.89331686510999,35.41086062081394,57.73408872840502,0.0,1.2032758146747797
1.2447680841463227,34.78813601042791,38.09736372669888,42.63104452312687,65.11880589809951,113.36859264455336,33.895401933732835,49.6737184820197,33.41358405498174,37.0337547564753,43.177274858248204,65.78219380084506,87.05578569256102,34.78101348694139,37.63881250054918,49.301010234933756,65.49326077612864,33.516573747403235,34.733860543352066,35.99803994921844,44.54525263921338,49.48863863217949,66.58736001256257,86.40675613908097,27.44145077720207,26.00915881548172,57.949598905970305,22.655341269837614,28.0742395696167,34.83953957629823,22.286221538281897,23.65222217380633,25.81642848800932,27.450209189735364,28.097791988246094,57.28895480640936,58.13957575831455,23.392955259986692,26.472113608409657,28.944641771309183,35.444026707751085,57.763676958040584,0.0,1.2447680841463231
1.2862603536178667,34.81111390958094,38.1671107117404,42.67590432988458,65.12047516175755,113.39530776782921,33.90266197407295,49.70795071115114,33.40178028776619,37.068124492519686,43.175258840005625,65.80614739974226,87.09426668202059,34.80806991456006,37.70055937203246,49.322865933670315,65.50707858670471,33.507247889441196,34.760715907192235,36.006828125156325,44.58804263176601,49.517346141722676,66.63792496755698,86.42434507806094,27.44145077720207,26.01620803974213,57.98404195118144,22.66140219061374,28.09485289284527,34.85435760176508,22.273857520561553,23.68517128043442,25.823486190907534,27.509812655315073,28.128750707208194,57.29987420032805,58.17642046593426,23.41999748364494,26.496828519052215,28.99601095281784,35.47716914422441,57.79337728364397,0.0,1.2862603536178667
1.3277526230894106,34.833451232394715,38.236556717567645,42.7215583557129,65.12223306406123,113.42208158894238,33.90989061941865,49.742214335276984,33.38980292736015,37.10253888653278,43.17328517662486,65.8301820238241,87.13275322665567,34.8346364833199,37.76270446689055,49.34475767714964,65.52095198802212,33.4976250889447,34.78665616972279,36.01666914813955,44.630802285042265,49.5461191649945,66.68856005192912,86.44198791000964,27.44145077720207,26.023242086949455,58.01850017344566,22.667402692707334,28.11542132653224,34.86928093545605,22.261110537305274,23.717550427290256,25.830927135263984,27.569137047390484,28.1604763812473,57.31082104517544,58.21331952490252,23.446726339968357,26.521726903009068,29.047421887107344,35.51028736678079,57.82318996440402,0.0,1.3277526230894101
1.3692448925609548,34.855167816245476,38.30567489479553,42.768012196765994,65.1240810792547,113.44891404950334,33.917088030323654,49.776509193843516,33.37765531561298,37.136993686042075,43.17135520453462,65.85429726390925,87.17124530984161,34.86072908538712,37.825231627748,49.36668547269818,65.53488123796353,33.48770562859968,34.8116527442786,36.027592868255866,44.67353087450288,49.574956932075864,66.73926518716233,86.4596846617935,27.44145077720207,26.030260996096487,58.05297353377017,22.673343505834914,28.13594367728573,34.884310041046525,22.247986935069722,23.749349024812958,25.838773968960417,27.628098419944532,28.193034551583573,57.321796962216666,58.25027131387361,23.473141672926918,26.546811632603664,29.098872159685353,35.54338081641728,57.853115257522525,0.0,1.3692448925609537
1.410737162032499,34.876282552403175,38.37443991012229,42.815270859875554,65.12602070063276,113.47580509141744,33.924254366616005,49.81083512702271,33.36534065356144,37.17148476053833,43.16947027762775,65.87849271212289,87.2097429150333,34.886363230936446,37.88812507485924,49.38864933091505,65.54886659550073,33.477489936471514,34.83568069523313,36.03962532111518,44.71622768358317,49.60385868463953,66.79004029296502,86.47743536054735,27.44145077720207,26.03726480608536,58.08746199325284,22.67922535129732,28.156418766632225,34.89944537570916,22.23449293989165,23.78055653456056,25.847048664360994,27.686601993357392,28.22650233585573,57.33280341177212,58.28727437454914,23.49924346140222,26.572085340625442,29.150359458252193,35.576448938575645,57.88315341818639,0.0,1.410737162032497
1.452229431504043,34.89681342734382,38.44282794036511,42.863338726927864,65.12805344081337,113.50275465688722,33.93138978739794,49.84519197571232,33.35286200823109,37.20600809415901,43.16763176776255,65.90276796191,87.24824602576406,34.911554027892365,37.95136942628047,49.410649265757016,65.56290832069627,33.46697858566986,34.8587193776403,36.052788088745764,44.75889200352977,49.63282367591541,66.84088528726203,86.4952400336779,27.44145077720207,26.044253555727618,58.121965513082124,22.685048942017566,28.17684543115549,34.9146873899372,22.220634661506683,23.811162545582295,25.855772471258504,27.744541435155394,28.26096911383993,57.34384171430705,58.324327390583896,23.5250318204417,26.597550424590153,29.201881567219147,35.60949118313711,57.91330469953999,0.0,1.4522294315040407
1.493721700975587,34.91677756441724,38.510816664772896,42.91221952060605,65.13018083201293,113.52976268841452,33.938494451045955,49.87957958153585,33.340222319115156,37.24055977868317,43.16584106527692,65.92712260804906,87.28675462564551,34.93631616628182,38.014949713428884,49.43268529462485,65.57700667470517,33.45617229352432,34.88075301381998,36.06709772403484,44.80152313324035,49.66185117065385,66.89180008618665,86.51309870886719,27.44145077720207,26.0512272837442,58.15648405453708,22.69081498258157,28.197222522631613,34.930036527368614,22.20641809738305,23.841156856340955,25.864965862427145,27.801798766959042,28.29653658899712,57.354913068336494,58.36142916967614,23.550507002154784,26.623209051018982,29.253436362565495,35.64250700441764,57.943569352657356,0.0,1.493721700975584
1.535213970447131,34.93619126538339,38.57838525575846,42.961916271841226,65.13240442632376,113.55682912880289,33.94556851521082,49.91399778684253,33.32742440434244,37.27513600682523,43.164099579513994,65.95155624666447,87.32526869836681,34.960663906758946,38.078851392468344,49.45475743845126,65.59116191977687,33.44507192028013,34.901771175280025,36.08256527031134,44.84412037910604,49.690940445087044,66.94278460407266,86.5310114140761,27.44145077720207,26.058186028765494,58.19101757898734,22.696524169281588,28.217548908160325,34.94549322461144,22.19184913656329,23.870529561570955,25.874648472677944,27.858245300927912,28.333317822278147,57.36601856568786,58.39857862830003,23.575669396245654,26.649063159764214,29.30502180701219,35.675495861163654,57.973947626514736,0.0,1.5352139704471313
1.5767062399186753,34.955070051426084,38.645514368099924,43.01243128931519,65.13472579599475,113.58395392115995,33.95261213681775,49.948446434707144,33.31447096654667,37.30973306581563,43.16240873936023,65.97606847523957,87.36378822769396,34.9846110728713,38.14306035195208,49.47686572179022,65.60537431925641,33.433678467326246,34.92176914130569,36.09919590472776,44.886683054856746,49.720090786888704,66.9938387534466,86.54897817754785,27.44145077720207,26.065129829331347,58.22556604789303,22.70217719016217,28.237823470292433,34.9610579110703,22.176933563309206,23.89927114326859,25.88483903243177,27.913744086200882,28.37143475747953,57.37715920456178,58.43577477864055,23.600519530178723,26.675114468405255,29.356635945491497,35.708457216548034,58.004439767963106,0.0,1.5767062399186749
1.6181985093902191,34.9734287033315,38.71218612658625,43.06376613135091,65.13714653371404,113.61113700889945,33.95962547206661,49.98292536892983,33.30136459844939,37.34434733125631,43.16076999379556,66.00065889262851,87.40231319746938,35.00817104665261,38.20756291713746,49.49901017290801,65.61964413758656,33.42199307497184,34.940748111331054,36.11698872831002,44.92921048140924,49.749301495131796,67.04496244502029,86.5669990278115,27.44145077720207,26.0720587238911,58.260129422804816,22.7077747250686,28.258045107153606,34.97673100877423,22.161677060548545,23.927372564819805,25.895555296966396,27.968154332773036,28.41101377055005,57.388335900749304,58.47301671737138,23.62505806897609,26.70136447673574,29.40827690089347,35.74139053816659,58.03504602170091,0.0,1.6181985093902183
1.6596907788617632,34.99128130059104,38.778384112025144,43.11592158051426,65.13966825289415,113.63837833574368,33.9666086764322,50.01743443403578,33.28810778816851,37.37897526123856,43.159184812455635,66.02532709906805,87.44084359161144,35.031356767146654,38.272345851367945,49.52119082387562,65.63397164030904,33.41001701979014,34.958715256449324,36.135936717300275,44.97170198671806,49.77857188024463,67.0961555876838,86.5850739936857,27.44145077720207,26.07897275080363,58.29470766536384,22.713317445697516,28.27821273256421,34.99251293220625,22.1460852131239,23.95482536708077,25.906813972644883,28.02133809160669,28.452178963926148,57.39954949730046,58.51030361598183,23.64928581464765,26.72781447135867,29.45994287007097,35.77429529803492,58.065766630246756,0.0,1.6596907788617656
1.7011830483333077,35.00864125924486,38.844093345490975,43.168897621233015,65.14229258795986,113.66567784572572,33.9735619046646,50.05197347527493,33.27470292426447,37.41361339071164,43.157654686206236,66.05007269618912,87.47937939411378,35.054180731490824,38.33739635489403,49.54340771066287,65.64835709406616,33.397751711551386,34.97568360533254,36.15602684049935,45.01415690562909,49.80790126396526,67.14741808849821,86.6032031042822,27.44145077720207,26.085871948337367,58.329300737301644,22.71880601564975,28.29832527615541,35.008404088134355,22.130163510846387,23.9816217650495,25.91863064158247,28.073169033129485,28.495043363646392,57.41080077288589,58.547634712410755,23.67320370525738,26.75446553040313,29.51163212008653,35.80717097258564,58.09660183391247,0.0,1.701183048333309
1.7426753178048517,35.02552136833297,38.90930027066497,43.222693420713206,65.14502119463788,113.69303548319165,33.98048531078958,50.086542338621484,33.26115230053595,37.44825832609012,43.15618112772974,66.07489528702784,87.51792058904473,35.07665499821279,38.402702061479296,49.56566087323411,65.66280076660233,33.38519868976913,34.991671770346684,36.17724033679927,45.05657457973597,49.83728897929438,67.19874985268909,86.62138638900973,27.44145077720207,26.092756354670332,58.363908600440226,22.724241090485105,28.318381683481466,35.024404875444496,22.113917351358257,24.00775474361023,25.931019686344662,28.123542494689083,28.539698848596004,57.42209044905168,58.58500930378708,23.69681281363118,26.78131852837305,29.56334298468505,35.840017042665934,58.1275518707761,0.0,1.7426753178048524
1.7841675872763958,35.04193382486206,38.97399273410877,43.277307313404414,65.147855750249,113.7204511928026,33.98737904810911,50.1211408707735,33.24745812057651,37.482906740088765,43.15476567212327,66.0997944760361,87.55646716054677,35.09879119242121,38.468251033110946,49.58795035564556,65.67730292676545,33.372359619886566,35.00670352957947,36.19955313716161,45.09895435723921,49.86673437044636,67.2501507836398,86.63962387757743,27.44145077720207,26.09962600789018,58.39853121669192,22.72962331777903,28.33838091612808,35.04051568497551,22.097352042809995,24.033218150706098,25.943994216380094,28.172385238626696,28.58620637015535,57.43341919653387,58.622426740111116,23.72011434571395,26.808374141135033,29.615073860977763,35.872832993535646,58.158616976655125,0.0,1.784167587276396
1.8256598567479398,35.05789026723073,39.03815996331352,43.3327367892292,65.15079795400217,113.74792491953738,33.994243269201895,50.155768919152266,33.23362250210342,37.517555366773664,43.153409877509105,66.12476986909209,87.59501909283627,35.120600512597846,38.53403175310726,49.610276206144405,65.6918638445083,33.359236289131275,35.020807288758895,36.222936407035206,45.14129559280795,49.8962367927991,67.30162078288525,86.65791559999892,27.44145077720207,26.106480945994246,58.4331685480594,22.734953337181054,28.358321951816936,35.05673689935617,22.080472806358486,24.0580067862099,25.957565997966142,28.219662919921575,28.634588463245176,57.444787640770286,58.65988641873781,23.74310963858552,26.83563285104927,29.666823206323556,35.905618314865514,58.189797385079814,0.0,1.8256598567479394
1.867152126219484,35.073401807083236,39.101792542378334,43.38897848575259,65.15384952729067,113.77545660869437,34.00107812592395,50.19042633190175,33.21964748106956,37.55220099681909,43.15211532565634,66.14982107351022,87.6335763702024,35.142093738726075,38.600033117886994,49.63263847726945,65.70648379088993,33.34583060206841,35.03401545282011,36.24735717942573,45.18359764744451,49.92579561284223,67.35315975010582,86.67626158659594,27.44145077720207,26.11332120688957,58.467820556635616,22.740231780474847,28.3782037845063,35.07306889284455,22.06328477849383,24.08211648472565,25.97174538947416,28.265383456825777,28.684825855302766,57.456196366726466,58.69738777954691,23.765800158147265,26.863094952244975,29.71858953539481,35.93837250073597,58.22109332726686,0.0,1.867152126219483
1.9086443956910282,35.08847905958531,39.16488238519378,43.4460281844225,65.15701221398993,113.80304620589384,34.00788376940934,50.22511295788791,33.20553501556888,37.5868404729596,43.150883622614195,66.17494769805077,87.67213897700726,35.163281241516394,38.666244427640045,49.65503722595374,65.72116303807692,33.33214457588343,35.04636373976111,36.27277904594523,45.22585988835149,49.95541020812388,67.40476758312154,86.69466186800224,27.44145077720207,26.120146828392954,58.502487204603774,22.745459271639795,28.398025424487653,35.08951203116979,22.045793013202857,24.105544190571806,25.986541283736795,28.309595417882004,28.736859059754195,57.46764592313194,58.73493030070217,23.788187496492593,26.890760556038597,29.770371417415845,35.97109504963616,58.252505032092834,0.0,1.9086443956910264
1.950136665162572,35.10313217213342,39.22742270603439,43.50388081096613,65.16028778075744,113.83069365708015,34.014660350070855,50.25982864669793,33.19128698954555,37.62147068562768,43.14971639935635,66.20014935292927,87.71070689768494,35.18417299251525,38.73265537611309,49.67747251362872,65.73590185934465,33.318180335426426,35.05789046942551,36.29916287317156,45.26808168880172,49.985079967196064,67.45644417788628,86.71311647516761,27.44145077720207,26.126957848231,58.537168454237275,22.75063642691399,28.41778589847836,35.106066671376446,22.028002483978113,24.12828802327618,26.00196105921645,28.352381853444474,28.79059452582561,57.479136826209,58.77251349491806,23.810273368976816,26.918629596490998,29.82216747356269,36.003785464463384,58.284032726068325,0.0,1.9501366651625738
1.9916289346341163,35.117370851523496,39.28940798749945,43.56253043997679,65.16367801733391,113.85839890852408,34.021408017600834,50.29457324863951,33.17690521631666,37.65608856876727,43.14861531243648,66.2254256498255,87.74928011674103,35.204778574907024,38.79925603970044,49.69994440633039,65.75070052907847,33.3039401080505,35.06863585733812,36.32646751415934,45.31026242801056,50.01480428955875,67.5081894284825,86.7316254393616,27.44145077720207,26.13375430404016,58.57186426789965,22.75576385485849,28.437484249710256,35.12273316167159,22.00991808568132,24.1503473320529,26.01801054152994,28.393851120821758,28.84591379553949,57.49066956296364,58.81013690616503,23.83205961100284,26.9467018360972,29.87397637451372,36.03644325252282,58.315676633311796,0.0,1.9916289346341172
2.0331212041056603,35.1312043896161,39.35083394578103,43.62197030367601,65.16718473684611,113.88616190682464,34.028126920972,50.329346614739876,33.16239144191751,37.6906910958142,43.14758204465398,66.25077620189207,87.78785861875222,35.22510719484104,38.86603686600779,49.72245297480717,65.76555932277498,33.289426218277015,35.07864133933028,36.35465048933294,45.35240149101112,50.04458258560259,67.56000322711591,86.75018879217764,27.44145077720207,26.14053623336677,58.60657460804458,22.760842156422846,28.457119538014208,35.139511841274825,21.991544636270323,24.171722737933237,26.0346939766809,28.43412671961842,28.902683651286996,57.50224459409628,58.84780010675409,23.853548174540958,26.97497687160045,29.92579683814165,36.06906792552773,58.34743697552378,0.0,2.0331212041056608
2.0746134735772044,35.144641687543476,39.41169749327886,43.68219280478498,65.17080977611101,113.91398259891169,34.034817208438376,50.364148596745046,33.1477473482788,37.725275275835344,43.146618305730115,66.27620062376288,87.8264423883659,35.24516769313679,38.93298866203618,49.74499829462972,65.78047851704291,33.27464108232009,35.08794894716601,36.383668616517575,45.39449826853191,50.07441427655038,67.61188546411069,86.76880656553709,27.44145077720207,26.14730367366714,58.641299437215764,22.76587192501166,28.476690839900495,35.156403040271265,21.972886878399102,24.192416162478384,26.052014017093402,28.473337908606528,28.960765482614427,57.51386235658323,58.88550269475139,23.874741124401833,27.003454139920294,29.977627627337462,36.10165899959973,58.379313971961416,0.0,2.074613473577204
2.1161057430487484,35.15769127851023,39.471996698626924,43.74318953339017,65.17455499594097,113.94186093204792,34.041479027536234,50.39897904711873,33.132974556244214,37.7598381498177,43.1457258329938,66.30169853156112,87.8650314102993,35.26496855723898,39.00010258211427,49.767580446302574,65.79545838960439,33.259587202502125,35.09660074944403,36.413478575801896,45.43655215687718,50.104298794397145,67.66383602790427,86.78747879169319,27.44145077720207,26.154056662307557,58.67603871804688,22.77085374655218,28.49619724863506,35.17340707946772,21.953949480899784,24.212430842304805,26.06997172123596,28.51161220492996,29.020022771391474,57.52552326597075,58.923244291679886,23.895640634283154,27.032132924182985,30.029467547958156,36.134215995269685,58.411307839412935,0.0,2.1161057430487475
2.1575980125202925,35.17036134924371,39.53173074423733,43.80495128764032,65.17842228145007,113.96979685383093,34.04811252508514,50.43383781904137,33.11807462843607,37.79437678710043,43.144906392076415,66.32726954290683,87.90362566933942,35.2845179333115,39.06737011568958,49.790199515377964,65.81049921929583,33.24426716159214,35.10463836631367,36.444037400662566,45.47856255780982,50.13423558184924,67.71585480504321,86.80620550323542,27.44145077720207,26.160795236564375,58.710792413261615,22.77578819956282,28.515637874311466,35.190524270252226,21.93473704015598,24.231771328991115,26.08856656728668,28.549070143923142,29.08032631705148,57.5372277184186,58.96102454047177,23.916248982610817,27.06101235984083,30.081315446890198,36.16673843747868,58.443418792172544,0.0,2.157598012520291
2.1990902819918365,35.18265976015277,39.590899881510225,43.86746809806879,65.18241354236123,113.99779031219556,34.054717847188996,50.46872476640905,33.10304907197779,37.828888281942206,43.14416177761548,66.3529132769246,87.94222515034228,35.30382363837535,39.134783075074125,49.81285559257111,65.82560128606892,33.228683617096564,35.11210256144786,36.475302891877206,45.520528878436714,50.16422409226201,67.76794168017851,86.82498673309337,27.44145077720207,26.16751943362406,58.74556048567347,22.780675855222484,28.535011843918593,35.20775491445697,21.915254081376336,24.250443474293313,26.1077964809307,28.585822147835565,29.14155735358468,57.54897609252401,58.99884310364034,23.936568548196476,27.090091440866352,30.133170210221493,36.19922585557945,58.47564704201549,0.0,2.1990902819918348
2.2405825514633806,35.1945940642553,39.64950538389557,43.930729255294025,65.18653071331383,114.025841255416,34.06129513923717,50.50363974383243,33.087899341079606,37.86336975021726,43.1434938139659,66.37862935425025,87.9808298382324,35.32289317240932,39.20233358322515,49.83554877387816,65.84076487099148,33.21283929553218,35.119032910527686,36.507233954942464,45.5624505310969,50.19426378957646,67.82009653606157,86.84382251454115,27.44145077720207,26.17422929058324,58.780342898185836,22.785517277440643,28.55431830140404,35.22509930422491,21.895505059776845,24.268454400958685,26.127657877017565,28.621967079402985,29.203608982317395,57.56076875095315,59.03669966164448,23.956601805733545,27.119369026005856,30.18503076151488,36.23167778333802,58.50799279817311,0.0,2.240582551463378
2.2820748209349246,35.20617152493594,39.70754949802827,43.9947233408169,65.19077575417198,114.05394963210783,34.06784454590566,50.53858260663548,33.07262683949524,37.89781832623383,43.14290435591883,66.40441739703802,88.01943971800257,35.34173373034537,39.270014061629325,49.85827916069567,65.8559902562484,33.19673698670799,35.12546754231232,36.539790864895885,45.60432693325206,50.22435414825462,67.87231925354018,86.86271288120152,27.44145077720207,26.180924844448775,58.81513961379184,22.790313022928082,28.573556407733054,35.242557721880004,21.875494361680527,24.285812459781987,26.148145714452617,28.657591990014925,29.266386410701482,57.572606041903356,59.074593911422426,23.976351321153988,27.14884384507648,30.23689606017687,36.264093758935715,58.54045626730856,0.0,2.282074820934925
2.3235670904064687,35.21739913259397,39.76503539318721,44.05943826060287,65.19515065033282,114.08211539123025,34.07436621115836,50.57355321085432,33.05723292285609,37.9322311596691,43.142395289426446,66.43027702896681,88.05805477471316,35.360352213901216,39.33781721834756,49.88104685994233,65.8712777251423,33.180379538042935,35.13144294617223,36.57293546463693,45.64615750737958,50.25449465321398,67.92460971155474,86.88165786705038,27.44145077720207,26.18760613213781,58.849950595574356,22.795063641268246,28.59272534094301,35.26013043980142,21.85522630554231,24.3025271738729,26.169253563369928,28.69277262546748,29.32980643410008,57.58448830041593,59.11252556507484,23.995819746868268,27.17851450529033,30.28876509991561,36.296473324971345,58.57303765349223,0.0,2.3235670904064687
2.365059359878013,35.228283620241974,39.82196710935462,44.12486128111369,65.1996574130348,114.11033848208825,34.08086027824827,50.60855141323596,33.041718900889045,37.96660541261512,43.14196853233241,66.45620787524645,88.09667499349169,35.37875524320365,39.40573603626714,49.90385198418288,65.88662756209436,33.163769848942934,35.13699383864706,36.606631304162555,45.68794168086832,50.28468479976063,67.97696778713454,86.90065750642088,27.44145077720207,26.194273190477855,58.88477580670586,22.79976967498906,28.611824296193443,35.277817720301734,21.834705142906866,24.318609171390865,26.190973683347696,28.72757435220834,29.393796497638636,57.59641584955751,59.15049434867978,24.015009816910762,27.208379497588933,30.34063690728257,36.32881602846381,58.605737158177895,0.0,2.365059359878016
2.4065516293495572,35.238831478113525,39.87834950417001,44.19097906743546,65.2042980796659,114.13861885433458,34.08732688971886,50.64357707123692,33.02608603952436,38.00093825673066,43.14162603510664,66.4822095626237,88.13530035953238,35.3969491681637,39.473763761599834,49.92669465175415,65.90204005264496,33.146910865260296,35.14215308099725,36.64084372872486,45.729678885916556,50.314924093521455,68.02939335539475,86.91971183400788,27.44145077720207,26.200926056206825,58.919615210448434,22.80443165963523,28.630852485811438,35.29561981550911,21.813935059306566,24.334070108238514,26.213297111190997,28.762053269368028,29.458293572803353,57.608389001484305,59.18850000122413,24.03392434201261,27.238437202971244,30.392510540292626,36.36112142085486,58.638554980178824,0.0,2.4065516293495595
2.4480438988211013,35.24904896733697,39.93418819908699,44.25777772313828,65.2090747140713,114.16695645797212,34.0937661874054,50.67863004302192,33.01033556289923,38.03522687049457,43.141369781583535,66.50828171938767,88.17393085809587,35.41494007957367,39.5418938926562,49.94957498689312,65.91751548345432,33.12980557385562,35.14695163968689,36.6755399239533,45.771368559432695,50.34521205037532,68.08188628953283,86.93882088487258,27.44145077720207,26.207564765973117,58.95446877015368,22.809050123840905,28.649809139332422,35.31353696725399,21.792920175106463,24.34892258238167,26.23621375663013,28.796257356814614,29.523242998527046,57.6204080584032,59.22654227363892,24.0525662046235,27.268685898798623,30.44438508711797,36.39338905801215,58.67149131564408,0.0,2.448043898821103
2.4895361682926453,35.25894213273019,39.98948952504803,44.32524283149789,65.21398940685997,114.19535124335574,34.100178312436434,50.71371018746243,32.994468655262246,38.06946843655605,43.14120178970198,66.5344239753754,88.21256647450828,35.432733819901664,39.61012016891989,49.972493119867394,65.93305414230298,33.11245699728119,35.15141858210191,36.71068892561859,45.81301014293846,50.37554819638284,68.13444646082561,86.95798469444686,27.44145077720207,26.21418935633569,58.98933644926265,22.813625589402655,28.668693503536318,35.33156940695989,21.771664546302695,24.363180041577245,26.259712504168704,28.830227572036087,29.58859737393639,57.6324733134407,59.264620927926366,24.07093835390326,27.2991237650602,30.496259664851017,36.42561850023256,58.70454635803546,0.0,2.4895361682926462
2.5310284377641894,35.268516814769214,40.0442604679935,44.393359497710094,65.21904427571063,114.22380316119455,34.10656340523515,50.748817364135256,32.978486462784225,38.10366013917837,43.141124112246324,66.56063596197674,88.25120719416134,35.45033599376601,39.67843656044025,49.995449187107845,65.94865631809246,33.094868188602234,35.15558110043416,36.746261601090914,45.85460308247445,50.40593206771567,68.18707373862662,86.97720329853756,27.44145077720207,26.22079986376412,59.024218211305765,22.818158571352686,28.68750484247883,35.34971735553888,21.750172165280254,24.37685668634065,26.28378131926563,28.863998851073454,29.654315547515314,57.64458505143013,59.302735736368945,24.08904380070353,27.329748890582874,30.548133418332338,36.45780931224581,58.737720298104115,0.0,2.53102843776419
2.5725207072357335,35.277778660781124,40.09850861451733,44.46211239173545,65.22424146567627,114.25231216255393,34.11292160552093,50.78395143332101,32.96239009528021,38.13779916177247,43.14113883758653,66.58691731213933,88.28985300251159,35.467751978076414,39.74683725755566,50.01844333134357,65.96432230084555,33.0770422263708,35.15946455743478,36.782230608774825,45.89614682850807,50.4363632105844,68.23976799036326,86.99647673333165,27.44145077720207,26.227396324638676,59.059114019902765,22.822649578032294,28.70624243751813,35.36798102329153,21.72844696153557,24.38996736997292,26.308407357045613,28.897600995586416,29.72036172058306,57.65674354962558,59.34088648081137,24.106885612558862,27.360559279170243,30.600005519039453,36.48996106321817,58.771013323868104,0.0,2.5725207072357335
2.6140129767072775,35.286733135409776,40.152242097972646,44.531485791423314,65.22958314948686,114.28087819885779,34.11925305231092,50.819112256002576,32.946180627847184,38.17188268451732,43.14124809041586,66.6132676603729,88.32850388507995,35.484986931833205,39.81531666095668,50.04147570173917,65.98005238170674,33.05898220976496,35.16309254857098,36.818570340973345,45.93764083584432,50.46684118116548,68.29252908153452,87.01580503540035,27.44145077720207,26.23397877525038,59.094023838762595,22.827099111165367,28.72490558733652,35.386360609811604,21.70649280236927,24.40252749740154,26.33357707179927,28.931059444020114,29.78670466709758,57.668949078350856,59.37907295200812,24.12446690870557,27.391552855656148,30.651875164033147,36.52207332675656,58.80442562058962,0.0,2.614012976707277
2.655505246178821,35.29538553039972,40.20546954531612,44.60146362558033,65.23507152785011,114.30950122189022,34.125557883921516,50.854299693863524,32.92985910242186,38.205907882064594,43.141454032484525,66.63968664275383,88.36715982745147,35.50204580557981,39.883869372093635,50.064546454034385,65.9958468529426,33.04069125390437,35.166486975948644,36.85525685480871,45.97908456353863,50.497365545527394,68.34535687570852,87.03518824170392,27.44145077720207,26.24054725180111,59.1289476316834,22.83150766593207,28.74349360795731,35.40485630389566,21.684313493553464,24.41455292447518,26.359276325646952,28.964395933479338,29.85331706315892,57.68120190158981,59.41729494902925,24.14179085514576,27.42272747185841,30.70374157495747,36.55414568091273,58.83795737075283,0.0,2.6555052461788202
2.6969975156503656,35.30374097374233,40.25820002496326,44.67202951666872,65.24070882975019,114.33818118379821,34.13183623797007,50.8895136092865,32.913426529263,38.23987192132526,43.14175886332754,66.66617389692894,88.40582081527462,35.51893335050635,39.952490183930614,50.08765575068614,66.01170600794194,33.022172485350815,35.16966813014531,36.892267795045385,46.020477474812196,50.52793587955545,68.39825123452054,87.05462638959662,27.44145077720207,26.247101790403654,59.163885362552406,22.835875731042474,28.762005832756735,35.42346828345737,21.661912779978177,24.426059859200635,26.38549049489247,28.997629063011324,29.920174915493508,57.69350227752424,59.455552278718734,24.158860659772866,27.4540809124202,30.755603997090475,36.58617770818783,58.87160875404202,0.0,2.696997515650364
2.7384897851219097,35.311804438224875,40.3104429959046,44.74316682284286,65.24649731274339,114.36691803709311,34.138088251376544,50.92475386535157,32.89688388836169,38.27377195933618,43.14216482098402,66.69272906211933,88.44448683426117,35.53565412720544,40.021174072045135,50.110803761013045,66.02763014121611,33.00342903780157,35.17265477681216,36.929582311950426,46.061819036970086,50.558551768876114,68.4512120176709,87.07411951683125,27.44145077720207,26.253642427081783,59.19883699534582,22.840203788810275,28.78044161247087,35.44219671544698,21.63929434628054,24.43706476623002,26.412204572772183,29.030774770390135,29.987257076807673,57.70585045902495,59.49384475519974,24.175679567573706,27.485610900526392,30.80746169844266,36.61816899553694,58.90537994731986,0.0,2.7384897851219074
2.7799820545934537,35.31958074942165,40.3622082583102,44.81485867905895,65.25243926325109,114.39571173465319,34.144314060365176,50.96002032583449,32.88023213078384,38.30760514120538,43.142674182706806,66.71935177912391,88.48315787018558,35.55221251408285,40.08991618607027,50.133990661342274,66.04361954839895,32.98446404798031,35.17546424553307,36.96718097669667,46.10310872132129,50.58921280877985,68.50423908292348,87.09366766156401,27.44145077720207,26.26016919777035,59.233802494128796,22.84449231522631,28.798800315197532,35.46104175577583,21.616461817460365,24.447584275709115,26.439403267502637,29.063846734377428,30.054544836019225,57.71824669410023,59.532172199422405,24.192250855921102,27.517315103484304,30.859313968900135,36.65011913437405,58.93927112460614,0.0,2.7799820545934506
2.821474324064998,35.327074593163616,40.41350590582384,44.88708803701964,65.25853699684885,114.42456222972525,34.15051380046622,50.995312855205,32.86347217994787,38.34136859813457,43.143289265659,66.74604169032271,88.52183390888449,35.568612715427996,40.15871184147474,50.15721663515915,66.05967452624706,32.965280651730545,35.17811251897518,37.00504569627088,46.14434600310153,50.61991860414338,68.55733228610387,87.11327086235953,27.44145077720207,26.266682138315364,59.268781823055335,22.848741780032125,28.81708132639313,35.480003549245964,21.593418759485246,24.45763509739078,26.467071094735342,29.096856713542493,30.12202157226759,57.73069122630636,59.57053443874981,24.20857782996967,27.549191138158285,30.911160119410244,36.68202772057711,58.9732824570566,0.0,2.821474324064998
2.862966593536542,35.33429052252131,40.464346279721575,44.95983770374517,65.26479285855217,114.45346947592719,34.15668760651775,51.03063131862501,32.846604932841394,38.37505944551857,43.14401242759554,66.77279843967966,88.56051493625658,35.584858769150316,40.227556511674486,50.1804818732591,66.07579537263976,32.945881980313395,35.18061432082606,37.043159629388846,46.1855303613984,50.65066876935085,68.610491481098,87.1329291581955,27.44145077720207,26.273181284474045,59.30377494636819,22.852952646793256,28.835284048864374,35.49908222948514,21.570168679887963,24.467233940712525,26.495192463733222,29.1298148315017,30.189672462826753,57.74318429512353,59.608931306578114,24.22466381816635,27.58123657624954,30.96299948120672,36.713894354493156,59.00741411294232,0.0,2.8629665935365414
2.904458863008086,35.34123296433306,40.51473992508251,45.03309037859105,65.27120922309746,114.48243342724949,34.162835612667436,51.06597558194686,32.82963126117983,38.40867478112077,43.14484606752664,66.79962167274574,88.59920093826179,35.60095455418899,40.29644582046834,50.203786573902185,66.09198238657878,32.92627115691102,35.18298320139769,37.081507104536634,46.22666127907878,50.681462928214124,68.66371651985098,87.15264258846801,27.44145077720207,26.27966667191496,59.338781828398815,22.85712537297243,28.85340790275491,35.518277918886966,21.54671502835857,24.476397441338474,26.523751756780545,29.16272981713284,30.25748423635041,57.755726136300844,59.647362641988266,24.240512167885814,27.613448949412884,31.01483140507243,36.745718640943856,59.041666257629274,0.0,2.904458863008085
2.94595113247963,35.34790622530935,40.564697549091605,45.10682868856238,65.27778849521872,114.51145403805772,34.16895795237441,51.10134551171144,32.81255201250979,38.442211683324956,43.14579262636049,66.82651103666133,88.63789190092135,35.61690379760444,40.36537553478967,50.22713094297035,66.10823586818844,32.90645129333592,35.18523162009113,37.12007354094342,46.2677382427188,50.712300713892006,68.71700725236576,87.17241119299634,27.44145077720207,26.286138336218055,59.37380243356728,22.86126041000252,28.871452325526732,35.537590728556594,21.523061197333533,24.485142094481343,26.552733401523174,29.19560920706815,30.325444964131364,57.76831698217312,59.6858282894255,24.256126241199848,27.64582575420386,31.06665526063752,36.777500189230985,59.07603905355824,0.0,2.945951132479632
2.987443401951174,35.35431449774164,40.614229981568016,45.1810352218035,65.28453310991854,114.54053126309421,34.17505475841113,51.13674097514627,32.79536801126032,38.475667209463666,43.146854587521545,66.85346618015846,88.67658781031695,35.63271008136039,40.43434155776447,50.250515194127395,66.12455611871528,32.886425486944525,35.18737102417095,37.15884537303869,46.308760742536144,50.74318176880871,68.77036352670244,87.19223501202809,27.44145077720207,26.29259631287478,59.408836726382106,22.865358203359186,28.889416771936464,35.557020758261736,21.499210522583454,24.493484195152657,26.582121936102542,29.228459516633425,30.39354388319381,57.780957061951916,59.72432809840451,24.271509410788465,27.678364456850307,31.11847043571059,36.80923861314218,59.110532660225054,0.0,2.9874434019511757
3.0289356714227185,35.360461864842335,40.66334813778654,45.25569255916886,65.2914455327339,114.56966505748053,34.18112616286529,51.17216184016365,32.77808005974452,38.50903839422395,43.14803447754183,66.88048675356316,88.71528865259062,35.64837684880638,40.50333992206672,50.27393954898126,66.14094344052778,32.86619681775294,35.189411923499726,37.19780997874562,46.34972827232468,50.77410574457126,68.82378518897728,87.21211408624426,27.44145077720207,26.299040637288144,59.44388467144027,22.869419192633313,28.907300714006386,35.57656809638924,21.47516628380137,24.501439785342537,26.6119020670938,29.261286384405018,30.46177124603393,57.79364660199398,59.76286192323788,24.286665055999368,27.71106249784367,31.170276335641603,36.84093353095693,59.1451472341612,0.0,3.0289356714227194
3.070427940894262,35.36635230574134,40.7120629836347,45.330783303808175,65.29852825999508,114.59885537671897,34.187172297141764,51.20760797535872,32.76068893911401,38.542322248131285,43.14933486662058,66.90757240879714,88.75399441394423,35.663907410870415,40.57236678356079,50.29740423724953,66.15739813711603,32.84576834575171,35.19136396104099,37.23695561180503,46.39064032939147,50.805072301885986,68.87727208336206,87.23204845676463,27.44145077720207,26.305471344772837,59.47894623342713,22.873443811603074,28.925103640990283,35.59623281990712,21.45093170519262,24.509024608005024,26.642058720383094,29.294094694700465,30.530118192680185,57.80638582604799,59.80142962278526,24.301596559061327,27.743917296346247,31.222072382714256,36.87258456545239,59.179882928914736,0.0,3.0704279408942625
3.111920210365806,35.37198970016209,40.76038550312575,45.40629010872287,65.30578381907868,114.62810217669507,34.193193291964576,51.24307925000745,32.74319541026875,38.57551575611353,43.15075836914954,66.93472279937936,88.79270508063902,35.67930495197207,40.641418415220706,50.32090949692732,66.17392051309132,32.82514310841578,35.19323597906158,37.27627133820381,46.43149641449624,50.83608111047425,68.93082405208366,87.25203816515275,27.44145077720207,26.311888470555296,59.51402137711621,22.877432488305658,28.942825059334023,35.616014994332346,21.42650995606762,24.516254067621674,26.672577085222205,29.326888681595793,30.598576641468593,57.8191749554827,59.840031060222294,24.31630730145576,27.776926254411816,31.273858015566333,36.90419134390974,59.21473989503151,0.0,3.111920210365806
3.1534124798373506,35.37737783279945,40.80832666826589,45.48219570227351,65.31321476865247,114.6574054136793,34.199189277378906,51.27857553406466,32.7256002147245,38.60861587614643,43.15230764419901,66.96193758042799,88.83142063899541,35.69457253566648,40.710491201315946,50.34445557445803,66.19051087418555,32.8043241184044,35.19503608105516,37.31574697668955,46.4722960317931,50.867131848987064,68.98444093542356,87.27208325342143,27.44145077720207,26.31829204977381,59.54911006736924,22.881385645108644,28.960464492630923,35.635914673704,21.401904151438334,24.523143197034518,26.70344265177993,29.359672017455704,30.66713919553519,57.83201420949724,59.87866610282615,24.330800660449963,27.810086761017676,31.325632688636496,36.93575349812033,59.249718280036845,0.0,3.1534124798373497
3.1949047493088947,35.382520397419654,40.855897411255576,45.558482911639416,65.32082369891305,114.6867650443291,34.205160382753114,51.314096698162,32.70790407543968,38.64161953798274,43.153985395960625,66.989216408661,88.87014107539238,35.70971311002928,40.779581631853524,50.36804272490705,66.20716952725084,32.78331436144667,35.19677168947781,37.35537304328688,46.51303868877457,50.89822420491877,69.03812257171778,87.29218376403793,27.44145077720207,26.324682117478602,59.58421226913599,22.885303698780955,28.97802148157185,35.6559319005623,21.377117352619244,24.52970663017753,26.734641242571044,29.392447888457905,30.735799062533772,57.8449038053159,59.917334621777776,24.34508000579437,27.843396195907335,31.377395871636086,36.967270664392196,59.28481822841751,0.0,3.1949047493088933
3.2363970187804383,35.3874210007015,40.90310859898708,45.63513468424891,65.32861323181442,114.71618102569106,34.21110673678081,51.349642613605845,32.69010769760429,38.67452364196793,43.15579437414243,67.01655894239761,88.90886637626728,35.724729512793026,40.848686297265566,50.39167121213809,66.22389678025861,32.76211679440585,35.198449599434326,37.395140699682116,46.55372389621814,50.92935787452006,69.09186879735663,87.31233973992946,27.44145077720207,26.33105870863194,59.61932794745421,22.889187060563355,28.995495583890104,35.6760667059332,21.35215256783329,24.53595858029271,26.76615903818686,29.425219059174264,30.804549985505894,57.85784395836807,59.95603649197833,24.359148696585123,27.87685193324361,31.429147049044435,36.99874248355648,59.32003988160404,0.0,3.2363970187804405
3.2778892882519823,35.39208316583668,40.94997100978613,45.7121341072157,65.3365860212878,114.74565331520279,34.217028467482926,51.385213152375286,32.672211769392135,38.70732505794492,43.15773737431126,67.04396484155899,88.94759652811528,35.73962447624536,40.91780188333283,50.41534130899259,66.24069294229915,32.74073434351707,35.20007602848759,37.435041705309864,46.594351168134985,50.96053256270985,69.14567944678491,87.33255122448854,27.44145077720207,26.337421858108204,59.654457067449485,22.893036136238578,29.012886374301033,35.6963191093186,21.32701275282307,24.541912823189104,26.797982597778095,29.457987927924155,30.87338618317746,57.870834882455,59.99477159187868,24.373010078292776,27.910451345073024,31.480885719626496,37.03016860097411,59.35538337795346,0.0,3.2778892882519837
3.3193815577235264,35.39651033590591,40.99649531233201,45.789464424830776,65.34474475345176,114.7751818706949,34.222925702209814,51.42080818711994,32.654216962678746,38.74002062425131,43.159817238177496,67.071433767669,88.98633151748916,35.754400631898704,40.98692516633345,50.439053297471865,66.25755832358055,32.719169902791435,35.20165666278503,37.47506837295474,46.634920021720966,50.99174798298621,69.19955435250196,87.3528182615786,27.44145077720207,26.343771600694026,59.689599594335206,22.89685132620091,29.030193444436478,35.716689118692365,21.301700811467818,24.547582685090426,26.830098874754068,29.490756574330018,30.942302298243245,57.88387678990454,60.03353980332165,24.38666747995668,27.944191804602827,31.53261139597163,37.06154866654249,59.390848852732375,0.0,3.3193815577235273
3.3608738271950713,35.40070587704613,41.042692046679875,45.86710905417121,65.35309214681126,114.8047666503931,34.228798567643445,51.45642759115785,32.63612393372607,38.77260714681268,43.16203685381669,67.09896538385452,89.02507133099878,35.76906051494149,41.056053008407446,50.46280746892224,66.274493235428,32.69742633258003,35.20319669970829,37.51521352766835,46.675429977310195,51.02300385733667,69.25349334506207,87.37314089553955,27.44145077720207,26.350107971088345,59.72475549341242,22.900633025525327,29.047416402773973,35.737176730501986,21.276219596405884,24.552981034614834,26.862495228162953,29.523526800267277,31.011293352437747,57.89696989171446,60.07234101139477,24.400124211544266,27.978070689292895,31.58432360405225,37.09288233470237,59.42643643810042,0.0,3.360873827195071
3.4023660966666154,35.404673081423674,41.08857160730098,45.94505159889676,65.36163095244642,114.83440761291988,34.2346471897995,51.49207123847332,32.61793332383637,38.80508139833596,43.1643991558229,67.12655935484574,89.06381595531093,35.783606568480664,41.12518235312726,50.486604124223184,66.29149799028272,32.67550645829058,35.204700887257424,37.55547046879751,46.71588055833057,51.05429991614725,69.3074962530748,87.3935191711932,27.44145077720207,26.35643100390254,59.75992473006978,22.904381624036112,29.064554874560805,35.757781929675915,21.250571909663016,24.558120278438228,26.895159430210605,29.556300165205936,31.080354707386515,57.91011439768592,60.11117510429385,24.41338356147337,28.01208538376493,31.636021882801337,37.12416926444463,59.462146263094105,0.0,3.4023660966666145
3.44385836613816,35.40841517002658,41.134144228047845,46.02327586131371,65.3703639541887,114.86410471729704,34.240471694029644,51.52773900371473,32.599645759975964,38.83744011760694,43.16690712538722,67.15421534697622,89.10256537714861,35.79804114758438,41.1943102212649,50.51044357397827,66.30857290170093,32.65341306924975,35.206173560381046,37.59583293491905,46.75627129126197,51.085635898110816,69.36156290320567,87.4139531338492,27.44145077720207,26.36274073366051,59.795107269783344,22.90809750637495,29.081608501732866,35.778504689636556,21.224760503286145,24.563012360208273,26.928079670358866,29.589078016779293,31.149482030395053,57.923310516547176,60.15004197319542,24.426448794295574,28.04623328253258,31.687705783707987,37.15540911931737,59.49797845361106,0.0,3.4438583661381577
3.4853506356097035,35.41193529528864,41.17941996894831,46.10176585279114,65.3792939687848,114.89385792294713,34.24627220502364,51.56343076219229,32.581261855371025,38.86968000889684,43.169563790296245,67.18193302818294,89.14131958329101,35.81236652313442,41.26343370674667,50.53432613870928,66.3257182843527,32.631148917704046,35.20761867446051,37.636295071480895,46.796601705596345,51.11701155013451,69.41569312017687,87.43444282931054,27.44145077720207,26.36903719479878,59.83030307811662,22.911781052068484,29.09857694282845,35.799344972318984,21.198788079982624,24.56766876229646,26.961244556423853,29.621861517280447,31.218671264465886,57.936558456068944,60.18894151213823,24.43932314853768,28.08051179255589,31.73937487042967,37.18660156743285,59.53393313239461,0.0,3.4853506356097013
3.5268429050812475,35.41523654355704,41.22440870472704,46.18050580261949,65.38842384604705,114.9236671896956,34.252048846811626,51.59914638987584,32.56278221007626,38.90179774148272,43.172372224843485,67.20971206800574,89.180078560573,35.82658488549676,41.33254997278684,50.558252149053295,66.34293445402085,32.608716717952014,35.20903983614899,37.67685140095508,46.83687133380045,51.14842662724613,69.46988672676777,87.45498830387942,27.44145077720207,26.375320421666608,59.86551212072034,22.915432635595298,29.115459872896945,35.82030272819522,21.172657293764434,24.572100510000954,26.99464311306904,29.654651666677246,31.28791860194694,57.94985842317162,60.22787361791239,24.45200983469793,28.114918335624566,31.79102871842073,37.217746281474724,59.570010419018956,0.0,3.5268429050812484
3.5683351745527916,35.418321937414134,41.2691201149518,46.259480165404085,65.39775646898954,114.95353247777284,34.257801742766425,51.63488576339258,32.54420741151815,38.933789949286954,43.17533554964741,67.237552137587,89.2188422958847,35.84069834801887,41.40165624819148,50.582221945962594,66.36022172759942,32.58611914560054,35.210440331758335,37.717496795317444,46.87707971128059,51.179880892499796,69.52414354381612,87.4755896043632,27.44145077720207,26.3815904485261,59.90073436333239,22.91905262645239,29.13225698340248,35.84137789630413,21.14637075059729,24.576318177840463,27.028264778060425,29.687449322642767,31.35722046130645,57.9632106240254,60.26683818995599,24.46451203339344,28.149450350574316,31.842666914575968,37.24884293870505,59.60621042987431,0.0,3.568335174552792
3.6098274440243356,35.42119443786413,41.31356367570064,46.33867362708839,65.40729475394937,114.98345374781603,34.26353101560574,51.67064876002481,32.52553803501381,38.96565323064146,43.17845693136957,67.26545290967114,89.25761077617133,35.85470895036191,41.4707498238246,50.606235880908024,66.37758042309248,32.56335883693827,35.21182315337714,37.758226450677505,46.91722637634974,51.21137411688048,69.5784633902191,87.49624677808004,27.44145077720207,26.387847309552292,59.93596977177774,22.92264138922098,29.148967982122613,35.862570404286956,21.11993100905405,24.580331897608165,27.062099396621615,29.72025521802208,31.426573466607163,57.976615264143426,60.305835130258465,24.476832893654684,28.184105295341254,31.894289056888656,37.27989122097162,59.642533278153024,0.0,3.6098274440243356
3.6513197134958797,35.42385694639336,41.35774865264647,46.41807110970206,65.41704165069167,115.01343096087122,34.2692367873945,51.7064352577076,32.50677464426653,38.99738414818233,43.181739582325314,67.29341405860347,89.29638398843275,35.868618661675505,41.539828049228696,50.630294316084886,66.39501085961254,32.54043838841923,35.21319102289281,37.799035863892506,46.95731087019691,51.24290607920783,69.632846082934,87.51695987286507,27.44145077720207,26.394091038833285,59.97121831196829,22.926199283631817,29.165592593042064,35.883880168428206,21.093340580972036,24.584151367884143,27.09613721419692,29.753069976091698,31.4959744293173,57.990072548468895,60.344864343270146,24.488975531362648,28.218880648859574,31.945894754122257,37.31089081471525,59.6789790738357,0.0,3.651319713495879
3.6928119829674237,35.42631230691341,41.401684095456304,46.49765777492788,65.42700014249819,115.04346407839513,34.27491917954716,51.74224513502648,32.4879177918395,39.02897922888115,43.18518675998032,67.3214352603296,89.33516191972295,35.88242938362277,41.608888329392045,50.65439762462237,66.41251335737908,32.517360356249704,35.21454641408007,37.839920811010515,46.997332736858716,51.27447656603906,69.68729143698016,87.53772893707638,27.44145077720207,26.400321670370314,60.00647994990281,22.929726664629808,29.182130556241617,35.90530709370222,21.066601932113887,24.58778586473453,27.130368867901172,29.78589412391445,31.565420332149586,58.003582681456194,60.383925735817485,24.500943027823986,28.253773912807763,31.99748362549519,37.341841410976954,59.715547923677704,0.0,3.6928119829674264
3.734304252438968,35.42856330759517,41.445378833405336,46.57741902658133,65.43717324623799,115.07355306225719,34.280578312830066,51.778078271215115,32.4689680196082,39.06043496421911,43.18880176632527,67.34951619239396,89.37394455715005,35.89614295326267,41.67792812165579,50.678546190795714,66.4300882377167,32.49412725607173,35.2158915729077,37.880877327396924,47.03729152319312,51.30608537157078,69.74179926543968,87.55855401960083,27.44145077720207,26.4065392380779,60.041754651666764,22.933223882438064,29.198581627782154,35.92685107382496,21.039717482831243,24.591244253353505,27.164785376905925,29.81872810404704,31.63490831466489,58.017145867147036,60.423019217023835,24.512738428479402,28.28878261320872,32.04905530037766,37.372742705405436,59.75223993119656,0.0,3.7343042524389696
3.7757965219105123,35.430612682601286,41.4888414721074,46.65734051209347,65.44756401241969,115.10369787474141,34.286214307363764,51.813934546152964,32.44992585919301,39.091747810510576,43.192587947121545,67.37765653393888,89.41273188787564,35.90976114579666,41.74694493275365,50.70274041024158,66.44773582305366,32.47074156273696,35.21722853620472,37.921901689409935,47.077186778855584,51.33773229754011,69.79636937945904,87.5794351698606,27.44145077720207,26.412743775783944,60.077042383432264,22.936691282621386,29.214945579584025,35.94851199131132,21.01268960873101,24.59453500043178,27.19937813198445,29.851572284820673,31.704435660415488,58.03076230924134,60.462144698234944,24.52436474174016,28.32390430188982,32.10060941800052,37.40359439826439,59.78905519665908,0.0,3.775796521910513
3.8172887913820563,35.43246311372403,41.53208039126809,46.73740812308528,65.45817552522367,115.13389847854839,34.29182728262542,51.84981384036284,32.43079183237264,39.12291418938288,43.19654869100978,67.40585596570277,89.45152389911465,35.92328567718612,41.81593631597794,50.72698069017645,66.46545643691968,32.44720571016421,35.21855914881714,37.96299039749999,47.11701805627719,51.369417153124736,69.85100158825085,87.600372437819,27.44145077720207,26.41893531722982,60.112343111457925,22.940129206148995,29.231222199301726,35.970289717537554,20.98552064134338,24.597666187060923,27.234138884412058,29.8844269693822,31.77399978543456,58.04443221116368,60.50130209294903,24.535824937947535,28.359136557808224,32.15214562717493,37.43439619443987,59.82599381706961,0.0,3.817288791382057
3.8587810608536,35.43411723193544,41.575103743369496,46.81760799511923,65.46901090251426,115.16415483679718,34.297417357451216,51.8857160350086,32.41156645147933,39.153930488418716,43.200687428474026,67.43411417001886,89.49032057813493,35.936718206647,41.884899868465496,50.751267449618005,66.48325040394428,32.42352209127517,35.219885079377,38.004140160617766,47.15678491064501,51.40113975484234,69.90569569909515,87.62136587398685,27.44145077720207,26.42511389607052,60.147656802088775,22.943537989456775,29.24741129019396,35.99218411280909,20.958212868791275,24.600645522006648,27.269059734393874,29.917292403657264,31.84359822790613,58.058155776125616,60.540491316751236,24.54712194845009,28.39447698824757,32.203663586022785,37.465147803447806,59.86305588615808,0.0,3.8587810608536
3.900273330325144,35.43557761885552,41.61791945320008,46.89792650670891,65.48007329582998,115.19446691302727,34.30298465003868,51.92164101189268,32.39225021977676,39.184793061968705,43.205007630653455,67.46243083081316,89.52912191225681,35.950060339027566,41.95383322859738,50.775601119609824,66.5011180498546,32.39969305800198,35.22120783479551,38.04534788182427,47.196486899884825,51.432899926448684,69.96045151734128,87.64241552942889,27.44145077720207,26.43127954587474,60.182983421756106,22.94691796450875,29.263512670989293,36.01419502643332,20.93076853646051,24.6034803552064,27.30413311916992,29.950168783373485,31.913228638872265,58.07193320718387,60.579712287251766,24.558258664793353,28.429923229891696,32.25516296171705,37.495848939441366,59.90024149436902,0.0,3.9002733303251436
3.941765599796688,35.43684680814423,41.66053521814724,46.97835027766475,65.4913658903513,115.22483467120044,34.30852927794923,51.95758865345367,32.37284363182147,39.21549823214054,43.20951280799405,67.49080563360286,89.5679278888531,35.96331362707492,42.022734073506996,50.79998214344875,66.51905970147338,32.375720921361555,35.22252877358436,38.08661064500507,47.236123584645696,51.464697498835314,70.01526884640967,87.66352145576994,27.44145077720207,26.437432300125014,60.218322936977366,22.95026945885801,29.279526175747314,36.03632229679758,20.903189847670223,24.606177691366817,27.339351800927098,29.983056260263066,31.9828887738541,58.08576470729503,60.61896492402801,24.569237938016713,28.465472949781155,32.30664343023168,37.52649932121849,59.93755072885061,0.0,3.941765599796687
3.9832578692682326,35.43792728682256,41.702958509174884,47.05886616684946,65.50289190484447,115.25525807570276,34.314051358110525,51.993558842763925,32.35334717380836,39.246042289972,43.21420650873229,67.51923826549407,89.6067384953484,35.97647957359603,42.09160011669084,50.82441097691537,66.53707568671645,32.35160795159088,35.223849118100134,38.12792570259871,47.27569452828702,51.49653230992597,70.07014748779365,87.68468370520141,27.44145077720207,26.443572192217818,60.2536753143561,22.95359279570694,29.295451653715556,36.05856575145196,20.875478964342996,24.6087442035549,27.374708854628942,30.015954947547502,32.05257648527977,58.09965047936673,60.65824914856971,24.58006257805208,28.501123846158468,32.358104676100574,37.55709867222925,59.97498367344446,0.0,3.9832578692682303
4.024750138739776,35.43882149652755,41.745196572412695,47.139461269412735,65.51465459158094,115.28573709134639,34.319551006818934,52.029551463527056,32.33376132390142,39.27642149679452,43.21909231720361,67.54772841517975,89.64555371921895,35.98955963351803,42.160429105716894,50.848888088507636,66.55516633459075,32.3273563783386,35.22516996579998,38.169290464256385,47.31519929686737,51.5284042045724,70.12508724106141,87.70590233048785,27.44145077720207,26.449699255463695,60.28904052058178,22.956888293966813,29.311288969182137,36.08092520719703,20.847638007674018,24.6111862466931,27.410197655857313,30.048864924792987,32.122289715626216,58.11359072630571,60.69756488422733,24.590735353219227,28.536873649207642,32.40954639218517,37.58764672058341,60.01254040867556,0.0,4.024750138739774
4.066242408211321,35.43953183470595,41.78725643128834,47.220122913570115,65.52665723623049,115.31627168337162,34.32502833974204,52.0655664000755,32.3140865525498,39.30663208579417,43.22417385196752,67.57627577293748,89.68437354799227,36.00255521585324,42.229218820025714,50.87341395967733,66.57333197519166,32.30296839090781,35.22649229958894,38.210702486357214,47.35463745913568,51.560313034449074,70.18008790385808,87.72717738497334,27.44145077720207,26.45581352308737,60.32441852242965,22.960156268316705,29.327038001324343,36.103400470176496,20.819669058798976,24.61350987088382,27.44581186874524,30.08178624221357,32.19202649119439,58.1275856510631,60.73691205616382,24.601258989812486,28.572720121693635,32.460968279450285,37.61814319905779,60.05022101174302,0.0,4.0662424082113215
4.107734677682865,35.44006065575026,41.82914488913858,47.30083865698757,65.53890315772755,115.34686181744871,34.330483471921085,52.101603537368,32.294323322790426,39.33667026377679,43.229454763743234,67.60488003062693,89.723197969247,36.015467685573135,42.29796706881957,50.897989085069426,66.59157293970048,32.2784461385457,35.227816997333406,38.25215946230941,47.39400858652456,51.59225865794727,70.23514927190766,87.74850892258827,27.44145077720207,26.461915028227857,60.35980928676071,22.963397029261813,29.342698644053172,36.1259913359741,20.791574159459863,24.61572083450095,27.481545434067016,30.11471892448889,32.261784916447525,58.14163545667653,60.776290591308296,24.611636171773693,28.60866105950738,32.51237004674764,37.648587845103876,60.088025556510786,0.0,4.107734677682865
4.149226947154409,35.440410272081664,41.870868532239825,47.38159628282826,65.55139570810938,115.37750745967973,34.335916517773484,52.13766276098714,32.27447209053747,39.366532213143174,43.2349387331473,67.63354088168724,89.76202697061225,36.02829836539601,42.36667168903515,50.92261397276424,66.60988956038183,32.253791730775326,35.229144840608555,38.29365921357375,47.433312253145374,51.62424094006811,70.29027113901557,87.76989699785582,27.44145077720207,26.4680038039386,60.395212780521504,22.966610883191006,29.358270805854026,36.148697589715596,20.763355312668548,24.617824616998845,27.51739255753959,30.147662974154226,32.331563168850764,58.15574034631023,60.81570041831307,24.621869540446447,28.6446942921215,32.563751410607075,37.678980400855224,60.12595411349932,0.0,4.149226947154408
4.190719216625952,35.44058295518299,41.91243373320239,47.462383795514434,65.5641382723246,115.40820857660061,34.34132759109532,52.17374395713684,32.254533304859294,39.396214094080804,43.2406294682283,67.6622580211345,89.80086053976767,36.04104853749264,42.43533054339572,50.94728914452264,66.62828217058082,32.22900723776594,35.23047652274228,38.33519968135076,47.472548035785714,51.656259752314796,70.34545329707042,87.79134166589878,27.44145077720207,26.474079883187585,60.430628970744074,22.96979813243386,29.373754409623572,36.17151900617475,20.735014483367237,24.619826431398188,27.553347698379213,30.180618374613655,32.40135949415852,58.16990052329214,60.855141467512496,24.631961694406616,28.6808176829624,32.615112095034526,37.70932061313482,60.16400674987736,0.0,4.1907192166259515
4.232211486097497,35.44058093658538,41.953846654678316,47.543189416253085,65.57713426801156,115.43896513518288,34.346716805063906,52.209847012639806,32.23450740824354,39.42571204697723,43.24653070179124,67.69103114555885,89.83969866444278,36.05371944511377,42.50394151853855,50.97201513603384,66.64675110472034,32.20409469073753,35.231812656213286,38.37677891887831,47.511715513908754,51.68831497258409,70.4006955360465,87.81284298244637,27.44145077720207,26.480143298857456,60.46605782454574,22.972959075316872,29.38914939250296,36.19445534988388,20.70655359908569,24.6217312364177,27.589405558147988,30.213585092820132,32.471172202102366,58.18411619114936,60.89461367088437,24.641915189364532,28.717029129703338,32.666451831317,37.73960823346268,60.20218352945438,0.0,4.232211486097499
4.2737037555690405,35.44040640881154,41.99511325333486,47.62400157837088,65.59038714524453,115.46977710283562,34.35208427224023,52.24597181493502,32.214394836850886,39.455022195060465,43.252646188506915,67.71985995312153,89.878541332417,36.06631229414333,42.57250252321415,50.99679249716581,66.66529669829781,32.1790560823963,35.233153779455186,38.41839508429071,47.550814269654666,51.720406485056834,70.45599764400636,87.83440100384098,27.44145077720207,26.486194083745644,60.501499309129095,22.97609400621916,29.404455705707527,36.21750637524857,20.677974550594517,24.623543748228098,27.625561069917605,30.246563081661257,32.540999662437876,58.19838755364111,60.934116962013334,24.651732538133945,28.753326564483906,32.7177703578339,37.76984301806321,60.24048451267312,0.0,4.273703755569042
4.315196025040585,35.44006152627865,42.03623928405166,47.704808922498714,65.60390038624718,115.50064444740735,34.3574301045716,52.2821182520752,32.194196020757765,39.484140647270614,43.25897970180059,67.74874414355182,89.91738853151904,36.078828254581225,42.64101148655356,51.02162179221861,66.68391928788235,32.15389336739747,35.23450036311591,38.460046433994236,47.58984388784391,51.75253418008774,70.51135940710276,87.85601578704522,27.44145077720207,26.492232270564497,60.536953391781786,22.979203215627383,29.419673314353027,36.24067182666639,20.649279192554232,24.6252684518115,27.661809387770294,30.279552282084296,32.610840301313935,58.21271481478977,60.973651276055946,24.661416210663514,28.78970795406036,32.769067419874474,37.80002472787268,60.27890975660324,0.0,4.315196025040586
4.3566882945121295,35.439548406163496,42.0772303043017,47.7856002916448,65.61767750507171,115.53156713718796,34.362754413394086,52.31828621272426,32.17391138418902,39.51306350136661,43.26553503051645,67.777683418144,89.95624024962687,36.09126846195891,42.70946635640013,51.046503600179925,66.70261921111144,32.128608462832254,35.235852815815484,38.50173131651847,47.62880395598267,51.784697954094284,70.56678060958156,87.87768738964868,27.44145077720207,26.498257891941375,60.57242003987645,22.98228699019007,29.434802197278636,36.26395143864965,20.620469344159677,24.626909611914716,27.69814587665136,30.312552624990037,32.680692597932044,58.22709817891029,61.013216549708005,24.67096863412635,28.82617129989173,32.82034276946109,37.83015312854656,60.317459314934695,0.0,4.3566882945121295
4.398180563983673,35.43886912923247,42.11809167868052,47.866364726189865,65.6317220472425,115.56254514091053,34.36805730943519,52.354475586154706,32.15354134574019,39.54178684727084,43.27231597535386,67.80667747975386,89.99509647466722,36.10363401869111,42.777865097703085,51.07143851498328,66.72139680668752,32.10320324873605,35.23721148944374,38.54344816680541,47.667694064270094,51.81689770944508,70.62226103378394,87.89941586987528,27.44145077720207,26.504270980418834,60.60789922087054,22.985345612771273,29.449842346866724,36.28734493595189,20.5915467897793,24.628471283590123,27.734566102582825,30.345564032921533,32.750555081467404,58.24153785063768,61.05281272117344,24.68039219306339,28.862714638165876,32.87159616517819,37.860227990467,60.35613323797216,0.0,4.398180563983673
4.439672833455218,35.43802574063839,42.158828583551305,47.94709145883625,65.64603758936292,115.59357842775322,34.37333890281634,52.39068626224509,32.133086318590735,39.57030677065387,43.27932634507345,67.83572603279562,90.0339571946154,36.11592599536698,42.846205690969256,51.096427145768565,66.74025241437486,32.077679568615196,35.23857668403458,38.58519550090232,47.7065138056075,51.849133354346925,70.67780046014913,87.92120128659003,27.44145077720207,26.510271568454677,60.64339090230624,22.988379362503547,29.464793768859654,36.31085203369824,20.562513279589105,24.62995732232178,27.77106582324349,30.378586421570564,32.82042632822624,58.256034034952876,61.09243973013443,24.68968922957673,28.899336039770017,32.9228273720064,37.89024908875019,60.39493157262946,0.0,4.439672833455217
4.481165102926761,35.437020250686835,42.19944601177682,48.02776990953938,65.66062773868418,115.62466696734103,34.378599303055516,52.426918131477464,32.112546710707946,39.59861935676,43.286569952471154,67.86482878323811,90.07282239749495,36.12814543198329,42.91448613077074,51.121470117144675,66.75918637499556,32.05203922998938,35.23994865225108,38.62697191102667,47.74526277560954,51.8814048027318,70.73339866721706,87.94304369930644,27.44145077720207,26.516259688422153,60.67889505181031,22.991388514840267,29.479656482173663,36.33447243751904,20.53337053020076,24.631371393737517,27.80764097891687,30.411619701121783,32.890304959016916,58.27058693720721,61.13209751772359,24.698862043568884,28.93603361020959,32.97403616116185,37.920216203253695,60.43385436242491,0.0,4.481165102926759
4.522657372398305,35.43585463557333,42.239948777511366,48.108389680446955,65.67549613263485,115.655810729748,34.383838619069785,52.46317108493473,32.09192292504229,39.6267206944738,43.29405061012041,67.89398543860139,90.11169207137738,36.14029333912297,42.982704424305226,51.146568069454396,66.77819903042631,32.026284004947556,35.24132760351264,38.668776060974196,47.78394057261708,51.9137119741423,70.78905543163071,87.9649431681936,27.44145077720207,26.522235372610034,60.71441163709397,22.99437334160736,29.494430518709983,36.35820584368717,20.50412022528371,24.632716982911127,27.84428768380602,30.44466377745249,32.96018963671495,58.285196763145386,61.171786026497145,24.70791289302446,28.972805489479708,33.02522230994033,37.95012911858387,60.47290164747676,0.0,4.522657372398303
4.564149641869849,35.434530838093785,42.28034152102938,48.18894055086905,65.69064643830978,115.68700968549865,34.38905695917797,52.499445014298104,32.071215359714394,39.65460688062614,43.301772125883005,67.92319570795301,90.1505662043818,36.15237069908116,43.05085859000692,51.17172165904131,66.79729072359422,32.00041563071517,35.2427137077932,38.710606681843814,47.82254679771202,51.94605479361724,70.84477052813916,87.98689975408361,27.44145077720207,26.52819865322278,60.749940625952775,22.997334111054254,29.509115923163325,36.38205193925849,20.47476401618085,24.633997403260437,27.881002217711288,30.477718553203747,33.030079064004106,58.299863718926964,61.211505200409626,24.71684399433057,29.009649851892412,33.076385601565974,37.97998762410316,60.51207346449919,0.0,4.56414964186985
4.605641911341393,35.43305076832959,42.3206287135699,48.2694124723001,65.70608235191709,115.71826380557013,34.39425443110317,52.53573981184445,32.05042440819418,39.68227402453693,43.30973829819136,67.9524593019042,90.18944478467485,36.16437846694159,43.1189466562053,51.19693155851825,66.81646179847303,31.974435810230418,35.244107099116455,38.75246256805494,47.86108105473404,51.978433191575746,70.90054372960009,88.00891351847878,27.44145077720207,26.53414956238063,60.78548198626647,23.000271087904306,29.52371275282791,36.406010402215394,20.445303522517566,24.635215805049487,27.917781018065572,30.510783928736316,33.09997198127763,58.31458801114689,61.25125498478973,24.72565752263272,29.046564905863917,33.12752582504442,38.009791513937444,60.551369846799005,0.0,4.605641911341394
4.647134180812937,35.43141630430888,42.36081466217749,48.34979556351051,65.72180759818204,115.74957306139409,34.399431141975434,52.57205537044373,32.029550459472325,39.70971825279071,43.317952911105486,67.98177593260593,90.22832780047008,36.176317571605786,43.18696665982988,51.22219845703789,66.83571260007922,31.948346212727742,35.245507878772415,38.794342573634964,47.89954295029878,52.01084710370107,70.95637480698254,88.03098452355914,27.44145077720207,26.540088132119777,60.821035685998865,23.003184533404525,29.53822107740116,36.43008090161347,20.415740332803914,24.636375183504313,27.954620672319592,30.54385980298428,33.16986716468548,58.329369846854426,61.29103532631733,24.734355612222977,29.083548893664684,33.17864277502021,38.03954058698333,60.59079082427245,0.0,4.647134180812937
4.688626450284482,35.429629292645565,42.40090351452349,48.430080105725374,65.73782592970642,115.78093742485825,34.40458719833435,52.608391583556354,32.008593898224575,39.73693571423929,43.32641972915062,68.01114531374512,90.26721524002802,36.18818891677702,43.254916645158374,51.24752306056444,66.85504347446762,31.922148474326995,35.246916118277674,38.83624560875674,47.93793209381806,52.04329647082372,71.01226352936975,88.05311283218987,27.44145077720207,26.54601439439248,60.85660169319771,23.00607470537464,29.552640978785142,36.454263097730916,20.386076005029654,24.637478386552704,27.991517910668694,30.576946074216732,33.23976342431471,58.34420943357137,61.330846173001696,24.742940356957405,29.120600091135938,33.22973625163813,38.06923464691552,60.63033642340286,0.0,4.688626450284481
4.730118719756026,35.42769154915772,42.440899263693005,48.510256537903565,65.75414112628238,115.8123568683087,34.40972270613167,52.644748345230575,31.98755510496902,39.76392258522396,43.33514249194173,68.04056716054033,90.30610709165566,36.199993381901514,43.32279466260675,51.27290609214676,66.87445476872703,31.895844198626026,35.24833186209944,38.878170636506944,47.976248097521825,52.07578123880374,71.06820966396195,88.07529850792905,27.44145077720207,26.551928381067167,60.89217997599456,23.008941858255564,29.566972550886,36.478556642220674,20.35631206725193,24.638528122199716,28.028469599111563,30.610042640717555,33.309659602491706,58.35910697930872,61.37068747416052,24.75141381069978,29.15771680737537,33.28080606040853,38.098873502193996,60.67000666725835,0.0,4.730118719756025
4.77161098922757,35.42560485946583,42.480805752924375,48.59031545213114,65.77075699415889,115.84383136455124,34.41483777073392,52.68112555009986,31.96643445621673,39.7906750750088,43.344124908604236,68.07004118973771,90.3450033437063,36.21173182306884,43.39059876755905,51.29834829219275,66.89394683097605,31.869434957296303,35.24975513016232,38.92011666986825,48.014490576481435,52.108301358412696,71.12421297607922,88.0975416150349,27.44145077720207,26.557830123928632,60.92777050260463,23.011786243157193,29.581215899411482,36.50296117826511,20.32645001817546,24.639526965551106,28.06547273283076,30.643149401391568,33.37955457219595,58.37406269258283,61.41055918040022,24.759777987789096,29.19489738439511,33.331852012076155,38.128456966071425,60.70980157549039,0.0,4.771610989227568
4.8131032586991145,35.42337097957301,42.52062668029066,48.6702475891395,65.78767736526075,115.87536088685376,34.41993249692509,52.71752309338024,31.94523232461607,39.817189431413816,43.353370652000955,68.09956711960686,90.38390398457913,36.22340507387332,43.45832701923529,51.32385041874445,66.91352001035827,31.84292229067905,35.25118592015488,38.96208276889958,48.05265914863505,52.140856785214666,71.1802732291642,88.11984221847386,27.44145077720207,26.563719654678113,60.9633732413267,23.014608107905598,29.595371141666647,36.52747634073309,20.296491327725022,24.640477365496963,28.10252442988392,30.67626625630503,33.44944723557598,58.38907678243024,61.45046124359692,24.7680348635281,29.232140196754603,33.38287392249255,38.1579848566004,60.7497211643327,0.0,4.813103258699115
4.854595528170659,35.42099163642746,42.560365603313016,48.75004383395824,65.80490609635751,115.9069454089476,34.42500698890919,52.753940870867694,31.923949079090914,39.843461946635635,43.362883352777935,68.12914466993627,90.42280900271922,36.23501394623857,43.5259774795959,51.34941324775387,66.9331746570376,31.81630770838137,35.2526242096519,39.004068038099895,48.09075343481427,52.173447479446935,71.23639018478515,88.14220038392803,27.44145077720207,26.569597004933446,60.99898816054291,23.017407697089556,29.609438406347984,36.55210175633933,20.266437437610083,24.641381651068762,28.139621925194806,30.709393107167067,33.51933652255944,58.40414945842174,61.49039361687833,24.77618637469055,29.269443651170914,33.4338716124919,38.18745699664074,60.78976544660044,0.0,4.854595528170659
4.896087797642203,35.4184685284688,42.60002594349798,48.829695211711474,65.82244706818209,115.93858490502978,34.43006135031294,52.790378778935484,31.90258508497296,39.86948896324108,43.37266659324301,68.15877356202914,90.46171838661692,36.24655923120669,43.59354821228114,51.37503757335929,66.95291112219351,31.789592689871085,35.25406995806653,39.046071623941884,48.12877305877248,52.20607340590001,71.29256360263848,88.16461617780323,27.44145077720207,26.57546220622922,61.03461522871869,23.020185252106515,29.62341783333607,36.576837043805845,20.236289761881505,24.642242037482735,28.17676256483249,30.742529857758157,33.589221389549465,58.41928093067549,61.53035625460657,24.784234420044967,29.30680618610897,33.484844907769876,38.21687321386673,60.8299344316902,0.0,4.896087797642206
4.937580067113746,35.41580332615847,42.639610990791695,48.90919288356395,65.84030418449765,115.97027934976448,34.435095684188425,52.826836714531545,31.881140704128537,39.89526688031755,43.382723901093556,68.18845351869874,90.50063212480781,36.25804169969379,43.661037281584136,51.40072420816146,66.97272975801584,31.7627786850691,35.255523108446376,39.088092712563615,48.16671764721475,52.23873453379726,71.34879324055208,88.18708966723668,27.44145077720207,26.581315290016878,61.07025441440257,23.02294101120787,29.637309573486814,36.601681814025284,20.206049687480093,24.64306063188224,28.21394380056747,30.77567641431108,33.65910081820054,58.43447140986951,61.57034911236168,24.79218086089259,29.344226271353893,33.53579363876577,38.24623334077451,60.87022812558014,0.0,4.93758006711375
4.979072336585291,35.41299767249591,42.6791239079452,48.98852814282407,65.85848137111184,116.00202871828535,34.440110093015704,52.86331457517581,31.85961629508004,39.92079215976143,43.39305874301141,68.21818426426388,90.53955020587244,36.269462103213755,43.72844275145615,51.42647398350009,66.99263091769987,31.73586711493873,35.25698358912485,39.1301305276065,48.204586829829125,52.2714308366738,71.4050788544879,88.2096209201051,27.44145077720207,26.587156287664882,61.105905686226116,23.02567520954368,29.65111378842162,36.626635670226214,20.175718574777044,24.643839438792405,28.25116318469313,30.80883268584923,33.728973814268066,58.44972110725313,61.610372146925776,24.800027521617825,29.38170240756768,33.586717640547334,38.275537214689344,60.9106465308309,0.0,4.9790723365852925
5.020564606056834,35.41005318352068,42.718567734786106,49.06769241120827,65.87698257483673,116.03383298619681,34.44510467870549,52.89981225895757,31.838012213122227,39.94606133268492,43.403674518144776,68.24796552454436,90.57847261843607,36.28082117457113,43.795762684543114,51.45228774972934,67.01261495544091,31.708859372070545,35.258451315239974,39.17218432818937,48.24238023931941,52.30416229225526,71.46142019854504,88.23221000503263,27.44145077720207,26.592985230458833,61.1415690129037,23.028388079206763,29.664830650316382,36.6516982081399,20.145297758106064,24.644580365299536,28.288418365101247,30.841998584486642,33.798839406525495,58.46503023465786,61.650425316268105,24.807776190248994,29.419233125832037,33.63761675269859,38.304784677772986,60.951189646586656,0.0,5.020564606056836
5.062056875528379,35.406971448801265,42.757945392392514,49.14667723527074,65.8958117623939,116.06569212957633,34.450079542601785,52.93632966453281,31.81632881043354,39.97107100591857,43.41457455149905,68.27779702685615,90.61739935116815,36.292119628525306,43.86299514125195,51.47816637649302,67.03268222642886,31.68175682126277,35.259926190130265,39.21425340700884,48.280097511439465,52.33692888233585,71.51781702496231,88.25485699139888,27.44145077720207,26.59880214960163,61.17724436323245,23.031079849276185,29.678460341689682,36.67686901616873,20.11478854628718,24.64528522596782,28.325707080600214,30.875174025693486,33.868696645744386,58.480399004507454,61.69050857953057,24.81542861902792,29.45681698717937,33.68849081921011,38.33397557703096,60.991857468577074,0.0,5.06205687552838
5.103549144999922,35.403754031911724,42.797259687166594,49.22547428300263,65.91497291926397,116.09760612497597,34.455034785484564,52.97286669112158,31.79456643618282,39.995817868586094,43.42576208726053,68.30767850000663,90.65633039278242,36.30335816242661,43.9301381788462,51.50411075299826,67.05283308684268,31.65456080009589,35.26140810661798,39.25633708855713,48.31773828502859,52.36973059265613,71.57426908412154,88.2775619493473,27.44145077720207,26.604607076213593,61.21293170609203,23.03375074586012,29.692003055190117,36.702147675555906,20.084192223142207,24.645955747505283,28.363027156465456,30.908358928530536,33.93854460373241,58.495827629827524,61.7306218970139,24.822986524986582,29.49445258211368,33.73933968837207,38.363109764320114,61.03264998911917,0.0,5.103549144999923
5.145041414471467,35.400402470896395,42.836513314805025,49.3040753406026,65.93447004847872,116.12957494942437,34.4599705075724,53.00942323850528,31.772725436631504,40.020298698725746,43.43724028207804,68.33760967428981,90.69526573203648,36.314537456826386,43.99718985056952,51.53012178828785,67.07306789384464,31.627272619501213,35.2628969481877,39.29843472744948,48.35530220204852,52.4025674127805,71.63077612455024,88.30032494979312,27.44145077720207,26.610400041332603,61.24863101044456,23.03640099213819,29.705458993383083,36.72753376055641,20.053510048001716,24.64659357319121,28.40037650021073,30.94155321585575,34.008382372425494,58.51131632425409,61.770765230164486,24.830451590529353,29.532138530122804,33.790163212669455,38.39218709635588,61.07356719712028,0.0,5.145041414471467
5.186533683943011,35.39691827872313,42.87570886416503,49.38247230942075,65.95430716935591,116.16159858042852,34.464886808525165,53.04599920702407,31.750806155231395,40.044510369930656,43.44901219832972,68.36759028148138,90.73420535773153,36.325658176061346,44.064148204796616,51.5562004115107,67.09338700557437,31.599893564322787,35.26439259006936,39.340545706852936,48.392788907621444,52.43543933597419,71.68733789292432,88.32314606443182,27.44145077720207,26.616181075914252,61.28434224533446,23.03903080840315,29.718828368537032,36.75302683860905,20.022743256203636,24.6472002670761,28.437753097570567,30.97475681450591,34.0782090630297,58.526865302041976,61.810938541561725,24.83782546401952,29.569873479183727,33.840961248679946,38.42120743471987,61.114609078080896,0.0,5.1865336839430105
5.228025953414555,35.393302943726184,42.9148488210248,49.46065720307764,65.9744883161753,116.19367699597562,34.46978378744662,53.08259449757415,31.72880893271836,40.06844985797981,43.46108079740378,68.39762005483367,90.77314925871214,36.336720968814284,44.13101128421073,51.58234757218973,67.11379078114291,31.572424893872242,35.265894900232055,39.38266943701012,48.430198050069485,52.4683463590802,71.74395413407144,88.34602536574751,27.44145077720207,26.621950210831972,61.32006537988827,23.041640412102034,29.732111402409377,36.77862647050936,19.99189305958338,24.647777317965545,28.47515500868331,31.007969655455437,34.14802380520992,58.54247477807231,61.851141794905956,24.845109760368594,29.607656105262212,33.89173365697357,38.450170645867374,61.15577561409837,0.0,5.228025953414554
5.2695182228860995,35.38955793003857,42.95393557173777,49.538622144758634,65.99501753679587,116.22581017453476,34.47466154288716,53.11920901160515,31.706734107202088,40.09211424742919,43.473448933022816,68.42769872907071,90.81209742386602,36.34772646865171,44.19777712500693,51.60856424048721,67.13427958062643,31.544867842475966,35.267403740296466,39.42480535385144,48.46752928095507,52.50128848239575,71.80062459097353,88.36896292702099,27.44145077720207,26.6277074768772,61.355800383314595,23.044230017876686,29.745308326032212,36.80433221058342,19.96096064695548,24.648326143198396,28.512580364465407,31.04119167395495,34.217825746321694,58.55814496785946,61.8913749550066,24.85230606162744,29.64548511180804,33.94248030201491,38.47907660113494,61.19706678387098,0.0,5.269518222886097
5.311010492357642,35.385684678014954,42.99297140678082,49.6163593646841,66.01589889121294,116.25799809505901,34.47952017284643,53.15584265111743,31.684582014251962,40.1155007381322,43.48611934464292,68.45782604038313,90.85104984212377,36.35867529453944,44.26444375612087,51.634851407466684,67.15485376505993,31.51722362001464,35.26891896637176,39.466952917689326,48.5047822551226,52.53426570954873,71.8573490047694,88.39195882233895,27.44145077720207,26.633452904759494,61.39154722490384,23.04679983760377,29.75841937949789,36.830143606862194,19.929947184586833,24.648848092229837,28.550027363167366,31.074422809651555,34.2876140506835,58.57387608755775,61.93163798777133,24.859415917577934,29.683359229247202,33.99320105206693,38.507925176748074,61.23848256270235,0.0,5.3110104923576404
5.352502761829188,35.381684604644796,43.0319585241964,49.69386119775517,66.03713645005463,116.29024073698697,34.48435977477599,53.19249531865942,31.66235298697927,40.13860665165652,43.499094650959805,68.48800172642287,90.89000650245852,36.36956805133747,44.33100919848237,51.661210085351115,67.17551369643057,31.489493412454287,35.270440429822756,39.509111611989546,48.54195663074122,52.56727804737384,71.91412711475817,88.41501312660176,27.44145077720207,26.639186525106695,61.427305874028185,23.04935008043419,29.771444811744725,36.85606020125649,19.898853816661486,24.649344450028938,28.587494267102553,31.10766300669251,34.35738789888666,58.58966835396712,61.971930860195094,24.86644084632424,29.72127721447194,34.04389577909701,38.536716253828985,61.28002292250646,0.0,5.352502761829184
5.393995031300731,35.37755910395701,43.07089903292982,49.77112008137434,66.05873429301812,116.32253808024484,34.48918044558197,53.22916691732497,31.640047356116064,40.16142943756538,43.512377343554526,68.51822552629812,90.92896739388598,36.3804053302748,44.397471464293375,51.687641307776794,67.19625973767117,31.461678382369197,35.27196797797314,39.551280942214014,48.579052069348464,52.600325505788774,71.97095865840161,88.43812591553261,27.44145077720207,26.644908368465053,61.46307630014137,23.051880952831922,29.784384880342824,36.8820815297322,19.86768166573702,24.649816440300096,28.6249793995401,31.140912213814037,34.42714648714045,58.60552198453883,62.01225354035,24.873382334882763,29.759237850329804,34.0945643586847,38.56544971840446,61.321687831813115,0.0,5.393995031300728
5.435487300772276,35.37330954741588,43.10979495606209,49.848128553440056,66.08069650724435,116.35489010524792,34.493982281627794,53.2658573507507,31.61766545009041,40.183966679528936,43.52596978071193,68.54849718056815,90.96793250546382,36.39118770940518,44.46382855633019,51.714146130042224,67.21709225265325,31.433779669455955,35.273501454749,39.593460434731,48.616068235894915,52.63340809767009,72.02784337132707,88.461297265686,27.44145077720207,26.6506184652994,61.49885847277858,23.054392658612368,29.79723985128024,36.908207122485884,19.83643183319262,24.650265228537826,28.662481141753833,31.174170384416776,34.49688902665005,58.621437197380295,62.05260599737538,24.88024183976981,29.79723994511268,34.145206669931085,38.59412546141377,61.36347725577369,0.0,5.435487300772275
5.476979570243819,35.36893728430861,43.14864823394,49.92487925051378,66.10302718563129,116.38729679290282,34.49876537873674,53.30256652311329,31.595207595098596,40.20621610123285,43.5398741814456,68.57881643123756,91.0069018262917,36.40191575404471,44.53007846726933,51.74072562935159,67.23801160617982,31.405798391038736,35.275040701268374,39.63564963578726,48.65300479878986,52.66652583872931,72.0847809873301,88.48452725445658,27.44145077720207,26.65631684599326,61.534652361556255,23.056885398980082,29.810009998749543,36.93443650412041,19.805105399668758,24.650691924922825,28.699997930219038,31.207437476628996,34.566614743025376,58.63741421125957,62.092988201468316,24.88702078758636,29.835282332046425,34.1958225953701,38.6227433787167,61.405391156167596,0.0,5.476979570243818
5.518471839715364,35.364443642125266,43.18746072720476,50.00136490615792,66.12573042508586,116.41975812460883,34.50352983219467,53.33929433912691,31.572674115174255,40.228175572050404,43.55409261976238,68.60918302175146,91.04587534551086,36.41259001719201,44.59621917903729,51.76738090505224,67.25901816397854,31.37773564256566,35.276585556379516,39.67784811053933,48.68986142994763,52.699678747388795,72.14177123837742,88.50781596008795,27.44145077720207,26.66200354084903,61.57045793617203,23.05935937256602,29.822695604934975,36.96076919382058,19.77370342549874,24.65109758706823,28.73752825395011,31.240713453359106,34.63632287571875,58.6534532456096,62.1334001238746,24.893720575599076,29.87336386878224,34.24641202088106,38.651303371101946,61.44742949140905,0.0,5.518471839715366
5.559964109186907,35.3598299269309,43.22623421972085,50.0775783494426,66.14881032471432,116.45227408226016,34.50827573675269,53.37604070404044,31.550065332254377,40.24984311244497,43.56862701919925,68.6395966969897,91.08485305230417,36.42321103993179,44.66224866218384,51.79411307886511,67.28011229269396,31.34959249809595,35.27813585715337,39.7200554421392,48.726637804834944,52.732866844658,72.19881385460944,88.53116346168161,27.44145077720207,26.667678580088104,61.60627516640451,23.061814775464228,29.835296959800242,36.987204705528654,19.74222695113191,24.651483222623334,28.775070651971085,31.27399828233806,34.70601267748949,58.66955452053156,62.17384173687983,24.900342572316973,29.911483436890123,34.29697483560293,38.67980534429523,61.4895922165543,0.0,5.559964109186909
5.601456378658453,35.35509742373049,43.264970421407014,50.15351250361902,66.17227098395097,116.4848446482475,34.51300318662975,53.412805523634916,31.527381566242617,40.27121689907089,43.58347914766499,68.67005720326156,91.12383493589545,36.433779351822544,44.728164875278644,51.820923295107924,67.30129435988023,31.32137001077805,35.2796914393326,39.762271230871185,48.76333360251877,52.766090154009355,72.2559085643429,88.55456983920584,27.44145077720207,26.673341993851018,61.64210402211313,23.064251801268,29.84781436087711,37.013742548119566,19.710676997548862,24.651849791742684,28.812623710913094,31.30729193615323,34.77568341389424,58.6857182567982,62.214313013801124,24.90688811806318,29.949639941355457,34.347510931849975,38.70824920896791,61.53187928330921,0.0,5.601456378658453
5.642948648129996,35.35024739682665,43.30367097097129,50.22916038495715,66.19611650062627,116.51746980545983,34.51771227551539,53.44958870422082,31.504623135069814,40.2922952695413,43.59865061261768,68.70056428830019,91.16282098554963,36.44429547126903,44.79396576433175,51.84781272091001,67.32256473399318,31.293069213318397,35.28125213774114,39.80449509333703,48.79994850571498,52.79934870125477,72.31305509407358,88.57803517350496,27.44145077720207,26.678993812197618,61.67794447323807,23.0666706411055,29.860248113054904,37.04038222557581,19.67905456666852,24.65219820942721,28.850186062731517,31.34059439227386,34.84533436280074,58.701944675856744,62.25481392897898,24.913358525541167,29.987832310078854,34.39802020502859,38.73663488074569,61.57429064003759,0.0,5.642948648129996
5.684440917601541,35.34528109017075,43.34233743855215,50.30451510174445,66.2203509689737,116.55014953728636,34.522403096572305,53.486390152635444,31.48179035475184,40.31307672683278,43.61414285660764,68.731117701257,91.20181119057241,36.45475990588032,44.85964926223761,51.87478254641824,67.34392378438243,31.264691118441096,35.282817786657425,39.846726661685736,48.83648220083774,52.83264251442227,72.3702531684787,88.60155954630808,27.44145077720207,26.684634065107186,61.713796489800046,23.069071483674936,29.872598528371032,37.06712323716179,19.647360641747245,24.652529347744522,28.88775638253715,31.373905633069725,34.91496481392456,58.71823399983108,62.29534445776946,24.919755080395124,30.02605949338029,34.448502553555585,38.76496228021739,61.61682623176969,0.0,5.68444091760154
5.725933187073084,35.34019972770719,43.38097132826809,50.379569853443414,66.24497847757677,116.58288382761813,34.52707574243905,53.52320977624025,31.4588835394451,40.333559943299456,43.6299571532141,68.7617171926963,91.24080554030982,36.46517315281391,44.92521328824286,51.901833984993175,67.36537188128331,31.236236719338194,35.28438822015337,39.88896558288561,48.87293437804906,52.86597162363244,72.42750251041981,88.62514304023874,27.44145077720207,26.690262782478612,61.74966004190017,23.07145451527913,29.884865925802576,37.0939650775976,19.615596187770123,24.65284403793454,28.925333386535282,31.407225645822926,34.984574068386586,58.73458645152383,62.33590457653669,24.926079041763916,30.06432046350758,34.498957878777546,38.79323133294409,61.65948600021111,0.0,5.725933187073083
5.767425456544628,35.33500451371142,43.4195740806776,50.454317930004095,66.27000310725657,116.61567266085007,34.531730305232664,53.560047482918186,31.435903001499373,40.35374376426921,43.646094603401515,68.79236251458944,91.27980402414836,36.475535699106544,44.99065574743841,51.928968273394446,67.38690939580849,31.2077069901108,35.28596327240281,39.931211518035774,48.90930473130949,52.899336060975905,72.4848028409448,88.64878573882379,27.44145077720207,26.69587999413051,61.785535099719816,23.073819919859645,29.897050631059187,37.12090723723202,19.58376215183434,24.653143072406436,28.962915830067026,31.44055442273403,35.054161438290684,58.75100225441805,62.37649426264557,24.93233164282829,30.102614214149956,34.54938608489132,38.82144196946847,61.70226988375242,0.0,5.76742545654463
5.808917726016172,35.32969663312174,43.45814707515215,50.528752711328764,66.29542892890062,116.64851602188266,34.53636687655131,53.596903181071085,31.41284905150857,40.37362721119921,43.66255613231957,68.82305342030917,91.3188066315145,36.48584802199247,45.05597453027577,51.95618667195476,67.4085366999395,31.17910288620099,35.287542777960894,39.973464141714885,48.9455929584285,52.93273586039056,72.5421538792908,88.67248772650292,27.44145077720207,26.70148572980141,61.82142163352047,23.076167879030415,29.909152976377236,37.14794920221474,19.551859463524956,24.653427206633214,29.000502505747928,31.47389196092275,35.1237262463201,58.76748163267846,62.41711349445492,24.938514091351053,30.140939759956886,34.599787078865646,38.84959412532415,61.74517781747888,0.0,5.8089177260161735
5.850409995487716,35.3242772518651,43.4966916321642,50.60286766688474,66.3212600012344,116.68141389612369,34.54098554747698,53.63377677961696,31.38972199835913,40.39320948436855,43.67934248656783,68.85378966462412,91.35781335187447,36.49611058920936,45.12116751210828,51.983490464741465,67.43025416651805,31.15042534481451,35.289126572017004,40.015723141364454,48.98179876111597,52.96617105753965,72.5995553428862,88.69624908863794,27.44145077720207,26.707080019149863,61.857319613643554,23.07849857211086,29.921173300315434,37.17509045466765,19.519889035282997,24.653697160948308,29.03809224169848,31.50723826242389,35.1932678253517,58.784024811152364,62.457762251310776,24.94462757020981,30.17929613606261,34.65016077036362,38.877687741045726,61.78820973318102,0.0,5.850409995487717
5.89190226495926,35.31874751717695,43.53520901549282,50.67665635546206,66.34750036853629,116.71436626949013,34.545586408578025,53.67066818798746,31.366522149276342,40.41248996508994,43.696454231943804,68.88457100369281,91.3968241747342,36.50632385929277,45.18623255275747,52.01088095970447,67.45206216923705,31.121675285334433,35.29071449062353,40.05798821670508,49.017921845033314,52.99964168968989,72.65700694735332,88.72006991152233,27.44145077720207,26.712662891754636,61.893229010510325,23.08081217615851,29.933111947551932,37.20233047285503,19.487851762766066,24.65395362225081,29.07568389986203,31.540593334179036,35.26278551808677,58.80063201537019,62.49844051353979,24.950673237922192,30.217682397616795,34.7005070716662,38.90572276217877,61.831365559365004,0.0,5.891902264959261
5.933394534430804,35.31310855791562,43.57370043434925,50.75011242507167,66.37415405829788,116.74737312841003,34.550169549911885,53.70757731612514,31.34324980986863,40.431468217424545,43.713891751689815,68.9153971950582,91.43583908963912,36.516488281859424,45.251167496105275,52.03835948881004,67.47396108263165,31.092853609725765,35.292306370901905,40.100259079183196,49.05396191984541,53.03314779559054,72.7145084065105,88.74395028239076,27.44145077720207,26.718234377114833,61.92914979462167,23.083108866001204,29.944969268683064,37.229668731352746,19.455748525201518,24.654197245622765,29.113276374405505,31.573957188024103,35.33227867669807,58.81730347154577,62.53914826244311,24.95665222916311,30.256097619321174,34.75082589759652,38.93369913929014,61.87464522126415,0.0,5.933394534430804
5.974886803902348,35.30736148487086,43.61216704542455,50.82322961298048,66.40122507883063,116.7804344598241,34.55473506102768,53.74450407448088,31.319905284169778,40.45014398938777,43.73165524525081,68.94626799764147,91.47485808617351,36.526604297879814,45.315970169712465,52.06592740815896,67.4959512820698,31.063961202931143,35.29390205122807,40.14253545144686,49.08991869927233,53.06668941535288,72.77205943237436,88.76789028942862,27.44145077720207,26.723794504650048,61.96508193655801,23.08538881426874,29.95674562002377,37.25710470121605,19.423580185732366,24.654428655864287,29.15086859019862,31.607329840673618,35.40174666249154,58.83403940657623,62.57988548029034,24.962565655274087,30.294540894973004,34.801117165445035,38.96161682797883,61.918048640850344,0.0,5.974886803902348
6.016379073373893,35.30150739106732,43.65060995486193,50.8960017458785,66.42871741682144,116.8135502511876,34.559283030968835,53.78144837401127,31.296488874679408,40.46851721363716,43.74974472755235,68.97718317173657,91.51388115396094,36.53667233994061,45.380638384464234,52.09358609808807,67.51803314374276,31.03499893325763,35.29550137139867,40.18481706684872,49.12579190114136,53.10026659033018,72.82965973516198,88.79189002178182,27.44145077720207,26.72934330370054,62.00102540697905,23.087652191424112,29.96844136340979,37.284637850146204,19.391347591755924,24.65464844895035,29.188459501367582,31.640711313701566,35.471188845582475,58.850840048041505,62.6206521503138,24.968414604764337,30.33301133701493,34.85138079489529,38.98947578888696,61.961575736845965,0.0,6.0163790733738916
6.057871342845437,35.29554735206247,43.68903022015595,50.968422740174354,66.45663503483787,116.8467204904723,34.56381354827573,53.81841012617593,31.27300088240157,40.486588007636335,43.768160028803905,69.00814247900415,91.55290828266355,36.54669283249736,45.44516993424318,52.121336963254365,67.54020704465539,31.005967652754894,35.2971041727799,40.22710366897423,49.16158124743922,53.13387936299875,72.88730902329311,88.81594956956646,27.44145077720207,26.734880803527364,62.03698017662377,23.089899165794282,29.980056866001743,37.31226764265563,19.359051575255442,24.654857193413438,29.226048089919573,31.67410163351938,35.54060460458504,58.86770562420366,62.661448256702826,24.974200143803575,30.371508076091875,34.901616707950446,39.01727598771124,62.00522642473649,0.0,6.057871342845434
6.0993636123169805,35.28948242623974,43.72742885198103,51.040486602413765,66.4849818687866,116.87994516616799,34.568326700988266,53.85538924293493,31.2494416068816,40.50435667329349,43.78690079482974,69.03914568246583,91.591939461982,36.55666619211778,45.509562595631046,52.14918143269983,67.56247336261629,30.976868197584672,35.29871029843986,40.26939501119448,49.197286464363934,53.16752777683915,72.94500700339215,88.84006902387853,27.44145077720207,26.740407033312533,62.07294621631014,23.092129903600473,29.991592500091116,37.33999354023161,19.326692953124677,24.655055431656276,29.26363336443416,31.70750083135144,35.6099933263148,58.884636364005765,62.70227378459845,24.9799233167064,30.41003026061491,34.951824828860445,39.045017395214835,62.049000616783225,0.0,6.099363612316982
6.140855881788524,35.283313655096165,43.76580681595136,51.112187429817084,66.51376182532617,116.91322426728456,34.57282257664854,53.892385636746205,31.225811346241297,40.52182369607544,43.80596648792569,69.07019254649796,91.63097468165529,36.56659282771611,45.57381412763949,52.177120959896534,67.58483247622745,30.947701388381777,35.30031959326621,40.311690856241164,49.23290728237674,53.20121187621896,73.00275338029003,88.86424847680408,27.44145077720207,26.745922022159167,62.10892349693506,23.09434456898804,30.0030486429083,37.3678150014984,19.29427252748566,24.655243681197867,29.301214358818402,31.74090894320788,35.67935440550308,58.90163249707064,62.743128720088166,24.98558514640818,30.44857705633217,35.002005084049514,39.07269998723968,62.092898222036446,0.0,6.140855881788525
6.182348151260069,35.27704206352562,43.80416503431457,51.183519410930344,66.54297877923742,116.94655778335357,34.577301262303415,53.92939922056287,31.202110397212586,40.53898974360279,43.825356388236564,69.1012828368262,91.67001393146064,36.57647314077883,45.63792227147112,52.205157022770194,67.60728476487407,30.918468030606753,35.30193190407007,40.35399097580325,49.26844343625414,53.23493170627566,73.06054785702642,88.88848802142884,27.44145077720207,26.75142579909166,62.14491198947411,23.09654332405587,30.014425676432666,37.39573148237775,19.26179108599966,24.655422435857066,29.33879013112242,31.774326009855546,35.74868724452313,58.91869425369907,62.78401305020101,24.991186634932397,30.487147645907033,35.052157402044486,39.100323744719155,62.136919146349086,0.0,6.182348151260069
6.223840420731612,35.27066866009705,43.842504387581414,51.25447682638508,66.57263657075401,116.97994570443012,34.581762844507125,53.9664299078307,31.17833905516952,40.55585566373417,43.84506959564611,69.13241632051906,91.70905720121303,36.5863075255822,45.701884750311756,52.23329112370104,67.62983060871383,30.88916891489032,35.30354707967712,40.396295150143594,49.303894665139374,53.26868731280102,73.11839013485128,88.91278775184855,27.44145077720207,26.756918393055813,62.1809116649815,23.098726328885373,30.025723987204827,37.42374243624762,19.229249402171533,24.65559216687621,29.376359762412097,31.80775207678665,35.817991253127275,58.93582186486778,62.824926762902514,24.996728763849394,30.52574122850353,35.10228171340315,39.12788865369142,62.18106329239086,0.0,6.223840420731612
6.265332690203158,35.26419443732782,43.880825716093526,51.32505404976188,66.60273900285586,117.01338802109477,34.58620740932392,54.003477612485455,31.154497614158938,40.5724224821519,43.865105032166795,69.16359276598213,91.74810448076522,36.596096369401884,45.765699269154595,52.26152478950086,67.65247038866612,30.859804817369614,35.305164971007436,40.43860316773468,49.33926071259385,53.302478742126176,73.17627991322692,88.9371477631788,27.44145077720207,26.762399832919012,62.21692249458986,23.100893741569056,30.0369439661411,37.451847314099226,19.196648235647523,24.65575332398857,29.413922355696467,31.841187194185874,35.88726584819425,58.953015562227414,62.865869847090146,25.00221249472656,30.564357019379166,35.152377950643285,39.15539470531307,62.225330559662474,0.0,6.265332690203159
6.306824959674701,35.25762037195296,43.919129821531286,51.39524554855177,66.63328983852892,117.04688472445513,34.59063504233056,54.04054224895035,31.13058636692957,40.588691399463904,43.885461444815085,69.19481194295219,91.78715576000735,36.60584005271502,45.8293635146577,52.2898595713644,67.67520448640097,30.83037650001663,35.306785431144206,40.4809148249122,49.37454132664809,53.33630604100778,73.23421688982953,88.96156815156527,27.44145077720207,26.767870147470354,62.25294444951005,23.10304571823858,30.04808600835022,37.48004556469212,19.163988332506648,24.655906336432366,29.451477034906624,31.874631416895504,35.95651045348675,58.97027557809974,62.906842292588834,25.007638769569866,30.602994249485032,35.20244604817179,39.1828418958736,62.269720844510466,0.0,6.306824959674703
6.348317229146246,35.250947425189274,43.95741746836412,51.46504588521065,66.66429279799443,117.08043580614776,34.59504582861903,54.07762373213343,31.10660560495993,40.604663787839954,43.90613740895337,69.22607362249093,91.82621102886692,36.615538949394946,45.8928751550359,52.318297044794136,67.69803328432772,30.80088471095874,35.3084083153932,40.5232299255455,49.40973625985239,53.370169256515254,73.29220076055074,88.98604901419404,27.44145077720207,26.773329365420846,62.288977501031106,23.105182413092532,30.059150512952424,37.508336634707504,19.1312704255458,24.656051613914144,29.489022943923732,31.90808480437935,36.025724499418274,58.98760214547483,62.94784409014647,25.013008511256817,30.64165216507326,35.252485942214186,39.21023022681015,62.31423404014246,0.0,6.348317229146247
6.389809498617789,35.244176542995646,43.995689385245015,51.53444971830062,66.69575155591102,117.1140412583401,34.59943985279901,54.11472197742499,31.08255561848484,40.62034118720377,43.92713133207785,69.25737757697918,91.8652702773086,36.62519342689916,45.95623183998794,52.34683880949669,67.72095716558354,30.771330184791594,35.31003348133264,40.5655482807242,49.44484526932698,53.40406843591931,73.3502312194995,89.0105904493018,27.44145077720207,26.77877751540351,62.325021620519976,23.107303978423705,30.07013788290087,37.53671996889943,19.098495234558644,24.65618954752425,29.526559245653903,31.94154742068499,36.094907422829124,59.0049954980081,62.988875231429766,25.018322623960938,30.68033002731201,35.30249757074414,39.23755970472325,62.35887003664274,0.0,6.38980949861779
6.431301768089334,35.2373086563287,44.03394626635134,51.60345180371266,66.727669738554,117.14770107373185,34.603817199000524,54.151836900695045,31.058436696520637,40.63572530100388,43.94844145802843,69.28872358011053,91.90433349533384,36.63480384645035,46.01943120066054,52.37548648924943,67.74397651402167,30.741713642884484,35.31166078885536,40.60786970845958,49.47986811681164,53.438003626581505,73.4083079590034,89.03519255618626,27.44145077720207,26.784214625973597,62.361076779421445,23.10941056464596,30.081048524805514,37.565195010244075,19.065663466608434,24.656320510606836,29.564085121147084,31.97501933440479,36.164058666770906,59.02245587001665,63.029935709020236,25.023581993567596,30.719027111907597,35.35248087341326,39.2648303413929,62.40362872098792,0.0,6.431301768089334
6.472794037560877,35.230344681394094,44.07218877267377,51.67204699596478,66.76005092097479,117.18141524555732,34.60817795087644,54.18896841829066,31.034249126889314,40.65081799158973,43.97006587159503,69.3201114068856,91.9434006729807,36.64437056321122,46.0824708496503,52.4042417317358,67.76709171419931,30.712035793678353,35.313290100203176,40.650194033400616,49.514804568714716,53.47197487584518,73.46643066960993,89.05985543521646,27.44145077720207,26.789640725608685,62.397142949257905,23.11150232032072,30.091882848759454,37.59376120008692,19.032775816294897,24.65644485958693,29.601599768758362,32.008500618635736,36.23317768029933,59.039983496475806,63.07102551641007,25.028787488081452,30.757742708734188,35.40243579148083,39.29204215379547,62.44850997706348,0.0,6.472794037560877
6.514286307032421,35.223285519894034,44.11041753325529,51.74023024956934,66.79289862414545,117.21518376758682,34.612522191605116,54.226116447033526,31.00999319624145,40.66562127522071,43.99200250349165,69.35154083360571,91.98247180032396,36.65389392645303,46.14534838104503,52.43310620834779,67.7903031513654,30.682297332976585,35.314921279994174,40.69252108656308,49.549654396161515,53.50598223092768,73.52459904008809,89.0845791878434,27.44145077720207,26.795055842708877,62.433220101629246,23.113579392183077,30.10264126816782,37.622417978287736,18.999832966015248,24.65656293475652,29.639102403349323,32.04199135093805,36.30226391827469,59.05757861301493,63.11214464799852,25.033939958025556,30.796476121470555,35.45236226774357,39.31919516412157,62.493513685680334,0.0,6.51428630703242
6.555778576503965,35.21613205927038,44.14863314638207,51.80799662046407,66.8262163120921,117.24900663412845,34.61685000389291,54.26328090421727,30.985669190077992,40.68013731673805,44.01424913566917,69.38301163786687,92.0215468674745,36.663374279718326,46.20806137050554,52.46208161395375,67.81361121144826,30.65249894422872,35.31655419524406,40.734850705071814,49.58441737504197,53.54002573881402,73.58281275742948,89.10936391661065,27.44145077720207,26.800460005596943,62.46930820821272,23.115641925167456,30.113324199579157,37.65116478336356,18.966835586219474,24.656675061022238,29.676592255527336,32.07549161329275,36.371316841170234,59.07524145591336,63.1532930990881,25.039040236832,30.835226667244378,35.50226024646526,39.346289399794365,62.5386397245918,0.0,6.555778576503964
6.597270845975509,35.20888517294381,44.18683618072784,51.87534126749961,66.86000738902176,117.28288384003021,34.621161469976705,54.30046170760502,30.961277392771045,40.69436842393067,44.03680340693501,69.41452359855357,92.06062586457934,36.67281196097794,46.27060737538966,52.49116966663031,67.83701628104258,30.62264129880726,35.31818871538157,40.77718273191467,49.61909328605744,53.57410544615182,73.64107150684943,89.13420972516474,27.44145077720207,26.80585324251848,62.50540724076272,23.11769006243296,30.123932062519476,37.68000105262928,18.933784335660004,24.656781548616124,29.71406857092139,32.10900149205814,36.440335914887186,59.09297226209568,63.194470865881165,25.0440891412244,30.873993676283394,35.55212967330637,39.37332489348894,62.58388796851084,0.0,6.597270845975507
6.638763115447053,35.20154572054905,44.22502717645367,51.942259453977975,66.89427519644724,117.31681538068153,34.6254566716265,54.33765877542676,30.93681808758367,40.70831704162704,44.05966281884765,69.44607649583287,92.09970878182152,36.682207302782565,46.33298393491965,52.520372107356366,67.86051874739655,30.592725056277676,35.31982471225816,40.81951701570828,49.65368191476678,53.60822139914784,73.69937497178826,89.15911671826608,27.44145077720207,26.811235581642084,62.54151717111067,23.11972394538829,30.13446527932889,37.70892622233608,18.90067986163586,24.65688269377195,29.75153060949224,32.14252107792544,36.50932061057701,59.1107712691271,63.23567794547621,25.04908747159226,30.912776491573982,35.601970495253276,39.40030168315258,62.62925828912804,0.0,6.638763115447051
6.680255384918598,35.19411454816627,44.2632066462645,52.00874654923515,66.92902301031468,117.35080125201502,34.62973569014794,54.374872026376885,30.912291556688583,40.721985745546675,44.08282474185299,69.47767011114797,92.13879560941962,36.6915606324091,46.39518857039444,52.54969069966771,67.88411899839852,30.562750864661865,35.321462060153735,40.8618534104742,49.68818305163149,53.64237364346619,73.75772283391214,89.18408500179969,27.44145077720207,26.81660705105948,62.57763797116482,23.12174371371631,30.14492427500091,37.7379397278076,18.867522800231416,24.656978779368288,29.78897764487557,32.17605046587341,36.57827040447016,59.128638715208325,63.276914335864866,25.054036012357177,30.95157446852661,35.65178266054735,39.42721981202583,62.67475055512935,0.0,6.680255384918598
6.721747654390143,35.18659248854855,44.30137507642445,52.07479803026127,66.964254038139,117.38484145050855,34.63399860638478,54.412101379611585,30.887698081186095,40.73537723594401,44.10628642162861,69.50930422721234,92.17788633762787,36.700872272001945,46.45721878544848,52.57912722927051,67.9078174225635,30.532719360695015,35.32310063577729,40.90419177542568,49.7225964920598,53.676562224127835,73.81611477311388,89.20911468278597,27.44145077720207,26.821967678785697,62.61376961291015,23.12374950539821,30.155309477024446,37.76704100357371,18.834313776549845,24.657070075540485,29.826408963756336,32.20958975512193,36.64718477771097,59.14657483917012,63.3181800359285,25.05893553233119,30.99038697464831,35.70156611861354,39.45407932866484,62.720364632214604,0.0,6.721747654390142
6.763239923861686,35.17898036134567,44.33953292773199,52.14040948335189,66.99997141615161,117.41893597318678,34.6382455007215,54.4493467547464,30.86303794112099,40.748494331079236,44.130044985602645,69.54097862800333,92.21698095673587,36.71014253870956,46.5190720663583,52.608683503611985,67.93161440901923,30.502631170076306,35.32474031826373,40.946531974764035,49.75692203644986,53.71078718541203,73.87455046751408,89.23420586939157,27.44145077720207,26.82731749275923,62.649912068408156,23.125741456737387,30.165621315228485,37.79622948350203,18.801053404941428,24.6571568402631,29.863823865273076,32.24313904908506,36.716063216198734,59.16457988046787,63.3594750454351,25.06378678506722,31.029213389222107,35.75132081998878,39.4808802869644,62.76610038311616,0.0,6.763239923861685
6.804732193333231,35.17127897332426,44.37768063645678,52.20557660578375,67.03617820646637,117.45308481762301,34.64247645308578,54.486608071853674,30.838311415498673,40.761339960548796,44.15409744961328,69.57269309875616,92.25607945706824,36.719371744816236,46.58074588239866,52.63836135140658,67.9555103474922,30.47248690771326,35.32638098916742,40.98887387748404,49.79115949023172,53.74504857075922,73.93302959346165,89.25935867094044,27.44145077720207,26.83265652084221,62.68606530979672,23.127719702382866,30.17586022162954,37.82550460092704,18.76774228922672,24.65723931990399,29.90122166045052,32.27669845532289,36.78490521043457,59.18265407917542,63.400799365036406,25.068590509201787,31.068053102993144,35.801046716249544,39.50762274618246,62.81195766761791,0.0,6.8047321933332325
6.846224462804774,35.16348911858404,44.41581861523939,52.27029520750781,67.07287739426802,117.48728798194102,34.64669154295096,54.52388525146004,30.81351878230044,40.773917158509384,44.178440724676065,69.60444742595766,92.29518182898464,36.728560197869605,46.64223768624952,52.6681626221159,67.97950562829331,30.442287177960203,35.328022532451946,41.03121735718833,49.82530866390834,53.77934642267592,73.9915518255345,89.28457319792474,27.44145077720207,26.837984790820546,62.72222930928993,23.129684375352454,30.186026630281802,37.854865788776735,18.73438102291481,24.65731774975196,29.938601671659445,32.31026808549272,36.85371025537367,59.20079767597926,63.44215299626484,25.073347428790143,31.106905517861513,35.850743759939185,39.53430677096555,62.85793634257462,0.0,6.846224462804776
6.88771673227632,35.15561157877099,44.45394725395562,52.334561212853465,67.11007188502947,117.52154546481692,34.65089084933863,54.561178214543915,30.788660318497985,40.78622905682734,44.20307162382615,69.63624139734023,92.33428806287955,36.73770820080358,46.70354491445567,52.69808918538065,68.00360064230304,30.41203257485071,35.32966483447712,41.073562291909866,49.85936937309523,53.81368078264115,74.05011683654001,89.30984956201608,27.44145077720207,26.84330233040407,62.758404039177954,23.13163560705549,30.196120977130064,37.88431247969698,18.700970189416648,24.65739235451893,29.975963232102202,32.343848055299404,36.92247785028308,59.219010912171804,63.483535941530846,25.078058253633834,31.145770046581774,35.900411904494334,39.56093243137562,62.904036261931644,0.0,6.88771673227632
6.9292090017478625,35.14764712328642,44.492066920546286,52.39837066223677,67.14776450176242,117.55585726548075,34.65507445082103,54.59848688253305,30.76373630006709,40.79827887818547,44.227986869004276,69.66807480187545,92.37339814918202,36.74681605205755,46.76466498794008,52.728142930403216,68.02779578095674,30.381723682324402,35.33130778398365,41.11590856394246,49.89334143855889,53.84805169101494,74.10872429751555,89.33518787607642,27.44145077720207,26.848609167226748,62.79458947182682,23.13357352731527,30.206143699865464,37.91384410617334,18.667510362253694,24.657463348818183,30.01330568532313,32.37743848444488,36.991207498604346,59.2372940296448,63.52494820412005,25.08272367960092,31.184646112468887,35.950051104170775,39.5874998029181,62.95025727674468,0.0,6.9292090017478625
6.970701271219407,35.139596509492975,44.530177961814296,52.46171971386574,67.18595798230733,117.59022338371854,34.659242425523615,54.63581117730201,30.73874700200069,40.81006992917726,44.25318309795586,69.69994742976812,92.41251207835559,36.755884045691246,46.82559531257311,52.75832576527863,68.05209143622923,30.351361074448054,35.332951272074666,41.158256059678536,49.92722468625408,53.882459186948594,74.167373877729,89.36058825416961,27.44145077720207,26.853905328846785,62.83078557967832,23.13549826439116,30.21609523778393,37.94346010065054,18.634002105261796,24.657530937619807,30.05062838474229,32.41103949657683,37.059898707821375,59.25564727088237,63.56638978819076,25.087344388938984,31.22353314911055,35.99966131396828,39.61400896657144,62.99659923520024,0.0,6.970701271219406
7.012193540690951,35.13146048291712,44.56828070418973,52.52460464543646,67.22465497666798,117.62464381987375,34.66339485112744,54.67315102116972,30.713692698321147,40.82160559341764,44.2786568711141,69.73185907244988,92.45162984089782,36.76491247149606,46.88633327979845,52.78863961627293,68.07648800061943,30.320945315631256,35.33459519219579,41.20060466945424,49.96101894735958,53.91690330829681,74.2260652446787,89.38605081157228,27.44145077720207,26.859190842746838,62.86699233524981,23.137409945000325,30.225976031647495,37.97315989564935,18.60044597279062,24.657595316684425,30.08793069321193,32.44465121923656,37.128550989332744,59.27407087895381,63.60786069877132,25.09192105058091,31.26243060008587,36.0492424895548,39.64046000881806,63.043061982636075,0.0,7.01219354069095
7.053685810162495,35.12323977744826,44.60637545446471,52.58702185581255,67.26385804439622,117.65911857484946,34.66753180487173,54.71050633689698,30.68857366209197,40.8328893246983,44.30440467843966,69.76380952257311,92.49075142734057,36.7739016151025,46.946876267317684,52.81908642704683,68.10098586713444,30.29047696083674,35.33623944011297,41.242954287401076,49.9947240583126,53.9513840915321,74.2847980640939,89.41157566478553,27.44145077720207,26.86446573633413,62.90320971113406,23.139308694339185,30.235786523548352,38.00294292388117,18.566842509898514,24.65765667297643,30.125211982594227,32.47827378380609,37.197163858328665,59.292565097505936,63.64936094175775,25.09645432044372,31.301337918690045,36.09879458718944,39.66685302167678,63.089645361561914,0.0,7.053685810162493
7.095178079634039,35.11493511553453,44.644462500498605,52.64896786668192,67.30356965203242,117.69364765010992,34.67165336355625,54.747877047684,30.6633901654288,40.843924640212656,44.330422946190915,69.79579857400483,92.52987682824947,36.78285175808432,47.007221639834675,52.849668157823494,68.12558542927361,30.259956555785458,35.33788391388841,41.28530481130391,50.02833986084174,53.98590157166079,74.34357199993467,89.43716293154606,27.44145077720207,26.86973003694064,62.939437679999095,23.141194636104522,30.245527156775744,38.03280861835999,18.53319225254306,24.657715185057683,30.16247163335963,32.51190732545436,37.26573683367236,59.3111301707554,63.690890523911285,25.100944841720562,31.340254567665326,36.148317563644326,39.69318810273709,63.13634921168076,0.0,7.095178079634037
7.136670349105583,35.106547208375346,44.68254211189514,52.71043932418365,67.34379217060707,117.72823104768237,34.6757596035438,54.785263077168,30.63814247950986,40.85471511387525,44.35670804360037,69.82782602182043,92.56900603422397,36.79176317805908,47.06736674986118,52.88038678449861,68.15028708101188,30.229384637156592,35.33952851385539,41.327656142465415,50.0618662019985,54.0204557821415,74.40238671439211,89.46281273083777,27.44145077720207,26.874983771823267,62.97567621458801,23.143067892514246,30.255198375685634,38.062756412511916,18.499495727767368,24.657771023462704,30.199709034204954,32.54555198308259,37.33426943778555,59.32976634348063,63.73244945285619,25.105393245165878,31.37918001893773,36.19781137612556,39.719465355194906,63.1831733699102,0.0,7.136670349105584
7.178162618577127,35.098076756110835,44.72061454065235,52.77143300049869,67.38452787320894,117.76286877015889,34.67985060076266,54.822664349420684,30.612830874585725,40.86526436975768,44.38325628943536,69.8598916622973,92.6081390358969,36.80063614878549,47.127308938585145,52.91124429769144,68.17509121678327,30.19876173278263,35.3411731425914,41.3700081855759,50.09530293418721,54.055046754805346,74.46124186788786,89.48852518290305,27.44145077720207,26.880226968163964,63.01192528771887,23.144928584327904,30.26480062557315,38.09278574028229,18.46575345388212,24.657824351056217,30.236923581690007,32.57920789926882,37.40276119653806,59.34847386101349,63.77403773707742,25.109800149374,31.418113753359645,36.247275982192555,39.74568488789029,63.230117670403914,0.0,7.178162618577128
7.219654888048671,35.08952444800802,44.75868002178643,52.83194579539769,67.42577893262552,117.79756082069825,34.68392643070901,54.86008078894589,30.587455619988717,40.8755760756615,44.410063958422256,69.89199529290899,92.64727582393449,36.8094709402577,47.18704553680276,52.94224270173568,68.19999823146388,30.16808836183959,35.342817704890194,41.41236084858875,50.12864991519335,54.08967451977859,74.52013711907433,89.51430040925477,27.44145077720207,26.88545965306993,63.04818487228443,23.146776830866834,30.274334352547864,38.122896036240185,18.43196594064363,24.657875323373993,30.274114679892477,32.61287522021173,37.471211639141316,59.36725296923058,63.815655385918596,25.114166161051283,31.457055260458187,36.29671133967612,39.771846815347125,63.27718194457387,0.0,7.219654888048671
7.261147157520214,35.080890962643934,44.79673877393027,52.89197473773997,67.4675474190605,117.83230720302741,34.687987168449325,54.897512320677116,30.56201698414155,40.88565393684667,44.43712728751573,69.92413671231886,92.68641638903631,36.8182678187964,47.24657386591543,52.97338401360849,68.22500852035435,30.137365035032527,35.344462107732824,41.4547140426013,50.16190700821026,54.12433910540738,74.57907212483407,89.54013853268738,27.44145077720207,26.89068185357377,63.08445494125214,23.148612750034033,30.283800003411848,38.153086735680546,18.39813368942782,24.657924088947766,30.311281740079785,32.64655409567318,37.53962029804556,59.386103914544535,63.85730240957985,25.118491875281812,31.496004038189067,36.34611740659509,39.79795125781464,63.324366021112155,0.0,7.261147157520214
7.302639426991759,35.07217696808556,44.834790999908044,52.95151698691668,67.50983529793415,117.86710792144387,34.692032888622855,54.93495886997512,30.536515234565645,40.89550168993154,44.46444248199649,69.95631572037374,92.72556072193471,36.82702704713716,47.30589123899295,53.00467026179682,68.25012247916234,30.106592254776466,35.34610626025789,41.49706768174048,50.19507408186427,54.159040538184456,74.63804654027946,89.56603967728887,27.44145077720207,26.89589359663364,63.12073546766381,23.150436458333736,30.293198025540438,38.183357274723804,18.364257193400324,24.657970789614982,30.348424180397586,32.680244678920424,37.60798670884085,59.40502694389464,63.898978819115854,25.122777875786962,31.534959592695948,36.39549414107114,39.82399834131118,63.37166972601373,0.0,7.302639426991758
7.344131696463303,35.063383122067115,44.87283688728632,53.01056983423285,67.55264442777141,117.90196298081678,34.696063665444015,54.972420362625506,30.510950637888847,40.90512309697986,44.49200572138332,69.98853211809806,92.76470881339512,36.835748884515844,47.36499496190359,53.03610348509975,68.2753405039847,30.075770515372884,35.3477500737306,41.53942168305327,50.228151010238044,54.193778842678405,74.69706001875225,89.59200396845259,27.44145077720207,26.90109490913342,63.157026424635575,23.152248070890668,30.302528866765865,38.213707090412996,18.330336937682805,24.658015560814366,30.385541425573926,32.7139471266669,37.67631041016123,59.42402230473763,63.940684626433985,25.12702473517877,31.573921438075235,36.444841501242074,39.84998819767024,63.419092882598825,0.0,7.344131696463301
7.3856239659348475,35.054510072163886,44.910876608903024,53.06913070422196,67.59597655818237,117.93687238658941,34.70007957270474,55.009896724836324,30.48532345985273,40.914521939786454,44.51981316514617,70.02078570768748,92.80386065421553,36.84443358675138,47.423882334512165,53.0676857313661,68.30066299128887,30.044900303181752,35.349393461511816,41.58177596640167,50.26113767289216,54.228554041465166,74.75611221182287,89.61803153288878,27.44145077720207,26.90628581788288,63.19332778535767,23.15404770146904,30.31179297526355,38.24413562080847,18.296373399515474,24.658058531867688,30.42263290663873,32.7476615990124,37.744590943592726,59.44309024503776,63.982419844292245,25.13123301520743,31.612889096146006,36.494159445173,39.875920964588886,63.46663531153597,0.0,7.385623965934848
7.427116235406391,35.04555845596359,44.94891032337474,53.12719715588725,67.6398333279408,117.97183614478041,34.70408068377691,55.04738788323571,30.459633965319462,40.92370201437309,44.54786095820974,70.05307629250277,92.84301623522637,36.85308140632593,47.482550651946575,53.099419056166155,68.32609033789448,30.01398209678942,35.35103633902597,41.62413045436212,50.29403395488507,54.26336615506147,74.81520276928991,89.64412249863645,27.44145077720207,26.91146634961784,63.22963952309426,23.155835462491268,30.320990799441194,38.27464230508015,18.262367048416014,24.6580998262485,30.459698060657605,32.78138825938221,37.812827853584245,59.462231013256925,64.02418448629767,25.13540326700287,31.651862096225113,36.54344793076576,39.90179678567854,63.514296830865185,0.0,7.427116235406392
7.468608504877936,35.03652890123449,44.98693817558334,53.18476688386463,67.6842162631645,118.00685426198598,34.70806707161472,55.084893764869435,30.433882418278195,40.93266712570297,44.57614523623919,70.08540367706355,92.88217554729057,36.86169259246247,47.54099720593367,53.13130552139736,68.35162294095427,29.983016367172322,35.35267862372881,41.666485072128836,50.32683974679098,54.29821520186099,74.87433133917916,89.67027699507548,27.44145077720207,26.916636531000332,63.265961611183315,23.157611465056345,30.33012278783056,38.30522658359725,18.228318346334934,24.658139561838713,30.49673633047973,32.81512727446535,37.88102068736185,59.48144485834434,64.06597856690445,25.13953603131065,31.690839974907323,36.59270691566598,39.92761581051855,63.56207725602115,0.0,7.468608504877939
7.510100774349479,35.0274220260911,45.02496029714275,53.24183771950148,67.72912677560238,118.04192674538146,34.71203880875708,55.12241429719862,30.40806908185113,40.94142108262121,44.60466213069961,70.11776766704243,92.92133858130319,36.87026739120008,47.59921928620466,53.16334719382281,68.37726119793487,29.952003577856694,35.35432023507493,41.70883974742103,50.3595549447164,54.333101198072775,74.93349756774259,89.69649515293835,27.44145077720207,26.92179638861877,63.30229402303642,23.15937581895801,30.339189388981943,38.33588789801574,18.194227747807393,24.65817785117315,30.533747164499076,32.84887881415161,37.94916899484594,59.50073202972606,64.10780210141232,25.14363183872223,31.729822275850314,36.64193635716788,39.953378194712485,63.6099763998569,0.0,7.510100774349483
7.551593043821025,35.018238439156534,45.06297680684652,53.298407631846736,67.77456616103235,118.07705360272317,34.71599596732993,55.15994940809731,30.382194218299137,40.94996769302676,44.63340777368502,70.15016806925848,92.96050532819133,36.87880604546676,47.65721418197034,53.19554614354288,68.40300550659704,29.920944185074287,35.35596109448474,41.75119441039427,50.392179450314146,54.36802415766174,74.99270109945773,89.72277710432205,27.44145077720207,26.926945948988102,63.338636732138625,23.16112863270263,30.348191051361393,38.366625691363225,18.160095700101678,24.658214801673306,30.570730016428445,32.88264305146795,38.01727232857148,59.5200927772939,64.14965510596495,25.147691209899854,31.768808549564394,36.691136212116696,39.9790840999474,63.657994072667684,0.0,7.551593043821026
7.593085313292568,35.008978739722735,45.10098781109702,53.354474728547025,67.82053559777442,118.11223484235029,34.71993861904863,55.19749902585015,30.356258089026987,40.95831075927953,44.66237830251206,70.18260469167132,92.99967577891388,36.887308795150126,47.71497918346636,53.2279044423993,68.4288562649759,29.88983863791434,35.35760112531126,41.793548993554786,50.424713170796174,54.40298409229198,75.0519415770262,89.7491229827004,27.44145077720207,26.93208523854999,63.374989712048276,23.162870013526756,30.357128223250495,38.39743940812154,18.125922643364344,24.658250515870023,30.60768434508597,32.916420162513575,38.08533024361115,59.53952735139453,64.19153759754828,25.15171465579595,31.807798353207044,36.740306436808396,40.004733694056014,63.7061300822148,0.0,7.59308531329257
7.634577582764113,34.99964351790761,45.138993404316835,53.41003725664479,67.86703614532185,118.14747047318662,34.723866835220285,55.235063079150045,30.33026095458835,40.96645407384563,44.69156986407645,70.21507734337506,93.03884992446145,36.895775877165796,47.77251158356818,53.26042416231202,68.45481387136032,29.858687378471792,35.359240252807126,41.83590343167773,50.45715601894408,54.43798101127208,75.11121864137273,89.77553292293578,27.44145077720207,26.93721428367297,63.411352936396845,23.1646000674145,30.366001352648876,38.42832849430696,18.091709010762063,24.658285091616452,30.644609614193314,32.95021032639412,38.15334229750099,59.55903600281805,64.23344959398909,25.155702677867428,31.846791250381912,36.789446986886695,40.030327151082545,63.7543842337498,0.0,7.634577582764114
7.676069852235655,34.990233354809526,45.17699366934326,53.46509360327392,67.9140687430948,118.18276050474233,34.72778068674608,55.27264149709578,30.3042030746903,40.97440141518074,44.720978618970925,70.2475858345918,93.0780277558562,36.904207525523844,47.82980867947558,53.293107373549084,68.48087872427246,29.827490841991864,35.36087840409121,41.878257661728284,50.48950791311768,54.47301492150307,75.17053193164388,89.80200706129152,27.44145077720207,26.942333110652598,63.44772637888875,23.166318899114575,30.374810887179304,38.459292397548,18.057455228620334,24.658318622291095,30.681505292185474,32.984013725154774,38.22130805016902,59.57861898278602,64.27539111395355,25.1596557682848,31.885786810942246,36.83855781723693,40.05586465135153,63.80275633003904,0.0,7.676069852235656
7.7175621217072,34.98074882265949,45.21498867780612,53.519642296249145,67.96163420931941,118.21810494711586,34.73168024412364,55.31023420918978,30.278084708197618,40.98215654385255,44.750600745365084,70.28012997666606,93.11720926415175,36.9126039713931,47.88686777446601,53.325956142929904,68.50705122244659,29.79624945701116,35.362515508115166,41.92061162278625,50.521768777261904,54.508085827428836,75.22988108520639,89.82854553544391,27.44145077720207,26.947441745711643,63.48411001330126,23.16802661215715,30.383557273995343,38.490330567160925,18.02316171655908,24.65835119699186,30.718370852031445,33.017830543712265,38.28922706386632,59.598276542939686,64.31736217694574,25.16357441013632,31.92478461079873,36.88763888187694,40.081346381540634,63.8512461713881,0.0,7.7175621217072
7.7590543911787435,34.97119048497029,45.25297849049018,53.57368200454562,68.00973324003446,118.25350381099565,34.73556557744927,55.34784114533569,30.251906113136762,40.98972319889995,44.780432442648426,70.31270958205822,93.15639444043273,36.920965443163574,47.94368617971604,53.35897253196288,68.53333176480774,29.764963645495236,35.364151495630544,41.962965255973195,50.55393854091159,54.543193730988726,75.28926573764616,89.85514848449438,27.44145077720207,26.95254021500023,63.52050381348422,23.169723308870385,30.39224095969165,38.52144245422292,17.988828887625232,24.65838290072128,30.755205771065523,33.05166096978587,38.35709890310067,59.61800893532764,64.35936280330637,25.167459077627264,31.963784231731488,36.936690133844486,40.106772534757106,63.899853555666525,0.0,7.7590543911787435
7.800546660650288,34.96155889668358,45.290963157681944,53.62721153866539,68.05836640822949,118.28895710766194,34.73943675642034,55.38546223583617,30.225667546699537,40.99710509442675,44.81046993483914,70.34532446433869,93.19558327581511,36.92929216650704,48.00026121618987,53.392158594918,68.55972075044998,29.733633822972948,35.36578629915527,42.00531850438268,50.586017139194176,54.57833863157282,75.34868552276619,89.88181604898197,27.44145077720207,26.95762854459602,63.55690775335997,23.171409090396768,30.400862390216712,38.552627511643024,17.95445714842232,24.658413814563463,30.7920095308287,33.08550519382722,38.42492313457254,59.63781641239312,64.40139301421141,25.171310236274444,32.00278526120627,36.9857115250811,40.13214331061839,63.948578278332846,0.0,7.800546660650287
7.842038930121832,34.95185460431414,45.328942719502166,53.6802298508881,68.10753416311549,118.32446484898867,34.74329385033754,55.42309741139051,30.199369265246457,41.00430591642657,44.840709473762175,70.37797443818158,93.2347757614455,36.93758436443562,48.05659021659358,53.42551637683616,68.58621857861414,29.702260398667395,35.36741985294098,42.047671313013225,50.61800451283082,54.613520525979574,75.40814007258513,89.90854837089512,27.44145077720207,26.962706760504357,63.59332180692318,23.17308405670917,30.40942201078818,38.583885194230696,17.920046899237207,24.6584440158531,30.82878161692004,33.11936340894905,38.492699327113534,59.65769922696118,64.44345283167085,25.175128343096013,32.041787292194634,37.03470300631201,40.15745891533692,63.99742013245963,0.0,7.842038930121831
7.883531199593376,34.94207814609165,45.36691720622408,53.732736035403036,68.15723682953067,118.36002704744523,34.74713692810717,55.460746603092424,30.173011524309953,41.01132931983426,44.871147342000626,70.41065931935906,93.27397188850146,36.94584225735894,48.11267052739341,53.45904791147635,68.61282564866544,29.670843775623865,35.36905209293988,42.090023628703534,50.649900608135006,54.64873940837588,75.46762901733558,89.93534559368459,27.44145077720207,26.967774888658457,63.62974594824062,23.1747483066267,30.41792026581064,38.61521495876225,17.88559853416396,24.658473578336974,30.865521518857324,33.15323581085275,38.56042705162712,59.67765763222544,64.4855422785275,25.17891384679684,32.08078992299808,37.08366452692228,40.182719561809556,64.04637890875861,0.0,7.883531199593374
7.92502346906492,34.93223005210056,45.40488663857825,53.784729328320935,68.20747460748294,118.39564371609823,34.75096605824342,55.498409742427704,30.14659457859721,41.018178925799425,44.901779855625996,70.44337892473474,93.31317164819112,36.954066063139265,48.16849951089642,53.49275521920254,68.63954236007054,29.639384350834536,35.3706829567725,42.13237540007077,50.68170537700969,54.68399527025968,75.52715198546211,89.96220786227529,27.44145077720207,26.972832954919554,63.666180151451066,23.176401937830295,30.42635759879583,38.64661626404501,17.851112441225027,24.658502572328267,30.902228729946916,33.18712259775493,38.62810588103161,59.69769188173472,64.5276613784558,25.182667187949342,32.11979275707591,37.1325960348283,40.20792546971167,64.09545439560635,0.0,7.925023469064918
7.966515738536465,34.92231084441676,45.442851028044124,53.83620910756298,68.25824757182987,118.43131486861333,34.75478130887067,55.53608676127201,30.120118681992853,41.02485831917529,44.93260336671241,70.47613307225814,93.35237503175294,36.96225599714522,48.22407454739109,53.52664030481277,68.6663691123743,29.607882515360213,35.37231238369501,42.17472657745041,50.71341877694201,54.719288100424805,75.5867086036193,89.98913532307895,27.44145077720207,26.97788098507707,63.702624390765095,23.17804504687807,30.434734452285316,38.6780885709793,17.816589002489625,24.65853106485394,30.938902747162413,33.221023970312615,38.69573539020521,59.717802229379004,64.56981015596065,25.186388799170036,32.158795402876954,37.18149747634491,40.23307686559635,64.14464637906948,0.0,7.966515738536461
8.008008008008009,34.91232103724271,45.48081037712934,53.88717489262664,68.3095556720975,118.4670405192571,34.75858274772568,55.57377759188854,30.093584087561375,41.03137104621759,44.96361426564168,70.5089215809583,93.39158203045577,36.97041227230389,48.279393037345635,53.5607051553124,68.6933063051761,29.576338654449238,35.37394031456732,42.21707711283921,50.74504077099628,54.75461788492852,75.64629849666981,90.01612812400647,27.44145077720207,26.982919004848792,63.73907864046492,23.179677729220455,30.44305126777551,38.709631342618266,17.78202859418961,24.658559119795726,30.975543071031776,33.25494013154743,38.76331515593327,59.73798892937543,64.61198863637641,25.190079105291872,32.197797473674825,37.23036879604761,40.258173982999,64.19395464293065,0.0,8.008008008008009
8.049500277479552,34.902261137039694,45.518764679636575,53.93762634422623,68.3613987324382,118.50282068289879,34.762370442159884,55.61148216692588,30.06699104754937,41.03772061248624,44.99480898320558,70.54174427093803,93.43079263559851,36.97853509915131,48.334452403660976,53.59495173763451,68.72035433810588,29.544753147653367,35.37556669182138,42.259426959839615,50.77657132780495,54.78998460706147,75.70592128768207,90.04318641448022,27.44145077720207,26.98794703988101,63.77554287490424,23.18130007921512,30.45130848564506,38.74124404422559,17.747431586832658,24.65858679802484,31.012149205532484,33.28887128676857,38.830844756857566,59.758252236254,64.65419684586575,25.193738523532403,32.23679858740666,37.27920993662945,40.28321706254736,64.24337896871425,0.0,8.049500277479552
8.090992546951098,34.89213164265813,45.55671392091915,53.987563263808376,68.4137764517278,118.53865537501215,34.76614445914163,55.649200419415685,30.04033981338754,41.04391048094278,45.02618399251257,70.57460096336763,93.47000683851026,36.986624685881644,48.38925009397555,53.62938199631052,68.7475136107996,29.51312636894103,35.37719145942948,42.30177607360665,50.80801042155747,54.825388247319744,75.76557659792813,90.07031034544671,27.44145077720207,26.992965115748717,63.812017068508084,23.182912190141636,30.45950654508459,38.77292614333109,17.712798345313058,24.65861415753069,31.048720657994902,33.322817643494574,38.89832377342752,59.77859240484254,64.69643481141873,25.197367463658008,32.27579836651551,37.328020838752714,40.30820635207781,64.29291913571227,0.0,8.0909925469511
8.132484816422641,34.881933045465544,45.59465807812503,54.03698559294191,68.466688403802,118.57454461167728,34.76990486525839,55.68693228277047,30.01363063569256,41.04994407023579,45.05773581070649,70.60749148047924,93.50922463054985,36.99468123839481,48.44378358301818,53.66399785109437,68.77478452287451,29.481458686807848,35.37881456287347,42.344124410796724,50.839358031987274,54.86082878337986,75.82526404688139,90.09750006938889,27.44145077720207,26.997973257955756,63.84850119577259,23.184514154215957,30.467645884028684,38.804677109784215,17.678129229019937,24.65864125354403,31.085256939012996,33.35677941137395,38.96575178785348,59.79900969025194,64.73870256085182,25.200966328144084,32.31479643779572,37.37680144089444,40.33314210675769,64.34257492101058,0.0,8.132484816422643
8.173977085894187,34.87166582947231,45.632597120430226,54.08589341258201,68.52013403783103,118.61048840958235,34.77365172671898,55.72467769078143,29.986863764268687,41.05582475316724,45.089461000504855,70.64041564556048,93.54844600310575,37.002704960342854,48.49805037500569,53.69880119454397,68.802167473904,29.44975046438443,35.38043594911362,42.38647192951818,50.87061414435674,54.89630619007565,75.88498325221417,90.12475574033881,27.44145077720207,27.00297149193498,63.88499523126492,23.186106062604658,30.475726939090148,38.836496415805605,17.643424591943212,24.65866813865476,31.12175756236253,33.39075680210459,39.03312838406175,59.81950434786067,64.78100012280687,25.204535512331457,32.353792432241974,37.42555167918588,40.35802458921443,64.39234609951494,0.0,8.173977085894187
8.21546935536573,34.8613304714554,45.67053100926174,54.13428694220958,68.57411267883192,118.64648678602553,34.77738510935579,55.76243657761616,29.96003944810933,41.06155585533136,45.12135617156446,70.67337328294887,93.58767094759605,37.01069605317484,48.55204800608059,53.73379388956393,68.8296628633918,29.41800205954174,35.38205556655871,42.42881858928384,50.901778749440254,54.93182043937805,75.94473382979525,90.15207751388992,27.44145077720207,27.00795984304843,63.921499149623,23.187688005438986,30.483750145496494,38.86838353603647,17.608684782777093,24.658694862924403,31.158222044926323,33.424750029351976,39.10045314765147,59.840076633298985,64.8233275267503,25.208075404579123,32.39278598490114,37.474271487245325,40.38285406967183,64.4422324439774,0.0,8.21546935536573
8.256961624837274,34.85092744107959,45.70845969851033,54.18216653884644,68.62862352831725,118.6825397589167,34.78110507862695,55.800208877816544,29.933157935398306,41.067140653918386,45.15341798168264,70.70636421802557,93.6268994554683,37.018654716180684,48.605774046785086,53.76897776691394,68.85727109074611,29.38621382499391,35.383673365035726,42.4711643509652,50.932851843505226,54.96737150037678,76.00451539368719,90.17946554720992,27.44145077720207,27.0129383365875,63.95801292555547,23.189260071828677,30.49171593702859,38.90033794758622,17.57391014502138,24.658721473993868,31.194649906626463,33.458759308666224,39.16772566585342,59.860726802433085,64.86568480297227,25.211586386413213,32.43177673472743,37.522960796004,40.40763082609366,64.4922337250227,0.0,8.256961624837272
8.298453894308818,34.8404572010173,45.746383134733826,54.22953269594776,68.68366566507824,118.71864734677939,34.78481169961854,55.8379945262965,29.90621947351103,41.07258237667481,45.185643137841524,70.73938827720967,93.66613151819925,37.0265811465335,48.65922610456607,53.80435462268776,68.88499255525309,29.35438610839859,35.38528929576046,42.51350917674831,50.96383342829122,55.00295933926462,76.06432755614385,90.2069199990531,27.44145077720207,27.017906997773096,63.99453653384142,23.190822349875575,30.499624745961498,38.93235913007796,17.539101017080498,24.658748017186443,31.231040670363026,33.492784857398014,39.23494552749041,59.88145511134875,64.90807198258574,25.2150688326725,32.47076432444047,37.57161953352424,40.43235514433529,64.54234971117472,0.0,8.298453894308816
8.339946163780361,34.829920207065655,45.78430125735089,54.27638604217314,68.73923804610057,118.75480956875246,34.78850503704675,55.87579345833983,29.879224309015612,41.07788420101254,45.218028397104185,70.77244528795227,93.7053671272948,37.034475539331005,48.71240182630651,53.83992621576741,68.91282765605011,29.322519252455006,35.38690331130832,42.555853030091235,50.994723510987235,55.03858391932415,76.12416992760745,90.23444102977288,27.44145077720207,27.022865851755814,64.03106994933026,23.192374926687076,30.50747700300736,38.96444656569214,17.504257732360372,24.658774535606344,31.267393861959366,33.52682689461319,39.30211232293949,59.90226181633457,64.95048909752573,25.218523111650377,32.50974840038624,37.620247624810105,40.45702731830361,64.59258016888305,0.0,8.339946163780363
8.381438433251905,34.81931690826187,45.82221399882589,54.32272734003855,68.7953395076105,118.79102644459205,34.79218515526008,55.913605609598044,29.852172687673697,41.083049253258935,45.25057056736969,70.80553507873037,93.74460627428974,37.04233808763556,48.76529890087754,53.875694265258126,68.94077679209849,29.290613594999645,35.38851536558563,42.598195875683125,51.02552210420691,55.074245200916515,76.18404211670608,90.26202880133457,27.44145077720207,27.027814923616084,64.06761314694151,23.19391788838932,30.515273137260436,38.99659973920837,17.469380619363168,24.658801070232947,31.30370901011341,33.56088564100623,39.36922564409575,59.923147173865146,64.99293618054857,25.22194958523353,32.54872861240091,37.66884499160911,40.48164765012619,64.6429248625498,0.0,8.381438433251907
8.42293070272345,34.80864774699679,45.860121284845036,54.36855748445118,68.8519687662488,118.82729799467324,34.79585211824145,55.95143091608821,29.825064854441294,41.088080608039455,45.28326650799553,70.83865747904132,93.78384895074792,37.0501689825132,48.81791506170579,53.91166044790962,68.96884036215573,29.25866946909978,35.39012541380136,42.64053767940464,51.056229225962035,55.109943141472655,76.24394373025038,90.28968347732776,27.44145077720207,27.032754238364365,64.10416610166477,23.19545132014024,30.52301357614411,39.028818138045324,17.434470001779967,24.658827660011124,31.339985646355096,33.59496131881273,39.4362850843377,59.944111440583605,65.03541326523121,25.225348609037198,32.58770461367746,37.717411552205434,40.5062164503294,64.6933835545562,0.0,8.42293070272345
8.464422972194994,34.797913159126026,45.898023034484076,54.41387750113,68.90912442036897,118.86362423999208,34.79950598961041,55.98926931419079,29.797901053469428,41.09298128778567,45.31611313029509,70.87181231939677,93.82309514826173,37.05796841307161,48.870248089349964,53.947826395529866,68.99701876474754,29.22668720314472,35.39173341243925,42.68287840828984,51.086844899634094,55.145677695486754,76.30387437323107,90.31740522297905,27.44145077720207,27.037683820941297,64.1407287885594,23.196975306142374,30.530698745359967,39.06110125229887,17.39952619858141,24.65885434193745,31.37622330500954,33.629054151720446,39.50329023849436,59.96515487328405,65.07792038597033,25.22872053253735,32.626676060634836,37.765947221203206,40.53073403802698,64.7439560052895,0.0,8.464422972194994
8.505915241666537,34.7871135740797,45.93591916036815,54.4586885449149,68.96680495145735,118.90000520216729,34.80314683262521,56.02712074064754,29.770681528104678,41.09775426236066,45.34910739791755,70.90499943131674,93.86234485845208,37.06573656649698,48.92229581408045,53.984193692396964,69.02531239813919,29.194667120935037,35.393339319230336,42.725218030489515,51.11736915394404,55.18144881451195,76.36383364881561,90.34519420516456,27.44145077720207,27.04260369621785,64.17730118275439,23.19848992965553,30.538329068838774,39.09344857477845,17.36454952410634,24.658881151142918,31.412421523165747,33.66316436477945,39.57024070281386,59.986277728893555,65.12045757798187,25.232065699199595,32.66564261278979,37.81445190929984,40.555200741118966,64.79464197316989,0.0,8.505915241666537
8.547407511138081,34.77624941496976,45.97380956882338,54.5029918979676,69.0250087256708,118.93644090344205,34.806774710184975,56.064985132559315,29.743406520889685,41.102402448794805,45.38224632711776,70.93821864732406,93.90159807296844,37.07347362808987,48.97405611845537,54.02076387267609,69.05372166030688,29.16260954176961,35.394943093126095,42.76755651523563,51.14780202292013,55.21725644715816,76.42382115834508,90.37305059242247,27.44145077720207,27.047513888995525,64.21388325944827,23.199995273009222,30.54590496869345,39.125859601041626,17.329540288148603,24.658908120972036,31.448579840650755,33.69729218431098,39.63713607493338,60.00748026445393,65.16302487730026,25.23538444660513,32.704603932631294,37.86292552304841,40.57961689650209,64.8454412146773,0.0,8.547407511138081
8.588899780609626,34.765321098696,46.01169416002134,54.546788967867826,69.08373399548876,118.97293136668583,34.81038968483182,56.10286242738403,29.716076273563473,41.106928711124155,45.41552698692331,70.97146980093844,93.94085478348853,37.08117978130015,49.02552693988669,54.05753841784801,69.082246948908,29.130514780530753,35.39654469427196,42.80989383280718,51.17814354586425,55.25310053909215,76.48383650133125,90.40097455496579,27.44145077720207,27.052414424006493,64.25047499390882,23.201491417614935,30.553426865173872,39.158333829427036,17.294498796041818,24.658935283058444,31.484697800008945,33.73143783781534,39.703975953850815,60.028762737102895,65.20562232077789,25.238677106573675,32.74355968549728,37.91136796460868,40.60398285029216,64.89635348437862,0.0,8.588899780609625
8.63039205008117,34.75432903604984,46.04957282811607,54.59008128560877,69.14297890147488,119.00947661539635,34.813991818752896,56.14075256293449,29.688691027061733,41.111335860324914,45.448946499205626,71.00475272667055,93.98011498171817,37.08885520776095,49.07670627318905,54.09451875415591,69.11088866125164,29.09838314776736,35.39814408398116,42.85222995449711,51.20839376731621,55.288981033039775,76.54387927545325,90.42896626469465,27.44145077720207,27.057305325913784,64.28707636147308,23.202978443978253,30.560895176623575,39.19087076108556,17.259425348742433,24.65896266739753,31.52077494648644,33.765601553878504,39.77075993989769,60.050125404055315,65.24824994608439,25.241944005283447,32.78250953945386,37.959779131485625,40.628298958059084,64.94737853495455,0.0,8.630392050081168
8.671884319552715,34.74327363181632,46.08744546137407,54.63287050349537,69.20274147414504,119.0460766737013,34.81758117378259,56.17865547737634,29.661251021517014,41.11562665433697,45.48250203866226,71.03806726001656,94.01937865939128,37.096500087321665,49.12759217310469,54.131706250077755,69.13964719426802,29.066214949776047,35.39974122470907,42.8945648525805,51.23855273701646,55.32489786879027,76.60394907655426,90.4570258952091,27.44145077720207,27.062186619311426,64.323687337547,23.204456431710717,30.56831031943827,39.223469900009945,17.224320242910927,24.658990302415813,31.556810828020314,33.79978356207801,39.83748763471366,60.07156852258359,65.29090779170615,25.245185463388406,32.82145316517676,38.008158916255084,40.6525655850756,64.99851611722691,0.0,8.671884319552715
8.713376589024259,34.73215528487473,46.12531194229727,54.67515839295,69.26301963593615,119.08273156636008,34.82115781140454,56.21657110922594,29.63375649625886,41.11980379817025,45.516190832716376,71.07141323745213,94.05864580826955,37.10411459808019,49.17818275679677,54.169102213831444,69.16852294447835,29.034010488680583,35.40133608002829,42.93689850028391,51.268620509867105,55.360850983202475,76.66404549863817,90.48515362182151,27.44145077720207,27.067058328724627,64.36030789760534,23.2059254595416,30.575672708026122,39.25613075306275,17.18918377099127,24.659018215037317,31.592804995232417,33.83398409288748,39.90415864122211,60.09309234999831,65.33359589694575,25.24840179613265,32.86039023583511,38.05650720627532,40.67678310658036,65.0497659801855,0.0,8.713376589024259
8.754868858495803,34.72097438829697,46.163172147739985,54.71694684223014,69.32381120327142,119.11944131876592,34.824721792753714,56.25449939734831,29.60620768981385,41.123869944087176,45.55001016133993,71.10479049642686,94.09791642014247,37.11169891641414,49.22847620630417,54.20670789091981,69.1975163079633,29.00177006250938,35.40292861460356,42.97923087175535,51.29859714589128,55.39684031021314,76.72416813386617,90.51334962156913,27.44145077720207,27.07192047860995,64.39693801719154,23.207385605329463,30.582982754769784,39.28885283000276,17.15401622128865,24.659046430747267,31.628757001427818,33.86820337758024,39.97077256360749,60.114697143627886,65.37631430192144,25.25159331346214,32.89932042697733,38.10482388338384,40.70095190805634,65.10112787101548,0.0,8.754868858495803
8.796361127967346,34.70973132944455,46.20102594901875,54.75823785406204,69.38511388871788,119.15620595694736,34.8282731786185,56.29244028095506,29.578604839905545,41.12782769185544,45.58395735680667,71.13819887535846,94.13719048682715,37.1192532170114,49.27847077094991,54.244524461723195,69.2266276803315,28.969493965271326,35.40451879416792,43.02156194203597,51.32848271019104,55.43286578084775,76.78431657255356,90.54161407322671,27.44145077720207,27.07677309335547,64.43357767191758,23.208836946073536,30.590240869990165,39.321635643509865,17.11881787804554,24.659074973653134,31.664666402597483,33.90244164813208,40.03732900729358,60.136383160798545,65.41906304756664,25.25476032013381,32.938243416419084,38.15310882357814,40.72507238552577,65.1526015351245,0.0,8.796361127967346
8.837853397438892,34.698426490063824,46.23887321201668,54.799033543196025,69.44692530322996,119.19302550757027,34.83181202944276,56.330393699602354,29.55094818345451,41.13167958906596,45.61802980338049,71.17163821362719,94.17646800016826,37.126777672899735,49.32816476969602,54.28255303914706,69.25585745668783,28.93718248702975,35.40610658549857,43.06389168703217,51.35827727290324,55.468927323232165,76.84449040316592,90.5699471573187,27.44145077720207,27.08161619728093,64.47022683746366,23.21027955792494,30.597447461911806,39.35447870920835,17.083589021516158,24.65910386654286,31.700532757425197,33.93669913712298,40.1038275789234,60.15815065881317,65.46184217562939,25.257903115822113,32.97715888413344,38.20136189667992,40.74914494586228,65.20418671616976,0.0,8.83785339743889
8.879345666910435,34.68706024637961,46.27671379728142,54.83933613388753,69.50924295847479,119.22989999793964,34.83533840532785,56.3683595931888,29.523237956578072,41.135428131509066,45.65222493694457,71.2051083515701,94.21574895203769,37.13427245547573,49.377556593437006,54.32079466633178,69.28520603160078,28.904835913974924,35.40769195639362,43.10622008348874,51.38798090915448,55.50502486260727,76.90468921231563,90.598349056132,27.44145077720207,27.086449814637927,64.50688548957821,23.211713516197776,30.604602936629963,39.38738154568891,17.048329928039255,24.65913313094093,31.73635562729849,33.97097607763791,40.17026788634015,60.1799998949306,65.50465172867202,25.26102199522303,33.01606651214281,38.249582965980665,40.773170007121614,65.25588315608553,0.0,8.879345666910433
8.920837936381979,34.67563296918709,46.3145475601175,54.879147957309485,69.5720642692336,119.26682945600147,34.83885236603469,56.4063379019535,29.495474394590225,41.13907576360543,45.68654024457684,71.23860913047545,94.25503333433466,37.14173773453291,49.42664470722484,54.35925031443263,69.31467379906952,28.872454528494703,35.40927487564925,43.148547108963264,51.41759369901411,55.5411583213448,76.96491258475858,90.6268199537281,27.44145077720207,27.09127396961006,64.54355360407762,23.21313889537999,30.611707698079254,39.42034367452895,17.01304087010943,24.659162787161872,31.772134576323364,34.00527270316687,40.23664953856942,60.20193112634406,65.54749175007053,25.264117248155742,33.05496598441298,38.29777188786857,40.79714799889251,65.30769059511003,0.0,8.92083793638198
8.962330205853522,34.664145023942126,46.3523743506731,54.918471448901194,69.63538655587433,119.30381391034452,34.84235397098577,56.44432856647397,29.467657732001374,41.142624878885535,45.72097326407632,71.27214039257707,94.29432113898537,37.14917367828916,49.475427652417515,54.39792088047703,69.34426115249087,28.840038609243738,35.41085531303701,43.19087274180086,51.44711572744603,55.577327618965356,77.02516010339026,90.65536003595572,27.44145077720207,27.096088686313113,64.58023115684611,23.21455576914413,30.618762148003857,39.45336462031176,16.977722116446863,24.65919285436165,31.80786917134274,34.039589247503976,40.30297214580277,60.22394461015929,65.59036228401442,25.267189159661804,33.09385698674892,38.34592851143427,40.82107936266808,65.35960877181293,0.0,8.962330205853524
9.003822475325068,34.65259677085026,46.39019401402147,54.9573091456585,69.69920704688909,119.34085339020223,34.84584327926716,56.48233152766413,29.439788202518123,41.14607782051363,45.755521583445145,71.30570198104876,94.33361235794314,37.15658045341344,49.523904048744164,54.43680718530639,69.37396848462521,28.807588431211087,35.41243323928205,43.23319696111024,51.476547084258925,55.61353267215781,77.08543134924226,90.68396949046286,27.44145077720207,27.100893988795214,64.61691812383555,23.215964210357924,30.625766685929264,39.4864439106441,16.942373932065607,24.659223350586807,31.843558981958626,34.07392594464599,40.369235319382376,60.24604060337247,65.63326337550599,25.2702380101021,33.132739206692484,38.394052678054884,40.84496455224034,65.41163742312239,0.0,9.003822475325068
9.04531474479661,34.64098856495372,46.42800639023677,54.99566368337101,69.76352288149182,119.37794792545434,34.84932034963054,56.52034672677229,29.411866039042923,41.149436881851315,45.79018284033088,71.33929373999881,94.37290698318797,37.16395822505176,49.572072596279575,54.47590997161,69.40379618756249,28.775104265786293,35.414008626041124,43.27551974674016,51.505887864055104,55.64977339480077,77.14572590147853,90.71264850670931,27.44145077720207,27.105689901036996,64.6536144810653,23.217364291094704,30.63272170913552,39.5195810761726,16.90699657834037,24.65925429282164,31.87920358055736,34.10828302868978,40.43543867178686,60.26821936284782,65.67619507036021,25.27326407525152,33.17161233342166,38.44214422095437,40.868804034118455,65.46377628435236,0.0,9.04531474479661
9.086807014268155,34.62932075621741,46.465811314465256,55.033537793811625,69.82833111227048,119.41509754662911,34.852785240495145,56.55837410537923,29.383891473673774,41.15270430705722,45.82495472143304,71.3729155144642,94.41220500672671,37.17130715685264,49.619932077320726,54.51522990205756,69.43374465268754,28.742586380824044,35.415581445881834,43.317841079257,51.535138166178335,55.686049697985645,77.20604333739178,90.74139727597883,27.44145077720207,27.110476446951772,64.69032020462207,23.21875608264369,30.639627612631905,39.55277565059878,16.87159031307192,24.659285697033365,31.91480254233839,34.14266073372954,40.50158181661834,60.29048114529453,65.71915741520415,25.27626762639141,33.21047605765184,38.49020296473865,40.89259828797285,65.51602508922981,0.0,9.086807014268153
9.128299283739699,34.617593689612974,46.503608616991286,55.07093430188339,69.89362870788763,119.45230228490475,34.85623800994983,56.59641360539609,29.355864737703914,41.155882291718115,45.859834961877944,71.40656715040538,94.45150642059265,37.17862741099174,49.667481358159016,54.55476755753755,69.46381427064479,28.71003504070733,35.41715167226143,43.36016093992283,51.564298094660025,55.72236149004106,77.26638323239976,90.77021599139125,27.44145077720207,27.1152536503857,64.7270352706597,23.220139655520093,30.646484789133037,39.58602717069278,16.836155390551138,24.659317578215358,31.950355445345963,34.17705929375293,40.56766436859054,60.312826207243695,65.7621504574768,25.279248930399874,33.249330071538445,38.538228724903725,40.91634780710688,65.56838356992179,0.0,9.128299283739697
9.169791553211242,34.60580770520176,46.54139812329848,55.107856122729665,69.95941255582477,119.48956217211159,34.859678715754946,56.634465169062516,29.327786061621406,41.158972983508086,45.89482134456531,71.4402484947006,94.49081121684571,37.18591914819598,49.7147193907412,54.5945234355076,69.49400543130292,28.6774505064093,35.41871927950674,43.402479310674394,51.59336775816433,55.75870867655918,77.32674516004136,90.79910484791458,27.44145077720207,27.12002153511794,64.76375965539901,23.22151507947513,30.653293629036398,39.61933517630594,16.800692061621607,24.659349950428794,31.985861870503996,34.2114789425371,40.63368594351804,60.33525480502454,65.80517424542853,25.282208249840103,33.28817406858131,38.586221307314936,40.94005309895781,65.62085145706273,0.0,9.169791553211244
9.211283822682786,34.59396313821613,46.57917965412633,55.144306258812264,70.02567946516406,119.5268772407336,34.863107415344395,56.672528738944614,29.299655675108752,41.16197848287257,45.92991169949054,71.47395939514034,94.53011938757203,37.19318252776706,49.76164521421327,54.63449794846327,69.52431852371873,28.644833035553642,35.42028424279413,43.44479617410254,51.62234726993208,55.79509116042336,77.38712869197292,90.82806404237729,27.44145077720207,27.124780124860827,64.80049333512767,23.222882423505798,30.660054520401168,39.652699210382046,16.765200573741016,24.659382826842222,32.021321401653424,34.2459199135438,40.69964615830668,60.35776719474067,65.84822882812095,25.285145843046465,33.32700774353049,38.63418050765516,40.96371468562946,65.67342847978148,0.0,9.211283822682788
9.252776092154331,34.58206031913939,46.616953025522356,55.180287796963555,70.09242616940278,119.56424752391052,34.866524165827514,56.710604257933035,29.2714738070425,41.164900843733406,45.96510390304539,71.50769970042208,94.56943092488399,37.20041770760433,49.80825795634096,54.67469142253105,69.55475393610061,28.612182882473746,35.42184653812991,43.48711151343262,51.65123674772367,55.831508841837426,77.44753339796489,90.85709377347993,27.44145077720207,27.12952944326005,64.83723628619998,23.224241755864632,30.666767848928394,39.68611881896753,16.729681171041175,24.659416219769927,32.05673362559252,34.28038243981431,40.765544630944895,60.3803636322456,65.89131425542652,25.2880619642088,33.36583079229377,38.68210611083973,40.98733310445854,65.72611436572838,0.0,9.252776092154331
9.294268361625875,34.570099573784375,46.65471804888959,55.21580390541702,70.15964932929427,119.60167305543949,34.86992902399106,56.74869166924103,29.24324068549282,41.167742074212455,46.00039587730044,71.5414692601446,94.6087458209201,37.20762484422718,49.854556834801805,54.7151040961909,69.58531205577174,28.579500298270528,35.423406142331224,43.52942531250527,51.68003631376057,55.86796161835605,77.50795884589739,90.88619424180737,27.44145077720207,27.134269513894786,64.87398848503679,23.225593144069194,30.673433997942467,39.719593551220434,16.694134094386808,24.659450140708245,32.092098132119645,34.314866753863896,40.83138098049626,60.40304437311806,65.93443057802821,25.29095686345466,33.404642911845315,38.72999789039592,41.01090890861705,65.77890884110248,0.0,9.294268361625875
9.335760631097418,34.55808122337077,46.69247453103007,55.25085783082227,70.22734553571075,119.63915386977708,34.87332204630113,56.78679091640251,29.214956537723104,41.17050413737073,46.03578558927212,71.57526792480283,94.64806406784473,37.214804092796776,49.90054115834326,54.755736119133665,69.61599326913256,28.54678553086892,35.42496303300733,43.57173755575787,51.70874609466611,55.90444938491688,77.56840460175697,90.91536564984044,27.44145077720207,27.1390003602779,64.91074990812521,23.226936654911526,30.68005334837382,39.75312295941829,16.65855958143312,24.659484600370828,32.12741451407823,34.34937308757594,40.89715482709298,60.42580967263692,65.97757784741925,25.293830786929718,33.443443800136,38.77785560780397,41.03444266775369,65.83181163067822,0.0,9.335760631097418
9.377252900568964,34.546005584600834,46.73022227418398,55.28545289524893,70.29551131252249,119.6766900020409,34.876703288905084,56.824901943270106,29.186621590189493,41.17318895196013,46.07127105017656,71.60909554578214,94.68738565784828,37.221955607137346,49.94621032780277,54.79658755125771,69.64679796162308,28.514038825073317,35.42651718854125,43.61404822820676,51.73736622140519,55.94097203387373,77.62887022963267,90.9446082019678,27.44145077720207,27.143722005856098,64.94752053201856,23.228272354467393,30.686626278742875,39.78670659896491,16.622957866682142,24.65951960872212,32.162682367404244,34.383901672095796,40.962865791930454,60.44865978575586,66.02075611590287,25.29668397687631,33.48223315600494,38.82567901179699,41.057934968676705,65.88482245783283,0.0,9.377252900568966
9.418745170040507,34.53387296973405,46.76796107606476,55.31959249318497,70.36414311948786,119.71428148801164,34.88007280763345,56.863024694013276,29.158236068540464,41.175798393185914,46.10685031467328,71.64295197535337,94.7267105831467,37.22907953975696,49.99156383698513,54.837658361808934,69.6777265176845,28.48126042262161,35.42806858807167,43.65635731542987,51.76589682922281,55.9775294550311,77.68935529171243,90.97392210449745,27.44145077720207,27.148434474010074,64.98430033333612,23.229600308105447,30.693153165145123,39.82034402839616,16.58732918153792,24.659555175009583,32.197901291175505,34.418452737724515,41.02851349726275,60.471594967077415,66.06396543659197,25.29951667171021,33.52101067909238,38.87346783761704,41.08138641608151,65.9379410445728,0.0,9.41874517004051
9.460237439512053,34.5216836866604,46.805690729890365,55.35328008853379,70.4332373551501,119.75192836413478,34.88343065800184,56.90115911311642,29.129800197616397,41.17833429347705,46.14252148010066,71.67683706666709,94.76603883598159,37.23617604186769,50.036601273394034,54.87894842866793,69.7087793207205,28.448450562238218,35.42961721147551,43.698664803549704,51.794338057582145,56.01412153568,77.74985934827917,91.0033075656684,27.44145077720207,27.153137788054707,65.02108928876304,23.230920580496203,30.699634381237466,39.85403480938459,16.551673754360547,24.659591307794713,32.23307088766324,34.453026513812404,41.094097566399206,60.494615470826794,66.10720586340895,25.302329106095627,33.55977606975386,38.92122180622339,41.104797633326235,65.991167111561,0.0,9.460237439512053
9.501729708983596,34.50943803897243,46.84341102441053,55.38651921161537,70.5027903597348,119.78963066752249,34.886776895212854,56.93930514537696,29.101314201449142,41.18079844326296,46.178282685705085,71.71075067374849,94.80537040862019,37.243245263405434,50.08132231881432,54.92045753778704,69.73995675305795,28.41560947968592,35.43116303935062,43.74097067921747,51.82269005010132,56.05074816063462,77.81038195770725,91.03276479566208,27.44145077720207,27.15783197123921,65.05788737505009,23.232233235620953,30.706070298225562,39.8877785067433,16.515991810519075,24.65962801498253,32.26819076238514,34.48762322865263,41.15961762370191,60.51772155082541,66.15047745108528,25.305121511018502,33.59852902897551,38.96894062344988,41.12816926325891,66.04450037814347,0.0,9.501729708983596
9.54322197845514,34.49713632603581,46.881121743930315,55.419313456175665,70.57279841804447,119.82738843595547,34.89011157415791,56.977462735903444,29.07277830326158,41.183192591754135,46.21413211186624,71.74469265149203,94.84470529335492,37.25028735304921,50.12572674974273,54.96218538277997,69.7712591959075,28.382737407816542,35.43270605299884,43.7832749295971,51.85095295448986,56.08740921227048,77.87092267645886,91.06229400661378,27.44145077720207,27.162517046747293,65.09469456901354,23.233538336780494,30.71246128485233,39.921574688428535,16.480283572443334,24.6596653038501,32.3032605241604,34.52224310937473,41.22507329458414,60.540913460463884,66.19378025516158,25.30789411385818,33.63726925829075,39.01662397910743,41.1515019691002,66.0979405623759,0.0,9.54322197845514
9.584714247926684,34.48477884305906,46.918822668330115,55.451666476409144,70.64325776234476,119.86520170788482,34.89343474941919,57.015631830113705,29.04419272546721,41.18551844772527,46.2500679793197,71.77866285565626,94.88404348250359,37.25730245823987,50.16981443766496,55.004131564666025,69.80268702932315,28.349834576620626,35.434246234409635,43.82557754234992,51.87912692248382,56.124104570563524,77.93148105908027,91.09189541262374,27.44145077720207,27.16719303769734,65.13151084753504,23.23483594660375,30.718807707387537,39.95542292554161,16.444549259674687,24.65970318107374,32.33827978516605,34.55688638183841,41.29046420550986,60.56419145267463,66.23711433198697,25.310647138457394,33.67599645969782,39.06427154602727,41.1747964353856,66.15148738105056,0.0,9.584714247926684
9.626206517398229,34.47236588116195,46.956513573081665,55.48358198399835,70.71416457523843,119.90307052243384,34.89674647527144,57.053812373733,29.01555768966975,41.18777768029901,46.286088548378956,71.81266114285835,94.92338496840904,37.26429072519864,50.21358534917808,55.046295591769905,69.83424063216204,28.31690121327601,35.43578356624385,43.867878505620155,51.90721210978089,56.16083411312994,77.99205665819846,91.12156922976845,27.44145077720207,27.171859967142566,65.16833618756137,23.236126127056284,30.725109929618363,39.989322792329794,16.40878908891573,24.659741652755187,32.37324816099486,34.59155327052733,41.35578998399391,60.58755577990433,66.28047973871918,25.313380805190747,33.714710335578744,39.111882979040374,41.198053368972374,66.20514054972261,0.0,9.626206517398227
9.667698786869773,34.4598977274423,46.99419422926117,55.51506374517486,70.78551499252225,119.94099491939976,34.90004680568386,57.092004312792135,28.986873416662704,41.18997191972913,46.32219211815802,71.84668737056909,94.96272974343928,37.27125229894493,50.257039545957134,55.088676879778056,69.86592038204319,28.283937542195392,35.437318031817846,43.91017780802036,51.93520867597429,56.197597715267314,78.05264902451728,91.15131567611148,27.44145077720207,27.176517858071186,65.20517056610429,23.237408939448667,30.731368312840992,40.02327386618633,16.373003274078958,24.659780724446705,32.40816527071442,34.626243998443314,41.4210502586034,60.61100669408576,66.32387653332414,25.316095331031562,33.75341058861907,39.15945791388829,41.221273500115316,66.25889978273678,0.0,9.66769878686977
9.709191056341318,34.4473746650424,47.03186440355842,55.546115577805935,70.8573051060239,119.97897493925579,34.903335794321926,57.13020759362562,28.958140126429015,41.19210275818138,46.358377025796365,71.88074139710753,95.00207779998705,37.27818732331395,50.30017718456603,55.13127475195176,69.89772665530614,28.250943785072867,35.43884961508834,43.952475438617654,51.963116784486395,56.23439524999638,78.11325770681427,91.18113497171427,27.44145077720207,27.181166733406574,65.24201396024044,23.238684444444736,30.737583215853217,40.05727572764959,16.337192026334495,24.659820401175057,32.44303073692739,34.660958787000936,41.48624465895979,60.6345444466094,66.36730477457581,25.31879092961732,33.79209692172888,39.2069959660596,41.24445758361769,66.31276479325369,0.0,9.709191056341318
9.750683325812862,34.434796973213686,47.06952385828289,55.576741348509906,70.92953096641332,120.01701062315293,34.90661349454922,57.16842216286987,28.929358038140656,41.19417175051107,46.394641645686804,71.91482308163582,95.04142913047004,37.285095940973825,50.34299851611336,55.17408843949604,69.92965982696934,28.217920160929502,35.44037830063673,43.9947713869203,51.990936602501606,56.27122658810372,78.17388225193713,91.21102733864731,27.44145077720207,27.185806616007437,65.27886634711113,23.23995270206973,30.74375499494791,40.091327960401436,16.301355554156764,24.659860687464725,32.47784418583282,34.695697855922404,41.55137281574196,60.65816928829441,66.41076452205598,25.32146781131358,33.830769037964636,39.254496729546595,41.26760640006242,66.36673529327614,0.0,9.750683325812862
9.792175595284405,34.422164927380294,47.107172351366316,55.6069449698044,71.00218858598616,120.05510201292168,34.90987995942927,57.20664796746134,28.900527370158315,41.19618041503617,46.43098438870821,71.94893228415424,95.08078372733053,37.291978293442256,50.38550388575395,55.21711708208364,69.96172027068737,28.184866886157984,35.441904073654875,44.03706564286465,52.018668300899044,56.30809159818533,78.23452220480047,91.24099300100013,27.44145077720207,27.190437528667974,65.31572770392214,23.24121377171832,30.749884003907503,40.125430151264794,16.265494063370255,24.65990158735989,32.512605247288136,34.73046142313312,41.616434360690135,60.68188146935968,66.454255836154,25.32412618327646,33.869426640452076,39.30195977551507,41.29072075713059,66.42081099367533,0.0,9.792175595284405
9.833667864755947,34.40947879920208,47.144809636362325,55.6367303972913,71.07527394141545,120.09324915107392,34.91313524172737,57.2448849546348,28.87164834003104,41.19813023430483,46.467403701463546,71.98306886549572,95.12014158303543,37.29883452110298,50.42769373203802,55.26035972853232,69.99390835870851,28.151784174566302,35.44342691993024,44.07935819680245,52.04631205418443,56.34499014669078,78.29517710838233,91.2710321848921,27.44145077720207,27.195059494118045,65.3525980079436,23.24246771216252,30.755970593999272,40.15958189020037,16.22960775719438,24.659943104445787,32.54731355487201,34.765249704657734,41.681428926610664,60.70568123939415,66.49777877806667,25.32676624951378,33.90806943230996,39.34938465088102,41.313801491013905,66.47499160421708,0.0,9.833667864755947
9.875160134227492,34.39673885663586,47.18243546244256,55.6661016268803,71.14878297646771,120.13145208080475,34.91637939391234,57.28313307192138,28.842721164495888,41.20002265585631,46.50389806552417,72.01723268732118,95.15950269007611,37.305664763221685,50.46956858611024,55.30381533763313,70.02622446183143,28.118672237420512,35.44494682583183,44.12164903948876,52.073868040421765,56.381922097968186,78.35584650372118,91.30114511848261,27.44145077720207,27.199672535023332,65.38947723650986,23.243714581559463,30.76201511397156,40.19378277030268,16.193696836287355,24.65998524186907,32.58196874594791,34.80006291451699,41.74635614738166,60.72956884732671,66.54133340979787,25.329388210944774,33.9466971165748,39.39677087678596,41.336849467928744,66.52927683358759,0.0,9.87516013422749
9.916652403699036,34.383945363996084,47.22004957439005,55.695062692055565,71.2227116046811,120.16971084599457,34.91961246815834,57.32139226714691,28.813746059477726,41.20185909297506,46.540465996681796,72.05142361211402,95.19886704096815,37.31246915796159,50.51112907076147,55.347482779126395,70.05866894936165,28.085531283486638,35.44646377829641,44.16393816206985,52.10133644116461,56.41888731430958,78.41652992991288,91.33133203198109,27.44145077720207,27.20427667398551,65.42636536701923,23.244954437459114,30.76801791005077,40.22803238779537,16.157761498789267,24.66002800235733,32.61657046172779,34.834901264625316,41.81121565795951,60.75354454139601,66.58491979415855,25.331992265458542,33.9853093961264,39.444117946962876,41.35986558574049,66.58366638941976,0.0,9.916652403699034
9.958144673170581,34.37109858201414,47.25765171258917,55.723617661187525,71.29705571200215,120.20802549121059,34.922834516346676,57.35966248843012,28.78472324008887,41.20364092543632,46.57710604420785,72.08564150317522,95.23823462825158,37.31924784239875,50.552375899336646,55.39136083482284,70.09124218906746,28.052361519071713,35.44797776481476,44.20622555607183,52.12871744138714,56.455885655997186,78.47722692410754,91.36159315765705,27.44145077720207,27.2088719335424,65.46326237693388,23.24618733681181,30.77397932593923,40.26233034202575,16.12180194036421,24.660071388237853,32.65111834733653,34.86976496468926,41.87600709438613,60.77760856911971,66.62853799476628,25.334578607971164,34.02390597361421,39.49142532598377,41.38285077570654,66.63815997831857,0.0,9.958144673170581
9.999636942642125,34.35819876789702,47.29524161301287,55.75177063489246,71.3718111593787,120.24639606170865,34.92604559006754,57.397943684180795,28.75565292062888,41.20536950024308,46.613816790122065,72.11988622461845,95.2776054444904,37.32600095253704,50.59330987450293,55.43544819986495,70.1239445471355,28.019163148063935,35.44948877341874,44.24851121338954,52.15601122941468,56.49291698135005,78.53793702150656,91.39192872984981,27.44145077720207,27.213458336168152,65.50016824377967,23.247413335975768,30.779899702813804,40.296676235458776,16.085818354241617,24.660115401455712,32.685612051876205,34.90465422210694,41.940730093797185,60.801761177263224,66.67218807604523,25.337147430481558,34.062486551384545,39.53869244737867,41.40580600434865,66.692757305887,0.0,9.999636942642125
10.041129212113669,34.34524617538454,47.33281900720687,55.77952574344273,71.44697378530626,120.28482260343556,34.929245740621774,57.43623580309812,28.726535314584343,41.207046132354186,46.650596848469746,72.15415764136499,95.31697948227276,37.33272862332263,50.63393188688205,55.4797434841247,70.15677638812564,27.985936371972095,35.45099679266802,44.29079512627551,52.18321799685456,56.52998114677109,78.59865975536027,91.42233898497803,27.44145077720207,27.21803590427339,65.53708294514598,23.248632490724404,30.78577937932525,40.33106967367024,16.049810931256733,24.660160043590896,32.72005122849071,34.93956924186858,42.005384294430876,60.82600261180852,66.715870103226,25.33969892212615,34.101050831408564,39.58591871161549,41.42873227546482,66.7474580767516,0.0,10.041129212113672
10.082621481585212,34.3322410548058,47.37038362227084,55.80688714422949,71.52253940832573,120.32330516303026,34.93243501902265,57.47453879416879,28.697370634628676,41.20867210540208,46.687444864609326,72.1884556191385,95.35635673421051,37.33943098865829,50.67424291355262,55.52424521373265,70.18973807492607,27.952681389964052,35.45250181163756,44.333077287329616,52.21033793852616,56.56707800679478,78.6593946569646,91.45282416154895,27.44145077720207,27.22260466020538,65.57400645868553,23.24984485625362,30.79161869159837,40.36551026533944,16.013779859890285,24.660205315875096,32.75443553443015,34.974510226458065,42.069969335637865,60.850333117921984,66.75958414234502,25.34223326923228,34.13959851521089,39.633103483928764,41.45163063229301,66.80226199458782,0.0,10.082621481585214
10.124113751056758,34.3191836531348,47.40793518083688,55.833859019280254,71.59850382947022,120.36184378782612,34.93561347599758,57.5128526066654,28.66815909262197,41.21024867240071,46.72435951450954,72.22278002446042,95.39573719293956,37.346108181417435,50.7142440164269,55.56895183273258,70.22282996870733,27.919398398904583,35.45400381990517,44.37535768948878,52.237371252391235,56.60420741413509,78.72014125565919,91.48338450016783,27.44145077720207,27.227164626248207,65.61093876211426,23.25105048718895,30.79741797323282,40.3999976222412,15.977725326307404,24.660251219207343,32.788764631115185,35.009477375755864,42.13448485789162,60.87475293992233,66.8033302602449,25.344750655370497,34.178129303799125,39.68024609198451,41.47450215983929,66.85716876214553,0.0,10.12411375105676
10.165606020528301,34.30607421404486,47.44547340104504,55.86044557283272,71.6748628346591,120.40043852585266,34.938781161989866,57.55117719014466,28.63890089961084,41.211777056442564,46.76133950405767,72.25713072464484,95.43512085111935,37.35276033345765,50.753936340508425,55.6138617048565,70.25605242887629,27.88608759339235,35.455502807539474,44.41763632601716,52.26431813948416,56.641369219733654,78.78089907882462,91.51402024354667,27.44145077720207,27.231715824622928,65.64787983321108,23.252249437592614,30.803177555304618,40.43453135923728,15.94164751439568,24.66029775416949,32.82303818420096,35.044470886943124,42.198930502799776,60.899262321247974,66.8471085245738,25.347251261405646,34.21664289759391,39.7273458233668,41.49734798738477,66.912178081274,0.0,10.165606020528303
10.207098289999845,34.29291297796223,47.48299799651612,55.886651028967385,71.7516121970375,120.43908942583741,34.94193812716042,57.58951249444564,28.609596265828348,41.21325845138503,46.79838356837842,72.2915075877936,95.47450770143293,37.35938757563415,50.79332111203641,55.658973115413325,70.28940581302963,27.852749165796173,35.45699876508794,44.459913190496486,52.291178803841845,56.67856327280862,78.8416676518803,91.54473163651292,27.44145077720207,27.236258277487735,65.68482964981781,23.25344176097046,30.808897766368336,40.46911109426728,15.905546605802542,24.6603449210408,32.85725586364072,35.07949095440743,42.263305913116284,60.92386150442398,66.89091900378526,25.34973526554693,34.25513899635977,39.774401922870794,41.52016929118667,66.96728965294714,0.0,10.207098289999847
10.248590559471388,34.27970018211874,47.52050867632164,55.91247962929926,71.82874767925959,120.47779653720757,34.945084421389474,57.627858469688135,28.580245400693915,41.2146940225251,46.83549047116403,72.32591048279153,95.51389773658687,37.365990037812786,50.83239963652336,55.70428427328515,70.32289047690686,27.819383306290568,35.4584916835654,44.50218827681666,52.31795345243406,56.715789420903214,78.90244649828233,91.57551892601825,27.44145077720207,27.240792006938136,65.72178818983895,23.25462751027883,30.8145789324599,40.50373644833888,15.869422779971883,24.66039271981199,32.89141734374875,35.11453776964971,42.32761073275399,60.94855073102881,66.93476176713806,25.35220284339678,34.29361729913643,39.821413589585205,41.542967297390675,67.02250317728837,0.0,10.24859055947139
10.290082828942934,34.26643606060358,47.558005144951174,55.93793563073128,71.90626503571481,120.51655991009216,34.9482200942783,57.66621506627085,28.550848512813264,41.21608490726296,46.87265900401582,72.3603392793014,95.55329094931108,37.37256784888288,50.87117329669285,55.74979331302382,70.35650677434323,27.785990202890574,35.45998155444262,44.544461579166786,52.34464229509348,56.753047509935094,78.96323513952163,91.6063823611464,27.44145077720207,27.245317035007087,65.75875543124155,23.255806737931323,30.82022137710003,40.53840704551779,15.833276214179902,24.660441150198707,32.92552230326286,35.149611521192995,42.39184460679842,60.9733302416605,66.97863688469597,25.354654167998778,34.332077504171025,39.868379973745505,41.565743285172935,67.07781835359539,0.0,10.290082828942934
10.331575098414477,34.253120844414184,47.59548710227697,55.96302330326934,71.98416001469508,120.55537959532356,34.95134519515087,57.704582234869825,28.521405809978468,41.217432215753654,46.90988798579752,72.39479384775925,95.59268733235872,37.37912113676972,50.90964355032426,55.79549829704155,70.39025505722189,27.75257004148585,35.46146836963538,44.58673309202644,52.37124554444607,56.7903373842454,79.02403309512202,91.6373221931216,27.44145077720207,27.249833383665184,65.79573135205499,23.256979495805457,30.825825421298305,40.57312251291693,15.797107083570333,24.660490211654533,32.95957042540581,35.18471239449282,42.45600718152198,60.998200275902654,67.02254442732742,25.35708940988443,34.370519308850575,39.91530017333757,41.58849859013226,67.13323488036501,0.0,10.331575098414477
10.373067367886023,34.23975476150627,47.632954243515826,55.98774692790097,72.06242836050266,120.59425564443956,34.954459773055575,57.74295992643666,28.491917499167908,41.21873703154711,46.94717626199995,72.42927405936938,95.63208687850629,37.38565002844683,50.94781192801194,55.841397217887305,70.42413567542596,27.719123005874163,35.462952121493494,44.629002810157054,52.39776341584124,56.82765888664812,79.08483988263899,91.66833867531591,27.44145077720207,27.254341074820804,65.83271593037091,23.258145835249223,30.83139138355773,40.60788248068529,15.760915561188904,24.66053990338335,32.99356139794614,35.21984057184921,42.5200981043989,61.02316107228983,67.06648446670539,25.35950873711902,34.40894240963527,39.96217323042962,41.611234607954685,67.18875245531736,0.0,10.373067367886021
10.414559637357566,34.226338036843025,47.67040625918833,56.01211079453763,72.1410658154975,120.63318810968504,34.95756387676687,57.78134809219691,28.462383786546386,41.2200004122162,46.98452270411806,72.46377978609995,95.67148958055317,37.39215464994798,50.985680030846,55.88748800060262,70.4581489767901,27.68564927779413,35.46443280279041,44.671270728593406,52.42419612728267,56.865011858479605,79.14565501765779,91.69943206325708,27.44145077720207,27.258840130320298,65.86970914434296,23.2593058070876,30.836919579879915,40.642686581996266,15.724701818017168,24.660590224351292,33.02749491325774,35.25499623232076,42.58411702412111,61.04821286827288,67.11045707530695,25.361912315346444,34.447346501992314,40.00899812720763,41.63395279837515,67.24437077542063,0.0,10.414559637357565
10.45605190682911,34.21287089244325,47.70784283507565,56.03611920002176,72.22006812208316,120.67217704401382,34.96065755478698,57.819746683648354,28.43280487746519,41.2212233899726,47.02192620903955,72.49831090067777,95.71089543132173,37.3986351263789,51.02324952802236,55.933768505148365,70.49229530705169,27.652149036957397,35.46591040671265,44.71353684263605,52.450543899358856,56.90239613964796,79.20647801379282,91.73060261463557,27.44145077720207,27.263330571948117,65.90671097218669,23.260459461628898,30.842410323770793,40.67753445303563,15.68846602300565,24.660641173298238,33.06137066837852,35.29017955164037,42.64806359061449,61.073355900183635,67.15446232641311,25.364300307833062,34.48573128033007,40.055773781687535,41.65665468946266,67.30008953691505,0.0,10.456051906829108
10.497544176300654,34.19935354742915,47.745263652173385,56.059776446199,72.29943102463163,120.71122250109066,34.96374085534748,57.85815565255939,28.403180976462252,41.22240697227081,47.05938569844569,72.53286727658389,95.7503044236573,37.40509158192883,51.06052215438963,55.98023652889564,70.52657500980183,27.61862246108012,35.467384926849824,44.75580114784305,52.47680695517431,56.9398115686826,79.26730838268612,91.76185058931141,27.44145077720207,27.267812421427006,65.94372139217934,23.26160684867109,30.84786392624682,40.712425732988955,15.652208343106352,24.660692748748712,33.0951883650677,35.32539070213317,42.711937455056194,61.09859040319949,67.19850029410858,25.366672875510652,34.52409643793296,40.102499043074985,41.679341882258974,67.35590843533693,0.0,10.497544176300652
10.539036445772199,34.185786218072714,47.782668386643266,56.08308683805569,72.37915027134547,120.7503245352929,34.96681382641105,57.89657495096736,28.373512287262287,41.22355214240011,47.09690011822413,72.56744878804868,95.78971655042784,37.411524139881784,51.09749970794037,56.0268898091725,70.56098842643591,27.585069725913833,35.46885635718482,44.79806364002261,52.50298552028061,56.97725798278359,79.32814563400714,91.79317624932109,27.44145077720207,27.272285700418152,65.98074038265973,23.262748017508006,30.85328069584168,40.74736006402873,15.615928943304619,24.66074494902247,33.12894770986178,35.36062985263659,42.77573826989231,61.12391661130728,67.2425710532814,25.369030177018434,34.56244166689684,40.14917268673976,41.70201605580281,67.41182716554289,0.0,10.539036445772197
10.580528715243743,34.17216911784186,47.82005670976181,56.106054681922004,72.4592216160582,120.7894832017123,34.969876515673,57.93500453117696,28.343799012777012,41.2246598600642,47.13446843789355,72.60205531004726,95.82913180452408,37.41793292262758,51.134184047254564,56.07372602585937,70.5955358961037,27.551491005275786,35.47032469208395,44.84032431522551,52.52907982260813,57.014735217871156,79.38898927545158,91.82457985888365,27.44145077720207,27.276750430521336,66.0177679220281,23.263883016935463,30.858660938613475,40.78233709130102,15.579627986650424,24.660797772244646,33.162648414129286,35.39589716842227,42.83946568885638,61.14933475726711,67.28667467962245,25.371372368744172,34.60076665806457,40.1957934087701,41.72467897257478,67.46784542173326,0.0,10.580528715243739
10.622020984715284,34.158502457445394,47.85742828786687,56.12868428374117,72.53964081997194,120.82869855615702,34.972928970562975,57.97344434575853,28.314041355105374,41.225731061949006,47.17208965004065,72.63668671829491,95.86855017885928,37.42431805167264,51.170577088902704,56.12074280402519,70.63021775565932,27.51788647107859,35.47178992628774,44.882583169738155,52.555090092398004,57.05224310863487,79.4498388127419,91.85606168440678,27.44145077720207,27.281206633275126,66.05480398874586,23.26501189525731,30.864004958152385,40.8173564629118,15.543305634288991,24.66085121635535,33.19629019412369,35.43119281112061,42.90311936698863,61.174845072575884,67.33081124962563,25.373699604864466,34.63907110096248,40.242359820067584,41.7473324844026,67.52396289747593,0.0,10.622020984715288
10.663513254186828,34.14478644487748,47.894782782301284,56.15097994740375,72.62040365333279,120.86797065515324,34.97597123824653,58.01189434754652,28.284239515533844,41.22676666227856,47.20976276976853,72.67134288924221,95.90797166636915,37.43067964765064,51.206680804815996,56.16793771659695,70.66503433961086,27.48425629335936,35.47325205490147,44.92484020007539,52.581016562134245,57.089781488582744,79.51069374962647,91.88762199449253,27.44145077720207,27.28565433015701,66.09184856133552,23.26613470029137,30.86931305558872,40.85241782991295,15.506962045490864,24.660905279119163,33.229872771034984,35.466516938647274,42.9666989606557,61.200447787430036,67.37498084058694,25.37601203738409,34.67735468373694,40.28887043994003,41.76997853886851,67.5801792857297,0.0,10.66351325418683
10.705005523658375,34.13102128546105,47.93211984935428,56.17294597314785,72.70150589704437,120.90729955594716,34.97900336562676,58.05035448963784,28.25439369453671,41.22776755335867,47.2474868341576,72.70602370007067,95.94739626001171,37.43701783033288,51.24249721963146,56.215308287055066,70.69998598006971,27.45060064030824,35.47471107338637,44.967095402973825,52.6068594664767,57.12735019009025,79.5715535878804,91.91926105994266,27.44145077720207,27.290093542583563,66.12890161838051,23.267251479375325,30.87458552960145,40.88752084628781,15.4705973776814,24.660959958133926,33.26339587103934,35.50186970513232,43.03020412757116,61.22614313068836,67.41918353060458,25.378309816174664,34.71561709309138,40.335323689145866,41.79261918626593,67.63649427886756,0.0,10.705005523658375
10.746497793129919,34.11720718189093,47.96943914020011,56.19458665602436,72.78294334421881,120.94668531650672,34.98202539934588,58.08882472539025,28.22450409177644,41.22873460610901,47.285260901737566,72.74072902868802,95.98682395276741,37.443332718638416,51.27802840801854,56.262851992147475,70.73507300669932,27.416919678296473,35.476166977550655,45.00934877538518,52.63261904219398,57.16494904444899,79.63241782730572,91.95097915376356,27.44145077720207,27.294524291910633,66.16596313852499,23.268362279372496,30.879822676427114,40.92266516893652,15.434211786469685,24.661015250839398,33.296859225347134,35.53725126085168,43.09363452681657,61.25193132983449,67.46341939857834,25.3805930890123,34.75385801422402,40.38171788233867,41.81525658715668,67.6929075686999,0.0,10.746497793129919
10.787990062601462,34.10334433427571,48.00674030083435,56.215906284427014,72.86471180166666,120.98612799552333,34.98503738578684,58.12730500842084,28.19457090610406,41.22966867058345,47.32308405197166,72.77545875372364,96.02625473763872,37.44962443064415,51.31327649199493,56.31056626461508,70.77029574666422,27.383213571903823,35.47761976354098,45.05160031446983,52.65829552809729,57.20257788191528,79.6932859657324,91.98277655117113,27.44145077720207,27.298946599433467,66.20303310047369,23.269467146677556,30.885024789869114,40.95785045766102,15.397805425676898,24.661071154525438,33.33026257024887,35.5726617521611,43.15698981886325,61.27781261093864,67.5076885242093,25.382862001614676,34.79207713076556,40.42805121985587,41.83789302058433,67.74941884649733,0.0,10.787990062601462
10.829482332073006,34.089432940179364,48.044022972007625,56.23690913868664,72.94680709132564,121.02562765241399,34.98803937107486,58.16579529260435,28.164594335559624,41.2305705764787,47.36095538475202,72.81021275452412,96.06568860765019,37.45589308359452,51.34824363823823,56.358448495922055,70.80565452457817,27.34948248394553,35.47906942783401,45.093850017590775,52.68388916497439,57.24023653175829,79.75415749901919,92.01465352959472,27.44145077720207,27.303360486386897,66.24011148299181,23.270566127222175,30.890192161307365,40.993076375149684,15.361378447364121,24.661127666339954,33.36360564715945,35.6081013214328,43.22026966559457,61.30378719861941,67.55199098799933,25.38511669767715,34.83027412471759,40.47432177879041,41.86053089300527,67.80602780301354,0.0,10.829482332073006
10.870974601544551,34.07547319466182,48.081286789156835,56.25759948972924,73.02922505162877,121.06518434732274,34.99103140107908,58.2042955320717,28.13457457737258,41.231441133631435,47.398874019906664,72.84499091114868,96.10512555584837,37.46213879391112,51.382932055400055,56.40649603898392,70.84114966245258,27.315726575498733,35.48051596722821,45.136097882307354,52.709400195524275,57.27792482230802,79.81503192105512,92.04661036868146,27.44145077720207,27.307765973945497,66.27719826490475,23.27165926648055,30.89532507970838,41.02834258696185,15.32493100185967,24.66118478329648,33.39688820266015,35.64357010699462,43.28347373032897,61.329855316005016,67.59632687125092,25.38735731890825,34.86844867639122,40.52052750327869,41.883172748004085,67.86273412850785,0.0,10.870974601544553
10.912466871016095,34.061465290319155,48.11853138233387,56.277981597797,73.11196153881285,121.10479814112274,34.994013521414,58.24280568120832,28.10451182796238,41.23228113250423,47.436839096717804,72.87979310436471,96.14456557530173,37.46836167720217,51.417343991428965,56.45470621088697,70.87678147964418,27.28194600592843,35.48195937883568,45.17834390636931,52.73482886429228,57.31564258100281,79.87590872376127,92.07864735029943,27.44145077720207,27.312163083223734,66.31429342509806,23.27274660947492,30.900423831635546,41.06364876151186,15.288463237785823,24.661242502281418,33.43010998853844,35.679068243071875,43.34660167784347,61.35601718469447,67.64069625606649,25.38958400506436,34.90660046434608,40.56666619393158,41.905821276866426,67.91953751276783,0.0,10.912466871016097
10.953959140487639,34.047409417322704,48.155756376131855,56.2980597112316,73.19501242816769,121.1444690954179,34.99698577744116,58.28132569465269,28.074406282938963,41.23309134466014,47.47484977345113,72.9146192156432,96.18400865910047,37.47456184827164,51.45148173090875,56.50307629559353,70.91255029280299,27.248140932912904,35.48339966007456,45.2205880877113,52.76017541760612,57.35338963443684,79.93678739709289,92.11076475854081,27.44145077720207,27.316551835276133,66.35139694251721,23.273828200780915,30.90548870125991,41.09899457005303,15.251975302085151,24.661300820061065,33.46327076182592,35.71459585973203,43.40965317439788,61.3822730247181,67.68509922534804,25.391796893983713,34.94472916532974,40.612735496329684,41.92847933008809,67.9764376451313,0.0,10.95395914048764
10.995451409959182,34.033305763458124,48.192961389608904,56.31783806531897,73.27837361522718,121.18419727254484,34.99994821427061,58.31985552729479,28.044258137103352,41.233872523226495,47.512905226896095,72.94946912715457,96.2234548003565,37.480739421128426,51.48534759241728,56.55160354662629,70.9484564158195,27.21431151246867,35.4848368086611,45.26283042444713,52.7854401035119,57.3911658084066,79.9976674290414,92.14296287972482,27.44145077720207,27.32093225109745,66.38850879616743,23.274904084532952,30.910519970371112,41.13437968666134,15.215467340046247,24.661359733288286,33.496370284833674,35.75015308283211,43.472627887759515,61.40862305449785,67.72953586279667,25.39399612161964,34.98283445421732,40.6587328884965,41.95114992990674,68.03343421450845,0.0,10.995451409959184
11.036943679430728,34.01915451416304,48.23014603620929,56.33732088119439,73.36204101690295,121.22398273557448,35.00290087676244,58.35839513427451,28.01406758444824,41.2346254033473,47.551004651917154,72.98434272176402,96.2629039922033,37.48689450899515,51.51894392591204,56.600285189726755,70.98450015977225,27.180457898975003,35.48627082260228,45.30507091486429,52.81062317171126,57.428970927957714,80.05854830563742,92.17524200239981,27.44145077720207,27.325304351622812,66.42562896511362,23.275974304429422,30.91551791838872,41.1698037882188,15.17893949532904,24.661419238508895,33.52940832518557,35.78574003396894,43.5355254872284,61.4350674908076,67.77400625291207,25.396181822073228,35.020916003951584,40.70465566725671,41.97383628394926,68.09052690940405,0.0,11.036943679430728
11.078435948902271,34.004955852564734,48.267309923682284,56.356512364807514,73.44601057256162,121.26382554831414,35.00584380952834,58.396944470980145,27.98383481815871,41.23535070262577,47.58914726101555,73.01923988302725,96.30235622779588,37.49302722431686,51.55227311014716,56.64911842548229,71.02068183287446,27.146580245197963,35.48770170018843,45.34730955741872,52.83572487349899,57.46680481743071,80.1194295109541,92.20760241734507,27.44145077720207,27.329668157727905,66.46275742848006,23.277038903737925,30.92048282237379,41.20526655439678,15.14239190998961,24.661479332167946,33.56238465584896,35.82135683043222,43.5983456436633,61.461606548732654,67.81851048099203,25.3983541276252,35.058973485483264,40.750500933379165,41.996541800094604,68.14771541793876,0.0,11.078435948902271
11.119928218373815,33.99070995951681,48.30445265399836,56.375416705945646,73.53027824504665,121.303725775309,35.00877705693309,58.43550349304693,27.953560030612845,41.23604912155532,47.627332283901346,73.05416049518604,96.34181150031068,37.49913767876972,51.58533755012719,56.69810043191718,71.05700174042133,27.11267870231396,35.489129439986044,45.38954635072972,52.86074546170124,57.50466730050677,80.18031052711005,92.24004441757234,27.44145077720207,27.334023690229092,66.49989416545043,23.278097925300354,30.925414957040708,41.24076766763897,15.105824724504537,24.661540010615454,33.59529905516313,35.85700358516065,43.661088029508065,61.488240441629216,67.8630486331318,25.400513168767187,35.09700656771169,40.79626557539732,42.01927010266005,68.20499942787094,0.0,11.119928218373815
11.161420487845358,33.9764170136354,48.34157382326287,56.394038077314484,73.61484002164569,121.3436834818442,35.0117006630961,58.47407215635548,27.923243413382526,41.23672134394125,47.6655589670762,73.08910444316399,96.3812698029454,37.505225983269234,51.61813967460189,56.7472283670425,71.09346018473644,27.078753419932962,35.49055404083096,45.4317812935748,52.88568519061456,57.542558200252714,80.24119083427371,92.2725682983266,27.44145077720207,27.338370969883623,66.53703915526744,23.27915141153795,30.930314594769335,41.27630681314429,15.069238077794807,24.66160127011231,33.62815130686516,35.8926804067008,43.723752318818576,61.5149693810837,67.90762079622371,25.402659074232368,35.13501491742575,40.84194625199216,42.04202505002518,68.2623786266179,0.0,11.161420487845358
11.202912757316906,33.96207719133465,48.37867302162732,56.41238063367551,73.6996919150049,121.38369873394642,35.01461467189283,58.512650417030294,27.89288515723417,41.23736803731135,47.70382657342583,73.12407161256216,96.42073112891899,37.51129224797858,51.65068193360638,56.79649937136127,71.13005746511847,27.044804546121146,35.491975501821216,45.474014384884896,52.910544315945444,57.580477339165725,80.30206991066737,92.30517435708667,27.44145077720207,27.342710017389752,66.57419237723285,23.28019940445627,30.9351820056173,41.311883678849554,15.032632107249265,24.661663106835462,33.66094120011341,35.92838739916913,43.786338187290255,61.541793576871335,67.95222705795636,25.40479197102549,35.17299819924514,40.88753937281663,42.06481075381518,68.31985270127707,0.0,11.202912757316904
11.24440502678845,33.94769066686176,48.4157498331981,56.4304485110384,73.78482996399114,121.42377159838566,35.01751912695637,58.55123823143829,27.862485452129544,41.23798985331727,47.74213438182249,73.1590618896548,96.46019547147148,37.517336582316744,51.682966796050735,56.84591057032443,71.16679387778741,27.010832227423286,35.49339382231063,45.51624562373966,52.93532309475082,57.6184245392173,80.36294723257194,92.33786289356506,27.44145077720207,27.347040853386922,66.61135381070723,23.281241945650095,30.940017457332594,41.347497955411974,14.996006948747647,24.661725516883333,33.693668529508244,35.964124662217024,43.84884531228611,61.5687132369149,67.99686750681414,25.406911984452243,35.21095607556191,40.933041077633845,42.08763159977067,68.37742133864704,0.0,11.244405026788447
11.285897296259993,33.93325761233132,48.4528038359426,56.4482458259073,73.87025023450279,121.46390214267723,35.02041407167888,58.58983555618733,27.832044487226607,41.238587428125555,47.78048168673734,73.19407516138506,96.49966282386404,37.523359094966345,51.71499674736208,56.89545907673439,71.20366971583114,26.97683660888458,35.49480900190208,45.558475009362645,52.96002178537901,57.656399621896966,80.42382227433225,92.37063420970739,27.44145077720207,27.351363498455914,66.64852343510978,23.28227907630828,30.944821215366385,41.38314933619155,14.959362736683147,24.661788496280774,33.72633309511036,35.99989229099856,43.91127337286523,61.59572856724297,68.04154223207652,25.40901923814809,35.24888820648223,40.97844721363734,42.110492270435905,68.43508422524835,0.0,11.285897296259991
11.327389565731536,33.918778197759096,48.48983460159297,56.4657766745804,73.95594882023167,121.50409043508324,35.02329954921304,58.62844234812471,27.801562450880397,41.23916138279952,47.81886779786214,73.22911131536088,96.53913317937874,37.529359893881555,51.74677428718311,56.94514199309267,71.24068526915123,26.942817834072184,35.49622104044126,45.60070254111685,52.98464064741169,57.69440240825518,80.48469450836235,92.40348860969148,27.44145077720207,27.355677973119004,66.68570122991824,23.283310837218504,30.949593542885978,41.41883751723327,14.922699603984634,24.661852040983735,33.75893470245635,36.035690376141694,43.9736220498119,61.622839771947945,68.08625132381748,25.411113854106443,35.28679424976854,41.02375331081851,42.13339776980058,68.49284104734399,0.0,11.327389565731535
11.368881835203082,33.90425259109532,48.52684169554713,56.483045132500656,74.04192184337575,121.54433654461462,35.02617560247355,58.66705856433575,27.771039530643954,41.23971232367142,47.857292039740294,73.26417023985053,96.57860653131857,37.53533908629567,51.77830192712915,56.99495641388904,71.27784082440935,26.908776045096328,35.49762993801037,45.642928218500614,53.009179941606476,57.73243271894587,80.54556340515181,92.43642639992571,27.44145077720207,27.359984297840132,66.72288717466864,23.284337268772013,30.954334700788046,41.45456219724923,14.886017682138393,24.66191614688414,33.79147316257171,36.071519003722386,44.03589102566502,61.65004705314368,68.13099487290462,25.413195952706364,35.32467386078192,41.068954555246165,42.156353450029876,68.55069149095988,0.0,11.36888183520308
11.410374104674624,33.889680958257465,48.563824676767425,56.50005525365714,74.1281654553049,121.58464054103278,35.02904227413856,58.705684162142276,27.740475913269258,41.240240842705475,47.89575375140724,73.29925182377875,96.61808287300715,37.5412967787287,51.8095821886069,57.044899427829264,71.31513666497298,26.874711382631,35.499035694921986,45.68515204114288,53.03363992984023,57.770490374268256,80.60642843327214,92.4694478890468,27.44145077720207,27.364282493025055,66.76008124895527,23.285358410968232,30.95904494771197,41.49032307760064,14.849317101209515,24.661980809813944,33.82394829198116,36.10737825524158,44.0980799847482,61.67735061092316,68.17577297099857,25.415265652739624,35.36252669242468,41.11404576012694,42.17936504041386,68.60863524190526,0.0,11.410374104674622
11.451866374146167,33.875063463162085,48.60078309767657,56.516811070035054,74.21467583718079,121.62500249485137,35.0318996066511,58.744319099101276,27.709871784708238,41.24074751785204,47.93425228603949,73.33435595672228,96.6575621977889,37.547233076994736,51.84061760069676,57.09496811999945,71.35257307086152,26.840623985934343,35.50043831171329,45.72737400879934,53.05802087505327,57.80857519420813,80.66728905938395,92.50255338791725,27.44145077720207,27.368572579021503,66.79728343243036,23.286374303419368,30.963724540053416,41.5261198622796,14.812597989862867,24.662046025549692,33.85635991271614,36.14326820760553,44.1601886132002,61.704750643315656,68.22058571055217,25.41732307143728,35.40035239508335,41.15902133452443,42.202438678659036,68.66667198579248,0.0,11.451866374146165
11.49335864361771,33.86040026775676,48.63771650405118,56.53331659111403,74.30144920053206,121.66542247733804,35.03474764222059,58.782963333003345,27.6792273301138,41.24123291339276,47.972787010612784,73.36948252890586,96.69704449902882,37.553148086209205,51.871410698100874,57.14515957396487,71.39015031869216,26.80651399286858,35.50183778913991,45.769594121348156,53.082323041194414,57.84668699847856,80.72814474824395,92.53574320962207,27.44145077720207,27.372854576119327,66.83449370480407,23.287384985354926,30.968373731978037,41.561952257890965,14.775860475383718,24.662111789816375,33.888707852319826,36.17918893310914,44.222216599005925,61.732247346243646,68.26543318480984,25.419368324495686,35.438150616571825,41.20387524963025,42.22558094462814,68.72480140805686,0.0,11.493358643617709
11.534850913089256,33.84569153205098,48.674624434912666,56.54957580341247,74.38848178778593,121.7059005605162,35.03758642282413,58.821616821871345,27.6485427338409,41.241697580277254,48.01135730556847,73.40463143119817,96.73652977011241,37.559041910796076,51.901964019158214,57.19547087380188,71.42786868162563,26.772381539919706,35.50323412817056,45.81181237878624,53.10654669316663,57.88482560655996,80.78899496271393,92.56901766946486,27.44145077720207,27.377128504550694,66.87171204584426,23.288390495626178,30.972992775435323,41.597819973633975,14.739104683697926,24.662178098291342,33.92099194384931,36.21514049942219,44.28416363202781,61.75984091347971,68.31031548780633,25.421401526101985,35.475921002074806,41.24860100250541,42.24879889661026,68.78302319397648,0.0,11.534850913089256
11.5763431825608,33.830937414146824,48.711506422415376,56.5655926700773,74.47576987275818,121.74643681716677,35.040415990208054,58.860279523958965,27.617818179447603,41.24214205645099,48.049962564488396,73.43980255510763,96.77601800444558,37.56491465449472,51.93228010392825,57.245899106061266,71.46572842931214,26.738226762216698,35.50462732998142,45.8540287812252,53.130692096773615,57.92299083773947,80.84983916376827,92.60237708496341,27.44145077720207,27.381394384490193,66.90893843537631,23.28939087271053,30.977581920172632,41.63372272128386,14.702330739391828,24.66224494660814,33.95321202587496,36.25112296957893,44.34602940403756,61.78753153660298,68.35523271436644,25.42342278895914,35.513663194091585,41.2931915772465,42.27210011016632,68.84133702869156,0.0,11.5763431825608
11.617835452032343,33.81613807026896,48.74836199173254,56.58137113051741,74.56330976110185,121.78703132082983,35.043236385889294,58.89895139774927,27.587053849696304,41.242566867175704,48.088602193778286,73.4749957927784,96.8155091954546,37.57076642036705,51.962361492344435,57.29644136166229,71.50372982783728,26.704049793550475,35.50601739595051,45.89624332888753,53.154759518667326,57.961182511149715,80.91067681050386,92.63582177584482,27.44145077720207,27.385652236055037,66.94617285328302,23.290386154715918,30.982141413749293,41.66966021517335,14.665538765731732,24.66231233035988,33.985367942477275,36.28713640197046,44.40781360874855,61.81531940495553,68.40018496010354,25.4254322243104,35.55137683238003,41.33763940358379,42.295492719543404,68.89974259722368,0.0,11.617835452032343
11.659327721503887,33.80129365479423,48.785190660939094,56.59691510007978,74.6510977907169,121.82768414580681,35.046047651156734,58.93763240195338,27.55624992655482,41.2429725253407,48.12727561235857,73.5102110369864,96.85500333658601,37.576597310804026,51.9922107224375,57.347094737716354,71.54187313966774,26.669850766392482,35.507404327652566,45.93845602210316,53.17874922629615,57.99940044580705,80.97150736014943,92.66935206403961,27.44145077720207,27.389902079305195,66.9834152795044,23.291376379385046,30.986671501550894,41.70563217217417,14.628728884683058,24.662380245102877,34.017459543241024,36.323180850340286,44.469515941848435,61.84320470559838,68.44517232141912,25.427429941963343,35.589061553900805,41.38193631298757,42.31898546158086,68.95823958449492,0.0,11.659327721503887
11.700819990975432,33.78640432028074,48.82199194089241,56.61222846976691,74.73913033212149,121.86839536716141,35.04884982707265,58.976322495508995,27.525406591197637,41.243359531767084,48.16598225136349,73.54544818113499,96.89450042130629,37.58240742753252,52.02183032863016,57.39785633928013,71.5801586235975,26.63562981191298,35.508788126853894,45.98066686130558,53.2026614878539,58.03764446064891,81.03233026807582,92.70296827367555,27.44145077720207,27.39414393424356,67.02066569403758,23.292361584099623,30.991172426803647,41.74163831167838,14.59190121692916,24.662448686359713,34.04948668324631,36.359256363782855,44.5311361010323,61.871187623267495,68.49019489550152,25.429416050313417,35.62671699276204,41.426073492455075,42.34258772193659,69.01682767534649,0.0,11.700819990975434
11.742312260446976,33.77147021749648,48.85876533511,56.62731510599414,74.8274037887865,121.90916506072205,35.05164295447412,59.015021637579075,27.49452402400715,41.243728375503984,48.2047215538476,73.58070711925146,96.93400044310242,37.58819687162182,52.05122284010246,57.44872328103716,71.61858653469345,26.601387059998956,35.51016879550712,46.02287584702854,53.22649657222998,58.07591437457074,81.09314498780682,92.73667073107059,27.44145077720207,27.398377820816094,67.05792407693659,23.293341805884552,30.995644430588857,41.77767835557978,14.55505588188979,24.66251764962259,34.08144922305746,36.395362986745255,44.59267378603599,61.899268340329435,68.53525278032501,25.431390656367032,35.664342780164084,41.47004143627258,42.3663095833383,69.07550655455785,0.0,11.742312260446978
11.78380452991852,33.7564914954474,48.89551033964477,56.64217885038549,74.91591459743434,121.94999330308332,35.05442707397432,59.053729787550424,27.46360240457494,41.24407953411726,48.24349297449982,73.6159877459826,96.973503395481,37.59396574349,52.080390779228615,57.49969268890898,71.65715712424196,26.567122639271748,35.51154633574639,46.06508297990268,53.250254748959904,58.11421000646206,81.15395097103081,92.77045976472539,27.44145077720207,27.402603758911994,67.09519040831223,23.294317081412025,31.000087751857517,41.8137520282552,14.518192997739218,24.662587130356147,34.11334702870902,36.431500759031465,44.65412869867019,61.92744703673692,68.58034607464876,25.433353865764158,35.701938544344664,41.51382989620763,42.39016187540494,69.13427590686459,0.0,11.783804529918521
11.825296799390063,33.74146830140514,48.932226442957585,56.65682351960744,75.00465922830374,121.99088017160763,35.057202225963934,59.09244690503235,27.43264191170308,41.24441347397096,48.28229597936489,73.6512899565911,97.01300927196877,37.59971414291037,52.1093366600846,57.55076170159465,71.69587063969456,26.532836677104406,35.51292074988248,46.107288260651906,53.27393628817709,58.1525311752419,81.21474766761249,92.80433570531486,27.44145077720207,27.406821768363862,67.1324646683319,23.29528744700557,31.004502627444957,41.84985905654576,14.48131268142408,24.66265712400042,34.14517997168881,36.4676697158101,44.7155005428545,61.95572388998421,68.6254748780158,25.43530578280056,35.73950391052431,41.55742783078729,42.414156225382825,69.19313541697719,0.0,11.825296799390065
11.866789068861609,33.72640078093419,48.96891312578722,56.67125290523826,75.09363418538103,122.03182574442697,35.05996845061256,59.13117294985527,27.40164272340548,41.24473065050137,48.32113004557155,73.68661364695139,97.0525180661121,37.60544216901759,52.138062987026494,57.601927472040096,71.7347273246146,26.498529299638665,35.51429204039815,46.149491690090386,53.29754146056529,58.190877699893655,81.27553452560598,92.83829888567911,27.44145077720207,27.411031868947823,67.16974683721949,23.29625293864408,31.008889292085605,41.88599916973814,14.444415048680852,24.6627276259736,34.17694792891899,36.503869887624646,44.77678902465203,61.984099075062176,68.67063929075177,25.437246510449537,35.77703850085213,41.60082335456966,42.43830510888828,69.25208476959877,0.0,11.86678906886161
11.908281338333152,33.71128907791875,49.005569861017555,56.685470773672684,75.18283600660021,122.07283010044468,35.062725787869965,59.16990788206941,27.37060501690928,41.24503150848444,48.35999466106816,73.72195871354586,97.09202977147726,37.611149920313935,52.16657225333875,57.65318716883711,71.77372741862366,26.464200631801702,35.515660209943434,46.19169326911942,53.321070537311954,58.2292493994991,81.33631099126795,92.87234964081391,27.44145077720207,27.41523408038372,67.20703689525514,23.29721359196577,31.01324797842778,41.922172099545826,14.407500214053075,24.662798631674683,34.20865078273385,36.540101300406725,44.83799385230454,62.01257276441354,68.71583941396383,25.43917615038325,35.814541934351745,41.64400368862434,42.462621899442105,69.31112364944308,0.0,11.908281338333154
11.949773607804696,33.696133334588865,49.04219611354217,56.699480866060085,75.2722612640118,122.11389331933712,35.065474277467494,59.20865166194342,27.339528968656246,41.2453164822962,48.39888932436462,73.75732505346089,97.1315443816501,37.61683749467522,52.19486693995183,57.704537977553144,71.81287115734789,26.429850797322533,35.51702526133104,46.23389299872405,53.34452379006243,58.267646093271885,81.3970765090717,92.90648830786003,27.44145077720207,27.41942842233524,67.24433482277516,23.298169442272048,31.017578917048617,41.95837758009025,14.370568290908192,24.662870136485868,34.240288420855556,36.576363975492235,44.899114736267414,62.04114512788756,68.76107534953958,25.441094802993664,35.85201382686781,41.68695511380735,42.48712091520966,69.37025174125219,0.0,11.949773607804698
11.991265877276243,33.68093369154657,49.07879134012621,56.713286898275186,75.36190656392294,122.1550154815553,35.06821395891938,59.24740424996308,27.308414754304195,41.24558599616642,48.43781354428122,73.79271256438321,97.17106189023612,37.62250498935678,52.222949514228304,57.75597710199242,71.85215877236523,26.39547991874818,35.51838719753228,46.27609087997029,53.36790149087499,58.30606760059007,81.4578305217219,92.9407152260921,27.44145077720207,27.423614914410095,67.28164060017184,23.29912052453137,31.02188233646897,41.99461534788211,14.333619391454171,24.66294213577515,34.27186073636709,36.612657929640164,44.96015138924556,62.069816332694984,68.8063472001455,25.443002567413053,35.88945379101254,41.7296629288538,42.51181746092355,69.42946872981398,0.0,11.991265877276243
12.032758146747787,33.66569028779123,49.115354989265626,56.726892560920064,75.4517685470089,122.19619666832652,35.07094487152409,59.28616560682992,27.277262548728544,41.24584046442602,48.47676683970369,73.82812114459581,97.21058229086026,37.628152500999306,52.25082242881628,57.80750176538967,71.89159049115209,26.36108811745956,35.51974602167242,46.31828691400199,53.391203912177,58.34451374102831,81.51857247016999,92.97503073690676,27.44145077720207,27.42779357616016,67.31895420789333,23.300066873383077,31.026158463168443,42.030885141802486,14.296653626755818,24.663014624898548,34.303367627682675,36.64898317505433,45.021103526229055,62.0985865433625,68.85165506922586,25.44489954153413,35.92686143611283,41.77211141581374,42.536727862463266,69.48877429997907,0.0,12.032758146747787
12.07425041621933,33.65040326074458,49.151886501043656,56.740301519356365,75.54184388839772,122.23743696165624,35.07366705436561,59.32493569345994,27.24607252602372,41.246080291747894,48.515748739344694,73.86355069297421,97.25010557716679,37.633780125634644,52.27848812056909,57.8591092115375,71.93116653703073,26.326675513687047,35.5211017370266,46.360481102038165,53.41443132672135,58.382984334389,81.57930179363046,93.00943518380963,27.44145077720207,27.431964427081617,67.3562756264434,23.301008523141075,31.0304075216004,42.06718670308407,14.259671106750757,24.66308759920224,34.33480899851603,36.68533971940752,45.081970864529595,62.12745592168742,68.89699906100135,25.44678582202981,35.96423636815769,41.81428381592003,42.561869491003264,69.54816813667847,0.0,12.07425041621933
12.115742685690874,33.63507274627538,49.188385306984586,56.75351741376612,75.63212929772907,122.27873644432955,35.076380546314766,59.36371447098233,27.214844859504762,41.246305873381836,48.554758781511374,73.89900110898292,97.28963174281954,37.639387958691344,52.305949009529876,57.910796705848504,71.97088712911685,26.292242226525847,35.522454347015746,46.40267344536979,53.437584007544466,58.42147920073299,81.64001792959749,93.0439289124021,27.44145077720207,27.436127486615156,67.39360483638141,23.301945507797587,31.034629734207062,42.10351977529244,14.222671940265178,24.663161054024823,34.36618475784587,36.721727565868584,45.142753123816775,62.15642462669209,68.94237928046779,25.44866150437251,36.00157818974588,41.856162319580335,42.58726077303677,69.60764992493992,0.0,12.115742685690874
12.15723495516242,33.6196988787238,49.224850829904874,56.766543859241025,75.72262151918828,122.3200951999129,35.079085386030556,59.40250190073807,27.183579721708885,41.24651759538324,48.59379651387877,73.93447229267122,97.32916078150137,37.64497609500037,52.333207497979956,57.96256153635384,72.01075248226708,26.257788373951012,35.52380385520264,46.44486394535744,53.46066222792466,58.459998160409434,81.70072031386267,93.07851227036664,27.44145077720207,27.440282774146066,67.43094181832204,23.302877861026776,31.038825321434622,42.139884104307235,14.185656235029311,24.663234984699148,34.397494819879384,36.758146713131936,45.20345002615499,62.18549281457812,68.9877958333944,25.45052668285323,36.03888650003417,41.89772807480469,42.61292118196468,69.6672193499048,0.0,12.157234955162416
12.198727224633961,33.60428179092508,49.26128248376155,56.779384445897904,75.8133173315167,122.36151331275583,35.0817816119614,59.44129794427878,27.152277284397062,41.246715834836046,48.63286149326915,73.96996414466983,97.36869268691449,37.65054462880046,52.360265969548955,58.0144010146392,72.05076280702725,26.223314072832355,35.52515026528772,46.48705260342834,53.48366626134152,58.498541034085044,81.76140838053371,93.113185607452,27.44145077720207,27.44443030900444,67.46828655293523,23.303805616188356,31.04299450174837,42.17627943830345,14.148624097692595,24.663309386554428,34.4287391040131,36.79459715544947,45.26406129604044,62.21466063868085,69.03324882632258,25.452381450600125,36.076160894685806,41.93896121896163,42.63887120635566,69.72687609684455,0.0,12.19872722463396
12.240219494105505,33.588821614233225,49.29767967349784,56.792042739020204,75.90421354799965,122.40299086799234,35.08446926234644,59.480102563365286,27.120937718555645,41.24690096006992,48.67195328543695,74.00547656618711,97.40822745278004,37.65609365374363,52.38712678838583,58.066312476720285,72.09091830958077,26.188819438948894,35.5264935811056,46.529239421073704,53.50659638143626,58.53710764277252,81.82208156205299,93.14794927545687,27.44145077720207,27.448570110465305,67.5056390209459,23.304728806331138,31.047137491647863,42.212705527732716,14.111575633838635,24.66338425491798,34.459917534791764,36.831078882665366,45.32458666043829,62.24392824942328,69.07873836656431,25.454225899596775,36.11340096581947,41.97984093923743,42.66513228950333,69.78661985117692,0.0,12.240219494105503
12.281711763577048,33.57331847854377,49.33404179488613,56.80452227922373,75.99530701643282,122.44452795154292,35.08714837521683,59.51891571996644,27.089561194398073,41.24707333087199,48.71107146485923,74.04100945900507,97.44776507283831,37.6616232629004,52.413792298388564,58.11829328385896,72.13121919169717,26.154304587003274,35.527833806621025,46.57142439984642,53.52945286197268,58.57569780785835,81.88273928921811,93.18280362821321,27.44145077720207,27.45270219774878,67.54299920313396,23.30564746419655,31.05125450568208,42.24916212530463,14.074510947999853,24.663459585116982,34.491030041864946,36.8675918802527,45.385025848820305,62.273295794270524,69.12426456220048,25.456060120700176,36.1506063019587,42.02034556745799,42.69172673462121,69.84645029848201,0.0,12.281711763577047
12.323204033048594,33.5577725123169,49.370368234368314,56.81682658264651,76.08659461906808,122.48612465011578,35.08981898839697,59.55773737625784,27.05814788136651,41.247233298693025,48.75021561453156,74.07656272547625,97.48730554084851,37.667133548765136,52.44026482249127,58.17034082332194,72.17166565068142,26.119769630635798,35.52917094592542,46.613607541358036,53.55223597679927,58.61431135113011,81.9433809912022,93.21774902156841,27.44145077720207,27.456826590020228,67.58036708033407,23.306561622222084,31.05534575646465,42.28564898596808,14.037430143671928,24.663535372480176,34.52207655994147,36.9041361293529,45.44537859320248,62.30276341768373,69.16982752207933,25.457884203658292,36.18777648798171,42.06045271490732,42.718677570040796,69.90636712451818,0.0,12.323204033048594
12.364696302520137,33.542183842599385,49.40665836889319,56.82895914116052,76.17807327253988,122.52778105120876,35.092481139505836,59.596567494620516,27.026697948133563,41.24738120684822,48.78938532576908,74.11213626851954,97.52684885058859,37.67262460326115,52.46654666200678,58.222452509083375,72.21225787932308,26.085214682438295,35.53050500323314,46.655788847276725,53.57494599981192,58.65294809480259,82.00400609557599,93.25278581336674,27.44145077720207,27.46094330639041,67.61774263343544,23.307471312544717,31.059411454688977,42.32216586689267,14.000333323327945,24.66361161233949,34.55305702874178,36.940711606817146,45.50564462818295,62.332331261074195,69.21542735581468,25.459698237127316,36.22491110507168,42.10013945230651,42.74600836924935,69.96637001523762,0.0,12.364696302520137
12.406188571991681,33.52655259504696,49.44291156575139,56.84092342260566,76.26973992777306,122.56949724311087,35.095134865958144,59.63540603763975,26.99521156260407,41.24751739071329,48.82858019801248,74.14772999161681,97.56639499585538,37.67809651774575,52.492640096022896,58.27462578247382,72.25299606584653,26.05063985396772,35.53183598287822,46.697968319324666,53.59758320491753,58.69160786154372,82.06461402832993,93.28791436342979,27.44145077720207,27.465052365915636,67.65512584338174,23.30837656700429,31.06345180914348,42.35871252745012,13.963220588432359,24.663688300031527,34.5839713929484,36.977318285250135,45.565823690980125,62.36199946275749,69.26106417378429,25.461502308688647,36.26200973066757,42.139382539059646,42.77374302166089,70.02645865680185,0.0,12.406188571991681
12.447680841463225,33.51087889394562,49.4791271824076,56.85272287104391,76.36159156987335,122.61127331490368,35.09778020496567,59.674252968103765,26.963688891916828,41.247642177915075,48.86779983863935,74.18334379880942,97.60594397046445,37.68354938301536,52.518547380850784,58.32685811277652,72.29388039386099,26.01604525575957,35.53316388931068,46.74014595927561,53.6201478659986,58.730290474499576,82.12520421389772,93.32313503353603,27.44145077720207,27.469153787597932,67.692516691171,23.30927741714683,31.06746702672675,42.39528872919586,13.92609203945466,24.66376543089903,34.614819602154455,37.01395613305584,45.62591552147097,62.39176815790755,69.30673808712801,25.4632965048655,36.29907193841549,42.17815870410017,42.80190545178653,70.0866327355971,0.0,12.447680841463225
12.489173110934772,33.495162862233144,49.51530456632993,56.86436090703334,76.45362521800078,122.65310935646309,35.100417193538455,59.71310824900254,26.93213010244642,41.2477558885175,48.90704386278001,74.21897759469437,97.64549576824989,37.68898328931034,52.544270749523385,58.37914699777326,72.33491104231132,25.981430997341008,35.53448872709341,46.78232176895267,53.64264025687846,58.76899575731873,82.18577607518031,93.35844818739933,27.44145077720207,27.473247590385167,67.7299151578553,23.310173894227837,31.07145731246272,42.43189423585043,13.888947775882837,24.663843000292314,34.64560161081017,37.05062511448548,45.685919862229426,62.42163747851064,69.35244920774583,25.46508091113919,36.336097298120514,42.216444978098174,42.83051928704395,70.14689193824917,0.0,12.48917311093477
12.530665380406315,33.479404621519876,49.55144305481686,56.875840927920905,76.54583792522789,122.69500545846095,35.103045868486014,59.751971843526526,26.900535359805016,41.24785883520271,48.94631189313813,74.25463128442091,97.68505038306442,37.69439832631994,52.56981241134219,58.43148996424145,72.37608818542934,25.94679718724387,35.53581050089884,46.82449575022594,53.665060651287455,58.8077235341759,82.24632903357123,93.39385419064692,27.44145077720207,27.477333793171216,67.7673212245408,23.31106602921552,31.075422869515844,42.46852881328117,13.851787896236692,24.66392100357051,34.676317378167724,37.08732518968724,45.745836458564995,62.45160755331963,69.39819764829605,25.466855611965205,36.373085375699084,42.25421907340973,42.85960747782483,70.20723595163832,0.0,12.530665380406314
12.572157649877859,33.463604292109444,49.58754197482134,56.88716630815307,76.63822677838225,122.73696171236652,35.1056662664186,59.79084371506548,26.868904828844254,41.24795132344768,48.98560355981606,74.29030477368711,97.72460780877928,37.69979458318703,52.59517455147056,58.48388456840441,72.41741199268554,25.912143933017358,35.53712921550565,46.866667905010324,53.687409322829815,58.846473629795014,82.30686250898258,93.42935341079566,27.44145077720207,27.48141241479613,67.80473487238743,23.31195385279401,31.079363899206207,42.50519222948385,13.814612498080665,24.66399943610294,34.70696686822441,37.12405631475814,45.805665058561424,62.48167850780807,69.44398352219335,25.46862069078886,36.41003573313208,42.2914598040788,42.88919187750945,70.26766446291415,0.0,12.572157649877857
12.613649919349402,33.447761993018986,49.62360064277237,56.89834039960362,76.73078889787583,122.778978210448,35.10827842374842,59.82972382720719,26.83723867365711,41.24803365169609,49.02491850014434,74.32599796873598,97.76416803928396,37.70517214851286,52.620359330571596,58.53632839633642,72.45888262874128,25.877471341240604,35.538444875795896,46.90883823526328,53.70968654495154,58.88524586947145,82.36737591987153,93.4649462172282,27.44145077720207,27.485483474046248,67.84215608260885,23.312837395366497,31.083280601024665,42.54188425456445,13.777421678036847,24.66407829327022,34.73755004966401,37.160818441797495,45.8654054131156,62.51185046412441,69.48980694360665,25.47037623006079,36.446947928418446,42.32814753370848,42.91929279461202,70.32817715950975,0.0,12.6136499193494
12.655142188820948,33.43187784199907,49.65961836439398,56.909366531917264,76.8235214375205,122.82105504577422,35.11088237669082,59.86861214373635,26.805537057579762,41.24810611152602,49.06425635851594,74.36171077635245,97.80373106848634,37.71053111036173,52.64536888448898,58.5888190643245,72.50050025340161,25.84277951753497,35.53975748675177,46.95100674298269,53.73189259090891,58.92404007909387,82.42786868326891,93.50063298116748,27.44145077720207,27.489546989654393,67.87958483647226,23.31371668705839,31.087173172647912,42.57860466072086,13.74021553179736,24.664157570465427,34.76806689579666,37.19761151896222,45.92505727597646,62.54212354104625,69.53566802745702,25.47212231125204,36.483821515529556,42.36426463453107,42.94992853372688,70.3887737291562,0.0,12.65514218882095
12.696634458292491,33.415951955553396,49.69559443452158,56.920248012869195,76.91642158433106,122.86319231221593,35.113478161265434,59.90750862863328,26.773800143193586,41.24816898781348,49.10361678622432,74.39744310385953,97.8432968903127,37.71587155626554,52.67020532396869,58.64135421918855,72.54226502156871,25.808068566576207,35.54106705345273,46.993173430204756,53.754027733737935,58.96285608516508,82.48834021480762,93.53641407565051,27.44145077720207,27.493602980299986,67.91702111529821,23.31459175772033,31.091041809953555,42.615353222224826,13.702994154136896,24.664237263095217,34.79851738449726,37.23443549052382,45.98462040378391,62.572497853934834,69.58156688941563,25.473859014868925,36.52065604436399,42.39979593709892,42.981114945853584,70.44945385989647,0.0,12.696634458292493
12.738126727764035,33.39998444895806,49.73152813691592,56.93098812873873,77.0094865583171,122.90539010444755,35.116065813297496,59.94641324607276,26.742028092327065,41.248222558891385,49.14299944130595,74.43319485911508,97.88286549870725,37.72119357322835,52.69487073442004,58.693931538561976,72.5841770831957,25.773338592106334,35.542373581072574,47.03533829900191,53.77609224622444,59.00169371482251,82.54878992875241,93.57228987550086,27.44145077720207,27.497651464609213,67.95446490046052,23.315462636931294,31.094886707035137,42.652129715403824,13.66575763892475,24.664317366580857,34.828901498142386,37.27129029692695,46.04409455610806,62.6029735146894,69.62750364590134,25.475586420467682,36.55745106070346,42.43472914733712,43.01286501136036,70.51021724009944,0.0,12.738126727764037
12.779618997235579,33.38397543628058,49.767418744074234,56.941590144697045,77.10271361226312,122.9476485179486,35.11864536841893,59.98532596042286,26.710221066057752,41.24826709670475,49.18240398838656,74.46896595050833,97.92243688763243,37.726497247730855,52.71936717571427,58.74654873113415,72.62623658324146,25.738589696945436,35.5436770748766,47.077501351480656,53.79808640087505,59.04055279585784,82.60921723803082,93.60826075730081,27.44145077720207,27.501692461155184,67.99191617338609,23.316329354001564,31.098708056217102,42.688933918623135,13.628506079136809,24.664397876359182,34.8592192235459,37.308175874849354,46.10347949548821,62.63355063170181,69.67347841407867,25.47730460666875,36.59420610616911,42.469055206854534,43.04518847968838,70.57106355847351,0.0,12.77961899723558
12.821111266707124,33.367925030398546,49.803265517039364,56.9520573052077,77.196100031499,122.98996764900507,35.12121686206957,60.024246736243775,26.678379224714313,41.24830286696205,49.22183009853143,74.50475628695638,97.96201105106874,37.73178266573474,52.74369668201851,58.79920353685641,72.6684436616257,25.70382198300316,35.54497754021891,47.11966258977985,53.82001046988897,59.07943315673622,82.66962155426495,93.64432709936132,27.44145077720207,27.505725988458064,68.02937491555475,23.31719193797568,31.102506048069763,42.72576561226791,13.591239566867381,24.664478787883525,34.88947055189324,37.3450921572634,46.162774987472176,62.66422930981123,69.71949131185514,25.47901365117082,36.6309207181787,42.50276857384859,43.07809158846231,70.63199250407999,0.0,12.821111266707124
12.862603536178668,33.35183334301821,49.83906770520608,56.962392834439925,77.28964313366055,123.0323475947112,35.123780329498295,60.06317553828658,26.646502727878534,41.24833012928242,49.261277449099495,74.54056577790098,98.00158798301456,37.737049912687084,52.76786126166415,58.851893727113875,72.71079845318486,25.66903555129011,35.546274982539565,47.16182201606845,53.84186472513029,59.118334626614576,82.73000228780445,93.6804892816921,27.44145077720207,27.50975206498523,68.06684110849913,23.31805041763537,31.106280871424193,42.76262457872532,13.553958193340627,24.664560096624623,34.91965547867462,37.38203907349883,46.22198080065537,62.695009650259074,69.76554245787912,25.480713630764697,36.66759442990479,42.53586740580056,43.11157688080993,70.6930037663466,0.0,12.862603536178668
12.904095805650211,33.3357004846923,49.87482454612522,56.972599936692866,77.38334026844115,123.07478845297055,35.126335805764235,60.10211233149219,26.614591734387343,41.248349137339396,49.30074572360107,74.57639433330506,98.04116767748619,37.742299073524634,52.791862897047245,58.90461710486394,72.75330108762881,25.63423050192903,35.5475694073621,47.20397963254372,53.86364943810167,59.15725703535954,82.79035884775996,93.71674768596965,27.44145077720207,27.51377070915142,68.10431473380449,23.31890482150246,31.110032713387074,42.79951060236689,13.51666204892207,24.66464179807149,34.949774003616945,37.4190165493068,46.28109670672005,62.72589175064395,69.81163197153717,25.48240462134683,36.70422677023349,42.56835363120818,43.1456431336439,70.75409703508035,0.0,12.904095805650211
12.945588075121753,33.31952656483818,49.910535265305526,56.982681796831514,77.47718881733518,123.11729032249785,35.128883325737895,60.14105708099007,26.582646402334888,41.24836013900085,49.34023461155913,74.6122418636495,98.08075012851774,37.747530232677946,52.815703544559604,58.957371504743655,72.79595168949801,25.59940693416578,35.548860820290884,47.24613544142926,53.885364879917766,59.196200213564666,82.85069064203861,93.75310269550488,27.44145077720207,27.517781939318898,68.14179577310856,23.319755177841685,31.11376175935551,42.83642346953078,13.479351223129726,24.664723887732094,34.97982613061482,37.45602450692508,46.340122480474484,62.75687570487689,69.85775997295157,25.484086697932632,36.74081726372434,42.6002329052184,43.18028540204307,70.81527200048049,0.0,12.945588075121753
12.987080344593299,33.30331169175516,49.94619907601323,56.992641580732176,77.57118619337373,123.15985330282014,35.131422924102296,60.18000975209722,26.55066688907465,41.24836337646551,49.37974380837425,74.6481082799297,98.12033533016105,37.75274347407571,52.839385134549055,59.01015479314737,72.83875037812172,25.564564946380205,35.55014922700855,47.2882894449732,53.907011321280514,59.23516399256701,82.9109970773794,93.78955469520918,27.44145077720207,27.52178577379757,68.17928420810142,23.320601514663522,31.117468193031748,42.873362968504246,13.442025804645036,24.664806361134268,35.00981186766061,37.49306286514442,46.39905789989217,62.787961603136694,69.90392658297763,25.485759934669552,36.77736543057094,42.63151445228781,43.21549517660546,70.87652835315136,0.0,12.987080344593297
13.028572614064842,33.28705597264186,49.981815179069365,57.002482435738,77.66532984085308,123.2024774942783,35.13395463535415,60.218970310316905,26.518653351221513,41.24835908639598,49.419273015192886,74.68399349365231,98.15992327648567,37.75793888114872,52.86290957130713,59.062964868276076,72.88169726757663,25.52970463609675,35.551434633273615,47.33044164544624,53.92858903245427,59.27414820446306,82.97127755939076,93.82610407155954,27.44145077720207,27.525782230845174,68.21678002052536,23.321443859726973,31.1211521964379,42.91032888950618,13.404685881323838,24.664889213826335,35.03973122677347,37.530131539375745,46.457902746150886,62.81914953182562,69.95013192320107,25.487424404849925,36.81387078656276,42.66221080687107,43.25126064277288,70.93786578411463,0.0,13.02857261406484
13.070064883536386,33.27075951361309,50.017382762645106,57.012207491123235,77.75961723505668,123.24516299802863,35.136478493804965,60.257938721337645,26.486605944653935,41.24834750004827,49.4588219387786,74.71989741683196,98.19951396157863,37.763116536834005,52.88627873308252,59.11579966016012,72.92479246664648,25.49482609999498,35.55271704491801,47.37259204513998,53.950098283242156,59.31315268212441,83.03153149258831,93.86275121256253,27.44145077720207,27.529771328667383,68.2542831921747,23.322282240542286,31.124813949930573,42.94732102466974,13.367331540206887,24.664972441377742,35.06958422392776,37.56723044171853,46.516656803671836,62.85043957352517,69.99637611593522,25.48908018092359,36.8503328430478,42.69233746965037,43.28756702461374,70.99928398482194,0.0,13.070064883536384
13.11155715300793,33.25442241971686,50.05290100205507,57.021819858565934,77.85404588197116,123.28790991604397,35.138994533582185,60.29691495103196,26.454524824516053,41.24832884339837,49.498390291387295,74.7558199619881,98.23910737954472,37.768276523578855,52.90949447211942,59.16865713065692,72.96803607878262,25.459929433919896,35.55399646784483,47.41474064636502,53.97153934296289,59.35217725921228,83.09175828043458,93.89949650771712,27.44145077720207,27.533753085417988,68.29179370489564,23.323116684373673,31.128453632215418,42.98433916802506,13.329962867530393,24.66505603937982,35.099370878980515,37.604359481029825,46.575319860158594,62.881831806952135,70.04265928421809,25.49072733451028,36.88675110689645,42.721912501265315,43.32439699110485,71.06078264716676,0.0,13.111557153007928
13.153049422479475,33.238044794950476,50.0883690595486,57.03132263262814,77.94861331799672,123.33071835111524,35.141502788630305,60.335898965455385,26.42241014521989,41.24830333726537,49.537977790644895,74.79176104214166,98.27870352450583,37.77341892334468,52.932558614718424,59.22153527342438,73.01142820206489,25.425014732892112,35.555272908025934,47.45688745144918,53.99291248042859,59.39122177019201,83.15195732537866,93.93634034797628,27.44145077720207,27.537727519199038,68.32931154058613,23.32394721824199,31.13207142036166,43.021383115482045,13.292579948736286,24.66514000344625,35.129091215598464,37.6415185629941,46.63389170663596,62.913326306914904,70.08898155180952,25.49236593641175,36.923125080466264,42.750956077543485,43.36173110091189,71.12236146349646,0.0,13.153049422479477
13.194541691951018,33.22162674227697,50.12378608409941,57.040718891243536,78.04331710965268,123.37358840685282,35.14400329271198,60.374890730845266,26.39026206044752,41.24827119743155,49.57758415942826,74.8277205708118,98.31830239060153,37.77854381761105,52.95547296131943,59.27443211387237,73.05496892916416,25.390082091117833,35.556546371499735,47.49903246273589,54.01421796392289,59.4302860503466,83.21212802889856,93.97328312570747,27.44145077720207,27.541694648060965,68.36683668119575,23.32477386892737,31.135667489816544,43.05845266481333,13.255182868482423,24.66522432921374,35.15874526118434,37.678707590193866,46.69237213748883,62.94492314427016,70.13534304318834,25.49399605662379,36.95945426156825,42.77949002992078,43.39954826197908,71.18402012662408,0.0,13.19454169195102
13.236033961422562,33.20516836364101,50.15915121119318,57.05001169621125,78.13815485327822,123.41652018768787,35.14649607940912,60.41389021361966,26.358080723153282,41.2482326347596,49.61720912574928,74.86369846201292,98.35790397198863,37.783651287379456,52.97823928660459,59.32734570909283,73.0986583473048,25.355131601998732,35.55781686436902,47.541175682582285,54.03545606117994,59.46936993579004,83.27226979154328,94.01032523465183,27.44145077720207,27.54565449000277,68.40436910872549,23.325596662971815,31.139242014419686,43.09554761563728,13.217771710652473,24.66530901234248,35.18833304680272,37.715926462180796,46.750760950500776,62.97662238587967,70.18174388354893,25.495617764347937,36.99573814343401,42.80753739245864,43.43782618452173,71.2457583298399,0.0,13.236033961422564
13.277526230894106,33.18866975998461,50.19446356261407,57.059204093696025,78.23312417472938,123.45951379887359,35.14898118212402,60.45289738037631,26.325866285566022,41.24818785530676,49.65685242264154,74.89969463025135,98.39750826284123,37.78874141317709,53.0008593396204,59.38027414777004,73.14249653822878,25.320163358141613,35.55908439279885,47.58331711335769,54.05662703936429,59.508473263479594,83.33238201297688,94.04746706988239,27.44145077720207,27.549607062972136,68.44190880522767,23.326415626681804,31.1427951664174,43.13266776940112,13.180346558365802,24.665394048516667,35.2178546071054,37.75317507554748,46.80905794689266,63.00842409456757,70.22818419879846,25.497231128002984,37.03197621468429,42.83512197319204,43.47654180968637,71.30757576692267,0.0,13.277526230894107
13.319018500365653,33.17213103126245,50.229722246229244,57.06829911473328,78.32822272907208,123.50256934648677,35.151458634080406,60.49191219789145,26.293618899191298,41.248137060435994,49.69651378805023,74.935708990522,98.43711525735041,37.79381427506071,53.02333484391742,59.433215550072404,73.1864835781604,25.28517745136801,35.560348963014405,47.62545675744179,54.077731165051,59.547595871228204,83.39246409202327,94.08470902776072,27.44145077720207,27.553552384865593,68.47945575280576,23.327230786130787,31.146327116476925,43.169812929364156,13.14290749398708,24.665479433445046,35.24730998025648,37.79045332399958,46.86726293136082,63.04032832907782,70.2746641155534,25.498836215236363,37.068167959299046,42.86226796313297,43.51567170055509,71.36947213215105,0.0,13.319018500365653
13.360510769837196,33.15555227645733,50.26492635577224,57.077299775739604,78.42344820027203,123.5456869374288,35.15392846832459,60.53093463311883,26.26133871481369,41.248080446924774,49.7361929647242,74.97174145830573,98.47672494972458,37.79886995262027,53.045667497706646,59.48616806752671,73.23061953777196,25.250173972723548,35.561610581299036,47.667594617223045,54.098768704206805,59.586737597715775,83.45251542671272,94.12205150589278,27.44145077720207,27.557490473528663,68.51700993361423,23.328042167161733,31.149838033700597,43.20698290058108,13.105454599135793,24.66556516286118,35.276699207857085,37.82776109842836,46.92537571211546,63.072335144032216,70.32118376113633,25.50043309293525,37.10431285658851,42.88899959170457,43.555192386717955,71.43144712031446,0.0,13.360510769837196
13.40200303930874,33.13893359359482,50.300074970625296,57.086209079026986,78.51879830088194,123.58886667942723,35.15639071772643,60.56996465318852,26.229025882499023,41.24801820707088,49.77588970011124,75.00779194956584,98.51633733418917,37.80390852498258,53.06785897403104,59.539129882876175,73.2749044821504,25.215153012487185,35.56286925399206,47.7097306950971,54.11973992217153,59.62589828250019,83.51253541432872,94.15949490308303,27.44145077720207,27.561421346755992,68.55457132985845,23.328849795389583,31.153328085639902,43.244177489885466,13.067987954695722,24.665651232524077,35.306022334869915,37.86509828698367,46.983396100918426,63.10444458988836,70.36774326357242,25.502021827237474,37.14041038116594,42.91534083316565,43.595080657853906,71.4935004267239,0.0,13.40200303930874
13.443495308780285,33.122275079758296,50.33516715560033,57.09503001332111,78.61427077172581,123.6321086810368,35.15884541498055,60.60900222540595,26.196680551596693,41.24795052879539,49.81560374625569,75.04386038074503,98.55595240498639,37.80893007081497,53.08991092095157,59.59209920992329,73.319338470765,25.180114660180394,35.56412498748714,47.75186499346502,54.140645083640685,59.66507776602794,83.5725234514571,94.19703961928776,27.44145077720207,27.565345022291513,68.59213992379446,23.329653696203707,31.156797438309518,43.281396505873275,13.030507640823846,24.665737638218378,35.33527940954361,37.90246477514696,47.041323913121126,63.136656712898606,70.41434275158623,25.503602483542334,37.17646000292194,42.94131516501134,43.63531380533473,71.55563174722272,0.0,13.443495308780287
13.484987578251829,33.105576831103285,50.37020196071944,57.10376555428304,78.70986338158185,123.67541305164096,35.16129259260726,60.648047317250786,26.164302870741988,41.24787759574367,49.85533485969856,75.0799466687625,98.59557015637563,37.813934668328805,53.111824961746194,59.645074293358476,73.36392155743602,25.14505900457606,35.56537778823017,47.79399751473183,54.16148445264799,59.70427588964389,83.63247893403529,94.23468605556701,27.44145077720207,27.569261517828586,68.62971569772894,23.330453894770315,31.160246256201223,43.31863975888651,12.99301373695977,24.665824375754873,35.364470483336966,37.93986044580472,47.099158967701975,63.16897155506881,70.4609823545978,25.50517512652111,37.212461187000024,42.96694537655271,43.675869813648454,71.61784077819695,0.0,13.48498757825183
13.526479847723373,33.088838942871746,50.40517842099425,57.112418665033125,78.80557392686276,123.7187799014528,35.16373228295372,60.68709989637588,26.13189298785838,41.24779958738326,49.89508280138017,75.11605073101067,98.63519058263292,37.81892239528308,53.13360269512112,59.69805340857567,73.40865379030424,25.109986133707352,35.56662766271733,47.83612826130476,54.18225829254924,59.74349249560098,83.69240125740373,94.27243461403495,27.44145077720207,27.573170851010133,68.66729863401893,23.33125041603485,31.163674702297747,43.35590706099699,12.955506321834338,24.66591144097074,35.39359561084334,37.97728517932175,47.15690108730374,63.20138915411791,70.5076622027193,25.506739820127443,37.24841339377406,42.99225342391088,43.71672750540734,71.68012721658567,0.0,13.526479847723374
13.567972117194916,33.07206150940622,50.44009555620508,57.120992296677706,78.90140023129534,123.76220934151654,35.16616451819491,60.72615993060622,26.09945105015988,41.24771667909982,49.934847336545246,75.15217248535247,98.67481367805111,37.823893328987886,53.155245695433294,59.751034861475716,73.45353521180184,25.07489613487646,35.56787461749361,47.878257235592,54.2029668660061,59.7827274270691,83.75228981635783,94.31028569780943,27.44145077720207,27.577073039428797,68.70488871507182,23.332043284724342,31.16708293808656,43.39319822599024,12.917985473478582,24.66599882972987,35.422654849714846,38.01473885361475,47.214550098270514,63.233909543437655,70.55438242675109,25.50829662760756,37.28431607882739,43.01726032643593,43.75786664492959,71.74249075989113,0.0,13.567972117194918
13.609464386666462,33.05524462416355,50.474952370679766,57.129489388836845,78.99734014559832,123.8057014837086,35.16858933033476,60.76522738793793,26.066977204153396,41.24762904229027,49.97462823465018,75.18831185011797,98.7144394369398,37.82884754630779,53.1767555129229,59.80401698825851,73.49856585862415,25.039789094663117,35.56911865915066,47.92038444000063,54.22361043497101,59.82198052814372,83.81214400520157,94.34823971096,27.44145077720207,27.580968100627082,68.74248592334509,23.332832525349716,31.170471123573517,43.43051306934945,12.88045126923228,24.666086537923192,35.45164826058677,38.05222134422573,47.272105830684474,63.266532752053024,70.601143158178,25.509845611510276,37.320168692933414,43.04198609895925,43.79926800598624,71.80493110618858,0.0,13.609464386666462
13.650956656138005,33.03838837972854,50.50974785307227,57.13791287017382,79.09339154715994,123.84925644073869,35.171006751207074,60.80430223653714,26.034471595641094,41.24753684445401,50.014425269272714,75.22446874410163,98.75406785362519,37.833785123665365,53.19813367395556,59.8569981552047,73.5437457617024,25.00466509893307,35.57035979432533,47.96250987693556,54.24418926067242,59.86125164385384,83.8719632178022,94.3862970584545,27.44145077720207,27.584856052097493,68.78009024134622,23.333618162208108,31.173839417296506,43.46785140823961,12.842903785752522,24.666174561468917,35.480575907002205,38.08973252439526,47.32956811840234,63.29925880458293,70.64794452916547,25.511386833696847,37.355970682038475,43.06644971416824,43.84091340942428,71.8674479541361,0.0,13.650956656138005
13.692448925609549,33.02149286782749,50.544480976141514,57.14626565892477,79.18955233971445,123.89287432615122,35.1734168124767,60.84338444473907,26.001934369722804,41.24744024928188,50.054238218023684,75.26064308655926,98.79369892245013,37.83870613704441,53.2193816812726,59.9099767584479,73.58907494617776,24.969524232846403,35.57159802969781,48.00463354879754,54.26470360360067,59.900540620169615,83.93174684764612,94.4244581461049,27.44145077720207,27.588736911282687,68.81770165163256,23.33440021938514,31.17718797633892,43.50521306149171,12.80534309902198,24.666262896312762,35.509437855336785,38.12727226513584,47.3869367990915,63.33208772120148,70.69478667255545,25.512920355350676,37.39172148724606,43.0906690896149,43.882785736154304,71.93004100298418,0.0,13.692448925609549
13.73394119508109,33.00455817934114,50.579150696530654,57.15455066342888,79.28582045301872,123.9365552543262,35.1758195456404,60.88247398104691,25.969365670798368,41.24733941674241,50.09406686246112,75.29683479720505,98.83333263777384,37.843610661993374,53.24050101424943,59.96295122373807,73.6345534313764,24.934366580865717,35.57283337199014,48.04675545798214,54.28515372349437,59.9398473040096,83.99149428789637,94.46272338051102,27.44145077720207,27.592610695575605,68.85532013681119,23.335178720757153,31.180516956343123,43.54259784958703,12.767769284357238,24.66635153842819,35.53823417472385,38.1648404353048,47.444211714265755,63.365019517599755,70.7416697218624,25.514446236986792,37.42742054480342,43.114661094315494,43.92486892054551,71.9927099525851,0.0,13.73394119508109
13.77543346455264,32.98758440431794,50.613755954547024,57.16277078265789,79.38219384252844,123.98029934048053,35.178214982028,60.92157081413086,25.936765642570105,41.24723450316681,50.133910988006136,75.33304379620873,98.87296899397218,37.84849877362866,53.26149312916044,60.015920006197085,73.68018123078572,24.899192226764185,35.574065827964425,48.08887560687766,54.30553987932725,59.979171543247475,84.05120493145063,94.50109316900377,27.44145077720207,27.59647742231963,68.89294567953871,23.335953689993406,31.183826511523772,43.580005594641676,12.730182416416936,24.666440483816643,35.56696493697971,38.202436901677075,47.50139270932076,63.39805420494808,70.78859381126901,25.515964538461226,37.46306728608991,43.13844157046662,43.96714792870249,72.05545450340222,0.0,13.775433464552636
13.816925734024181,32.97057163198667,50.6482956739428,57.17092890674477,79.47867048907482,124.0241067006689,35.180603152803315,60.96067491282709,25.90413442804517,41.24712566133103,50.173770383861175,75.36927000419243,98.9126079854372,37.85337054663776,53.28235945945041,60.06888159006668,73.72595835203172,24.864001253633575,35.57529540442142,48.13099399786412,54.325862329296086,60.01851318671828,84.11087817100164,94.53956791958647,27.44145077720207,27.60033710880872,68.93057826252117,23.336725150558276,31.18711679468107,43.617436120391055,12.69258256920955,24.666529728507665,35.59563021652958,38.240061529017616,47.55847963356914,63.431191789858794,70.83555907562202,25.51747531898024,37.498661137607684,43.16202536642112,44.009608725480724,72.11827435651891,0.0,13.81692573402418
13.858418003495725,32.95351995076915,50.68276876169726,57.179027917511085,79.5752483985416,124.06797745178508,35.1829840889652,60.99978624613674,25.87147216953807,41.2470130405365,50.21364484293003,75.40551334222815,98.95224960657741,37.85822605528255,53.30310141601115,60.12183448845001,73.77188479685742,24.82879374389199,35.57652210819887,48.173110633311396,54.34612133080828,60.05787208422427,84.17051339909783,94.57814804087516,27.44145077720207,27.604189772287558,68.96821786851386,23.33749312571343,31.190387957213954,43.65488925217456,12.654969816101543,24.666619268559128,35.624230090333754,38.27771418015347,47.61547234027512,63.46443227434969,70.8825656504278,25.518978637109285,37.53420152097426,43.18542637768097,44.052238233482804,72.18116921364752,0.0,13.858418003495723
13.899910272967269,32.93642944829247,50.7171741078002,57.18707068899221,79.6719256015425,124.11191171156294,35.18535782134851,61.03890478322498,25.838779008673004,41.24689678668843,50.25353416173985,75.44177373183443,98.99189385181742,37.86306537340245,53.32372038746309,60.17477724304731,73.81796056110291,24.793569779291666,35.577745946170076,48.215225515577856,54.3663171404707,60.09724808654044,84.23011000820567,94.61683394203754,27.44145077720207,27.608035429951684,69.00586448032128,23.33825763851993,31.193640149133138,43.69236481692042,12.617344229824914,24.666709100057364,35.652764637814364,38.315394716045375,47.67237068668878,63.49777565580794,70.92961367184795,25.520474550781984,37.569687852917625,43.20865759324237,44.095024286700855,72.24413877713818,0.0,13.899910272967267
13.941402542438814,32.91930021140147,50.75151058503759,57.19506008796027,79.76870015309984,124.15590959857725,35.187724380625134,61.0780304934199,25.80605508638642,41.246777042372536,50.293438140365026,75.478051094974,99.03154071559827,37.86788857441757,53.344217740441074,60.22770842388592,73.86418563468585,24.75832944092651,35.578966925242455,48.257338647008865,54.386450014078726,60.136641045419594,84.28966739077349,94.65562603273054,27.44145077720207,27.61187409894764,69.04351808079687,23.339018711840357,31.19687351907414,43.72986264313053,12.579705882484776,24.66679921911728,35.681233940782604,38.35310299585895,47.72917453407994,63.53122192695462,70.9767032766947,25.521963117308804,37.60511954527346,43.23173114514845,44.13795558094928,72.30718274998716,0.0,13.941402542438812
13.982894811910358,32.90213232617049,50.78577704877925,57.20299897444386,79.86557013232397,124.19997123224505,35.190083797304936,61.11716334621164,25.773300542929423,41.24665394692965,50.33335658235287,75.51434535405052,99.07119019237682,37.87269573133175,53.364594819883656,60.280626629045734,73.91056000158393,24.723072809239667,35.580185052355986,48.29945002993529,54.40652020660576,60.176050813596994,84.34918493929608,94.6945247230365,27.44145077720207,27.615705796373135,69.08117865284291,23.339776368340893,31.200088214310128,43.76738256086555,12.542054845567128,24.66688962188249,35.709638083366585,38.390838877035335,47.785883747771535,63.56477107580978,71.02383460242616,25.523444393385674,37.64049600498488,43.25465835956055,44.18102162277672,72.37030083584548,0.0,13.982894811910356
14.024387081381901,32.8849258779154,50.81997233676905,57.21089020224428,79.96253364209365,124.24409673282636,35.192436101736774,61.15630331125134,25.740515517870264,41.24652763652867,50.37328929465119,75.55065643190596,99.1108422766263,37.877486916735734,53.3848529493256,60.33353048438025,73.95708363981811,24.68779996403083,35.581400334482005,48.34155966667193,54.426527972193405,60.215477244794705,84.40866204638131,94.73353042339829,27.44145077720207,27.61953053927714,69.11884617941045,23.34053063049337,31.20328438076477,43.804924401729984,12.504391189945963,24.666980304525424,35.73797715193982,38.428602215361224,47.842498197172596,63.59842308565842,71.0710077871418,25.524918435102435,37.67581663410469,43.27744980804721,44.224212678158196,72.43349273902697,0.0,14.0243870813819
14.065879350853445,32.86768095120522,50.85409526891831,57.218736619447704,80.0595888087385,124.28828622142531,35.19478132410944,61.195450358350215,25.70770015009682,41.2463982442377,50.41323608753735,75.58698425181784,99.15049696283583,37.88226220281008,53.40499343119277,60.38641864323412,74.00375652143734,24.652510984463568,35.582612778621574,48.3836675595161,54.446473564141996,60.25492019372544,84.46809810481722,94.77264354455276,27.44145077720207,27.623348344660073,69.15652064349908,23.34128152057729,31.206462163024913,43.842487998857465,12.466714985890695,24.667071263247415,35.76625123505029,38.466392865038394,47.899017755810696,63.632177935016635,71.11822296957727,25.526385297951148,37.71108082980004,43.30011535811363,44.26751972194458,72.4967581645163,0.0,14.065879350853443
14.10737162032499,32.850397629873534,50.888144647102436,57.22654106893234,80.15673378172205,124.33253981999086,35.19711949445265,61.23460445747856,25.67485457781914,41.24626590009351,50.453196774549475,75.62332873749628,99.19015424551024,37.887021661328255,53.4250175470991,60.439289786157154,74.05057861250441,24.61720594907247,35.583822391804546,48.42577371074611,54.46635723490157,60.29437951609616,84.52749250764077,94.8118644974631,27.44145077720207,27.627159229473918,69.19420202815677,23.342029060681856,31.209621704353204,43.88007318689615,12.429026303073293,24.667162494278767,35.79446042335043,38.504210678752486,47.95544230136389,63.666035597598956,71.1654802890998,25.52784503683424,37.74628798435997,43.32266422226014,44.310934388780524,72.56009681797701,0.0,14.10737162032499
14.148863889796534,32.83307599702976,50.92211925496152,57.23430638887078,80.25396673332726,124.37685765131806,35.19945064263796,61.273765578764774,25.641978938571864,41.24613073116929,50.49317117241862,75.65968981308141,99.22981411917058,37.891765363659545,53.444926558145205,60.49214262061573,74.09754987308308,24.581884935770244,35.58502918108779,48.46787812261979,54.48617923606356,60.3338550686113,84.58684464820841,94.85119369324994,27.44145077720207,27.63096321062237,69.23189031647986,23.34277327270793,31.212763146700638,43.91767980199418,12.391325210575364,24.66725399387882,35.82260480952746,38.542055507741125,48.01177171569228,63.69999604228591,71.2127798857028,25.529297706072565,37.781437485205394,43.345105005071645,44.354448925989175,72.62350840575925,0.0,14.148863889796534
14.190356159268077,32.81571613507044,50.95601785770505,57.24203541322608,80.35128585834336,124.42123983904861,35.201774798379816,61.31293369249448,25.609073369216823,41.24599286164079,50.53315910100323,75.69606740314045,99.26947657835353,37.896493380772014,53.464721705218,60.544975880701635,74.14467025722655,24.54654802185463,35.586233153554325,48.509980797372855,54.50593981835252,60.37334670897556,84.64615392026664,94.89063154312068,27.44145077720207,27.634760304960977,69.2695854916128,23.343514178369997,31.21588663071896,43.95530768178534,12.35361177689504,24.667345758335994,35.850684488235004,38.57992720186138,48.06800588486893,63.73405923309256,71.26012190000101,25.530743359413297,37.816528714902404,43.36744574800909,44.39805614875227,72.68699263490716,0.0,14.190356159268077
14.231848428739621,32.79831812569014,50.989839201921534,57.249730972241466,80.44868937375463,124.46568650767196,35.20409199123638,61.35210876910945,25.57613800594551,41.24585241285084,50.573160383224725,75.73246143266519,99.30914161761166,37.90120578323541,53.484404209291064,60.59778832683908,74.19193971296727,24.511195284015315,35.58743431631174,48.55208173721766,54.52563923161868,60.412854295896494,84.70541971802523,94.93017845829819,27.44145077720207,27.638550529297277,69.30728753674803,23.34425179919811,31.218992295773017,43.99295666537471,12.315886069953962,24.667437783967838,35.87869955602512,38.61782560965631,48.124144699210206,63.76822512913771,71.30750647322498,25.532182050037697,37.85156105117787,43.38969397170683,44.44174939778154,72.75054921316642,0.0,14.231848428739621
14.273340698211166,32.78088204989207,51.0235820153933,57.25739589292293,80.54617551843165,124.51019778252595,35.206402250610566,61.39129077920683,25.54317298428165,41.2457095033724,50.613174845004764,75.76887182706913,99.34880923151302,37.90590264122402,53.50397527172546,60.65057874549015,74.2393581823079,24.475826798340663,35.588632676491336,48.59418094434146,54.545277724830804,60.45237768908659,84.76464143623096,94.96983484994769,27.44145077720207,27.642333900390938,69.34499643512594,23.344986156539775,31.222080279952994,44.03062659332461,12.278148157103919,24.667530067121028,35.906650111281245,38.65575057842094,48.180188053305706,63.80249368461368,71.35493374721577,25.533613830568754,37.886533866938485,43.411856715679875,44.48552249957781,72.81417784899165,0.0,14.273340698211168
14.31483296768271,32.76340798799895,51.05724500691708,57.26503299951414,80.64374255282402,124.55477378979788,35.20870560575089,61.43047969353803,25.5101784390837,41.2455642490701,50.6532023152039,75.80529851218488,99.38847941464148,37.910584024519494,53.52343607457026,60.70334594885873,74.28692560121362,24.440442640324424,35.589828241246686,48.636278420904986,54.56485554606939,60.49191674926539,84.8238184702424,95.00960112910242,27.44145077720207,27.646110434953904,69.38271217003451,23.345717271561867,31.225150720086575,44.06831730764049,12.240398105133472,24.667622604171417,35.934536254152256,38.693701954267155,48.236135846047425,63.836864848757074,71.40240386441963,25.53503875307871,37.92144653029275,43.43394057542177,44.52936972929637,72.87787825155314,0.0,14.314832967682712
14.356325237154254,32.74589601966336,51.090826866130975,57.2726451139629,80.74138875865604,124.59941465652493,35.21100208575253,61.46967548300794,25.47715450454742,41.24541676316013,50.69324262556178,75.84174141426136,99.42815216159643,37.91525000251371,53.54278778086311,60.756088774593806,74.3346418996061,24.40504288487227,35.59102101775254,48.67837416904095,54.58437294252038,60.53147133816066,84.88295021610696,95.04947770658812,27.44145077720207,27.64988014965052,69.42043472480944,23.34644516525246,31.228203751750964,44.10602865175704,12.202635980274653,24.667715391524034,35.962358086487114,38.73167958218795,48.2919879806586,63.87133856582017,71.44991696788215,25.53645686909644,37.95629840457619,43.45595173692959,44.573285776182544,72.94165013074421,0.0,14.356325237154255
14.397817506625797,32.72834622387801,51.12432626334835,57.28023505637837,80.83911243862427,124.64412051059543,35.2132917195581,61.50887811867391,25.444101314208428,41.245267156269,50.73329561063869,75.87820045996128,99.46782746699284,37.91990064421149,53.56203153492968,60.80880608549187,74.38250700135832,24.369627606308285,35.59221101320377,48.720468190852486,54.6038301604693,60.57104131851001,84.94203607063805,95.0894649929462,27.44145077720207,27.653643061097693,69.45816408283382,23.347169858422717,31.23123950928489,44.14376047052441,12.164861848209233,24.66780842561303,35.990115711770585,38.76968330612068,48.34774436472155,63.90591477504298,71.49747320124274,25.537868229614727,37.99108884837972,43.47789600873186,44.617265711501204,73.0054931971876,0.0,14.397817506625799
14.439309776097343,32.710758678985954,51.15774184939914,57.28780564547885,80.93691191609766,124.688891480749,35.21557453595866,61.5480875717449,25.411019000944766,41.24511553649077,50.77336110775844,75.91467557635845,99.5075053254609,37.9245360182334,53.581168462682456,60.86149676919926,74.43052082429094,24.33419687838137,35.59339823481416,48.762560488411594,54.62322744529577,60.610626554061575,85.00107543149424,95.12956339835553,27.44145077720207,27.657399185865,69.49590022753803,23.34789137170864,31.23425812580043,44.18151261019449,12.127075774075227,24.667901702901705,36.017809235059985,38.807712969009444,48.403404910205346,63.94059341062648,71.54507270872881,25.53927288509744,38.02581721558157,43.4997788515234,44.661304958856334,73.06940716224251,0.0,14.439309776097344
14.480802045568886,32.693133462690575,51.19107225547938,57.29535969902877,81.0347855348203,124.73372769657774,35.2178505635946,61.587303813580505,25.37790769697944,41.244962009442716,50.81343895695257,75.9511666909352,99.54718573164651,37.92915619281841,53.60019967191815,60.91415973791406,74.47868328017,24.29875077427154,35.59458268981545,48.8046510637576,54.642565041468366,60.65022690957493,85.0600676972593,95.1697733325532,27.44145077720207,27.66114854047486,69.53364314239971,23.348609725572935,31.237259733194787,44.21928491840738,12.08927782247311,24.667995219882485,36.04543876292269,38.845768412866526,48.458969533492436,63.975374401706205,71.5927156351497,25.540670885486556,38.060482855382475,43.52160540552782,44.70539926677974,73.13339173801084,0.0,14.480802045568888
14.522294315040428,32.67547065206537,51.22431609300947,57.30290003426457,81.13273165861683,124.77862928852667,35.22011983095656,61.626526815690085,25.34476753388305,41.24480667832015,50.85352900090606,75.9876737315796,99.58686868021066,37.9337612358267,53.619126252613704,60.96679392808857,74.52699427470628,24.263289366596116,35.59576438545617,48.84673991889568,54.66184319254001,60.689842250821265,85.11901226752369,95.21009520475369,27.44145077720207,27.66489114140264,69.57139281094348,23.34932494030675,31.240244462161964,44.257077244177935,12.051468057471881,24.668088973076845,36.073004403374874,38.88384947883288,48.51443815540489,64.01025767232696,71.64040212589099,25.542062280209066,38.09508511234459,43.543380515719235,44.749544683457124,73.19744663734363,0.0,14.522294315040432
14.563786584511972,32.657770323563696,51.25747195350207,57.3104294683088,81.23074867110012,124.82359638789444,35.22238236638632,61.66575654973187,25.311598642576286,41.24464964394952,50.89363108490391,76.02419662658319,99.6265541658297,37.93835121474217,53.63794927722043,61.0193983001318,74.57545370755551,24.22781272741586,35.59694332900078,48.888827055795126,54.681062141143464,60.72947244458357,85.1779085429672,95.25052942356686,27.44145077720207,27.668627005076814,69.60914921674086,23.35003703603144,31.243212442204356,44.2948894378824,12.013646542615366,24.66818295903534,36.100506265821025,38.92195600723767,48.569810701229876,64.04524314141837,71.68813232690786,25.543447118183824,38.12962332643388,43.56510875503924,44.79373753345575,73.26157157384709,0.0,14.563786584511973
14.605278853983519,32.64003255302829,51.290538408439936,57.317950818571006,81.32883497538216,124.86862912683388,35.22463819807766,61.70499298751207,25.278401153332574,41.244491004840384,50.93374505677931,76.06073530463813,99.66624218319525,37.94292619667523,53.65666980095646,61.07197183811275,74.62406147232012,24.19232092824102,35.59811952772847,48.93091247638792,54.700222128987555,60.769117358656594,85.23675592544235,95.29107639691506,27.44145077720207,27.6723561478791,69.64691234341011,23.350746032700304,31.246163801644204,44.33272135124523,11.975813340927973,24.668277174337458,36.127944460994726,38.96008783765673,48.62508710074435,64.08033072277104,71.73590638471936,25.54482544782823,38.1640968330664,43.58679444574576,44.8379743963166,73.32576626188899,0.0,14.605278853983519
14.646771123455062,32.62225741570068,51.32351400916486,57.325466903135634,81.4269889937876,124.91372763835273,35.22688735407735,61.744236100983926,25.245175195780682,41.244330857236406,50.97387076686281,76.09728969483477,99.70593272701414,37.947486248365294,53.67528886209669,61.12451354946451,74.67281745655268,24.156814040037272,35.59929298893231,48.97299618256697,54.71932339685349,60.80877686184629,85.29555381806003,95.3317365319487,27.44145077720207,27.676078586144577,69.68468217461619,23.35145195010028,31.24909866763499,44.37057283732601,11.937968514920772,24.66837161559165,36.15531910090027,38.99824480897016,48.68026728823931,64.11552032501403,71.78372444640169,25.54619731706483,38.19850496315827,43.60844167902781,44.882252086877024,73.39003041660422,0.0,14.646771123455062
14.688263392926606,32.604444986230426,51.35639728677822,57.33298054113515,81.52520916756986,124.958892056314,35.229129862285895,61.78348586224693,25.211920898907255,41.24416929516468,51.01400806793275,76.1338597266591,99.74562579200807,37.95203143618343,53.693807482260844,61.177022464689216,74.72172154176032,24.121292133231595,35.600463719918324,49.01507817618475,54.73836618459163,60.84845082396932,85.3543016252751,95.37251023496059,27.44145077720207,27.679794336161844,69.72245869407047,23.352154807853672,31.252017166172738,44.408443750506414,11.900112126597197,24.668466279435187,36.18263029875546,39.03642675941873,48.73535120254301,64.15081185159269,71.83158665958175,25.5475627733278,38.23284704317976,43.63005433301631,44.92656763719374,73.45436375390074,0.0,14.688263392926606
14.729755662398151,32.586595338684255,51.38918675205417,57.34049455310819,81.62349395663055,125.00412251543663,35.23136575045852,61.82274224354585,25.178638391059444,41.244006410484346,51.05415681516686,76.1704453299903,99.785321372914,37.95656182613494,53.71222666669864,61.22949763706418,74.77077360341069,24.085755277718064,35.6016317280045,49.05715845905122,54.75735073111857,60.888139115851985,85.41299875297392,95.41339791129917,27.44145077720207,27.68350341417314,69.7602418855307,23.352854625419777,31.254919422107196,44.446333946477395,11.862244237458894,24.66856116253416,36.20987816893546,39.07463352665941,48.79033878704369,64.18620520074792,71.87949317243068,25.548921863569344,38.2671223952131,43.65163608931459,44.97091827994231,73.51876599046518,0.0,14.72975566239815
14.771247931869695,32.56870854655501,51.4218808953659,57.34801176134152,81.72184183924158,125.04941915129606,35.233595046206005,61.8620052172699,25.145327799947516,41.24384229293392,51.09431686609472,76.20704643509806,99.82501946448383,37.96107748386177,53.73054740457259,61.28193814234935,74.81997351093933,24.05020354286354,35.60279702051988,49.09923703293274,54.77627727441463,60.92784160932928,85.47164460856283,95.45439996528076,27.44145077720207,27.6872058363745,69.79803173280088,23.35355142209658,31.257805559152946,44.48424328222638,11.824364908511237,24.66865626158331,36.237062826917644,39.11286494781967,48.84522998971144,64.22170026549597,71.92744413365708,25.55027463426597,38.30133033701481,43.67319044816605,45.01530143317561,73.58323684376825,0.0,14.771247931869693
14.812740201341239,32.55078468277053,51.454478186626154,57.355534990195004,81.82025131177018,125.09478210032441,35.23581777699554,61.90127475595191,25.11198925264746,41.24367703017741,51.13448808055162,76.24366297264031,99.86472006148433,37.965578474645206,53.74877066923796,61.334343078496175,74.86932112775834,24.014636997513325,35.603959604803705,49.14131389954988,54.795146051521655,60.96755817724343,85.53023860105748,95.49551680010033,27.44145077720207,27.690901618915866,69.83582821973108,23.354245217022363,31.2606756999004,44.52217161602469,11.786474200269003,24.66875157330607,36.264184389227665,39.15112085955095,48.90002476311937,64.25729693360934,71.97543969250012,25.551621131424696,38.33547018208176,43.694720742369036,45.05971468633117,73.64777603207021,0.0,14.812740201341237
14.854232470812782,32.53282381970229,51.48697707524298,57.36306706640886,81.91872088840711,125.14021149981116,35.2380339701516,61.9405508322674,25.078622875603585,41.24351070784945,51.17467032063339,76.2802948736606,99.9044231586972,37.97006486340819,53.766897418519726,61.38671156535786,74.91881631126657,23.979055709996718,35.60511948820461,49.183389060575934,54.81395729854103,61.00728869344232,85.58878014117384,95.5367488177415,27.44145077720207,27.694590777901237,69.87363133021725,23.354936029177317,31.263529965826717,44.56011880741496,11.748572172761838,24.668847094454343,36.29124297338654,39.18940109808081,48.954723064463955,64.29299508759863,72.02347999872266,25.55296140058908,38.36954123972196,43.716230150041596,45.10415578738444,73.71238327442595,0.0,14.85423247081278
14.895724740284328,32.51482602917408,51.51937599009119,57.370610819391985,82.01724910089783,125.18570748790346,35.24024365285678,61.97983341903376,25.045228794631146,41.24334340959949,51.214863450652004,76.31694206958574,99.94412875091892,37.97453671471785,53.78492859498659,61.43904274440162,74.96845891286091,23.943459748132454,35.60627667807962,49.22546251763536,54.83271125063219,61.04703303277783,85.64726864141967,95.57809641888504,27.44145077720207,27.698273329388805,69.91144104820123,23.355623877385156,31.266368477306614,44.59808471719877,11.710658885539626,24.668942821808457,36.31823869785874,39.22770549926418,49.009324855584595,64.32879460469537,72.071565202604,25.55429548684531,38.403542815129455,43.737721706331655,45.14862263105269,73.7770582906901,0.0,14.895724740284328
14.937217009755871,32.49679138247039,51.5516733395007,57.37816908149039,82.11583449827671,125.23127020360656,35.24244685215269,62.019122489209394,25.01180713491894,41.243175217134755,51.25506733709259,76.35360449222328,99.98383683296086,37.97899409278797,53.802865126221924,61.49133577842231,75.01824877794938,23.907849179234162,35.60743118179345,49.267534272301575,54.851408142011365,61.08679107110371,85.70570351618726,95.61956000281677,27.44145077720207,27.70194928939107,69.9492573576705,23.356308780314667,31.269191353623096,44.63606920742433,11.672734397677852,24.669038752177055,36.345171682001656,39.266033898633474,49.06383010298243,64.36469535683564,72.11969545493294,25.555623434827993,38.43747420946381,43.759198314160706,45.19311324796086,73.84180080152201,0.0,14.937217009755871
14.978709279227415,32.4787199503447,51.583867511263016,57.38574468823499,82.21447564660426,125.27689978678393,35.244643594940754,62.058418015892876,24.97835802103196,41.2430062102624,51.29528184857108,76.39028207375922,100.02354739964885,37.98343706148132,53.820707925091426,61.543589851258226,75.06818574596525,23.872224070115635,35.6085830067178,49.30960432609573,54.87004820595066,61.12656268527347,85.7640841818474,95.66113996733387,27.44145077720207,27.705618673875016,69.98708024265811,23.356990756481295,31.27199871297806,44.67407214137428,11.634798767782911,24.669134882397078,36.372042046015984,39.30438613144766,49.11823877783833,64.40069721064506,72.1678709070003,25.556945288726038,38.47133471993415,43.78066275408262,45.237625794688256,73.9066105283905,0.0,14.978709279227415
15.020201548698958,32.460611803027724,51.61595687265628,57.39334047856777,82.31317112870752,125.32259637815777,35.24683390798304,62.09771997232214,24.94488157691397,41.24283646693051,51.33550685579301,76.42697474675545,100.0632604458236,37.9878656843121,53.83845789000744,61.595804167508675,75.11826965038263,23.836584487096136,35.60973216023033,49.351672680484405,54.88863167477726,61.16634775313799,85.822410056844,95.70283670865055,27.44145077720207,27.7092814987622,70.02490968724247,23.35766982424865,31.27479067250287,44.71209338355366,11.596852053997164,24.669231209333418,36.398849910897034,39.342762032740055,49.172550856029986,64.43680002742434,72.21609171059141,25.55826109228833,38.50512363988779,43.80211769333211,45.28215854462094,73.97148719357857,0.0,15.020201548698958
15.061693818170506,32.44246701023551,51.64793977049023,57.40095929504468,82.41191954392367,125.36836011930914,35.249017817903145,62.13702833187358,24.911377925890203,41.24266606326853,51.375742231513094,76.46368244414752,100.10297596634035,37.99228002444828,53.8561159051901,61.64797795225356,75.16850031873354,23.80093049600554,35.610878649714046,49.39373933687812,54.90715877987326,61.206146153542946,85.88068056179017,95.74465062130281,27.44145077720207,27.712937779928904,70.06274567554729,23.358346001830053,31.277567348268754,44.75013279967792,11.558894314004192,24.669327729879093,36.425595398387756,39.38116143736535,49.226766318148286,64.47300366313624,72.26435801797876,25.559570888829366,38.53884025890376,43.823565694131716,45.326709879541205,74.03643052018785,0.0,15.061693818170504
15.10318608764205,32.424285641177306,51.67981453117225,57.40860398401516,82.51071950784639,125.41419115267831,35.251195351186986,62.17634306806128,24.87784719066989,41.24249507362606,51.41598785049585,76.50040509924212,100.14269395606884,37.99668014471399,53.87368284092479,61.700110450775135,75.21887757262621,23.7652621621895,35.61202248255671,49.43580429662927,54.925629751675466,61.24595776632609,85.93889511956442,95.78658209805168,27.44145077720207,27.71658753320629,70.10058819174147,23.359019307290037,31.280328855297164,44.78819025666106,11.52092560503374,24.669424440954877,36.45227863093209,39.41958418004524,49.280885149512734,64.50930796839312,72.31266998191404,25.560874721234807,38.57248386289094,43.8450092213202,45.371278281890966,74.10144023214322,0.0,15.103186087642047
15.144678357113593,32.406067764563424,51.71157946079514,57.41627739577631,82.6095696520759,125.46008962156475,35.25336653418362,62.215664154536185,24.844289493348967,41.24232357061165,51.45624358947707,76.53714264571488,100.18241440989323,38.00106610759176,53.89115955381636,61.752200928281795,75.26940122776485,23.729579550514455,35.61316366614967,49.47786756103028,54.944044819675725,61.28578247231431,85.99705315540871,95.82863152978618,27.44145077720207,27.72023077438048,70.13843722003881,23.35968975854581,31.28307530757006,44.82626562260394,11.482945983866703,24.66952133950932,36.47889973163012,39.45803009541311,49.3349073401861,64.54571278844608,72.36102775562051,25.562172631966888,38.60605373419125,43.86645064935958,45.415862327651766,74.16651605419676,0.0,15.144678357113591
15.186170626585136,32.38781344861304,51.74323284524826,57.42398238470145,82.70846862397161,125.5060556701274,35.25553139310609,62.25499156508526,24.810704955412653,41.24215162512998,51.496509327126006,76.5738950176079,100.22213732271234,38.0054379752249,53.908546887039584,61.80424866963425,75.32007109397063,23.693882725372607,35.61430220788762,49.51992913131162,54.96240421242132,61.325620153320564,86.05515409702672,95.87079930542487,27.44145077720207,27.723867519192755,70.17629274469807,23.36035737336875,31.285806818040022,44.86435876678258,11.444955506840017,24.669618422518557,36.50545882419398,39.496499018057655,49.38883288498813,64.58221796317473,72.40943149278507,25.563464663069833,38.63954915168775,43.88789226877397,45.46046067978855,74.23165771193233,0.0,15.186170626585135
15.227662896056682,32.36952276106159,51.774772950352435,57.43172180934101,82.80741508640817,125.55208944338474,35.25768995403219,62.29432527363071,24.777093697738117,41.241979306418635,51.536784944008524,76.61066214932754,100.26186268943924,38.00979580941971,53.92584567058634,61.8562529790736,75.37088697520434,23.65817175068686,35.61543811516774,49.56198900864001,54.98070815751592,61.36547069214069,86.11319737468348,95.91308581181697,27.44145077720207,27.727497783339622,70.21415475002277,23.361022169385844,31.28852349864035,44.902469559636714,11.406954229851545,24.669715686986198,36.53195603290476,39.534990782565316,49.4426617835084,64.61882332707809,72.45788134755003,25.564750856175095,38.67296939091791,43.90933629206743,45.50507208220902,74.29686493176919,0.0,15.227662896056684
15.269155165528225,32.35119576916847,51.806198022020595,57.439498532495556,82.90640771753463,125.59819108721487,35.25984224290533,62.33366525422912,24.74345584059707,41.24180668208374,51.577070322551165,76.64744397564193,100.30159050500117,38.01413967164778,53.943056721508896,61.90821317995208,75.4218486695899,23.622446689915648,35.616571395388846,49.60404719411603,54.99895688162037,61.40533397254987,86.17118242130499,95.95549143364205,27.44145077720207,27.731121582472998,70.25202322036093,23.361684164081108,31.291225460295045,44.94059787275829,11.368942208364745,24.669813129943186,36.55839148257095,39.57350522356166,49.49639404011834,64.65552870926666,72.50637747450503,25.566031252506612,38.70631372419171,43.930784859165264,45.549695354195016,74.36213744096621,0.0,15.269155165528227
15.310647434999769,32.3328325397243,51.8375062864446,57.44731542125921,83.0054452105367,125.6443607483555,35.261988285535274,62.37301148107072,24.709791503658433,41.24163381813506,51.61736534700585,76.684240431679,100.3413207643399,38.018469623048205,53.96018084415972,61.96012861446578,75.47295596943958,23.586707606057715,35.61770205595106,49.6461036887725,55.01715061045422,61.445209879299235,86.22910867257968,95.99801655330951,27.44145077720207,27.73473893220032,70.28989814010515,23.36234337479704,31.29391281292867,44.978743578880284,11.33091949741343,24.669910748447595,36.58476529848746,39.612042175751746,49.55002966398222,64.69233393345556,72.55492002867862,25.567305892885855,38.73958142071542,43.95224004241841,45.594329385265816,74.42747496762551,0.0,15.31064743499977
15.35213970447131,32.31443313905814,51.86869595030973,57.455175347032394,83.10452627340214,125.69059857440408,35.264128107598985,62.41236392847855,24.676100805990927,41.241460779020066,51.657669903415155,76.72105145292385,100.38105346241129,38.022785724429816,53.977218830427695,62.01199864338991,75.52420866128053,23.550954561656845,35.618830104255,49.688158493572,55.035289568797126,61.48509829811211,86.28697556705987,96.04066155085721,27.44145077720207,27.738349848084667,70.32777949369233,23.362999818735975,31.29658566547617,45.01690655186538,11.292886151606405,24.670008539584636,36.611077606396236,39.65060147395934,49.603568669067435,64.72923881795879,72.60350916553001,25.568574817736934,38.77277174672013,43.97370385120722,45.638973130436696,74.49287724069617,0.0,15.352139704471313
15.393631973942856,32.29599763304477,51.899765201038164,57.46308118550311,83.20364962868915,125.73690471381748,35.2662617346414,62.45172257090768,24.64238386606575,41.24128762765748,51.697983879579084,76.75787697521672,100.42078859418537,38.02708803627334,53.99417145997055,62.063822645816344,75.5756065258823,23.515187618806518,35.619955547700954,49.73021160940488,55.05337398049088,61.52499911568026,86.34478254626399,96.08342680384884,27.44145077720207,27.741954345644913,70.36566726560363,23.363653512961516,31.29924412589256,45.05508666669499,11.254842225131952,24.67010650046631,36.63732853244746,39.68918295316511,49.65701107415365,64.76624317568437,72.6521450409402,25.569838067091553,38.80588396559605,43.9951782361781,45.68362560583978,74.55834398997789,0.0,15.393631973942856
15.4351242434144,32.27752608711164,51.93071220706201,57.471035816594885,83.30281401329819,125.78327931591215,35.268389192076214,62.49108738294441,24.608640801759165,41.24111442546975,51.7383071650216,76.79471693475065,100.46052615464626,38.03137661873364,54.011039500443765,62.11560001889352,75.62714933828626,23.479406839154493,35.621078393688755,49.77226303708712,55.07140406844123,61.56491221965974,86.40252905477986,96.12631268727128,27.44145077720207,27.745552440355837,70.40356144036426,23.364304474399866,31.301888301162553,45.0932837994582,11.216787771762421,24.670204628231424,36.6635182031622,39.72778644854371,49.71035690284111,64.80334681413089,72.70082781120345,25.571095680593874,38.83891733803182,44.01666509314297,45.72828588467675,74.62387494612412,0.0,15.4351242434144
15.476616512885943,32.25901856624578,51.961535118127934,57.47904212438089,83.40201817824658,125.82972253086382,35.27051050518666,62.530458339305504,24.57487173035516,41.24094123241516,51.77863965095868,76.83157126806935,100.50026613879216,38.03565153164175,54.02782370772565,62.167330177568836,75.67883686783553,23.443612283907363,35.6221986496168,49.81431277735797,55.089380054620435,61.60483749866704,86.46021454036824,96.16931957343085,27.44145077720207,27.749144147648277,70.44146200254336,23.364952719841195,31.30451829731007,45.1314978273409,11.17872284485865,24.67030292004535,36.689646745396,39.76641179549986,49.76360618355815,64.84054953538495,72.74955763301844,25.57234769750536,38.87187112215957,44.03816626666922,45.77295309347581,74.68946984064573,0.0,15.476616512885943
15.518108782357487,32.24047513500074,51.99223206563394,57.48710299696274,83.50126088844627,125.87623450970747,35.27262569912628,62.56983541483743,24.541076768548052,41.24076810701888,51.81898123026656,76.86843991206482,100.54000854163536,38.03991283450716,54.044524826138954,62.21901255433328,75.73066887820701,23.407804013834994,35.62331632288153,49.856360830877605,55.10730216006961,61.64477484227469,86.51783845406698,96.21244783184942,27.44145077720207,27.75272948290924,70.47936893675394,23.365598265940974,31.307134219407693,45.16972862861503,11.140647497374294,24.67040137309991,36.7157142863034,39.80505882970337,49.81675894956749,64.87785113612,72.79833466347911,25.573594156709515,38.90474457370528,44.05968355338533,45.817626408627724,74.75512840591402,0.0,15.518108782357487
15.559601051829032,32.22189585750326,52.022801162999734,57.495221326312596,83.60054092248481,125.92281540433697,35.27473479891971,62.60921858451554,24.507256032445124,41.240595106403475,51.85933179745094,76.90532280397522,100.57975335820196,38.04416058651983,54.06114358866863,62.27064659896861,75.782645127444,23.371982089274983,35.6244314208771,49.89840719822494,55.12517060490171,61.684724141007166,86.57540025029584,96.25569782915927,27.44145077720207,27.756308461482025,70.5172822276527,23.366241129221308,31.309736171586,45.20797608262794,11.102561781860214,24.67049998461317,36.74172095330379,39.84372738712307,49.8698152389718,64.91525140759585,72.84715906006583,25.574835096716534,38.93753694614473,44.08121870502493,45.86230505317795,74.82085037516389,0.0,15.55960105182903
15.601093321300576,32.203280797459904,52.05324050607182,57.503400008077854,83.69985707240912,125.96946536750484,35.27683782946343,62.64860782344336,24.47340963756926,41.2404222863188,51.89969124861684,76.94221988138284,100.61950058353212,38.0483948465523,54.07768071717611,62.32223177829687,75.83476536799046,23.33614657013701,35.625543950994455,49.940451879895065,55.14298560830443,61.724685286336225,86.63289938696175,96.29906992899822,27.44145077720207,27.759881098666387,70.55520185993988,23.36688132607223,31.312324257042828,45.24624006979174,11.064465750468678,24.67059875182934,36.76766687404792,39.88241730405988,49.922775094718325,64.95275013565983,72.89603098063593,25.576070555667947,38.97024749086506,44.10277343123037,45.906988293854134,74.8866354824967,0.0,15.601093321300574
15.64258559077212,32.18463001816362,52.083548173564594,57.51164194134689,83.79920814351267,126.01618455282193,35.27893481552656,62.688003106851774,24.439537698861585,41.24024970117109,51.94005948143893,76.97913108221167,100.6592502126796,38.05261567316178,54.09413692260974,62.37376757593232,75.8870293467265,23.3002975159071,35.626653920621195,49.98249487629673,55.16074738854363,61.76465817067651,86.69033532556445,96.34256449190383,27.44145077720207,27.76344740971863,70.59312781835918,23.36751887275299,31.314898578052436,45.28452047157291,11.02635945495763,24.670697672018587,36.7935521763858,39.921128417178615,49.97563856460228,64.99034710074878,72.94495058341438,25.577300571341112,39.00287545733189,44.12434940213471,45.951675438309415,74.95248346288325,0.0,15.642585590772118
15.684077860243663,32.165943582500084,52.11372222753849,57.519950028374765,83.8985929541253,126.06297311475723,35.281025781751545,62.72740441009833,24.405640330684022,41.240077404051576,51.98043639513263,77.01605634472536,100.69900224071235,38.056823124592235,54.110512905212,62.425253492035836,75.9394368050049,23.26443498565192,35.62776133714073,50.024536187749916,55.178456162966704,61.80464268738072,86.74770753130241,96.3861818752071,27.44145077720207,27.767007409851768,70.63106008769759,23.368153785393336,31.31745923597461,45.32281717048193,10.988242946694738,24.670796742476842,36.819376988335335,39.959860563539,50.02840570126961,65.02804207789227,72.99391802698445,25.578525181153697,39.035420093262026,44.14594825073956,45.996365832564685,75.01839405216661,0.0,15.684077860243661
15.725570129715209,32.14722155295422,52.143760713916315,57.528327174268064,83.99801033540625,126.10983120863725,35.283110752654984,62.76681170866644,24.371717646822,41.239905446764176,52.02082189042598,77.0529956075253,100.7387566627116,38.06101725877639,54.12680935472255,62.47668904307165,75.991987478689,23.228559038022958,35.62886620793194,50.06657581448322,55.19611214800634,61.84463873073517,86.80501547317968,96.42992243292636,27.44145077720207,27.770561114235623,70.66899865278528,23.36878607999479,31.32000633126364,45.361130050063,10.950116276661577,24.6708959605257,36.845141438052174,39.99861358062565,50.08107656221858,65.06583483671703,73.04293347027772,25.579744422168062,39.067880644801974,44.16757157510475,46.041058858633455,75.08436698706451,0.0,15.72557012971521
15.767062399186752,32.12846399161622,52.17366166303906,57.53677628662709,84.09745913114016,126.15675899064567,35.28518975262833,62.806224978164636,24.337769760487006,41.239733879852814,52.06121586953161,77.08994880954798,100.77851347377273,38.06519813333776,54.143026950578246,62.52807376156644,76.0446810981918,23.19266973126063,35.629968540368715,50.10861375663103,55.21371555918453,61.88464619595473,86.86225862411209,96.47378651566015,27.44145077720207,27.774108537996966,70.70694349849548,23.369415772431868,31.322539963477254,45.39945899488385,10.911979495457636,24.670995323512155,36.87084565380031,40.03738730637692,50.1336512098004,65.10372514145251,73.09199707256468,25.580958331095623,39.10025635671197,44.18922094036426,46.085753932314894,75.15040200517218,0.0,15.767062399186754
15.808554668658296,32.109670960187906,52.203423090262305,57.54530027514532,84.19693819753594,126.20375661782293,35.287262805938646,62.845644194325864,24.303796784319253,41.239562752628174,52.10161823611996,77.12691589006336,100.81827266900449,38.06936580559265,54.15916636210927,62.57940719587088,76.09751738851607,23.156767123198403,35.63106834181933,50.15065001423096,55.23126661111662,61.92466497917793,86.91943646103445,96.51777447048035,27.44145077720207,27.777649696219655,70.74489460974434,23.370042878453333,31.325060231285413,45.43780389052577,10.873832653304298,24.671094828808563,36.89648976392383,40.07618157921304,50.186129711218975,65.14171275093754,73.14110899344456,25.582166944301093,39.132546472555795,44.210897880581676,46.13045050114192,75.2164988449646,0.0,15.808554668658298
15.85004693812984,32.09084251998867,52.23304299659381,57.553902051164066,84.29644640302875,126.2508242480653,35.28932993672933,62.885069333006726,24.269798830390247,41.239392113193595,52.142028895292626,77.16389678867257,100.8580342435293,38.07352033255219,54.175228248731905,62.6306889099236,76.15049606929581,23.120851271266815,35.63216561964605,50.19268458722082,55.24876551751592,61.964694977462,86.97654846500764,96.56188664082492,27.44145077720207,27.78118460394476,70.78285197149079,23.37066741368341,31.327567232479076,45.47616462357357,10.835675800048703,24.67119447381234,36.92207389681961,40.114996238063085,50.23851213852956,65.1797974186282,73.19026939283548,25.58337029780669,39.16475023489621,44.23260390045737,46.17514804247206,75.28265724579894,0.0,15.850046938129841
15.891539207601387,32.07197873196143,52.262519369374026,57.56258452718187,84.39598262808454,126.29796204012492,35.29139116902087,62.924500370186735,24.235776010205427,41.23922200847061,52.18244775355647,77.20089144530581,100.89779819248305,38.077661770924244,54.19121326013774,62.68191848301744,76.20361685483873,23.08492223249746,35.633260381204764,50.23471747543583,55.266212491198175,62.004736088777825,87.03359412132586,96.60612336639046,27.44145077720207,27.784713276170656,70.82081556873642,23.371289393622995,31.330061063978857,45.51454108160575,10.797508985167733,24.67129425594589,36.94759818091086,40.15383112239112,50.2907985686365,65.21797889260698,73.2394784309641,25.58456842729629,39.19686688549604,44.254340476898484,46.2198460617099,75.34887694791675,0.0,15.891539207601387
15.93303147707293,32.05307965667856,52.29185018300001,57.571350616317694,84.49554576500798,126.3451701536087,35.29344652671156,62.96393728196759,24.20172843470679,41.239052484224004,52.222874718798,77.23789980022038,100.93756451101531,38.08179017711537,54.207122036479454,62.73309550956792,76.25687945417003,23.048980063526887,35.63435263384435,50.2767486786057,55.28360774408635,62.04478821200463,87.09057291962402,96.65048498302468,27.44145077720207,27.788235727853206,70.85878538652541,23.37190883365083,31.332541821843584,45.55293315318473,10.759332257771755,24.671394172656374,36.97306274462165,40.19268607222134,50.3429890832898,65.256256915593,73.2887362683554,25.585761368119496,39.228895665525016,44.276109060461906,46.26454409065112,75.41515769244609,0.0,15.93303147707293
15.974523746544474,32.03414535434774,52.32103339969379,57.58020323172705,84.59513471775281,126.39244874897777,35.295496033578196,63.003380044572495,24.167656214275464,41.23888358508594,52.263309700258716,77.27492179399844,100.97733319428902,38.08590560723283,54.22295520855325,62.78421959888437,76.31028357107692,23.013024820600545,35.6354423849064,50.318778196351246,55.300951487215876,62.08485124692492,87.1474843539849,96.69497182261883,27.44145077720207,27.79175197390585,70.8967614099443,23.372525749024707,31.335009601278802,45.59134072784718,10.721145666608416,24.67149422141559,36.99846771635235,40.23156092816241,50.39508376908107,65.2946312249534,73.33804306582228,25.586949155295656,39.260835815772204,44.29791107667952,46.30924168593883,75.4814992214036,0.0,15.974523746544474
16.016016016016017,32.01517588481751,52.35006697031624,57.58914528596969,84.69474840173525,126.43979798754664,35.29753971327684,63.042828634345405,24.133559458734315,41.23871535457996,52.30375260851083,77.31195736754525,101.01710423748037,38.090008117086434,54.23871339797774,62.83529037494307,76.36382890415483,22.977056559576535,35.636529641724835,50.36080602818158,55.31824393073977,62.12492509421906,87.20432792304676,96.73958421300037,27.44145077720207,27.795262029199748,70.93474362412195,23.37314015488261,31.337464496645175,45.62976369609445,10.682949260066406,24.67159439971971,37.02381322445598,40.27045553143079,50.44708271743811,65.3331015527159,73.38739898445485,25.588131823517852,39.292686576863986,44.31974792727438,46.35393842762338,75.5479012776964,0.0,16.01601601601602
16.05750828548756,31.996171307583033,52.37894883522684,57.598179690328905,84.79438574365011,126.48721803148263,35.2995775893435,63.082283027750286,24.09943827735056,41.23854783514431,52.34420335543299,77.34900646208679,101.05687763577907,38.09409776219046,54.25439721736957,62.886307476162855,76.41751514685382,22.941075335929455,35.637614411625194,50.40283217349054,55.33548528393418,62.165009655459954,87.26110313011048,96.78432247782533,27.44145077720207,27.798765908563887,70.97273201422938,23.373752066243874,31.33990660146682,45.668201949383096,10.644743086179007,24.671694705089205,37.049099397215386,40.30936972387323,50.49898602461855,65.37166762558266,73.4368041856098,25.58930940715677,39.32444718948763,44.341620991275526,46.39863391781825,75.614363605124,0.0,16.057508285487565
16.099000554959105,31.977131681791537,52.407676925190536,57.60730935408094,84.8940456812899,126.5347090438047,35.301609685194855,63.12174320137047,24.065292778838366,41.238381068154666,52.38466185418748,77.38606901916815,101.09665338438818,38.09817459776556,54.27000727051591,62.93727055518285,76.47134198752697,22.905081204754108,35.63869670192466,50.444856631553534,55.3526757552041,62.205104833107626,87.31780948324631,96.82918693647093,27.44145077720207,27.802263626785223,71.01072656547957,23.374361498010334,31.342336008439517,45.70665538011548,10.606527192627876,24.671795135068653,37.07432636282139,40.348303347988455,50.55079379170283,65.41032916494528,73.48625883089953,25.59048194026456,39.356116894620506,44.36353162603889,46.44332777944444,75.68088594837994,0.0,16.099000554959108
16.14049282443065,31.958057066247857,52.436249162331976,57.61653718371461,84.99372716336637,126.582271188383,35.303636024128956,63.16120913190791,24.03112307136142,41.23821509394654,52.425128019197054,77.42314498065114,101.13643147852378,38.10223867874063,54.2855441525433,62.9881792786427,76.52530910947928,22.869074220769193,35.63977651993136,50.486879401523964,55.369815552089214,62.2452105305037,87.37444649540127,96.87417790392877,27.44145077720207,27.80575519860881,71.04872726312753,23.374968464967434,31.344752809438916,45.74512388163051,10.56830162674654,24.671895687226467,37.09949424935165,40.387256246947835,50.60250612458568,65.44908588690086,73.53576308218123,25.59164945657864,39.38769493376457,44.38548116818065,46.4880196550571,75.74746805305358,0.0,16.140492824430652
16.181985093902195,31.93894751941972,52.4646634611377,57.62586608210018,85.09342914933502,126.62990462993747,35.305656629325924,63.200680796182496,23.99692926253555,41.23804995183694,52.46560176612259,77.46023428871256,101.17621191341537,38.10629005975467,54.30100845008366,63.03903332696473,76.5794161910175,22.83305443832096,35.640853872944135,50.52890048242959,55.386904881270205,62.28532665186587,87.4310136845053,96.91929569069758,27.44145077720207,27.809240638737915,71.08673409247,23.375572981785357,31.34715709552861,45.783607348194444,10.530066435523882,24.67199635915484,37.12460318475044,40.42622826461544,50.65412313396692,65.48793750226933,73.58531710154554,25.592811989525398,39.4191805491863,44.40747093442925,46.53270920574818,75.81410966563153,0.0,16.181985093902195
16.22347736337374,31.919803099443097,52.49291772950703,57.63529894760691,85.19315060922214,126.67760953403697,35.30767152384861,63.240158171131334,23.962711459431272,41.237885680146,52.506083011841234,77.49733688584209,101.21599468430556,38.110328795158615,54.31640074143677,63.089832394138604,76.63366290550118,22.797021911386782,35.64192876825204,50.57091987316902,55.403943948574884,62.32545310228231,87.48751057357778,96.96454060267696,27.44145077720207,27.812719961834137,71.12474703884531,23.37617506302011,31.349548956968103,45.82210567499174,10.491821665607711,24.672097148469522,37.14965329680931,40.46521924556706,50.70564493534129,65.52688371661213,73.63492105130555,25.593969572223934,39.45057298416212,44.429502222402014,46.57739611011957,75.88081053349924,0.0,16.22347736337374
16.264969632845283,31.90062386412742,52.52100986985165,57.64483867316986,85.29289052345474,126.72538606709864,35.30968073064339,63.27964123380811,23.928469768576385,41.237722316217514,52.54657167442488,77.53445271484048,101.25577978644999,38.11435493901715,54.33172159673,63.14057618750812,76.68804892139458,22.76097669357873,35.64300121313417,50.61293757250766,55.420932958985034,62.36558978770608,87.54393669083316,97.0099129410611,27.44145077720207,27.816193182517548,71.16276608763344,23.37677472311462,31.351928483220778,45.8606187581161,10.453567363308137,24.67219805280962,37.174644713148375,40.504229035108594,50.75707164898701,65.56592423025168,73.68457509398529,25.595122237489598,39.48187148322873,44.45157631131089,46.62208006332162,75.94757040494221,0.0,16.264969632845283
16.306461902316826,31.881409870960706,52.548937780244316,57.654488145304455,85.39264788269301,126.77323439638604,35.31168427254071,63.31912996138234,23.894204295958573,41.23755989643965,52.58706767311933,77.5715817188174,101.29556721511736,38.11836854511054,54.34697157807447,63.19126442755991,76.7425739023195,22.72491883814706,35.644071214859196,50.65495357907402,55.437872116642836,62.40573661494941,87.60029156978656,97.05541300223308,27.44145077720207,27.819660315366807,71.20079122425572,23.377371976399818,31.354295762961705,45.89914649456151,10.415303574601026,24.672299069837443,37.199577561198566,40.54325747929351,50.808403399953676,65.60505873829248,73.73427939230821,25.596270017837657,39.5130752924389,44.473694462602815,46.666760776152394,76.01438902914741,0.0,16.306461902316826
16.347954171788373,31.8621611771146,52.57669935561652,57.664250243069944,85.4924216876652,126.82115469000847,35.31368217225588,63.35862433113871,23.859915147027927,41.237398456264884,52.627570928323415,77.60872384118962,101.33535696558951,38.12236966693645,54.36215123971867,63.24189684771475,76.79723750710924,22.688848397983705,35.64513878068499,50.696967891355385,55.4547616248583,62.44589349167794,87.65657474935837,97.10104107765969,27.44145077720207,27.823121374919285,71.23882243417479,23.377966837095684,31.35665088408545,45.93768878221345,10.37703034513126,24.67240019723831,37.22445196818449,40.58230442493963,50.8596403180489,65.64428693064299,73.78403410918554,25.597412945486777,39.54418365962201,44.49585792053872,46.71143797421324,76.08126615620465,0.0,16.34795417178837
16.389446441259917,31.842877839449372,52.60429248900545,57.67412783698088,85.59221094900529,126.86914711691988,35.31567445238969,63.39812432047644,23.825602426699547,41.23723803022952,52.66808136156906,77.64587902567919,101.3751490331612,38.12635835771168,54.377261128198555,63.292473194120646,76.85203938986291,22.652765425625667,35.64620391785841,50.73898050769388,55.47160168611617,62.486060326405074,87.71278577397865,97.14679745378675,27.44145077720207,27.82657637567119,71.27685970289441,23.378559319312313,31.358993933713716,45.976245519840106,10.338747720216178,24.672501432720416,37.24926806110821,40.62136971964511,50.910782537824076,65.68360849203899,73.83383940770433,25.598551052362474,39.57519583464974,44.51806791271532,46.75611139711688,76.14820153710717,0.0,16.389446441259913
16.43093871073146,31.823559914518857,52.63171507284994,57.684123787867705,85.69201468709348,126.91721184691701,35.31766113542911,63.43762990690856,23.791266239356084,41.23707865197275,52.70859889550145,77.6830472163113,101.41494341313998,38.13033467037392,54.39230178248512,63.34299322544822,76.90697920000108,22.61666997325842,35.64726663361495,50.78099142628187,55.488392502083585,62.52623702848598,87.76892419369081,97.19268241193505,27.44145077720207,27.830025332077696,71.31490301595946,23.379149437050952,31.361324998203003,46.01481660708372,10.300455744848627,24.6726027740146,37.274025966733674,40.66045321180369,50.96183019855918,65.72302310206791,73.88369545111577,25.599684370100587,39.60611106970626,44.54032565053369,46.800780797743904,76.21519492375333,0.0,16.430938710731457
16.472430980203004,31.804207458575267,52.65896500033478,57.694240945686,85.79183193189851,126.96534905063861,35.31964224374795,63.477141068061265,23.756906688850314,41.23692035425563,52.74912345385978,77.72022835741248,101.45474010084646,38.13429865758361,54.40727373412884,63.393456712688135,76.96205658232242,22.580562092719223,35.648326935178346,50.82300064515777,55.505134273617685,62.56642350811205,87.82498956425438,97.23869622819738,27.44145077720207,27.833468258553044,71.35295235895566,23.379737204205036,31.363644163152095,46.053401944452084,10.262154463700446,24.672704218874195,37.29872581157182,40.69955475061921,51.01278344424651,65.7625304351944,73.93360240282304,25.600812930050626,39.6369286195634,44.56263232961792,46.84544594154495,76.282246068947,0.0,16.472430980203
16.513923249674548,31.78482052757396,52.68604016678331,57.704482148275254,85.89166172282312,127.01355889956376,35.32161779960754,63.51665778167323,23.72252387850765,41.236763168979124,52.7896549614581,77.75742239360889,101.49453909161396,38.138250371725526,54.42217750740119,63.44386343895058,77.01727117706035,22.544441835500425,35.64938482976033,50.86500816220104,55.52182720077346,62.60661967630479,87.88098144724721,97.28483917333573,27.44145077720207,27.83690516947069,71.39100771750957,23.38032263456119,31.365951513409584,46.092001433309996,10.223843921125424,24.67280576507484,37.32336772186645,40.73867418611944,51.06364242357354,65.8021301607871,73.98356042636894,25.601936763279113,39.66764774186,44.584989130187324,46.89010660588484,76.34935472639884,0.0,16.513923249674544
16.55541551914609,31.76539917717814,52.71293847109743,57.71485022006815,85.99150310855146,127.06184156601041,35.323587825157325,63.556180025594976,23.688117911128757,41.236607127202255,52.83019334416701,77.79462926982421,101.53434038078852,38.14218986491065,54.43701361943345,63.49421319926679,77.07262261994138,22.508309252752767,35.65044032456038,50.907013975127725,55.538471482812135,62.64682544491013,87.93689941016643,97.33111151267963,27.44145077720207,27.84033607916342,71.42906907728836,23.380905741800245,31.368247133081194,46.13061497587086,10.185524161162594,24.672907410414332,37.347951823580814,40.777811369169164,51.114407289904676,65.84182194314651,74.0335696854239,25.60305590057283,39.6982676973857,44.607397217384985,46.934762579426014,76.41652065072672,0.0,16.555415519146088
16.596907788617635,31.745943462763492,52.73965781724433,57.72534797075045,86.09135514689955,127.11019722313398,35.32555234243564,63.595707777788206,23.653688888992015,41.236452259159584,52.870738528895195,77.83184893127789,101.57414396372923,38.146117188977755,54.45178258035278,63.54450580039275,77.1281105422436,22.472164395288523,35.6514934267654,50.949018081485285,55.55506731820936,62.68704072659239,87.99274302652911,97.37751350602542,27.44145077720207,27.84376100192347,71.46713642399988,23.381486539498244,31.370531105537136,46.16924247518847,10.147195227539186,24.67300915271238,37.37247824238476,40.81696615148265,51.16507820126214,65.88160544153398,74.08363034377308,25.6041703724421,39.728787750368944,44.62985774156586,46.97941366154868,76.48374359745685,0.0,16.59690778861763
16.63840005808918,31.72645343942269,52.76619611578867,57.735978193873336,86.19121690466753,127.15862604492568,35.32751137337025,63.635241016325146,23.6192369138561,41.236298594278345,52.91129044357188,77.86908132348327,101.61394983580739,38.15003239549521,54.46648489341535,63.59474106061466,77.18373457085632,22.43600731358471,35.65254414354937,50.99102047864742,55.571614904663846,62.7272654348283,88.04851187597127,97.42404540753664,27.44145077720207,27.84717995200263,71.50520974339226,23.382065041127394,31.37280351341933,46.207883835148664,10.10885716367382,24.673110989810514,37.39694710364271,40.856138385635404,51.21565532030585,65.92148031020189,74.13374256530413,25.605280209123944,39.759207168768846,44.652371838546756,47.02405966180512,76.55102332302395,0.0,16.638400058089175
16.679892327560722,31.706929161970024,52.792551285469486,57.74674366541913,86.29108745749463,127.20712820621088,35.329464939779044,63.67477971938789,23.584762086962503,41.23614616119532,52.9518490171291,77.90632639224577,101.65375799240739,38.153935535762585,54.48112105513698,63.64491880955663,77.23949432834,22.399838057786255,35.6535924820732,51.03302116380893,55.588114439106384,62.76749948390138,88.10420554434657,97.47070746564509,27.44145077720207,27.850592943612394,71.54328902125403,23.382641260057078,31.37506443864858,46.24653896046129,10.070510012679465,24.67321291957184,37.42135853240207,40.89532792507532,51.26613881431242,65.96144619842508,74.18390651399434,25.60638544058523,39.78952522457089,44.67494062982081,47.06870039940579,76.61835958477211,0.0,16.679892327560722
16.721384597032266,31.687370684945584,52.81872125481987,57.757647142321076,86.39096588971638,127.25570388264742,35.331413063370675,63.7143238652678,23.550264509038033,41.23599498777325,52.99241417948483,77.94358408366116,101.69356842892589,38.157826660812354,54.495691555421025,63.69503888799019,77.29538943298722,22.363656677709056,35.654638449484466,51.07502013397993,55.60456611770893,62.80774278889557,88.1598236238228,97.5174999229532,27.44145077720207,27.85399999092408,71.58137424341389,23.38321520955479,31.37731396243165,46.28520775665205,10.032153817366439,24.67331493988091,37.445712653382415,40.93453462413314,51.31652885515299,66.00150275053313,74.23412235389766,25.60748609652576,39.81974119408609,44.69756522273875,47.113335702735256,76.68575214095513,0.0,16.721384597032266
16.76287686650381,31.66777806261988,52.84470396382831,57.76869136094038,86.49085129422403,127.3043532507238,35.33335576574521,63.75387343236482,23.51574428029737,41.23584510111707,53.03298586152602,77.98085434411352,101.73338114077228,38.16170582141156,54.510196877683775,63.74510114764586,77.35141949888427,22.327463222843058,35.65568205291699,51.11701738598043,55.620970135894,62.847995265689434,88.2153657129785,97.56442301613771,27.44145077720207,27.85740110806892,71.61946539574059,23.3837869027871,31.379552165268304,46.32389013005462,9.993788620245311,24.673417048643504,37.470009590965205,40.9737583380324,51.366825619270415,66.04164960594406,74.28439024913196,25.608582206381378,39.84985435825368,44.72024671065918,47.15796540889592,76.75320075073701,0.0,16.76287686650381
16.804369135975353,31.648151348997953,52.87049736563978,57.7798790355007,86.59074277232679,127.35307648775742,35.33529306839474,63.79342839918684,23.481201500445557,41.23569652758944,53.07356399509228,78.01813712027362,101.77319612336841,38.16557306806343,54.52463749897708,63.79510545102655,77.40758413597295,22.291257742355306,35.656723299490714,51.15901291643416,55.637326688344245,62.88825683095032,88.27083141689721,97.61147697585427,27.44145077720207,27.860796309138205,71.65756246414286,23.384356352820582,31.381779126958254,46.36258598780273,9.955414463529864,24.673519243786497,37.494249469184176,41.01299892289861,51.41702928765532,66.08188639919896,74.33471036386558,25.60967379932691,39.87986400294672,44.74298617306984,47.20258936327774,76.82070517419213,0.0,16.804369135975353
16.8458614054469,31.62849059782366,52.89609942829429,57.791212856483064,86.69063943361527,127.40187377189258,35.33722499270402,63.832988744349095,23.44663626868049,41.235549292826406,53.11414851295964,78.05543235909731,101.81301337214862,38.16942845100907,54.53901389010885,63.84505167122307,77.46388295011371,22.25504028509289,35.65776219631165,51.20100672176249,55.65363596901254,62.928527402128076,88.32622034726107,97.65866202664367,27.44145077720207,27.864185608183405,71.6956654345692,23.384923572622764,31.38399492660804,46.40129523782231,9.917031389139964,24.67362152325766,37.51843241171618,41.05225623576808,51.46714004582116,66.12221275999771,74.3850828623045,25.610760904279168,39.90976941928065,44.765784675681786,47.24720741915223,76.88826517230568,0.0,16.8458614054469
16.887353674918444,31.60879586258385,52.921508136501224,57.802695488983105,86.79054039582822,127.45074528209861,35.33915155995112,63.872554446573545,23.412048683695428,41.23540342175234,53.154739348824954,78.09274000782324,101.85283288255961,38.173272020228964,54.55332651576056,63.8949396917312,77.52031554314858,22.21881089958594,35.658798750471256,51.24299879817805,55.66989817113213,62.96880689744929,88.38153212244265,97.70597838683933,27.44145077720207,27.867569019216283,71.73377429300785,23.38548857506304,31.386199642637823,46.440017788823795,9.878639438704319,24.673723885025467,37.54255854187268,41.09153013459587,51.517158083778604,66.16262831323598,74.43550790867847,25.611843549899906,39.93956990392449,44.788643270498355,47.2918194372892,76.95588050697373,0.0,16.887353674918444
16.928845944389987,31.58906719651247,52.94672149344668,57.81432957103332,86.89044478472103,127.49969119816765,35.34107279130799,63.91212548468822,23.37743884368149,41.23525893859486,53.19533643729023,78.13006001397156,101.89265465006052,38.177103825444725,54.56757583460287,63.94476940627111,77.57688151296529,22.182569634050513,35.65983296904645,51.28498914167811,55.686113487227175,63.0090952359111,88.43676636759541,97.7534262684761,27.44145077720207,27.870946556209013,71.77188902548669,23.386051372913574,31.388393352788153,46.47875355029448,9.84023865356342,24.67382632707898,37.56662798259179,41.13082047826356,51.56708359600885,66.2031326790431,74.4859856672279,25.61292176459866,39.96926475941441,44.81156299586064,47.33642528559491,77.02355094100328,0.0,16.928845944389987
16.97033821386153,31.569304652594585,52.971737522631265,57.82611771189251,86.99035173393612,127.5487117007129,35.342988707841165,63.95170183762659,23.34280684633015,41.2351158668993,53.23593971384759,78.167392325342,101.93247867012272,38.18092391612057,54.58176229940854,63.99454071860805,77.63358045356144,22.146316536391506,35.660864859099426,51.326977748037685,55.70228210912338,63.049392337275314,88.491922714743,97.80100587720074,27.44145077720207,27.8743182330943,71.81000961807293,23.386611978850212,31.390576134126622,46.51750243249091,9.801829074772135,24.673928847427593,37.59064085643075,41.17012712658611,51.61691678143597,66.24372547282114,74.53651630219004,25.61399557653563,39.99885329446917,44.83454487647087,47.381024838770024,77.09127623811236,0.0,16.97033821386153
17.011830483333075,31.549508283570347,52.9965542697356,57.838062490305646,87.09026038487607,127.59780697116595,35.34489933051229,63.991283484427,23.308152788835663,41.234974229542644,53.27654911486432,78.2047368900122,101.97230493822994,38.184732341464986,54.59588635716312,64.04425354237559,77.6904119551095,22.110051654205495,35.66189442767727,51.368964612802486,55.71840422795947,63.08969812206231,88.54700080286624,97.848717412184,27.44145077720207,27.877684063765496,71.84813605687329,23.387170405453364,31.39274806305449,46.55626434643144,9.763410743102591,24.674031444100947,37.61459728555908,41.209449940318464,51.66665784339854,66.28440630528506,74.58709997778527,25.615065013624477,40.028334824307734,44.857589923395665,47.42561797798625,77.1590561629301,0.0,17.011830483333075
17.05332275280462,31.529678141938952,53.02116980451032,57.85016645273731,87.19016988657812,127.64697719177498,35.34680468017879,64.03087040423205,23.273476767897638,41.23483404874784,53.31716457756839,78.24209365633581,102.01213344987818,38.18852915043226,54.609948449173366,64.09390780090006,77.74737560402218,22.07377503478355,35.66292168181195,51.41094973128133,55.73448003419814,63.13001251154508,88.60200027798922,97.89656106603411,27.44145077720207,27.881044062076725,71.88626832803358,23.38772666520889,31.39490921531319,46.59503920388876,9.724983699046794,24.67413411514867,37.63849739175204,41.248788781161466,51.716306989620215,66.32517478250371,74.6377368582032,25.6161301035351,40.05770867096798,44.880699134050076,47.47020459058074,77.22689048099649,0.0,17.05332275280462
17.094815022276162,31.509814279962487,53.04558222268778,57.86243211158171,87.2900793955917,127.69622254560224,35.34870477759445,64.07046257628794,23.23877887972338,41.23469534609699,53.35778604003395,78.27946257294106,102.05196420057558,38.192314391724,54.623949011173316,64.14350342702716,77.80447098301799,22.03748672511402,35.66394662852002,51.45293309853857,55.75050971763827,63.17033542774316,88.65692079326314,97.94453702471228,27.44145077720207,27.884398241843005,71.92440641773885,23.388280770508977,31.397059665990827,46.63382691738258,9.686547982819313,24.674236858640295,37.66234129638474,41.28814351176742,51.76586443217964,66.36603050594219,74.68842710758868,25.617190873696362,40.0869741636269,44.90387349216432,47.514784569766704,77.29477895876228,0.0,17.094815022276162
17.136307291747706,31.489916749669717,53.06978964791114,57.874861943352606,87.38998807585686,127.74554321652172,35.350599643410035,64.11005997994388,23.204059220030434,41.23455814254481,53.39841344116753,78.31684358872876,102.09179718584245,38.19608811379075,54.637888473428355,64.19304036295033,77.86169767118771,22.00118677188529,35.664969274802345,51.49491470938615,55.76649346742674,63.210666793416685,88.71176200904866,97.99264546744978,27.44145077720207,27.88774661684035,71.96255031221305,23.388832733652986,31.399199489528566,46.67262740017238,9.64810363435987,24.674339672665013,37.6861291204266,41.32751399574506,51.81533038747921,66.40697307250505,74.73917089002761,25.618247351298784,40.116130638921526,44.92711396773416,47.55935781435956,77.36272136358872,0.0,17.136307291747706
17.177799561219253,31.469985602859904,53.09379023367836,57.88745838685754,87.48989509858578,127.7949393892167,35.352489298173865,64.1496625946516,23.169317884048986,41.2344224584317,53.439046720694265,78.35423665287095,102.13163240121125,38.19985036483349,54.651767260836884,64.24251856004072,77.91905524406067,21.96487522148847,35.66598962764416,51.53689455837494,55.782431472070904,63.251006532060316,88.7665235929962,98.04088656666693,27.44145077720207,27.8910892008059,72.00069999771905,23.389382566848322,31.401328759726976,46.71144056625017,9.609650693336029,24.674442555331538,37.70986098443639,41.3669000976641,51.86470507621328,66.44800207458044,74.78996836953284,25.61929956329722,40.14517744127047,44.95042151695636,47.60392422851757,77.43071746374731,0.0,17.177799561219253
17.219291830690796,31.45002089110636,53.117582165296014,57.900223841359285,87.5897996421457,127.8444112491771,35.354373762332436,64.18927039996458,23.134554966524366,41.23428831349638,53.47968581914425,78.39164171480884,102.17146984222641,38.20360119280515,54.665585793030054,64.29193797867926,77.97654327367192,21.928552120020147,35.66700769401459,51.57887263978647,55.798323919451455,63.29135456789726,88.82120522012436,98.08926048789374,27.44145077720207,27.894426007438028,72.03885546055847,23.389930282211278,31.403447549752304,46.75026633033343,9.571189199145644,24.674545504767945,37.73353700855751,41.406301683059326,51.91398872333536,66.48911710008538,74.84081971002963,25.62034753641345,40.17411392319568,44.973797082150455,47.64848372149618,77.49876702841934,0.0,17.219291830690796
17.26078410016234,31.430022665760273,53.141163661840174,57.91316066472944,87.6897008919437,127.893958982697,35.35625305623101,64.22888337553755,23.09977056171941,41.23415572688847,53.52033067783954,78.42905872425139,102.21130950444447,38.20734064541214,54.679344484469375,64.34129858809007,78.03416132862938,21.892217513284965,35.66802348086668,51.62084894762377,55.814170996835614,63.331710825873365,88.87580657289678,98.13776738969307,27.44145077720207,27.897757050396475,72.07701668707156,23.390475891767842,31.405555932142686,46.78910460785802,9.53271919091955,24.67464851912149,37.75715731251403,41.44571861843421,51.96318155802451,66.53031773251207,74.89172507534114,25.621391297138796,40.202939445644056,44.997241591667716,47.693036207415055,77.56686982769565,0.0,17.26078410016234
17.302276369633887,31.40999097795407,53.16453297811884,57.92627117159754,87.78959804031419,127.94358277687208,35.35812720011417,64.26850150112594,23.064964763416956,41.23402471718074,53.56098123888106,78.46648763117368,102.25115138343398,38.211068770115844,54.69304374454225,64.39060036617607,78.0919089741815,21.85587144679829,35.6690369951372,51.662823475601925,55.82997289089066,63.372075231650975,88.93032734129633,98.18640742358502,27.44145077720207,27.90108234330244,72.11518366363714,23.391019407454557,31.407653978814285,46.827955314971256,9.494240707523877,24.674751596558398,37.78072201560671,41.48515077126417,52.01228381365087,66.57160355097496,74.94268462917414,25.622430871736668,40.23165337830866,45.02075595978887,47.737581605037214,77.63502563257605,0.0,17.302276369633883
17.34376863910543,31.389925878605176,53.1876884066329,57.93955763150095,87.88949028640727,127.99328281959667,35.359996214126454,64.3081247565852,23.030137664922208,41.233895302381,53.60163744513592,78.50392838581506,102.29099547477533,38.21478561413408,54.706683977655466,64.43984329935591,78.14978577228483,21.81951396578881,35.67004824374646,51.704796217138444,55.845729787698,63.41244771160312,88.98476722289753,98.23518073397425,27.44145077720207,27.90440189973873,72.15335637667239,23.391560841119325,31.40974176106738,46.86681836852494,9.455753787562715,24.674854735263807,37.80423123670984,41.52459800999936,52.0612957277407,66.61297413025908,74.99369853510383,25.623466286245044,40.26025509994905,45.044341086611226,47.782119837559584,77.70323421496872,0.0,17.343768639105427
17.385260908576974,31.3698274184193,53.21062827953025,57.95302226703915,87.98937683607951,128.0430592995609,35.36186011831287,64.34775312187031,22.995289359065193,41.23376749994385,53.6422992402249,78.54138093867782,102.33084177406084,38.21849122444263,54.720265583326956,64.48902738240285,78.20779128167244,21.78314511520108,35.67105723359799,51.746767165342845,55.86144187276753,63.45282819280751,89.03912592293702,98.28408745807877,27.44145077720207,27.90771573324984,72.19153481263284,23.3921002045222,31.41181934959238,46.90569368606861,9.417258469380387,24.67495793344148,37.82768509426819,41.56406020406699,52.11021754194006,66.65442904086899,75.04476695655941,25.624497566479018,40.28874399871042,45.067997857926514,47.826650832414124,77.77149534768972,0.0,17.38526090857697
17.426753178048518,31.349695647893984,53.23335097054847,57.96666725203781,88.08925690178712,128.09291240624788,35.36371893261956,64.38738657703517,22.96041993820316,41.233641326782184,53.68296656851042,78.57884524052518,102.37069027689473,38.22218564777666,54.73378895627536,64.53815261828535,78.26592505792216,21.74676493969806,35.672063971578766,51.78873631300642,55.87710933105245,63.49321660304053,89.09340315438152,98.33312772586117,27.44145077720207,27.911023857342094,72.22971895801213,23.392637509336225,31.413886814475788,46.94458118584272,9.37875479106401,24.67506118931372,37.851083706294446,41.60353722387344,52.1590495019783,66.69596784907888,75.09589005680883,25.625524738033192,40.317119472441355,45.091727145090154,47.87117452107896,77.8398088044623,0.0,17.426753178048514
17.46824544752006,31.32953061732189,53.25585489694196,57.98049470972699,88.18912970247972,128.14284232993094,35.36557267689429,64.427025102232,22.92552949422295,41.233516799278476,53.72363937508423,78.61632124238004,102.4105409788931,38.22586893063219,54.74725448650788,64.5872190180092,78.32418665352492,21.710373483663634,35.67306846455881,51.83070365259099,55.8927323469648,63.53361287077136,89.14759863799353,98.38230165996204,27.44145077720207,27.914326285483746,72.26790879934201,23.393172767148172,31.415944225206076,46.98348078677203,9.340242790445778,24.675164501121195,37.87442719036702,41.64302894080585,52.20779185763051,66.7375901169836,75.14706799894394,25.626547826284124,40.34538092900935,45.1155298048832,47.91569083889925,77.90817435991622,0.0,17.46824544752006
17.509737716991605,31.309332376794156,53.27813852138801,57.99450671093843,88.28899446349686,128.19284926167012,35.36742137088705,64.46666867771077,22.89061811854341,41.23339393329571,53.76431760575594,78.6538088955232,102.45039387568359,38.22954111926752,54.76066255940621,64.63622660046148,78.38257561795362,21.673970791205043,35.674070719390876,51.87266917621734,55.90831110439089,63.57401692515613,89.20171210239518,98.43160937563592,27.44145077720207,27.9176230311051,72.3061043231922,23.39370598945937,31.41799165067957,47.022392408458884,9.301722505105381,24.675267867122713,37.89771566362812,41.682535227233345,52.25644486267908,66.7792954025503,75.19830094586514,25.627566856392697,40.373527786614396,45.139406679367674,47.9601997249167,77.97659178958688,0.0,17.509737716991605
17.55122998646315,31.289100976203724,53.30020035386734,58.00870527232706,88.3888504164663,128.24293339330944,35.369265034250645,64.50631728381873,22.85568590211779,41.233272744188184,53.805001207041315,78.6913081514918,102.49024896290582,38.233202259704704,54.77401355581072,64.68517539225614,78.44109149773182,21.637556906155403,35.67507074291077,51.91463287565343,55.92384578670805,63.61442869603191,89.25574328412883,98.48105098068915,27.44145077720207,27.920914107598637,72.34430551617022,23.39423718768645,31.42002915920616,47.06131597117676,9.26319397237229,24.675371285595112,37.920949242782264,41.72205595650796,52.30500877487495,66.82108325967138,75.24958906026626,25.628581853306486,40.401559474099635,45.16335859573627,48.00470112170755,78.04506086991455,0.0,17.55122998646315
17.592722255934692,31.26883646524842,53.3220389535137,58.023092354621184,88.48869679920334,128.29309491747338,35.37110368654122,64.54597090099969,22.820732935436087,41.23315324681226,53.84569012615092,78.72881896207778,102.53010623621097,38.23685239773096,54.787307852102956,64.73406542758126,78.49973383650293,21.60113187207607,35.676068541936765,51.95659474230168,55.93933657680126,63.65484811391088,89.30969192771641,98.53062657542051,27.44145077720207,27.9241995283191,72.3825123649213,23.394766373162124,31.422056818515067,47.100251395863715,9.224657229328114,24.675474754833125,37.94412804409507,41.76159100296524,52.35348385589771,66.86295323821797,75.30093250461917,25.629592841762054,40.429475431259,45.18738636615716,48.04919497522876,78.1135813782437,0.0,17.592722255934692
17.63421452540624,31.248538893434297,53.34365293042824,58.037669860907215,88.58853285561264,128.3433340275638,35.372937347218816,64.58562950979365,22.785759308527428,41.23303545553641,53.886384310979146,78.76634127932621,102.56996569126196,38.24049157890003,54.80054582028604,64.78289674804782,78.55850217509878,21.564695732259043,35.67706412326985,51.998554767186114,55.95478365708049,63.69527510997453,89.36355778571551,98.58033625256431,27.44145077720207,27.927479306583642,72.42072485612829,23.39529355713594,31.424074695760474,47.13919860411605,9.186112312808769,24.67557827314919,37.967252183392375,41.80114024192447,52.4018703713153,66.90490488409435,75.35233144115811,25.63059984628728,40.45727510914148,45.211490787615,48.093681234671415,78.18215309282168,0.0,17.634214525406236
17.675706794877783,31.228208310078646,53.36504094745268,58.05243963495324,88.68835783559132,128.39365091775647,35.374766035647966,64.62529309083602,22.75076511096244,41.23291938425151,53.92708371009325,78.80387505553387,102.6098273237331,38.24411984853366,54.81372782806396,64.83166940254037,78.61739605160932,21.52824852972935,35.67805749369333,52.0405129409385,55.97018720949889,63.73570961606779,89.41734061877274,98.63018009723537,27.44145077720207,27.930753455671912,72.45894297651157,23.395818750775035,31.42608285752712,47.17815751818185,9.147559259406892,24.675681838873217,37.9903217760596,41.840703549688534,52.45016859054291,66.94693773929335,75.40378603186427,25.63160289120357,40.48495797035144,45.23567264174863,48.13815985232127,78.25077579279808,0.0,17.67570679487778
17.717199064349327,31.20784476431308,53.38620172189704,58.06740345957685,88.78817099493399,128.44404578299753,35.37658977109822,64.66496162485733,22.71575043185558,41.23280504638092,53.96778827272257,78.8414202432476,102.64969112931065,38.247737251722924,54.82685423891859,64.8803834470691,78.67641500145132,21.491790307247353,35.67904865997289,52.082469253784446,55.98554741557129,63.776151564693166,89.47104019567554,98.68015818687749,27.44145077720207,27.934021988826185,72.49716671282884,23.39634196516486,31.428081369835862,47.21712806095482,9.108998105473871,24.675785450352564,38.013336937041466,41.8802808035436,52.49837878680113,66.9890513419522,75.45529643845008,25.632602000628147,40.512523489344886,45.259932694686405,48.18263078342621,78.31944925822356,0.0,17.717199064349323
17.75869133382087,31.187448305086612,53.407134027216465,58.08256305506225,88.88797159523908,128.4945188190003,35.37840857274467,64.70463509268242,22.680715359867488,41.2326924548899,54.00849794874821,78.87897679526282,102.68955710369198,38.251343833329685,54.83992541218558,64.92903894462367,78.73555855743767,21.455321107311097,35.6800376288563,52.12442369552816,56.00086445639334,63.81660088900498,89.52465629340061,98.73027059121387,27.44145077720207,27.937284919251464,72.5353960518751,23.39686321130994,31.430070298149136,47.25611015596801,9.070428887122198,24.67588910595182,38.036297780842034,41.91987188175839,52.54650123707371,67.03124522640961,75.50686282234334,25.63359719847618,40.53997115272082,45.28427169687997,48.22709398606968,78.38817327004874,0.0,17.758691333820867
17.800183603292414,31.167018981168674,53.4278366946326,58.09792007763138,88.98775890381724,128.54507022224098,35.38022245966853,64.7443134752301,22.645659983207317,41.2325816222954,54.04921268869251,78.91654466462197,102.72942524258626,38.25493963798785,54.85294170312831,64.97763596502848,78.79482624984661,21.418840972158545,35.681024407073515,52.166376255537266,56.01613851266163,63.85705752280368,89.57818869715979,98.78051737220011,27.44145077720207,27.9405422601156,72.57363098048252,23.39738250013458,31.432049707376393,47.29510372738766,9.031851640227545,24.67599280405258,38.05920442152492,41.95947666358322,52.594536222064306,67.07351892326332,75.5584853446714,25.634588508463022,40.56730045950788,45.30869038293709,48.27154942105047,78.4569476101231,0.0,17.800183603292417
17.841675872763957,31.146556841151906,53.448308614694284,58.113476117974244,89.08753219360096,128.59570018995566,35.382031450857674,64.78399675351251,22.610584389635083,41.23247256067528,54.0899324437092,78.95412380461306,102.76929554171393,38.25852471010485,54.86590346301047,65.02617458479982,78.85421760649076,21.38234994376991,35.682009001336446,52.20832692272632,56.03136976469422,63.89752140053002,89.63163720044341,98.83089858398036,27.44145077720207,27.943794024549412,72.61187148552024,23.397899842483586,31.434019661879468,47.33410870000713,8.99326640043091,24.676096543053387,38.08205697271374,41.999095029248736,52.642484026152985,67.11587195942853,75.61016416624517,25.635575954106315,40.59451092144542,45.333189471454226,48.31599705176785,78.52577206119395,0.0,17.84167587276396
17.8831681422355,31.126061933455254,53.468548738772895,58.12923269984299,89.18729074305608,128.64640892013605,35.383835565207136,64.82368490863459,22.575488666463936,41.23236528167749,54.13065716557321,78.99171416876806,102.80916799680702,38.26209909386293,54.87881103916704,65.07465488700434,78.91373215278618,21.345848063869806,35.68299141833881,52.25027568554007,56.04655839245193,63.93799245725932,89.6850016050613,98.8814142728456,27.44145077720207,27.947040225646774,72.65011755389443,23.398415249122976,31.435980225477888,47.37312499924086,8.954673203140782,24.676200321369542,38.104855547592976,42.03872685996439,52.69034493735182,67.15830385819707,75.66189944754304,25.636559558728102,40.62160206325883,45.35776966484972,48.360436844112314,78.59464640690496,0.0,17.883168142235505
17.924660411707045,31.105534306326632,53.48855608048795,58.14519127871441,89.28703383609461,128.6971966115258,35.385634821519695,64.86337792179357,22.540372900562527,41.23225979652896,54.17138680667118,79.02931571086145,102.84904260360865,38.26566283322047,54.891664775073835,65.12307696111928,78.97336941182157,21.30933537392952,35.683971664756235,52.292222531935565,56.06170457556064,63.978470628695916,89.73828172118,98.93206447719517,27.44145077720207,27.950280876464756,72.688369172548,23.398928730740707,31.437931461454127,47.41215255111843,8.916072083535221,24.67630413743296,38.12760025890893,42.078372037916736,52.738119247260215,67.20081413929705,75.7136913486947,25.637539345456947,40.648573422928784,45.382431649198075,48.40486876636121,78.66357043179508,0.0,17.92466041170705
17.966152681178592,31.084974007845908,53.50832971705842,58.161353240525536,89.38676076198931,128.74806346361646,35.38742923850636,64.90307577427845,22.505237178357266,41.232156116044536,54.21212131999168,79.06692838490882,102.88891935787348,38.26921597191339,54.904465010415485,65.17144090289415,79.03312890442676,21.27281191516918,35.68494974724589,52.334167449363605,56.076808493334156,64.0189558511673,89.79147736735842,98.98284922750061,27.44145077720207,27.953515990023714,72.72662632846058,23.399440297947322,31.43987343255883,47.45119128227866,8.877463076563862,24.676407989691974,38.15029121897093,42.118030446267305,52.78580725101924,67.24340231895377,75.76554002946494,25.638515337229947,40.67542455195385,45.40717609406607,48.449292789079315,78.73254392129711,0.0,17.966152681178592
18.007644950650135,31.064381085927476,53.527868790574985,58.177719900486274,89.4864708152897,128.79900967664332,35.38921883478693,64.94277844746942,22.47008158583463,41.232054250635414,54.25286065911605,79.10455214516534,102.92879825536752,38.2727585534564,54.917212081152094,65.21974681421403,79.09301014924186,21.236277728559887,35.685925672446665,52.37611042474929,56.09187032479808,64.05944806161862,89.84458837058001,99.0337685462728,27.44145077720207,27.956745579307412,72.76488900864842,23.399949961276686,31.441806201015936,47.49024111996373,8.838846216950069,24.676511876611237,38.17292853965281,42.15770196915041,52.83340924726588,67.28606790995056,75.81744564923721,25.639487556794812,40.70215501560617,45.43200365235121,48.49370888502379,78.80156666173647,0.0,18.007644950650135
18.04913722012168,31.043755588323187,53.547172509190126,58.19429250197377,89.58616329573923,128.85003545158168,35.3910036288905,64.98248592283738,22.43490620854345,41.23195421031763,54.293604778208994,79.14218694612416,102.96867929186779,38.27629062114436,54.92990631958438,65.26799480296462,79.15301266278564,21.199732854825903,35.68689944697897,52.418051444471914,56.1068902487146,64.09994719760711,89.89761456628179,99.08482244803126,27.44145077720207,27.95996965726313,72.80315720016424,23.400457731186638,31.4437298285278,47.52930199201345,8.800221539192876,24.676615796671523,38.195512332394536,42.197386491670684,52.8809255380864,67.32881042169096,75.86940836699739,25.640456026711842,40.72876439318005,45.45691496012336,48.53811702905374,78.87063844032963,0.0,18.04913722012168
18.09062948959322,31.023097562624887,53.5662401482211,58.211072215511585,89.68583750819468,128.9011409901419,35.392783639256,65.02219818194344,22.39971113159719,41.231856004720385,54.33435363200972,79.17983274251512,103.00856246316266,38.279812218053564,54.94254805441761,65.31618498289843,79.21313595952404,21.16317733444671,35.68787107744457,52.45999049434324,56.121868443608214,64.14045319729628,89.9505557983816,99.13601093927713,27.44145077720207,27.96318823680178,72.84143089009714,23.400963618059674,31.445644376280214,47.56837382685955,8.761589077568965,24.67671974836966,38.2180427082041,42.23708389990031,52.92835642896936,67.37162936026111,75.921428341317,25.641420769355907,40.75525227823271,45.48191063646984,48.582517198043504,78.93975904518285,0.0,18.09062948959322
18.132121759064766,31.00240705626708,53.585071051163,58.228060137838206,89.78549276254626,128.95232649476574,35.394558884232666,65.06191520643831,22.3644964396762,41.23175964309402,54.37510717582287,79.21748948930338,103.04844776505168,38.28332338704303,54.95513761082396,65.36431747350291,79.27337955193839,21.12661120765915,35.688840570426656,52.5019275595855,56.13680508779234,64.18096599945076,90.0034119193013,99.18733401846823,27.44145077720207,27.966401330797996,72.87971006557245,23.401467632203627,31.447549904947405,47.60745655351995,8.722948866134734,24.67682373021827,38.240519777659514,42.27679408087619,52.97570222875807,67.41452422849292,75.97350573033698,25.64238180691843,40.78161827881715,45.506991283344746,48.626909370800085,79.00892826529056,0.0,18.132121759064763
18.17361402853631,30.981684116529596,53.60366463060823,58.2452572910675,89.88512837363959,129.00359216862157,35.3963293820806,65.10163697806192,22.329262217029992,41.23166513431803,54.41586536550997,79.2551571416877,103.0883351933456,38.28682417075581,54.96767531050378,65.41239239986987,79.33374295059349,21.09003451445942,35.68980793248965,52.5438626248079,56.15170035939732,64.22148554343033,90.05618278998784,99.23879167599763,27.44145077720207,27.96960895209028,72.91799471375171,23.401969783852298,31.449446474696988,47.64655010159324,8.684300938728173,24.676927740745704,38.26294365091109,42.31651692259675,53.022963249602626,67.45749452602774,76.02564069175075,25.643339161409273,40.8078620177068,45.53215748542301,48.671293527984204,79.07814589053386,0.0,18.173614028536306
18.215106298007854,30.960928790540077,53.62202036906921,58.26266462194457,89.98474366119879,129.05493821559998,35.39809515097128,65.14136347864279,22.294008547479482,41.231572486908725,54.45662815748078,79.29283565509928,103.12822474386607,38.29031461162023,54.98016147174545,65.46040989256659,79.39422566420527,21.05344729460521,35.69077317017928,52.585795673982055,56.16655443639924,64.26201176918482,90.10886827993099,99.29038389417472,27.44145077720207,27.97281111348107,72.9562848218325,23.402470083166133,31.451334145194824,47.6856544012531,8.645645328970817,24.67703177849586,38.28531443768382,42.356252314018654,53.070139806911456,67.5005397493808,76.07783338278762,25.644292854658698,40.833983132611294,45.55740980995949,48.715669652034784,79.14741171167906,0.0,18.21510629800785
18.256598567479397,30.940141125276526,53.640137819702005,58.28028300119985,90.08433794975136,129.10636484030908,35.399856208988034,65.18109469009758,22.25873551441922,41.231481709027065,54.49739550868501,79.33052498520023,103.16811641244597,38.2937947518512,54.992596409484015,65.5083700875084,79.45482719970859,21.01684958761764,35.691736290022305,52.627726690416075,56.1813674966501,64.30254461724843,90.16146826717832,99.3421106472096,27.44145077720207,27.976007827736883,72.99458037704821,23.402968540232873,31.453212975609894,47.724769383242844,8.60698207026963,24.67713584202807,38.307632247279976,42.396000145053385,53.11723221930232,67.54365939200594,76.1300839601959,25.64524290831918,40.859981276383486,45.582748806654095,48.760037727096865,79.2167255203759,0.0,18.256598567479394
18.29809083695094,30.919321167569834,53.65801660692798,58.298113223003455,90.18391056855373,129.15787224807008,35.40161257412656,65.2208305944306,22.22344320081965,41.23139280848577,54.53816737660392,79.36822508788208,103.20801019492909,38.297264633451405,55.004980435358576,65.5562731258327,79.51554706232415,20.980241432783295,35.692697298526696,52.669655656727976,56.196139717909276,64.34308402873434,90.2139826383471,99.39397190119998,27.44145077720207,27.97919910758841,73.03288136666824,23.403465165068162,31.455083024619054,47.76389497886994,8.568311195818934,24.67723992991688,38.32989718858175,42.43576030656347,53.16424080855311,67.58685294436101,76.18239258022626,25.646189343867313,40.885856117217095,45.608175007522775,48.804397738952524,79.28608710915601,0.0,18.298090836950944
18.339583106422484,30.898468964106122,53.67565642695168,58.31615600452236,90.28346085151917,129.20946064491187,35.40336426429544,65.26057117373327,22.188131689229312,41.23130579275704,54.57894371924235,79.40593591926466,103.24790608717034,38.30072429821266,55.01731385776846,65.60411915377463,79.57638475562571,20.94362286915622,35.693656202181344,52.71158255481688,56.21087127787622,64.38362994532943,90.26641128863336,99.4459676141214,27.44145077720207,27.982384965730617,73.07118777799758,23.403959967616228,31.456944350411778,47.803031120000696,8.529632738602242,24.677344040752015,38.35210937005425,42.47553269035869,53.21116589955194,67.63011989397393,76.2347593986145,25.647132182605645,40.9116073388348,45.6336889267753,48.848749674954924,79.3554962714312,0.0,18.339583106422488
18.381075375894028,30.87758456142925,53.69305704817317,58.33441198558196,90.38298813714594,129.26113023756702,35.405111297316616,65.30031641018363,22.152801061777062,41.23122066897927,54.61972449512065,79.44365743569442,103.28780408503539,38.304173787717026,55.02959698192824,65.65190832254414,79.63733978160664,20.906993935559825,35.69461300745614,52.753507365833386,56.22556235422461,64.42418230928872,90.3187541218179,99.49809773582035,27.44145077720207,27.98556541482287,73.10949959837686,23.404452957750454,31.458797010694866,47.842177739054925,8.4909467313941,24.67744817313815,38.37426889974847,42.51531718919211,53.25800782024723,67.67345972550889,76.28718457056482,25.648071445664442,40.937234640666524,45.659291060700035,48.89309352396516,79.42495280149187,0.0,18.38107537589403
18.42256764536557,30.856668005943167,53.71021831149348,58.352881728433246,90.48249176844763,129.31288123346602,35.40685369092589,65.3400662860459,22.117451400174275,41.23113744396449,54.66050966326702,79.48138959374312,103.32770418440087,38.30761314333816,55.04183010992165,65.6996407882046,79.6984116407463,20.87035467058886,35.69556772080199,52.79543007014837,56.24021312463814,64.46474106343034,90.37101105026937,99.5503622080101,27.44145077720207,27.98874046748903,73.14781681518224,23.404944145274047,31.460641062697054,47.881334769000695,8.45225320676191,24.67755232569481,38.396375885304415,42.55511369675588,53.304766901597,67.71687192083337,76.33966825073254,25.649007154003524,40.962737738017495,45.6849818875563,48.93742927629182,79.49445649450506,0.0,18.422567645365575
18.46405991483712,30.835719343914175,53.72714013051194,58.371565717626964,90.58197109288416,129.36471384073246,35.408591462773444,65.3798207836699,22.08208278571704,41.231056124205,54.70129918320969,79.51913235020666,103.36760638115454,38.31104240624246,55.0540135407542,65.74731671155293,79.75959983207579,20.8337051126113,35.69652034865053,52.83735064731981,56.25482376684766,64.50530615112986,90.42318199494416,99.60276096427003,27.44145077720207,27.991910136317575,73.18613941582524,23.405433539920626,31.462476563173617,47.92050214334909,8.413552197067743,24.677656497056216,38.41843043395442,42.59492210767695,53.35144347751818,67.76035595908527,76.39221059320732,25.649939328413993,40.98811636222614,45.7107618674744,48.981756923633135,79.56400714651271,0.0,18.46405991483712
18.505552184308662,30.81473862147329,53.74382249161517,58.3904643599948,90.68142546229448,129.41662826817813,35.41032463042426,65.4195798854906,22.046695299288398,41.23097671588011,54.742093014969505,79.55688566210347,103.40751067119453,38.314461617390286,55.066147570404844,65.79493625800107,79.82090385324378,20.797045299770286,35.697470897414235,52.879269076058456,56.269394458670156,64.54587751631537,90.47526688538352,99.65529393004742,27.44145077720207,27.995074433861685,73.22446738775267,23.405921151354832,31.464303568410923,47.95967979614912,8.374843734470126,24.67776068587115,38.44043265252658,42.63474231751261,53.39803788483525,67.80391131674084,76.44481175149569,25.650867989519995,41.01337026081113,45.736631442364036,49.02607645902148,79.63360455442992,0.0,18.505552184308662
18.547044453780206,30.793725884618546,53.76026545395725,58.40957798473876,90.78085423283025,129.46862472529713,35.4120532113587,65.45934357402773,22.011289021360415,41.23089922486289,54.78289111905243,79.59464948667322,103.4474170504301,38.317870817537205,55.0782324918766,65.84249959745922,79.8823232005816,20.760375269985925,35.69841937348642,52.92118533419128,56.28392537804966,64.58645510346207,90.5272656597078,99.70796102266254,27.44145077720207,27.998233372639376,73.26280071844653,23.406406989172943,31.466122134230897,47.99886766198259,8.336127850925768,24.677864890802848,38.46238264744821,42.674574222745974,53.44455046322897,67.84753746768268,76.49747187850397,25.651793157780435,41.03849919760777,45.762591035831065,49.0703878767704,79.70324851604308,0.0,18.547044453780206
18.58853672325175,30.7726811792171,53.776469149331085,58.4289068436278,90.8802567648911,129.5207034222612,35.41377722297288,65.49911183188509,21.975864031996466,41.23082365672652,54.82369345644234,79.63242378137564,103.48732551478119,38.32127004723517,55.09026859524588,65.89000690422026,79.94385736916794,20.72369506095719,35.69936578324109,52.9630993986231,56.298416703099655,64.62703885758718,90.57917826460712,99.76076215131647,27.44145077720207,28.00138696513358,73.30113939542386,23.40689106290344,31.467932315995508,48.038065675959025,8.297404578191326,24.677969110528764,38.48428052474947,42.714417720781206,53.490981555184355,67.89123388326838,76.55019112652114,25.65271485349067,41.063502952893295,45.78864105310337,49.1146911724237,79.7729388300079,0.0,18.588536723251753
18.630028992723293,30.75160455100751,53.79243378193182,58.44845111130123,90.97963242306027,129.57286456991363,35.415496682579246,65.53888464175027,21.940420410853314,41.23075001675066,54.86449998859398,79.67020850388889,103.5272360601784,38.3246593468337,55.10225616771109,65.93745835684574,80.00550585289336,20.687004710163748,35.700310133032865,53.005011245296416,56.312868612147916,64.66762872424466,90.63100465533002,99.8136972171024,27.44145077720207,28.00453522379228,73.33948340623671,23.407373382007627,31.46973416861114,48.07727377371075,8.258673947825107,24.678073343740593,38.50612639006718,42.754272709938746,53.53733150593869,67.93500003239913,76.60296964720133,25.653633096784176,41.08838132350099,45.81478188096573,49.15898634270672,79.84267529584751,0.0,18.630028992723297
18.671521262194837,30.73049604560187,53.80815962801301,58.46821088567892,91.07898057604265,129.62510837976401,35.41721160740698,65.57866198639408,21.90495823718331,41.23067830992774,54.90531067742558,79.70800361210861,103.56714868256306,38.328038756481064,55.11419549363994,65.98485413805336,80.06726814452414,20.650304254867745,35.70125242919719,53.04692084914869,56.32728128378324,64.70822464952028,90.68274479566794,99.8667661130191,27.44145077720207,28.00767816102859,73.37783273847194,23.4078539558802,31.471527746532953,48.1164918913879,8.219935991188834,24.678177589143964,38.52792034864856,42.794139089450326,53.583600663429294,67.97883538158932,76.65580759154668,25.654547907634235,41.113134122922865,45.84101388770402,49.20327338547956,79.91245771395057,0.0,18.67152126219484
18.71301353166638,30.709355708487983,53.82364703543686,58.48818618847599,91.17830059660338,129.6774350639826,35.418922014602515,65.61844384867008,21.86947758983652,41.23060854096895,54.94612548531249,79.74580906414626,103.60706337788716,38.331408316125476,55.12608685461602,66.032194434606,80.12914373576568,20.61359373211563,35.70219267804997,53.08882818406771,56.34165489690467,64.7488265800263,90.73439865793796,99.91996872398818,27.44145077720207,28.010815789220878,73.41618737975121,23.408332793849812,31.473313103769218,48.15571996565357,8.181190739449212,24.678281845458436,38.54966250535512,42.834016759454016,53.62978937824076,68.02273939503574,76.70870510988989,25.655459305855537,41.1377611814009,45.867337423059325,49.247552299692394,79.9822858855693,0.0,18.713013531666384
18.754505801137928,30.6881835850313,53.83889642311997,58.508376965820496,91.27759186150693,129.7298448353942,35.420627921229986,65.65823021151417,21.83397854726285,41.23054071431031,54.986944375080036,79.78362481832802,103.64698014211328,38.33476806551622,55.13793052948411,66.0794794372019,80.19113211732552,20.576873178739916,35.70313088588775,53.1307332228442,56.35598963077273,64.78943446289657,90.78596622296169,99.97330492687372,27.44145077720207,28.013948120712858,73.45454731773077,23.408809905179673,31.475090293885543,48.19495793367893,8.142438223579715,24.678386111417332,38.57135296466677,42.87390562098894,53.67589800355226,68.06671153468754,76.76166235187677,25.6563673111058,41.16226234600643,45.893752818191764,49.29182308534234,80.0521596128173,0.0,18.754505801137928
18.79599807060947,30.666979720477197,53.853908280377006,58.52878308897345,91.37685375145887,129.78233790747265,35.422329344271695,65.69802105794399,21.798461187514196,41.23047483411842,55.02776730999693,79.82145083319348,103.68689897121457,38.33811804420489,55.14972679439493,66.12670934036656,80.25323277897601,20.54014263136092,35.704067058987654,53.172635937122195,56.37028566506384,64.83004824578161,90.83744748004156,100.02677459050497,27.44145077720207,28.01707516781371,73.49291254010147,23.409285299068088,31.47685937000914,48.23420573313847,8.103678474362152,24.678490385767557,38.59299183068577,42.913805575990196,53.7219268950846,68.11075126031632,76.81467946644892,25.65727194288739,41.18663748070796,45.920260385654366,49.336085743432356,80.12207869866772,0.0,18.79599807060947
18.837490340081015,30.645744159952855,53.8686831661643,58.54940435514647,91.4760856510472,129.83491449433444,35.42402630062859,65.73781637105864,21.76292558824653,41.23041090429635,55.0685942537689,79.85928706749415,103.72681986117473,38.34145829154638,55.161475922848524,66.17388434234599,80.31544520961612,20.503402126388522,35.70500120360732,53.21453629734625,56.38454317992698,64.87066787684341,90.88884242693435,100.08037757570213,27.44145077720207,28.020196942798183,73.53128303458854,23.40975898464902,31.478620384832954,48.27346330220526,8.06491152238832,24.678594667269525,38.61457920714086,42.953716527283376,53.76787641104685,68.15485802958644,76.86775660182633,25.658173220548857,41.21088646642703,45.94686041937737,49.38034027593168,80.19204294695105,0.0,18.837490340081015
18.87898260955256,30.62447694846923,53.88322170822575,58.57024048841706,91.57528694868621,129.8875748107332,35.4257188071207,65.77761613403808,21.72737182672204,41.2303489284891,55.10942517053211,79.89713348019255,103.76674280798797,38.34478884670023,55.17317818573714,66.22100464500134,80.37776889733293,20.46665170002387,35.70593332598489,53.25643427270593,56.398762356043505,64.91129330475066,90.94015106982151,100.13411373530474,27.44145077720207,28.023313457906685,73.56965878895159,23.410230970992675,31.480373390619835,48.31273057954627,8.026137398061614,24.678698954697,38.636115197391646,42.99363837857921,53.8137469120832,68.19903129812555,76.9208939054896,25.65907116328651,41.23500920108208,45.97355319466275,49.42458668573777,80.26205216235303,0.0,18.87898260955256
18.920474879024106,30.603178130923133,53.897524602145005,58.59129114073658,91.67445703656,129.9403190720529,35.427406880487624,65.8174203301427,21.691799979811194,41.230288910089314,55.15026002484692,79.93499003046053,103.80666780765893,38.34810974863159,55.18483385138693,66.26807045370505,80.4402033294627,20.42989138826108,35.70686343233894,53.298329831077254,56.41294337469011,64.95192447867373,90.99137342327691,100.1879829142033,27.44145077720207,28.0264247253454,73.6080397909844,23.410701267105992,31.482118439206612,48.35200750431772,7.987356131598632,24.678803246837035,38.65759990443267,43.033571034468096,53.85953876121929,68.24327051959548,76.97409152416286,25.659965790145968,41.2590055996204,46.000338968189375,49.46882497664,80.33210615041263,0.0,18.920474879024106
18.96196714849565,30.581847752099133,53.911592610305966,58.612555893028706,91.77359531056845,129.99314749430167,35.42909053738896,65.85722894271291,21.656210123994853,41.230230852242464,55.19109878169155,79.97285667767838,103.8465948562027,38.351421036112455,55.19644318559892,66.31508197723824,80.50274799265131,20.393121226888912,35.70779152886862,53.340222938960586,56.427086417804865,64.99256134827989,91.0425095102314,100.24198494937319,27.44145077720207,28.0295307572864,73.64642602851495,23.411169881933244,31.48385558200814,48.39129401616048,7.94856775303073,24.678907542489693,38.67903343089781,43.07351440041443,53.90525232380866,68.28757514576294,77.02734960379593,25.66085712002363,41.28287559403798,46.027217978028716,49.51305515328446,80.40220471751974,0.0,18.96196714849565
19.003459417967193,30.560485856671292,53.92542656076564,58.63403425637438,91.87270117027302,130.04606029410564,35.43076979440477,65.89704195516863,21.620602335366343,41.23017475785233,55.23194140645633,80.01073338143323,103.88652394964481,38.35472274772271,55.2080064516892,66.36203942768971,80.56540237291395,20.356341251492456,35.70871762175339,53.38211356141504,56.44119166805717,65.03320386372847,91.0935593619351,100.29611966991197,27.44145077720207,28.032631565867717,73.68481748940516,23.411636824356542,31.485584870021313,48.43059005519555,7.909772292205595,24.679011840468092,38.70041587906467,43.11346838275105,53.95088796747898,68.33194462657104,77.08066828954695,25.661745171668226,41.30661913338736,46.0541904436714,49.5572772211406,80.47234767091308,0.0,19.003459417967193
19.044951687438736,30.539092489205306,53.939027346043524,58.65572567328001,91.97177401884487,130.09905768870246,35.43244466803603,65.93685935100893,21.584976689633525,41.23012062958609,55.2727878649373,80.04862010151813,103.9264550840211,38.35801492185127,55.219523910528025,66.40894302035632,80.62816595569457,20.319551497454746,35.70964171715324,53.424001661989195,56.45525930892126,65.07385197566607,91.1445230179162,100.35038689707912,27.44145077720207,28.0357271631935,73.72321416155094,23.41210210319636,31.487306353829027,48.469895562019566,7.870969778788751,24.679116139598193,38.721747350858955,43.1534328886735,53.99644606207819,68.37637841021005,77.13404772576492,25.66262996368226,41.3302361837735,46.08125656606431,49.60149118646874,80.54253481867806,0.0,19.044951687438736
19.08644395691028,30.51766769416012,53.95239592183086,58.67762951902444,92.07081326301281,130.15213989593414,35.434115174705056,65.97668111381144,21.549333262120843,41.230068469879505,55.3136381233306,80.08651679793054,103.96638825537772,38.361297596697234,55.230995820578485,66.45579297364449,80.69103822592464,20.28275199995839,35.71056382120856,53.46588720264748,56.469289524753705,65.11450563522168,91.19540052593752,100.4047864443386,27.44145077720207,28.03881756133405,73.76161603288192,23.4125657272121,31.4890200836041,48.50921047770029,7.832160242265111,24.679220438718662,38.743027947859,43.19340782623418,54.041926979620584,68.42087594318922,77.18748805597195,25.66351151452349,41.35372672833738,46.10841652765866,49.645697056289045,80.61276596974446,0.0,19.08644395691028
19.127936226381824,30.49621151588987,53.965533305624255,58.699745103080666,92.16981831301294,130.20530713424077,35.43578133075597,66.01650722723207,21.513672127771432,41.23001828094183,55.354492148226555,80.12442343087129,104.0063234597712,38.364570810270884,55.24242243793396,66.50258950897353,80.75401866808109,20.245942793987243,35.711483940040154,53.50777014369239,56.4832825008756,65.15516479400213,91.2461919419504,100.45931811740417,27.44145077720207,28.041902772325994,73.80002309136154,23.41302770510257,31.490726109113155,48.548534743772315,7.793343711940527,24.67932473668081,38.76425777130022,43.23339310433662,54.08733109423284,68.4654366704079,77.24098942284598,25.66438984250636,41.37709076722802,46.135670492468826,49.68989483835194,80.68304093388404,0.0,19.127936226381824
19.169428495853367,30.47472399864565,53.978440575288104,58.72207167060805,92.26878858253932,130.25855962265356,35.437443152455174,66.05633767500441,21.47799336114906,41.229970064760735,55.3953499066041,80.16233996074325,104.04626069326828,38.367834600394836,55.253804016355204,66.54933285067996,80.8171067662441,20.209123914327908,35.71240207974913,53.54965044368223,56.497238423659,65.19582940408742,91.2968973300453,100.51398171428727,27.44145077720207,28.044982808172318,73.83843532498675,23.41348804550653,31.49242447972046,48.58786830223259,7.754520216943189,24.679429032348406,38.78543692207967,43.273388632729535,54.13265878209996,68.5100600352273,77.29455196820302,25.665264965803438,41.400328317562355,46.16301860614185,49.73408454110912,80.75335952170863,0.0,19.169428495853367
19.21092076532491,30.45320518657715,53.991118867550114,58.74460840401028,92.36772348869536,130.31189758078798,35.43910065599169,66.09617244093944,21.44229703644026,41.22992382310708,55.4362113658251,80.20026634815018,104.08619995194586,38.37108900470511,55.265140807306345,66.59602322592336,80.88030200415385,20.172295395571375,35.713318246417096,53.5915280593434,56.5111574806184,65.2364994180258,91.34751676240063,100.56877702534779,27.44145077720207,28.04805768084254,73.87685272178807,23.413946757003167,31.494115244391743,48.62721109553622,7.715689786225172,24.6795333245976,38.80656550076056,43.313394322000875,54.17791042141125,68.5547454795419,77.34817583297992,25.6661369024468,41.42343941337317,46.19046099603786,49.77826617368621,80.82372154466746,0.0,19.21092076532491
19.252413034796458,30.431655123734593,54.003569376435074,58.76735442455488,92.46662245194621,130.36532122883628,35.44075385747767,66.13601150892501,21.406583227456306,41.22987955753975,55.47707649362892,80.2382025538955,104.12614123189107,38.37433406065223,55.27643305999038,66.6426608645938,80.94360386526691,20.13545727211458,35.714232446105946,53.633402945477634,56.52503986050767,65.27717478882956,91.39805031922822,100.6237038333471,27.44145077720207,28.05112740227275,73.91527526982941,23.414403848112652,31.495798451697933,48.66656306659209,7.676852448563861,24.679637612316807,38.82764360757689,43.353410083571916,54.223086392306264,68.59949244385129,77.40186115721642,25.667005670329463,41.44642410554584,46.21799777132104,49.82243974585625,80.89412681504515,0.0,19.252413034796458
19.293905304268,30.41007385407017,54.015793351640944,58.79030879404876,92.56548489607243,130.41883078756098,35.44240277294883,66.17585486292539,21.370852007635225,41.22983726941007,55.51794525812697,80.27614853898112,104.16608452920124,38.37756980550221,55.28768102138371,66.6892459992201,81.00701183281191,20.098609578161916,35.71514468485809,53.67527505486372,56.53888575342269,65.31785546997008,91.44849808871656,100.67876191350383,27.44145077720207,28.05419198436575,73.95370295720794,23.4148593272966,31.497474149818903,48.70592415875872,7.638008232563374,24.679741894406558,38.848671342438095,43.39343582969115,54.26818707682067,68.6443003673316,77.45560808003817,25.66787128720671,41.46928246174281,46.24562902306131,49.86660526801407,80.96457514595902,0.0,19.293905304268
19.335397573739545,30.388461421439942,54.02779209686293,58.813470516565516,92.66431024812414,130.47242647828685,35.444047418364846,66.21570248698092,21.33510345004383,41.229796959866505,55.55881762779743,80.31410426460619,104.20602983998378,38.380796276337705,55.2988849362703,66.73577886488002,81.0705253898446,20.061752347726813,35.716054968696135,53.71714433815264,56.55269535090988,65.35854141537367,91.49886016697174,100.73395103355222,27.44145077720207,28.057251438991145,73.9921357720541,23.415313202958565,31.499142386547142,48.745294315840056,7.59915716665609,24.679846169779356,38.86964880493354,43.43347147342829,54.31321285883237,68.68916868790717,77.50941673963892,25.668733770697493,41.49201456631714,46.27335482434644,49.91076275115192,81.03506635135709,0.0,19.335397573739545
19.37688984321109,30.366817869605402,54.039566968069785,58.836838540219766,92.7630979383766,130.52610852289405,35.44568780960981,66.25555436520749,21.2993376273797,41.229758629858964,55.59969357148003,80.35206969216593,104.2459771603562,38.38401351005903,55.31004504727471,66.78225969911138,81.13414401930214,20.024885614633206,35.71696330362319,53.75901074375652,56.5664688460816,65.39923257941669,91.5491366579553,100.78927095380266,27.44145077720207,28.06030577798543,74.03057370253134,23.415765483444556,31.500803209291405,48.784673482081345,7.560299279103915,24.67995043735969,38.89057609433731,43.47351692866817,54.3581641240074,68.73409684232227,77.56328727326321,25.66959313828575,41.51462052021472,46.30117523040461,49.954912206835814,81.10560024601537,0.0,19.37688984321109
19.418382112682636,30.345143242235025,54.05111937173761,58.86041175898259,92.86184740028622,130.57987714381022,35.447323962492625,66.29541048179622,21.263554611973166,41.22972228014321,55.640573058370954,80.39004478325059,104.28592648644606,38.387221543385145,55.32116159489486,66.82868874182475,81.19786720405715,19.988009412517062,35.7178696956227,53.80087421773032,56.58020643373822,65.4399289169214,91.59932767342049,100.84472142720522,27.44145077720207,28.06335501315212,74.06901673683622,23.41621617704351,31.50245666508032,48.824061602165024,7.521434597999796,24.680054696083744,38.91145330961277,43.51357211010458,54.403041259746004,68.77908426621245,77.61721981718883,25.670449407321712,41.53710044086501,46.32909027873717,49.99905364718282,81.17617664553576,0.0,19.418382112682636
19.45987438215418,30.323437582905964,54.06245076304621,58.8841890145345,92.96055807044799,130.6337325640034,35.448955892747456,66.33527082101294,21.2277544757893,41.229687911285126,55.6814560580177,80.42802949964405,104.32587781439085,38.390420412854816,55.33223481753394,66.87506623521735,81.26169442697042,19.951123774827845,35.71877415065856,53.842734703645846,56.593908310498094,65.4806303831513,91.64943333284536,100.9003021994146,27.44145077720207,28.06639915626183,74.10746486319805,23.416665291987766,31.50410280056597,48.86345862120666,7.482563151269067,24.68015894489941,38.932280549417214,43.553636933234166,54.4478446551288,68.82413039417611,77.67121450670955,25.67130259502327,41.55945446206131,46.35709998926151,50.043187084839175,81.24679536634335,0.0,19.45987438215418
19.501366651625723,30.301700935105508,54.073562644042546,58.90816909814954,93.05922938855313,130.6876750069734,35.45058361603411,66.37513536719783,21.191937290429863,41.229655523664924,55.72234254031428,80.46602380332288,104.36583114033816,38.39361015482757,55.34326495153159,66.92139242368833,81.32562517094368,19.914228734829994,35.71967667467486,53.88459214245787,56.60757467493563,65.52133693380704,91.69945376336402,100.9560130088584,27.44145077720207,28.06943821905237,74.14591806987906,23.41711283645353,31.505741662027418,48.90286448475099,7.443684966670792,24.680263182766126,38.953057912106594,43.59371131435023,54.492574700863095,68.86923465984593,77.72527147611775,25.67215271847721,41.581682733830185,46.38520436446391,50.087312532959324,81.31745622568418,0.0,19.501366651625723
19.542858921097267,30.27993334223272,54.08445656177681,58.93235075260721,93.15786079734859,130.74170469674493,35.45220714793851,66.41500410476498,21.156103127135292,41.22962511748108,55.763232475496125,80.50402765645512,104.40578646044557,38.3967908054847,55.35425223119459,66.9676675537554,81.3896589189711,19.87732432560437,35.720577273596334,53.92644647236121,56.62120572772783,65.56204852502168,91.74938909969555,101.01185358680705,27.44145077720207,28.072472213228867,74.1843763451741,23.417558818561396,31.507373295374197,48.9422791387679,7.404800071799133,24.68036740865478,38.97378549574016,43.633795170536594,54.537231789229054,68.91439649595989,77.77939085868707,25.672999794640532,41.60378542229026,46.41340338956196,50.13143000518559,81.38815904162264,0.0,19.542858921097267
19.58435119056881,30.258134847599923,54.095134106415564,58.9567326741257,93.25645174259655,130.7958218578587,35.45382650397306,66.45487701820197,21.120252056786644,41.229596692754555,55.80412583413556,80.54204102139911,104.44574377088041,38.399962400830326,55.365196888826965,67.01389187397261,81.45379515419052,19.840410580049713,35.721475953327904,53.96829762863845,56.634801671810735,65.60276511335674,91.79923948407064,101.0678236574459,27.44145077720207,28.075501150463847,74.22283967741066,23.418003246376742,31.508997746149777,48.98170252964851,7.365908494084718,24.68047162154757,38.99446339808507,43.673888419661274,54.581816314026376,68.95961533443271,77.83357278665513,25.673843840341675,41.625762709501046,46.44169703267662,50.175539515628685,81.45890363303916,0.0,19.58435119056881
19.62584346004035,30.236305494434163,54.105596909336555,58.98131351431299,93.355001673035,130.850026715364,35.45544169957706,66.49475409206951,21.084384149907528,41.22957024933273,55.84502258713678,80.58006386070234,104.48570306782,38.4031249766924,55.37609915475927,67.06006563484955,81.51803335993384,19.803487530884034,35.722372719755015,54.0101455434976,56.648362712545726,65.64348665579774,91.84900506615611,101.12392293795004,27.44145077720207,28.078525042397334,74.26130805494873,23.418446127910265,31.51061505953501,49.0211346042013,7.327010260795938,24.680575820437923,39.015091716621086,43.713990980370376,54.62632867052065,69.0048906064266,77.88781739120645,25.674684872281798,41.64761479330163,46.470085245013564,50.21964107884889,81.52968981962744,0.0,19.62584346004035
19.667335729511894,30.21444532587864,54.11584664121035,59.00609188213012,93.45351004033948,130.90431949481024,35.45705275011715,66.53463531100095,21.04849947666603,41.229545786893034,55.885922705731566,80.61809613710028,104.52566434745152,38.40627856872372,55.386959257377484,67.10618908877188,81.58237301977655,19.766555210646057,35.72326757874355,54.051990145898245,56.66188905789689,65.68421310975,91.89868600297723,101.18015113856048,27.44145077720207,28.081543900636973,74.29978146618063,23.418887471118367,31.512225280351483,49.060575309648264,7.288105399040276,24.680680004330387,39.03567054854526,43.75410277208178,54.670769255390354,69.05022174242215,77.94212480245501,25.675522907036,41.66934188713981,46.49856796105342,50.26373470983802,81.60051742189228,0.0,19.667335729511894
19.708827998983438,30.192554384994242,54.125885010073446,59.031066345863344,93.55197629908551,130.95870042223842,35.45865967088768,66.57452065970197,21.012598106876677,41.229523304947,55.92682616147438,80.65613781351558,104.56562760597191,38.40942321240289,55.397777423151275,67.15226248992305,81.6468136175871,19.729613651696567,35.7241605361397,54.093831361366476,56.67538091862041,65.7249444330344,91.94828245883815,101.23650796266288,27.44145077720207,28.084557736758093,74.33825989953104,23.419327283903662,31.513828453064907,49.10002459362109,7.249193935765527,24.68078417224047,39.05619999077651,43.79422371497894,54.715138466673565,69.09560817228888,77.99649514942749,25.676357961054542,41.69094421989159,46.527145098750914,50.30782042400187,81.67138626114675,0.0,19.708827998983438
19.750320268454985,30.170632714760938,54.13571375939661,59.05623543509907,93.65039990671153,131.013169724173,35.460262477111115,66.61441012295008,20.976680110002285,41.2295028028438,55.967732926238135,80.69418885305643,104.60559283958798,38.41255894303534,55.40855387666163,67.19828609420729,81.71135463757474,19.692662886219853,35.72505159777026,54.13566911179645,56.68883850846643,65.76568058388332,91.99779460524043,101.29299310686808,27.44145077720207,28.087566562303824,74.37674334345685,23.41976557411539,31.515424621788405,49.139482404157405,7.210275897761244,24.680888323194655,39.07668013996024,43.834353730004615,54.75943670371521,69.14104932535572,78.05092856004588,25.677190050664045,41.71242203567187,46.55581655974261,50.351898237143466,81.74229615950985,0.0,19.750320268454985
19.79181253792653,30.14868035807902,54.145334666153346,59.08159764269854,93.74878032348323,131.0677276276131,35.461861183938474,66.65430368559427,20.940745555155935,41.22948427977399,56.008642972209636,80.73224921901594,104.64556004451622,38.41568579575431,55.41928884062794,67.24426015917385,81.77599556433746,19.655702946225027,35.72594076944238,54.17750331523831,56.7022620443952,65.80642152093641,92.04722262079932,101.34960626109438,27.44145077720207,28.090570388785203,74.41523178644702,23.420202349549893,31.51701383028583,49.17894868969703,7.171351311659848,24.68099245623012,39.09711109247304,43.8744927388546,54.80366436711425,69.18654463048111,78.10542516111079,25.678019192068685,41.733775593636004,46.5845822295626,50.39596816544687,81.81324693990386,0.0,19.79181253792653
19.833304807398072,30.12669735777073,54.15474953889279,59.10715142676781,93.8471170124581,131.12237436002408,35.463455806449666,66.69420133255463,20.90479451110283,41.229467734773074,56.04955627188532,80.77031887487078,104.68552921698284,38.41880380552182,55.429982535934776,67.29018494394272,81.84073588290892,19.618733863547373,35.72682805694377,54.219333885671034,56.71565174680793,65.84716720323655,92.09656669115846,101.40634710865208,27.44145077720207,28.09356922768127,74.4537252170225,23.420637617951023,31.51859612197499,49.218423399078276,7.13242020393794,24.681096570394782,39.117492944427156,43.91464066397151,54.847821858671246,69.23209351612297,78.15998507828431,25.678845401351364,41.755005167773085,46.613441977866444,50.440030225461534,81.88423842605177,0.0,19.833304807398072
19.874797076869616,30.1046837565814,54.16396021582038,59.132895212618536,93.94540943945107,131.17711014932834,35.46504635965395,66.73410304882188,20.86882704626217,41.22945316672493,56.0904727980669,80.80839778428013,104.72550035322377,38.421913007129646,55.440635181657626,67.33606070913119,81.90557507880436,19.581755669849752,35.7277134660425,54.261160732758924,56.7290078397942,65.88791759022574,92.14582700890286,101.46321532632939,27.44145077720207,28.096563090439137,74.49222362373618,23.42107138701059,31.52017153993088,49.25790648153436,7.0934826009175955,24.68120066474714,39.13782579167519,43.95479742853845,54.89190958133606,69.27769541040834,78.2146084360733,25.67966869447488,41.77611104669108,46.64239565866254,50.484084434087215,81.95527044247466,0.0,19.874797076869616
19.916289346341163,30.08263959718086,54.172968562890716,59.158827394716624,94.04365707300106,131.23193522389664,35.46663285849028,66.7740088194571,20.832843228709073,41.22944057436529,56.131392523857365,80.84648591108464,104.76547344948462,38.425013435200306,55.451246995088766,67.38188771678199,81.97051263806638,19.544768396623827,35.728597002487305,54.302983761590454,56.74233055139666,65.92867264174117,92.1950037734698,101.52021058448035,27.44145077720207,28.09955198847413,74.53072699517273,23.4215036643688,31.521740126888876,49.29739788668971,7.054538528767545,24.681304738356122,39.158109729814534,43.99496295647284,54.93592793915579,69.32334974120269,78.26929535781274,25.68048908728307,41.79709353339388,46.671443110550854,50.52813080855948,82.0263428144893,0.0,19.91628934634116
19.957781615812706,30.060564922164705,54.18177647191599,59.184946338614175,94.14185938433803,131.28684981253906,35.46821531782771,66.8139186295912,20.796843126176388,41.229429956285074,56.17231542265662,80.88458321930537,104.80544850202054,38.42810512418797,55.46181819176201,67.42766623029254,82.03554804730958,19.507772075191465,35.72947867200736,54.344802872398006,56.75562011389508,65.96943231801121,92.24409719105837,101.57733254711418,27.44145077720207,28.102535933169843,74.56923531994856,23.421934457614675,31.523301925247846,49.3368975645564,7.015588013504364,24.681408790301106,39.17834485419197,44.03513717242012,54.97987733722304,69.36905593617911,78.32404596564872,25.68130659550193,41.81795294505115,46.70058415696876,50.57216936643573,82.09745536820515,0.0,19.957781615812703
19.99927388528425,30.038459774055642,54.19038585869348,59.21125038286219,94.24001584735103,131.34185414449584,35.46979375246583,66.85383246442464,20.76082680605661,41.229421310933866,56.2132414681575,80.92268967314266,104.8454255070965,38.43118810837949,55.47234898547738,67.47339651434537,82.10068079376448,19.470766736705986,35.73035848031252,54.38661796025675,56.76887676411144,66.01019657965142,92.29310747453741,101.63458087198644,27.44145077720207,28.105514935878272,74.60774858671166,23.422363774286463,31.524856977073323,49.376405465530674,6.9766310809937595,24.681512819671646,39.198531259908194,44.075320001747535,55.02375818162438,69.4148134228869,78.37886038052221,25.682121234740787,41.838689612761,46.72981860644336,50.616200125581585,82.16860793052214,0.0,19.999273885284246
20.040766154755794,30.016324195304676,54.19879866115531,59.23773784089998,94.33812593855664,131.39694844942775,35.47136817713504,66.89375030922696,20.7247943354037,41.229414636622856,56.2541706343419,80.96080523697513,104.88540446098666,38.434262421895234,55.48283958832514,67.51907883483979,82.1659103653212,19.433752412153478,35.731236433093,54.42842891476064,56.78210074373707,66.0509653876607,92.34203484335161,101.69195521069153,27.44145077720207,28.1084890079199,74.6462667841416,23.42279162187209,31.52640532410057,49.415921540389355,6.937667756951696,24.681616825567517,39.2186690418222,44.115511370537874,55.067570879388995,69.46062162882018,78.43373872215234,25.68293302049334,41.859303881305664,46.759146252850286,50.66022310415795,82.23980032912786,0.0,20.040766154755794
20.082258424227337,29.99415822829234,54.207016837543584,59.2644070029188,94.43618913706868,131.45213295740723,35.47293860649706,66.93367214933649,20.688745780934916,41.22940993152824,56.29510289547667,80.99892987535857,104.92538535997494,38.43732809869016,55.49329021070932,67.56471345882481,82.23123625057168,19.396729132354043,35.73211253601987,54.47023561967436,56.795292299685016,66.09173870341726,92.3908795234268,101.74945520875691,27.44145077720207,28.11145816058376,74.68478990094928,23.42321800780953,31.5279470077376,49.455445740286436,6.8986980669456175,24.681720807098586,39.23875829455583,44.155711205583245,55.11131583843785,69.50647998148571,78.48868110902016,25.683741968138808,41.879796108900884,46.788566875678384,50.70423832060842,82.3110323924948,0.0,20.082258424227337
20.12375069369888,29.97196191532996,54.21504236461382,59.29125613769673,94.5342049245679,131.50740789890838,35.47450505514523,66.97359797015987,20.652681209032675,41.229407193694215,56.33603822610982,81.03706355302491,104.9653682003548,38.44038517255463,55.503701061370904,67.61030065443315,82.29665793885195,19.35969692796307,35.732986794744704,54.512037952557684,56.80845168446887,66.13251648867507,92.43964174707271,101.80708050573833,27.44145077720207,28.114422405127588,74.723317925877,23.42364293948725,31.52948206906826,49.49497801674959,6.8597220363956,24.681824763384615,39.25879911249809,44.195919434378936,55.1549934675329,69.55238790847088,78.54368765835213,25.684548092942983,41.900166666939455,46.8180802403001,50.748245793647065,82.38230394987784,0.0,20.12375069369888
20.165242963170424,29.949735298660844,54.22287723586905,59.318283494401975,94.63217278527345,131.56277350479758,35.47606753760489,67.01352775717174,20.61660068574636,41.2294064210362,56.37697660106666,81.07520623488125,105.00535297842906,38.443433677115436,55.51407234741034,67.65584069081648,82.362174920283,19.322655829472513,35.73385921489969,54.55383578436092,56.821579156610994,66.17329870555973,92.48832175288595,101.86483073531674,27.44145077720207,28.117381752777877,74.76185084769824,23.424066424244614,31.53101054885519,49.53451832167684,6.820739690575486,24.68192869355537,39.27879158980965,44.2361359851171,55.19860417622691,69.59834483751062,78.5987584861042,25.685351410059308,41.9204159397287,46.84768609824717,50.792245542246896,82.45361483131154,0.0,20.165242963170424
20.20673523264197,29.927478420461384,54.230523459827275,59.3454873043627,94.73009220591425,131.61823000632353,35.47762606833383,67.05346149591436,20.58050427679412,41.22940761134352,56.417917995446246,81.1133578860087,105.04533969050999,38.446473645836676,55.52440427430993,67.70133383808187,82.42778668581144,19.285605867212066,35.734729802097796,54.59562897898842,56.834674981082856,66.21408531656502,92.53691978565008,101.92270552539645,27.44145077720207,28.12033621472999,74.80038865521767,23.424488469372257,31.532532487542788,49.574066607333144,6.781751054614082,24.682032596750243,39.298735820427034,44.27636078668071,55.242148374813205,69.64435019655471,78.6538937069455,25.686151934529967,41.94054432422296,46.87738418749113,50.8362375856283,82.52496486760742,0.0,20.206735232641968
20.248227502113515,29.90519132284233,54.237983058324645,59.37286578280008,94.82796267570079,131.67377763510743,35.479180661722566,67.09339917199716,20.544392047564724,41.22941076228275,56.45886238461743,81.15151847166149,105.08532833291929,38.44950511202062,55.534697045955454,67.74678036722936,82.49349272724909,19.248547071350444,35.73559856193269,54.637417392826954,56.84773942978,66.25487628454894,92.58543609623587,101.98070449820415,27.44145077720207,28.123285802148246,74.83893133727098,23.424909082112507,31.53404792526014,49.613622826347076,6.742756153496248,24.682136472118415,39.318631898067146,44.31659376863728,55.28562647427616,69.69040341383395,78.70909343424253,25.68694968128688,41.96055222975087,46.90717423272847,50.88022194324837,82.59635389035141,0.0,20.24822750211351
20.28971977158506,29.882874047849825,54.245258064855705,59.40041713052413,94.92578368629884,131.72941662313292,35.48073133209478,67.1333407710965,20.508264063119285,41.229415871400114,56.499809744215455,81.18968795726583,105.12531890198807,38.452528108808764,55.54495086465762,67.79218055009063,82.55929253731215,19.211479471896578,35.73646549997866,54.67920087423579,56.86077278203547,66.29567157272997,92.63387094149942,102.03882727038916,27.44145077720207,28.12623052616602,74.87747888272474,23.425328269659794,31.535556901823934,49.65318693170755,6.703755012064052,24.682240318818593,39.33847991623133,44.3568348612328,55.32903888624164,69.73650391792626,78.7643577800432,25.687744665152742,41.980440077738265,46.93705594567003,50.92419863479029,82.6677817319008,0.0,20.289719771585055
20.331212041056602,29.860526637466517,54.252350522953385,59.42813953558899,95.0235547318027,131.78514720273608,35.482278093707656,67.17328627895516,20.472120388193105,41.229422936124834,56.5407600501382,81.22786630841905,105.16531139405669,38.45554266918258,55.55516593117296,67.8375346592689,82.62518560965934,19.174403098700793,35.737330621790925,54.72097926299521,56.873775325175146,66.33647114468368,92.68222458418008,102.09707345312542,27.44145077720207,28.129170397885837,74.91603128047647,23.42574603916099,31.537059456741304,49.69275887676052,6.664747655017845,24.682344136019037,39.35827996820977,44.39708399538557,55.37238602292825,69.78265113782248,78.81968685506108,25.688536900842102,42.00020830142692,46.96702902533419,50.968167680153066,82.73924822538203,0.0,20.3312120410566
20.372704310528146,29.83814913361271,54.259262484609806,59.45603117490708,95.12127530870956,131.84096960659474,35.48382096075228,67.21323568138209,20.43596108719742,41.22943195377146,56.58171327854289,81.26605349088831,105.20530580547488,38.45854882596451,55.565342444724386,67.88284296807987,82.69117143892967,19.13731798145603,35.73819393290546,54.762752389708425,56.88674735511898,66.37727496433887,92.73049729279643,102.15544265221328,27.44145077720207,28.132105428379468,74.95458851945439,23.426162397715853,31.538555629212716,49.7323386152058,6.625734106917402,24.68244792289732,39.37803214708555,44.43734110268018,55.41566829709843,69.82884450299127,78.87508076866008,25.689326402962315,42.019857345589266,46.99709315834355,51.012129099441886,82.81075320468749,0.0,20.37270431052815
20.41419657999969,29.81574157814743,54.26599600873948,59.48409021582016,95.21894491589444,131.89688406771856,35.48535994735396,67.25318896425195,20.39978622422121,41.22944292154288,56.62266940584235,81.30424947060999,105.24530213260162,38.461546611818854,55.57548060302126,67.92810575049394,82.75724952077903,19.100224149699002,35.73905543883901,54.80452007515373,56.89968917703252,66.41808299597393,92.77868934154226,102.21393446818318,27.44145077720207,28.135035628688023,74.99315058861737,23.426577352377375,31.540045458134735,49.771926101093804,6.586714392182971,24.68255167864039,39.397736545738994,44.47760611536129,55.458886122010426,69.8750834434438,78.93053962883853,25.690113186014543,42.03938766623975,47.0272480192248,51.05608291295847,82.88229650447309,0.0,20.414196579999693
20.455688849471233,29.793304012869378,54.2725531596861,59.5123148176263,95.31656305458627,131.95289081943818,35.48689506757262,67.29314611350483,20.363595863032895,41.229455836532686,56.66362840870194,81.34245421368836,105.28530037180522,38.464536059252566,55.58558060227926,67.97332328107926,82.82341935191661,19.063121632811363,35.73991514508926,54.84628212958069,56.91260110603412,66.4588952042136,92.82680101018104,102.27254849639966,27.44145077720207,28.137961009822043,75.0317174769549,23.42699091015217,31.54152898210282,49.811521288822455,6.54768853509639,24.68265540244441,39.41739325685159,44.517878966327714,55.50203991137026,69.92136738979796,78.98606354221421,25.690897264394803,42.05879973034337,47.05749327071126,51.100029141191996,82.95387796015547,0.0,20.455688849471237
20.497181118942777,29.770836479518184,54.27893600577429,59.54070313306161,95.41412922834361,132.0089900953947,35.48842633540315,67.33310711514585,20.327390067082145,41.229470695728146,56.70459026403592,81.38066768639483,105.32530051946314,38.46751720061628,55.59564263723962,68.01849583494624,82.8896804301402,19.026010460020874,35.74077305713474,54.88803835194541,56.925483467963225,66.49971155402507,92.87483258394002,102.33128432716663,27.44145077720207,28.140881582761583,75.0702891734869,23.427403078000864,31.543006239414126,49.85112413313401,6.508656559802119,24.68275909351461,39.43700237291021,44.558159589126355,55.54513007928436,69.96769577334207,79.04165261400905,25.69167865239485,42.07809401552088,47.087828564047996,51.1439678048102,83.02549740790906,0.0,20.49718111894278
20.538673388414324,29.74833901977513,54.285146617906534,59.569253309736006,95.51164294303199,132.06518212952886,35.489953764775755,67.37307195524478,20.291168899501603,41.22948749601252,56.74555494900431,81.41888985516684,105.36530257196205,38.47049006810507,55.60566690118823,68.06362368769275,82.95603225437087,18.98889066040253,35.741629180435005,54.92978852907845,56.938336600215656,66.54053201071471,92.92278435340312,102.39014154583263,27.44145077720207,28.14379735845634,75.10886566726369,23.427813862838427,31.54447726807015,49.890734589111965,6.469618490308313,24.68286275106532,39.456563986211044,44.59844791794615,55.588157040212295,70.0140680260978,79.09730694803402,25.69245736420323,42.097271009752504,47.11825353929882,51.18789892465094,83.09715468466374,0.0,20.538673388414324
20.580165657885868,29.725811675264453,54.29118706820678,59.59796349152196,95.60910370680135,132.1214671560701,35.491477369556364,67.41304061993573,20.254932423108595,41.22950623416763,56.78652244100962,81.45712068660684,105.40530652569774,38.47345469375938,55.61565358597421,68.10870711535084,83.02247432468717,18.951762262879694,35.74248352043046,54.97153243477857,56.95116085265344,66.58135653992446,92.970656614404,102.4491197328977,27.44145077720207,28.146708347825697,75.14744694736586,23.4282232715346,31.545942105779496,49.93035261217799,6.430574350487888,24.68296637431972,39.47607818886367,44.63874388761219,55.63112120892037,70.06048358088294,79.15302664667429,25.69323341390617,42.11633121107872,47.14876782565518,51.23182252171378,83.16884962810153,0.0,20.580165657885868
20.62165792735741,29.70325448755409,54.29705942871056,59.62683181989626,95.70651103006428,132.17784540952564,35.492997163546875,67.45301309541675,20.218680700406896,41.229526906876245,56.82749271769369,81.49536014748148,105.44531237707514,38.47641110946586,55.62560288202824,68.15374639433395,83.08900614235812,18.914625296225243,35.743336082542605,55.01326982882415,56.963956588596695,66.62218510762864,93.01844966791725,102.50821846411988,27.44145077720207,28.14961456175886,75.18603300290425,23.42863131091421,31.547400789960513,49.96997815808891,6.391524164079522,24.683069962509986,39.49554507279491,44.67904743357973,55.67402300043513,70.10694187137346,79.20881181087451,25.694006815488578,42.13527512730017,47.17937104174635,51.2757386171521,83.24058207665435,0.0,20.62165792735741
20.663150196828955,29.68066749815677,54.3027657701026,59.655856435233645,95.80386442547476,132.2343171246693,35.49451316048563,67.49298936794953,20.182413793588402,41.229549510724745,56.868465756934405,81.53360820472065,105.48532012250838,38.47935934695826,55.635514978380435,68.19874180138592,83.15562720987626,18.87747978906265,35.74418687217398,55.05500045589424,56.976724185906086,66.66301768013025,93.06616381995059,102.56743731062292,27.44145077720207,28.152516011114912,75.22462382301974,23.429037987757567,31.54885335774396,50.00961118293365,6.352467954688665,24.68317351487694,39.51496472975281,44.71935849192823,55.71686282999775,70.15344233216489,79.26466254012414,25.694777582834906,42.15410327567585,47.21006279595063,51.319647232265396,83.31235186950096,0.0,20.663150196828955
20.704642466300502,29.658050748530886,54.3083081605017,59.68503547805309,95.90116340790767,132.2908825365299,35.49602537404768,67.53296942385903,20.146131764534886,41.229574042205144,56.90944153684275,81.57186482541626,105.52532975842058,38.48229943781823,55.64539006267794,68.24369361353028,83.22233703098901,18.84032576986708,35.74503589470814,55.096724044388196,56.989464038166105,66.70385422405785,93.11379938143531,102.62677583900422,27.44145077720207,28.15541270672294,75.26321939688324,23.42944330880079,31.5502998459756,50.04925164313032,6.313405745788638,24.683277030670137,39.53433725131041,44.759676999355584,55.75964111301843,70.19998439883322,79.32057893244315,25.69554572973014,42.17281618262049,47.240842686707325,51.363548388491765,83.38415884656419,0.0,20.7046424663005
20.746134735772046,29.635404280081517,54.31368866429337,59.714367090215255,95.99840749443881,132.34754188038042,35.49753381784517,67.5729532495331,20.10983467481964,41.229600497717755,56.950420035759805,81.61012997682167,105.5653412812439,38.48523141347624,55.655228321202294,68.28860210802117,83.28913511073044,18.803163266966514,35.74588315550986,55.13844030513447,57.00217655598009,66.74469470636214,93.16135666811694,102.68623361144301,27.44145077720207,28.15830465938211,75.30181971369564,23.42984728073619,31.55174029121882,50.08889949542325,6.274337560721542,24.683380509147735,39.55366272886963,44.80000289317217,55.8023582650317,70.24656750799538,79.37656108436761,25.696311269860672,42.191414383401245,47.27171030282914,51.407442107400726,83.45600284850828,0.0,20.746134735772042
20.78762700524359,29.61272813416125,54.31890934100993,59.7438494160729,96.0955962043255,132.40429539172607,35.499038505427635,67.61294083142216,20.073522585709217,41.22962887357316,56.991401232253516,81.6484036263504,105.60535468741952,38.48815530521234,55.66502993888622,68.33346756229489,83.35602095545127,18.76599230854278,35.74672865992504,55.180148929974635,57.01486216838922,66.7855390943127,93.20883600044564,102.74581018580925,27.44145077720207,28.16119187986175,75.34042476268753,23.430249910212606,31.553174729757156,50.12855469688004,6.235263422699315,24.683483949576413,39.57294125366492,44.84033611129511,55.845014701651706,70.29319109736883,79.43260909093567,25.69707421681522,42.20989842183419,47.302665223814536,51.45132841068637,83.52788371673593,0.0,20.787627005243586
20.829119274715133,29.590022352071138,54.32397224425798,59.773480603572466,96.19272905898765,132.4611433062925,35.50053945028244,67.6529321560389,20.03719555816508,41.22965916599469,57.03238510511607,81.6866857415755,105.64536997339752,38.49107114415709,55.674795099330396,68.37829025392276,83.42299407284916,18.72881292263268,35.74757241328075,55.22184959020952,57.02752132442958,66.82638735549455,93.2562377034661,102.80550511577225,27.44145077720207,28.164074378901457,75.37903453311937,23.430651203835765,31.55460319759687,50.16821720488872,6.196183354804692,24.68358735123121,39.592172916767055,44.88067659224242,55.88761083852835,70.33985460583067,79.48872304567372,25.6978345840857,42.22826884998069,47.33370702015991,51.49520732016041,83.59980129338572,0.0,20.82911927471513
20.870611544186676,29.567286975061464,54.328879420692935,59.80325880530884,96.28980558198998,132.5180858600147,35.502036665835014,67.69292720995787,20.000853652845276,41.2296913711205,57.073371633360594,81.72497629022843,105.68538713563717,38.493978961292314,55.68452398481959,68.42307046056473,83.49005397199738,18.69162513712899,35.748414420885275,55.263541934891194,57.04015449484367,66.86723945780524,93.3035621067072,102.86531795091004,27.44145077720207,28.166952167211168,75.41764901428121,23.431051168168604,31.55602573046943,50.207886977154864,6.157097379992171,24.683690713395613,39.61135780908673,44.921024275127294,55.930147091303624,70.38655747347642,79.54490304058251,25.69859238506814,42.246526227844264,47.36483525367124,51.53907885774586,83.67175542132911,0.0,20.87061154418668
20.91210381365822,29.544522044332826,54.33363290904078,59.83318217953268,96.38682529902367,132.57512328902422,35.50353016544926,67.73292597981518,19.96449693010611,41.22972548500567,57.11436079621868,81.76327524019814,105.72540617060646,38.496878787451955,55.69421677633882,68.46780845992409,83.55720016337379,18.65442897978155,35.74925468802831,55.30522558894305,57.05276217396326,66.90809536945137,93.35080954407165,102.92524823681858,27.44145077720207,28.16982525547129,75.45626819549263,23.431449809731642,31.557442363834028,50.24756397169876,6.118005521089018,24.683794035361284,39.63049602137821,44.96137909965241,55.97262387556853,70.43329914167744,79.60114916612366,25.699347633063514,42.26467112306799,47.3960494777749,51.58294304547068,83.74374594416769,0.0,20.912103813658224
20.953596083129764,29.521727601036737,54.33823473916538,59.86324889111072,96.48378773788984,132.63225582963764,35.50501996242786,67.77292845230812,19.928125450003805,41.22976150362444,57.1553525731374,81.80158255953023,105.76542707478228,38.49977065332292,55.70387365358899,68.5125045297032,83.62443215888817,18.617224478198278,35.75009321998076,55.34690015108739,57.06534488178525,66.94895505894556,93.39798035372566,102.985295515221,27.44145077720207,28.17269365433274,75.49489206610272,23.43184713500329,31.55885313288001,50.287248146852676,6.078907800796207,24.683897316428094,39.649587644242814,45.00174100610419,56.01504160682046,70.48007905313858,79.65746151120632,25.700100341278624,42.28270411063283,47.427349237827336,51.62679990546169,83.81577270623048,0.0,20.953596083129767
20.995088352601307,29.4989036862766,54.342686931182115,59.89345711244046,96.5806924284828,132.68948371834443,35.5065060700126,67.81293461419492,19.891739272296117,41.229799422872176,57.196346943776454,81.83989821642605,105.8054498446505,38.50265458944588,55.71349479500235,68.55715894756017,83.69174947190949,18.58001165984621,35.750930021994954,55.388565191557426,57.077903166262615,66.9898184951033,93.44507487798832,103.04545932407733,27.44145077720207,28.17555737441707,75.53352061548993,23.432243150420216,31.56025807252933,50.32693946125798,6.0398042416893105,24.684000555904046,39.66863276813254,45.042109935347234,56.05740070042117,70.52689665195457,79.713840163174,25.700850522826975,42.300625772557176,47.4587340714233,51.67064945993867,83.88783555257103,0.0,20.99508835260131
21.036580622072854,29.476050341108504,54.346991494616404,59.92380502431913,96.67753890277413,132.74680719179452,35.50798850138474,67.85294445229434,19.855338456444,41.22983923856747,57.237343888005505,81.87822217924165,105.84547447670573,38.505530626216064,55.72308037775755,68.60177199106641,83.75915161729253,18.542790552052512,35.75176509930453,55.43022024956759,57.0904376058374,67.03068564703973,93.49209346322107,103.10573919769347,27.44145077720207,28.17841642631654,75.57215383306202,23.43263786237765,31.561657217438956,50.366637873862466,6.00069486621954,24.684103753105124,39.68763148335336,45.082485828818626,56.099701571554924,70.57375138366598,79.77028520779145,25.70159819072955,42.31843669759788,47.49020350870248,51.71449173120879,83.95993432896462,0.0,21.036580622072854
21.078072891544398,29.453167606541964,54.35115042760629,59.954290816767795,96.77432669479705,132.80422648678564,35.5094672696653,67.89295795348532,19.818923061613237,41.22988094645408,57.27834338590159,81.9165544164871,105.8855009674514,38.50839879388409,55.73263057779456,68.64634393766522,83.82663811140335,18.50556118200551,35.7525984571248,55.47186483051174,57.10294881224568,67.07155648416676,93.53903645971744,103.16613466683052,27.44145077720207,28.18127082059423,75.61079170825586,23.433031277229713,31.563050602003266,50.406343343917634,5.961579696714611,24.684206907355264,39.706583880068756,45.12286862852246,56.14194463518754,70.62064269531452,79.82679672923203,25.702343357915726,42.33613748095316,47.52175707265432,51.758326741660916,84.0320688819054,0.0,21.078072891544398
21.11956516101594,29.43025552354079,54.35516571614944,59.98491268981156,96.87105534063187,132.8617418402513,35.51094238791543,67.93297510470671,19.782493146676046,41.229924542202816,57.31934541774633,81.95489489682546,105.92552931339982,38.51125912255675,55.74214556982923,68.69087506463121,83.89420847214463,18.468323576755658,35.75343010065237,55.51349840285483,57.11543743362886,67.11243097618987,93.58590422159287,103.22664525881413,27.44145077720207,28.18412056778409,75.64943423053754,23.43342340128978,31.564438260356386,50.44605583097599,5.922458755379669,24.68431001798629,39.72549004830298,45.163258277024234,56.18413030602561,70.6675700354975,79.88337481006509,25.70308603722404,42.35372872396718,47.55339427942029,51.80215451376048,84.10423905860368,0.0,21.11956516101594
21.161057430487485,29.4073141330238,54.359039333391536,60.01566885421692,96.96772437839111,132.9193534892478,35.512413869136715,67.97299589295699,19.74604877021268,41.229970021413685,57.360349964023385,81.9932435890719,105.96555951107196,38.514111642197825,55.75162552736764,68.73536564903087,83.96186221898012,18.431077763216546,35.75426003506544,55.5551203946791,57.127904157990706,67.15330909310524,93.6326971066745,103.28727049764325,27.44145077720207,28.18696567839107,75.68808138940211,23.43381424083075,31.56582022637456,50.48577529488839,5.883332064298202,24.68441308433774,39.74435007794441,45.20365471744537,56.226258998476325,70.71453285442198,79.94001953124352,25.70382624140304,42.37121103383725,47.58511463859422,51.845975070044275,84.17644470698306,0.0,21.161057430487485
21.202549699959025,29.384343475865546,54.362773238957715,60.04655753218649,97.06433334820606,132.97706167094154,35.51388172627148,68.01302030529378,19.709589990513074,41.230017379617436,57.40135700541592,82.03160046219278,106.00559155699749,38.516956382628884,55.761070622720126,68.77981596768369,84.02959887295837,18.39382376816588,35.75508826552386,55.59673018983906,57.14034971704528,67.19419080519643,93.67941547639163,103.34800990409887,27.44145077720207,28.18980616289117,75.72673317437356,23.434203802085403,31.56719653367844,50.5255016958014,5.844199645432951,24.68451610575695,39.76316405874875,45.24405789345778,56.26833112660799,70.7615306039577,79.99673097209161,25.704563983112052,42.38858502332331,47.61691765351969,51.88978843311543,84.24868567567755,0.0,21.202549699959032
21.24404196943057,29.36134359289718,54.36636937832424,60.077576958013076,97.16088179221323,133.03486662259587,35.51534597220314,68.05304832883364,19.673116865578372,41.2300666122777,57.44236652280394,82.06996548530495,106.04562544771485,38.51979337353,55.77048102701505,68.8242262971246,84.09741795673608,18.356561618246456,35.75591479716903,55.63832712367363,57.15277489050798,67.23507608303198,93.72605969566597,103.40886299585212,27.44145077720207,28.19264203173158,75.76538957500469,23.43459209124672,31.568567215635394,50.56523499415468,5.805061520626819,24.68461908159882,39.781932080342244,45.28446774927843,56.310347104110726,70.80856273768973,80.05350921029314,25.70529927492204,42.40585131046006,47.64880282158467,51.93359462563861,84.32096181402883,0.0,21.244041969430576
21.285534238902112,29.338314524906963,54.36982968222994,60.10872537869285,97.25736925454157,133.09276858155835,35.516806619756544,68.09307995075179,19.63662945312259,41.230117714792584,57.48337849726196,82.10833862767467,106.08566117977112,38.52262264444064,55.77985691021241,68.86859691356686,84.1653189946004,18.31929133996712,35.75673963512412,55.679910478215255,57.16518051088943,67.27596489746198,93.77263013280279,103.46982928757261,27.44145077720207,28.19547329533071,75.8040505808771,23.43497911446815,31.569932305361764,50.60497515067842,5.765917711603716,24.684722011225848,39.80065423222481,45.324884229664,56.3523073442579,70.85562871097021,80.1103543218796,25.706032129316313,42.42301051827215,47.680769634513055,51.977393670335495,84.39327297208335,0.0,21.285534238902116
21.327026508373656,29.31525631264122,54.373156066126825,60.14000105450015,97.35379528130004,133.15076778524764,35.51826368169821,68.13311515828167,19.600127810574136,41.230170682496485,57.52439291005649,82.14671985871682,106.12569874972202,38.52544422476036,55.78919844111716,68.91292809286625,84.23330151249122,18.282012959703707,35.75756278449399,55.72147947682675,57.17756746886155,67.31685721961539,93.81912715938219,103.53090829103589,27.44145077720207,28.19829996407832,75.84271618160102,23.43536487786398,31.571291835725113,50.64472212639079,5.726768239969473,24.684824894007956,39.8193306037731,45.36530727990549,56.394212259868056,70.90272798096949,80.16726638121868,25.706762558691384,42.440063274492395,47.71281757865301,52.021185589980114,84.46561900058965,0.0,21.32702650837366
21.3685187778452,29.292168996804847,54.3763504296682,60.17140225952335,97.45015942056581,133.20886447113986,35.51971717073671,68.1731539387147,19.56361199507739,41.230225510662024,57.56540974264355,82.1851091479942,106.16573815413189,38.52825814374961,55.79850578739216,68.95722011048579,84.30136503802204,18.244726503700026,35.75838425036522,55.763033278185546,57.18993671927651,67.35775302089726,93.86555115015072,103.59209951523039,27.44145077720207,28.201122048335588,75.88138636681532,23.4357493875096,31.57264583934645,50.68447588259537,5.687613127212701,24.68492772932256,39.83796128424361,45.40573684582291,56.43606226326729,70.94986000672641,80.22424546100294,25.707490575357692,42.45701021128332,47.74494613526183,52.06497040739459,84.5379997509953,0.0,21.368518777845203
21.41001104731675,29.26905261806215,54.37941465623341,60.20292728216437,97.54646122237297,133.26705887675539,35.521167099523,68.21319627939995,19.52708206349429,41.23028219450137,57.60642897666643,82.22350646521642,106.20577938957364,38.531064430530506,55.80777911557121,69.0014732414615,84.369509100501,18.207431998068753,35.759204037806306,55.80457096952202,57.20228928793095,67.39865227298564,93.9119024829138,103.65340246646436,27.44145077720207,28.203939558435195,75.92006112618726,23.436132649441838,31.573994348602433,50.7242363808787,5.64845239470561,24.685030516554335,39.85654636277556,45.44617287376014,56.47785776625223,70.99702424919795,80.28129163223878,25.70821619154038,42.47385196496225,47.777154780787185,52.10874814544485,84.61041507544427,0.0,21.41001104731675
21.451503316788294,29.245907217037278,54.38235061248826,60.23457442560202,97.6427002387015,133.32535123964527,35.522613480650655,68.25324216774385,19.490538072405876,41.23034072916829,57.64745059395319,82.26191178023915,106.24582245262877,38.53386311408755,55.81701859107145,69.04568776036898,84.43773323095085,18.170129468792396,35.76002215186756,55.84609155900393,57.214626279185026,67.43955494782902,93.95818153842852,103.71481664847155,27.44145077720207,28.20675250468144,75.95874044941256,23.43651466965924,31.575337395627535,50.764003583107744,5.6092860637049595,24.685133255095245,39.8750859283939,45.48661531057958,56.51959918005346,71.04422017130808,80.33840496423555,25.708939419380055,42.49058917572982,47.80944298714453,52.152518827036666,84.68286482677401,0.0,21.451503316788294
21.492995586259838,29.222732834315217,54.38516014797999,60.26634200822061,97.73887602346701,133.38374179737772,35.524056326656236,68.29329159120981,19.45398007811379,41.230401109759434,57.688474576514444,82.30032506306338,106.28586733988725,38.53665422326848,55.82622437820593,69.08986394129079,84.5060369621283,18.132818941724167,35.760838597581234,55.88759396713916,57.22694888456209,67.48046101764349,94.00438870029697,103.77634156251705,27.44145077720207,28.209560897350276,75.99742432621527,23.43689545412238,31.576675012316215,50.803777451427464,5.5701141553527895,24.685235944344438,39.89358007001213,45.52706410365703,56.561286915299576,71.09144723799594,80.39558552459508,25.70966027093353,42.507222487402714,47.8418102219907,52.19628247511161,84.75534885851272,0.0,21.492995586259838
21.53448785573138,29.199529510442098,54.387845094765005,60.298228364004856,97.83498813251063,133.44223078752418,35.52549565001959,68.33334453731801,19.41740813664188,41.23046333131633,57.72950090654107,82.33874628383451,106.32591404794765,38.53943778678486,55.8353966401956,69.13400205778456,84.5744198285431,18.095500442588946,35.76165337996155,55.929077017050105,57.23925839247762,67.52137045490981,94.05052435486056,103.83797670750184,27.44145077720207,28.21236474668946,76.03611274634761,23.437275008754142,31.578007230325053,50.84355794825841,5.530936690677342,24.6853385837082,39.91202887643513,45.56751920087655,56.60292138198166,71.13870491626315,80.45283337920111,25.710378758174564,42.523752547149975,47.874255948993344,52.240039112643274,84.82786702487628,0.0,21.53448785573138
21.575980125202925,29.176297285926054,54.39040726706941,60.33023184290246,97.93103612358976,133.50081844764526,35.52693146316416,68.37340099364498,19.38082230373768,41.23052738882655,57.770529566402,82.3771754128414,106.36596257341688,38.54221383321305,55.844535539181464,69.17810238285215,84.64288136647613,18.058173996984156,35.76246650400477,55.97053942344424,57.25155619927112,67.56228323237094,94.09658889109436,103.89972158006695,27.44145077720207,28.215164062918582,76.07480569959004,23.43765333944006,31.579334081074833,50.88334503629425,5.491753690593831,24.6854411725998,39.93043243636198,45.60798055062538,56.64450298941839,71.18599267522056,80.51014859220933,25.711094892994595,42.540180005233616,47.906779628096,52.28378876263371,84.90041918076572,0.0,21.575980125202925
21.61747239467447,29.153036201237665,54.39284846098016,60.36235081115524,98.02701955636881,133.55950501527724,35.52836377845727,68.41346094782342,19.344222634873947,41.230593277225566,57.81156053864184,82.41561242051581,106.40601291291047,38.54498239099473,55.853641236236086,69.22216518890933,84.71142111399722,18.020839630380646,35.763277974689125,56.01197978007772,57.26384382174576,67.60319932302922,94.14258270050317,103.96157567469714,27.44145077720207,28.217958856229185,76.11350317575098,23.43803045202854,31.58065559575268,50.92313867849947,5.452565175905325,24.685543710439593,39.94879083838862,45.64844810178884,56.68603214622167,71.23330998613407,80.56753122603742,25.711808687203465,42.556505514753376,47.939380715779166,52.32753144810953,84.97300518176422,0.0,21.61747239467447
21.658964664146012,29.12974629681075,54.39517045416633,60.39458365160015,98.12293799241074,133.61829072791727,35.529792608210435,68.45352438754179,19.30760918525017,41.23066099139808,57.85259380597899,82.45405727743127,106.44606506305215,38.54774348843782,55.86271389137535,69.26619074775664,84.78003861098225,17.983497368123594,35.76408779697513,56.05339654547003,57.2761229114564,67.64411870014364,94.18850617701715,104.02353848382303,27.44145077720207,28.22074913678484,76.15220516466688,23.438406352331196,31.581971805314097,50.962938838106936,5.413371167303445,24.68564619665474,39.9671041710105,45.68892180374535,56.72750926026262,71.28065632246962,80.62498134135537,25.712520152530118,42.57272973139605,47.97205866531659,52.371267192118864,85.04562488413434,0.0,21.658964664146012
21.700456933617556,29.106427613042808,54.39737500562874,60.42692876394112,98.21879099516923,133.6771758230096,35.531217964679676,68.49359130054411,19.270982009794064,41.230730526179535,57.89362935130326,82.49250995430262,106.48611902047429,38.55049715371706,55.871753663569706,69.31017933055034,84.84873339912959,17.946147235433386,35.764895975805295,56.094788026584204,57.28839527103198,67.68504133722736,94.23435971688936,104.08560949792353,27.44145077720207,28.223534914721228,76.19091165620203,23.43878104612314,31.583282740485025,51.00274547861561,5.374171685369344,24.685748630679306,39.985372522625234,45.7294016063615,56.768934738638514,71.32803115993778,80.68249899707617,25.71322930062333,42.588853313188814,48.004812927027096,52.41499601772774,85.11827814481515,0.0,21.700456933617556
21.741949203089103,29.083080190295657,54.39946385547766,60.459384564993194,98.31457812998028,133.73616053793097,35.5326398600658,68.53366167462953,19.234341163163073,41.23080187635775,57.93466715767373,82.53097042198482,106.52617478181746,38.553243414874856,55.880760710755254,69.35413120777496,84.91750502197625,17.90878925740649,35.765702516104504,56.136152360134794,57.30066287287083,67.72596720804498,94.28014371859346,104.14778820562633,27.441450777202075,28.22631620014624,76.22962264024858,23.43915453914323,31.58458843176388,51.042558563788226,5.3349667505743446,24.68585101195407,40.00359598153516,45.769887459987004,56.8103089876397,71.37543397653705,80.74008425034674,25.713936143052404,42.60487692025766,48.03764294852186,52.45871794801696,85.19096482141948,0.0,21.741949203089106
21.783441472560646,29.059704068895943,54.40143872473663,60.49194948889948,98.41029896405564,133.79524510997612,35.53405830651472,68.57373549765215,19.197686699745876,41.23087503667402,57.97570720831697,82.56943865147244,106.56623234373069,38.55598229982198,55.88973518984481,69.39804664921598,84.98635302491319,17.871423459016295,35.7665074227798,56.17748749111967,57.31292788061119,67.76689628661003,94.32585858272233,104.21007409380816,27.441450777202075,28.229093003140044,76.26833810672632,23.439526837094377,31.585888909423538,51.082378057648974,5.295756383280803,24.685953339926566,40.02177463594979,45.81037931544993,56.851632412717585,71.42286425259681,80.79773715653877,25.71464069130785,42.62080121459003,48.07054817494672,52.50243300607895,85.26368477223095,0.0,21.78344147256065
21.82493374203219,29.036299289135798,54.40330131517204,60.52462198732308,98.50595306647577,133.85442977634332,35.53547331611773,68.61381275752068,19.16101867366382,41.23095000182475,58.01674948662464,82.60791461389866,106.60629170287116,38.5587138363382,55.89867725673856,69.44192592393354,85.05527695520028,17.834049865113982,35.767310700720586,56.21879114809594,57.325192673858275,67.80782854718224,94.37150471188825,104.27246664769439,27.441450777202075,28.231865333755174,76.30705804558272,23.43989794564381,31.58718420351335,51.12220392448126,5.2565406037428835,24.686055614050968,40.03990857398829,45.85087712405174,56.89290541845281,71.47032147081927,80.85545776924045,25.715342956802083,42.63662685980253,48.10352804922,52.54614121501475,85.3364378562013,0.0,21.824933742032194
21.866426011503734,29.012865891273304,54.40505330914656,60.55740052961361,98.60154000818328,133.9137147741194,35.536884900911794,68.65389344219817,19.12433713877243,41.23102676646281,58.05779397615168,82.64639828053473,106.6463528559045,38.561438052073136,55.90758706633476,69.48576930023677,85.1242763619805,17.796668500429377,35.76811235479866,56.26006081462387,57.337459876743154,67.84876396426529,94.41708251062296,104.33496535095657,27.441450777202075,28.234633202016628,76.34578244679281,23.440267870423366,31.58847434386111,51.162036128825484,5.2173194321073515,24.686157833787984,40.0579978836819,45.89138083756266,56.934128408524124,71.51780511632074,80.91324614024781,25.71604295087011,42.652354520913114,48.136582012264974,52.58984259793108,85.40922393294761,0.0,21.866426011503737
21.907918280975277,28.989403915533007,54.40669636949612,60.59028360295088,98.69705936197725,133.97310034026506,35.53829307287987,68.69397753970163,19.087642148662848,41.23110532519886,58.098840660614144,82.68488962278887,106.68641579950452,38.5641549745469,55.916464772540046,69.52957704565895,85.19335079629396,17.759279389571763,35.76891238986824,56.30129369618819,57.3497323910039,67.889702512604,94.46259238527956,104.3975696858103,27.441450777202075,28.237396617921938,76.38451130035904,23.440636617029757,31.58975936007499,51.20187463547677,5.1780928884143025,24.68625999860487,40.07604265297626,45.93189040821671,56.97530178567781,71.56531467667203,80.97110231955676,25.71674068477016,42.66798486411834,48.16970950323781,52.63353717793751,85.48204286274925,0.0,21.90791828097528
21.94941055044682,28.965913402106505,54.40823213942913,60.62326971246566,98.79251070250739,134.03258671159983,35.53969784395117,68.73406503810189,19.05093375666331,41.231185672602514,58.139889523887526,82.72338861220572,106.72648053035323,38.56686463115078,55.92531052827962,69.57334942693329,85.26249981109078,17.721882557030746,35.76971081076597,56.34248668176548,57.362013434421264,67.93064416718215,94.50803474393524,104.46027913311133,27.441450777202075,28.24015559144126,76.42324459631126,23.44100419102483,31.59103928154546,51.241719409482755,5.13886099259794,24.686362107975288,40.0940429697337,45.9724057887071,57.016425951697514,71.61284964193803,81.02902635535537,25.717436169684394,42.68351855657551,48.20290995975032,52.67722497814378,85.55489450654521,0.0,21.949410550446824
21.990902819918364,28.942394391152913,54.40966224244649,60.65635738133942,98.8878936062689,134.09217412478702,35.54109922600145,68.77415592552315,19.01421201584056,41.231267803203856,58.18094055000453,82.76189522046543,106.76654704514101,38.56956704914797,55.93412448550745,69.61708670996933,85.33172296124434,17.684478027177057,35.77050762231108,56.3836362990322,57.37430658561287,67.97158890321974,94.55340999629475,104.52309317245067,27.441450777202075,28.242910132517444,76.46198232470663,23.441370597935844,31.592314137447232,51.28157041614151,5.099623764487354,24.686464161379302,40.111998921735534,46.012926932181536,57.057501307374686,71.66040950471675,81.08701829401595,25.718129416719556,42.698956266189775,48.23618281808764,52.720906021656994,85.62777872593139,0.0,21.990902819918368
22.032395089389908,28.918846922799315,54.410988282282034,60.68954515088313,98.98320765159795,134.1518628163185,35.54249723085331,68.81425019014283,18.977476979001324,41.23135171149463,58.221993723153254,82.80040941938299,106.8066153405663,38.5722622556743,55.94290679521605,69.66078915983034,85.40101980356302,17.647065824263365,35.77130282930542,56.42473866199857,57.386615836402534,68.01253669617071,94.59871855359498,104.58601128224889,27.441450777202075,28.245660251066152,76.50072447562947,23.441735843255742,31.59358395674113,51.321427620999266,5.060381223807219,24.68656615830328,40.1299105966841,46.05345379223756,57.09852825247977,71.70799376017715,81.14507818008819,25.718820436907578,42.71429866140612,48.2695275134209,52.764580331579296,85.70069538315768,0.0,22.03239508938991
22.073887358861455,28.89527103714136,54.412211842862106,60.72283158059734,99.07845241866697,134.2116530224993,35.54389187027647,68.85434782019121,18.94072869869371,41.23143739192938,58.26304902767538,82.83893118090741,106.84668541333563,38.574950277738886,55.95165760744615,69.70445704071096,85.47038989680232,17.609645972425092,35.772096436533374,56.4657894095892,57.398945653241775,68.05348752172063,94.64396082851128,104.64903293984938,27.44145077720207,28.24840595697589,76.53947103919127,23.442099932443394,31.594848768175957,51.36129098984832,5.021133390178573,24.68666809823985,40.14777808220515,46.093986322917985,57.13950718573359,71.75560190609662,81.2032060562917,25.71950924120628,42.729546411006496,48.302943480014775,52.80824793100517,85.77364434112503,0.0,22.073887358861455
22.115379628333,28.87166677424366,54.4133344882832,60.75621524821304,99.17362748948091,134.27154497943246,35.54528315598807,68.89444880395114,18.903967227208664,41.23152483892689,58.30410644806433,82.87746047712092,106.88675726016389,38.57763114222483,55.9603770712964,69.74809061591588,85.53983280167581,17.57221849568125,35.77288844876205,56.5067836333733,57.411301049482624,68.09444135578404,94.68913723506368,104.71215762160992,27.44145077720207,28.25114726010815,76.57822200553055,23.44246287092389,31.596108600290364,51.40116048872497,4.981880283119546,24.686769980687824,40.165601465849726,46.13452447870628,57.18043850477935,71.80323344289731,81.2614019635096,25.72019584049997,42.744700183912045,48.33643015142996,52.851908843019174,85.84662546338278,0.0,22.115379628333
22.156871897804542,28.848034174140206,54.41435776280678,60.789694749715665,99.26873244787367,134.33153892300308,35.54667109965292,68.93455312975783,18.867192616581352,41.23161404687107,58.34516596896325,82.91599728023823,106.92683087777377,38.58030487588993,55.96906533493269,69.79169014783895,85.60934808086603,17.53478341793516,35.77367887074139,56.54771579224863,57.42368767069596,68.13539817450237,94.73424818852557,104.77538480299397,27.44145077720207,28.253884170297447,76.6169773648128,23.44282466408876,31.597363481414682,51.44103608390732,4.942621922046102,24.68687180515219,40.18338083509632,46.17506821452211,57.221322606155454,71.85088787368174,81.3196659407819,25.720880245600096,42.75976064899013,48.369986960720325,52.89556309069358,85.91963861412596,0.0,22.156871897804542
22.198364167276086,28.824373276834965,54.415283190870795,60.82326869935221,99.36376687950455,134.39163508886307,35.54805571288381,68.9746607859985,18.83040491859258,41.231705010112506,58.38622757516352,82.95454156260587,106.96690626289637,38.5829715053673,55.977722545597295,69.8352558979431,85.67893529903449,17.49734076297529,35.77446770720401,56.588579611394835,57.436111895720956,68.17635795424147,94.77929410533253,104.83871395866011,27.44145077720207,28.256616697351408,76.65573710723038,23.443185317296262,31.59861343967272,51.480917741913316,4.903358326272696,24.686973571143902,40.201116277352774,46.21561748571685,57.26215988526851,71.89856470426795,81.37799802529926,25.721562467245835,42.77472847486681,48.40361334062514,52.93921069708616,85.99268365819233,0.0,22.198364167276086
22.23985643674763,28.80068412230216,54.416112277116206,60.85693572962257,99.45873037185581,134.451833712415,35.54943700724176,69.01477176111209,18.7936041847702,41.231797722969134,58.42729125160261,82.99309329670136,107.00698341227061,38.58563105716615,55.98634884961821,69.87878812674076,85.74859402283177,17.459890554476054,35.77525496286544,56.62936796220809,57.44858095673301,68.21732067158929,94.8242754029929,104.9021445625506,27.44145077720207,28.259344851050887,76.69450122300245,23.443544835871617,31.59985850298361,51.52080542949862,4.864089515013059,24.687075278180004,40.218807879958334,46.256172248069134,57.30295073636713,71.9462634432233,81.43639825239718,25.72224251610476,42.789604329744,48.43730872375606,52.98285168523797,86.06576046105963,0.0,22.23985643674763
22.281348706219173,28.776966750486796,54.41684650642832,60.890694491256106,99.55362251423,134.51213502879673,35.5508149942363,69.05488604358911,18.756790466390488,41.23189217972792,58.46835698336271,83.03165245513242,107.04706232264344,38.58828355767235,55.99494439241781,69.92228709377486,85.8183238209065,17.422432815998526,35.776040642424086,56.67007271918556,57.46110308236173,68.25828630335377,94.86919249999913,104.96567608797872,27.44145077720207,28.26206864114999,76.73326970237488,23.443903225107267,31.601098699063527,51.5606991136546,4.824815507380864,24.687176925783493,40.23645573018543,46.29673245778049,57.34369555251597,71.99398360189778,81.49486665555027,25.722920402773397,42.80438888122207,48.471072542779055,53.02648607817131,86.13886888884278,0.0,22.281348706219173
22.322840975690717,28.7532212013051,54.41748734399199,60.924543653174474,99.64844289774766,134.57253927286487,35.55218968532579,69.09500362197114,18.71996381447954,41.23198837464548,58.50942475566867,83.07021901063635,107.08714299077006,38.59092903314917,56.003509318521886,69.96575305760068,85.88812426391439,17.384967570991265,35.776824750561346,56.71068458881635,57.47368766880253,68.29925482656033,94.91404581574099,105.02930800771493,27.44145077720207,28.26478807737622,76.7720425356202,23.444260490263122,31.60233405542751,51.6005987616063,4.785536322390458,24.687278513483214,40.25405991524159,46.337298071470975,57.384394725570694,72.0417246944566,81.55340326636694,25.723596137777882,42.81908279612713,48.50490423059101,53.07011389888766,86.21200880829115,0.0,22.322840975690717
22.36433324516226,28.729447514644832,54.418036235359445,60.95848190244078,99.74319111534604,134.63304667917916,35.55356109191764,69.13512448485083,18.683124279814646,41.232086301949394,58.55049455388661,83.10879293607917,107.12722541341333,38.59356750973794,56.012043771568166,70.00918627576819,85.95799492452643,17.34749484279103,35.777607291941635,56.75119290442454,57.48634548497611,68.34022621844981,94.95883577041916,105.09303979407153,27.44145077720207,28.267503169430512,76.81081971303745,23.44461663656682,31.60356459939116,51.640504340810494,4.746251978957528,24.68738004081387,40.271620522271235,46.37786904617484,57.42504864615306,72.08948623791174,81.61200811458438,25.724269731574484,42.833686740343545,48.53880322049152,53.11373517036574,86.28518008678566,0.0,22.36433324516226
22.40582551463381,28.705645730365788,54.41849460653066,60.99250794419676,99.83786676177716,134.6936574819861,35.5549292253686,69.17524862087143,18.64627191292564,41.23218595583933,58.59156636352201,83.14737420445499,107.16730958734428,38.59619901345866,56.02054789431491,70.0525870048048,86.02793537743705,17.31001465462356,35.77838827121233,56.791585379566826,57.49908891913354,68.38120045647622,95.00356278496085,105.15687091898677,27.44145077720207,28.27021392698733,76.84960122495218,23.44497166921395,31.604790358072414,51.68041581895366,4.7069624958997895,24.6874815073159,40.28913763835736,46.41844533933632,57.46565770362694,72.13726775215291,81.67068122806361,25.72494119455029,42.84820137865166,48.57276894634941,53.15734991555961,86.35838259233618,0.0,22.405825514633808
22.447317784105355,28.681815888300115,54.418863864044795,61.02662050158804,99.93246943360717,134.75437191520248,35.55629409698501,69.21537601872656,18.609406764096317,41.23228733048787,58.632640170218075,83.1859627888853,107.20739550934181,38.59882357021072,56.02902182864919,70.09595550019885,86.09794519937125,17.272527029604333,35.77916769300414,56.83184781099266,57.51193227589806,68.42217751830452,95.0482272809361,105.22080085410644,27.44145077720207,28.272920359694762,76.88838706171629,23.445325593368295,31.60601135839322,51.72033316395005,4.667667891937686,24.68758291253552,40.3066113505233,46.459026908805356,57.50622228607442,72.18506875997751,81.72942263278517,25.725610537023712,42.86262737457,48.60680084276419,53.20095815739682,86.43161619357858,0.0,22.44731778410535
22.4888100535769,28.657958028252764,54.419145395082644,61.06081831567853,100.02699872921535,134.81519021239947,35.55765571802312,69.25550666716,18.5725288833657,41.23239042004166,58.67371595975433,83.2245586626181,107.24748317619262,38.601441205773504,56.037465715595296,70.1392920163839,86.16802396909195,17.23503199073926,35.779945561930745,56.87196372032527,57.52489213458704,68.46315738180846,95.0928296804758,105.28482907086585,27.44145077720207,28.27562247717456,76.92717721370803,23.445678414162103,31.607227627081254,51.76025634393975,4.6283681856951056,24.687684256024575,40.324041745734355,46.499613712833444,57.546742780272815,72.23288878712005,81.78823235284487,25.726277769245105,42.876965390202926,48.64089834522273,53.2445599187767,86.50488075977205,0.0,22.488810053576895
22.530302323048442,28.634072190001785,54.41934056757888,61.09510014535485,100.12145424879392,134.8761126067855,35.55901409968929,69.29564055496536,18.535638320529458,41.23249521862251,58.714793718044696,83.26316179902737,107.28757258469155,38.6040519458071,56.04587969532272,70.18259680672305,86.2381712674064,17.197529560925464,35.78072188258916,56.91191392155843,57.5379877817175,68.5041400250685,95.13737040619066,105.34895504056892,27.44145077720207,28.27832028902228,76.96597167133186,23.446030136696294,31.60843919067159,51.80018532728677,4.589063395699912,24.68778553734048,40.34142891089939,46.54020571006942,57.58721957167194,72.28072736228043,81.84711041044976,25.72694290139733,42.89121608609279,48.675060890250606,53.28815522256856,86.57817616079637,0.0,22.53030232304844
22.571794592519986,28.610158413298745,54.41945073034361,61.129464767220604,100.21583559434787,134.9371393311903,35.56036925314031,69.33577767098589,18.498735125141216,41.232601720328084,58.75587343113615,83.3017721716122,107.32766373164095,38.606655815852854,56.054263907154194,70.22587012349435,86.30838667717252,17.16001976295197,35.78149665955965,56.95167599932125,57.55124173274353,68.54512542636967,95.1818498810916,105.41317823446715,27.44145077720207,28.281013804807294,77.00477042501838,23.446380766040715,31.609646075508362,51.84012008257712,4.54975354038479,24.68788675604624,40.35877293287243,46.58080285955546,57.62765304437216,72.32858401715181,81.90605682591467,25.727605943596334,42.90538012107738,48.70928791555896,53.3317440916101,86.65150226714904,0.0,22.571794592519982
22.61328686199153,28.586216737869062,54.41947721319285,61.16391097548233,100.31014236969536,134.9982706180477,35.561721189483634,69.3759180041141,18.46181934651388,41.23270991923317,58.79695508520709,83.34038975399623,107.36775661385136,38.6092528413341,56.06261848957356,70.26911221787637,86.37866978330455,17.12250261950046,35.78226989740587,56.99122368093113,57.564680360006065,68.58611356419935,95.22626852851154,105.47749812383654,27.44145077720207,28.28370303407294,77.04357346522428,23.446730307234343,31.61084830774641,51.880060578616984,4.510438638087747,24.687987911710362,40.376073898454045,46.62140512072291,57.66804358110255,72.3764582864474,81.96507161765868,25.72826690589167,42.91945815215187,48.74357886018603,53.37532654870585,86.72485894994257,0.0,22.613286861991526
22.654779131463073,28.56224720341233,54.41942132708663,61.19843758182712,100.40437418046812,135.05950669937926,35.56306991977763,69.41606154329166,18.424891033720975,41.23281980939038,58.83803866656576,83.37901451992684,107.40785122814074,38.61184304755675,56.070943580233504,70.31232333993452,86.44902017277839,17.084978153145975,35.783041600674785,57.03052608410848,57.57833464502029,68.62710441724542,95.2706267720285,105.5419141800537,27.44145077720207,28.28638798633654,77.08238078243224,23.447078765285575,31.61204591335291,51.920006784430804,4.471118707052865,24.68808900390673,40.39333189439302,46.662012453388314,57.70839156320008,72.42434970792654,82.02415480220233,25.728925798267106,42.933450834335545,48.77793316463415,53.41890261662549,86.79824608090189,0.0,22.65477913146307
22.69627140093462,28.538249849602725,54.41928436427528,61.233043415292116,100.49853063411265,135.12084780677694,35.56441545503189,69.45620827750894,18.38795023559795,41.232931384831275,58.87912416164876,83.41764644327458,107.44794757133529,38.61442645970992,56.07923931596321,70.35550373860788,86.51943743463686,17.04744638635761,35.78381177389692,57.06954682292091,57.592241072533966,68.66809796439402,95.31492503538962,105.60642587467018,27.441450777202068,28.28906867108951,77.1211923671508,23.447426145172376,31.61323891810899,51.95995866925945,4.4317937654309025,24.68819003221468,40.410547007387564,46.70262481774942,57.748697370588836,72.47225782242,82.08330639416468,25.729582630641136,42.94735882054351,48.81235027100196,53.46247231810249,86.87166353236121,0.0,22.696271400934616
22.737763670406164,28.514224716089252,54.419067598451655,61.26772732212732,100.59261133989115,135.18229417138647,35.56575780620744,69.49635819580493,18.3509970007435,41.233044639567105,58.92021155701962,83.45628549803222,107.48804564026857,38.617003102866626,56.087505832775825,70.39865366169631,86.58992115999371,17.009907341499236,35.78458042158624,57.108242958888155,57.60644267942487,68.70909418472755,95.35916374243732,105.6710326794861,27.441450777202068,28.291745097797453,77.1600082099144,23.447772451842607,31.61442734761133,51.99991620255844,4.3924638312799615,24.68829099621885,40.42771932408685,46.74324217438118,57.78896138176004,72.5201821738545,82.14252640626084,25.730237412867563,42.9611827614628,48.84682962311172,53.50603567583265,86.94511117726182,0.0,22.73776367040616
22.779255939877707,28.490171842496036,54.41877228491053,61.3024881656519,100.68661590888333,135.2438460238902,35.567096984217,69.53651128726693,18.31403137752085,41.233159567589716,58.9613008393671,83.49493165831433,107.52814543178201,38.6195730019843,56.09574326587583,70.44177335584851,86.66047094203846,16.97236104083019,35.78534754824031,57.14656379523295,57.62099026045204,68.75009305752266,95.40334331703583,105.73573406662167,27.441450777202068,28.294417275900212,77.19882830128319,23.448117690214154,31.615611227273714,52.03987935399604,4.353128922566089,24.688391895509138,40.44484893109223,46.78386448423192,57.829183973752485,72.56812230927653,82.2018148493,25.730890154735985,42.9749233054331,48.88137066663218,53.54959271247262,87.01858888914879,0.0,22.7792559398777
22.820748209349247,28.46609126842279,54.41839966071348,61.337324826103895,100.78054395398806,135.30550359448998,35.56843299992526,69.5766675410302,18.27705341405906,41.23327616287262,59.00239199550409,83.53358489835654,107.56824694272478,38.62213618190553,56.10395174966644,70.48486306655002,86.73108637603971,16.934807506505948,35.78611315834028,57.184449534733986,57.63594371040546,68.79109456224847,95.44746418299978,105.80052950858784,27.441450777202068,28.297085214811936,77.237652631843,23.44846186517521,31.616790582328655,52.07984809345158,4.313789057163957,24.6884927296807,40.46193591495859,46.82449170861942,57.86936552213341,72.61607777887517,82.26117173218339,25.731540865972374,42.988581098332304,48.91597284919676,53.593143450638664,87.09209654216879,0.0,22.820748209349244
22.86224047882079,28.441983033444938,54.41795094485918,61.37223620048507,100.87439508992561,135.36726711288964,35.569765864149126,69.61682694627788,18.240063158254312,41.233394419371564,59.04348501236577,83.57224519251477,107.6083501699538,38.624692667358566,56.11213141775657,70.52792303811233,86.80176705934893,16.897246760578827,35.78687725635104,57.2218298623709,57.651373441463136,68.83209867856428,95.49152676402394,105.8654184783558,27.441450777202068,28.299748923921214,77.27648119220528,23.448804981584487,31.617965437828882,52.11982239101363,4.274444252857414,24.68859349833383,40.47898036219555,46.86512380922705,57.90950640097994,72.66404813600427,82.32059706190267,25.732189556239568,43.00215678346607,48.95063562051724,53.63668791290531,87.16563401106687,0.0,22.862240478820787
22.903732748292335,28.41784717711397,54.417427338458246,61.40722120240017,100.96816893324001,135.42913680827812,35.57109558765797,69.65698949224058,18.20306065777119,41.23351433102548,59.08457987700863,83.61091251526462,107.64845511033343,38.62724248295803,56.12028240296812,70.57095351366168,86.87251259140318,16.85967882499869,35.78763984672105,57.25862258177221,57.66736174674555,68.87310538631776,95.53553148361424,105.93040044942468,27.441450777202068,28.302408412591085,77.31531397300695,23.449147044271417,31.61913581864892,52.15980221697819,4.235094527340163,24.68869420107398,40.495982359268694,46.905760748100086,57.949606982861155,72.71203293720393,82.38009084353894,25.732836235137835,43.015651001462246,48.98535843249294,53.68022612180409,87.2392011711841,0.0,22.90373274829233
22.945225017763878,28.393683738957805,54.416830024913295,61.4422787618922,101.06186510230185,135.49111290931157,35.5724221811739,69.69715516819619,18.16604596004392,41.23363589175737,59.12567657660862,83.64958684120059,107.6885617607359,38.62978565320548,56.128404837342764,70.61395473512927,86.9433225737281,16.822103721613548,35.78840093388282,57.29473253831767,57.684003877215446,68.91411466554312,95.57947876501979,105.99547489588804,27.441450777202068,28.305063690159184,77.35415096491039,23.449488058036398,31.6203017494866,52.19978754184709,4.195739898216365,24.68879483751166,40.51294199260071,46.9464024876418,57.98966763882023,72.7600317422209,82.43965308026146,25.733480912205355,43.02906439016925,49.020140739315664,53.72375809982239,87.31279789845473,0.0,22.945225017763875
22.98671728723542,28.369492758480927,54.416160170101904,61.477407825272635,101.1554832173113,135.55319564409615,35.57374565537195,69.73732396346968,18.129019112277714,41.23375909547506,59.16677509846019,83.6882681450357,107.7286701180409,38.63232220249001,56.13649885214886,70.65692694324112,87.01419660994024,16.784521472170283,35.789160522252445,57.33005120506159,57.701408455757,68.95512649645909,95.62336903116709,106.06064129249907,27.441450777202068,28.307714765937746,77.39299215860336,23.449828027650977,31.62146325486454,52.239778336326104,4.156380383001217,24.68889540726236,40.52985934857246,46.98704899060987,58.029688738357486,72.8080441140288,82.4992837733271,25.73412359691874,43.042397584558984,49.0549819975702,53.76728386940223,87.38642406940345,0.0,22.986717287235418
23.02820955670697,28.34527427516476,54.415418922564065,61.51260735494877,101.24902290030123,135.6153852401703,35.57506602088041,69.77749586743279,18.091980161449925,41.23388393607186,59.20787542997459,83.72695640160043,107.76878017913577,38.63485215508888,56.14456457788819,70.69987037750887,87.08513430574897,16.746932098315305,35.78991861623003,57.364457476435945,57.719696683474766,68.99614085946699,95.6672027045949,106.1258991147348,27.44145077720207,28.31036164921376,77.43183754479891,23.450166957858094,31.622620359131695,52.279774571323394,4.117015999121572,24.688995909946623,40.54673451352418,47.027700220112635,58.069670649413744,72.85606961884685,82.5589829220799,25.73476429869355,43.055651216633706,49.08988166633073,53.8108034529391,87.4600795611427,0.0,23.02820955670697
23.069701826178513,28.321028328467843,54.41460741369219,61.547876329247075,101.3424837751409,135.67768192448725,35.576383288281,69.81767086950371,18.05492915431139,41.234010407427554,59.24897755867878,83.76565158584246,107.80889194091547,38.63737553516809,56.15260214430266,70.74278527622059,87.15613526895814,16.70933562159518,35.79067522019972,57.397820358174755,57.738999649771465,69.03715773514904,95.71098020739055,106.19124783885817,27.44145077720207,28.313004349248985,77.47068711423525,23.450504853372284,31.623773086464738,52.319776217947705,4.077646763916581,24.68909634518985,40.56356757375635,47.06835613960544,58.109613738354106,72.90410782615822,82.6187505239511,25.73540302688479,43.068825915337214,49.12483920725286,53.85431687278099,87.53376425137014,0.0,23.069701826178513
23.111194095650056,28.296754957826234,54.41372675792446,61.58321374223404,101.43586546753966,135.74008592339712,35.57769746810917,69.8578489591471,18.017866137387617,41.2341385034091,59.29008147221402,83.80435367282564,107.84900540028237,38.639892366782995,56.16061168038074,70.78567187643274,87.22719910946766,16.671732063457313,35.791430338529494,57.43000425276733,57.75945304689713,69.07817710426632,95.75470196112792,106.25668694197961,27.44145077720207,28.315642875280048,77.5095408576757,23.450841718879875,31.62492146086964,52.35978324750676,4.038272694638199,24.689196712622316,40.58035861553082,47.10901671288708,58.14951836995238,72.95215830872792,82.67858657445916,25.736039790787405,43.08192230646993,49.15985408466191,53.89782415122729,87.60747801836558,0.0,23.111194095650056
23.1526863651216,28.272454202653506,54.41277805294008,61.6186186035339,101.5291676050513,135.80259746262888,35.57900857085428,69.89803012587353,17.98079115698003,41.23426821787115,59.331187158334444,83.84306263772969,107.8891205541465,38.6424026738789,56.168593314363996,70.82853041396159,87.29832543927425,16.634121445250557,35.79218397557154,57.46087725858447,57.781188870824955,69.11919894775713,95.79836838680612,106.32221590211645,27.44145077720207,28.31827723651855,77.54839876590874,23.45117755903921,31.626065506183018,52.39979563150559,3.9988938084518177,24.689297011879127,40.597107725071645,47.14968190409621,58.18938490737569,73.00022064261914,82.73849106721039,25.73667459963678,43.09494101260799,49.194925765636924,53.94132531052774,87.68122074098889,0.0,23.1526863651216
23.194178634593143,28.248126102341224,54.41176237985698,61.654089938144445,101.62238981707807,135.86521676727318,35.580316606959926,69.93821435923944,17.943704259167223,41.23439954465701,59.372294604906045,83.88177845584931,107.92923739942532,38.64490648029164,56.1765471737535,70.87136112337596,87.36951387247231,16.59650378822588,35.79293613566207,57.49032218735777,57.80432440377429,69.16022324673503,95.8419799047905,106.38783419825191,27.44145077720207,28.32090744215109,77.58726082974776,23.451512378480853,31.627205246073636,52.43981334164487,3.9595101224368396,24.689397242600215,40.61381498856609,47.19035167770775,58.2292137121699,73.0482944072097,82.79846399389972,25.737307462609195,43.10788265302615,49.230053720090936,53.984820372881465,87.75499229867674,0.0,23.194178634593143
23.235670904064687,28.22377069625904,54.41068080343141,61.68962678625069,101.71553173487546,135.92794406176333,35.5816215868241,69.9784016488468,17.906605489806168,41.23453247759935,59.41340379990518,83.92050110259359,107.96935593304372,38.64740380974814,56.184473385315975,70.91416423798964,87.44076402525431,16.558879113536992,35.79368682312163,57.51824889920513,57.828949879187086,69.20124998248706,95.88553693475379,106.45354131039188,27.44145077720207,28.323533501339377,77.62612704003101,23.451846181807802,31.628340704043776,52.47983634981933,3.920121653587301,24.68949740443015,40.63048049216544,47.231025998529496,58.269005144245114,73.09637918520711,82.85850534431174,25.737938388822357,43.12074784362453,49.26523742084736,54.02830936043619,87.82879257144025,0.0,23.235670904064687
23.27716317353623,28.199388023754977,54.40953437225882,61.725228203037,101.80859299155709,135.99077956985832,35.58292352079948,70.01859198434296,17.86949489453341,41.234667010520695,59.45451473141737,83.95923055348553,108.00947615193408,38.64989468586704,56.19237207509004,70.95693998985487,87.51207551591075,16.52124744224097,35.794436042254794,57.54460544677089,57.85511733759006,69.24227913647216,95.92903989561968,106.5193367196213,27.44145077720207,28.3261554232203,77.66499738762164,23.452178973595647,31.629471903430684,52.519864628116125,3.8807284188123683,24.689597497018255,40.64710432198586,47.27170483169857,58.30875956186211,73.14447456266328,82.91861510632211,25.738567387335852,43.133537196859024,49.300476343712575,54.071792295287075,87.90262143986234,0.0,23.27716317353623
23.318655443007774,28.174978124155576,54.40832411897602,61.760893258497354,101.90157322209956,136.05372351462375,35.584222419193644,70.05878535542034,17.83237251876632,41.2348031372344,59.49562738763611,83.9979667841611,108.04959805303626,38.65237913215927,56.20024336839237,70.99968860975557,87.5834479648301,16.483608795298853,35.79518379735052,57.56938509898352,57.88283360283912,69.28331069031915,95.9724892055068,106.58521990815802,27.44145077720207,28.328773216905986,77.70387186340749,23.45251075839285,31.63059886740793,52.55989814881321,3.8413304349369253,24.689697520018484,40.66368656410916,47.31238814267804,58.348477321618645,73.19258012898831,82.97879326589914,25.739194467151584,43.146251321675486,49.335769967545,54.11526919947607,87.97647878509491,0.0,23.318655443007774
23.36014771247932,28.1505410367662,54.40705106046444,61.79662103724524,101.99447206334811,136.11677611841455,35.58551829226931,70.09898175181623,17.795238407704247,41.23494085154501,59.53674175686169,84.03670977036893,108.08972163329751,38.65485717202858,56.20808738982359,71.04241032720148,87.65488099449828,16.445963193576333,35.795930092682234,57.592627126986876,57.912059496190196,69.32434462582529,96.01588528167473,106.6511903594066,27.441450777202075,28.331386891483913,77.74275045830112,23.45284154072087,31.631721618986823,52.59993688437786,3.801927718702184,24.689797473089317,40.68022730458362,47.353075897253504,58.388158778436626,73.24069547696365,83.03903980710604,25.73981963721432,43.158890823447194,49.37111777432044,54.15874009499096,88.0503644888563,0.0,23.360147712479325
23.401639981950865,28.1260768008711,54.405716198053796,61.83241063832187,102.0872891540219,136.17993760285606,35.58681115024458,70.13918116331251,17.758092606329758,41.23508014724904,59.57785782749983,84.07545948796948,108.12984688967227,38.65732882877217,56.21590426327426,71.08510537042227,87.72637422949792,16.408310657844286,35.7966749325075,57.61441111390322,57.94271552653813,69.36538092495422,96.0592285404709,106.71724755801006,27.441450777202075,28.333996456016934,77.78163316323965,23.453171325074386,31.632840181017738,52.63998080746497,3.7625202867661827,24.68989735589383,40.69672662942456,47.39376806152972,58.42780428554968,73.28882020275441,83.0993547121027,25.74044290641208,43.17145630391601,49.40651924919391,54.202205003764576,88.12427843342881,0.0,23.40163998195087
23.44313225142241,28.101585455733783,54.40432051772671,61.86826117500445,102.18002413471994,136.243208188826,35.58810100329313,70.1793835797355,17.720935159409798,41.235221018135825,59.6189755880607,84.11421591293451,108.16997381912262,38.65979412558121,56.223694111930655,71.12777396636231,87.79792729650698,16.370651208779435,35.797418321068626,57.63484655420418,57.974692291048264,69.40641956983461,96.10251939727885,106.7833909899006,27.441450777202075,28.3366019195434,77.82051996918472,23.453500115921525,31.633954576191492,52.68002989091562,3.7231081557043626,24.68999716809963,40.71318462461522,47.43446460192738,58.46741419449098,73.33695390592106,83.15973796114869,25.74106428357663,43.183948361136814,49.44197388055834,54.245663947674124,88.19822050165565,0.0,23.443132251422412
23.484624520893952,28.07706704059701,54.4028649903232,61.90417177461362,102.27267664792713,136.306588096436,35.589387861544544,70.21958899095563,17.683766111496883,41.23536345798772,59.66009502715758,84.15297902134648,108.21010241861786,38.662253085541444,56.231457058280654,71.17041634067579,87.86953982429797,16.332984866964917,35.79816026259226,57.65406059942262,58.00786272944611,69.44746054275821,96.14575826646784,106.84962014234877,27.441450777202075,28.339203291077208,77.85941086712245,23.453827917704004,31.635064827040686,52.72008410775549,3.6836913420101065,24.69009690937869,40.72960137610723,47.475165485179694,58.50698885508157,73.38509618943046,83.22018953260573,25.74168377748393,43.196367589425236,49.47748116009954,54.28911694854026,88.27219057693877,0.0,23.484624520893956
23.526116790365496,28.052521594683153,54.401350571745354,61.94014157832073,102.36524633802046,136.37007754501354,35.59067173508442,70.2597973868873,17.64658550693027,41.23550746058116,59.70121613350587,84.19174878939783,108.25023268513455,38.664705731633696,56.23919322411925,71.21303271772177,87.94121144373577,16.295311652890913,35.798900761289644,57.67218662852595,58.042093553646424,69.48850382617849,96.18894556134377,106.91593450401167,27.441450777202075,28.34180057960788,77.89830584806332,23.454154734837356,31.636170955941026,52.76014343119334,3.644269862095335,24.69019657940743,40.74597696982133,47.515870678329215,58.54652861541928,73.43324665966603,83.28070940294106,25.74230139685459,43.208714579308605,49.51304058284822,54.33256402812652,88.34618854323598,0.0,23.5261167903655
23.56760905983704,28.02794915719422,54.3997782031617,61.97616974095523,102.45773285127542,136.43367675308278,35.59195263395468,70.30000875748858,17.60939338983712,41.2356530196868,59.742338895921776,84.23052519339045,108.29036461565659,38.66715208673452,56.24690273055426,71.25562332056015,88.01294178777619,16.2576315869552,35.79963982135665,57.68935530567125,58.077254190000055,69.52954940270865,96.23208169410134,106.98233356497992,27.441450777202075,28.344393794100647,77.93720490304212,23.45448057171112,31.63727298511263,52.80020783461952,3.604843732290917,24.690296177866657,40.762311491647864,47.556580148724606,58.58603382186779,73.48140492643729,83.34129754673066,25.742917150354288,43.220989917480075,49.54865164722874,54.3760052081386,88.42021428505839,0.0,23.567609059837043
23.609101329308583,28.003349767312134,54.39814881121163,62.012255430812154,102.55013583587285,136.49738593834684,35.593230568153764,70.34022309276105,17.57218980413368,41.23580012907059,59.78346330332129,84.26930820973512,108.3304982071751,38.669592173616635,56.254585698011816,71.29818837094766,88.08473049146365,16.219944689463773,35.80037744697393,57.70568864055221,58.113222718948826,69.5705972551202,96.27516707577733,107.04881681682294,27.441450777202075,28.346982943496506,77.97610802311777,23.45480543268901,31.63837093662134,52.840277291604465,3.5654129688473564,24.69039570444149,40.77860502744739,47.59729386401749,58.6255048190463,73.52957060298891,83.40195393666305,25.74353104659426,43.23319418675578,49.58431385510475,54.41944051022363,88.49426768746785,0.0,23.609101329308587
23.650593598780127,27.97872346419881,54.396463308208865,62.04839782946008,102.64245494190543,136.56120531766854,35.594505547636864,70.3804403827495,17.534974793526413,41.235948782494006,59.824589344719136,84.30809781495074,108.37063345668857,38.672026014949594,56.26224224624185,71.34072808933409,88.15657719192883,16.18225098063141,35.80111364230679,57.721296756975306,58.14988910645169,69.61164736634139,96.31820211620534,107.11538375263345,27.441450777202075,28.349568036712313,78.01501519937352,23.455129322109112,31.63946483238,52.88035177589724,3.5259775879352167,24.690495158821346,40.79485766305114,47.6380117921592,58.66494194981957,73.57774330600856,83.46267854354312,25.744143094131683,43.24532796603489,49.62002671182193,54.46286995596957,88.56834863607432,0.0,23.65059359878013
23.692085868251674,27.954070286996366,54.39472259234468,62.08459613154946,102.73468982138534,136.62513510705216,35.59577758231617,70.42066061754173,17.497748401513157,41.23609897371471,59.865717009227545,84.34689398566397,108.41077036120264,38.67445363330024,56.269872494323366,71.38324269485932,88.22848152838608,16.144550480582257,35.80184841150528,57.73627670874743,58.18715638809889,69.65269971945548,96.36118722397167,107.18203386707052,27.44145077720207,28.352149082640835,78.05392642291653,23.4554522442841,31.64055469414974,52.920431261424056,3.486537605645696,24.690594540699784,40.81106948426147,47.67873390139779,58.704345555288384,73.62592265563465,83.52347133629657,25.744753301470144,43.257391830262655,49.65578972624769,54.50629356690475,88.64245701703338,0.0,23.692085868251677
23.733578137723217,27.92939027482724,54.39292754788975,62.120849544621585,102.82684012825095,136.6891755216246,35.597046682061055,70.46088378726839,17.46051067138428,41.23625069648711,59.9068462860552,84.38569669860841,108.45090891773006,38.676875051133315,56.27747656066989,71.42573240534982,88.30044314213065,16.106843209350405,35.80258175870442,57.75071264212327,58.22494050666652,69.69375429769943,96.40412280637243,107.24876665640134,27.44145077720207,28.35472609015086,78.09284168487805,23.455774203501367,31.641640543541254,52.960515722286814,3.4470930379911042,24.690693849774675,40.827240576852375,47.71946016027484,58.74371597478027,73.67410827546311,83.58433228197413,25.745361677060053,43.26938635039609,49.69160241080822,54.54971136449701,88.71659271704343,0.0,23.73357813772322
23.77507040719476,27.90468346679436,54.391079045395834,62.157157288918604,102.91890551837464,136.7533267756168,35.59831285669832,70.50110988210265,17.423261646223786,41.236403944562944,59.947977164506405,84.42450593062416,108.4910491232909,38.67929029081194,56.28505456303456,71.4681974373164,88.37246167653538,16.06912918688044,35.80331368802406,57.764676727721294,58.26316938020264,69.73481108446185,96.44700926937175,107.31558161854184,27.44145077720207,28.35729906808722,78.13176097641325,23.456095204023242,31.642722402016027,53.00060513276171,3.4076439009054305,24.69079308574799,40.84337102656978,47.76019053762252,58.783053545840914,73.7222997925534,83.64526134575664,25.745968229299073,43.28131209337266,49.72746428152253,54.59312337015332,88.79075562334339,0.0,23.775070407194764
23.816562676666305,27.87994990198125,54.38917794189567,62.193518597194206,103.01088564957038,136.81758908234494,35.59957611601242,70.5413388922601,17.38600136891047,41.23655871169176,59.98910963397955,84.46332165865714,108.53119097491228,38.68169937459823,56.29260661851539,71.51063800595159,88.44453677704767,16.031408433028016,35.80404420356907,57.77823045215932,58.301781610393576,69.77587006328204,96.48984701756159,107.3824782530964,27.44145077720207,28.359868025270888,78.17068428870111,23.456415250087176,31.64380029088758,53.04069946729777,3.3681902102448293,24.690892248325827,40.85946091913202,47.80092500256043,58.82235860422555,73.77049683743414,83.70625849096008,25.746572966532515,43.29316962208137,49.76337485803405,54.636529605219266,88.86494562370994,0.0,23.816562676666308
23.858054946137848,27.855189619452165,54.38722508110206,62.229932714525596,103.10278018160142,136.88196265419145,35.600836469745666,70.58157080799839,17.34872988211902,41.236714991621454,60.03024368396661,84.50214385975862,108.5713344696286,38.68410232465374,56.30013284356034,71.55305432512765,88.51666809118578,15.99368096756042,35.80477330942923,57.79142600926315,58.340725091357285,69.81693121784811,96.53263645412214,107.44945606139585,27.44145077720207,28.36243297049909,78.20961161294447,23.456734345905883,31.644874231322714,53.08079870051547,3.328731981788101,24.690991337218303,40.87551034023012,47.84166352449276,58.86163148389124,73.81869904410789,83.76732367904063,25.747175897053808,43.30495949533643,49.799333663639544,54.67993009097843,88.93916260645508,0.0,23.85805494613785
23.89954721560939,27.830402658252222,54.385221293605284,62.26639889812634,103.19458877618852,136.94644770258645,35.60209392759845,70.62180561961716,17.31144722832113,41.236872778098714,60.07137930405176,84.54097251108455,108.61147960448126,38.68649916304009,56.30763335397233,71.59544660739463,88.58885526853514,15.955946810157123,35.8055010096795,57.80430764238818,58.37995566732357,69.85799453199553,96.57537798078394,107.51651454653454,27.44145077720207,28.36499391254529,78.2485429403698,23.457052495667572,31.64594424434272,53.12090280720532,3.289269231237241,24.69109035213962,40.89151937552812,47.88240607310519,58.90087251698899,73.86690605005533,83.82845686960067,25.747777029104842,43.31668226785365,49.835340225315534,54.72332484865195,89.01340646042354,0.0,23.899547215609395
23.941039485080935,27.805589057407534,54.38316739706976,62.30291641716096,103.28631109701806,137.01104443798866,35.603348499229476,70.66204331745767,17.274153449786656,41.237032064869666,60.11251648391056,84.57980758989497,108.65162637651868,38.688889911719414,56.31510826491415,71.63781506397889,88.66109796074427,15.918205980410319,35.80622730838001,57.81691286396262,58.4194359130928,69.89905998970568,96.61807199779085,107.58365321340636,27.44145077720207,28.36755086015935,78.28747826222728,23.457369703536084,31.64701035082456,53.1610117623265,3.249801974217926,24.691189292807977,40.9074881106633,47.923152618362124,58.940082033856775,73.91511749623885,83.88965802039442,25.748376370876425,43.32833849022886,49.871394073742096,54.76671389939806,89.08767707499024,0.0,23.94103948508094
23.982531754552486,27.78074885592532,54.3810641964285,62.33948455256032,103.37794680975021,137.0757530698668,35.604600194255944,70.70228389190275,17.23684858858465,41.23719284568019,60.15365521330878,84.61864907355344,108.69177478279654,38.691274592554926,56.322557690913506,71.68015990478197,88.73339582152104,15.880458497825481,35.806952209575904,57.82927352405205,58.45913406547332,69.94012757510443,96.66071890386411,107.6508715687395,27.44145077720207,28.370103822067552,78.32641756979062,23.457685973651085,31.648072571502112,53.20112554100551,3.2103302262799787,24.691288158945476,40.92341663124653,47.96390313050365,58.9792603630125,73.96333302710528,83.95092708733416,25.74897393050868,43.339928708919075,49.907494743324705,54.81009726431165,89.16197434005774,0.0,23.982531754552486
24.02402402402403,27.755882092793957,54.37891248407624,62.37610259683908,103.46949558202773,137.14057380668035,35.6058490222538,70.74252733337646,17.199532686584504,41.23735511427652,60.19479548210161,84.65749693952668,108.73192482037746,38.69365322731144,56.32998174586771,71.72248133837932,88.8057485066276,15.842704381821914,35.807675717297734,57.841416725538735,58.49902310810396,69.98119727246059,96.70331909616799,107.71816912113005,27.44145077720207,28.372652806972674,78.36536085435706,23.458001310128225,31.6491309269673,53.24124411853472,3.1708540028978978,24.691386950278144,40.93930502286238,48.00465758004278,59.01840783114757,74.01155229058847,84.01226402449653,25.749569716091433,43.351453466225706,49.94364177221338,54.85347496442378,89.23629814605373,0.0,24.02402402402403
24.065516293495573,27.73098880698316,54.37671304006102,62.4127698539141,103.56095708348458,137.20550685586068,35.607094992757936,70.78277363234385,17.162205785457026,41.23751886440557,60.23593728023254,84.69635116538359,108.77207648633107,38.696025837655874,56.337380543048525,71.76477957201979,88.8781556738765,15.804943651733248,35.80839783556125,57.85336559665342,58.5390799989241,70.02226906618448,96.74587297027601,107.78554538107468,27.44145077720207,28.375197823554082,78.40430810724719,23.458315717059328,31.650185437671297,53.281367470371165,3.1313733194713382,24.691485666535932,40.955153371069386,48.04541593776254,59.057524763120725,74.0597749381106,84.07366878412931,25.750163735664593,43.36291330027982,49.97983470231983,54.89684702070132,89.31064838392864,0.0,24.065516293495573
24.107008562967117,27.706069037444014,54.37446663227383,62.44948563892515,103.65233098575445,137.2705524237923,35.608338115262384,70.82302277931095,17.12486792667553,41.237684089815694,60.277080597732535,84.73521172879511,108.812229777734,38.69839244515779,56.34475419510691,71.80705481162497,88.95061698312566,15.767176326808022,35.80911856836756,57.86513993720855,58.57928502394228,70.06334294082659,96.78838092013862,107.85299986100165,27.44145077720207,28.377738880467785,78.44325931980504,23.458629198512558,31.65123612392567,53.321495572135106,3.0918881913255474,24.69158430745253,40.970961761400176,48.08617817471329,59.096611481952365,74.10800062458364,84.13514131665856,25.75075599721858,43.37430874502994,50.016073079332344,54.940213454046585,89.38502494515288,0.0,24.107008562967117
24.14850083243866,27.681122823109135,54.37217401663656,62.48624927805641,103.74361696248013,137.3357107157936,35.60957839922054,70.86327476482434,17.087519151516886,41.23785078425671,60.318225424718946,84.77407860753338,108.85238469167,38.700753071289874,56.35210281407753,71.84930726178916,89.02313209627339,15.729402426210179,35.80983791970329,57.87675675628334,58.61962125955312,70.10441888107613,96.83084333805184,107.92053207530165,27.44145077720207,28.380275986346508,78.48221448339785,23.45894175853257,31.652283005903534,53.36162839960877,3.0523986337119093,24.69168287276549,40.98673027936154,48.12694426220981,59.135668308818936,74.15622900840941,84.19668157069515,25.75134650869469,43.385640330231475,50.052356452728844,54.98357428529686,89.45942772171466,0.0,24.14850083243866
24.189993101910204,27.656150202892675,54.369835937288066,62.52306010836069,103.83481468932258,137.40098193609805,35.61081585404539,70.90352957947103,17.05015950106264,41.23801894148066,60.359371751394654,84.81295177947143,108.89254122522968,38.70310773742848,56.35942651138357,71.8915371257791,89.09570067725345,15.691621969019593,35.81055589354036,57.888230718341624,58.66007412642112,70.14549687175938,96.8732606146269,107.9881415403567,27.44145077720207,28.382809149799762,78.52117358941614,23.459253401140707,31.653326103640694,53.401765928735024,3.012904661808392,24.691781362216112,41.00245901043465,48.167714171828656,59.17469556304805,74.20445975147962,84.25828949304294,25.751935277985496,43.396908581438346,50.08868437578755,55.02692953522419,89.53385660611713,0.0,24.189993101910204
24.231485371381748,27.631151215690462,54.36745312676807,62.55991747758484,103.92592384396993,137.46636628783494,35.612050489109706,70.94378721387827,17.012789016200024,41.23818855524209,60.400519568047145,84.85183122258233,108.93269937551047,38.70545646485412,56.366725397841094,71.93374460553434,89.16832239202968,15.653834974232597,35.811272493836356,57.89957451301534,58.700631019698974,70.18657689783886,96.91563313876124,108.05582777456847,27.44145077720207,28.385338379413934,78.5601366292735,23.459564130335142,31.65436543703677,53.44190813561606,2.973406290719996,24.691879775549427,41.01814804007505,48.20848787540541,59.2136935621136,74.25269251917516,84.31996502870594,25.75252231293521,43.408114019996404,50.125056405596126,55.07027922453491,89.60831149137623,0.0,24.231485371381748
24.27297764085329,27.606125900380043,54.365026306199496,62.59682074399717,104.01694410614702,137.53186397301064,35.613282313746225,70.9840476587133,16.975407737623065,41.23835961929857,60.44166886504763,84.8907169149389,108.97285913961709,38.707799274751956,56.37399958366359,71.97592990166777,89.24099690859053,15.616041460762492,35.811987724534355,57.9107991617149,58.74128100241927,70.22765894441147,96.95796129761018,108.1235902983854,27.44145077720207,28.387863683752325,78.59910359440667,23.45987395009106,31.655401025856296,53.48205499651215,2.9339035354792538,24.691978112514096,41.03379745371273,48.24926534503203,59.25266262163142,74.30092698036475,84.38170812089649,25.753107621340057,43.41925716303884,50.161472103058635,55.11362337386943,89.6827922710181,0.0,24.27297764085329
24.31446991032484,27.581074295820763,54.362556185468506,62.63376927621677,104.10787515762505,137.5974751924894,35.61451133724789,71.02431090468316,16.938015705833596,41.238532127410934,60.48281963285008,84.92960883471301,109.01302051466067,38.71013618821233,56.38124917846644,72.01809321346616,89.31372389694356,15.578241447440057,35.812701589563055,57.92191427218065,58.7820145509445,70.26874299670729,97.00024547655983,108.19142863432879,27.441450777202068,28.39038507135524,78.63807447627529,23.460182864360807,31.656432889729864,53.522206487840386,2.8943964110466607,24.692076372862456,41.04940733675212,48.29004655305415,59.291603055355154,74.34916280740293,84.44351871104345,25.753691210948677,43.43033852348331,50.19793103290086,55.15696200380183,89.75729883907657,0.0,24.31446991032483
24.355962179796382,27.55599644085391,54.3600434634027,62.67076245304476,104.19871668223115,137.66320014597426,35.61573756886806,71.06457694253453,16.90061296114235,41.23870607334387,60.523971861990454,84.96850696017512,109.05318349775959,38.712467226231254,56.38847429127124,72.06023473889115,89.3865030291095,15.540434953014072,35.81341409283688,57.932928250223625,58.822823343228364,70.30982904008833,97.0424860592011,108.25934230701802,27.441450777202068,28.39290255074006,78.67704926636202,23.460490877074065,31.657461048155177,53.56236258617334,2.8548849323111756,24.692174556350512,41.064977774572114,48.33083147206852,59.3305151751726,74.39739967612785,84.50539673880034,25.75427308946248,43.44135861003054,50.234432763673944,55.20029513483972,89.83183109009074,0.0,24.355962179796375
24.397454449267922,27.530892374302553,54.35748882794653,62.707799663297685,104.289468365858,137.72903903198815,35.61696101782067,71.10484576305346,16.863199543669957,41.238881450866224,60.56512554308554,85.00741126969382,109.09334808603897,38.714792409710874,56.39567503051012,72.10235467458025,89.4593339791165,15.502621996151785,35.81412523825594,57.9438484762809,58.86370008226185,70.35091706004712,97.0846834273045,108.32733084319445,27.441450777202068,28.39541613040131,78.71602795617231,23.460797992138012,31.658485520498168,53.602523268237945,2.815369114090655,24.692272662737743,41.080508852526016,48.37162007492033,59.36939929110214,74.445637265858,84.5673421420544,25.754853264536,43.452317927165026,50.270976867756204,55.24362278742383,89.90638891910251,0.0,24.39745444926792
24.438946718739466,27.50576213497188,54.3548929563359,62.74488030564268,104.38012989647387,137.79499204785472,35.61818169328049,71.14511735706519,16.825775493347983,41.239058253751324,60.60628066683248,85.04632174173499,109.13351427663072,38.717111759459996,56.40285150403008,72.14445321584827,89.532216422994,15.464802595439453,35.814835029706266,57.95468145303776,58.90463834845316,70.39200704220539,97.12683796079595,108.39539377174471,27.441450777202068,28.3979258188107,78.75501053723445,23.461104213437466,31.65950632599405,53.642688510914155,2.7758489711322816,24.69237069178721,41.09600065594153,48.41241233470072,59.4082557112898,74.49387525938877,84.62935485693517,25.755431743777272,43.46321697515695,50.307562921353444,55.28694498192782,89.98097222165427,0.0,24.438946718739462
24.48043898821101,27.480605761649045,54.352256515269225,62.78200378843464,104.47070096413285,137.86105938967947,35.61939960438327,71.18539171543395,16.788340849920004,41.23923647577753,60.647437224007746,85.08523835486167,109.17368206667368,38.719425296194586,56.410003819097156,72.1865305566888,89.60515003876644,15.426976769382792,35.81554347105948,57.96543292922429,58.945632475832646,70.43309897231289,97.16895003773382,108.46353062372293,27.441450777202068,28.40043162441726,78.79399700109944,23.461409544835067,31.660523483748406,53.68285829123374,2.736324518113045,24.692468643265503,41.11145327012057,48.45320822474421,59.447084742006254,74.54211334298844,84.69143481782362,25.75600853474819,43.474056250065736,50.344190504497725,55.33026173865803,90.05558089378626,0.0,24.480438988211006
24.521931257682553,27.45542329310332,54.349580161077284,62.81916952955593,104.56118126098434,137.9272412523306,35.62061476022596,71.2256688290628,16.75089565294256,41.239416110728385,60.68859520546613,85.12416108773323,109.21385145331342,38.72173304053818,56.41713208240052,72.22858688977587,89.67813450644701,15.389144536407514,35.8162505661734,57.97610800375767,58.98667744791241,70.47419283624595,97.21102003428662,108.53174093237153,27.441450777202068,28.40293355564733,78.83298733934092,23.461713990171404,31.661537012738226,53.723032586379134,2.696795769640173,24.692566516942666,41.12686678033929,48.49400771862616,59.48588668764446,74.59035120639332,84.75358195736173,25.756583644964863,43.48483624374509,50.38085920104453,55.37357307785325,90.13021483203435,0.0,24.52193125768255
24.563423527154097,27.430214768086078,54.34686453989039,62.85637695625752,104.65157048128374,137.99353782941986,35.62182716986695,71.26594868889335,16.71343994178623,41.23959715239312,60.72975460214018,85.16308991910508,109.25402243370223,38.724035013022515,56.42423640005681,72.2706224064659,89.75116950803107,15.351305914859758,35.816956318891584,57.98671121363007,59.02776880979983,70.51528862000622,97.25304832471168,108.60002423314208,27.441450777202068,28.40543162090469,78.87198154355511,23.4620175532652,31.66254693181294,53.76321137368216,2.6572627402515834,24.69266431259214,41.14224127184788,48.53481079016034,59.52466185071739,74.63858854280284,84.81579620646183,25.757157081897965,43.49555744384948,50.41756859866875,55.416879019684536,90.20487393342752,0.0,24.563423527154093
24.60491579662564,27.404980225330856,54.344110287803574,62.89362550500249,104.74186832140292,138.0599493132839,35.6230368423262,71.30623128590565,16.675973755636623,41.239779594567004,60.7709154050392,85.20202482782781,109.2941950049993,38.72633123408781,56.431316877613924,72.31263729679966,89.8242547274895,15.31346092300665,35.817660733043745,57.99724660832205,59.06890259378629,70.5563863097197,97.29503528133492,108.66838006371407,27.441450777202068,28.4079258285706,78.91097960536074,23.46232023791345,31.663553259695487,53.803394630622904,2.617725444416305,24.6927620299908,41.15757682987036,48.57561741339643,59.56341053185614,74.68682504887357,84.87807749431656,25.757728852973088,43.50622033384187,50.454318288859064,55.46017958425499,90.27955809548546,0.0,24.604915796625637
24.646408066097187,27.379719703553437,54.34131803103955,62.93091462131207,104.8320744798399,138.126475894965,35.62424378658548,71.34651661111793,16.63849713349536,41.23996343105155,60.81207760524859,85.24096579284718,109.33436916437036,38.728621724083446,56.438373620055316,72.3546317495047,89.89738985076212,15.275609579036697,35.81836381244549,58.00771781301077,59.11007525614025,70.5974858916351,97.33698127453144,108.73680796401395,27.44145077720207,28.41041618700388,78.949981516399,23.46262204789159,31.664556014983326,53.84358233482849,2.5781838965349144,24.692859668918896,41.17287353960454,48.61642756261762,59.602133029808314,74.73506042471341,84.94042574840869,25.75829896557109,43.516825393002776,50.49110786691106,55.50347479159952,90.35426721621623,0.0,24.646408066097187
24.68790033556873,27.35443324145175,54.33848838610925,62.968243759612946,104.92218865723005,138.1931177641922,35.62544801158853,71.38680465558642,16.601010114181122,41.240148655655034,60.85324119392889,85.27991279320307,109.37454490898801,38.73090650326828,56.44540673180374,72.39660595199769,89.97057456575051,15.237751901060312,35.81906556089873,58.018128082436064,59.151283623243096,70.63858735212281,97.37888667270681,108.80530747623202,27.44145077720207,28.412902704540954,78.98898726833346,23.4629229869536,31.665555216149432,53.88377446407192,2.538638110939954,24.692957229159983,41.1881314862217,48.65724121233818,59.6408296414367,74.7832943738746,85.00284089452146,25.75886742702841,43.52737309644068,50.527936931919186,55.546764661684804,90.42900119411375,0.0,24.68790033556873
24.729392605040275,27.32912087770603,54.335621959970375,63.00561238308731,105.01221055635634,138.25987510936233,35.626649526241316,71.42709541040517,16.563512736330587,41.24033526219265,60.894406162315065,85.31886580802933,109.4147222360316,38.73318559181123,56.45241631672538,72.438560090387,90.04380856231123,15.199887907110295,35.81976598219144,58.028480346950744,59.19252484554045,70.6796906776738,97.42075184227957,108.87387814483961,27.44145077720207,28.415385389495967,79.02799685285001,23.463223058832234,31.66655088154333,53.92397099627092,2.499088101896417,24.693054710500917,41.20335075486642,48.69805833730108,59.67950066171816,74.83152660334662,85.06532285674912,25.75943424463748,43.5378639151034,50.56480508676742,55.590049214408985,90.50375992815572,0.0,24.729392605040275
24.770884874511818,27.30378265097878,54.33271935018377,63.04301996352507,105.10213988215986,138.32674811752105,35.62784833941214,71.46738886670589,16.52600503839948,41.240523244487065,60.93557250171577,85.35782481655315,109.45490114268686,38.735459009791654,56.45940247813358,72.4804943494755,90.11709153224865,15.162017615142263,35.82046508009775,58.03877725201407,59.23379635805042,70.72079585489813,97.4625771476645,108.942519516605,27.44145077720207,28.417864250160793,79.06701026165673,23.463522267239107,31.667543029392082,53.96417190948684,2.4595338836021106,24.693152112731827,41.218531430656355,48.73887891247567,59.718146383742926,74.87975682354863,85.1278715575074,25.75999942564697,43.54829831579091,50.601711938118854,55.63332846960164,90.57854331780081,0.0,24.770884874511818
24.812377143983362,27.27841859991478,54.32978114506716,63.08046598117765,105.19197634175089,138.3937369743442,35.62904445993192,71.50768501565766,16.488487058663488,41.24071259636833,60.97674020351245,85.39678979809455,109.49508162614653,38.73772677719991,56.46636531879283,72.52240891276347,90.19042316930788,15.124141043035124,35.82116285837832,58.04902119216624,59.275095846390585,70.76190287052405,97.50436295125625,109.01123114060776,27.44145077720207,28.420339294805157,79.10602748648392,23.463820615864854,31.66853167780127,54.00437718192346,2.419975470188052,24.69324943564611,41.233673598681904,48.77970291305533,59.75676709871403,74.92798474832122,85.19048691754442,25.760562977262186,43.55867676116885,50.63865709640404,55.6766024470236,90.65335126298672,0.0,24.812377143983362
24.853869413454905,27.253028763141106,54.32680792384713,63.1179499246146,105.28171964441943,138.4608418641186,35.63023789659428,71.54798384846684,16.450958835219293,41.2409033116747,61.01790925915872,85.43576073206594,109.53526368360978,38.739988913937744,56.4733049409224,72.56430396245167,90.26380316916686,15.08625820859157,35.82185932077985,58.05921434034377,59.31642121746441,70.80301171139666,97.54610961341461,109.08001256825362,27.44145077720207,28.422810531676653,79.14504851908396,23.46411810837929,31.669516844755975,54.04458679192586,2.3804128757189957,24.693346679040285,41.24877734400602,48.82053031445519,59.79536309594708,74.97621009491786,85.25316885595181,25.761124906645374,43.568999709783476,50.67564017580841,55.71987116636667,90.7281836641276,0.0,24.853869413454905
24.89536168292645,27.227613179267166,54.32380025680863,63.15547129058166,105.37136950164602,138.52806296972358,35.63142865815585,71.58828535637682,16.41342040598552,41.24109538425251,61.05907966017951,85.47473759797155,109.57544731228248,38.74224543981878,56.48022144620026,72.60617967944455,90.33723122942976,15.048369129538482,35.82255447103559,58.06935867324887,59.35777057409334,70.84412236447673,97.58781749245013,109.14886335328757,27.44145077720207,28.425277969000867,79.18407335123129,23.46441474843156,31.670498548121767,54.08480071797934,2.3408461141937367,24.693443842714114,41.26384275166382,48.86136109230981,59.83393466287028,75.02443258399589,85.31591729017579,25.761685220916064,43.579267616077345,50.71266079425863,55.763134647253914,90.80304042211178,0.0,24.89536168292645
24.936853952397993,27.202171886884667,54.3207587054423,63.19302958386166,105.46092562711269,138.59540047261189,35.63261675333635,71.62858953066785,16.37587180870368,41.24128880795664,61.10025139817042,85.51372037540688,109.61563250937697,38.744496374568975,56.48711493576668,72.64803624335372,90.41070704961858,15.010473823527436,35.8232483128652,58.07945599336765,59.399142193000515,70.88523481683971,97.62948694461025,109.21778305180611,27.44145077720207,28.427741614981382,79.2231019747223,23.464710539650262,31.671476805645632,54.125018938708315,2.3012751995455645,24.693540926470465,41.27886990666228,48.90219522247097,59.87248208502469,75.07265193960684,85.37873213602877,25.762243927151367,43.589480930405934,50.74971857340811,55.80639290923913,90.87792143829935,0.0,24.936853952397993
24.978346221869543,27.17670492456762,54.31768382258966,63.23062431713675,105.55038773671427,138.66285455279117,35.633802190818855,71.6688963626569,16.338313080939173,41.241483576650886,61.14142446479687,85.55270904405845,109.65581927211232,38.746741737827094,56.493985510228,72.68987383250125,90.48423033116629,14.972572308135097,35.82394084997483,58.08950794813214,59.44053450564994,70.92634905567436,97.67111832406694,109.28677122226975,27.44145077720207,28.430201477799894,79.26213438137533,23.4650054856436,31.672451634956936,54.16524143287522,2.26170014564265,24.693637930115326,41.29385889397998,48.94303268100545,59.91100564606476,75.1208678891867,85.44161330770096,25.762801032386335,43.59964009905539,50.78681313862132,55.849645971806964,90.95282661452006,0.0,24.97834622186954
25.019838491341087,27.15121233087242,54.31457615258587,63.268255010853466,105.63975554856866,138.73042538880514,35.63498497924995,71.70920584369735,16.300744260082226,41.24167968420798,61.18259885179351,85.59170358370304,109.69600759771407,38.74898154914512,56.500833269660156,72.73169262392358,90.55780077740837,14.934664600863726,35.824632086057136,58.09951604664331,59.4819460815253,70.96746506828185,97.71271198290452,109.35582742551335,27.44145077720207,28.432657565616257,79.30117056303054,23.46529958999953,31.67342305356839,54.20546817937938,2.222120966288515,24.693734853457713,41.30880979856659,48.98387344419278,59.949505627759066,75.1690801635453,85.50456071777202,25.76335654361423,43.60974556426086,50.82394411895758,55.89289385437284,91.02775585307074,0.0,25.019838491341083
25.06133076081263,27.125694144337682,54.31143623140076,63.30592119308942,105.72902878302862,138.79811315771525,35.6361651272399,71.74951796517894,16.263165383348802,41.24187712451017,61.22377455096333,85.63070397420734,109.73619748341436,38.75121582798875,56.5076583136124,72.77349279337515,90.63141809357562,14.896750719141574,35.82532202479149,58.10948167430272,59.52337561349993,71.00858284207452,97.75426827110833,109.42495122475678,27.44145077720207,28.43510988656855,79.3402105115498,23.4655928562859,31.67439107887695,54.245699157256,2.182537675222338,24.69383169630974,41.3237227053426,49.024717488523116,59.98798230999129,75.21728849685576,85.56757427722326,25.763910467786896,43.619797764225815,50.86111114715375,55.936136576282784,91.10270905671315,0.0,25.061330760812627
25.102823030284174,27.100150403484392,54.30826458677729,63.34362239942226,105.81820716269235,138.86591803508162,35.63734264336286,71.78983271852753,16.225576487781616,41.2420758914492,61.264951554177145,85.66971019552737,109.77638892645162,38.75344459373782,56.514460741110746,72.81527451533219,90.70508198678573,14.858830680323338,35.82601066984373,58.119406105648,59.564821905002766,71.0497023645748,97.79578753655439,109.49414218561452,27.44145077720207,28.437558448773146,79.37925421881671,23.465885288050583,31.675355728164767,54.28593434567504,2.142950286119417,24.693928458486567,41.338597699198885,49.06556479069505,60.02643597076159,75.26549262664308,85.63065389544973,25.764462811815015,43.62979713314208,50.8983138596063,55.97937415681348,91.1776861286717,0.0,25.10282303028417
25.144315299755718,27.074581146815753,54.305061738367705,63.38135817280066,105.907290412415,138.933840194945,35.638517536157046,71.83015009520489,16.187977610251014,41.242275978926806,61.30612985337278,85.7087222277083,109.8165819240712,38.75566786568675,56.52124065066158,72.85703796299715,90.77879216603566,14.82090450169059,35.82669802486654,58.129290515639944,59.60628385873288,71.09082362341407,97.83727012499955,109.56339987610419,27.44145077720207,28.440003260324783,79.41830167673665,23.46617688882162,31.676317018600084,54.32617372394022,2.1033588125915275,24.694025139806218,41.35343486499634,49.10641532761349,60.06486688618792,75.31369229377253,85.69379948027245,25.765013582568464,43.63974410121049,50.935551896352585,56.022606615172144,91.25268697263105,0.0,25.144315299755714
25.18580756922726,27.048986412817264,54.30182819786819,63.419128063417396,105.9962782593194,139.001879809808,35.63968981412492,71.87047008670856,16.150368787455914,41.24247738085482,61.34730944055441,85.7477400508835,109.85677647352456,38.75788566304498,56.52799814025503,72.89878330830237,90.85254834219337,14.78297220045224,35.82738409349926,58.13913598961253,59.647760466710935,71.13194660633182,97.87871638007225,109.63272386665493,27.44145077720207,28.442444329296613,79.45735287723635,23.466467662107366,31.677274967238173,54.36641727148794,2.06376326818735,24.69412174008979,41.368234287565265,49.14726907638761,60.10327533050784,75.36188724243766,85.7570109379512,25.765562786876593,43.64963909466256,50.972824901051304,56.06583397049649,91.32771149273401,0.0,25.185807569227258
25.227299838698805,27.023366239956733,54.29856446915096,63.456931628584286,106.08517043280769,139.07003705061675,35.64085948573337,71.91079268457165,16.11275005592476,41.242680091155485,61.388490307791905,85.78676364527442,109.89697257206971,38.76009800493746,56.53473330736856,72.9405107219147,90.92635022798966,14.745033793744916,35.828068879368146,58.148943532064166,59.68925080148956,71.17307130117408,97.9201266432642,109.70211373011499,27.44145077720207,28.444881663740293,79.49640781226421,23.466757611396595,31.678229591022195,54.40666496788623,2.0241636663927967,24.694218259161218,41.382996051705184,49.18812601432862,60.1416615760803,75.41007722014787,85.82028817319683,25.766110431528546,43.6594825357824,51.010132520962486,56.109056241854674,91.40275959357902,0.0,25.2272998386988
25.268792108170352,26.997720666684128,54.29527104839402,63.49476843260969,106.17396666457223,139.13831208674262,35.64202655941389,71.95111788036269,16.075121452016408,41.24288410376163,61.42967244722008,85.82579299119,109.93717021697123,38.76230491040499,56.541446248970246,72.98222037323973,91.00019753801003,14.707089298633425,35.828752386086244,58.15871407444309,59.73075400836955,71.21419769589306,97.96150125392282,109.77156904175808,27.441450777202075,28.44731527168603,79.53546647379004,23.467046740158672,31.679180906784133,54.446916792833775,1.9845600206315048,24.69431469684745,41.39772024218417,49.22898611894789,60.18002589338797,75.45826197771567,85.88363108918438,25.766656523273543,43.669274842929546,51.04747440692671,56.152273448245374,91.47783118021813,0.0,25.268792108170356
25.310284377641896,26.972049731431593,54.291948424209295,63.53263804667707,106.26266668860686,139.206705085964,35.64319104356276,71.99144566568536,16.037483011921083,41.24308941261704,61.47085585103811,85.86482806902627,109.97736940549996,38.76450639840478,56.548137061522226,73.02391243042626,91.07408998868641,14.669138732111175,35.82943461725352,58.16844848205673,59.77226929849179,71.2553257785454,98.00284054924374,109.84108937929007,27.441450777202075,28.449745161142644,79.57452885380495,23.46733505184368,31.680128931245637,54.48717272615882,1.9449523442650427,24.69441105297813,41.41240694373847,49.26984936795474,60.21836855103946,75.50644126924331,85.94703958756607,25.767201068821194,43.67901643056229,51.08485021334378,56.195485608597615,91.55292615815469,0.0,25.3102843776419
25.35177664711344,26.946353472613517,54.2885970777686,63.57054004872659,106.35127024121819,139.27521621444808,35.6443529465412,72.03177603217847,15.99983477166124,41.2432960116765,61.512040511508914,85.90386885926571,110.01757013493322,38.76670248781074,56.55480584098399,73.06558706037103,91.14802729828857,14.63118211110057,35.83011557645695,58.178147560217184,59.81379594269345,71.29645553729168,98.04414486426472,109.91067432285406,27.441450777202075,28.45217134009765,79.61359494432149,23.467622549882517,31.681073681018926,54.527432747818224,1.905340650593506,24.69450732738592,41.42705624107189,49.31071573925457,60.25668981577188,75.55461485210945,86.01051356848423,25.76774407484179,43.68870770926139,51.12225959815069,56.238692741770855,91.62804443334095,0.0,25.351776647113443
25.393268916584983,26.92063192862636,54.28521748292729,63.6084740233381,106.43977706103684,139.34384563673262,35.64551227667559,72.07210897151562,15.962176767092506,41.243503894906155,61.5532264209583,85.94291534247701,110.05777240255472,38.76889319741405,56.56145268281571,73.1072444287232,91.22200918691594,14.593219452453443,35.83079526727044,58.18781205971797,59.85533326603269,71.3375869603951,98.08541453185968,109.98032345503546,27.441450777202075,28.454593816517313,79.65266473737337,23.46790923768708,31.682015172607656,54.56769683789647,1.865724952855715,24.69460351990611,41.44166821885543,49.35158521094678,60.294989952453655,75.6027824869551,86.07405293058478,25.76828554796659,43.69834908575471,51.159702222799424,56.28189486655502,91.7031859121761,0.0,25.393268916584987
25.434761186056527,26.894885137848725,54.28181010634608,63.646439561615956,106.52818688902865,139.41259351570793,35.646669042257614,72.11244447540514,15.92450903390457,41.24371305628368,61.59441357177459,85.98196749931441,110.09797620565449,38.77107854592349,56.5680776819815,73.1488846998894,91.29603537648913,14.555250772951473,35.83147369325502,58.19744268172523,59.89688064289901,71.37872003622049,98.12664988273356,110.05003636086629,27.441450777202075,28.457012598346715,79.69173822501551,23.468195118650367,31.682953422407763,54.607964976604634,1.826105264229673,24.694699630376952,41.45624296172666,49.3924577613228,60.33326922408753,75.6509439376695,86.13765757103066,25.76882549478814,43.70794096294188,51.19717775223377,56.3250920016704,91.77835050150388,0.0,25.43476118605653
25.47625345552807,26.869113138641257,54.278375407611,63.684436261076215,106.61649946850571,139.4814600125994,35.64782325154446,72.15278253558984,15.88683160762208,41.24392348979849,61.63560195640783,86.02102531051753,110.13818154152891,38.77325855196592,56.5746809329527,73.19050803703848,91.37010559074112,14.517276089306575,35.83215085795877,58.20704008215342,59.93843749263887,71.41985475323348,98.16785124541751,110.11981262782858,27.441450777202075,28.459427693509813,79.73081539932396,23.468480196146594,31.683888446708316,54.64823714427939,1.7864815978329132,24.69479565863932,41.47078055428919,49.43333336886419,60.37152789181356,75.69909897137543,86.20132738551531,25.769363921860506,43.717483739919544,51.23468585486609,56.36828416576771,91.85353810861034,0.0,25.476253455528074
25.517745724999614,26.843315969346584,54.274913839350845,63.722463725535235,106.70471454513807,139.5504452869489,35.64897491275894,72.19312314384689,15.849144523605503,41.24413518945202,61.67679156736921,86.06008875691049,110.17838840748071,38.77543323408663,56.58126252971097,73.23211460210632,91.44421955520889,14.479295418161332,35.832826764917066,58.21660487558857,59.98000327563411,71.46099109999936,98.20901894626503,110.18965184585787,27.441450777202075,28.46183910990951,79.76989625239581,23.46876447353135,31.684820261692373,54.68851332138211,1.746853966722862,24.69489160453686,41.48528108111212,49.47421201224067,60.40976621491267,75.74724735841431,86.2650622682766,25.769900835699616,43.72697781200741,51.27222620255347,56.4114713774282,91.92874864122172,0.0,25.517745724999617
25.559237994471157,26.81749366828938,54.27142584735349,63.760521565000964,106.79283186696446,139.61954949659759,35.650124034089735,72.23346629198764,15.811447817052057,41.244348149257775,61.71798239723041,86.09915781940184,110.21859680081894,38.777602610749874,56.58782256575159,73.2737045558013,91.51837699722476,14.441308776089388,35.83350141765241,58.2261376388111,60.021577489780405,71.50212906518213,98.25015330944854,110.25955360734557,27.441450777202075,28.46424685542771,79.80898077634916,23.46904795414173,31.685748883437814,54.728793488497836,1.70722238389726,24.694987467915936,41.49974462672945,49.51509367030823,60.447984450810075,75.79538887233099,86.3288621121103,25.77043624278351,43.7364235707741,51.30979847057328,56.454653655163476,92.00398200750223,0.0,25.55923799447116
25.600730263942705,26.79164627377618,54.267911870679335,63.79860939556492,106.88085118440377,139.68877279766784,35.65127062369152,72.27381197185741,15.773741522996557,41.244562363241606,61.759174438623035,86.13823247898392,110.2588067188589,38.77976670033918,56.594361134086476,73.31527805760898,91.59257764590745,14.40331617959582,35.834174819674566,58.23563891396528,60.0631596673193,71.54326863754348,98.29125465695647,110.32951750714075,27.44145077720207,28.466650937925397,79.848068963323,23.46933064129641,31.686674327918155,54.76907762633435,1.6675868622943881,24.695083248625565,41.51417127563952,49.55597832210724,60.48618285507898,75.84352328985817,86.39272680838458,25.770970149552614,43.74582140406368,51.34740233759881,56.49783101741577,92.07923811605183,0.0,25.600730263942705
25.642222533414248,26.765773824095437,54.264372341773516,63.83672683929706,106.96877225026608,139.75811534454624,35.65241468968512,72.31416017533535,15.736025676312321,41.24477782544211,61.800367684238,86.17731271673252,110.29901815892215,38.781925521157845,56.600878327247436,73.35683526579777,91.66682123215367,14.365317645117605,35.83484697448072,58.24510921141586,60.104749371983196,71.58440980594207,98.33232330859062,110.39954314255178,27.44145077720207,28.469051365242688,79.88716080547727,23.46961253829585,31.687596611003393,54.80936571572123,1.6279474147936115,24.695178946517423,41.52856111230442,49.59686594686054,60.524361681444574,75.89165039090045,86.45665624705357,25.77150256241007,43.75517169602266,51.38503748567412,56.54100348255783,92.15451687590424,0.0,25.642222533414248
25.683714802885792,26.73987635751736,54.26080768657589,63.87487352414178,107.05659481976383,139.82757728986553,35.653556240157755,72.35451089433425,15.698300311711991,41.24499452991036,61.84156212682493,86.21639851380634,110.33923111833658,38.784079091429284,56.60737423728911,73.39837633742393,91.74110748862905,14.327313189023924,35.83551788555527,58.254549012325995,60.14634619641848,71.62555255933219,98.37335958196476,110.46963011334732,27.44145077720207,28.471448145198895,79.9262562949926,23.469893648422335,31.688515748460794,54.84965773760889,1.5883040542155369,24.695274561445782,41.542914221149346,49.63775652397172,60.56252118178803,75.93976995851831,86.52065031667206,25.772033487721927,43.76447482712697,51.42270360018883,56.584171068892964,92.22981819652442,0.0,25.683714802885792
25.725207072357335,26.71395391229399,54.25721832462948,63.91304908381656,107.14431865052306,139.89715878448746,35.65469528316312,72.39486412080043,15.660565463748423,41.24521247071053,61.882757759191605,86.25548985144654,110.37944559443622,38.78622742929747,56.61384895579207,73.43990142833704,91.81543614975945,14.28930282761663,35.836187556370284,58.26395877098903,60.18794975985553,71.66669688676326,98.41436379250301,110.53977802175648,27.44145077720207,28.473841285592588,79.96535542407044,23.470173974940167,31.689431755955713,54.88995367306767,1.5486567933225632,24.695370093267478,41.55723068656196,49.678650033023146,60.60066160615075,75.98788177891154,86.58470890440952,25.772562931817482,43.773731174209416,51.46040036985245,56.62733379465518,92.30514198780669,0.0,25.725207072357335
25.76669934182888,26.688006526659034,54.2536046691866,63.95125315771095,107.23194350259433,139.96685997748577,35.65583182672159,72.43521984671351,15.622821166815559,41.24543164191978,61.92395457420327,86.29458671097643,110.41966158456134,38.788370552827345,56.62030257386584,73.48141069318544,91.889806951722,14.251286577130593,35.836855990384926,58.273338916939636,60.229559705998774,71.70784277737836,98.45533625343901,110.60998647246906,27.44145077720207,28.476230794201673,80.0044581849329,23.47045352109575,31.690344649052395,54.93025350328695,1.5090056448190403,24.695465541842022,41.571510592891826,49.71954645377424,60.63878320273883,76.0359856414025,86.64883189606465,25.773090900989537,43.78294111048752,51.49812748666854,56.67049167800918,92.38048816007266,0.0,25.76669934182888
25.808191611300423,26.66203423882785,54.249967127313454,63.98948539078901,107.3194691384639,140.03668101612874,35.6569658788204,72.47557806408622,15.585067455149256,41.2456520376286,61.96515256478223,86.33368907380094,110.45987908605845,38.790508480005215,56.62673518215193,73.52290428542186,91.96421963243623,14.213264453734098,35.83752319104636,58.28268985686859,60.2711757011134,71.74899022041399,98.49627727581576,110.68025507263435,27.44145077720207,28.478616678783418,80.0435645698227,23.470732290117724,31.69125444321476,54.97055720957415,1.4693506213517813,24.695560907031357,41.5857540244497,49.76044576615971,60.67688621792754,76.08408133841913,86.71301917608007,25.773617401494615,43.7921050055913,51.53588464590855,56.71364473705045,92.45585662406867,0.0,25.808191611300423
25.849683880771966,26.63603708699736,54.24630609999303,64.0277454334919,107.40689532306442,140.10662204586234,35.65809744741381,72.51593876496437,15.547304362828145,41.24587365194095,62.0063517239071,86.37279692140622,110.5000980962802,38.79264122873919,56.63314687082674,73.56438235730887,92.03867393155511,14.175236473529232,35.83818916178886,58.29201197636219,60.312797432287304,71.79013920519851,98.53718716848564,110.75058343186102,27.44145077720207,28.480998947074564,80.08267457100311,23.471010285217083,31.692161153807177,55.01086477335392,1.4296917355103493,24.69565618869996,41.5999610655069,49.80134795028769,60.7149708962662,76.13216866547769,86.77727062755667,25.77414243955333,43.80122322559146,51.5736715460855,56.756792989805355,92.53124729096415,0.0,25.849683880771966
25.891176150243506,26.61001510934603,54.24262198222601,64.06603294164354,107.4942218237864,140.17668321029328,35.65922654042322,72.5563019414265,15.509531923774487,41.246096478974295,62.04755204461243,86.41191023535912,110.54031861258535,38.794768816859495,56.639537729604456,73.60584505992455,92.113169590456,14.137202652552254,35.83885390603471,58.30130564148444,60.35442460585023,71.83128972115173,98.57806623811094,110.82097116221453,27.44145077720207,28.48337760679135,80.12178818075785,23.471287509587288,31.693064796095268,55.051176176167175,1.3900289998272912,24.695751386714853,41.61413180029462,49.84225298643814,60.75303748048291,76.18024742116513,86.84158613226872,25.774666021350523,43.810296133027805,51.61148788892736,56.79993645423113,92.60666007234913,0.0,25.891176150243506
25.932668419715057,26.58396834403371,54.23891516313,64.10434757635686,107.58144841048856,140.2468646511723,35.6603531657374,72.59666758558387,15.471750171754989,41.2463205128599,62.08875351998802,86.45102899730692,110.58054063233895,38.796891262118976,56.64590784774008,73.64729254316826,92.1877063522318,14.099163006773981,35.839517427193556,58.3105712002182,60.3960569459341,71.87244175778366,98.61891478916526,110.89141787821629,27.441450777202068,28.485752665629587,80.16090539139117,23.471563966404396,31.693965385246646,55.09149139967022,1.350362426778635,24.69584650094548,41.62826631300326,49.883160855060964,60.79108621148961,76.22831740712138,86.90596557067849,25.775188153035625,43.81932408693772,51.64933337935032,56.84307514821602,92.68209488023244,0.0,25.93266841971505
25.974160689186597,26.5578968292017,54.235186026037226,64.1426890039423,107.66857485550904,140.31716650837737,35.66147733121263,72.63703568958019,15.43395914038165,41.246545747743006,62.12995614317838,86.49015318897678,110.62076415291195,38.799008582193444,56.652257314032205,73.68872495576636,92.26228396168175,14.06111755210016,35.84017972866297,58.31980898377997,60.43769419315955,71.91359530469387,98.65973312393446,110.9619231968403,27.441450777202068,28.488124131264726,80.20002619522755,23.471839658827186,31.694862936331713,55.131810425633915,1.3106920287841985,24.695941531263728,41.642364687781736,49.9240715367744,60.829117328387404,76.2763784280212,86.9704088219513,25.77570884072287,43.82830744288486,51.68720772543185,56.88620908957942,92.75755162703932,0.0,25.974160689186593
26.01565295865814,26.531800602972506,54.231434948590135,64.18105689581773,107.75560093367596,140.38758891989752,35.66259904467281,72.67740624559153,15.396158863112591,41.24677217778288,62.17115990738231,86.52928279217548,110.6609891716816,38.80112079468204,56.65858621682588,73.730142445278,92.33690216530245,14.023066304371834,35.84084081382825,58.32901930782058,60.479336103436516,71.95475035157058,98.70052154251898,111.03248673751074,27.441450777202068,28.490492011351925,80.23915058461192,23.472114589997236,31.695757464324384,55.17213323594273,1.2710178182078398,24.69603647754395,41.65642700873678,49.96498501236331,60.8671310684717,76.3244302915561,87.03491576397053,25.77622809049155,43.8372465529879,51.72511063838371,56.929338296071826,92.83303022560946,0.0,26.015652958658137
26.057145228129684,26.505679703449925,54.22766230283569,64.21945092842017,107.8425264223182,140.45813202181597,35.663718313909726,72.71777924582616,15.35834937325288,41.246999797153,62.21236480585212,86.5684177887887,110.70121568603132,38.8032279171077,56.6648946440155,73.77154515810113,92.4115607112787,13.985009279365707,35.84150068606251,58.338202473523374,60.52098244686741,71.99590688818968,98.74128034283606,111.10310812209882,27.441450777202068,28.492856313526072,80.27827855190932,23.47238876303909,31.696648984102847,55.212459812593956,1.2313398073578778,24.696131339662788,41.670453359932225,50.005901262777506,60.90512766723776,76.37247280841551,87.09948627335268,25.776745908386278,43.84614176594964,51.76304183252461,56.97246278537509,92.90853058919505,0.0,26.05714522812968
26.098637497601228,26.479534168718843,54.22386845531803,64.25787078311876,107.92935110127603,140.52879594829443,35.66483514668311,72.75815468252432,15.32053070395534,41.247228600041204,62.25357083189348,86.6075581607809,110.74144369335012,38.805329966917476,56.671182683047505,73.81293323947826,92.48625934947448,13.946946492794517,35.84215934872664,58.347358768610114,60.56263300674281,72.03706490441391,98.78200982062256,111.17378697491921,27.441450777202068,28.49521704540189,80.31741008950503,23.472662181060326,31.69753751045032,55.25279013769679,1.1916580084873118,24.696226117499343,41.68444382538831,50.04682026913011,60.943107358386335,76.4205057922684,87.16412022546275,25.777262300417238,43.85499342708584,51.801001025252994,57.0155825751024,92.98405263145831,0.0,26.098637497601224
26.14012976707277,26.453364036845258,54.22005376716928,64.2963161461296,108.01607475291163,140.59958083155652,35.66594955072086,72.79853254795812,15.282702888221374,41.24745858064979,62.294777978864474,86.64670389019484,110.78167319103369,38.807426961482946,56.67745042092321,73.8543068335024,92.56099783142366,13.908877960307407,35.84281680516963,58.35648846826272,60.60428757862062,72.07822439019222,98.82271026943772,111.2445229227257,27.441450777202068,28.49757421457399,80.35654518980448,23.472934847151716,31.698423058055763,55.2931241934715,1.151972433794311,24.696320810935006,41.69839848908085,50.08774201269586,60.98107037382931,76.4685290597441,87.22881749442925,25.777777272560442,43.863801878354465,51.83898793701963,57.05869768279845,93.05959626647002,0.0,26.140129767072768
26.181622036544315,26.427169345876063,54.21621859419875,64.33478670843182,108.10269716211974,140.67048680187213,35.66706153371915,72.83891283443137,15.244865958901778,41.24768973319578,62.335986240175394,86.68585495915103,110.82190417648332,38.80951891810064,56.683697944201626,73.89566608312343,92.63577591032119,13.87080369749027,35.84347305872832,58.365591835969916,60.64594596948108,72.11938533555862,98.86338198066699,111.31531559470692,27.441450777202068,28.499927828616904,80.39568384523311,23.473206764387296,31.699305641514623,55.333461962248606,1.1122830954224183,24.696415419853544,41.7123174349407,50.12866647490962,61.01901694369561,76.51654243041328,87.29357795315966,25.77829083075795,43.87256745838482,51.87700229130012,57.10180812593949,93.13516140870682,0.0,26.18162203654431
26.22311430601586,26.40095013383915,54.21236328698096,64.37328216568552,108.1892181163376,140.74151398754145,35.66817110334265,72.87929553427942,15.20701994869754,41.24792205191085,62.377195609288144,86.72501134984743,110.86213664710642,38.81160585399235,56.68992533900198,73.93701113015368,92.71059334101353,13.832723719866104,35.84412811272762,58.37466912430485,60.687607996950334,72.16054773063156,98.90402524352588,111.38616462248193,27.441450777202068,28.502277895085182,80.43482604823636,23.4734779358245,31.70018527532955,55.373803426468015,1.0725900054608977,24.69650994414097,41.72620074685282,50.169593637364656,61.0569472963372,76.56454572676859,87.35840147335591,25.778802980918154,43.88129050250674,51.91504381456729,57.14491392193352,93.21074797304964,0.0,26.223114306015855
26.264606575487406,26.37470643874313,54.208488190941644,64.4118022181508,108.2756374055558,140.81266251487952,35.66927826722462,72.919680639869,15.169164890160639,41.248155531041654,62.418406079715595,86.7641730445591,110.90237060031652,38.81368778630556,56.69613269100661,73.97834211527427,92.78544987998976,13.794638042895391,35.844781970480405,58.38372057564103,60.72927348858578,72.20171156561311,98.94464034506416,111.45706964009469,27.44145077720207,28.504624421513434,80.47397179127965,23.473748364504285,31.701061973911127,55.414148568678215,1.0328931759450197,24.696604383685607,41.74004850865556,50.21052348181109,61.09486165833514,76.61253877420503,87.42328792552978,25.779313728915987,43.889971342779916,51.953112236263784,57.18801508812041,93.28635587478144,0.0,26.26460657548741
26.30609884495895,26.348438298577342,54.20459364644257,64.45034657060857,108.36195482232809,140.88393250820047,35.67038303296711,72.96006814359806,15.131300815694836,41.24839016484983,62.459617645021325,86.80334002563758,110.94260603353297,38.815764732113834,56.70232008546362,74.01965917804127,92.86034528537212,13.756546681976417,35.84543463528778,58.392746422811314,60.770942281218275,72.242876830788,98.98522757017015,111.52803028400868,27.44145077720207,28.50696741541638,80.51312106684827,23.474018053451196,31.70193575157855,55.45449737153543,0.9931926188565,24.696698738377993,41.753860804140004,50.25145599015438,61.13276025450585,76.66052140100034,87.48823717901838,25.779823080593175,43.89861030802322,51.99120728877423,57.23111164177187,93.36198502958524,0.0,26.306098844958953
26.347591114430493,26.322145751311773,54.20067998886466,64.48891493228275,108.44817016178168,140.95532408980233,35.67148540814107,73.00045803789564,15.09342775755648,41.248625947612126,62.50083029881902,86.84251227551083,110.98284294418119,38.81783670841711,56.70848760718935,74.06096245689176,92.93527931690724,13.718449652445655,35.846086110439046,58.40174688971606,60.81261422034568,72.28404351652304,99.02578720157594,111.59904619310144,27.44145077720207,28.509306884288932,80.55227386744725,23.474287005673517,31.702806622560363,55.49484981780284,0.9534883461236864,24.69679300811093,41.767637717049084,50.29239114445374,61.17064330790739,76.70849343829506,87.55324910199971,25.78033104175849,43.907207723843825,52.029328707397724,57.27420360009174,93.43763535354215,0.0,26.347591114430497
26.389083383902037,26.295828834896962,54.19674754868985,64.52750701676335,108.53428322162725,141.02683737995198,35.672585400286565,73.04085031522169,15.055545747855291,41.24886287362054,62.54204403477187,86.88168977668252,111.0230813296925,38.819903732142215,56.71463534057123,74.10225208915017,93.01025173595643,13.68034696957807,35.84673639921156,58.41072219188386,60.85428915957276,72.32521161326612,99.06631951986256,111.67011700865808,27.44145077720207,28.511642835606246,80.5914301856015,23.47455522416337,31.703674600995132,55.53520589034975,0.9137803696218918,24.69688719277939,41.78137933107685,50.33332892692061,61.20851103984602,76.75645472007253,87.61832356150853,25.78083761818796,43.915763912666655,52.06747623032016,57.31729098021613,93.51330676312918,0.0,26.38908338390204
26.43057565337358,26.269487587263804,54.192796651581226,64.566122541932,108.62029380216866,141.09847249686987,35.673683016912875,73.08124496806694,15.017654818555128,41.24910093718248,62.58325884659234,86.92087251173177,111.06332118750416,38.82196582014311,56.720763369570285,74.14352821103438,93.08526230548699,13.642238648587513,35.84738550487104,58.419672536990355,60.89596696009427,72.36638111154558,99.1068248034654,111.7412423743651,27.44145077720207,28.51397527682377,80.63059001385552,23.474822711896824,31.70453970093216,55.57556557215082,0.8740687011738236,24.69698129228055,41.795085729867715,50.37426931991715,61.246363669882605,76.80440508313848,87.68346042345163,25.781342815625123,43.92427919376362,52.105649598586695,57.36037379921338,93.58899917521745,0.0,26.430575653373584
26.472067922845124,26.24312204632361,54.188827618462135,64.60476122988774,108.70620170631304,141.17022955671527,35.67477826549865,73.12164198895267,14.979755001474782,41.24934013262076,62.624474728041406,86.96006046331263,111.10356251505928,38.82402298920128,56.72687177772366,74.18479095766203,93.16031079006241,13.604124704627031,35.84803343067146,58.42859812533754,60.93764749021645,72.40755200196924,99.14730332867997,111.81242193630365,27.44145077720207,28.516304215377325,80.6697533447735,23.475089471833968,31.705401936332137,55.615928846285236,0.8343533525496891,24.697075306513774,41.80875699701559,50.41521230595475,61.28420141583942,76.85234436710097,87.7486595526239,25.78184663978125,43.93275388328273,52.143848556073905,57.40345207408438,93.66471250707013,0.0,26.472067922845127
26.513560192316667,26.216732249967897,54.18484076559329,64.64342280687482,108.79200673958012,141.24210867357178,35.67587115349211,73.16204137043079,14.941846328288737,41.2495804542738,62.665691672928375,86.99925361415407,111.143805309807,38.826075256026186,56.73296064814727,74.22604046305676,93.23539695583379,13.566005152789204,35.84868017985522,58.43749915029792,60.979330624914375,72.44872427522398,99.18775536966844,111.88365534294245,27.44145077720207,28.518629658683142,80.70892017093922,23.475355506919083,31.70626132106786,55.65629569593594,0.7946343354677008,24.69716923538052,41.82239321606318,50.45615786769255,61.322024493806765,76.90027241434954,87.81392081272402,25.782349096335583,43.94118829427747,52.182072849462486,57.44652582176264,93.7404466763404,0.0,26.51356019231667
26.55505246178821,26.1903182360683,54.1808364046493,64.68210700321175,108.87770871011199,141.31410995943276,35.67696168831114,73.20244310508329,14.903928830527953,41.24982189649571,62.70690967511018,87.03845194705904,111.18404956920226,38.828122637255525,56.73903006353834,74.26727686015475,93.31052057053004,13.5278800081065,35.84932575565312,58.446375798725974,61.02101624542169,72.48989792207456,99.22818119846544,111.95494224513043,27.44145077720207,28.52095161413794,80.74809048495598,23.47562082008068,31.70711786892487,55.69666610438888,0.7549116615942345,24.697263078784413,41.83599447050111,50.49710598793597,61.35983311814999,76.94818907003473,87.87924406637002,25.78285019093556,43.94958273673576,52.22032222820951,57.489595059114414,93.81620160106954,0.0,26.555052461788215
26.596544731259762,26.16388004247656,54.176814842793185,64.7208135532212,108.96330742868263,141.3862335241867,35.678049877343454,73.2428471855225,14.866002539580599,41.250064453656314,62.74812872849106,87.0776554449044,111.22429529070571,38.83016514945568,56.74508010617783,74.3085002808107,93.38568140344904,13.489749285551596,35.849970161284226,58.45522825133984,61.06270423885007,72.53107293336322,99.26858108498533,112.02628229608963,27.44145077720207,28.523270089118974,80.7872642794465,23.475885414231644,31.707971593602135,55.737040055032196,0.7151853425441994,24.697356836631126,41.84956084376717,50.53805664963525,61.39762750151626,76.99609418204724,87.94462917511544,25.783349929197016,43.95793751760915,52.25859644452106,57.53265980293884,93.89197719968487,0.0,26.596544731259762
26.638037000731305,26.137417707024255,54.1727763827497,64.75954219516174,109.04880270870707,141.45847947560367,35.67913572794678,73.28325360439075,14.828067486692868,41.250308120141455,62.78934882702207,87.1168640906407,111.26454247178424,38.83220280912201,56.75111085793305,74.34971085580453,93.46087922544835,13.451613000037733,35.85061339995642,58.464056683075675,61.10439449783614,72.57224930000869,99.3089552970287,112.09767515140663,27.44145077720207,28.525585090984087,80.82644154705292,23.476149292269334,31.708822508712718,55.777417531355475,0.675455389881369,24.69745050882842,41.863092419245454,50.57900983588402,61.435407854841785,77.04398760099696,88.01007599946482,25.783848316704475,43.96625294084178,52.29689525332477,57.57572006996814,93.96777339099799,0.0,26.638037000731305
26.67952927020285,26.11093126752287,54.1687213228778,64.79829267116062,109.13419436625051,141.53084791932088,35.680219247448925,73.32366235436014,14.790123702969664,41.25055289035277,62.830569964700516,87.15607786729127,111.3047911099101,38.83423563267925,56.75712240025997,74.39090871484748,93.53611380893577,13.413471166419004,35.85125547486587,58.47286126341717,61.1460869202133,72.61342701300568,99.34930410028994,112.16912046902532,27.44145077720207,28.527896627071794,80.86562228043675,23.47641245707566,31.709670627784412,55.81779851694899,0.6357218151185327,24.697544095286155,41.876589280265605,50.61996552991795,61.47317438735882,77.09186918019199,88.07558439888993,25.78434535901128,43.9745293073992,52.33521841224248,57.61877587686781,94.0435900942025,0.0,26.67952927020285
26.721021539674393,26.084420761763578,54.16464995724113,64.83706472714755,109.21948222003743,141.60333895882906,35.681300443148025,73.36407342813257,14.752171219375407,41.25079875870801,62.8717921355699,87.19529675795243,111.34504120256163,38.83626363648187,56.763114814205906,74.43209398658878,93.61138492786056,13.37532379949072,35.85189638919738,58.481642156701696,61.187781408706535,72.65460606342388,99.38962775836437,112.24061790923784,27.44145077720207,28.530204704701315,80.90480647227878,23.47667491151723,31.7105159642604,55.858182995502986,0.5959846297180152,24.697637595916156,41.89005151010193,50.660923715113256,61.51092730660299,77.1397387756174,88.14115423184543,25.7848410616399,43.98276691529735,52.37356568156307,57.6618272402366,94.11942722887254,0.0,26.721021539674393
26.762513809145936,26.057886227517155,54.1605625756779,64.87585811279016,109.30466609146063,141.67595269545913,35.68237932231262,73.40448681843954,14.714210066734756,41.251045719641176,62.91301533371885,87.23452074579271,111.38529274722303,38.83828683681439,56.76908818041171,74.47326679862185,93.68669235770382,13.337170913989715,35.852536146124436,58.49039952240562,61.22947787064854,72.69578644240754,99.42992653275621,112.31216713467657,27.44145077720207,28.53250933117264,80.943994115279,23.47693665844539,31.711358531499894,55.89857095080687,0.5562438450917379,24.69773101063234,41.90347919197261,50.70188437498537,61.548666818420415,77.18759624591408,88.2067853557848,25.785335430082085,43.99096605963119,52.41193682421512,57.7048741766069,94.19528471496034,0.0,26.762513809145936
26.80400607861748,26.031327702533904,54.15645946386892,64.91467258142998,109.38974580458978,141.7486892283686,35.683455892181826,73.44490251804189,14.676240275733338,41.25129376760234,62.95423955328137,87.27374981405264,111.42554574138391,38.84030524989181,56.775042579114334,74.5144272774908,93.76203587546946,13.299012524594664,35.85317474880924,58.49913351541001,61.271176217715045,72.73696814117446,99.4702006828862,112.38376781030523,27.44145077720207,28.5348105137666,80.98318520215659,23.47719770069639,31.7121983427788,55.93896236674851,0.5164994726016776,24.697824339350547,41.91687240903882,50.742847493187554,61.586393126975395,77.23544145235722,88.27247762717636,25.785828469799117,43.999127032603255,52.45033160574003,57.74791670244471,94.27116247279474,0.0,26.80400607861748
26.845498348089023,26.004745224543502,54.15234090340505,64.95350789002043,109.47472118618002,141.82154865452827,35.684530159965455,73.4853205197298,14.638261876918516,41.251542897057895,62.99546478843588,87.3129839460443,111.46580018254008,38.8423188918599,56.780978090149176,74.55557554869688,93.83741525967514,13.260848645926435,35.85381220040261,58.50784428624842,61.31287636567844,72.77815115101549,99.5104504661001,112.45541960340948,27.44145077720207,28.537108259744898,81.02237972564983,23.477458041091435,31.713035411290292,55.97935722731351,0.4767515235600937,24.69791758198866,41.93023124440401,50.783813053509554,61.62410643475753,77.28327425883494,88.33823090151901,25.786320186222024,44.007250123552204,52.48874979426493,57.790954834149886,94.34706042307894,0.0,26.845498348089023
26.88699061756057,25.978138831254896,54.148207171852945,64.99236379906516,109.55959206568083,141.89453106870974,35.68560213284418,73.52574081632261,14.600274900700109,41.25179310249079,63.03669103340507,87.3522231251511,111.50605606819276,38.844327778795524,56.78689479295243,74.59671173670493,93.91283029034285,13.222679292548372,35.85444850404427,58.516531981338034,61.35457823417753,72.81933546329385,99.55067613767665,112.52712218358846,27.441450777202075,28.539402576350202,81.06157767851607,23.477717682436815,31.713869750145502,56.019755516584475,0.43700000922973126,24.698010738466415,41.94355578111291,50.824781039876264,61.66180694258947,77.3310945318267,88.40404503335846,25.786810584751766,44.015335618981226,52.52719116047591,57.833988588056386,94.42297848688894,0.0,26.886990617560574
26.928482887032114,25.951508560356224,54.1440585428198,65.03124007255799,109.64435827524362,141.96763656347207,35.6866718179697,73.56616340066863,14.562279377351103,41.25204437840021,63.07791828245544,87.39146733482711,111.54631339584905,38.84633192670704,56.792792766563515,74.63783596494987,93.98828074898992,13.18450447896662,35.855083662862626,58.525196743195764,61.39628174650291,72.86052106944425,99.59087795083654,112.59887522274465,27.441450777202075,28.54169347080616,81.10077905353165,23.477976627523965,31.71470137237408,56.060157218740294,0.39724494082434886,24.69810380870558,41.956846102150806,50.86575143634636,61.69949484963455,77.37890214038164,88.46991987630282,25.787299670759467,44.02338380258611,52.56565547759133,57.877017980432285,94.4989165856712,0.0,26.928482887032118
26.969975156503658,25.92485444951461,54.13989528601706,65.07013647792384,109.7290196497307,142.0408652291497,35.68773922246483,73.60658826564506,14.524275337008396,41.252296719302,63.11914652989679,87.43071655859713,111.58657216302173,38.84833135153467,56.79867208962731,74.67894835584316,94.06376641861982,13.146324219630449,35.855717679975,58.53383871063995,61.437986829396074,72.90170796097243,99.63105615675069,112.6706783950749,27.441450777202075,28.5439809503175,81.13998384349186,23.478234879129605,31.71553029092487,56.1005623180554,0.35748632950868114,24.698196792629805,41.97010229044266,50.90672422711104,61.73717035340424,77.426696956097,88.53585528303881,25.787787449586645,44.031394955283595,52.60414252133512,57.92004302748005,94.57487464124114,0.0,26.96997515650366
27.0114674259752,25.898176536376187,54.135717667322936,65.10905278596067,109.81357602672266,142.11421715383963,35.68880435342366,73.64701540415776,14.486262809673523,41.252550119728596,63.16037577008186,87.46997078005589,111.62683236722923,38.850326069150796,56.80453284039655,74.72004903077922,94.13928708371306,13.108138528932557,35.85635055848773,58.54245801897934,61.47969341286192,72.94289612945428,99.67121100454963,112.74253137706026,27.441450777202075,28.546265022070063,81.17919204121085,23.478492440015813,31.71635651866648,56.14097079889913,0.3177241863989437,24.698289690164614,41.98332442885221,50.94769939649273,61.774833649766165,77.47447885309619,88.60185110534762,25.788273926545372,44.039369355239025,52.64265206991046,57.96306374533667,94.6508525757812,0.0,27.011467425975205
27.052959695446745,25.87147485856582,54.13152594884349,65.14798877078245,109.8980272465264,142.18769242339002,35.689867217911726,73.68744480914124,14.448241825213355,41.252804574229074,63.201605997406084,87.50922998286792,111.66709400599572,38.85231609536025,56.810375096734056,74.76113811014196,94.214842530218,13.069947421209369,35.85698230149597,58.55105480018979,61.52140142999314,72.98408556653538,99.71134274133213,112.81443384745604,27.441450777202075,28.548545693230857,81.21840363952161,23.47874931293012,31.717180068387893,56.18138264573496,0.2779585225630366,24.698382501237443,41.99651260018119,50.98867692894375,61.8124849329517,77.52224770800694,88.66790719412059,25.788759106918505,44.047307277894305,52.68118390397339,58.00608015007389,94.72685031183879,0.0,27.05295969544675
27.09445196491829,25.84474945368712,54.12732038897333,65.18694420976362,109.98237315218293,142.26129112138736,35.69092782296612,73.7278764735584,14.410212413360814,41.25306007736924,63.2428372063069,87.54849415076724,111.70735707685103,38.85430144590078,56.81619893611507,74.80221571331131,94.29043254554169,13.031750910741373,35.85761291208395,58.55962918307981,61.56311081680564,73.02527626393007,99.75145161217522,112.88638548728191,27.441450777202075,28.550822970948122,81.25761863127588,23.47900550060562,31.718000952799066,56.22179784311983,0.23818934902080113,24.69847522577755,42.00966688716845,51.029656809045065,61.85012439556391,77.57000339993955,88.73402339937547,25.789242995959906,44.055208995995564,52.71973780660667,58.04909225769826,94.80286777232466,0.0,27.094451964918292
27.135944234389832,25.818000359322248,54.12310124245447,65.22591888348362,110.06661358947471,142.33501332914548,35.691986175595616,73.76831039040044,14.372174603715585,41.25331662373173,63.28406939126358,87.58776326755688,111.74762157733059,38.85628213644332,56.82200443562953,74.84328195866962,94.36605691854102,12.993549011753384,35.858242393324915,58.568181293445775,61.604821512084655,73.06646821342109,99.79153786014285,112.95838597981152,27.441450777202075,28.5530968623514,81.29683700934413,23.479261005761035,31.71881918453154,56.26221637570349,0.19841667674441907,24.69856786371608,42.022787372489056,51.070639021505094,61.88775222858556,77.61774581046468,88.8001995702721,25.789725598894613,44.063074779620536,52.75831356329377,58.09210008415151,94.87890488051082,0.0,27.135944234389836
27.177436503861376,25.791227613031815,54.11886876043466,65.26491257567368,110.1507484069329,142.40885912569365,35.69304228278086,73.80874655268674,14.33412842574484,41.253574207916,63.3253025467967,87.62703731710839,111.78788750497543,38.85825818259226,56.827791671984166,74.88433696360823,94.44171543951343,12.955341738414894,35.85887074828117,58.57671125421774,61.64653345724,73.10766140685874,99.83160172629593,113.03043501056197,27.441450777202075,28.555367374551558,81.33605876661554,23.479515831100844,31.719634776139014,56.302638228227735,0.15864051665843543,24.69866041498592,42.03587413875353,51.111623551158345,61.9253686213869,77.6654748235917,88.86643555512832,25.79020692091905,44.07090489620587,52.79691096189305,58.13510364531052,94.95496156002895,0.0,27.17743650386138
27.218928773332923,25.764431252354722,54.11462319052437,65.30392507316338,110.23477745584479,142.48282858776568,35.69409615147443,73.84918495346471,14.296073908783878,41.2538328245384,63.36653666746795,87.66631628336194,111.82815485733234,38.860229599885926,56.833560721504945,74.92538084453399,94.51740790018792,12.917129104840324,35.859497980004285,58.58521918559585,61.68824659617076,73.14885583616028,99.87164344970203,113.10253226728307,27.44145077720207,28.55763451464087,81.37528389599774,23.479769979315353,31.720447740097928,56.34306338552585,0.11886087964027861,24.698752879521823,42.048927268506844,51.15261038296432,61.96297376173393,77.71319032574621,88.93273120143587,25.79068696720125,44.07869961057435,52.835529792612,58.17810295698769,95.0310377348683,0.0,27.218928773332923
27.260421042804467,25.73761131480814,54.110364776853125,65.3429561658291,110.31870059026015,142.5569217897886,35.69514778860107,73.88962558580963,14.258011082036909,41.25409246823235,63.40777174787943,87.70560015032542,111.86842363195346,38.862196403796766,56.8393116601391,74.96641371687555,94.59313409371597,12.878911125089356,35.86012409153479,58.593705205178956,61.72996087513785,73.19005149330934,99.91166326744533,113.17467743994709,27.44145077720207,28.559898289693077,81.41451239041709,23.480023453080797,31.72125808880805,56.38349183252184,0.07907777652041136,24.698845257260317,42.06194684422773,51.19359950200621,62.00056783579633,77.76089220574836,88.99908635587612,25.79116574288101,44.086459184961804,52.874169847981825,58.22109803493101,95.10713332937414,0.0,27.260421042804467
27.30191331227601,25.71076783788725,54.106093760124345,65.38200564654294,110.40251766699889,142.63113880387186,35.696197201057714,73.9300684428245,14.219939974577656,41.25435313364813,63.44900778267358,87.74488890207454,111.90869382639676,38.864158609731795,56.84504456345742,75.0074356950901,94.66889381466268,12.84068781316722,35.860749085902704,58.60216942808532,61.771676242644375,73.2312483703552,99.95166141463663,113.24687022073748,27.44145077720207,28.562158706763412,81.45374424281829,23.480276255059415,31.72206583459304,56.42392355422977,0.039291218082594545,24.69893754813965,42.074932948327636,51.234590893489724,62.03815102815561,77.80858035479048,89.06550086433593,25.791643253070138,44.09418387904388,52.912830922831965,58.26408889482427,95.1832482682457,0.0,27.30191331227601
27.343405581747554,25.684399644001022,54.10230916260542,65.42157209605841,110.4867273305927,142.705978484733,35.69774318064955,73.97101230257589,14.182359400285941,41.25511360038906,63.490743551468555,87.78468130768793,111.94946422316137,38.86661501796868,56.85125829159221,75.04894567760557,94.74518564393354,12.80295796796081,35.86187175106297,58.611110752001835,61.81389143425917,73.2729452443482,99.99213690935915,113.31960908897388,27.441949562137907,28.564914557824522,81.4934782311004,23.481027172835404,31.723369774636854,56.46485732068901,0.0,24.69952853703573,42.088384448085826,51.276083327677746,62.07622230674923,77.85675345135091,89.13247335685925,25.792618287788407,44.10237273489841,52.952011599200915,58.307574337223116,95.25988126147043,0.0004987849358338356,27.343904366683386
27.384897851219097,25.697302637636597,54.1378070853455,65.50045118012618,110.61012531045633,142.82023676685128,35.738581601254594,74.05125302525802,14.1840652550128,41.29516973017577,63.571774916022235,87.86377321841168,112.02953068685258,38.90836151082057,56.89674878640394,75.12973964399154,94.86080524592987,12.804517470403455,35.90228795706018,58.659325154455644,61.89540226967536,73.35393797450327,100.0718858498437,113.4316896082653,27.48174299904572,28.606961716930982,81.57251021528111,23.521072076079452,31.763965788148806,56.54508898412799,0.0,24.739414090926427,42.141097292812944,51.3568726570536,62.15357772004318,77.94420725833612,89.23879954482732,25.832886719128332,44.14982187419652,53.03050754347551,58.3903502447197,95.3758281014865,0.04029222184364953,27.425190073062744
27.42639012069064,25.710185627494738,54.1732965303631,65.579351471581,110.73342024302922,142.93462248659358,35.77942124095948,74.13149937532853,14.185766338716883,41.33523028898212,63.65281064236753,87.9428733897944,112.10960198631685,38.95010687477212,56.94222489361905,75.21052647710152,94.97646119067554,12.806075105610914,35.94270647816432,58.70752151505015,61.97691747474651,73.43493532433534,100.1516172366145,113.54382024863479,27.52153985919765,28.649008962355044,81.65154895963246,23.561119738684532,31.804562658499766,56.62532730109928,0.0,24.779302981027335,42.19378033598579,51.43766763845562,62.230926219175984,78.03165044519457,89.34518804310991,25.8731573233909,44.197240320364195,53.10902732850205,58.473125404078516,95.49179748531671,0.08008908199557614,27.506479202686215
27.46788239016218,25.72304864038208,54.20877771458999,65.65827276418712,110.85661198567408,143.04913569609664,35.82026209595188,74.21175133540054,14.187462669357359,41.37529526092742,63.7338507147045,88.02198179557912,112.18967810853465,38.991851114372025,56.987686676724394,75.29130627697161,95.09215326770055,12.807630876773901,35.98312730676298,58.7556999294525,62.05843699528514,73.5159372755508,100.23133128639206,113.65600070040016,27.56134013199408,28.69105629047893,81.73059444657297,23.60117015265824,31.84516038711501,56.70557224637117,0.0,24.819195196684028,42.24643364913878,51.51846824696824,62.308267971859294,78.11908290178646,89.45163868397361,25.913430094978168,44.24462831250088,53.187570747453634,58.55589982012892,95.60778932845906,0.11988935479200614,27.58777174495419
27.509374659633725,25.73589170312789,54.244250851838345,65.73721485450861,110.97970039859933,143.1637764451748,35.86110416243765,74.29200888815944,14.189154264811593,41.41536463019346,63.814895117316766,88.1010984096201,112.26975904053708,39.03359423415039,57.03313419888624,75.37207914274394,95.2078812679489,12.809184787075356,36.023550435278445,58.80386049139973,62.139960778891364,73.59694380996407,100.31102821402094,113.76823065607991,27.601143806880643,28.733103697711908,81.80964665858465,23.641223310039884,31.885758975391745,56.785823794844035,0.0,24.85909072728896,42.299057303780025,51.59927445783779,62.385603144303175,78.20650452027864,89.55815129901393,25.953705028310335,44.29198608732209,53.26613759572293,58.638673497682284,95.72380354680203,0.15969302967857116,27.669067689312296
27.55086692910528,25.748714842584025,54.279716152850426,65.81617754186377,111.10268534486507,143.27854478131007,35.90194743664097,74.37227201636296,14.190841142875879,41.45543838102452,63.89594383457129,88.18022320588247,112.34984476940613,39.07533623861909,57.07856752295252,75.45284517267314,95.32364498376994,12.810736839690813,36.06397585616788,58.85200329278334,62.22148877486953,73.67795490949668,100.3907082324802,113.88050981038093,27.64095087334828,28.77515118049039,81.888705578213,23.681279202900615,31.92635842469972,56.86608192154978,0.0,24.89898956228158,42.351651371390496,51.68008624647157,62.462931901224664,78.29391519512254,89.66472571917134,25.99398211782604,44.33931387918518,53.34472767089795,58.72144644153229,95.83984005662259,0.19950009614620973,27.75036702525148
27.59235919857682,25.76151808562435,54.31517382534665,65.89516062827992,111.22556669038767,143.39344074964308,35.94279191480396,74.45254070284035,14.192523321265563,41.495516497727145,63.976996850917494,88.25935615844135,112.4299352822739,39.1170771322715,57.123986711454315,75.53360446413235,95.43944420890884,12.812287037788149,36.10440356192257,58.90012842372846,62.30302093414926,73.75897055617672,100.47037155289412,113.99283786018734,27.680761320932703,28.81719873527746,81.96777118806634,23.721337823343006,31.966958736381237,56.94634660165069,0.0,24.938891691147738,42.40421592342272,51.76090358843602,62.54025440585544,78.38131482303139,89.77136177474598,26.034261357981986,44.38661192011426,53.42334077273739,58.804218656454466,95.95589877458427,0.2393105437306321,27.83166974230745
27.633851468048363,25.7743014591443,54.3506240740732,65.97416391844929,111.34834430394491,143.50846439296376,35.983637593186685,74.53281493049221,14.19420081761554,41.535598964669724,64.05805415088673,88.33849724148152,112.51003056632265,39.158816919582726,57.16939182660774,75.6143571136195,95.55527873849773,12.813835384527655,36.1448335450682,58.94823597266882,62.38455720921071,73.83999073213764,100.55001838454262,114.10521450454769,27.720575139214226,28.85924635856275,82.04684347081562,23.76139916350095,32.00755991175149,57.026617810438594,0.0,24.97879710341953,42.45675103129961,51.84172645945564,62.617570819950316,78.46870330295789,89.87805929541311,26.074542743252987,44.433880439825224,53.50197670314661,58.8869901472064,96.07197961773491,0.2791243620121543,27.912975830060514
27.675343737519906,25.787064990060692,54.38606710084877,66.05318721968555,111.47101805718091,143.6236157517026,36.02448446806707,74.61309468229014,14.19587364948075,41.575685766282525,64.13911571909195,88.4176464292965,112.59013060878445,39.20055560500971,57.21478293031592,75.69510321676341,95.67114836904683,12.815381883062214,36.18526579816433,58.99632602641807,62.46609755401482,73.92101541961767,100.62964893487248,114.21763944466375,27.76039231781761,28.901294046862358,82.12592240919433,23.80146321553959,32.048161952099,57.10689552333415,0.0,25.01870578867507,42.50925676641353,51.92255483541162,62.6948813037955,78.556080536072,89.9848181102383,26.114826268131964,44.48111966575055,53.58063526615394,58.96976091852766,96.18808250350514,0.31894154061553964,27.994285278135443
27.71683600699145,25.799808705311133,54.421503104610395,66.13223034188138,111.59358782461018,143.73889486392184,36.06533253574065,74.69337994127623,14.197541834336423,41.61577688705723,64.22018154022656,88.49680369628842,112.67023539694094,39.242293192991205,57.260160084170494,75.77584286832993,95.78705289843516,12.816926536537142,36.225700313804396,59.04439867023619,62.54764192393626,74.00204460095898,100.70926340950744,114.33011238387743,27.80021284641168,28.943341796718485,82.20500798599787,23.84152997165502,32.088764858685664,57.187179715885804,0.0,25.058617736538153,42.56173320012502,52.003388692340366,62.772186016216594,78.64344642573809,90.09163804769243,26.15511192712974,44.52832982306382,53.659316267886624,59.052530975139646,96.30420734970592,0.35876206920960696,28.075598076201054
27.758328276462994,25.812532631853898,54.456932281458585,66.21129309746637,111.71605348362263,143.85430176530758,36.10618179252066,74.7736706905629,14.199205389578708,41.65587231154703,64.30125159906454,88.57596901696714,112.75034491812302,39.28402968794791,57.30552334945368,75.85657616222828,95.90299212590179,12.818469348090417,36.266137084615345,59.09245398789341,62.62919027570103,74.08307825860692,100.78886201226015,114.44263302765978,27.840036714709242,28.985389604699446,82.28410018408358,23.88159942407431,32.12936863274729,57.26747036376912,0.0,25.09853293667813,42.61418040376181,52.0842280064325,62.84948511458724,78.73080087749315,90.1985189356669,26.195399714775156,44.57551113470426,53.73801951654768,59.135300321745746,96.42035407452688,0.3985859375071701,28.15691421397016
27.799820545934537,25.825236796667156,54.49235482470119,66.29037530136604,111.83841491448666,143.96983648916083,36.147032234737594,74.85396691333213,14.200864332524727,41.695972024366014,64.38232588045913,88.65514236594966,112.83045915971064,39.32576509428236,57.350872787139714,75.93730319151676,96.01896585203677,12.820010320852408,36.30657610325744,59.140492061729965,62.710742567326406,74.16411637510888,100.86844494514209,114.55520108359735,27.87986391246657,29.027437467399185,82.36319898637005,23.92167156505502,32.169973275493525,57.34776744278569,0.0,25.13845137880943,42.66659844861749,52.165072754031094,62.92677875483705,78.81814379902394,90.30546060148819,26.23568962561473,44.62266382140047,53.81674482239213,59.218068963030944,96.53652259653427,0.438413135264495,28.23823368119903
27.84131281540608,25.837921226749007,54.52777092489743,66.36947677096154,111.96067200035395,144.0854990663907,36.18788385873945,74.93426859283565,14.202518680413359,41.73607601018931,64.46340436934298,88.73432371795975,112.91057810913247,39.367499416379275,57.39620845789687,76.01802404840936,96.1349738787723,12.821549457946253,36.34701736242429,59.18851297271309,62.79229875806532,74.245158933114,100.94801240837532,114.66781626138074,27.919694429483478,29.069485381437403,82.4423043758372,23.961746386885434,32.210578788108506,57.42807092886257,0.0,25.17837305269146,42.71898740595066,52.24592291163086,63.00406709146025,78.90547510014507,90.41246287193347,26.275981654212895,44.66978810169486,53.895491997704404,59.300836903662194,96.65271283466893,0.47824365228140536,28.319556467687484
27.882805084877628,25.850585949116894,54.563180769900264,66.44859732605005,112.08282462726257,144.20128952550618,36.2287366608914,75.01457571239413,14.204168450405419,41.77618425375277,64.54448705072701,88.81351304782724,112.99070175386572,39.40923265860543,57.4415304220891,76.0987388242817,96.25101600937401,12.823086762487687,36.38746085484243,59.2365168004908,62.87385880835251,74.32620591537209,101.02756460040348,114.78047827279232,27.959528255602923,29.111533343459215,82.52141633552581,24.001823881884167,32.2511851717509,57.508380798051334,0.0,25.218297948128413,42.771347346983724,52.32677845587664,63.081350277523896,78.99279469277651,90.51952557324493,26.316275795151768,44.71688419196706,53.97426085677512,59.38360414828815,96.76892470824454,0.5180774784008529,28.40088256327848
27.92429735434917,25.86323099080721,54.59858454489846,66.52773678880592,112.20487268414048,144.3172078926089,36.26959063757566,75.09488825539692,14.205813659583992,41.816296739852454,64.62557390970011,88.89271033048756,113.07083008143589,39.45096482530971,57.48683873977759,76.17944760967683,96.3670920484318,12.824622237585007,36.427906573271116,59.284503623442816,62.95542267975424,74.40725730473284,101.10710171790267,114.89318683169299,27.99936538071067,29.15358135013488,82.60053484853718,24.041904042399956,32.29179242755413,57.58869702652709,0.0,25.258226054968695,42.82367834290165,52.40763936356205,63.15862846467619,79.08010249092138,90.62664853114455,26.356572043031008,44.76395230645745,54.05305121587852,59.4663707015391,96.8851581369455,0.5579146035086006,28.482211957857768
27.965789623820715,25.87585637887494,54.63398243245765,66.60689498374235,112.32681606280892,144.4332541913861,36.310445785191504,75.17520620530179,14.207454324955037,41.856413453344935,64.70666493142868,88.97191554098096,113.15096307941636,39.49269592082325,57.53213347072274,76.26015049431165,96.48320180185124,12.826155886339299,36.46835451050218,59.332473518729415,63.03699033492027,74.48831308414522,101.186623955793,115.00594165401056,28.039205794735253,29.195629398159802,82.67965989803298,24.081986860811707,32.3324005566268,57.669019590587965,0.0,25.29815736310503,42.87598046485106,52.48850561162847,63.235901803155016,79.1673984106439,90.73383157084929,26.396870392467953,44.81099265729061,54.13186289324983,59.54913656802705,97.00141304082523,0.5977550175331848,28.563544641353896
28.00728189329226,25.888462140393397,54.669374612561214,66.68607173767403,112.448654657985,144.5494284431044,36.35130210015507,75.25552954563453,14.209090463447607,41.896534379146644,64.78776010115584,89.0511286544524,113.23110073542848,39.5344259494595,57.57741467438567,76.34084756708293,96.59934507684494,12.827687711844312,36.508804659359974,59.38042656233701,63.1185617375385,74.56937323665657,101.26613150724982,115.1187424577266,28.07904948764763,29.237677484254238,82.75879146723484,24.122072329528184,32.37300956005288,57.74934846665408,0.0,25.338091862474105,42.92825378393904,52.569377177163695,63.31317044179634,79.2546823700471,90.84107451708529,26.437170838097405,44.85800545449834,54.210695709063266,59.63190175234568,97.11768934030404,0.6375987104455614,28.644880603737818
28.048774162763802,25.901048302453738,54.70476126264969,66.76526687968031,112.57038836728499,144.66573066660231,36.39215957889928,75.33585825998857,14.210722091914354,41.936659502233915,64.86885940420107,89.13034964615055,113.31124303714088,39.57615491551425,57.62268240993001,76.42153891607319,96.71552168192358,12.829217717186571,36.549257012700934,59.42836282912193,63.20013685229193,74.65043774541195,101.34562456371492,115.23158896286427,28.118896449460987,29.279725605163165,82.83792953942417,24.162160440987943,32.41361943889196,57.82968363126685,0.0,25.378029543056197,42.9804983712321,52.65025403740071,63.39043452804254,79.34195428925096,90.94837719410272,26.477473374571648,44.904990906042535,54.28954948540979,59.7146662590703,97.23398695616737,0.6774456722589168,28.726219835022714
28.090266432235346,25.913614892164563,54.74014255765997,66.84448024106895,112.69201709122602,144.78216087828488,36.43301821787369,75.4161923320246,14.21234922713178,41.97678880764262,64.94996282595959,89.2095784914275,113.39138997226969,39.617882823265695,57.667936736223474,76.5022246285569,96.83173142688742,12.83074590544532,36.58971156341352,59.47628239285185,63.281715644817474,74.7315065936532,101.42510331490787,115.34448089147554,28.15874667023043,29.32177375765601,82.91707409794175,24.20225118765909,32.45423019417945,57.910025061088085,0.0,25.417970394875045,43.03271429775496,52.73113616971644,63.46769420795086,79.42921409037014,91.05573942569004,26.517777996560277,44.95194921783775,54.36842404627528,59.79743009275783,97.35030580956395,0.7172958930283592,28.807562325263703
28.13175870170689,25.926161936651585,54.775518670063825,66.92371165534072,112.81354073322916,144.8987190921173,36.473878013544386,75.49653174547022,14.213971885800717,42.01692228046798,65.03107035190179,89.288815165738,113.47154152857769,39.65960967697448,57.713177711839535,76.5829047910062,96.94797412281741,12.832272279692594,36.63016830441806,59.52418532624517,63.3632980816674,74.81257976471844,101.50456794883752,115.4574179676284,28.19860014005282,29.363821938526566,82.99622512618753,24.242344562039182,32.49484182692691,57.99037273289926,0.0,25.457914407997535,43.08490163448955,52.81202355163064,63.54494962620202,79.51646169749206,91.16316103518865,26.558084698750207,44.9988805937738,54.44731921751881,59.88019325794671,97.4666458220037,0.7571493628507521,28.888908064557636
28.173250971178437,25.938689463057408,54.810889769905664,67.00296095815449,112.9349591996208,145.01540531961925,36.51473896239396,75.57687648411978,14.215590084546752,42.05705990586441,65.11218196757278,89.36805964463937,113.55169769387489,39.7013354808839,57.7584053950592,76.66357948909736,97.064249582067,12.833796842993303,36.67062722866654,59.57207170100863,63.44488413027219,74.89365724204129,101.58401865181354,115.57039991739478,28.23845684906661,29.405870144592825,83.07538260762037,24.282440556655125,32.535454338122314,58.07072662360081,0.0,25.497861572533584,43.13706045237403,52.89291616080469,63.62220092610844,79.60369703665522,91.2706418455072,26.598393475845675,45.04578523573796,54.5262348268515,59.96295575915703,97.58300691535618,0.7970060718645341,28.97025704304297
28.21474324064998,25.951197498540864,54.846256024839505,67.0822279872931,113.0562723996349,145.1322195698597,36.55560106092128,75.65722653183367,14.21720383992048,42.09720166904526,65.19329765859187,89.44731190379038,113.63185845601751,39.74306023921974,57.803619843872426,76.7442488077162,97.18055761825303,12.835319598405148,36.71108832914226,59.61994158787275,63.52647375890551,74.97473900915,101.66345560845755,115.6834264688372,28.278316787451445,29.4479183726967,83.15454652575772,24.322539164062903,32.576067728730216,58.15108671021119,0.0,25.537811878635658,43.18919082230146,52.97381397504035,63.69944824962289,79.69092003582718,91.37818167913562,26.638704322568014,45.09266334363689,54.60517070381497,60.04571760089039,97.69938901184842,0.8368660102493716,29.051609250899354
28.256235510121524,25.963686070276868,54.881617600165306,67.16151258262953,113.17748024541407,145.24916184945153,36.596464305641454,75.73758187253829,14.218813168397961,42.13734755528259,65.27441741065202,89.52657191895106,113.71202380290798,39.784783956190495,57.84882111597994,76.82491283096455,97.29689804624758,12.836840548978714,36.75155159885987,59.667795056625714,63.60806693665074,75.05582504966685,101.74287900171481,115.79649735199625,28.318179945428074,29.48996661970394,83.23371686417528,24.362640376847523,32.61668199969202,58.2314529698662,0.0,25.57776531649878,43.24129281511892,53.054716972278655,63.776691737346916,79.7781306248828,91.48578035815964,26.679017233655706,45.13951511541854,54.68412667976046,60.1284787876299,97.8157920340634,0.8767291682260006,29.132964678347523
28.297727779593068,25.97615520545597,54.91697465886518,67.24081458609406,113.29858265201135,145.36623216254688,36.63732869308569,75.81794249022558,14.220418086381091,42.17749754990693,65.35554120951927,89.60583966598226,113.79219372249518,39.82650663598739,57.89400926879471,76.90557164216563,97.41327068216938,12.838359697757456,36.7920170308651,59.71563217614582,63.68966363336927,75.13691534730734,101.8222890128657,115.90961229887839,28.358046313258065,29.5320148825039,83.31289360650686,24.402744187622822,32.657297151926244,58.31182537981819,0.0,25.61772187636017,43.29336650162635,53.13562513059878,63.853931528539306,79.86532873558261,91.59343770427465,26.719332203864266,45.18634074709367,54.76310258782811,60.211239323840225,97.93221590493786,0.9165955360559928,29.21432331564906
28.33922004906461,25.988604931284023,54.9523273616382,67.32013384164175,113.41957953739106,145.4834305108326,36.67819421980129,75.89830836895271,14.222018610198006,42.21765163830717,65.43666904103233,89.68511512084491,113.87236820277342,39.86822828278454,57.93918435944375,76.98622532387054,97.52967534337537,12.839877047777845,36.83248461823459,59.763453014432194,63.77126381967038,75.21800988587965,101.90168582153728,116.02277104344245,28.397915881243662,29.57406315800947,83.39207673644403,24.442850589031398,32.697913186328826,58.39220391743537,0.0,25.657681548499035,43.34541195257558,53.216538428216886,63.931167761124684,79.95251430155123,91.70115353879977,26.759649227966253,45.23314043275733,54.84209826292627,60.29399921396762,98.04866054776083,0.95646510404159,29.295685153106202
28.380712318536155,26.00103527498176,54.98767586693512,67.39947019522073,113.54047082242936,145.60075689352553,36.71906088235134,75.9786794928417,14.223614756103343,42.257809805930194,65.51780089110197,89.76439825959939,113.95254723178267,39.909948900738755,57.984346444769365,77.06687395786366,97.64611184845204,12.841392602069169,36.8729543540756,59.811257638633904,63.85286746688209,75.2991086492838,101.98106960571481,116.13597332158746,28.43778863972741,29.616111443156743,83.47126623773576,24.482959573744303,32.738530103773165,58.4725885602009,0.0,25.6976443232363,43.39742923866911,53.297456843484944,64.00840057170176,80.03968725825574,91.80892768269173,26.79996830075107,45.27991436460986,54.92111354171115,60.37675846243969,98.16512588617145,0.9963378625253346,29.377050181061488
28.4222045880077,26.0134462637845,55.02302033099245,67.47882349474071,113.66125643091533,145.71821130736916,36.759928677314846,76.05905584607912,14.22520654027875,42.297972038280754,65.59893674571065,89.84368905840557,114.03273079760841,39.951668493989885,58.02949558133109,77.14751762516867,97.76258001720754,12.842906363653782,36.913426231525996,59.859046115078186,63.93447454702416,75.38021162151097,102.06044054175311,116.24921887113965,28.47766457909209,29.65815973490501,83.55046209418842,24.523071134461066,32.77914790511057,58.55297928571233,0.0,25.737610190934426,43.44941843055915,53.37838035488969,64.0856300955521,80.1268475429843,91.91675995655889,26.840289417025037,45.32666273297792,55.00014826256663,60.45951707366571,98.28161184415752,1.0362138018900167,29.458418389897716
28.463696857479242,26.025837924941694,55.058360907865655,67.55819359004242,113.78193628955073,145.83579374662952,36.80079760128647,76.1394374129157,14.226793978833179,42.338138320921296,65.68007659091191,89.92298749352155,114.11291888838095,39.993387066660766,58.07463182540705,77.22815640605454,97.8790796706628,12.84441833554701,36.95390024375399,59.906818509296855,64.0160850327816,75.46131878664276,102.13979880438835,116.3625074318398,28.51754368976043,29.70020803023648,83.62966428966516,24.56318526390947,32.81976659117036,58.6333760716807,0.0,25.777579141997187,43.5013795988466,53.459308941051496,64.16285646664852,80.21399509482472,92.02465018067457,26.880612571611255,45.37338572633533,55.07920226558435,60.54227505203631,98.39811834605341,1.076092912558357,29.539789770037597
28.50518912695079,26.038210285716705,55.09369774946217,67.63758033286739,113.90251032795052,145.9535042030916,36.84166765087647,76.21982417766613,14.228377087803231,42.3783086394716,65.76122041282991,90.00229354130374,114.19311149227572,40.035104622857226,58.119755232995594,77.30879038004105,97.99561063104368,12.84592852075718,36.99437638395791,59.95457488605187,64.09769889747996,75.54243012885078,102.2191445667495,116.47583874533042,28.557425962194873,29.74225632615617,83.70887280808593,24.603301954845392,32.860386162760115,58.71377889592989,0.0,25.817551166869304,43.553312814079874,53.54024258072321,64.24007981766344,80.30112985464345,92.13259817499112,26.920937759349567,45.420083531323435,55.1582753925439,60.62503240192373,98.51464531653849,1.1159751849927968,29.621164311943588
28.546681396422333,26.050563373386307,55.1290310055736,67.71698357682835,114.02297847864243,146.0713426660565,36.88253882271062,76.3002161247086,14.229955883153613,42.4184829796087,65.84236819765897,90.08160717820603,114.2733085975126,40.07682116666825,58.164865859816786,77.38941962590488,98.11217272177241,12.847436922285707,37.03485464536623,60.00231530935947,64.17931611506148,75.62354563239553,102.29847800036985,116.58921255514316,28.597311386897406,29.78430461969172,83.78808763342698,24.6434212000527,32.901006620665974,58.794187736395884,0.0,25.85752625603634,43.60521814675396,53.62118125278918,64.31730027997764,80.38825176506396,92.24060375915316,26.96126497509644,45.46675633277141,55.23736748689324,60.707789127681615,98.6311926806352,1.1558606096953314,29.702542006117667
28.588173665893876,26.062897215240433,55.16436082390738,67.79640317738001,114.14334067706663,146.18930912233867,36.92341111343011,76.38061323848453,14.231530380777413,42.458661327066636,65.92351993166308,90.16092838077951,114.3535101923561,40.11853670216602,58.209963761314,77.47004422168516,98.22876576745954,12.848943543127067,37.07533502123707,60.05003984251352,64.26093666006247,75.70466528162626,102.3777992751988,116.70262860668606,28.637199954409336,29.826352907893234,83.86730874972086,24.68354299234311,32.94162796565277,58.874602571126005,0.0,25.897504400024594,43.657095667309385,53.70212493626414,64.39451798368854,80.47536077044607,92.34866675251125,27.001594213725042,45.513404313716556,55.31647839372958,60.79054523364519,98.74776036370741,1.1957491772072606,29.78392284310114
28.62966593536542,26.07521183858167,55.19968735011784,67.8758389917906,114.26359686157492,146.3074035562625,36.96428451969137,76.46101550349813,14.233100596496442,42.4988436676361,66.00467560117526,90.24025712567163,114.4337162651147,40.16025123340588,58.25504899265539,77.55066424468912,98.34538959389558,12.850448386268775,37.1158175048583,60.09774854810734,64.34256050759157,75.7857890609797,102.45710855961295,116.81608664723052,28.677091655311003,29.868401187833083,83.94653614105589,24.723667324555972,32.98225019846427,58.955023378278185,0.0,25.937485589400517,43.70894544613104,53.78307361029206,64.4717330576187,80.56245681686458,92.45678697413491,27.041925470124966,45.56002765542397,55.39560795977985,60.87330072413111,98.86434829145838,1.2356408781089265,29.865306813474348
28.671158204836964,26.08750727072508,55.23501072783719,67.95529087911373,114.38374697343,146.42562594966125,37.0051590381661,76.54142290431632,14.234666546061726,42.53902998716442,66.08583519259749,90.31959338962609,114.5139268041409,40.20196476442652,58.30012160873547,77.63127977149817,98.46204402804322,12.851951454691541,37.15630208954715,60.14544148805528,64.42418763330905,75.86691695497993,102.53640602042812,116.92958642589895,28.716986480221692,29.910449456605825,84.02576979157608,24.76379418955824,33.02287331982346,59.03545013612033,0.0,25.97746981477079,43.76076755354732,53.86402725414522,64.54894562932441,80.64953985208878,92.56496424282626,27.082258739202366,45.60662653740627,55.47475603338217,60.95605560343757,98.98095638992945,1.2755357030196142,29.94669390785658
28.712650474308507,26.099783538997787,55.27033109870523,68.03475870016086,114.50379095680401,146.54397628187388,37.04603466554113,76.62183542556822,14.236228245153773,42.57922027155535,66.16699869239982,90.39893714948218,114.59414179783106,40.24367729925008,58.34518166417665,77.71189087797325,98.57872889802877,12.85345275136923,37.19678876865044,60.193118723612706,64.50581801340749,75.94804894823757,102.61569182291066,117.04312769365202,28.756884419799388,29.952497711328018,84.10500968548082,24.80392358024432,33.06349733043273,59.11588282302962,0.0,26.01745706678218,43.81256205982906,53.94498584722319,64.62615582510416,80.73660982556137,92.6731983771329,27.122594015879848,45.6532011374433,55.55392246446698,61.038809875844365,99.09758458549804,1.3154336425973105,30.02808411690582
28.75414274378005,26.112040670738526,55.3056486023992,68.11424231747397,114.62372875877728,146.6624545297444,37.08691139851822,76.70225305194485,14.237785709382889,42.61941450676865,66.24816608712004,90.4782883821742,114.674361234625,40.28538884188198,58.39022921333054,77.7924976392606,98.69544403313465,12.854952279268817,37.237277535543804,60.24078031539517,64.5874516245922,76.02918502544901,102.694966130789,117.15671020327585,28.796785464740474,29.994545949137972,84.18425580702458,24.84405548953581,33.10412223097403,59.19632141749163,0.0,26.057447336120806,43.8643290351884,54.02594936905157,64.70336377000689,80.8236666883779,92.78148919536105,27.162931295096303,45.699751631601025,55.63310710453832,61.121563545612624,99.21423280487583,1.3553346875383956,30.10947743131845
28.795635013251594,26.124278693297438,55.340963376662735,68.19374159529939,114.74356032933659,146.7810606676193,37.127789233814084,76.78267576819886,14.23933895428961,42.659612678820004,66.32933736336327,90.55764706473106,114.75458510300574,40.32709939631124,58.43526431027966,77.87310012979744,98.8121892637907,12.856450041350515,37.27776838363202,60.288426323397374,64.66908844406386,76.11032517139571,102.7742291062652,117.27033370936948,28.836689605779636,30.036594167195723,84.26350814051669,24.88418991038149,33.14474802210918,59.27676589809983,0.0,26.097440613512564,43.91606854977791,54.10691779928125,64.7805695878407,80.9107103932661,92.88983651558841,27.203270571806957,45.74627819425086,55.71230980665587,61.20431661698518,99.33090097510724,1.3952388285775594,30.190873841829156
28.83712728272314,26.136497634035546,55.376275557334424,68.27325639956102,114.86328562137311,146.89979466734732,37.168668168160266,76.86310355914412,14.240887995344993,42.69981477378078,66.41051250780153,90.63701317427572,114.83481339149945,40.368808966510365,58.4802870088388,77.95369842331739,98.92896442156692,12.85794604056771,37.3182613063486,60.33605680701049,64.75072844950088,76.19146937094396,102.85348091002633,117.38399796833211,28.87659683368959,30.07864236268276,84.3427666703211,24.924326835757128,33.18537470447998,59.3572162435548,0.0,26.137436889722473,43.967780673689454,54.1878911176872,64.85777340118115,80.99774089456555,92.998240155677,27.243611840983252,45.79278099808845,55.791530425416525,61.287069094186286,99.44758902356756,1.4351460564875154,30.27227333921066
28.878619552194685,26.148697520324664,55.41158527837619,68.35278659783526,114.98290459068019,147.0186564982781,37.209548198303054,76.94353640965564,14.24243284795109,42.740020777777936,66.49169150717324,90.716386688025,114.91504608867521,40.410517556435565,58.52529736255657,78.03429259285645,99.04576933916502,12.859440279867131,37.3587562971558,60.38367182503932,64.83237161904307,76.27261760904383,102.93272170125618,117.49770273835048,28.916507139280966,30.12069053280202,84.42203138085617,24.964466258665418,33.226002278708584,59.43767243266359,0.0,26.177436155554695,44.01946547695334,54.26886930416762,64.9349753313797,81.0847581482072,93.10669993328608,27.283955097612854,45.83926021415227,55.87076881693674,61.36982098142188,99.56429687796138,1.4750563620788952,30.353675914273584
28.92011182166623,26.160878379546688,55.446892671900486,68.43233205932533,115.10241719595116,147.1376461272619,37.250429321003296,77.02397430466888,14.243973527441074,42.78023067699356,66.57287434828262,90.79576758328858,114.99528318314468,40.45222517002662,58.57029542471667,78.114882710758,99.1626038504109,12.86093276218865,37.39925334954426,60.431271435718465,64.91401793127581,76.3537698707288,103.01195163764646,117.61144777938655,28.95642051340195,30.16273867477752,84.50130225659416,25.004608172135672,33.26663074539747,59.51813444433895,0.0,26.217438401852036,44.07112302953716,54.34985233874275,65.01217549857219,81.17176211169316,93.21521566588441,27.324300336699483,45.885716011842135,55.95002483883449,61.45257228287934,99.68102446632079,1.5149697361998784,30.43508155786611
28.961604091137772,26.17304023909363,55.48219786819798,68.5118926548368,115.22182339877605,147.2567635186488,37.291311533036456,77.10441722917989,14.2455100490798,42.82044445766483,66.65406101799954,90.87515583746904,115.07552466356191,40.49393181120711,58.61528124833959,78.19546884867879,99.27946779024654,12.862423490465499,37.43975245703283,60.47885569672796,64.99566736521501,76.43492614111503,103.09117087540838,117.72523285316453,28.99633694693825,30.20478678585443,84.5805792820614,25.0447525692239,33.307260105129885,59.598602257598756,0.0,26.257443619496105,44.1227534013449,54.43084020155412,65.08937402168716,81.25875274407656,93.32378717076308,27.36464755326296,45.932148558937456,56.029298350212024,61.53532300272771,99.79777171700373,1.5548861697361787,30.516490260873955
29.003096360609312,26.18518312636694,55.51750099576367,68.59146825675279,115.34112316363908,147.3760086342895,37.332194831192396,77.18486516824454,14.247042428064022,42.8606621060838,66.73525150325875,90.95455142806101,115.15577051862323,40.53563748388442,58.66025488618386,78.27605107759415,99.39636099472233,12.863912467624202,37.4802536131687,60.52642466520818,65.07731990029265,76.51608640540069,103.17037956928398,117.8390577231586,29.036256430812774,30.246834863298744,84.65986244183769,25.084899443012517,33.347890358469854,59.67907585156527,0.0,26.297451799406854,44.17435666221592,54.51183287286338,65.16657101845433,81.34573000594163,93.43241426504767,27.404996742339055,45.97855802161521,56.10858921163851,61.61807314511761,99.91453855869237,1.594805653610703,30.597902014220022
29.044588630080856,26.19730706877755,55.552802181323926,68.6710587390106,115.46031645791524,147.49538143353496,37.373079212275414,77.26531810697871,14.248570679522892,42.90088360859721,66.81644579105989,91.03395433265096,115.236020737067,40.57734219194985,58.70521639074766,78.35662946780376,99.51328330098941,12.865399696584712,37.520756811527065,60.573978397774226,65.15897551634286,76.59725064886568,103.24957787255775,117.95292215458068,29.076178955985593,30.288882904397326,84.73915172055626,25.12504878661039,33.388521505962615,59.75955520546464,0.0,26.337462932542447,44.22593288192404,54.59283033305155,65.24376660541296,81.43269385938385,93.54109676571089,27.445347898979602,46.02494456446798,56.18789728513278,61.70082271418133,100.0313249203913,1.6347281787835226,30.679316808864385
29.0860808995524,26.209412093744966,55.58810154986131,68.75066397707766,115.57940325186675,147.61488187323695,37.41396467310394,77.34577603055742,14.250094818517997,42.941108951606026,66.89764386846646,91.11336452891652,115.31627530767334,40.61904593927848,58.75016581426992,78.43720408893658,99.63023454729166,12.866885180260148,37.561262045710684,60.62151695052941,65.24063419358865,76.67841885687055,103.32876593706747,118.06682591436716,29.11610451345344,30.33093090645746,84.81844710290336,25.165200593152385,33.42915354813447,59.840040298625865,0.0,26.377477009898925,44.27748213017634,54.67383256261773,65.32096089792003,81.51964426798966,93.64983448958417,27.48570101825209,46.07130835052117,56.26722243414639,61.7835717140327,100.148130731426,1.6746537362513678,30.76073463580377
29.127573169023943,26.2214982286975,55.623399224640856,68.83028384792874,115.69838351863925,147.73450990774967,37.45485121051071,77.42623892421506,14.251614860044043,42.98133812156558,66.97884572260593,91.1927819946262,115.3965342192638,40.660748729729534,58.79510320873214,78.51777500995692,99.74721457295843,12.868368921557202,37.601769309350196,60.66904037907883,65.32229591262934,76.75959101485627,103.40794391321609,118.18076877116745,29.156033094249874,30.372978866807046,84.8977485736182,25.205354855799627,33.469786485493366,59.920531110480574,0.0,26.417494022510247,44.329004476612496,54.75483954217856,65.39815401015889,81.60658119681757,93.75862725337025,27.526056095240023,46.11764954125111,56.34656452354708,61.86632014876734,100.26495592144117,1.7145823170478007,30.84215548607175
29.169065438495494,26.233565501071563,55.65869532723459,68.90991823002301,115.81725723425782,147.8542654889299,37.49573882134245,77.50670677324473,14.25313081902895,43.021571104985135,67.0600513406689,91.2722067076388,115.47679746070159,40.70245056714617,58.84002862585947,78.59834229916915,99.86422321839666,12.869850923375834,37.64227859610371,60.71654873854157,65.40396065442815,76.84076710834347,103.48711194998269,118.29475049533058,29.195964689444807,30.415026782794172,84.97705611749248,25.24551156773907,33.51042031852879,60.00102762056206,0.0,26.457513961447837,44.38049999080362,54.83585125246694,65.4753460551473,81.6935046123781,93.86747487365496,27.56641312504254,46.1639682966017,56.42592341960191,61.9490680224624,100.38180042039902,1.7545139122427331,30.92357935073823
29.210557707967038,26.24561393831152,55.693989977546096,68.98956700328212,115.93602437762273,147.9741485661391,37.53662750245997,77.58717956299816,14.254642710334359,43.061807888427715,67.14126070990906,91.35163864590292,115.5570650208908,40.74415145535575,58.88494211712228,78.67890602422361,99.98126032508321,12.871331188609561,37.68278989965667,60.76404208356337,65.48562840030071,76.92194712293191,103.56627019493389,118.40877085889394,29.235899290144506,30.457074651787185,85.05636971937042,25.285670722183557,33.55105504771216,60.08152980850485,0.0,26.4975368178206,44.43196874225137,54.91686767433136,65.55253714474591,81.78041448261466,93.97637716691891,27.606772102774556,46.21026477500184,56.50529898996124,62.03181533917691,100.4986641585777,1.7944485129424343,31.005006220909472
29.25204997743858,26.2576435678692,55.72928329383468,69.0692300490677,116.05468493050476,148.09415908624504,37.57751725073791,77.66765727888522,14.256150548755796,43.10204845850995,67.22247381764244,91.43107778745674,115.63733688877674,40.785851398169726,58.92984373373745,78.75946625212156,100.09832573555768,12.872809720145227,37.72330321372172,60.81152046832769,65.5672991319037,77.00313104429998,103.64541879423487,118.52282963557022,29.27583688749124,30.499122471174363,85.13568936414826,25.325832312371542,33.5916906734969,60.162037654043864,0.0,26.537562582774445,44.48341080038693,54.99788878873477,65.62972738966647,81.86731077688405,94.08533394954948,27.647133023566553,46.25653913338217,56.58469110364227,62.114562102951446,100.6155470665696,1.8343861102891683,31.08643608772775
29.293542246910125,26.2696544172037,55.76457539273935,69.14890725016028,116.17323887754061,148.2142969936236,37.61840806306482,77.74813990637386,14.257654349023174,43.14229280190183,67.30369065124715,91.51052411042727,115.7176130533453,40.82755039938388,58.974733526669844,78.84002304922072,100.21541929341461,12.874286520863253,37.76381853203854,60.858983946567655,65.64897283122426,77.0843188582039,103.72455789266078,118.63692660073514,29.315777472663235,30.54117023836394,85.2150150367742,25.36599633156713,33.632327196318705,60.242551137014,0.0,26.577591247492393,44.53482623457021,55.07891457675388,65.70691689948012,81.95419346593748,94.19434503785219,27.687495882564665,46.30279152719188,56.66409963101316,62.19730831780858,100.73244907527996,1.8743266954611646,31.16786894237129
29.33503451638167,26.28164651378096,55.79986638930168,69.22859849073798,116.29168620622757,148.33456223016125,37.65929993634294,77.82862743098957,14.259154125801,43.182540905326455,67.38491119816305,91.58997759303008,115.7978935036229,40.869248462778195,59.019611546633556,78.92057648124033,100.33254084329617,12.875761593637495,37.8043358483737,60.90643257157613,65.73064948056947,77.16551055047744,103.80368763360784,118.75106153141564,29.35572103687438,30.58321795078384,85.29434672224814,25.406162773059794,33.67296461659569,60.32307023734932,0.0,26.61762280319415,44.58621511408872,55.159945019578075,65.78410578262562,82.04106252190152,94.30341024806235,27.727860674930504,46.34902211041497,56.74352444377728,62.28005398775246,100.84937011592491,1.9142702596723085,31.24930477605398
29.376526785853212,26.293619885073458,55.83515639698916,69.30830365635546,116.4100269069183,148.4549547352576,37.70019286748815,77.90911983831528,14.260649893688736,43.22279275555987,67.46613544589113,91.66943821356878,115.87817822867652,40.91094559211708,59.06447784409334,79.00112661326652,100.44969023088463,12.877234941335349,37.84485515652056,60.953866396216526,65.81232906255646,77.24670610703113,103.88280815910421,118.86523420627738,29.395667571374062,30.625265605881577,85.37368440562132,25.44633163016432,33.71360293472857,60.403594935082516,0.0,26.657657241135997,44.63757750815679,55.24098009850864,65.86129414641749,82.12791791825916,94.41252939635635,27.76822739584114,46.39523103558677,56.82296541495753,62.36279911676908,100.96631012003014,1.9542167941719903,31.330743580025203
29.418019055324756,26.305574558559822,55.8704455277175,69.38802263392401,116.52826097281542,148.57547444582818,37.74108685342991,77.98961711399092,14.262141667221155,43.26304833943088,67.54736338199316,91.74890595043459,115.95846721761308,40.95264179114931,59.109332469265986,79.08167350975745,100.56686730289525,12.878706566817739,37.88537645029895,61.001285472932665,65.89401156010305,77.32790551385175,103.96191960982136,118.97944440561294,29.435617067447005,30.66731320112412,85.4530280719962,25.486502896220696,33.75424215110085,60.48412521034423,0.0,26.69769455261054,44.688913485914576,55.3220197949578,65.93848209705438,82.21475962983106,94.52170229886278,27.80859604048908,46.44141845381005,56.902422418880896,62.44554370882641,101.08326901942921,1.9941662902449326,31.41218534556969
29.459511324796303,26.317510561724653,55.90573389187306,69.4677553116907,116.64638839996536,148.69612129630772,37.78198189111121,78.07011924371334,14.26362946086866,43.30330764382075,67.62859499409147,91.82838078210597,116.03876045957952,40.9943370636082,59.15417547212159,79.16221723454858,100.68407190706863,12.880176472939178,37.925899723555325,61.04868985375833,65.9756969564184,77.40910875700182,104.04102212508501,119.09369191132919,29.475569516413092,30.709360733997787,85.53237770652625,25.526676564593973,33.79488226607906,60.56466104336254,0.0,26.737734728946645,44.74022311642717,55.40306409044795,66.0156697396271,82.30158763275709,94.63092877167401,27.848966604082158,46.487584514770774,56.9818953311632,62.52828776787413,101.20024674626197,2.0341187392110234,31.493630064007323
29.501003594267846,26.329427922058013,55.94102159833459,69.5475015792194,116.76440918725241,148.81689521865349,37.8228779774884,78.15062621323578,14.265113289037577,43.34357065566315,67.7098302698684,91.90786268714798,116.11905794376254,41.036031413211546,59.19900690238493,79.24275785085759,100.80130389216367,12.88164466254776,37.96642497016222,61.096079590326546,66.05738523499438,77.49031582261921,104.12011584288584,119.20797650693565,29.51552490962713,30.751408202008033,85.61173329441563,25.566852628674123,33.83552328001285,60.64520241446226,0.0,26.77777776150906,44.791506468683636,55.48411296661065,66.09285717812679,82.38840190447756,94.7402086308567,27.889339081843502,46.533729366754066,57.06138402869405,62.61103129784394,101.31724323297304,2.0740741324250602,31.575077726692903
29.54249586373939,26.3413266670552,55.97630875449452,69.62726132737075,116.88232333639232,148.93779614234904,37.86377510953114,78.23113800836772,14.2665931660705,43.38383736194369,67.79106919706582,91.98735164421208,116.19935965938846,41.07772484366176,59.24382680953678,79.32329542128979,100.91856310795039,12.883111138485155,38.00695218401847,61.14345473387857,66.1390763795969,77.57152669691614,104.1992008998908,119.32229797753274,29.555483238478697,30.793455602679362,85.69109482091898,25.60703108187595,33.87616519323523,60.725749304064315,0.0,26.817823641698308,44.84276361159617,55.5651664051859,66.1700445154531,82.47520242371513,94.84954169246295,27.929713469011475,46.579853156659745,57.14088838962187,62.693774302649395,101.43425841231011,2.1140324612766297,31.656528325016016
29.583988133210934,26.3532068242164,56.0115954662805,69.70703444828345,117.00013085192593,149.05882399440833,37.904673284222355,78.31165461497463,14.268069106246601,43.42410774970007,67.87231176348496,92.06684763203562,116.27966559572285,41.11941735864596,59.28863524281524,79.40383000784286,101.03584940520241,12.884575903586702,38.04748135904877,61.19081533527227,66.22077037425805,77.6527413661792,104.27827743145377,119.4366561097992,29.595444494391987,30.835502933555208,85.77046227134126,25.64721191763892,33.91680800606274,60.80630169268524,0.0,26.857872360950616,44.893994613999126,55.6462243880212,66.24723185342225,82.56198917045653,94.95892777254107,27.970089760839617,46.62595603001757,57.22040829333926,62.77651678618609,101.5512922173227,2.153993717189919,31.73798185040085
29.625480402682477,26.365068421046306,56.04688183817561,69.7868208353552,117.11783174121189,149.17997869937957,37.94557249855809,78.39217601897755,14.26954112378195,43.464381806021514,67.95355795698576,92.14635062944123,116.35997574207052,41.16110896183589,59.333432251217005,79.48436167191227,101.15316263569018,12.886038960681338,38.088012489203805,61.238161444990524,66.3024672032681,77.73395981676838,104.35734557162637,119.55105069198068,29.63540866882555,30.87755019219773,85.8498356310374,25.68739512942709,33.95745171879556,60.88685956093648,0.0,26.897923910737404,44.94519954464821,55.72728689707075,66.32441929277502,82.64876212593424,95.06836668714622,28.010467952596564,46.67203813100261,57.299943620468405,62.85925875233151,101.66834458136009,2.193957891623481,31.819438294305954
29.66697267215402,26.37691148505393,56.08216797323936,69.86662038322459,117.23542601441977,149.3012601793504,37.98647274954751,78.472702206353,14.271009232829856,43.50465951804883,68.03480776548682,92.22586061533666,116.44029008777524,41.20279965688817,59.37821788349873,79.56489047429602,101.27050265217372,12.887500312591726,38.128545568459856,61.28549311314916,66.38416685116792,77.81518203511664,104.4364054531689,119.66548151387775,29.675375753272213,30.91959737618778,85.92921488541222,25.72758071072898,33.998096331717825,60.967422889523874,0.0,26.93797828256547,44.99637847221952,55.808353914394594,66.40160693318498,82.73552127260912,95.17785825235103,28.050848039566066,46.7180996024503,57.37949425284667,62.94200020494533,101.78541543807034,2.233924976070146,31.900897648224163
29.708464941625564,26.388736043752157,56.11745397312743,69.94643298775276,117.35291368452278,149.4226683539523,38.027374034212755,78.55323316313259,14.272473447481165,43.544940872974045,68.11606117696469,92.30537756871419,116.5206086222196,41.24448944744422,59.42299218817828,79.64541647519978,101.38786930839555,12.88895996213422,38.169080590818815,61.33281038950466,66.46586930274204,77.89640800772968,104.51545720756096,119.77994836683432,29.715345739258854,30.961644483124694,86.00860001992014,25.76776865505744,34.03874184509766,61.047991659247046,0.0,26.978035467976557,45.047531465308744,55.88942542215785,66.47879487326635,82.82226659415197,95.28740228425589,28.091230017046847,46.76414058587118,57.45906007351252,63.02474114786922,101.90250472139832,2.273894962056786,31.982359903682347
29.749957211097108,26.40054212465742,56.152739938111544,70.02625854600558,117.47029476728999,149.54420314036577,38.06827634958888,78.63376887540271,14.273933781764558,43.58522585804031,68.19731817945372,92.38490146865026,116.60093133482468,41.28617833713037,59.467755213536,79.72593973424178,101.50526245907365,12.890417912118856,38.209617550308025,61.380113323461416,66.5475745430113,77.97763772118496,104.59450096501206,119.89445104372557,29.755318618346195,31.003691510626187,86.08799102006488,25.807958955949523,34.07938825918741,61.12856585099876,0.0,27.018095458547254,45.098658592430226,55.97050140262981,66.55598321058203,82.90899807542637,95.39699859899925,28.13161388035259,46.810161221465705,57.538640966691226,63.10748158492691,102.01961236558456,2.313867841144127,32.063825052241235
29.791449480568655,26.412329755289495,56.18802596709901,70.10609695623614,117.58756928127842,149.66586445332564,38.10917969272374,78.71430932930429,14.275390249646847,43.62551446054149,68.2785787610454,92.46443229430498,116.68125821505005,41.327866329557864,59.512507007616,79.80646031045768,101.62268195989468,12.89187416534939,38.25015644098001,61.427401964079046,66.6292825572264,78.05887116213162,104.67353685447243,120.00898933894662,29.795294382128642,31.045738456328177,86.1673878713993,25.848151606966354,34.1200355742238,61.209145445764435,0.0,27.058158245888727,45.14975992201604,56.05158183818318,66.63317204165155,82.99571570247075,95.50664701276798,28.171999624811832,46.85616164813863,57.61823681778122,63.19022151992433,102.13673830516333,2.3538436049265683,32.145293085495226
29.8329417500402,26.42409896317103,56.22331215765165,70.18594811786771,117.70473724782505,149.78765220512693,38.150084060678005,78.79485451103255,14.27684286503336,43.665806667822324,68.3598429098884,92.5439700249218,116.76158925239353,41.36955342832303,59.55724761822747,79.88697826230563,101.7401276675068,12.893328724623386,38.29069725691252,61.474676360079215,66.71099333086138,78.1401083172896,104.75256500364343,120.12356304840073,29.835273022234148,31.087785317884755,86.2467905595253,25.88834660169308,34.1606837904281,61.28973042462147,0.0,27.09822382164668,45.20083552241528,56.132666711293254,66.710361461959,83.08241946248151,95.61634734180721,28.212387245768006,46.902142003513546,57.69784751334033,63.27296095664963,102.25388247496154,2.393822245032076,32.226763995072275
29.874434019511742,26.4358497758274,56.258598606004945,70.26581193147655,117.82179869103842,149.9095663056307,38.19098945052501,78.87540440683688,14.278291641768199,43.70610246727783,68.44111061418792,92.62351463982714,116.84192443639084,41.41123963700725,59.601977092945916,79.96749364767096,101.85759943951294,12.89478159273217,38.331239992208225,61.52193655985229,66.79270684960737,78.22134917344933,104.83158553898826,120.23817196948795,29.875254530324032,31.12983209296799,86.32619907009337,25.928543933738705,34.201332908006314,61.370320768738814,0.0,27.138292177501036,45.25188546189315,56.213756004537196,66.78755156596104,83.16910934379534,95.72609940243049,28.25277673857933,46.94810242394701,57.77747294107227,63.35569989887311,102.37104481009695,2.4338037531219583,32.3082377726337
29.915926288983286,26.44758222078622,56.29388540708621,70.34568829877531,117.93875363778984,150.03160666227018,38.231895859350686,78.95595900302018,14.279736593634537,43.746401846353365,68.52238186220526,92.70306611842973,116.92226375661572,41.45292495917707,59.646695479114385,80.04800652387121,101.97509713446398,12.896232772460852,38.37178464099479,61.569182611463724,66.87442309936652,78.30259371747123,104.91059858574226,120.3528159010934,29.915238898092756,31.1718787792678,86.40561338880255,25.968743596735973,34.241982927149316,61.45091645937626,0.0,27.178363305165878,45.302909808630126,56.29484970059311,66.86474244709454,83.25578533587242,95.8359030110295,28.293168098618704,46.99404304454243,57.85711298981315,63.43843835034738,102.48822524597678,2.4737881208906827,32.38971440987397
29.95741855845483,26.45929632557716,56.329172654533075,70.42557712259685,118.05560211770491,150.15377318005727,38.272803284253506,79.03651828593901,14.281177734354966,43.786704792544334,68.60365664225779,92.78262444022047,117.00260720267948,41.4946093983842,59.691402823844705,80.12851694766063,102.09262061185194,12.897682266588383,38.41233119742442,61.616414562660395,66.95614206624643,78.38384193628515,104.98960426792343,120.46749464357615,29.955226117267813,31.213925374491854,86.48503350140015,26.008945584341273,34.28263384803304,61.53151747788395,0.0,27.2184371963891,45.353908630720994,56.37594778223943,66.94193419778468,83.34244742927928,95.94575798408364,28.333561321273756,47.03996399916405,57.936767549518486,63.52117631480737,102.60542371829631,2.513775340065742,32.47119389852057
29.998910827926373,26.47099211773152,56.36446044071122,70.50547830687798,118.17234416315392,150.27606576158922,38.313711722344365,79.11708224200305,14.28261507759172,43.82701129339595,68.68493494271814,92.86218958477191,117.08295476423079,41.536292958165596,59.7360991740188,80.20902497523532,102.21016973210308,12.899130077887516,38.45287965567402,61.66363246087641,67.03786373655434,78.46509381688992,105.0686027083426,120.58220799875745,29.995216179609493,31.255971876365397,86.56445939368149,26.049149890234474,34.32328567081858,61.6121238057018,0.0,27.258513842952407,45.404881996174204,56.45705023235398,67.01912690945245,83.42909561567215,96.0556641381698,28.373956401946675,47.085865420450645,58.016436511249736,63.60391379597031,102.72264016303713,2.5537654024074197,32.552676230333795
30.040403097397917,26.48266962478199,56.39974885673222,70.58539175664372,118.28897980924279,150.39848430705567,38.35462117074653,79.19765085767496,14.284048636947052,43.867321336503,68.76621675201429,92.94176153173777,117.16330643095576,41.57797564204355,59.7807845762898,80.2895306622377,102.32774435657144,12.90057620912487,38.493430009944916,61.71083635323907,67.11958809679187,78.54634934635286,105.14759402861391,120.69695576990992,30.03520907691075,31.298018282631165,86.6438910514898,26.089356508118865,34.36393839565238,61.69273542435892,0.0,27.298593236670957,45.45582997291095,56.53815703391329,67.0963206725228,83.51572988778031,96.16562128997172,28.414353336054226,47.13174743982891,58.096119767161866,63.68665079753579,102.83987451646617,2.5937582997086763,32.634161397106595
30.08189536686946,26.494328874262408,56.43503799247084,70.66531737799158,118.40550909380349,150.5210287142459,38.39553162659563,79.27822411947008,14.28547842596355,43.90763490950985,68.84750205862889,93.02134026085268,117.2436621925777,41.619657453525754,59.82545907708343,80.3700340637613,102.44534434753203,12.902020663060997,38.533982254462735,61.75802628657434,67.20131513364981,78.62760851180919,105.2265783491651,120.81173776174573,30.07520480099709,31.34006459104931,86.7233284607159,26.129565431721062,34.4045920226665,61.77335231547317,0.0,27.338675369393396,45.506752628764396,56.61926816999194,67.17351557643202,83.60235023938944,96.27562925628938,28.45475211902774,47.17761018752711,58.17581721049039,63.76938732318592,102.95712671513368,2.633754023795016,32.715649390664474
30.12338763634101,26.505969893707285,56.47032793658204,70.74525507807653,118.52193205738406,150.64369887855642,38.43644308703947,79.35880201395621,14.28690445812436,43.94795200011005,68.92879085109902,93.1009257519317,117.32402203885664,41.66133839610529,59.870122722599035,80.45053523435541,102.56296956817414,12.903463442450281,38.574536383477366,61.80520230741238,67.28304483400322,78.70887130046178,105.3055557892475,120.92655378040592,30.115203343726293,31.382110799397157,86.80277160729798,26.169776654790834,34.44524655197858,61.85397446075047,0.0,27.378760233001454,45.55765003147879,56.70038362376158,67.25071170963571,83.68895666532543,96.3856878540482,28.495152746312954,47.22345379258797,58.25552873553872,63.852123376585226,103.07439669587217,2.673752566524219,32.79714020286523
30.164879905812555,26.51759271065162,56.505618776517835,70.82520476509566,118.63824874323879,150.7664946929987,38.47735554923801,79.43938452775323,14.288326746853528,43.98827259604617,69.01008311801598,93.18051798486982,117.40438595958946,41.70301847326076,59.91477555881095,80.53103422802985,102.68061988259502,12.904904550041067,38.615092391262614,61.852364461992785,67.36477718490637,78.79013769958043,105.38452646694626,121.04140363344926,30.155204696988303,31.424156905469182,86.88222047722157,26.209990171101,34.4859019836921,61.93460184198435,0.0,27.41884781940996,45.6085222487088,56.78150337849039,67.32790915961631,83.77554916143801,96.49579690030798,28.53555521336999,47.26927838288193,58.33525423766582,63.93485896138072,103.19168439579481,2.7137539197862317,32.87863382559878
30.2063721752841,26.529197352630568,56.54091059854395,70.90516634827387,118.75445919731747,150.889416048207,38.51826901036334,79.51997164753308,14.289745305516321,44.02859668510959,69.09137884802458,93.26011693964189,117.48475394460965,41.74469768845631,59.95941763146963,80.61153109825946,102.79829515579301,12.906343988575646,38.65565027211626,61.899512796269576,67.44651217358833,78.87140769650146,105.4634904991905,121.15628712984086,30.195208852705118,31.466202907076873,86.96167505651901,26.250205974447397,34.526558317896615,62.01523444105543,0.0,27.45893812056661,45.65936934801855,56.86262741754224,67.40510801289084,83.86212772458481,96.60595621227225,28.575959515673397,47.31508408512002,58.41499361327402,64.01759408120212,103.30898975229398,2.753758075503045,32.96013025078714
30.247864444755642,26.540783847179096,56.57620348775584,70.98513973784851,118.87056346825521,151.01246283244714,38.55918346759949,79.60056336001922,14.291160147419438,44.06892425514042,69.17267802982326,93.33972259630181,117.56512598378711,41.78637604514169,60.004048986102816,80.69202589798864,102.91599525366144,12.907781760790227,38.696210020359985,61.94664735591611,67.5282497874483,78.95268127862741,105.54244800176308,121.27120407994124,30.235215802830496,31.508248802048556,87.04113533126963,26.290424058648647,34.56721555466768,62.09587223993079,0.0,27.499031128451644,45.71019139688096,56.94375572437601,67.48230835501838,83.94869235261542,96.7161656072967,28.616365648711923,47.360871024866505,58.494746759796605,64.10032873966155,103.42631270303997,2.793765025628422,33.04162947038406
30.289356714227186,26.552352221831747,56.6114975280951,71.06512484505593,118.98656160736175,151.1356349316246,38.60009891814247,79.68115965198656,14.292571285811388,44.1092552940271,69.25398065216339,93.4193349349824,117.64550206702783,41.82805354675229,60.048669668016764,80.77251867963598,103.03372004298171,12.909217869415023,38.73677163033888,61.99376818632988,67.60999001405138,79.03395843342633,105.62139908931081,121.38615429549601,30.275225539349897,31.55029458822934,87.1206012875992,26.330644417546118,34.60787369406724,62.17651522066353,0.0,27.539126835077916,45.760988462676885,57.02488828254481,67.55951027060782,84.03524304435548,96.82642490289818,28.656773607988605,47.40663932655169,58.574513575686176,64.18306294035392,103.54365318597938,2.8337747621478244,33.12313147637501
30.33084898369873,26.56390250412225,56.64679280236478,71.14512158211684,119.10245366861008,151.25893222929332,38.64101535920017,79.76176051026125,14.293978733882758,44.14958978970639,69.33528670384909,93.498953935895,117.72588218427408,41.8697301967093,60.093279722297495,80.85300949509892,103.15146939141744,12.91065231717427,38.777335096421794,62.040875332637206,67.6917328411243,79.11523914843157,105.70034387535422,121.50113758962412,30.315238054280318,31.592340263481002,87.20007291167991,26.37086704500386,34.648532736143615,62.2571633653922,0.0,27.57922523249058,45.811760612694485,57.10602507569532,67.63671384332531,84.12177979959127,96.93673391676329,28.6971833890207,47.45238911348409,58.65429396040254,64.26579668685677,103.66101113933391,2.8737872770782444,33.204636260776965
30.372341253170273,26.57543472158332,56.682089392245324,71.22512986222283,119.21823970862548,151.38235460666513,38.68193278799221,79.84236592172022,14.295382504766442,44.18992773016301,69.41659617373685,93.57857957932893,117.80626632550383,41.91140599841958,60.13787919381174,80.93349839575787,103.26924316750748,12.912085106786163,38.81790041300085,62.08796883969742,67.77347825655137,79.19652341124097,105.77928247229721,121.61615377680768,30.35525333967004,31.63438582568177,87.27955018973013,26.411091934908367,34.68919268093172,62.337816656340294,0.0,27.61932631276694,45.86250791412823,57.18716608756704,67.7139191559016,84.20830261905392,97.04709246675671,28.73759498733952,47.498120507862964,58.73408781440111,64.34852998273045,103.77838650159879,2.913802562467965,33.28614381563823
30.413833522641816,26.586948901746332,56.717387378309645,71.30514959952245,119.33391978667393,151.50590194261878,38.72285120175003,79.92297587329105,14.296782611538049,44.23026910342972,69.49790905073525,93.65821184565115,117.88665448073074,41.95308095527593,60.182468127208416,81.01398543248112,103.38704124066012,12.913516240963,38.858467574491456,62.135048752107565,67.85522624837057,79.2778112095169,105.85821499143718,121.7312026728812,30.3952713875986,31.676431272726372,87.35903310801419,26.451319081168634,34.72985352845323,62.41847507581575,0.0,27.65943006801626,45.913230434078365,57.26831130199166,67.79112629013991,84.29481150440445,97.15750037092994,28.778008398490538,47.54383363079037,58.81389503912142,64.43126283151805,103.89577921154141,2.95382061039653,33.36765413303834
30.455325792113364,26.598445072140944,56.75268684003815,71.38518070910806,119.44949396465054,151.6295741137094,38.76377059771667,80.00359035195184,14.298179067216081,44.27061389758668,69.5792253238046,93.73785071530617,117.9670466400042,41.99475507065701,60.22704656691953,81.0944706556288,103.50486348114659,12.914945722411105,38.89903657533224,62.18211511420633,67.93697680476978,79.35910253098537,105.93714154297443,121.84628409502037,30.43529219017654,31.718476602525783,87.43852165284223,26.491548477715906,34.770515278716665,62.49913860621041,0.0,27.699536490379725,45.96392823955001,57.34946070289225,67.86833532692305,84.38130645821832,97.26795744752896,28.81842361803323,47.58952860228315,58.89371553697565,64.51399523674553,104.0131892082001,2.9938414129744637,33.44916720508783
30.496818061584907,26.609923260294902,56.78798785583365,71.46522310700254,119.56496230706746,151.75337099417817,38.80469097314675,80.08420934473075,14.299571884762248,44.31096210076163,69.66054498195658,93.81749616881517,118.04744279340873,42.03642834792739,60.271614557161506,81.17495411505773,103.62270976009476,12.91637355383088,38.939607409984724,62.22916797007804,68.01872991408315,79.4403973634357,106.01606223602185,121.96139786173234,30.475315739545252,31.76052181300714,87.51801581056982,26.531780118503633,34.81117793171755,62.579807229999474,0.0,27.739645572030074,46.01460139745248,57.43061427428265,67.94554634622074,84.46778748397045,97.37846351500306,28.858840641541025,47.63520554128484,58.973549211337364,64.59672720192174,104.13061643088245,3.033864962343174,33.530683023928084
30.53831033105645,26.62138349373371,56.82329050303583,71.54527671014633,119.68032488104214,151.87729245596316,38.84561232530645,80.16483283870585,14.300961077081807,44.35131370112955,69.74186801425397,93.89714818677604,118.12784293106422,42.078100790437745,60.31617214193617,81.2554358601254,103.74057994948319,12.917799737916836,38.98018007293348,62.276207363556935,68.10048556478752,79.52169569472034,106.09497717861466,122.07654379284462,30.515342027876883,31.802566902113707,87.59751556759807,26.5720139975074,34.851841487438584,62.66048092974112,0.0,27.77975730517162,46.06524997459858,57.51177200026679,68.02275942709741,84.55425458602032,97.48901839201237,28.899259464601332,47.6808645656774,59.05339596653036,64.67945873053841,104.24806081916425,3.0738912506748086,33.61220158173126
30.579802600527994,26.632825799980274,56.858594857935536,71.62534143638486,119.79558175628449,152.0013383687082,38.88653465147334,80.2454608210049,14.302346657023724,44.3916686869125,69.8231944098102,93.97680674986273,118.20824704312555,42.11977240152471,60.36071936503204,81.33591593969463,103.85847392213468,12.919224277357563,39.02075455868565,62.323233338230644,68.18224374549884,79.60299751275403,106.17388647771975,122.1917217094945,30.55537104737409,31.844611867804623,87.67702091037312,26.612250108724723,34.89250594584973,62.74115968807582,0.0,27.819871682039942,46.11587403770375,57.59293386503793,68.09997464771904,84.64070776959716,97.59962189743591,28.93968008281537,47.72650579229272,59.13325570781774,64.7621898260703,104.36552231288786,3.1139202701720143,33.69372287070001
30.621294869999538,26.644250206554766,56.89390099578928,71.70541720445564,119.91073300508458,152.1255085997746,38.92745794893644,80.32609327880512,14.303728637381091,44.43202704637943,69.90452415778934,94.056471838825,118.28865511978233,42.1614431845111,60.405256270025355,81.41639440213748,103.97639155171028,12.920647174835821,39.06133086177121,62.37024593744405,68.2640044449692,79.68430280551371,106.25279023924509,122.30693143411928,30.595402790269976,31.886656708054918,87.75653182538612,26.652488446175045,34.93317130690842,62.821843487726,0.0,27.859988694901745,46.16647365338551,57.67409985287809,68.17719208536072,84.72714704078557,97.71027385037945,28.980102491798228,47.772129336924124,59.21312834139098,64.8449204919752,104.48300085216103,3.153952013067898,33.77524688306744
30.662787139471078,26.655656740974173,56.929208990832635,71.78550393397661,120.02577870229995,152.2498030142513,38.96838221499606,80.40673019933288,14.305107030891335,44.472388767845864,69.98585724740538,94.13614343448822,118.36906715125909,42.203113142705945,60.449782900281285,81.49687129534,104.09433271270329,12.922068433028532,39.10190897674254,62.417245204302894,68.34576765208338,79.76561156103793,106.33168856804934,122.42217279044533,30.635437248827902,31.92870142085538,87.83604829917304,26.69272900389961,34.97383757055968,62.90253231149549,0.0,27.900108336054956,46.21704888816265,57.75526994815739,68.25441181641386,84.81357240651081,97.82097407018303,29.020526687178762,47.81773531433772,59.29301377435933,64.92765073169403,104.60049637735553,3.1939864716258253,33.85677361109691
30.70427940894262,26.667045430752093,56.96451891629424,71.86560154543317,120.14071892534255,152.3742214749658,39.009307446963746,80.48737156986351,14.306481850236466,44.51275383967392,70.06719366792228,94.21582151775252,118.4494831278148,42.244782279404426,60.49429929895496,81.57734666670608,104.21229728043322,12.923488054606748,39.142488898174555,62.4642311816773,68.42753335585576,79.84692376742622,106.41058156795106,122.53744560347818,30.675474415341284,31.970746004212362,87.91557031831438,26.7329717759613,35.01450473673618,62.983226142269004,0.0,27.940230597828023,46.267599808454506,57.83644413533324,68.33163391639339,84.89998387452465,97.93172237642875,29.06095266459953,47.86332383828342,59.37291191473909,65.01038054865079,104.7180088291056,3.2340236381392073,33.93830304708183
30.74577167841417,26.67841630339846,56.99983084440918,71.94570996016685,120.25555375416529,152.49876384249546,39.05023364216226,80.56801737772106,14.307853108043432,44.55312225027189,70.14853340865344,94.29550606959293,118.52990303974263,42.28645059788811,60.53880550899269,81.65782056316183,104.33028513103972,12.92490604223575,39.18307062066431,62.511203912205026,68.50930154542738,79.92823941283925,106.48946934173782,122.65274969949236,30.715514282133537,32.01279045614777,87.99509786943503,26.77321675644461,35.05517280535848,63.06392496301169,0.0,27.980355472580314,46.31812648058037,57.91762239894988,68.40885845994501,84.9863814533911,98.04251858894789,29.101380419716794,47.90889502150617,59.45282267144319,65.09310994625271,104.83553814830705,3.2740635049314637,34.019835183345634
30.787263947885712,26.689769386419158,57.03514484643224,72.02582910036332,120.37028327124916,152.62342997517888,39.091160797925426,80.64866761027795,14.309220816884293,44.59349398809425,70.2298764589613,94.37519707105868,118.6103268773702,42.32811810142479,60.58330157313287,81.73829303115971,104.44829614147666,12.926322398574966,39.22365413883105,62.55816343829485,68.59107221006289,80.0095584854977,106.56835199117555,122.76808490602079,30.755556841557794,32.05483477469886,88.07463093920401,26.81346393945546,35.095841776335085,63.14462875676856,0.0,28.020482952701606,46.368628970758586,57.99880472363758,68.48608552085204,85.07276515247236,98.15336252782838,29.141809948200358,47.9544489757567,59.53274595427088,65.17583892789015,104.95308427611529,3.314106064355722,34.10137001224143
30.828756217357256,26.70110470731591,57.07046099265106,72.10595888904099,120.48490756158922,152.7482197291275,39.132088911598224,80.72932225495502,14.310584989276652,44.63386904164142,70.31122280825744,94.454894503273,118.69075463105902,42.36978479326881,60.627787533907444,81.81876411668283,104.56633018950622,12.927737126278158,39.26423944731615,62.60510980212992,68.67284533914813,80.09088097368253,106.6472296170177,122.88345105184548,30.795602085996954,32.09687895791828,88.15416951433444,26.853713319121237,35.136511649562664,63.22533750666422,0.0,28.06061303061218,46.41910734510614,58.07999109411215,68.56331517204298,85.15913498191524,98.26425401342212,29.182241245733717,47.99998581180236,59.61268167389758,65.25856749693695,105.07064715394475,3.3541513087948824,34.18290752615214
30.8702484868288,26.712422293585792,57.105779352398855,72.18609925003943,120.59942671268098,152.8731329582375,39.17301798053651,80.80998129922095,14.311945637683714,44.67424739945944,70.39257244600181,94.5345983474328,118.77118629120459,42.41145067666086,60.67226343364257,81.8992338652487,104.68438715369317,12.929150227993226,39.304826540782834,62.65204304567056,68.75462092218685,80.17220686573391,106.72610231901427,122.99884796698697,30.835650007863297,32.138923003873764,88.23371358158317,26.89396488959051,35.17718242492605,63.30605119590213,0.0,28.10074569876228,46.4695616696378,58.16118149517413,68.64054748559823,85.245490952637,98.37519286635194,29.22267430801377,48.04550563943773,59.69262974186469,65.3412956567501,105.18822672346695,3.394199230661224,34.26444771749002
30.911740756300343,26.723722172721164,57.14109999406727,72.26625010800846,120.71384081450633,152.99816951420166,39.213948002107145,80.89064473059231,14.313302774514744,44.714629050139855,70.47392536170278,94.61430858480813,118.85162184823604,42.45311575482821,60.716729314460025,81.97970232191379,104.80246691339873,12.930561706362411,39.34541541391619,62.69896321065753,68.83639894879843,80.2535361500513,106.80497019592075,123.11427548269462,30.875700599598513,32.180966910648216,88.31326312775072,26.93421864503307,35.21785410229852,63.3867698077643,0.0,28.140880949632447,46.5199920102655,58.24237591170831,68.71778253275728,85.33183307631208,98.4861789075185,29.26310913075094,48.09100856749522,59.772590070569755,65.4240234106701,105.30582292660948,3.4342498223964424,34.345990578696785
30.953233025771887,26.735004372209172,57.176422985118634,72.346411388397,120.82814995951938,153.12332924652168,39.25487897368782,80.97131253663312,14.314656412125235,44.755013982319696,70.55528154491662,94.69402519674188,118.9320612926161,42.494780030984664,60.76118521827815,82.06016953127725,104.92056934877529,12.931971564022184,39.386006061422954,62.74587033861494,68.91817940871528,80.33486881509297,106.88383334550713,123.22973343143696,30.915753853673497,32.22301067633946,88.39281813968097,26.974474579639796,35.25852668154179,63.46749332561078,0.0,28.181018775733,46.57039843279763,58.32357432868302,68.79502038392553,85.41816136535859,98.59721195810735,29.303545709669073,48.1364947038554,59.85256257325651,65.5067507620209,105.42343570555465,3.4743030764714233,34.42753610224331
30.99472529524343,26.74626891953163,57.21174839209841,72.4265830174421,120.94235424263219,153.2486120025209,39.29581089266703,81.05198470495476,14.316006562817174,44.795402184680924,70.63664098524723,94.77374816464965,119.01250461484089,42.53644350833064,60.8056311868129,82.140635537485,105.03869434076002,12.933379803603321,39.42659847803143,62.792764470852966,68.9999622917802,80.41620484937533,106.96269186456661,123.34522164689126,30.955809762588142,32.26505429906021,88.47237860426105,27.014732687622484,35.29920016250621,63.54822173287917,0.0,28.221159169604018,46.62078100293845,58.40477673114956,68.8722611086815,85.5044758329248,98.70829183959547,29.343984040505344,48.18196415545719,59.93254716400526,65.58947771410986,105.54106500273836,3.514358985386071,34.5090842806295
31.036217564714974,26.757515842164782,57.24707628064735,72.50676492215864,121.05645376120006,153.37401762735672,39.33674375644404,81.13266122321573,14.317353238839418,44.83579364595067,70.71800367234611,94.85347747001897,119.09295180543987,42.57810619005334,60.8500672615791,82.22110038423385,105.15684177106975,12.934786427730968,39.46719265849146,62.839645648470885,69.08174758794415,80.49754424147278,107.04154584892474,123.46073996393477,30.995868318871363,32.30709777693801,88.55194450842124,27.054992963213913,35.33987454503095,63.628955013084195,0.0,28.261302123815174,46.6711397862875,58.48598310424158,68.94950477578355,85.59077649287651,98.81941837375824,29.384424119010305,48.22741702830815,60.012543757723414,65.67220427022802,105.65871076084835,3.55441754166929,34.59063510638426
31.07770983418652,26.768745167578768,57.28240671551309,72.58695703032849,121.17044861500676,153.49954596403336,39.37767756242869,81.21334207912128,14.318696452387753,44.876188354900684,70.79936959591159,94.93321309440938,119.17340285497536,42.61976807932652,60.89449348389117,82.3015641147753,105.27501152219503,12.936191439024512,39.5077885975741,62.88651391235948,69.16353528726376,80.57888698001724,107.1203953934479,123.57628821863419,31.03592951508069,32.349141108114935,88.63151583913451,27.0952554006675,35.38054982894393,63.709693149817156,0.0,28.301447630965562,46.721474848338694,58.567193433174396,69.02675145317669,85.67706335978338,98.9305913826753,29.424865940947683,48.27285342749439,60.09255227013565,65.75493043364992,105.77637292282344,3.5944787378786187,34.67218857206514
31.119202103658065,26.77995692323768,57.317739760562226,72.66715927049042,121.28433890624966,153.62519685341536,39.4186123080416,81.29402726042342,14.320036215605413,44.91658630034741,70.88073874568904,95.01295501945182,119.2538577540429,42.661429179310936,60.93890989486458,82.38202677191967,105.39320347739448,12.937594840097832,39.54838629007186,62.93336930320408,69.2453253798993,80.66023305369788,107.19924059205199,123.69186624823675,31.075993343802438,32.39118429074781,88.71109258341669,27.135519994257514,35.421226014062206,63.79043612674566,0.0,28.341595683683636,46.77178625448005,58.64840770324457,69.10400120799974,85.76333644890659,99.04181068873785,29.46530950209457,48.318273457190514,60.172572617775025,65.83765620763387,105.89405143185202,3.63454256660037,34.753744670258435
31.16069437312961,26.79115113659908,57.35307547879182,72.74737157192995,121.39812473952466,153.75097013424033,39.459547990713816,81.37471675492046,14.32137254058311,44.956987471151635,70.96211111147018,95.09270322684843,119.33431649327069,42.703089493154025,60.98331653541657,82.46248839803982,105.51141752068932,12.938996633559055,39.58898573079816,62.980211861486644,69.32711785611214,80.7415824512604,107.27808153771122,123.80747389116031,31.116059797651296,32.43322732300778,88.790674728326,27.17578673827869,35.46190310019186,63.87118392761295,0.0,28.381746274626874,46.82207406999284,58.7296258998291,69.18125410659178,85.84959577618582,99.15307611465424,29.50575479824111,48.36367722066942,60.25260471797344,65.92038159542176,106.01174623137072,3.674609020449228,34.83530339357883
31.202186642601152,26.802327835113722,57.38841393234044,72.82759386466914,121.51180622181067,153.8768656431329,39.50048460788687,81.45541055045695,14.32270543935939,44.99739185621827,71.04348668309301,95.17245769837194,119.41477906331941,42.74474902399017,61.02771344626734,82.54294903507505,105.62965353685772,12.940396822010696,39.62958691458746,63.0270416274886,69.40891270626284,80.822935161507,107.35691832246637,123.92311098698396,31.156128869270287,32.47527020308038,88.87026226096289,27.216055627046256,35.50258108712822,63.95193653623755,0.0,28.42189939648181,46.872338360050904,58.81084800838495,69.25851021449901,85.93584135822675,99.26438748345636,29.54620182519057,48.409064820311876,60.332648488852534,66.00310660023935,106.1294572650633,3.7146780920682194,34.91686473466937
31.243678912072696,26.813487046225468,57.42375518249991,72.90782607945712,121.62538346245465,154.00288321461815,39.541422157012825,81.53610863492341,14.324034923920996,45.037799444496436,71.12486545044159,95.2522184158658,119.49524545488252,42.786407774940756,61.072100667941186,82.6234087245352,105.7479114114296,12.941795408049794,39.670189836295265,63.07385864129335,69.49070992080922,80.90429117329592,107.43575103743372,124.03877737643899,31.19620055133073,32.51731292916549,88.94985516847021,27.256326654895947,35.543259974656046,64.03269393651289,0.0,28.462055041963854,46.922579189720324,58.89207401444852,69.33576959648155,86.0220732122887,99.37574461850603,29.586650578759393,48.45443635761618,60.41270384931492,66.0858312252962,106.24718447685932,3.7547497741286606,34.99842868620135
31.28517118154424,26.824628797370806,57.459099289725934,72.98806814775993,121.73885657315527,154.12902268113535,39.58236063555404,81.61681099625608,14.325361006202902,45.078210224978925,71.20624740344554,95.33198536124328,119.57571565868554,42.828065749114124,61.116478240767265,82.70386750750401,105.86619103068058,12.9431923942677,39.71079449079773,63.12066294278822,69.57250949030403,80.9856504755409,107.51457977281292,124.15447290139906,31.236274836531894,32.559355499477086,89.02945343803252,27.296599816183676,35.58393976254951,64.11345611240674,0.0,28.502213203817043,46.97279662395856,58.973303903634886,69.4130323165201,86.10829135627225,99.48714734350048,29.627101054776944,48.49979193320745,60.492770719034915,66.1685554737858,106.36492781093283,3.7948240593298252,35.07999524087406
31.326663451015783,26.835753115978694,57.49444631364904,73.06832000175152,121.8522256679477,154.25528387305215,39.62330004098319,81.6975176224367,14.32668369808876,45.118624186702334,71.28763253207994,95.41175851648764,119.65618966548631,42.86972294960569,61.1608462048809,82.78432542464331,105.98449228162721,12.944587783250228,39.75140087299174,63.167454571667264,69.65431140539316,81.06701305721091,107.59340461789584,124.27019740487155,31.27635171760102,32.60139791224321,89.10905705687617,27.336875105285632,35.62462045057241,64.19422304796082,0.0,28.542373874813954,47.02299072761394,59.054537661637404,69.49029843782249,86.19449580870703,99.59859548247859,29.66755324908561,48.54513164684715,60.5728490184502,66.25127934888545,106.48268721170139,3.8349009403989527,35.16156439141473
31.368155720487326,26.84686002947034,57.52979631308565,73.14858157430403,121.96549086318726,154.38166661867874,39.66424037078326,81.77822850149245,14.328003011411075,45.159041318746596,71.36902082636487,95.49153786365143,119.73666746607469,42.911379379498,61.20520460022444,82.86478251619674,106.10281505202109,12.94598157757771,39.7920089777947,63.21423356743324,69.73611565681378,81.14837890732986,107.6722256610746,124.38595073098783,31.31643118729315,32.64344016570592,89.18866601226927,27.377152516598123,35.66530203847825,64.2749947272904,0.0,28.58253704775565,47.07316156542516,59.13577527422706,69.56756802283032,86.28068658873984,99.71008885982643,29.708007157540727,48.59045559744205,60.65293866875271,66.3340028537566,106.60046262382453,3.874980410091082,35.24313613057841
31.409647989958874,26.857949565258814,57.565149346048,73.22885279897861,122.07865227753337,154.5081707442823,39.70518162244739,81.85894362149543,14.329318957951457,45.19946161023504,71.45041227636551,95.57132338485638,119.81714905127224,42.95303504186076,61.24955346654832,82.9452388219932,106.2211592303438,12.947373779824884,39.832618800144644,63.260999969399805,69.81792223539249,81.22974801497607,107.75104298984992,124.50173272499467,31.356513238390935,32.68548225812113,89.26828029152117,27.417432044537453,35.7059845260104,64.35577113458383,0.0,28.622702715471455,47.12330920202056,59.217016727251924,69.64484113322558,86.36686371612261,99.82162730028305,29.748462776010484,48.63576388305354,60.73303959188042,66.41672599154462,106.7182539922027,3.915062461188862,35.324710451147745
31.451140259430417,26.86902175074883,57.60050546975505,73.30913361001637,122.19171003193345,154.63479607410133,39.74612379347881,81.93966297056271,14.330631549440865,45.23988505033404,71.53180687219125,95.65111506229289,119.89763441193259,42.99468993975084,61.293892843412,83.02569438145075,106.33952470580137,12.948764392560987,39.87323033499968,63.30775381669385,69.89973113204343,81.31112036928205,107.82985669083901,124.6175432332446,31.396597863704507,32.72752418775847,89.34789988198251,27.45771368353983,35.74666791290208,64.43655225410203,0.0,28.66287087081861,47.17343370191758,59.29826200663649,69.72211782993705,86.45302721120069,99.93321062894589,29.78892010037588,48.681056600906366,60.81315171050861,66.49944876537904,106.83606126197584,3.955147086502434,35.40628734593285
31.49263252890196,26.880076613336595,57.63586474064268,73.38942394232957,122.30466424960619,154.76154243036075,39.78706688139093,82.02038653685597,14.331940797559904,45.28031162825288,71.61320460399615,95.73091287821978,119.9781235389406,43.03634407621248,61.338222770185155,83.10614923358037,106.4579113683193,12.950153418349789,39.91384357733843,63.354495148257335,69.98154233776668,81.39249595943393,107.90866684978425,124.73338210318774,31.436685056071425,32.76956595290134,89.42752477104501,27.497997428061357,35.787352198876654,64.51733807017823,0.0,28.70304150668258,47.223535129522325,59.37951109838136,69.7993981731469,86.5391770949014,100.0448386712764,29.829379126530743,48.72633384739783,60.89327494804182,66.58217117837354,106.9538843785226,3.995234278869351,35.48786680777132
31.534124798373504,26.891114180409442,57.67122721437354,73.4697237314926,122.41751505602537,154.8884096332865,39.828010883707144,82.10111430858143,14.333246713939086,45.32074133324372,71.69460546197807,95.8107168149641,120.05861642321281,43.07799745427721,61.38254328604847,83.18660341698943,106.57631910853715,12.951540859749626,39.95445852215951,63.40122400284969,70.06335584364658,81.4738747746715,107.98747355156057,124.84924918336232,31.4767748083565,32.81160755184673,89.50715494614131,27.538283272577882,35.828037383647676,64.59812856721746,0.0,28.74321461597655,47.27361354912888,59.46076398856246,69.87668222229713,86.62531338872236,100.15651125310528,29.869839850381666,48.77159571810629,60.973409228605334,66.66489323362607,107.07172328745871,4.035324031154427,35.56944882952793
31.575617067845048,26.90213447934553,57.70659294584707,73.5500329137334,122.53026257890242,155.01539750112056,39.868955797960794,82.18184627398949,14.334549310158948,45.36117415460114,71.77600943637877,95.89052685492052,120.13911305569685,43.119650076963914,61.42685442999475,83.26705696988535,106.69474781780318,12.952926719313279,39.99507516448166,63.44794041904936,70.14517164084997,81.55525680428742,108.06627688018389,124.96514432338591,31.516867113451575,32.853648982905035,89.58679039474472,27.578571211584855,35.868723466918865,64.67892372969605,0.0,28.783390191641374,47.32366902491874,59.542020663330625,69.95397003609581,86.7114361147202,100.26822820063755,29.910302267847864,48.816842307799945,61.053554477037046,66.7476149342187,107.18957793463605,4.075416336249501,35.65103340409455
31.61710933731659,26.913137537513723,57.74196198920949,73.63035142592493,122.64290694817007,155.14250585013653,39.90990162169514,82.26258242137453,14.335848597750454,45.40161008166216,71.85741651748344,95.97034298055125,120.21961342737173,43.16130194727892,61.47115624082984,83.34750993007924,106.81319738816953,12.954310999588175,40.03569349934345,63.494644435256085,70.22698972062462,81.63664203762701,108.14507691881887,125.08106737394705,31.556961964275505,32.895690244400136,89.66643110436902,27.61886123959733,35.90941044838443,64.75972354216135,0.0,28.82356822664543,47.3737016209604,59.62328110891097,70.03126167252366,86.7975452954995,100.37998934045801,29.95076637486125,48.862073710445365,61.13371061887965,66.83033628321809,107.30744826614115,4.115511187073431,35.73262052439003
31.658601606788135,26.924123382273304,57.777334397863314,73.71067920557684,122.7554482959654,155.26973449465464,39.95084835246336,82.34332273907489,14.33714458819519,45.44204910380605,71.93882669562055,96.05016517438558,120.30011752924726,43.202953068216104,61.51544875717369,83.42796233498945,106.93166771238694,12.955693703116296,40.0763135218034,63.54133608969274,70.3088100742979,81.71803046408809,108.22387374978669,125.19701818679589,31.59705935377402,32.9377313346692,89.74607706256853,27.65915335114986,35.95009832772907,64.84052798923128,0.0,28.86374871398466,47.42371140120869,59.704545311602516,70.10855718884025,86.88364095420157,100.49179449953616,29.99123216736634,48.907290019215964,61.21387758037248,66.91305728367499,107.42533422829445,4.1556085765719475,35.81421018336009
31.70009387625968,26.935092040973544,57.81271022447674,73.79101619082724,122.867886756612,155.39708324705734,39.99179598782829,82.42406721547236,14.338437292925498,45.48249121045403,72.02023996116155,96.12999341901964,120.38062535236422,43.24460344275674,61.55973201746121,83.50841422164503,107.05015868389964,12.957074832434143,40.11693522693963,63.58801542040702,70.39063269327488,81.79942207312024,108.30266745457301,125.31299661473622,31.63715927491945,32.979772252062574,89.82572825693757,27.699447540796292,35.99078710462801,64.92133705559374,0.0,28.903931646682107,47.47369842950424,59.78581325777738,70.18585664159018,86.96972311449335,100.60364350523074,30.031699641320138,48.95249132650032,61.29405528844367,66.9957779386248,107.54323576764861,4.195708497717379,35.895802373977055
31.74158614573123,26.946043540953756,57.848089520993234,73.87136232043406,122.98022246660358,155.52455191780535,40.03274452536268,82.5048158389923,14.339726723324942,45.52293639106929,72.10165630452066,96.20982769711598,120.46113688779405,43.28625307386986,61.604006059943366,83.58886562668926,107.16867019684018,12.958454390072975,40.15755860985001,63.63468246527364,70.47245756903732,81.88081685422496,108.3814581138355,125.4290025116167,31.677261720710835,33.02181299494379,89.9053846751107,27.739743803109885,36.0314767787473,65.00215072600655,0.0,28.94411701778806,47.523662769573164,59.867084933880605,70.2631600866096,87.0557918005572,100.71553618529528,30.07216879269225,48.997677723910535,61.37424367070257,67.07849825108735,107.66115283098797,4.235810943508762,35.97739708923999
31.783078415202773,26.956977909542758,57.88347233864058,73.95171753376788,123.09245556458556,155.6521403154528,40.07369396264883,82.58556859810308,14.341012890728315,45.5633846351565,72.18307571615452,96.28966799140335,120.54165212663875,43.32790196451198,61.648270922688056,83.66931658638325,107.28720214602485,12.959832378558538,40.19818366565178,63.681337261995566,70.55428469314181,81.96221479695484,108.46024580741167,125.54503573232199,31.717366684173534,33.063853561689335,89.98504630476207,27.780042132683008,36.072167349743694,65.08296898529667,0.0,28.984304820379734,47.573604485026216,59.94836032642932,70.34046757903216,87.14184703707949,100.82747236788204,30.11263961746466,49.042849302290215,61.45444265543187,67.161218224067,107.77908536532657,4.27591590697146,36.058994322174236
31.824570684674317,26.96789517405889,57.91885872794029,74.03208177080344,123.20458619133825,155.77984824666396,40.114644297278794,82.66632548131626,14.342295806422094,45.60383593226212,72.26449818656204,96.36951428467644,120.62217106003094,43.36955011762746,61.69252664358117,83.74976713660917,107.40575442694823,12.961208800411304,40.23881038948178,63.7279798481062,70.63611405721883,82.0436158909136,108.53903061432635,125.66109613276487,31.75747415835934,33.10589395068876,90.06471313360579,27.82034252412725,36.11285881726498,65.16379181836011,0.0,29.024495047561306,47.6235236393586,60.029639422012444,70.41777917329532,87.22788884924068,100.93945188154741,30.153112111631838,49.088006151722716,61.53465217158032,67.24393786055279,107.89703331790784,4.316023381157268,36.140594065831586
31.86606295414586,26.978795361809468,57.95424873871608,74.11245497211182,123.31661448975873,155.9076755162288,40.155595526854086,82.74708647718607,14.343575481644425,45.64429027197361,72.34592370628407,96.44936655979525,120.70269367913329,43.41119753614825,61.73677326032734,83.83021731287383,107.52432693577835,12.96258365814634,40.279438776496015,63.77461026097093,70.71794565297091,82.1250201257554,108.61781261279933,125.77718356987769,31.79758413634612,33.147934160344334,90.14438514939535,27.86064497207312,36.15355118094986,65.24461921016123,0.0,29.064687692463533,47.67342029594923,60.11092220729004,70.49509492314634,87.31391726270446,101.05147455525575,30.193586271200548,49.13314836153897,61.61487214875496,67.32665716351838,108.01499663620275,4.3561333591440485,36.222196313289906
31.907555223617404,26.989678500090857,57.989642420103266,74.1928370788533,123.42854060484319,156.03562192707938,40.19654764898586,82.8278515743094,14.344851927585657,45.684747643919835,72.42735226590324,96.52922479968522,120.78321997513868,43.45284422299423,61.781010810451164,83.91066715031195,107.64291956935219,12.963956954273453,40.32006882186978,63.821228537788635,70.79977947217179,82.20642749118498,108.69659188025278,125.89329790160382,31.837696611237902,33.1899741890712,90.22406233992356,27.900949471170172,36.19424444042828,65.32545114573266,0.0,29.104882748243924,47.72329451806041,60.19220866899291,70.57241488164854,87.39993230360787,101.16354021838434,30.23406209218995,49.17827602032545,61.69510251721392,67.40937613592219,108.13297526790912,4.39624583403583,36.30380105765323
31.949047493088948,27.00054461618801,58.02503982055698,74.27322803276924,123.54036468366911,156.16368728030636,40.237500661294725,82.90862076132554,14.346125155388362,45.72520803777052,72.50878385604356,96.60908898733666,120.8637499392702,43.494490181073076,61.825239331297944,83.99111668368974,107.7615322251703,12.96532869129712,40.36070052079753,63.86783471559362,70.88161550666486,82.2878379769568,108.77536849331864,126.00943898688995,31.87781157616462,33.232014035297155,90.3037446930226,27.941256016086808,36.23493859532134,65.40628761017467,0.0,29.145080208086373,47.773146368837274,60.27349879392203,70.64973910118718,87.48593399855086,101.27564870072753,30.274539570631475,49.22338921593187,61.77534320785927,67.49209478070748,108.25096916095035,4.43636079896255,36.385408292051494
31.99053976256049,27.011393737374195,58.06044098786097,74.3536277761751,123.65208687537677,156.2918713751755,40.278454561410605,82.98939402691583,14.347395176147574,45.76567144323611,72.59021846737038,96.6889591058043,120.9442835627806,43.53613541328028,61.869458860034655,84.0715659474079,107.88016480139214,12.966698871716465,40.40133386849261,63.91442883125685,70.96345374836194,82.36925157287503,108.85414252784598,126.12560668567704,31.91792902428194,33.27405369746251,90.38343219656342,27.981564601510097,36.27563364524144,65.48712858865477,0.0,29.18528006520108,47.822975911307196,60.35479256894801,70.7270676334755,87.57192237458621,101.38779983250069,30.315018702568686,49.26848803547882,61.855594152229415,67.57481310080217,108.36897826347412,4.476478247079868,36.467018009640356
32.032032032032035,27.02222589091105,58.095845969136285,74.43403625195283,123.76370733115152,156.420174009144,40.31940934697295,83.07017135980382,14.3486620009112,45.80613785006791,72.6716560905899,96.76883513820746,121.02482083695253,43.577779922499424,61.913669433651,84.1520149755053,107.99881719683142,12.968067498025423,40.44196886018741,63.96101092148773,71.04529418924221,82.45066826879318,108.93291405890837,126.24180085889344,31.95804894877133,33.31609317402022,90.46312483845603,28.021875222145948,36.31632958979252,65.56797406640756,0.0,29.225482312824493,47.87278320837958,60.43608998101071,70.80440052956081,87.65789745921002,101.49999344434497,30.35549948405749,49.31357256536558,61.93585528249254,67.65753109911934,108.48700252385144,4.516598171569254,36.54863020360129
32.07352430150358,27.03304110404799,58.131254810849164,74.51445340354392,123.87522620420523,156.54859497787763,40.36036501563044,83.15095274875472,14.349925640680071,45.84660724805749,72.7530967164492,96.84871706772924,121.10536175309818,43.61942371160201,61.95787108896018,84.23246380166194,108.1174893109513,12.969434572712634,40.482605491133135,64.00758102283562,71.12713682135094,82.53208805461382,109.01168316081106,126.35802136844563,31.998171342839747,33.358132463435545,90.54282260664907,28.0621878727188,36.35702642856996,65.64882402873407,0.0,29.265686944219137,47.92256832284516,60.51739101711872,70.88173783983028,87.7438592803516,101.61222936733081,30.395981911165837,49.35864289127733,62.01612653143912,67.74024877855679,108.60504189067554,4.55672056563767,36.63024486714126
32.11501657097512,27.043839404022176,58.16666755881963,74.59487917494211,123.98664364975816,156.67713407526725,40.40132156504104,83.23173818257534,14.351186106408251,45.887079627036755,72.83454033573585,96.9286048776165,121.18590630255925,43.661066783447595,62.00206386259993,84.31291245920242,108.23618104385955,12.970800098261469,40.52324375659965,64.05413917169123,71.20898163679833,82.61351092028798,109.09044990709816,126.47426807721126,32.038296199719596,33.40017156418614,90.62252548912973,28.102502547971607,36.397724161160795,65.72967846100151,0.0,29.305893952673387,47.97233131737565,60.598695664348796,70.95907961401677,87.82980786636394,101.72450743296221,30.436465979973796,49.40369909819277,62.09640783247534,67.82296614199751,108.72309631276062,4.596845422517521,36.71186199349265
32.15650884044667,27.054620818058243,58.20208425822934,74.67531351068645,124.09795982502023,156.80579109344632,40.44227899287195,83.312527650114,14.35244340900327,45.92755497687774,72.9159869392776,97.00849855117943,121.26645447670664,43.70270914088387,62.04624779103336,84.39336098109908,108.35489229630387,12.972164077150126,40.56388365187552,64.1006854042881,71.29082862775833,82.69493685581529,109.16921437055962,126.59054084903036,32.07842351266861,33.44221047476187,90.70223347392356,28.14281924266579,36.43842278714378,65.81053734864292,0.0,29.346103331501602,48.02207225452332,60.68000390984551,71.03642590120496,87.9157432460142,101.83682747318046,30.476951686573514,49.448741270391295,62.176699119615996,67.90568319230952,108.84116573914092,4.63697273546653,36.793481575913205
32.19800110991821,27.065385373368017,58.23750495362973,74.75575635585454,124.20917488917249,156.93456582280723,40.48323729679949,83.39332114026011,14.353697559326292,45.968033287492375,72.99743651794225,97.08839807179142,121.34700626694077,43.7443507867466,62.0904229105499,84.4738093999752,108.47362296966726,12.973526511851503,40.60452517226782,64.14721975670392,71.37267778646773,82.7763658512432,109.2479766232385,126.70683954869818,32.11855327496967,33.48424919366479,90.7819465490943,28.183137951581084,36.47912230608949,65.89140067715664,0.0,29.386315074043658,48.07179119672042,60.761315740820585,71.11377674983675,88.00166544847427,101.94918932036794,30.517439027069113,49.49376949146037,62.25700032747797,67.98839993234594,108.95925011906934,4.677102497767591,36.87510360768581
32.23949337938976,27.076133097150333,58.27292968894984,74.83620765605568,124.32028900334862,157.06345805201926,40.52419647450915,83.47411864194422,14.354948568192441,46.00851454883243,73.07888906263746,97.16830342288854,121.42756166469077,43.78599172385986,62.13458925726626,84.55425774810828,108.59237296596369,12.974887404833364,40.64516831310205,64.19374226486225,71.45452910522503,82.85779789666707,109.32673673643792,126.8231640419571,32.158685479930774,33.52628771940904,90.86166470274382,28.22345866951553,36.5198227175604,65.97226843210615,0.0,29.426529173665035,48.12148820627886,60.842631144552655,71.19113220771737,88.08757450331167,102.06159280735193,30.55792799757671,49.53878384430251,62.337311391273396,68.0711163649451,109.07734940201676,4.717234702728697,36.95672808211845
32.2809856488613,27.086864016590805,58.3083585075041,74.91666735742412,124.4313023306159,157.19246756804534,40.56515652369545,83.55492014413763,14.356196446370959,46.048998750889254,73.16034456431036,97.24821458796943,121.50812066141513,43.82763195503587,62.17874686712721,84.63470605743296,108.71114218783295,12.976246758558284,40.68581306972209,64.24025296453355,71.53638257638933,82.9392329822296,109.40549478072778,126.93951419548885,32.19882012088485,33.56832605052074,90.94138792301182,28.263781391285356,36.56052402111103,66.05314059911946,0.0,29.466745623756644,48.17116334538981,60.92395010838664,71.26849232202102,88.17347044048012,102.17403776740802,30.598418594224338,49.58378441114246,62.417632246803066,68.15383249293063,109.19546353767048,4.757369343682773,37.03835499254407
32.322477918332844,27.097578158861577,58.3437914519999,74.99713540661259,124.54221503595647,157.32159415616002,40.606117442061965,83.63572563585225,14.357441204585447,46.08948588369358,73.24180301394759,97.32813155059489,121.58868324860074,43.86927148307523,62.222895775906586,84.71515435954444,108.82993053853659,12.977604575483682,40.72645943749009,64.2867518913367,71.61823819237937,83.02067109812063,109.48425082595192,127.05588987690699,32.23895719118966,33.61036418553796,91.02111619807575,28.304106111724888,36.60122621628796,66.13401716388896,0.0,29.506964417734736,48.22081667612316,61.00527261973331,71.34585713929638,88.2593532903107,102.28652403426379,30.638910813151924,49.6287712735342,62.4979628304502,68.23654831911144,109.31359247593348,4.797506413987584,37.11998433232043
32.36397018780439,27.108275551121054,58.37922856454519,75.07761175078582,124.65302728624849,157.45083759996612,40.6470792273212,83.71653510614058,14.35868285351408,46.1299759373155,73.32326440257467,97.40805429438764,121.6692494177635,43.91091031076683,62.267036019208156,84.79560268570138,108.94873792195312,12.978960858061757,40.767107411786334,64.33323908074019,71.70009594567253,83.10211223457665,109.56300494123474,127.17229095474943,32.27909668422767,33.652402123010575,91.10084951615069,28.34443282568648,36.64192930263,66.2148981121709,0.0,29.547185549040698,48.2704482604272,61.086598666068866,71.42322670547249,88.34522308350293,102.3990514421021,30.67940465051121,49.673744512367676,62.578303079173565,68.31926384628177,109.4317361669232,4.837645907025592,37.20161609482998
32.40546245727593,27.118956220513766,58.41466988665598,75.15809633761417,124.76373925024689,157.58019768141338,40.68804187719457,83.79734854409524,14.359921403789839,46.170468901864155,73.40472872125606,97.48798280303194,121.74981916044771,43.952548440887995,62.31116763246642,84.87605106682892,109.06756424257371,12.980315608739643,40.80775698800915,64.37971456806348,71.78195582880392,83.1835563818809,109.64175719498796,127.28871729847043,32.319238593405906,33.6944398615002,91.1805878654891,28.384761528040404,36.6826332796682,66.29578342978505,0.0,29.587409011141016,48.32005816012812,61.167928234934415,71.50060106586426,88.4310798511159,102.5116198255645,30.719900102465715,49.71870420787576,62.65865293050153,68.40197907722131,109.54989456097046,4.877787816203836,37.283250273479766
32.44695472674748,27.129620194170077,58.45011545926354,75.23858911526722,124.87435109856446,157.70967418081503,40.7290053894124,83.878165938849,14.361156866000739,46.210964767487546,73.48619596109499,97.5679170602735,121.83039246822605,43.99418587620447,62.355290650947666,84.95649953352205,109.18640940549764,12.981668829959313,40.84840816157491,64.42617838847829,71.86381783436542,83.26500353036265,109.72050765491747,127.40516877843365,32.359382912155915,33.73647739958017,91.2603312343807,28.425092213674827,36.723338146926,66.3766731026144,0.0,29.627634797526987,48.3696464369297,61.24926131393559,71.57798026517801,88.51692362455965,102.62422901975448,30.760397165190746,49.76365043964092,62.73901232252561,68.48469401469526,109.66806760861846,4.917932134953845,37.36488686170132
32.48844699621902,27.140267499205972,58.48556532272174,75.31909003240771,124.98486300365263,157.83926687686676,40.76996976171379,83.95898727957444,14.362389250690033,46.25146352437254,73.56766611323293,97.64785704991901,121.9109693326997,44.035822619470494,62.39940510975065,85.03694811604811,109.30527331642776,12.983020524157647,40.8890609279178,64.4726305770098,71.94568195500477,83.34645367039711,109.79925638802985,127.52164526590447,32.39952963393357,33.77851473583535,91.34007961115235,28.46542487749568,36.76404390391931,66.45756711660474,0.0,29.667862901714834,48.419213152412894,61.33059789074206,71.65536434751705,88.60275443558666,102.73687886024062,30.800895834873295,49.80858328660194,62.81938119389426,68.56740866145441,109.78625526062159,4.958078856731495,37.446525852950515
32.529939265690565,27.150898162722882,58.52101951681412,75.39959903818553,125.09527513978212,157.9689755466636,40.81093499184667,84.039812555484,14.363618568356488,46.29196516274466,73.64913916884974,97.72780275583577,121.9915497454978,44.07745867342892,62.44351104380769,85.11739684435042,109.42415588166644,12.984370693766452,40.92971528248988,64.519071168538,72.02754818342466,83.42790679240514,109.87800346063895,127.63814663304262,32.43967875221902,33.820551868862225,91.41983298416793,28.505759514426643,36.80475055015662,66.53846545776433,0.0,29.70809331724554,48.46875836803544,61.41193795308714,71.73275335638724,88.68857231628334,102.84956918305974,30.841396107712043,49.8535028270603,62.899759483806925,68.65012302023501,109.90445746794458,4.998227975016941,37.5281672407075
32.571431535162105,27.161512211807374,58.55647808076091,75.48011608223146,125.20558768302381,158.09879996571811,40.85190107756763,84.12064175582947,14.364844829454478,46.33246967286769,73.73061511916313,97.80775416195185,122.07213369827772,44.11909404081109,62.48760848788526,85.19784574805064,109.54305700811095,12.985719341212414,40.97037122076086,64.56550019779846,72.10941651238187,83.50936288685283,109.95674893837244,127.75467275289519,32.479830260516465,33.8625887972686,91.49959134182798,28.54609611940896,36.845458085139,66.61936811216354,0.0,29.74832603768444,48.51828214513141,61.493281488767245,71.81014733470224,88.77437729906168,102.96229982471978,30.881897979917248,49.89840913868693,62.980147132007765,68.73283709375912,110.02267418176125,5.038379483314394,37.6098110184765
32.61292380463365,27.172109673531004,58.591941053226,75.56064111465147,125.31580081122912,158.22873990797882,40.89286801664201,84.20147486990209,14.366068044394343,46.372977045043825,73.81209395542857,97.88771125225517,122.15272118272463,44.16072872433707,62.53169747658511,85.27829485645219,109.6619766032491,12.987066468917204,41.0110287382181,64.611917699384,72.19128693468649,83.59082194425145,110.03549288617835,127.87122349938878,32.5199841523542,33.9046255196737,91.57935467256989,28.58643468740146,36.886166508360304,66.70027506593448,0.0,29.788561056621436,48.56778454491092,61.57462848564155,71.88754632478918,88.86016941665115,103.07507062220279,30.9224014477108,49.943302298528444,63.060544078779955,68.81555088473442,110.1409053534535,5.078533375152122,37.69145717978577
32.65441607410519,27.18269057495008,58.62740847232381,75.64117408602078,125.42591470401086,158.35879514584784,40.93383580684373,84.28231188703221,14.36728822354251,46.41348726961333,73.89357566893915,97.96767401079384,122.23331219055156,44.20236272671556,62.57577804434498,85.35874419854291,109.78091457515525,12.988412079297412,41.05168783036644,64.65832370774561,72.273159443201,83.67228395515689,110.1142353683313,127.98779874732296,32.56014042128434,33.94666203470803,91.65912296486741,28.62677521338042,36.92687581930716,66.78118630527064,0.0,29.828798367670768,48.617265628459755,61.65597893163154,71.96495036839383,88.94594870209055,103.18788141296785,30.96290650732607,49.988182383013516,63.14095026493952,68.89826439585445,110.25915093461047,5.118689644082268,37.77310571818746
32.69590834357675,27.19325494310541,58.66288037562584,75.7217149473781,125.53592954272341,158.48896545019903,40.974804445955286,84.36315279658913,14.36850537722171,46.45400033695438,73.9750602510252,98.04764242167536,122.31390671349918,44.243996050644014,62.61985022543946,85.43919380299793,109.8998708324857,12.989756174764572,41.09234849272818,64.7047182571935,72.35503403083943,83.75374891016939,110.19297644843896,128.10439837236288,32.600299060882804,33.98869834101324,91.73889620723067,28.6671176923395,36.967586017459084,66.86210181642659,0.0,29.86903796447081,48.666725456738945,61.7373328147205,72.042359506686,89.03171518871987,103.30073203495357,31.00341315500795,50.03304946795921,63.22136563182971,68.98097762979849,110.3774108770272,5.158848283680736,37.85475662725747
32.73740061304829,27.203802805022207,58.69835680016766,75.80226365022,125.64584551044364,158.61925059039658,41.015773931767754,84.44399758798104,14.369719515711312,46.49451623748301,74.05654769305428,98.12761646906662,122.39450474333572,44.285628698808694,62.66391405398095,85.51964369818292,110.01884528447486,12.991098757725283,41.13301072084305,64.7511013818984,72.43691069056679,83.83521679993366,110.27171618944853,128.22102225103237,32.64046006474922,34.0307344372422,91.81867438820606,28.707462119289705,37.00829710228864,66.9430215857176,0.0,29.909279840684093,48.71616409058454,61.818690122953264,72.119773780265,89.11746891017275,103.41362232658113,31.043921387012812,50.077903628577104,63.30179012131522,69.06369058923175,110.49568513270387,5.199009287547146,37.93640990059543
32.778892882519834,27.214334187709657,58.73383778245501,75.88282014649555,125.75566279195057,158.7496503343128,41.056744262080656,84.5248462506546,14.370930649247326,46.5350349616528,74.13803798643069,98.20759613719369,122.4751062718569,44.32726067388465,62.70796956392032,85.60009391215627,110.13783784093063,12.992439830581054,41.17367451026791,64.79747311589247,72.51878941539802,83.91668761513806,110.35045465365253,128.33767026070643,32.680623426506685,34.072770322058744,91.898457496376,28.747808489259228,37.04900907326135,67.0239455995193,0.0,29.949523989997047,48.76558159070703,61.90005084443555,72.19719322916458,89.20320990036844,103.52655212675656,31.08443119960837,50.12274493947939,63.38222367577659,69.14640327680546,110.61397365384447,5.23917264930461,38.01806553182443
32.820385151991374,27.224849118160936,58.76932335847065,75.96338438860025,125.86538157370666,158.88016444834687,41.09771543470202,84.60569877409505,14.37213878802281,46.57555649995482,74.21953112259555,98.28758141034129,122.55571129088561,44.368891978535856,62.75201678904792,85.68054447267271,110.25684841223061,12.993779395728474,41.21433985657689,64.84383349307046,72.60067019839742,83.99816134651448,110.4291919026956,128.45434227960513,32.7207891398018,34.11480599413772,91.97824552035881,28.788156797293468,37.08972192983599,67.10487384426733,0.0,29.989770406120023,48.81497801769127,61.98141496733378,72.27461789285847,89.28893819350422,103.63952127487349,31.124942589073775,50.16757347468502,63.462666238104276,69.22911569515679,110.7322763928562,5.279338362599731,38.0997235145911
32.86187742146292,27.235347623352943,58.80481356368072,76.04395632937134,125.9750020438372,159.01079269744304,41.13868744744827,84.68655514782583,14.373343942188022,46.61608084291751,74.30102709302646,98.3675722728528,122.63631979227208,44.41052261541524,62.79605576299439,85.7609954071854,110.37587690931764,12.995117455559123,41.255006755361215,64.89018254719086,72.682553032678,84.07963798483848,110.50792799758007,128.57103818678604,32.76095719830455,34.156841452164926,92.05803844880865,28.828507038454926,37.13043567146456,67.18580630645708,0.0,30.030019082787195,48.864353431996065,62.06278247987458,72.35204781026547,89.3746538240479,103.75252961081542,31.16545555169952,50.21238930762565,63.54311775169362,69.31182784690903,110.85059330234816,5.319506421102479,38.181383842565396
32.90336969093446,27.245829730245898,58.84030843304065,76.12453592208193,126.0845243921113,159.14153484510888,41.17966029814409,84.76741536140842,14.374546121850496,46.65660798110635,74.38252588923716,98.44756870912965,122.71693176789348,44.452152587164576,62.84008651923128,85.84144674284907,110.4949232436961,12.996454012459601,41.29567520222903,64.93652031187656,72.76443791140044,84.1611175209284,110.58666299867235,128.6877578621378,32.80112759570799,34.19887669483686,92.13783627041514,28.868859207823007,37.17115029759227,67.26674297264316,0.0,30.070270013756048,48.91370789395362,62.144153370344235,72.42948301975441,89.46035682673039,103.86557697495819,31.205970083787268,50.25719251115134,63.62357816043885,69.39453973467151,110.96892433513034,5.359676818505917,38.26304650944038
32.94486196040601,27.256295465783396,58.875808001001694,76.20512312043577,126.19394880992175,159.27239065343443,41.22063398462262,84.84827940444232,14.37574533707548,46.69713790512383,74.46402750277761,98.52757070363144,122.79754720965406,44.49378189641482,62.88410909107224,85.92189850652291,110.61398732742745,12.997789068811638,41.33634519280553,64.98284682061632,72.84632482777263,84.24259994564544,110.66539696570885,128.80450118637293,32.841300325728426,34.24091172086089,92.21763897390352,28.90921330049416,37.21186580765783,67.3476838294393,0.0,30.110523192807914,48.96304146376958,62.2255276270885,72.50692355914958,89.54604723653823,103.97866320817229,31.246486181650074,50.30198315753681,63.70404740872813,69.47725136103988,111.0872694442128,5.399849548526356,38.34471150893236
32.98635422987755,27.2667448568921,58.91131230151704,76.28571787856265,126.30327549026528,159.40335988310957,41.26160850472517,84.92914726656468,14.37694159788596,46.73767060560935,74.5455319252335,98.60757824087533,122.87816610948485,44.535410545785886,62.928123511673526,86.00235072477292,110.73306907312646,12.999122626991937,41.37701672273265,65.0291621067655,72.92821377504906,84.32408524989334,110.74412995780202,128.92126804102182,32.881475382105116,34.28294652895503,92.2974465480343,28.94956931158163,37.252582201093375,67.42862886351787,0.0,30.15077861374732,49.01235420152247,62.30690523851207,72.58436946573555,89.63172508870659,104.0917881518251,31.287003841612105,50.346761318486784,63.784525441437964,69.5599627285959,111.20562858280452,5.440024604903041,38.42637883478058
33.027846499349096,27.277177930481443,58.94682136804767,76.36632015101229,126.41250462772278,159.5344422934439,41.30258385630129,85.01001893745023,14.378134914262928,46.778206073238906,74.6270391482263,98.6875913054359,122.95878845934334,44.57703853788685,62.972129814034936,86.08280342387485,110.85216839395709,13.000454689372338,41.41768978766907,65.07546620354708,73.0101047465299,84.40557342461805,110.8228620334462,129.0380583084254,32.921652758600175,34.32498111784785,92.37725898160315,28.98992723621545,37.293299477324574,67.50957806160959,0.0,30.191036270402154,49.06164616716341,62.38828619307817,72.66182077626232,89.71739041871184,104.20495164778286,31.327523060008694,50.3915270651419,63.865012203927996,69.64267383990774,111.32400170431244,5.480201981398108,38.5080484807472
33.069338768820636,27.287594713443596,58.98233523356849,76.44692989275022,126.52163641843944,159.6656376423846,41.34356003720874,85.09089440681113,14.379325296145637,46.81874429872493,74.70854916341281,98.76760988194505,123.03941425121407,44.61866587531593,63.016128031000655,86.16325662981684,110.97128520362851,13.001785258319806,41.458364383290224,65.1217591440526,73.09199773556058,84.48706446080752,110.90159325052356,129.1548718717287,32.961832448998585,34.36701548627853,92.45707626344085,29.030287069542403,37.33401763577079,67.59053141050322,0.0,30.23129615662347,49.11091742051595,62.46967047930823,72.7392775269503,89.80304326226491,104.31815353841291,31.368043833186373,50.43628046808437,63.94550764203582,69.72538469752989,111.44238876234061,5.520381671796518,38.58972044061716
33.11083103829218,27.297995232653072,59.01785393057401,76.52754705915233,126.63067106010477,159.79694568653485,41.384537045313344,85.17177366439668,14.38051275343164,46.85928527281633,74.79006196248515,98.84763395509141,123.12004347710757,44.66029256066052,63.06011819525997,86.243710368302,111.09041941639128,13.00311433619629,41.49904050528797,65.16804096124312,73.17389273553088,84.56855834949134,110.98032366630979,129.2717086148748,33.00201444710788,34.4090496329966,92.5368983824129,29.070648806725774,37.374736675844964,67.6714888970451,0.0,30.271558266285233,49.16016802127555,62.551058085781364,72.81673975349518,89.88868365530395,104.43139366658569,31.408566157502605,50.48102159734334,64.0260117020717,69.80809530400315,111.56078971068892,5.5605636699058145,38.671394708197994
33.15232330776372,27.308379514966795,59.05337749108436,76.60817160600016,126.73960875193292,159.92836618117326,41.42551487848914,85.25265669999332,14.38169729597727,46.899828986298154,74.87157753717042,98.92766350962037,123.20067612906118,44.70191859649737,63.10410033934826,86.32416466475135,111.20957094703331,13.004441925359043,41.53971814937094,65.21431168795034,73.25578973987477,84.65005508174076,111.05905333748012,129.38856842259776,33.04219874675834,34.45108355676213,92.61672532741984,29.111012442945622,37.41545659695397,67.75245050813913,0.0,30.311822593284678,49.209398029009584,62.63244900113424,72.89420749107323,89.97431163398802,104.54467187567667,31.449090029326086,50.52575052240072,64.10652433081387,69.89080566185498,111.67920450335248,5.600747969556268,38.75307127731999
33.19381557723527,27.318747587223594,59.08890594665083,76.68880348947603,126.84844969464234,160.05989888027196,41.46649353461813,85.33354350342434,14.382878933597562,46.94037542999153,74.95309587923069,99.00769853033364,123.2813121991382,44.74354398539241,63.148074495647485,86.40461954430597,111.32873971087591,13.005768028160338,41.580397311263916,65.26057135687715,73.33768874206925,84.73155464866791,111.13778232011454,129.5054511804162,33.08238534180256,34.49311725634541,92.69655708739654,29.15137797339833,37.45617739849846,67.83341623074617,0.0,30.352089131541433,49.25860750315678,62.713843214060354,72.97168077434554,90.05992723468988,104.65798800956817,31.48961544503638,50.57046731219633,64.18704547550301,69.97351577359929,111.79763309452044,5.640934564600498,38.83475014183576
33.23530784670681,27.329099476244217,59.124439328361504,76.76944266615817,126.95719409043664,160.19154353651558,41.50747301159033,85.41443406454974,14.384057676066604,46.98092459475347,75.0346169804627,99.0877390020891,123.36195167942806,44.78516872990099,63.19204069638732,86.48507503182995,111.44792562377023,13.007092646947624,41.62107798670817,65.30682000059885,73.41958973563412,84.81305704142626,111.21651066970418,129.62235677462758,33.122574226115596,34.53515073052699,92.77639365131256,29.191745393296753,37.49689907987303,67.91438605188381,0.0,30.39235787499824,49.307796503027056,62.795240713309894,73.0491596374635,90.14553049398964,104.77134191265117,31.53014240102408,50.61517203513337,64.26757508383771,70.05622564173659,111.91607543857502,5.681123448913524,38.916431295620335
33.27680011617836,27.339435208831038,59.15997766684686,76.8500890930163,127.06584214298361,160.32329990131987,41.54845330730376,85.49532837326605,14.385233533117702,47.021476471476646,75.11614083269743,99.1677849098004,123.44259456204627,44.82679283256784,63.2359989736457,86.56553115191291,111.56712860209309,13.008415784063551,41.6617601714612,65.35305765156383,73.50149271413126,84.89456225120958,111.29523844115614,129.73928509230097,33.16276539359469,34.577183978097636,92.85623500817164,29.23211469787009,37.53762164046627,67.99535995862605,0.0,30.432628817620262,49.35696508780133,62.87664148768927,73.12664411407329,90.23112144866822,104.88473342982705,31.570670893690654,50.65986475908374,64.34811310396933,70.13893526875401,112.03453149009064,5.721314616392622,38.998114732570976
33.318292385649904,27.349754811767944,59.19552099228552,76.93074272740675,127.17439405739614,160.45516772485064,41.58943441966435,85.57622641950624,14.386406514443593,47.062031051089456,75.19766742780043,99.24783623843686,123.52324083913425,44.868416295927126,63.27994935934972,86.64598792887234,111.68634856274349,13.009737441845925,41.70244386129669,65.39928434209463,73.58339767116418,84.97607026925226,111.37396568879961,129.85623602127183,33.202958838159304,34.619216997858224,92.93608114701183,29.27248588236384,37.578345079660906,68.07633793810307,0.0,30.472901953395212,49.40611331653112,62.95804552606075,73.20413423732062,90.3167001357009,104.99816240650925,31.61120091944851,50.70454555139339,64.4286594844974,70.22164465712548,112.15300120383291,5.761508060957231,39.07980044660714
33.359784655121445,27.36005831182001,59.23106933440902,77.01140352706798,127.28285004021168,160.58714675604227,41.63041634658585,85.65712819323939,14.387576629696571,47.10258832455556,75.27919675767102,99.3278929730231,123.60389050285922,44.91003912250241,63.323891885276325,86.72644538675631,111.80558542313842,13.011057622627693,41.74312905200436,65.44550010438851,73.66530460037714,85.05758108682885,111.45269246639118,129.97320945013442,33.243154553750855,34.661249788619585,93.01593205690513,29.31285894203959,37.619069396833716,68.1573199775007,0.0,30.51317727633312,49.455241248138286,63.039452817341996,73.28163003985564,90.40226659225095,105.11162868862486,31.651732474720816,50.74921447888718,64.50921417446433,70.30435380931154,112.27148453475775,5.801703776548781,39.16148843167023
33.40127692459299,27.37034573573346,59.2666227225078,77.09207145011631,127.39121029937279,160.71923674261663,41.67139908598997,85.73803368447074,14.388743888488813,47.14314828287405,75.3607288142427,99.40795509863884,123.68454354541402,44.951661314806934,63.36782658305325,86.80690354934602,111.92483910120971,13.012376328737133,41.783815739390086,65.49170497051868,73.74721349545509,85.13909469525377,111.53141882712015,130.09020526823707,33.28335253433281,34.70328234920266,93.09578772695751,29.35323387217522,37.659794591355805,68.23830606406038,0.0,30.553454780466495,49.50434894141498,63.12086335050593,73.35913155383767,90.4878208556635,105.2251321226162,31.692265555941642,50.79387160787451,64.5897771233514,70.3870627277597,112.38998143801034,5.841901757130741,39.243178681723734
33.44276919406453,27.380617110235345,59.30218118543608,77.17274645504102,127.49947504420668,160.85143743110194,41.71238263580611,85.81894288324135,14.389908300392438,47.183710917079026,75.44226358948245,99.48802260041867,123.76519995901691,44.99328287534339,63.41175348415963,86.88736244015813,112.0441095153999,13.013693562497627,41.824503919275536,65.53789897243482,73.82912435012274,85.22061108588119,111.61014482361423,130.20722336567525,33.32355277389042,34.74531467843819,93.17564814630873,29.39361066806455,37.70052066259254,68.31929618507871,0.0,30.593734459849824,49.55343645502312,63.20227711458007,73.43663881093961,90.57336296345939,105.33867255544217,31.732800159555755,50.838517004153886,64.67034828107367,70.46977141490424,112.50849186892422,5.882101996688349,39.32487119075288
33.48426146353608,27.390872462033474,59.33774475161727,77.25342850070051,127.6076444854057,160.9837485668516,41.753366993971504,85.89985577962801,14.391069874939792,47.224276218239616,75.52380107539084,99.56809546355174,123.84585973591189,45.03490380660412,63.4556726199268,86.96782208244726,112.1633965846585,13.015009326227858,41.86519358749831,65.58408214196405,73.91103715814417,85.30213025010468,111.68887050794469,130.3242636332857,33.36375526643069,34.78734677516681,93.25551330413218,29.433989325017436,37.74124760990363,68.40029032790706,0.0,30.634016308559755,49.60250384749435,63.28369409864638,73.51415184235289,90.65889295332903,105.45224983457983,31.77333628201867,50.88315073301823,64.7509275979753,70.55247987316649,112.62701578302057,5.922304489228611,39.40656595276469
33.52575373300762,27.40111181781611,59.37331344904893,77.3341175463177,127.71571883500712,161.1161698940628,41.79435215843107,85.98077236374314,14.392228621623605,47.26484417745977,75.60534126400182,99.6481736732815,123.92652286836805,45.076524111071144,63.4995840215392,87.04828249920857,112.28270022843873,13.016323622241734,41.905884739911805,65.63025451081164,73.99295191332243,85.38365217935703,111.76759593163172,130.44132596264038,33.40396000598226,34.82937863823892,93.33538318963478,29.47436983835966,37.781975432643264,68.48128847995149,0.0,30.674300320694922,49.651551177229706,63.36511429184085,73.59167067879184,90.74441086312652,105.5658638080256,31.81387391979661,50.92777285925983,64.83151502482535,70.6351881049547,112.74555313600688,5.96250922878019,39.48826296178781
33.567246002479166,27.411335204251888,59.40888730530803,77.41481355147582,127.82369830637325,161.2487011557953,41.835338127137426,86.06169262573451,14.393384549897208,47.30541478587819,75.6868841473824,99.72825721490557,124.00718934868001,45.11814379121618,63.54348772003493,87.12874371317994,112.40202036669365,13.01763645284846,41.94657737238513,65.67641611056193,74.07486860949876,85.4651768651099,111.84632114564971,130.5584102460406,33.44416698659535,34.871410266514616,93.4152577920568,29.51475220343285,37.82270413016013,68.56229062867223,0.0,30.714586490375872,49.70057850249947,63.44653768335307,73.66919535049838,90.82991673086389,105.67951432429649,31.854413069366416,50.972383447175,64.91211051281302,70.71789611266416,112.8641038837764,6.002716209393277,39.56996221187244
33.608738271950706,27.421542647989483,59.44446634755565,77.49551647611426,127.93158311417164,161.38134209399027,41.87632489805077,86.14261655578507,14.394537669174616,47.34598803466787,75.76842971763247,99.8083460737753,124.08785916916707,45.15976284950062,63.58738374630657,87.20920574684453,112.52135691987223,13.018947820352414,41.98727148080293,65.72256697267903,74.15678724055236,85.54670429887365,111.92504620043238,130.67551637651115,33.48437620234152,34.91344165886359,93.49513710067171,29.55513641559435,37.86343370179743,68.6432967615835,0.0,30.754874811744752,49.74958588144281,63.52796426242591,73.74672588724647,90.91541059470511,105.79320123243156,31.89495372721552,51.016982560569126,64.99271401354318,70.80060389867728,112.98266798240685,6.04292542513945,39.65166369709016
33.65023054142225,27.431734175657667,59.48005060254222,77.57622628052452,128.03937347435505,161.51409244948948,41.91731246913898,86.22354414411296,14.395687988830929,47.38656391503641,75.8499779668849,99.88844023529573,124.16853232217383,45.20138128837577,63.63127213110207,87.28966862243317,112.64070980891668,13.020257727053387,42.02796706106556,65.76870712850759,74.23870780039982,85.62823447219725,112.00377114587808,130.7926442477943,33.5245876473138,34.95547281416521,93.57502110478619,29.595522470217333,37.90416414689312,68.72430686625322,0.0,30.795165278965545,49.798573372067736,63.60939401835528,73.82426231834667,91.0008924929607,105.90692438199281,31.935495889841995,51.061570262761535,65.0733254790323,70.88331146536373,113.10124538816005,6.083136870111726,39.73336741153398
33.6917228108938,27.441909813864903,59.515640096612216,77.65694292534606,128.14706960414165,161.64695196205332,41.95830083837747,86.30447538097123,14.396835518202343,47.42714241822561,75.93152888730496,99.96853968492522,124.24920880006984,45.24299911028273,63.67515290502536,87.3701323619267,112.76007895525792,13.021566175246424,42.06866410908873,65.81483660927363,74.32063028299471,85.7097673766678,112.08249603135489,130.9097937543442,33.564801315626404,34.99750373130832,93.65490979373985,29.63591036269057,37.94489546477981,68.80532093030264,0.0,30.835457886223725,49.847541032250824,63.690826940489615,73.9018046726506,91.08636246408186,106.02068362306649,31.97603955375442,51.10614661658987,65.15394486170374,70.96601881508028,113.21983605748049,6.12335053842433,39.81507334931813
33.73321508036534,27.45206958919922,59.55123485570887,77.73766637156214,128.2546717219951,161.77992037038015,41.999290003749124,86.3854102566476,14.397980266586345,47.46772353551127,76.01308247109039,100.04864440817514,124.32988859524916,45.28461631765242,63.71902609853707,87.45059698705816,112.87946428081275,13.022873167221892,42.10936262080359,65.86095544608513,74.40255468232691,85.79130300391031,112.16122090570542,131.02696479132103,33.605017201414654,35.039534409191134,93.73480315690506,29.676300088418355,37.985627654784864,68.88633894140608,0.0,30.875752627726136,49.896488919736875,63.77226301822959,73.97935297855528,91.17182054665517,106.13447880626404,32.01658471547182,51.15071168441507,65.23457211438368,71.04872595017102,113.33843994699461,6.1635664242125765,39.89678150457792
33.77470734983689,27.46221352822814,59.58683490537928,77.81839658049633,128.3621800476048,161.91299741212484,42.040279963244394,86.46634876146454,14.399122243242035,47.50830725820318,76.09463871047117,100.12875439060976,124.4105717001308,45.326232912905766,63.762891741955386,87.53106251931528,112.99886570797992,13.02417870526546,42.150062592156665,65.90706366993305,74.4844809924224,85.87284134558784,112.23994581725225,131.1441572545852,33.64523529883499,35.081564846721356,93.81470118368706,29.71669164282059,38.02636071623054,68.96736088729072,0.0,30.916049497701124,49.94541709213897,63.85370224102782,74.05690726400758,91.25726677939709,106.24830978272303,32.05713137152377,51.195265528125915,65.31520719029689,71.13143287296738,113.45705701351008,6.203784521632913,39.9784918714698
33.81619961930843,27.472341657498344,59.62244027077855,77.89913351380807,128.46959480186598,162.0461828239174,42.0812707148611,86.54729088577889,14.400261457390162,47.54889357764493,76.17619759770932,100.20886961784613,124.49125810715832,45.36784889845358,63.80674986545666,87.61152897994272,113.118283159637,13.025482791658153,42.19076401910962,65.95316131169182,74.56640920734264,85.95438239340062,112.31867081380258,131.26137104069178,33.68545560206474,35.123595042815936,93.89460386352354,29.757085021332532,38.06709464843399,69.04838675573613,0.0,30.95634849039816,49.99432560693806,63.935144598388455,74.13446755650857,91.34270120114866,106.36217640410814,32.097679518450164,51.23980820914351,65.39585004306247,71.21413958578822,113.57568721401464,6.2440048248626665,40.0602044441711
33.857691888779975,27.482454003535622,59.65805097667486,77.97987713348911,128.57691620685992,162.17947634138196,42.12226225660451,86.62823661998179,14.401397918213377,47.58948248521373,76.25775912509877,100.2889900755535,124.57194780879955,45.409464276696745,63.85060049907629,87.69199638994434,113.23771655913677,13.026785428676362,42.23146689763941,65.99924840212009,74.64833932118437,86.03592613908647,112.39739594265335,131.37860604688518,33.72567810530213,35.16562499640111,93.97451118588468,29.797480219404875,38.10782945070734,69.12941653457415,0.0,30.99664960008795,50.04321452148288,64.01659007986686,74.21203388311787,91.42812385087026,106.47607852261208,32.13822915280137,51.28433978842591,65.47650062668976,71.29684609093977,113.69433050567532,6.284227328100056,40.141919216880034
33.899184158251515,27.492550592844587,59.693667047453694,78.0606274018598,128.68414448583448,162.31287769915494,42.16325458648722,86.70918595449858,14.402531634856414,47.6300739723203,76.33932328496505,100.36911574945324,124.65264079754688,45.45107905002617,63.89444367270927,87.77246477008538,113.35716583030386,13.028086618591797,42.27217122373804,66.04532497186146,74.73027132807884,86.11747257442009,112.47612125059595,131.495862171093,33.76590280276611,35.20765470641229,94.054423140273,29.83787723250357,38.14856512235774,69.21045021168852,0.0,31.03695282106221,50.09208389298974,64.0980386750693,74.28960627045784,91.5135347676365,106.59001599095635,32.17878027113803,51.32886032647241,65.55715889557426,71.3795523907158,113.81298684583767,6.324452025564028,40.22363618381555
33.94067642772306,27.50263145190863,59.729288507122604,78.1413842815651,128.79127986318397,162.44638663090427,42.20424770252921,86.79013887978851,14.403662616426281,47.67066803040871,76.42089006966532,100.44924662531875,124.73333706591686,45.49269322082285,63.938279416111065,87.85293414089492,113.47663089743124,13.029386363671629,42.31287699341254,66.09139105144538,74.81220522219172,86.1990216912132,112.55484678392123,131.613139311921,33.8061296886963,35.249684171794044,94.13433971622318,29.87827605610987,38.18930166268746,69.29148777501463,0.0,31.07725814763361,50.140933778542376,64.1794903736526,74.36718474471799,91.59893399063094,106.70398866239192,32.21933287003115,51.373369883328195,65.63782480449366,71.46225848739772,113.93165619202459,6.364678911494226,40.30535533921729
33.98216869719461,27.51269660718964,59.7649153793155,78.22214773557114,128.89832256442998,162.58000286934774,42.2452416027577,86.87109538634482,14.404790871992416,47.711264650956295,76.50245947158804,100.52938268897505,124.81403660645032,45.53430679145796,63.98210775889829,87.93340452266779,113.59611168527717,13.030684666178377,42.353584202684935,66.1374466712875,74.8941409977225,86.28057348131401,112.63357258842423,131.73043736864764,33.84635875735292,35.2917133915,94.214260903302,29.918676685720175,38.23003907099396,69.37252921253923,0.0,31.117565574135682,50.189764235091765,64.26094516532379,74.44476933165903,91.68432155914142,106.81799639070032,32.25988694606198,51.41786851858851,65.7184983086038,71.54496438325444,114.0503385019359,6.404907980150847,40.387076677345455
34.02366096666615,27.522746085127867,59.80054768729692,78.30291772716137,129.005272816201,162.71372614627128,42.28623628520718,86.95205546469423,14.405916410586858,47.75186382547335,76.58403148315287,100.60952392629855,124.89473941171191,45.57591976429276,64.02592873054931,88.01387593546693,113.71560811906146,13.031981528369935,42.39429284759208,66.18349186169058,74.97607864890408,86.36212793660721,112.71229870940887,131.84775624121838,33.886590003016586,35.33374236449274,94.29418669110814,29.959079116845963,38.270777346569865,69.4535745123001,0.0,31.157875094922623,50.23857531945588,64.34240303983975,74.5223600566171,91.7696975125549,106.93203903019352,32.30044249582197,51.46235629140298,65.79917936343463,71.62767008054254,114.16903373344695,6.445139225814513,40.468800192480664
34.0651532361377,27.532779912141773,59.83618545396664,78.38369421993306,129.1121308462138,162.8475561925482,42.327231747919356,87.03301910539714,14.407039241204485,47.79246554550323,76.66560609681046,100.68967032321684,124.9754454742905,45.61753214167884,64.06974236040517,88.09434839912566,113.8351201244626,13.033276952499648,42.43500292418571,66.22952665284502,75.05801817000257,86.44368504901358,112.79102519169268,131.96509583024044,33.92682341998837,35.37577108974388,94.3741170692721,29.999483345013815,38.31151648870314,69.53462366238583,0.0,31.19818670436946,50.287367088319726,64.42386398700704,74.59995694450807,91.85506189035267,107.0461164357155,32.340999515912834,51.50683326048006,65.87986792488655,71.71037558150644,114.28774184460828,6.485372642786293,40.550525878923985
34.10664550560924,27.54279811462788,59.87182870186374,78.46447717779397,129.21889688325317,162.9814927381572,42.36822798894316,87.11398629904738,14.40815937280318,47.83306980262202,76.74718330504231,100.76982186570862,125.05615478679871,45.659143925958034,64.11354867767014,88.17482193324969,113.95464762761404,13.034570940816353,42.475714428532264,66.2755510748298,75.13995955531674,86.5252448104901,112.86975207961163,132.0824560369778,33.96705900258962,35.41779956623391,94.45405202745613,30.039889365765326,38.35225649667714,69.61567665093564,0.0,31.238500396871657,50.33613959823499,64.5053279966814,74.67756001983146,91.94041473210581,107.16022846264211,32.381558002946434,51.551299484091,65.9605639492265,71.79308088837834,114.4064627936444,6.52560822538755,40.63225373099679
34.148137775080784,27.552800718960434,59.907477453170635,78.54526656495834,129.32557115715284,163.1155355122007,42.40922500633457,87.19495703627189,14.409276814303876,47.87367658843837,76.82876310036062,100.84997853980317,125.13686734187277,45.70075511946238,64.1573477114124,88.2552965572192,114.07419055510134,13.035863495564188,42.51642735671286,66.32156515761275,75.22190279917754,86.60680721302909,112.94847941702439,132.1998367633453,34.0072967451618,35.45982779295206,94.53399155535388,30.080297174656877,38.392997369770505,69.69673346613881,0.0,31.278816166845154,50.38489290561994,64.58679505876745,74.75516930667456,92.02575607747005,107.27437496688165,32.42211795354467,51.59575502007405,66.04126739308396,71.87578600337807,114.52519653895294,6.565845967959727,40.71398374304051
34.189630044552324,27.56278775149157,59.943131729717784,78.62606234594408,129.4321538987758,163.24968424292385,42.450222798156766,87.27593130773079,14.410391574590978,47.914285894593625,76.91034547530805,100.93014033158043,125.21758313217276,45.74236572451439,64.20113949056487,88.33577229019116,114.19374883395857,13.037154618982873,42.55714170482321,66.36756893105145,75.3038478959481,86.68837224865887,113.02720724731722,132.317237911904,34.04753664206658,35.50185576889643,94.6139356426906,30.120706767259854,38.433739107257495,69.77779409623471,0.0,31.319134008726262,50.43362706675941,64.66826516321852,74.83278482871667,92.1110859661818,107.38855580487579,32.46267936433968,51.64019992583885,66.12197821344753,71.95849092871367,114.64394303910404,6.60608586486451,40.795715909416835
34.23112231402387,27.572759238550834,59.978791552987296,78.70686448556891,129.5386453399949,163.38393865773236,42.49122136247997,87.35690910411714,14.411503662512326,47.95489771276138,76.9919304224577,101.01030722717043,125.29830215038217,45.78397574342692,64.24492404392588,88.41624915110135,114.31332239166558,13.038444313307531,42.59785746897358,66.4135624248939,75.38579484002297,86.76993990944277,113.10593561340846,132.4346593858557,34.08777868768559,35.543883493073785,94.69388427922281,30.161118139160358,38.474481708407815,69.85885852951245,0.0,31.359453916971635,50.482342137804515,64.74973830003619,74.91040660923288,92.19640443805314,107.50277083359936,32.50324223197353,51.684634258370146,66.202696367661,72.0411956665809,114.76270225283943,6.6463279104835165,40.877450224507385
34.27261458349541,27.582715206445133,60.01445694411704,78.78767294894722,129.64504571367405,163.5182984832109,42.53222069738142,87.43789041615679,14.412613086879471,47.99551203464741,77.0735179344126,101.09047921275342,125.379024389208,45.82558517850324,64.28870140015972,88.49672715866626,114.43291115614416,13.039732580768842,42.638574645288664,66.45954566877894,75.46774362582795,86.8515101874793,113.18466455775284,132.552101089038,34.12802287642037,35.58591096449954,94.77383745473814,30.201531285959234,38.5152251724868,69.93992675431049,0.0,31.399775886057984,50.5310381747725,64.83121445926999,74.98803467109816,92.28171153296746,107.61701991056117,32.543806553098364,51.72905807423196,66.28342181341976,72.12390021916359,114.88147413907136,6.686572099218292,40.95918668271371
34.314106852966965,27.592655681458638,60.05012792390496,78.86848770148659,129.75135525364814,163.65276344514177,42.57322080094534,87.51887523460822,14.413719856467786,48.03612885198968,77.15510800380613,101.17065627455939,125.45974984138054,45.867194032037084,64.33247158779747,88.57720633138561,114.55251505575556,13.041019423592834,42.67929322990754,66.50551869223706,75.54969424781974,86.93308307490193,113.26339412234616,132.66956292591885,34.168269202692265,35.62793818219768,94.85379515905537,30.241946203271965,38.555969498755374,70.02099875901641,0.0,31.44009991048215,50.57971523354676,64.91269363101716,75.06566903679138,92.36700729087534,107.73130289380404,32.584372324376254,51.77347142957159,66.36415450876713,72.20660458863367,115.00025865688212,6.726818425490192,41.04092527845715
34.355599122438505,27.60258068985256,60.08580451281263,78.94930870888486,129.85757419470445,163.7873332685227,42.614221671262996,87.59986355026246,14.414823980016756,48.07674815655809,77.23670062330132,101.250838398868,125.54047849965337,45.90880230631275,64.37623463523771,88.65768668754372,114.67213401929682,13.042304844001208,42.720013218983745,66.55148152469094,75.63164670048562,87.0146585638787,113.34212434872937,132.78704480159195,34.20851766094244,35.6699651452008,94.93375738202415,30.282362886728716,38.59671468647027,70.10207453206685,0.0,31.480425984761002,50.62837336987661,64.99417580542234,75.14330972839905,92.45229175178999,107.84561964190524,32.624939542479304,51.817874380123605,66.44489441209092,72.28930877715112,115.11905576552279,6.76706688374037,41.122666006178875
34.39709139191005,27.61249025786488,60.12148673096933,79.03013593712649,129.96370277256335,163.92200767758493,42.65522330643247,87.68085535394285,14.415925466229979,48.117369940154255,77.31829578559085,101.33102557200813,125.6212103568031,45.95041000360501,64.41999057074699,88.73816824521218,114.79176797599806,13.043588844211072,42.76073460868479,66.59743419545602,75.71360097834291,87.09623664661216,113.42085527799328,132.9045466217714,34.248768245631595,35.71199185254983,95.01372411352496,30.322781331974063,38.63746073488386,70.18315406194691,0.0,31.52075410343123,50.67701263937718,65.0756609726771,75.22095676761937,92.53756495578311,107.95997001397646,32.6655082040894,51.8622669812135,66.52564148211975,72.37201278686416,115.2378654244129,6.80731746842952,41.20440886033957
34.43858366138159,27.622384411710463,60.157174598176056,79.1109693524799,130.06974122385913,164.0567863958121,42.69622570455882,87.76185063650499,14.417024323775511,48.15799419461164,77.39989348339705,101.41121778035803,125.70194540562962,45.99201712617929,64.46373942246082,88.81865102225146,114.9114168555192,13.04487142643508,42.80145739519265,66.64337673374126,75.795557075939,87.17781731533923,113.49958695078284,133.0220682927872,34.28902095124007,35.75401830329426,95.09369534346904,30.363201534667184,38.678207643244434,70.2642373371902,0.0,31.561084261049384,50.72563309752934,65.15714912301992,75.29861017576613,92.6228269429808,108.07435386966438,32.7060783058984,51.90664928776179,66.60639567791968,72.45471661990918,115.35668759313923,6.847570174037997,41.28615383541959
34.48007593085314,27.6322631775807,60.192868133908995,79.19180892149366,130.17568978612113,164.19166914595718,42.737228863753955,87.84284938883657,14.418120561285921,48.198620911795054,77.48149370947158,101.49141501034472,125.78268363895555,46.033623676291654,64.50748121838409,88.89913503631313,115.03108058794692,13.046152592881471,42.84218157470326,66.68930916864952,75.87751498785067,87.25940056233084,113.57831940730108,133.13960972157963,34.32927577226766,35.796044496491874,95.17367106179812,30.40362349048162,38.718955410796134,70.34532434637835,0.0,31.601416452191753,50.774234799679554,65.23864024673566,75.37626997377237,92.70807775355942,108.1887710691505,32.74664984460797,51.95102135428769,66.68715695889068,72.53742027841089,115.47552223145519,6.887824995065584,41.36790092591872
34.52156820032468,27.64212658164335,60.22856735732362,79.27265461099421,130.28154869775486,164.3266556500612,42.77823278213659,87.92385160185721,14.419214187358506,48.23925008360092,77.5630964565953,101.57161724844407,125.86342504962644,46.07522965618881,64.55121598639184,88.97962030484166,115.15075910379154,13.047432345754027,42.88290714342669,66.73523152917832,75.95947470868403,87.34098637989175,113.65705268731385,133.25717081569516,34.369532703233524,35.838070431208784,95.25365125848447,30.444047195105288,38.75970403677903,70.42641507814092,0.0,31.641750671454147,50.822817801039804,65.32013433415538,75.45393618219427,92.79331742774163,108.30322147315118,32.787222816929585,51.99538323491293,66.76792528476324,72.62012376448229,115.59436929927985,6.928081926031449,41.449650126356126
34.56306046979622,27.651974650042483,60.26427228725799,79.35350638808195,130.38731819802283,164.46174562947115,42.81923745783224,88.0048572665183,14.420305210555407,48.27988170195675,77.64470171757813,101.65182448118034,125.94416963051066,46.1168350681082,64.59494375422993,89.06010684507652,115.27045233398422,13.04871068725206,42.92363409758692,66.78114384422034,76.041436233074,87.42257476036032,113.73578683015351,133.37475148328102,34.40979173867612,35.88009610651933,95.33363592353068,30.484472644240377,38.80045352042918,70.50750952115501,0.0,31.682086913452004,50.871382156687496,65.40163137565601,75.53160882121496,92.87854600579239,108.41770494291801,32.82779721958448,52.03973498336539,66.84870061559506,72.70282708022484,115.71322875669728,6.968340961474047,41.53140143127027
34.604552739267774,27.661807408898213,60.299982942236745,79.43436422012918,130.49299852702615,164.59693880485722,42.860242888973154,88.0858663738029,14.421393639403904,48.32051575882129,77.72630948525892,101.73203669512615,126.02491737449913,46.158439914278006,64.63866454951568,89.14059467405392,115.39016020987381,13.049987619570473,42.964362433421876,66.82704614256403,76.1233995556841,87.50416569610859,113.81452187472355,133.49235163308055,34.450052873153105,35.92212152150606,95.41362504696949,30.524899833603307,38.84120386097866,70.58860766414512,0.0,31.72242517282002,50.919927921565325,65.48313136165997,75.60928791064809,92.96376352801508,108.53222134023738,32.86837304930361,52.08407665298285,66.92948291176762,72.7855302277283,115.83210056395576,7.008602095951036,41.6131548352188
34.64604500873932,27.671624884306745,60.3356993404747,79.51522807477616,130.59858992568556,164.73223489623138,42.901249073698345,88.16687891472561,14.422479482396444,48.36115224618428,77.80791975250519,101.81225387690206,126.10566827450536,46.20004419691721,64.68237839973855,89.22108380860902,115.50988266322399,13.051263144899785,43.00509214718339,66.8729384528941,76.20536467120634,87.58575917954165,113.89325785950241,133.60997117442886,34.490316101241284,35.96414667525964,95.4936186188638,30.565328758924718,38.881955057655695,70.66970949588274,0.0,31.762765444212565,50.968455150481255,65.5646342826351,75.6869734699418,93.0489700347478,108.64677052743082,32.90895030282765,52.128408296716636,67.01027213398304,72.86823320907112,115.95098468146678,7.048865324039213,41.69491033277853
34.68753727821086,27.681427102339963,60.37142149988014,79.59609791992897,130.70409263572307,164.86763362296452,42.9422560101535,88.2478948803324,14.423562747990863,48.40179115606631,77.88953251221315,101.89247601317665,126.18642232346538,46.24164791823567,64.72608533226081,89.30157426537755,115.62961962621013,13.052537265426128,43.045823235137,66.91882080379222,76.2873315743605,87.66735520309786,113.9719948225477,133.72761001724777,34.53058141753647,36.00617156687888,95.57361662930649,30.605759415949322,38.92270710968461,70.75081500518634,0.0,31.803107722302897,51.01696389810837,65.64614012909412,75.76466551818206,93.13416556635964,108.76135236735469,32.949528976906926,52.17272996713511,67.09106824326066,72.95093602632016,116.06988106980447,7.089130640334404,41.77666791854526
34.7290295476824,27.691214089045488,60.407149438058724,79.67697372375616,130.80950689964288,165.00313470380434,42.98326369649093,88.32891426170039,14.424643444610538,48.442432480518676,77.97114775730735,101.97270309066604,126.26717951433758,46.28325108043402,64.76978537431809,89.38206606079785,115.74937103141659,13.053809983331197,43.08655569356198,66.96469322373738,76.36930025989413,87.74895375924818,114.05073280150017,133.84526807204085,34.57084881665342,36.04819619547053,95.65361906842026,30.646191800435894,38.96346001628596,70.83192418092081,0.0,31.843452001783696,51.06545421898487,65.72764889159453,75.84236407409666,93.21935016324676,108.87596672340015,32.990109068301386,52.21704171642734,67.17187120093394,73.03363868153095,116.18878968970466,7.129398039451352,41.85842758713375
34.77052181715395,27.70098587044643,60.44288317231662,79.75785545468611,130.9148329607138,165.1387378568927,43.02427213086963,88.40993704993795,14.425721580644637,48.48307621162342,78.05276548074072,102.05293509613378,126.34793984010261,46.32485368570395,64.8134785530202,89.46255921111273,115.86913681183381,13.05508130079235,43.127289518751326,67.0105557411067,76.45127072258236,87.83055484049653,114.12947183358779,133.96294524988966,34.611118293225786,36.09022056014942,95.73362592635766,30.686625908157232,39.00421377667656,70.91303701199753,0.0,31.883798277366637,51.11392616751394,65.80916056073826,75.92006915605852,93.30452386582913,108.99061345949288,33.0306905737806,52.26134359640655,67.2526809686473,73.1163411767476,116.30771050206418,7.169667516023723,41.94018933317766
34.81201408662549,27.71074247254125,60.47862271966402,79.83874308140413,131.02007106295,165.27444279978334,43.065281311455145,88.49096323618436,14.426797164448098,48.523722341492835,78.13438567549431,102.1331720163906,126.42870329376326,46.366455736227955,64.85716489535163,89.54305373237128,115.98891690085522,13.056351219982592,43.16802470701152,67.05640838417571,76.53324295722726,87.91215843937911,114.20821195562968,134.08064146244823,34.651389841905974,36.132244660038204,95.81363719330079,30.727061734900033,39.0449683900695,70.99415348737388,0.0,31.924146543782367,51.162379797963695,65.89067512717133,75.99778078208946,93.38968671454678,109.1052924400932,33.07127349012367,52.305635658513616,67.33349750835283,73.19904351400305,116.42664346794015,7.209939064703902,42.021953151329384
34.853506356097036,27.720483921303657,60.514368096818764,79.91963657284973,131.125221451093,165.41024924945918,43.106291236419565,88.57199281160968,14.427870204341971,48.56437086226973,78.21600833457707,102.21341383829436,126.50946986834454,46.408057234179616,64.90084442817225,89.6235496404307,116.10871123227443,13.057619743070505,43.208761254662676,67.10225118111897,76.61521695865787,87.9937645484646,114.28695320404006,134.1983566219393,34.69166345736507,36.174268494267444,95.89365285946126,30.767499276464882,39.08572385567426,71.07527359605307,0.0,31.96449679578049,51.210815164467114,65.9721925815837,76.07549896986369,93.47483874985639,109.22000353019527,33.11185781411923,52.349917953820544,67.41432078230751,73.28174569531888,116.5455885485488,7.250212680162992,42.10371903626002
34.894998625568576,27.730210242682404,60.5501193202094,80.00053589821391,131.23028437059384,165.54615692234944,43.14730190394153,88.65302576741466,14.42894070861352,48.60502176612707,78.29763345102589,102.29366054874947,126.5902395568933,46.44965818172352,64.94451717821795,89.70404695095817,116.22851974028286,13.058886872220409,43.249499158038255,67.14808416001078,76.69719272172983,88.0753731603536,114.36569561483199,134.31609064114917,34.73193913429277,36.21629206197554,95.97367291508013,30.807938528666185,39.126480172696695,71.15639732708398,0.0,32.00484902812934,51.25923232102202,66.05371291470885,76.15322373671135,93.5599800122278,109.33474659532737,33.1524435425654,52.39419053303371,67.49515075306972,73.3644477227055,116.66454570526537,7.290488357090697,42.18548698265927
34.93649089504012,27.73992146260123,60.585876405978695,80.08144102693618,131.33526006759448,165.68216553434732,43.18831331220615,88.73406209483066,14.430008685516288,48.64567504526785,78.37926101790532,102.3739121347072,126.67101235247843,46.49125858101528,64.98818317210123,89.7845456794326,116.34834235946616,13.060152609592267,43.290238413485184,67.19390734882543,76.77917024132508,88.15698426767871,114.4444392236216,134.43384343342385,34.77221686739731,36.2583153623086,96.05369735042773,30.848379487332103,39.167237340339135,71.23752466956084,0.0,32.04520323561606,51.30763132149094,66.13523611732363,76.23095509962195,93.64511054214084,109.44952150155139,33.19303067226974,52.43845344649737,67.5759873834966,73.44714959816231,116.78351489962256,7.330766090195241,42.26725698523536
34.97798316451166,27.74961760695869,60.62163936998686,80.16235192870245,131.4401487889101,165.81827480082663,43.22932545940506,88.81510178511955,14.431074143270472,48.68633069192517,78.46089102830747,102.45416858316506,126.75178824819065,46.53285843420173,65.03184243631199,89.86504584114654,116.46817902480218,13.061416957341761,43.33097901736378,67.23972077543793,76.86114951235166,88.23859786310435,114.52318406563154,134.55161491266412,34.81249665140543,36.30033839442054,96.13372615580354,30.888822148304563,39.20799535780048,71.31865561262293,0.0,32.08555941304645,51.35601221960126,66.21676218024793,76.30869307524797,93.73023038008188,109.56432811546232,33.233619200049326,52.48270674419708,67.65683063674084,73.5298513236775,116.90249609331066,7.371045874203363,42.34902903871503
35.01947543398321,27.759298701627888,60.65740822781455,80.24326857344182,131.5449507820108,165.95448443665916,43.27033834373622,88.89614482957329,14.43213709006282,48.72698869836173,78.54252347535179,102.53442988116669,126.83256723714219,46.57445774342073,65.07549499721789,89.94554745120767,116.58802967165745,13.062679917620219,43.37172096604753,67.28552446762434,76.94313052974339,88.32021393932631,114.6019301756948,134.66940499332142,34.85277848106212,36.342361157472816,96.21375932153616,30.929266507439028,39.248754224276055,71.39979014545447,0.0,32.12591755524477,51.404375068944844,66.29829109434439,76.38643767990804,93.8153395665406,109.67916630418812,33.274209122730504,52.52695047576268,67.73768047624769,73.61255290122827,117.02148924817584,7.411327703860041,42.43080313784325
35.06096770345475,27.768964772456577,60.69318299476646,80.32419093132448,131.64966629500427,166.0907941562316,43.3113519634041,88.97719121951417,14.433197534047043,48.767649056870184,78.62415835218509,102.61469601580181,126.91334931246726,46.616056510801414,65.11914088106523,90.02605052454095,116.70789423578523,13.063941492574731,43.412464255923204,67.33131845306251,77.02511328845966,88.4018324890719,114.6806775882588,134.78721359039355,34.893062351130716,36.3843836506346,96.29379683798315,30.96971256060465,39.28951393895793,71.48092825728432,0.0,32.1662776570539,51.45271992297836,66.3798228505182,76.46418892959066,93.9004381420069,109.79403593538913,33.31480043714906,52.57118469047181,67.81853686575228,73.69525433278086,117.14049432622012,7.451611573928646,42.512579277383395
35.1024599729263,27.77861584526679,60.72896368587413,80.4051189727586,131.75429557661764,166.2272036734625,43.35236631661942,89.0582409462944,14.434255483343756,48.80831175977249,78.70579565198119,102.69496697420574,126.9941344673213,46.65765473846405,65.16278011397938,90.10655507588997,116.8277726533221,13.06520168434801,43.45320888339065,67.37710275933233,77.10709778348522,88.48345350509945,114.7594263373887,134.90504061942025,34.93334825639272,36.426405873082516,96.37383869553078,31.010160303684028,39.33027450103473,71.5620699373857,0.0,32.20663971333494,51.50104683502295,66.46135743971672,76.5419468399573,93.98552614696779,109.90893687725766,33.35539314015005,52.61540943725298,67.89939976927647,73.77795562029063,117.25951128960025,7.491897479190649,42.594357452116945
35.14395224239784,27.788251945854853,60.76475031589923,80.48605266838838,131.85883887618004,166.36371270181874,43.39338140159934,89.13929400129616,14.435310946040804,48.84897679942024,78.78743536794094,102.77524274355956,127.0749226948814,46.69925242852026,65.20641272196555,90.18706111981892,116.94766486078572,13.066460495078626,43.49395484486287,67.42287741391647,77.18908400982977,88.56507698019846,114.83817645677127,135.02288599647895,34.9736361916478,36.46842782400079,96.4538848845942,31.05060973257332,39.371035909691855,71.64321517507607,0.0,32.24700371896741,51.54935585826439,66.54289485292935,76.61971142634603,94.0706036219043,110.02386899851759,33.39598722858786,52.65962476468882,67.98026915112617,73.86065676570193,117.37854010062715,7.532185414445724,42.676137656843565
35.185444511869385,27.797873099991236,60.80054289933657,80.56699198909108,131.96329644360512,166.50032095433258,43.434397216567284,89.22035037593143,14.43636393019331,48.88964416819431,78.86907749329208,102.85552331108963,127.15571398834594,46.740849583072944,65.25003873090935,90.26756867071425,117.06757079507184,13.067717926900826,43.53470213676592,67.46864244420068,77.27107196252798,88.64670290718914,114.91692797971845,135.14074963818032,35.01392615171363,36.510449502581096,96.53393539561712,31.09106084318208,39.411798164111445,71.72436395971677,0.0,32.287369668849124,51.59764704575301,66.62443508118726,76.69748270377451,94.15567060728847,110.1388321684237,33.43658269932616,52.70383072101924,68.06114497588844,73.94335777094848,117.49758072176492,7.572475374511564,42.75791988638095
35.226936781340925,27.80747933342027,60.83634145041718,80.64793690597473,132.06766852937326,166.63702814361804,43.47541375975288,89.30141006164169,14.437414443823798,48.93031385850464,78.95072202128883,102.9358086640673,127.2365083409345,46.78244620421623,65.29365816657727,90.3480777427863,117.18749039345185,13.068973981944515,43.57545075553864,67.51439787747435,77.35306163663896,88.7283312789223,114.99568093917107,135.2586314616648,35.05421813142579,36.5524709080224,96.61399021907167,31.13151363143313,39.45256126347235,71.80551628071282,0.0,32.327737557895766,51.64592045040354,66.70597811556287,76.77526068694348,94.2407271435804,110.25382625676126,33.477179549237725,52.748027354144405,68.14202720842864,74.02605863795301,117.6166331156304,7.612767354223717,42.839704135564645
35.26842905081248,27.817070671860293,60.87214598311128,80.72888739037596,132.17195538451492,166.77383398188758,43.51643102939215,89.38247304989811,14.438462494922552,48.97098586279039,79.03236894521221,103.01609878980922,127.31730574588813,46.82404229403581,65.33727105461757,90.42858835007107,117.30742359357009,13.070228662335598,43.61620069763305,67.56014374093108,77.43505302724628,88.80996208827942,115.07443536770243,135.37653138459746,35.094512125637856,36.5944920395312,96.69404934545855,31.171968093262773,39.49332520695041,71.88667212751285,0.0,32.36810738104139,51.6941761249954,66.78752394717009,76.85304539024013,94.32577327122557,110.36885113384541,33.51777777520468,52.79221471162802,68.22291581388785,74.1087593686278,117.73569724499237,7.653061348435782,42.92149039924825
35.30992132028402,27.826647141003207,60.90795651113114,80.80984341385695,132.27615726059256,166.9107381809683,43.55744902372716,89.46353933220105,14.439508091447516,49.011660173519566,79.11401825836946,103.09639367567645,127.3981061964686,46.865637854608615,65.38087742056058,90.50910050643171,117.42737033344109,13.071481970195517,43.65695195951378,67.60588006166893,77.5170461294575,88.89159532817195,115.1531912975215,135.49444932516462,35.13480812922106,36.636512896321115,96.77411276530658,31.2124242246204,39.53408999371822,71.96783148960857,0.0,32.40847913323779,51.74241412217234,66.86907256716349,76.93083682774102,94.41080903065155,110.48390667052038,33.55837737411817,52.8363928407002,68.30381075767993,74.19145996487421,117.85477307277036,7.6933573520189835,43.003278672303
35.351413589755566,27.836208766514574,60.94377304793423,80.89080494820391,132.38027440968432,167.0477404523184,43.59846774100627,89.54460890008028,14.440551241324608,49.05233678318904,79.1956699540942,103.17669330907484,127.47890968595901,46.907232888003115,65.42447728981949,90.58961422556038,117.54733055144716,13.072733907641638,43.69770453765835,67.65160686669121,77.59904093840427,88.97323099154175,115.23194876047701,135.6123852020695,35.175106137064446,36.678533477613165,96.85418046917283,31.252882021468686,39.57485562294542,72.0489943565348,0.0,32.44885280945476,51.790634494442685,66.9506239667385,77.00863501321557,94.49583446226575,110.59899273815923,33.59897834287858,52.88056178826055,68.38471200548908,74.27416042858314,117.9738605620347,7.733655359862374,43.085068949617934
35.392905859227106,27.845755574033447,60.97959560672601,80.97177196542384,132.48430708436635,167.18484050704316,43.63948717948394,89.62568174509462,14.441591952447832,49.09301568432435,79.27732402574614,103.25699767745446,127.55971620766316,46.94882739627926,65.46807068769097,90.67012952097986,117.6673041863357,13.073984476787109,43.73845842855702,67.69732418290673,77.68103744924174,89.05486907136043,115.31070778806038,135.73033893452816,35.21540614407469,36.72055378263553,96.9342524476425,31.29334147978345,39.61562209379856,72.13016071786917,0.0,32.48922840467993,51.83883729417918,67.03217813713097,77.08643996012916,94.58084960645249,110.71410920866268,33.63958067839531,52.924721600881135,68.46561952326688,74.35686076163489,118.09295967600521,7.773955366872618,43.16686122609972
35.43439812869865,27.85528758917214,61.01542420046269,81.05274443774303,132.5882555376964,167.3220380559114,43.680507337420806,89.70675785883195,14.442630232679369,49.133696869479586,79.35898046671103,103.33730676830976,127.64052575490594,46.990421381488495,65.51165763935562,90.75064640604484,117.78729117721669,13.075233679740842,43.77921362871266,67.74303203713026,77.76303565714866,89.13650956062939,115.38946841140957,135.84831044226564,35.25570814517601,36.76257381062355,97.01432869132869,31.333802595553575,39.65638940544126,72.21133056323184,0.0,32.52960591391859,51.88702257361909,67.11373506961692,77.16425168164614,94.66585450357015,110.8292559544589,33.68018437758689,52.96887232480948,68.54653327722993,74.43956096589923,118.2120703780507,7.814257367973937,43.24865549667258
35.47589039817019,27.86480483751615,61.05125884185405,81.13372233760407,132.69212002319665,167.4593328093711,43.721528213083495,89.78783723290891,14.443666089849817,49.17438033123729,79.4406392704004,103.41762056917887,127.72133832103272,47.03201484567383,65.55523816987859,90.83116489394409,117.90729146356013,13.076481518607565,43.819970134640755,67.78873045608309,77.84503555732684,89.21815245237966,115.46823066131205,135.9662996455116,35.29601213531007,36.80459356081965,97.09440919087224,31.374265364780946,39.69715755703416,72.2925038822853,0.0,32.56998533219363,51.93519038486411,67.19529475551224,77.24207019063323,94.75084919394884,110.94443284850236,33.72078943738077,53.013014005971264,68.62745323385703,74.52226104323547,118.33119263168813,7.854561358107997,43.33045175627819
35.51738266764174,27.87430734462415,61.08709954336649,81.21470563766427,132.7959007948376,167.59672447756557,43.762549804744836,89.86891985897108,14.444699531758353,49.21506606220834,79.52230043025163,103.49793906764398,127.80215389940969,47.0736077908699,65.59881230421038,90.91168499770141,118.0273049851934,13.077727995487903,43.860727942869396,67.83441946639351,77.92703714500139,89.29979773967175,115.5469945682087,136.08430646499698,35.33631810943605,36.8466130324734,97.17449393694199,31.414729783480524,39.737926547735114,72.37368066473424,0.0,32.61036665454572,51.98334077988051,67.27685718617266,77.31989549966235,94.83583371788771,111.05963976427343,33.76139585471357,53.05714668997357,68.70837935988686,74.60496099549255,118.45032640058214,7.894867332233976,43.412249999875705
35.55887493711328,27.883795136027693,61.12294631722544,81.29569431079291,132.89959810702055,167.7342127703491,43.803572110683554,89.95000572869246,14.445730566172694,49.25575405503184,79.60396393972758,103.57826225133073,127.88297248342366,47.11520021910293,65.64238006718708,90.99220673017783,118.14733168229905,13.078973112478257,43.90148704993907,67.88009909459706,78.00904041541988,89.38144541559527,115.62576016219667,136.2023308219495,35.37662606253033,36.88863222484128,97.25458292023423,31.455195847680084,39.778696376699,72.45486090032519,0.0,32.65074987603281,52.031473810498944,67.35842235299322,77.39772762101387,94.92080811565242,111.17487657577722,33.802003626530706,53.10127042210742,68.78931162231517,74.68766082450898,118.56947164854407,7.935175285328258,43.49405022244153
35.60036720658483,27.893268237231165,61.158799175418345,81.37668833006919,133.0032122145622,167.8717973973025,43.84459512918447,90.03109483377571,14.446759200829517,49.29644430237493,79.68562979231666,103.65859010790817,127.96379406648188,47.156792132390834,65.68594148353124,91.07273010407265,118.26737149541205,13.080216871670919,43.94224745240281,67.9257693671372,78.09104536385287,89.46309547326908,115.704527473033,136.32037263809025,35.416935989586634,36.930651137186835,97.33467613147283,31.495663553420343,39.81946704307801,72.53604457884639,0.0,32.69113499173035,52.0795895284147,67.43999024740828,77.47556656667962,95.00577242747275,111.29014315754321,33.842612749786625,53.145385247350646,68.8702499883924,74.770360532113,118.68862833953138,7.975485212384564,43.5758524189694
35.64185947605637,27.902726673711737,61.194658129697224,81.45768766878028,133.10674337267753,168.00947806774892,43.88561885853835,90.11218716595184,14.447785443434432,49.3371367969327,79.7672979815326,103.73892262508858,128.044618642012,47.19838353274326,65.72949657785234,91.15325513192528,118.38742436541744,13.081459275154053,43.98300914682596,67.9714303103658,78.17305198559312,89.54474790584081,115.78329653013766,136.43843183562947,35.457247885615864,36.9726697687805,97.41477356140916,31.53613289675484,39.860238546021556,72.61723169012757,0.0,32.73152199673112,52.127687985187535,67.52156086089109,77.5534123483658,95.09072669354009,111.40543938462397,33.88322322144469,53.18949121037085,68.9511944256212,74.85306012012263,118.80779643764697,8.015797108413787,43.65765658447016
35.683351745527915,27.912170470919055,61.23052319158127,81.53869230041879,133.21019183696393,168.14725449076917,43.92664329704187,90.19328271698001,14.448809301662106,49.377831531428114,79.84896850091424,103.81925979062729,128.12544620346205,47.23997442216152,65.77304537464731,91.23378182611661,118.50749023354768,13.082700325011638,44.02377212978617,68.01708195054317,78.25506027595556,89.62640270648701,115.86206736259707,136.55650833726293,35.49756174564593,37.01468811889955,97.49487520082181,31.576603873749814,39.90101088467627,72.69842222403965,0.0,32.77191088614515,52.175769232241755,67.60313418495366,77.6312649774961,95.17567095400513,111.52076513259458,33.92383503847704,53.23358835552795,69.03214490175394,74.93575959034558,118.92697590713838,8.056110968443862,43.73946271397178
35.724844014999455,27.921599654275315,61.266394372359656,81.6197021986812,133.31355786338497,168.2851263752171,43.967668442997685,90.27438147864763,14.449830783156505,49.41852849861186,79.9306413440256,103.89960159232241,128.20627674430028,47.28156480263876,65.81658789830122,91.31431019887083,118.6275690413809,13.083940023323596,44.064536397873304,68.062724313839,78.33707023027726,89.7080598684127,115.94083999916705,136.67460206616838,35.53787756472189,37.056706186828144,97.57498104051666,31.617076480484293,39.94178405818619,72.77961617049466,0.0,32.81230165509959,52.223833320866305,67.6847102111465,77.70912446521461,95.26060524897558,111.63612027755158,33.96444819786475,53.27767672687705,69.11310138479035,75.01845894457945,119.04616671239727,8.096426787519817,43.82127080251928
35.766336284471,27.931014249175025,61.30227168309389,81.70071733746494,133.4168417082546,168.42309342973476,44.008694294714296,90.35548344277014,14.450849895531022,49.45922769126223,80.01231650445563,103.97994801801465,128.28711025801508,47.32315467615994,65.86012417308774,91.39484026225638,118.74766073083732,13.085178372165709,44.105301947689576,68.1083574263325,78.4190818439172,89.78971938485134,116.01961446827627,136.7927129460015,35.578195337905676,37.098723971857204,97.6550910713267,31.657550713049908,39.98255806569267,72.86081351944543,0.0,32.85269429873878,52.271880302214704,67.76628893105837,77.7869908223888,95.34552961851388,111.75150469611224,34.00506269659766,53.321756368171094,69.19406384297497,75.10115818461173,119.16536881795848,8.136744560703592,43.9030808451746
35.80782855394254,27.940414280984996,61.33815513462067,81.7817376908673,133.5200436282211,168.56115536276755,44.04972085050611,90.43658860119076,14.451866646368618,49.49992910218496,80.0939939758181,104.06029905558738,128.367946738115,47.36474404470185,65.90365422316982,91.47537202818803,118.86776524417814,13.086415373609709,44.14606877584935,68.15398131401284,78.5010951122557,89.87138124906468,116.09839079802909,136.91084090089205,35.618515060276124,37.140741473284415,97.73520528411196,31.698026567550954,40.02333290633455,72.94201426088543,0.0,32.89308881222404,52.319910227305215,67.84787033631606,77.86486405961247,95.43044410263492,111.8669182654135,34.04567853167442,53.365827322863524,69.275032244795,75.18385731221983,119.28458218849961,8.177064283074053,43.9848928370166
35.84932082341409,27.949799775044067,61.37404473755415,81.86276323318278,133.62316388025133,168.6993118825794,44.090748108693305,90.51769694578064,14.452881043221899,49.540632724213175,80.17567375175136,104.14065469296597,128.44878617812847,47.40633291023315,65.94717807260011,91.55590550842803,118.98788252400226,13.087651029723197,44.186836878978795,68.1995960027798,78.58311003069478,89.95304545434261,116.17716901620885,137.02898585544085,35.65883672692889,37.182758690414126,97.8153236697593,31.73850404010423,40.064108579248035,73.02321838484848,0.0,32.93348519073368,52.36792314702066,67.92945441858417,77.94274418720839,95.51534874130392,111.98236086311083,34.08629570010238,53.409889634110904,69.35600655897764,75.26655632917122,119.40380678884019,8.217385949726813,44.06670677314091
35.89081309288564,27.95917075666317,61.40994050228865,81.94379393890108,133.72620272161492,168.8375626972672,44.13177606760192,90.59880846843845,14.453893093613313,49.58133855020723,80.25735582591845,104.22101491811813,128.52962857160406,47.447921274714446,65.99069574532169,91.63644071458748,119.10801251324426,13.088885342569727,44.22760625371651,68.24520151844385,78.66512659465774,90.03471199400299,116.25594915028121,137.14714773471528,35.699160332976334,37.22477562255736,97.8954462191825,31.778983126839087,40.104885083566884,73.10442588140866,0.0,32.9738834294628,52.415919112108746,68.01104116956483,78.02063121523165,95.60024357443432,112.09783236737763,34.12691419889766,53.453943344775624,69.43698675448825,75.34925523722326,119.52304258394098,8.257709555774259,44.1485226486599
35.932305362357184,27.96852725112509,61.44584243900093,82.0248297827054,133.82916040986956,168.97590751477608,44.17280472556374,90.6799231610905,14.454902805035335,49.62204657305469,80.33904019200683,104.30137971905333,128.61047391210997,47.48950914009829,66.03420726516849,91.71697765812819,119.22815515517223,13.090118314208798,44.26837689671281,68.29079788672685,78.74714479958877,90.11638086139132,116.33473122739657,137.26532646424633,35.739485873547494,37.26679226903174,97.97557292332198,31.81946382389731,40.14566241842237,73.18563674068,0.0,33.014283523623334,52.463898173181875,68.09263058099756,78.09852515347195,95.68512864188561,112.21333265690399,34.16753402508504,53.49798849742839,69.51797280052747,75.43195403812352,119.64228953890333,8.298035096345421,44.2303404587026
35.973797631828724,27.977869283684367,61.4817505576527,82.10587073947038,133.93203720284447,169.11434604291375,44.21383408091632,90.76104101569044,14.455910184950493,49.66275678567002,80.42072684372818,104.38174908382277,128.69132219323416,47.53109650832922,66.0777126558659,91.79751635036368,119.348310393385,13.09134994669583,44.30914880463004,68.33638513326235,78.8291646409531,90.19805204988091,116.41351527439387,137.38352197002493,35.779813343787986,37.30880862916145,98.0557037731448,31.85994612743306,40.18644058294331,73.2668509528163,0.0,33.054685468443935,52.51186038071734,68.17422264465895,78.17642601145678,95.77000398346135,112.32886161089554,34.20815517569795,53.542025134350794,69.59896466652947,75.51465273360961,119.76154761896858,8.338362566585909,44.31216019841463
36.01528990130027,27.987196879567307,61.51766486799329,82.18691678425998,134.03483335862595,169.2528779893652,44.25486413200295,90.8421620242193,14.456915240791643,49.70346918099474,80.5024157748185,104.46212300051931,128.77217340858442,47.57268338134379,66.12121194103132,91.87805680246085,119.46847817181039,13.092580242082258,44.34992197414239,68.38196328359595,78.91118611423674,90.27972555287253,116.49230131780304,137.50173417849814,35.82014273885996,37.35082470227721,98.13583875964453,31.900430033612924,40.227219576256196,73.34806850801102,0.0,33.095089259169974,52.559805785057264,68.25581735236251,78.25433379845407,95.8548696389073,112.44441910907273,34.24877764777846,53.58605329753791,69.67996232215931,75.59735132540943,119.88081678951728,8.378691961657882,44.39398186295815
36.05678217077181,27.996510063971623,61.55358537956146,82.26796789232579,134.137549135542,169.3915030617069,44.29589487717253,90.9232861786852,14.457917979961962,49.74418375199688,80.58410697903773,104.54250145727697,128.853027551788,47.61426976107058,66.16470514417466,91.95859902544122,119.5886584347024,13.093809202415391,44.39069640193593,68.4275323631858,78.99320921494608,90.36140136379412,116.57108938384802,137.6199630165658,35.86047405394193,37.39284048771614,98.21597787384108,31.940915538615673,40.26799939748506,73.42928939649686,0.0,33.1354948910632,52.607734436408776,68.33741469595836,78.33224852347506,95.93972564790901,112.56000503166942,34.289401438377205,53.6300730287007,69.76096573731103,75.68004981524093,120.00009701606857,8.419023276739853,44.47580544751167
36.09827444024336,28.005808862066626,61.5895121016884,82.34902403910507,134.24018479214723,169.53022096742134,44.33692631477973,91.00441347112344,14.458918409835187,49.784900491671465,80.66580045016983,104.62288444227116,128.93388461649178,47.65585564943033,66.20819228869901,92.03914303018257,119.70885112663936,13.095036829738609,44.431472084708346,68.47309239740301,79.07523393860802,90.44307947610086,116.64987949845019,137.73820841157684,35.90080728422888,37.43485598482191,98.29612110678077,31.98140263863246,40.308780045751746,73.51051360854579,0.0,33.1759023594021,52.655646384844026,68.41901466733314,78.41017019527689,96.02457205009058,112.67561925943197,34.330026544553434,53.6740843692686,69.84197488210528,75.76274820481257,120.11938826427952,8.45935650702681,44.55763094727016
36.1397667097149,28.015093298992937,61.62544504349973,82.43008520021894,134.34274058720808,169.6690314139111,44.37795844318484,91.08554389359628,14.459916537755824,49.82561939303984,80.74749618202253,104.70327194371822,129.01474459636202,47.697441048335875,66.25167339790106,92.11968882742016,119.8290561925216,13.096263126091255,44.47224901916925,68.51864341153188,79.1572602807697,90.52475988327512,116.72867168723077,137.85647029132647,35.94114242493207,37.47687119294449,98.37626844953611,32.02189132986658,40.34956152017577,73.59174113446875,0.0,33.216311659481406,52.70354168030022,68.50061725840969,78.48809882236543,96.10940888501219,112.79126167361822,34.3706529633749,53.7180873603919,69.92298972688724,75.84544649582291,120.23869049994458,8.499691647729996,44.639458357444894
36.18125897918644,28.02436339986238,61.661384213917785,82.51115135147029,134.44521677968805,169.80793410851277,44.418991260753714,91.16667743819265,14.460912371039024,49.86634044914997,80.82919416842729,104.78366394987522,129.0956074850843,47.739025959692185,66.29514849497166,92.20023642774801,119.94927357756889,13.09748809350865,44.51302720203969,68.56418543077062,79.23928823699819,90.6064425788259,116.80746597551374,137.97474858405184,35.98147947127893,37.51888611144024,98.4564198932056,32.062381608533435,40.39034381987438,73.67297196461541,0.0,33.25672278661227,52.7514203725797,68.58222246114683,78.56603441299796,96.1942361921686,112.90693215599596,34.41128069191786,53.76208204294417,70.00401024222434,75.92814468996099,120.3580036889946,8.540028694076858,44.7212876732633
36.22275124865799,28.03361918975787,61.697329621663854,82.59222246884218,134.547613628733,169.94692875851123,44.46002476585781,91.24781409702838,14.461905916970984,49.90706365307593,80.91089440323915,104.86406044904,129.17647327636345,47.78061038539641,66.3386176029964,92.28078584162046,120.06950322731866,13.098711734022094,44.553806630052385,68.60971848023132,79.32131780288056,90.68812755628906,116.88626238832906,138.09304321842924,36.021818418513064,37.56090073967173,98.53657542891392,32.10287347086058,40.43112694396262,73.75420608937398,0.0,33.29713573612206,52.79928251135,68.66383026753918,78.64397697518578,96.27905401098728,113.02263058884222,34.451909727267015,53.80606845752466,70.08503639890434,76.01084278890623,120.47732779749659,8.580367641310993,44.80311888996898
36.26424351812953,28.04286069373352,61.73328127526072,82.67329852849639,134.64993139365671,170.08601507115304,44.50105895687426,91.3289538622459,14.462897182809069,49.947788997918266,80.99259688033668,104.94446142955087,129.2573419639238,47.82219432733805,66.38208074495617,92.36133707935343,120.1897450876237,13.09993404965907,44.59458729995185,68.6552425849409,79.40334897402353,90.76981480922697,116.96506095041525,138.2113541235709,36.06215926189427,37.602915077008,98.61673504781163,32.14336691308769,40.471910891553506,73.83544349917118,0.0,33.337550503354535,52.847128146144094,68.74544066961703,78.72192651669693,96.36386238082666,113.13835685494192,34.49254006651564,53.85004664446078,70.16606816793319,76.09354079432862,120.5966627916528,8.620708484692209,44.884952002821734
36.30573578760108,28.052087936814154,61.769239183034614,82.75437950677062,134.75217033392627,170.22519275366045,44.542093832185515,91.41009672601402,14.46388617578163,49.988516476803376,81.07430159362157,105.02486687978639,129.33821354150845,47.86377778739868,66.4255379437275,92.4418901511257,120.30999910464979,13.101155042442869,44.63536920849364,68.70075776984069,79.48538174605343,90.85150433122843,117.04386168622219,138.32968122902076,36.102501996698194,37.64492912282405,98.69689874107497,32.183861931466254,40.5126956617577,73.91668418447172,0.0,33.377967083669304,52.8949573263601,68.82705365944582,78.79988304505875,96.44866134097431,113.25411083758651,34.533171706765216,53.894016643810225,70.2471055205327,76.17623870788847,120.71600863780017,8.661051219496125,44.966787007097196
36.34722805707262,28.061300943995626,61.80520335311748,82.83546538017802,134.85433070914843,170.36446151324478,44.583129390179764,91.4912426805281,14.46487290308863,50.0292460828839,81.15600853701898,105.10527678816526,129.4190880028797,47.90536076745235,66.46898922208347,92.5224450669804,120.43026522487375,13.102374714393008,44.676152352445264,68.74626405978782,79.567416114616,90.93319611590853,117.12266461991399,138.4480244647524,36.14284661821659,37.68694287650126,98.77706649990608,32.224358522259934,40.553481253684005,73.99792813577845,0.0,33.4183854724423,52.942770101261836,68.90866922912646,78.87784656756054,96.53345093064549,113.36989242057305,34.57380464512582,53.937978495363566,70.32814842813899,76.25893653123683,120.83536530240973,8.701395841014518,45.048623898087136
36.38872032654417,28.070499740244337,61.841173793449094,82.91655612540424,134.95641277905466,170.50382105712004,44.62416562925051,91.57239171800965,14.465857371901334,50.06997780933809,81.23771770447706,105.18569114314609,129.4999653418188,47.94694326936529,66.5124346026937,92.60300183682594,120.55054339508112,13.10359306752492,44.71693672858519,68.79176147955462,79.64945207537613,91.01489015690846,117.20146977537166,138.56638376116484,36.18319312175695,37.72895633742704,98.85723831553257,32.264856681744135,40.59426766643899,74.0791753436319,0.0,33.45880566506525,52.990566519978465,68.99028737079452,78.95581709125608,96.61823118898135,113.4857014882029,34.61443887871573,53.9819322386463,70.40919686239991,76.34163426601523,120.9547327520858,8.741742344554886,45.130462671099046
36.43021259601571,28.079684350497452,61.87715051177943,82.99765171930675,135.05841680348783,170.64327109251585,44.665202547796824,91.6535438307064,14.466839589362715,50.11071164937026,81.31942908996693,105.26610993322741,129.58084555212602,47.98852529499622,66.55587410812545,92.6835604704379,120.67083356236412,13.104810103850216,44.757722333703484,68.8372500538298,79.73148962401793,91.09658644789539,117.28027717619607,138.68475904907942,36.22354150264273,37.77096950499496,98.93741417920776,32.305356406206236,40.63505489912733,74.16042579861032,0.0,33.49922765694594,53.038346631504936,69.07190807662047,79.03379462296617,96.70300215504732,113.60153792528024,34.655074404661676,54.02587791292135,70.4902507951735,76.42433191385594,121.07411095356551,8.782090725440657,45.21230332145636
36.471704865487254,28.088854799662588,61.913133515670566,83.07875213891245,135.16034304238795,170.78281132669127,44.706240144223145,91.73469901089213,14.467819562587467,50.15144759621012,81.40114268748268,105.34653314694722,129.6617286276202,48.03010684619615,66.59930776084367,92.76412097745975,120.79113567411979,13.106025825376486,44.798509164601484,68.88272980721825,79.81352875624447,91.1782849825624,117.35908684571017,138.803150259737,36.26389175621297,37.81298237860456,99.01759408221021,32.345857691945334,40.67584295085163,74.24167949132922,0.0,33.53965144350793,53.08611048470178,69.15353133880923,79.11177916928126,96.78776386783164,113.7174016171111,34.695711220098566,54.06981555719115,70.57131019852564,76.50702947638185,121.19349987371825,8.822440979010906,45.29414584449815
36.513197134958794,28.098011112617765,61.949122812498665,83.15985736141624,135.26219175577864,170.92244146694716,44.747278416939324,91.81585725086651,14.468797298662167,50.192185643113085,81.48285849104103,105.42696077288298,129.74261456213912,48.07168792480854,66.64273558321175,92.84468336740443,120.91144967804732,13.107240234107431,44.83929721809159,68.92820076424172,79.89556946777748,91.25998575462812,117.43789880696221,138.9215573247945,36.30424387782249,37.85499495766146,99.09777801584387,32.38636053527232,40.71663182071258,74.32293641244138,0.0,33.58007702019055,53.133858128295444,69.23515714960014,79.18977073656384,96.87251636624381,113.83329244950198,34.736349322169644,54.11374521019989,70.65237504472836,76.5897269552066,121.3128994795447,8.86279310062043,45.375990235579216
36.55468940443034,28.107153314211484,61.985118409456625,83.24096736417968,135.36396320375357,171.0621612206398,44.788317364360694,91.89701854295527,14.469772804645478,50.23292578336001,81.56457649468152,105.50739279965151,129.8235033495393,48.11326853266943,66.68615759749211,92.92524764965569,121.03177552214662,13.108453332042938,44.88008649099772,68.97366294933919,79.9776117543576,91.34168875783699,117.51671308272809,139.03998017632165,36.34459786284177,37.89700724157731,99.17796597143811,32.42686493250989,40.75742150780901,74.40419655263676,0.0,33.620504382448985,53.18158961087835,69.31678550126664,79.26776933095113,96.95725968911323,113.94921030875864,34.77698870802647,54.15766691043594,70.73344530625793,76.6724243519348,121.43230973817664,8.9031470856397,45.45783649007005
36.59618167390188,28.116281429262266,62.0211203135553,83.32208212472862,135.46565764646243,171.20197029519306,44.82935698490777,91.97818287950949,14.470746087568052,50.27366801025696,81.64629669246602,105.58782921590863,129.9043949836956,48.15484867160715,66.72957382584637,93.00581383346882,121.15211315471555,13.109665121178804,44.92087698015454,69.01911638686698,80.05965561174358,91.42339398595846,117.59552969551407,139.15841874679793,36.384953706656646,37.939019229769535,99.25815794034719,32.46737087999224,40.798212011237744,74.48545990264185,0.0,33.660933525753784,53.229304980908736,69.39841638611597,79.34577495835703,97.04199387518725,114.06515508168441,34.81762937482863,54.20158069613366,70.81452095579252,76.75512166816155,121.55173061687594,8.943502929454576,45.53968460335647
36.63767394337343,28.125395482558897,62.05712853162621,83.40320162075227,135.56727534409856,171.34186839811144,44.8703972770065,92.05935025290613,14.471717154432968,50.314412317135364,81.72801907847897,105.6682700103491,129.98528945850154,48.196428343442676,66.77298429033625,93.08638192797261,121.2724625243487,13.110875603507067,44.96166868240813,69.06456110109941,80.14170103571288,91.50510143278761,117.6743486675592,139.27687296910963,36.42531140466856,37.98103092166155,99.33835391395054,32.507878374065285,40.839003330093846,74.56672645321999,0.0,33.70136444559133,53.277004286711126,69.48004979648923,79.42378762447525,97.12671896313043,114.18112665557933,34.85827131974402,54.24548660527588,70.89560196621092,76.83781890547311,121.67116208303419,8.98386062746649,45.62153457083993
36.67916621284497,28.134495498860264,62.09314307032332,83.48432583010141,135.66881655688493,171.48185523699274,44.91143823908818,92.1405206555476,14.472686012215613,50.35515869735171,81.80974364682706,105.74871517170652,130.06618676786917,48.23800754998955,66.81638901292386,93.16695194217007,121.3928235799346,13.112084781015879,45.00246159461549,69.10999711622902,80.22374802206114,91.58681109214456,117.75317002083817,139.39534277654658,36.46567095229437,38.02304231668267,99.41855388365259,32.54838741108652,40.87979546347056,74.647996195171,0.0,33.74179713746335,53.324687576476265,69.561685724761,79.50180733478132,97.21143499152276,114.29712491823888,34.89891453994867,54.28938467559584,70.97668831059018,76.92051606544655,121.79060410417206,9.024220175092296,45.70338638793727
36.720658482316516,28.14358150289511,62.129163936124876,83.56545473078656,135.77028154506147,171.6219305195402,44.95247986958932,92.22169407986176,14.473652667863968,50.39590714428753,81.89147039163919,105.82916468875307,130.1470869057288,48.27958629305388,66.85978801547225,93.24752388493984,121.51319627065423,13.113292655689527,45.04325571364456,69.15542445636706,80.30579656660191,91.66852295787434,117.83199377706376,139.51382810279887,36.506032344966236,38.06505341426794,99.4987578408826,32.58889798742497,40.92058841045934,74.72926911933094,0.0,33.78223159688717,53.372354898261236,69.64332416333924,79.579834094535,97.29614199885832,114.41314975795187,34.93955903262676,54.333274944579486,71.05777996220392,77.00321314965001,121.91005664793862,9.064581567764167,45.78524005008069
36.762150751788056,28.152653519362072,62.16519113533545,83.64658830097684,135.87167056887174,171.76209395357503,44.9935221669517,92.30287051830165,14.47461712829863,50.43665765134916,81.97319930706634,105.90961855029924,130.227989866029,48.321164574434384,66.90318131974587,93.32809776503737,121.63358054597873,13.114499229508375,45.084051036374255,69.2008431455435,80.38784666516688,91.75023702384698,117.91081995768916,139.6323288819547,36.5463955781316,38.10706421385823,99.5789657770946,32.62941009946109,40.961382170149875,74.81054521657191,0.0,33.82266781939526,53.420006299989524,69.72496510466493,79.65786790878279,97.38084002354407,114.52920106350004,34.980204794970504,54.37715744946736,71.13887689452069,77.08591015964247,122.02951968211076,9.104944800929529,45.86709555271759
36.8036430212596,28.161711572929587,62.20122467408807,83.72772651899825,135.97298388855074,171.9023452470482,45.034565129622344,92.38404996334555,14.475579400412972,50.47741021196787,82.05493038728144,105.990076745194,130.30889564273676,48.36274239592244,66.94656894741112,93.40867359109598,121.75397635566736,13.115704504448995,45.1248475596945,69.24625320770774,80.46989831360543,91.83195328395696,117.98964858391075,139.75084504849616,36.58676064725311,38.14907471490011,99.65917768376727,32.66992374358679,41.00217674163015,74.891824477802,0.0,33.86310580053558,53.46764182945122,69.80660854121207,79.73590878236003,97.46552910389855,114.64527872415589,35.02085182418024,54.42103222725686,71.21997908120176,77.16860709697411,122.14899317459255,9.145309870051037,45.94895289131065
36.84513529073114,28.17075568823578,62.23726455834594,83.80886936333204,136.07422176431157,172.04268410805318,45.075608756053526,92.46523240749691,14.476539491073344,50.51816481959949,82.13666362647942,106.07053926232427,130.3898042298371,48.404319759302155,66.98995092003695,93.4892513716284,121.87438364976609,13.116908482484138,45.165645280505885,69.29165466672896,80.55195150778468,91.91367173212372,118.06847967667058,139.86937653729726,36.627127547808605,38.19108491684594,99.739393552404,32.710438916205426,41.04297212398651,74.97310689396504,0.0,33.90354553587123,53.51526153430317,69.88825446548745,79.81395671989375,97.55020927815053,114.76138262968189,35.06150011746434,54.464899314704134,71.30108649609976,77.25130396318626,122.26847709341477,9.185676770606536,46.030812061337684
36.8866275602027,28.17978588988834,62.273310793904194,83.8900168126132,136.17538445633346,172.18311024483725,45.11665304470263,92.54641784328406,14.477497407119085,50.55892146772455,82.2183990188768,106.15100609061504,130.47071562133303,48.44589666635029,67.03332725909505,93.5698311150275,121.99480237860483,13.118111165582649,45.206444195719946,69.33704754639622,80.63400624358925,91.99539236229089,118.14731325665855,139.98792328362038,36.66749627529096,38.23309481915363,99.81961337453257,32.750955613731634,41.08376831630358,75.05439245604036,0.0,33.94398702098051,53.56286546206897,69.96990287003028,79.8920117258043,97.63488058443795,114.87751267032857,35.10214967203916,54.50875874832619,71.38219911325656,77.33400075981119,122.38797140673405,9.226045498088888,46.112673058291584
36.92811982967424,28.188802202464505,62.309363386392164,83.97116884562932,136.2764722247487,172.3236233658134,45.15769799403225,92.6276062632602,14.47845315536268,50.59968014984798,82.3001365587118,106.23147721902885,130.55162981124573,48.4874731188364,67.07669798596064,93.6504128295677,122.11523249279587,13.119312555709636,45.247244302258835,69.38243187041887,80.71606251692126,92.07711516842645,118.22614934431505,140.10648522311365,36.707866825208065,38.27510442128676,99.89983714170515,32.79147383259134,41.12456531766439,75.13568115504272,0.0,33.9844302514568,53.610453660139186,70.05155374741226,79.97007380430819,97.7195430608066,114.99366873683347,35.14280048512906,54.55261056440292,71.46331690690167,77.41669748837256,122.50747608283261,9.266416048005995,46.19453587768024
36.969612099145785,28.197804650510925,62.34542234127489,84.05232544131887,136.37748532963093,172.46422317957234,45.19874360251009,92.70879766000336,14.479406742589898,50.64044085949912,82.38187624024425,106.31195263656618,130.63254679361438,48.529049118522785,67.12006312191276,93.73099652340619,122.23567394323244,13.120512654826323,45.28804559705546,69.42780766242713,80.79812032370002,92.15884014452266,118.30498795983335,140.22506229180814,36.74823919308279,38.317113722714524,99.98006484549839,32.83199356922176,41.165363127150385,75.21697298202201,0.0,34.02487522290854,53.65802617577141,70.13320709023715,80.04814295942006,97.80419674520903,115.10985072041959,35.18345255396637,54.59645479897907,71.54443985145053,77.4993941503852,122.62699109011744,9.306788415880716,46.276400515026495
37.011104368617325,28.206793258543602,62.38148766385502,84.13348657876969,136.47842403098267,172.60490939489358,45.23978986860902,92.78999202611617,14.480358175560033,50.6812035902316,82.46361805775535,106.39243233226472,130.7134665624957,48.5706246671646,67.16342268813496,93.81158220458383,122.35612668108585,13.121711464890197,45.32884807705347,69.47317494597213,80.88017965986208,92.24056728459578,118.38382912316189,140.34365442611428,36.78861337445289,38.35912272291165,100.060296477513,32.87251482007131,41.206161743841456,75.29826792806325,0.0,34.065321930959136,53.705583056090546,70.21486289114083,80.12621919495504,97.8888416755033,115.2260585127938,35.224105875791324,54.64029148786618,71.62556792150284,77.58209074735521,122.74651639711979,9.34716259725082,46.35826696586815
37.05259663808887,28.215768051047753,62.41755935927479,84.2146522372175,136.5792885887236,172.74568172075715,45.280836790806916,92.87118935422583,14.48130746100568,50.72196833562315,82.54536200554766,106.47291629519952,130.79438911196453,48.61219976650979,67.20677670571548,93.89216988102639,122.47659065780427,13.122908987854867,45.36965173920695,69.51853374452642,80.962240521361,92.32229658268598,118.46267285400671,140.4622615628202,36.82898936487091,38.40113142135831,100.14053202937393,32.91303758159952,41.24696116681593,75.37956598428615,0.0,34.10577037124682,53.753124348088704,70.29652114279082,80.20430251453097,97.97347788945208,115.34229200614554,35.264760447852055,54.68412066664448,71.70670109184057,77.66478728077995,122.86605197249452,9.387538587668836,46.44013522575771
37.09408890756041,28.224729052477848,62.45363743251755,84.29582239604517,136.6800792626783,172.8865398663549,45.32188436758684,92.95238963698415,14.48225460563331,50.76273508927568,82.62710807794501,106.55340451448296,130.87531443611337,48.65377441829925,67.25012519564812,93.97275956054582,122.59706582511073,13.124105225670293,45.410456580480734,69.5638840814844,81.04430290416725,92.40402803285731,118.54151917183391,140.58088363908772,36.86936715990425,38.443139817540306,100.22077149273017,32.953561850277154,41.287761395150724,75.46086714184527,0.0,34.14622053942481,53.8006500986256,70.37818183788647,80.28239292157063,98.05810542472149,115.45855109314549,35.30541626740465,54.727942370665055,71.78783933742668,77.74748375214838,122.9855977850197,9.427916382702175,46.52200529026259
37.13558117703196,28.2336762872574,62.489721888409775,84.37699703478017,136.78079631256475,173.02748354110125,45.36293259743681,93.03359286706709,14.483199616123139,50.80350384481497,82.70885626929227,106.63389697926411,130.9562425290523,48.69534862426673,67.29346817883234,94.05335125084119,122.71755213500106,13.125300180282553,45.45126259784999,69.60922598016226,81.12636680426822,92.48576162919746,118.62036809587174,140.69952059245048,36.909746755134925,38.48514791094875,100.30101485925464,32.994087622585944,41.32856242792121,75.54217139192957,0.0,34.18667243116099,53.8481603544285,70.45984496915841,80.36049041930384,98.14272431887996,115.57483566694373,35.346073331712965,54.77175663505149,71.86898263340322,77.83018016294061,123.10515380359573,9.468295977932854,46.60387715496481
37.1770734465035,28.242609779778892,62.52581273162261,84.45817613309427,136.8814399979824,173.16851245464468,45.40398147884985,93.11479903717492,14.484142499129089,50.84427459589066,82.79060657395536,106.71439367872908,131.03717338490904,48.736922386138886,67.33680567607391,94.13394495949967,122.83804953974219,13.126493853633978,45.492069788300476,69.65455946379872,81.20843221766759,92.56749736581746,118.6992196451129,140.8181723608104,36.9501281461596,38.52715570108017,100.3812621206441,33.03461489501866,41.369364264201316,75.62347872576231,0.0,34.22712604213799,53.895655162092396,70.54151052936852,80.4385950107696,98.22733460939733,115.69114562116846,35.38673163804865,54.81556349470181,71.95013095508975,77.91287651462831,123.22471999724507,9.508677368957523,46.685750815461034
37.218565715975046,28.251529554403856,62.56190996667381,84.53935967080147,136.98201057840117,173.3096263168785,45.44503101032406,93.19600814003213,14.485083261279335,50.885047336176235,82.87235898632115,106.79489460210057,131.11810699782882,48.7784957056354,67.38013770808541,94.21454069399793,122.95855799187032,13.12768624766317,45.53287814882829,69.69988455555523,81.29049914038612,92.64923523685196,118.778073838317,140.93683888243558,36.99051132858954,38.5691631874365,100.4615132686192,33.07514366407909,41.4101669030636,75.70478913460099,0.0,34.26758136805304,53.9431345680802,70.6231785113098,80.51670669881851,98.31193633364387,115.80748084992464,35.42739118369122,54.85936298429047,72.03128427798171,77.99557280867465,123.34429633511145,9.549060551387468,46.767626267362516
37.260057985446586,28.260435635462564,62.598013597929125,84.62054762785712,137.0825083131498,173.45082483795133,45.486081190362476,93.27722016838726,14.48602190917605,50.925822059368734,82.95411350079728,106.8753997386378,131.1990433619743,48.820068584468935,67.4234642954867,94.29513846170305,123.07907744418902,13.12887736430497,45.57368767643985,69.74520127851618,81.3725675684605,92.73097523645889,118.8569306940128,141.0555200959573,37.030896298050536,38.611170369525,100.54176829492425,33.11567392628197,41.45097034357923,75.786102609737,0.0,34.30803840461802,53.99059861872294,70.70484890780621,80.59482548611457,98.3965295288893,115.92384124779227,35.46805196592793,54.9031551382701,72.11244257774882,78.07826904653436,123.4638827864594,9.589445520848464,46.84950350629506
37.30155025491813,28.26932804725414,62.63412362960444,84.70173998435621,137.18293346140442,173.59210772827825,45.52713201747308,93.35843511501278,14.486958449395718,50.96659875918886,83.03587011181214,106.95590907763642,131.27998247152556,48.861641024345175,67.46678545880525,94.37573826987344,123.1996078497675,13.130067205490512,45.61449836815216,69.79050965568945,81.45463749794416,92.81271735881934,118.93579023050013,141.17421594036693,37.07128305018282,38.65317724685821,100.6220271913271,33.15620567815292,41.49177458481804,75.86741914249563,0.0,34.34849714755932,54.03804736021982,70.78652171171225,80.67295137513743,98.48111423230175,116.0402267098248,35.508713982053784,54.9469399908734,72.19360583023355,78.16096522965371,123.58347932067377,9.629832272980746,46.93138252789888
37.34304252438967,28.278206814046417,62.67024006576708,84.78293672053239,137.28328628217804,173.7334746985508,45.56818349016882,93.43965297270499,14.487892888489197,51.0073774293807,83.11762881381476,107.03642260842815,131.36092432067994,48.90321302696288,67.51010121847678,94.45634012566038,123.32014916193882,13.131255773147195,45.65531022099222,69.83580971000652,81.53670892490646,92.89446159813743,119.01465246585244,141.29292635501406,37.11167158064102,38.695183818953964,100.70228994961933,33.19673891622842,41.53257962584852,75.94873872423581,0.0,34.38895759261777,54.08548083863834,70.86819691591313,80.75108436818459,98.56569048094715,116.15663713154801,35.5493772293715,54.99071757611494,72.27477401144935,78.24366135947066,123.70308590725895,9.670220803438951,47.01326332782863
37.38453479386122,28.28707196007575,62.7063629103375,84.86413781675618,137.38356703430887,173.87492545974783,45.60923560696751,93.52087373428395,14.488825232981801,51.04815806371171,83.19938960127458,107.11694032038092,131.44186890365214,48.94478459401385,67.55341159484554,94.53694403610838,123.44070133429794,13.132443069198656,45.6961232319974,69.88110146432291,81.618781845433,92.97620794864,119.09351741791886,141.41165127960306,37.15206188509408,38.73719008533527,100.78255656161566,33.23727363705573,41.57338546573785,76.03006134634988,0.0,34.42941973554854,54.13289909991454,70.94987451332437,80.82922446737311,98.65025831178797,116.27307240895801,35.59004170519146,55.034487927792824,72.35594709757939,78.32635743741476,123.82270251583851,9.710611107892007,47.095145901753234
37.42602706333276,28.295923509547116,62.74249216709118,84.94534325353446,137.48377597645,174.01645972314526,45.65028836639185,93.60209739259342,14.489755489373477,51.08894065597261,83.2811524686815,107.1974622028985,131.52281621467384,48.986355727183046,67.59671660816495,94.61755000815677,123.56126432070009,13.133629095564862,45.73693739821518,69.92638494141832,81.70085625562517,93.0579564045769,119.1723851043263,141.5303906541912,37.19245395922521,38.779196045530334,100.86282701915444,33.277809837192905,41.61419210355194,76.11138700026355,0.0,34.46988357212125,54.18030218985311,71.03155449689164,80.90737167464212,98.73481776168262,116.38953243851996,35.63070740683167,55.07825107949065,72.43712506497471,78.40905346490725,123.94232911615438,9.751003182023139,47.17703024535591
37.46751933280431,28.304761486634,62.778627839659954,85.02655301150841,137.58391336705856,174.15807720032657,45.691341766969444,93.68332394050071,14.490683664138887,51.129725199977315,83.36291741054576,107.27798824542037,131.603766247994,49.027926428148575,67.64001627859798,94.69815804864055,123.68183807525907,13.134813854162084,45.77775271670329,69.97166016399737,81.78293215160049,93.13970696022066,119.2512555424817,141.6491444191852,37.23284779873188,38.82120169907256,100.94310131409708,33.31834751320875,41.65499953835553,76.19271567743569,0.0,34.510349098119704,54.22769015412764,71.11323685959063,80.98552599175451,98.8193688673846,116.50601711716646,35.67137433161789,55.12200706457927,72.51830789015304,78.49174944336124,124.06196567806678,9.79139702152981,47.258916354334126
37.509011602275855,28.313585915478246,62.81476993153377,85.10776707145283,137.68397946438517,174.2997776031929,45.732395807232756,93.7645533708966,14.491609763727586,51.17051168956279,83.44468442139782,107.35851843742171,131.68471899787863,49.06949669858172,67.68331062621759,94.77876816429138,123.80242255234542,13.135997346902942,45.818569184529515,70.0169271546894,81.86500952949204,93.22145960986629,119.33012874957413,141.76791251533936,37.273243399325715,38.863207045500474,101.02337943832836,33.35888666168274,41.695807769212124,76.27404736935814,0.0,34.550816309341954,54.275063038280656,71.194921594427,81.0636874202992,98.90391166554167,116.62252634229607,35.71204247688341,55.16575591621837,72.59949554979703,78.5744453741816,124.18161217155311,9.831792622123642,47.3408042243995
37.5505038717474,28.322396820189994,62.850918446062124,85.18898541427443,137.7839745264633,174.4415606439723,45.77345048571897,93.84578567669516,14.492533794563979,51.211300118588895,83.52645349578819,107.43905276841305,131.76567445861062,49.11106654014695,67.72659967100711,94.85938036173857,123.92301770658464,13.137179575696267,45.859386798771695,70.0621859360491,81.94708838544864,93.30321434783113,119.40900474257671,141.88669488375274,37.31364075673233,38.905212084357615,101.103661383756,33.39942727920494,41.73661679518395,76.35538206755551,0.0,34.59128520160018,54.322420887723766,71.27660869443586,81.14185596169283,98.98844619269494,116.73906001177146,35.75271183996904,55.20949766735831,72.68068802075278,78.65714125876494,124.30126856670778,9.87218997953026,47.42269385127766
37.59199614121894,28.33119422484774,62.88707338645582,85.27020802101099,137.88389881109916,174.58342603523045,45.814505800970174,93.92702085083387,14.493455763047685,51.252090480938485,83.60822462828747,107.51959122794028,131.84663262448984,49.15263595450199,67.76988343286085,94.93999464751012,124.0436234928556,13.13836054244733,45.90020555651767,70.10743653055677,82.0291687156347,93.38497116845505,119.48788353824911,142.00549146586619,37.35403986669151,38.94721681519265,101.18394714231087,33.43996936237611,41.7774266153322,76.43671976358517,0.0,34.63175577072065,54.36976374773805,71.3582981526821,81.22003161718199,99.07297248527841,116.85561802391828,35.79338241822329,55.253232350741804,72.76188528002855,78.7398370984998,124.42093483374141,9.912589089489439,47.50458523070838
37.63348841069049,28.33997815349806,62.92323475578835,85.35143487282997,137.98375257586173,174.7253734898793,45.85556175153317,94.00825888627324,14.494375675553387,51.29288277051706,83.68999781348612,107.60013380558442,131.9275934898329,49.19420494329783,67.81316193158447,95.02061102803383,124.16423986628875,13.139540249057672,45.9410254548652,70.15267896061849,82.11125051622979,93.46673006609983,119.56676515313907,142.12430220346064,37.39444072495692,38.98922123755924,101.26423670594666,33.48051290780747,41.81823722871687,76.51806044903692,0.0,34.672228012543684,54.41709166347395,71.43998996225967,81.2982143878451,99.15749057961793,116.97220027752319,35.834054209002055,55.29695999890561,72.84308730479313,78.8225328947667,124.5406109429806,9.952989947754851,47.58647835844534
37.67498068016203,28.34874863015573,62.95940255699756,85.43266595102729,138.08353607807211,174.86740272118718,45.89661833595955,94.08949977599691,14.495293538431117,51.33367698125287,83.77177304599445,107.68068049096158,132.0085570489733,49.235773508178724,67.85643518689537,95.101229509638,124.2848667822644,13.140718697425205,45.98184649092209,70.19791324856656,82.19333378342915,93.5484910351496,119.6456496035849,142.2431270386542,37.434843327296186,39.031225351016026,101.34453006663995,33.521057912120824,41.859048634396856,76.59940411553292,0.0,34.712701922923486,54.464404679951635,71.52168411629191,81.37640427459434,99.24200051193077,117.08880667183243,35.87472720966883,55.34068064418223,72.92429407237441,78.90522864893805,124.6602968648671,9.993392550094116,47.668373230256144
37.71647294963357,28.357505678803555,62.995576792887015,85.5139012370263,138.18324957479427,175.00951344278795,45.93767555280564,94.1707435130116,14.496209358006354,51.37447310709674,83.85355032044252,107.76123127372256,132.0895232962612,49.277341650782326,67.89970321842324,95.18185009855274,124.40550419641131,13.141895889444209,46.02266866180604,70.24313941666003,82.27541851344319,93.63025407001018,119.72453690571726,142.3619659138993,37.47524766949079,39.07322915512662,101.42482721639011,33.56160437194845,41.899860831430026,76.68075075472748,0.0,34.7531774977283,54.5117028420611,71.60338060793107,81.45460127817749,99.32650231832464,117.20543710655036,35.915401417594566,55.38439431870154,73.00550556025813,78.98792436237825,124.77999256995737,10.033796892288722,47.7502698419223
37.75796521910512,28.366249323392296,63.031757466127594,85.59514071237643,138.28289332282463,175.1517053686904,45.97873340063245,94.25199009034672,14.49712314058,51.41527114202189,83.93532963147999,107.84178614355302,132.17049222606352,49.31890937273954,67.94296604571036,95.26247280091061,124.52615206460447,13.14307182700531,46.06349196464433,70.28835748708426,82.35750470249725,93.71201916510954,119.80342707546126,142.48081877198092,37.515653747335996,39.11523264945952,101.50512814721914,33.60215228393299,41.9406738188731,76.762100358307,0.0,34.7936547328401,54.55898619456233,71.68507943035827,81.53280539917999,99.41099603479731,117.3220914818375,35.9560768301576,55.42810105439237,73.08672174608618,79.07062003644377,124.89969802892206,10.074202970133921,47.832168189239034
37.79945748857666,28.374979587840702,63.067944579258906,85.67638435875197,138.38246757868302,175.29397821328712,46.019791878005734,94.33323950105466,14.498034892428748,51.45607108002409,84.01711097377608,107.92234509017321,132.25146383276368,49.360476675674775,67.98622368821223,95.34309762274789,124.64681034296416,13.14424651199553,46.104316396574355,70.33356748195214,82.43959234683187,93.79378631489709,119.8823201285383,142.5996855560136,37.55606155664084,39.157235833588175,101.5854328511717,33.64270164472757,41.98148759578189,76.84345291798972,0.0,34.83413362415482,54.606254782085564,71.76678057678332,81.61101663802681,99.49548169723579,117.43876969830933,35.9967534447438,55.471800882984276,73.16794260765556,79.15331567248316,125.01941321254563,10.114610779438769,47.91406826801543
37.84094975804821,28.383696496035274,63.10413813469087,85.75763215795132,138.4819725986025,175.43633169136373,46.06085098349585,94.41449173821046,14.498944619804877,51.496872915121244,84.09889434201945,108.00290810333767,132.33243811076147,49.402043561205716,68.0294761652978,95.4237245700052,124.7674789878536,13.145419946298217,46.145141954743075,70.3787694233037,82.52168144270249,93.87555551384396,119.96121608046832,142.7185662094395,37.596471093228004,39.19923870709081,101.66574132031496,33.68325245099561,42.0223021612111,76.9248084255255,0.0,34.8746141675818,54.6535086491313,71.84848404044446,81.68923499498408,99.57995934141587,117.55547165703443,36.037431258746345,55.51549383600898,73.24916812291661,79.23601127183707,125.13913809172539,10.155020316025931,47.995970074074144
37.88244202751975,28.39240007183038,63.14033813470502,85.83888409189537,138.5814086385207,175.57876551810747,46.10191071567782,94.49574679491162,14.499852328936633,51.53767664135351,84.18067973091809,108.08347517283528,132.41341505447332,49.44361003094355,68.07272349625,95.5043536485287,124.88815795587792,13.146592131793163,46.185968636307194,70.42396333310678,82.60377198637933,93.95732675644275,120.04011494657136,142.8374606760255,37.6368823529338,39.24124126955048,101.74605354673845,33.72380469941083,42.06311751421448,77.00616687269586,0.0,34.91509635904436,54.70074784007068,71.93018981460841,81.76746047016124,99.66442900300126,117.67219725953282,36.07811026956581,55.55917994480208,73.33039826997197,79.31870683583834,125.25887263747143,10.195431575731734,48.07787360325149
37.9239342969913,28.401090339048118,63.17654458145599,85.92014014262672,138.68077595406976,175.72127940911648,46.142971073131385,94.57700466427839,14.50075802602821,51.57848225278317,84.26246713519927,108.16404628848909,132.49439465833214,49.48517608649299,68.11596570026629,95.58498486407093,125.00884720388217,13.147763070356593,46.22679643843317,70.46914923325723,82.68586397414735,94.03910003720753,120.11901674196993,142.9563688998612,37.6772953316082,39.28324352055512,101.82636952255412,33.76435838665729,42.10393365384491,77.0875282513137,0.0,34.95558019447936,54.74797239914559,72.01189789257005,81.84569306351273,99.74889071754329,117.78894640777466,36.11879047461017,55.602859240504635,73.41163302707504,79.40140236581195,125.37861682090593,10.23584455440613,48.15977885139743
37.96542656646284,28.409767321478224,63.21275747697296,86.00140029230846,138.7800748005678,175.86387308040784,46.18403205444082,94.65826533945332,14.501661717259921,51.61928974349455,84.34425654960947,108.24462144015615,132.57537691678695,49.52674172945218,68.15920279645881,95.66561822229176,125.12954668894997,13.148932763861097,46.26762535829698,70.51432714557905,82.76795740230624,94.12087535067353,120.19792148159051,143.07529082535663,37.71771002511461,39.32524545969736,101.90668923989625,33.80491350942925,42.14475057915426,77.16889255322315,0.0,34.996065669837115,54.79518237046882,72.09360826765226,81.92393277483984,99.83334452048034,117.90571900417831,36.159471871294706,55.64653175406464,73.49287237262877,79.48409786307526,125.49837061326258,10.276259247912538,48.24168581437538
38.006918835934385,28.418431042877987,63.248976823161016,86.08266452322304,138.87930543300936,176.0065462484263,46.225093658194936,94.73952881360123,14.502563408788117,51.66009910759372,84.42604796891418,108.32520061772726,132.65636182430308,49.56830696141276,68.202434803855,95.74625372875906,125.25025636840155,13.150101214175615,46.308455393084216,70.55949709182497,82.85005226717008,94.20265269139718,120.27682918016558,143.19422639723936,37.75812642932986,39.367247086574515,101.98701269092115,33.8454700644311,42.18556828919348,77.2502597702994,0.0,35.036552781081525,54.84237779802424,72.17532093320581,82.00217960379243,99.91779044713705,118.02251495160866,36.20015445704189,55.69019751623854,73.57411628518416,79.56679332893769,125.6181339858861,10.316675652127792,48.32359448806218
38.048411105405926,28.427081526972348,63.285202621802625,86.1639328177712,138.9784681060572,176.1492986300527,46.266155882987256,94.82079507990935,14.503463106745635,51.700910339208825,84.50784138789786,108.40578381112708,132.73734937536221,49.609871783959996,68.24566174139805,95.82689138895007,125.37097619979255,13.151268423165657,46.349286539990096,70.60465909367643,82.93214856506754,94.28443205395597,120.35573985223571,143.31317556055282,37.798544540144306,39.40924840078868,102.06733986780743,33.88602804837746,42.22638678301275,77.33162989444862,0.0,35.077041524189895,54.88955872566707,72.25703588260927,82.08043354987085,100.00222853272399,118.13933415337586,36.24083822928164,55.733856557592944,73.65536474343921,79.64948876470125,125.73790691023176,10.35709376294223,48.40550486834816
38.08990337487747,28.435718797453607,63.32143487455879,86.24520515847092,139.07756307403264,176.29212994261235,46.307218727415695,94.90206413158687,14.504360817241567,51.74172343248958,84.58963680136391,108.48637101031376,132.81833956446206,49.65143619867265,68.2888836279472,95.90753120825194,125.4917061409124,13.152434392693042,46.390118796219056,70.64981317274415,83.01424629234147,94.3662134329482,120.43465351215106,143.43213826065377,37.83896435346151,39.451249401946505,102.14767076275552,33.92658745799301,42.267206059661234,77.41300291760776,0.0,35.1175318951529,54.93672519712401,72.33875310926868,82.15869461242752,100.08665881233722,118.25617651323326,36.281523185450986,55.777508908505915,73.73661772623723,79.73218417166,125.85768935786484,10.397513576259438,48.48741695113691
38.13139564434901,28.444342877981587,63.35767358297069,86.3264815279564,139.17659059090764,176.43503990388288,46.34828219008283,94.9833359618652,14.50525654636163,51.78253838160734,84.67143420413456,108.56696220527881,132.8993323861163,49.6930002071232,68.33210048227824,95.98817319196267,125.61244614978253,13.153599124616136,46.43095215898546,70.69495935056824,83.0963454453492,94.4479968229933,120.51357017407354,143.55111444320983,37.879385865198465,39.49325008965941,102.22800536798808,33.967148290012545,42.308026118187435,77.49437883174443,0.0,35.1580238899746,54.98387725599348,72.42047260661758,82.23696279066894,100.1710813209578,118.37304193537602,36.32220932299427,55.82115459916873,73.81787521256612,79.81487955110063,125.97748130046017,10.437935087996392,48.569330732345406
38.17288791382056,28.452953792183425,63.39391874846079,86.40776190897701,139.27555091029626,176.57802823210227,46.38934626959568,95.06461056399759,14.506150300168102,51.82335518075506,84.7532335910507,108.64755738604723,132.9803278348549,49.734563810877674,68.37531232308388,96.06881734529208,125.73319618465501,13.154762620789676,46.47178662551273,70.74009764861847,83.17844602046209,94.52978221873111,120.59248985197827,143.67010405419745,37.91980907128532,39.53525046354333,102.30834367574943,34.007710541180884,42.348846957638926,77.5757576288567,0.0,35.19851750467228,55.031014945745795,72.50219436811672,82.31523808365715,100.2554960934511,118.48993032443951,36.36289663936298,55.864793659587065,73.89913718155654,79.89757490430222,126.0972827098016,10.478358294083248,48.65124620790381
38.2143801832921,28.461551563653526,63.43017037233417,86.48904628439615,139.3744442854453,176.72109464597702,46.43041096456571,95.14588793125924,14.507042084699954,51.864173824147144,84.83503495697182,108.72815654267693,133.06132590522358,49.776127011495745,68.41851916897413,96.14946367336253,125.85395620401103,13.155924883064879,46.51262219303363,70.78522808829464,83.26054801406553,94.61156961482222,120.67141255965575,143.78910703989968,37.96023396766538,39.577250523218716,102.38868567830569,34.048274208252764,42.389668577062515,77.65713930097294,0.0,35.23901273527638,55.07813830972327,72.58391838725397,82.39352049031159,100.33990316456669,118.60684158549728,36.40358513201576,55.908426119582664,73.98040361248101,79.98027023253621,126.21709355778125,10.518783190463306,48.73316337375541
38.25587245276365,28.470136215953655,63.466428455780125,86.57033463719036,139.47327096922749,176.86423886468975,46.471476273608985,95.22716805694712,14.507931905973109,51.90499430601935,84.91683829677606,108.80875966525909,133.14232659178398,49.8176898105309,68.46172103847692,96.2301121812101,125.97472616655948,13.15708591328951,46.553458858790634,70.83035069092695,83.34265142255907,94.6933590059477,120.75033831071349,143.9081233469039,38.000660550295194,39.61925026831073,102.46903136794486,34.08883928799301,42.430490975504334,77.73852384015188,0.0,35.27950957783067,55.12524739114068,72.6656446575442,82.47181000941082,100.42430256893772,118.72377562405995,36.444274798418526,55.95205200879482,74.06167448475254,80.06296553706675,126.33691381639947,10.559209773093121,48.81508222585677
38.29736472223519,28.478707772612697,63.50269299987319,86.65162695044825,139.57203121413204,177.0074606079069,46.5125421953459,95.30845093437993,14.50881976998028,51.94581662062875,84.99864360535992,108.88936674391752,133.22332988911356,49.85925220953023,68.50491795003825,96.31076287378502,126.09550603123495,13.158245713307707,46.59429662003519,70.87546547777598,83.42475624235604,94.77515038680905,120.82926711857766,144.02715292209965,38.041088815144285,39.66124969844889,102.54938073697643,34.129405777176274,42.47131415200966,77.81991123848212,0.0,35.32000802839186,55.17234223308515,72.74737317252907,82.55010663959406,100.50869434108056,118.84073234607312,36.48496563604417,55.99567135668168,74.14294977792345,80.14566081915036,126.45674345776408,10.599638037942213,48.8970027601774
38.338856991706734,28.487266257126592,63.538964005574286,86.73292320736932,139.67072527225744,177.150759595786,46.55360872840127,95.38973655689789,14.509705682691287,51.98664076225348,85.08045087763817,108.96997776880895,133.3043357918057,49.90081421003454,68.54810992202262,96.39141575595276,126.21629575719665,13.159404284960083,46.635135474028,70.92057247003322,83.50686246988347,94.85694375212795,120.90819899649486,144.1461957126759,38.08151875819517,39.70324881326719,102.62973377773145,34.16997367258703,42.512138105623066,77.90130148808217,0.0,35.36050808302965,55.21942287851649,72.82910392577685,82.62841037936309,100.5930785153944,118.95771165791581,36.52565764237272,56.03928419252165,74.224229471684,80.22835608003619,126.57658245408979,10.640067980993102,48.978924972699836
38.380349261178274,28.495811692958625,63.57524147373256,86.81422339126355,139.76935339530306,177.2941355489837,46.59467587140447,95.47102491786288,14.510589650053152,52.02746672519298,85.1622601085441,109.0505927301227,133.3853442944694,49.94237581357858,68.59129697271375,96.47207083249491,126.33709530382723,13.160561630083912,46.67597541803921,70.96567168882135,83.58897010158253,94.93873909664639,120.98713395753421,144.26525166612043,38.121950375443504,39.74524761240423,102.71009048256259,34.21054297101976,42.55296283538855,77.98269458110046,0.0,35.40100973782704,55.266489370267585,72.91083691088245,82.70672122708366,100.67745512616096,119.074713466399,36.56635081489138,56.08289054541516,74.30551354586146,80.31105132096614,126.69643077769801,10.68049959824143,49.06084885941971
38.42184153064982,28.50434410353882,63.611525405085914,86.89552748554962,139.8679158345617,177.43758818866237,46.635743622989104,95.55231601065813,14.511471677990057,52.06829450376749,85.24407129302901,109.1312116180805,133.4663553917292,49.983937021690735,68.63447912031455,96.55272810810996,126.45790463073061,13.161717750512809,46.71681644934799,71.01076315519438,83.67107913390753,95.02053641512641,121.06607201458864,144.3843207302156,38.162383662897675,39.78724609550288,102.79045084384383,34.25111366927862,42.593788340349306,78.06409050971492,0.0,35.44151298887963,55.31354175104428,72.99257212146702,82.7850391809873,100.76182420754417,119.19173767876369,36.60704515109432,56.12649044428555,74.38680198041875,80.39374654317463,126.816288401016,10.7209328856956,49.14277441634542
38.46333380012136,28.51286351226435,63.64781580026288,86.97683547375453,139.9664128409117,177.58111723649782,46.67681198179319,95.6336098286882,14.512351772403543,52.10912409231834,85.3258844260623,109.2118344229364,133.54736907822536,50.025497835893255,68.67765638294779,96.63338758741395,126.57872369773074,13.162872648076908,46.75765856524258,71.05584689013789,83.7531895633266,95.10233570235,121.14501318037667,144.5034028530379,38.20281861657898,39.82924426221043,102.87081485397044,34.29168576417751,42.63461461954789,78.1454892661329,0.0,35.482017832296044,55.36058006342576,73.074309551178,82.86336423917271,100.84618579358954,119.30878420267936,36.64774064848269,56.17008391788078,74.4680947554532,80.47644174788881,126.93615529657649,10.761367839376907,49.22470163949827
38.504826069592916,28.521369942499305,63.68411265978336,87.05814733951242,140.06484466480944,177.72472241468603,46.7178809464592,95.71490636537902,14.513229939172698,52.14995548520755,85.40769950263149,109.29246113497676,133.62838534861365,50.06705825770231,68.72082877865648,96.71404927494157,126.69955246487056,13.164026324603018,46.79850176302051,71.10092291456965,83.83530138632145,95.18413695311904,121.22395746744444,144.62249798295517,38.24325523252161,39.8712421121786,102.95118250535909,34.33225925254018,42.67544167202633,78.22689084259125,0.0,35.52252426419776,55.407604349864826,73.15604919368896,82.94169639960779,100.93053991822428,119.42585294624244,36.68843730456481,56.21367099477483,74.5493918511955,80.55913693632864,127.05603143701747,10.801804455319541,49.30663052491246
38.546318339064456,28.529863417574592,63.7204159840602,87.13946306656375,140.16321155628188,177.86840344595024,46.75895051563377,95.79620561417755,14.51410618415401,52.190788676818045,85.48951651774196,109.37309174451994,133.70940419756528,50.10861828862784,68.76399632540412,96.79471317514668,126.82039089240996,13.16517878191426,46.83934603998829,71.1459912493393,83.91741459938689,95.26594016225513,121.30290488816664,144.74160606862438,38.28369350677239,39.91323964506333,103.03155379044746,34.37283413119994,42.7162694968259,78.30829523135579,0.0,35.56303228071899,55.454614652687894,73.23779104269927,83.02003566013077,101.01488661525664,119.54294381797412,36.72913511685579,56.25725170336884,74.63069324800857,80.64183210970678,127.17591679508136,10.842242729570318,49.38856106863477
38.587810608536,28.538343960787987,63.7567257734002,87.22078263875406,140.26151376491933,178.0121600535478,46.800020687967965,95.87750756855192,14.514980513181749,52.23162366155317,85.57133546641685,109.45372624191619,133.7904256197669,50.15017793017377,68.8071590410753,96.87537929240345,126.94123894082489,13.166330021830452,46.88019139346134,71.19105191522922,83.99952919903122,95.34774532459969,121.3818554547491,144.86072705898988,38.32413343539091,39.95523686052495,103.11192870169444,34.413410396999794,42.7570980929874,78.38970242472155,0.0,35.60354187800665,55.50161101409547,73.3195350919342,83.09838201845196,101.09922591837581,119.66005672681945,36.76983408287783,56.30082607189266,74.7119989263863,80.72452726922873,127.2958113436146,10.882682658188841,49.470493266724844
38.62930287800754,28.546811595404087,63.793042028005424,87.30210604003358,140.35975153986828,178.15599196127692,46.841091462117156,95.95881222199137,14.515852932067943,52.27246043383709,85.65315634369732,109.53436461754772,133.87144960992052,50.19173718383796,68.85031694347595,96.9560476310068,127.06209657080541,13.167480046167924,46.92103782076425,71.23610493295442,84.08164518177597,95.42955243501356,121.46080917922968,144.97986090328092,38.36457501444945,39.99723375822806,103.19230723157993,34.45398804679241,42.797927459551026,78.47111241501247,0.0,35.64405305222036,55.54859347616221,73.40128133514465,83.17673547215551,101.18355786115168,119.77719158214505,36.81053420016002,56.34439412840611,74.7933088669525,80.8072224160929,127.41571505556743,10.92312423724738,49.55242711525492
38.67079514747909,28.55526634465416,63.82936474797422,87.38343325445565,140.45792512982405,178.29989889348317,46.882162836740925,96.04011956800586,14.516723446602393,52.31329898811433,85.73497914464197,109.61500686182832,133.95247616274355,50.23329605111218,68.89347005033372,97.03671819517355,127.18296374325473,13.168628856739526,46.96188531923047,71.28115032316289,84.16376254415577,95.51136148837708,121.53976607348032,145.09900755101043,38.40501824003282,40.039230337841474,103.27268937260479,34.49456707743995,42.838757595556416,78.55252519458115,0.0,35.684565799532336,55.595562080837105,73.483029766107,83.25509601870058,101.26788247703449,119.89434829373762,36.85123546623836,56.38795590080025,74.87462305045982,80.88991755149051,127.53562790399299,10.963567462830742,49.63436261030983
38.71228741695063,28.563708231736165,63.865693933302445,87.4647642661764,140.55603478302433,178.44388057506598,46.923234810503146,96.12142960012632,14.517592062552948,52.35413931884981,85.81680386432711,109.69565296520325,134.03350527296834,50.274854533482205,68.93661837929848,97.11739098904273,127.3038404192877,13.169776455354693,47.00273388620228,71.32618810643596,84.24588128271834,95.59317247959005,121.61872614920833,145.21816695197197,38.44546310823838,40.08122659903822,103.35307511729071,34.53514748581417,42.87958850004268,78.63394075580892,0.0,35.72508011612736,55.64251686994381,73.56478037862306,83.3334636554232,101.3521997993545,120.01152677180235,36.89193787865571,56.4315114167988,74.95594145778846,80.97261267660572,127.65554986204727,11.004012331036309,49.71629974798694
38.75377968642218,28.572137279814786,63.90202958388487,87.54609905945368,140.6540807472415,178.58793673148506,46.96430738207195,96.20274231190443,14.518458785665453,52.3949814205288,85.89863049784655,109.77630291814937,134.11453693534278,50.31641263242786,68.97976194794266,97.19806601667685,127.42472656022913,13.170922843819449,47.04358351903094,71.37121830328846,84.3280013940244,95.67498540357144,121.69768941795826,145.3373390562385,38.48590961517607,40.12322254149556,103.43346445818028,34.57572926879634,42.92042017204848,78.71535909110558,0.0,35.76559599820275,55.68945788518083,73.64653316651986,83.41183837953761,101.43650986132208,120.1287269269612,36.93264143496189,56.47506070395935,75.03726406994528,81.05530779261568,127.77548090298832,11.044458837973998,49.798238524396176
38.795271955893725,28.580553512021115,63.93837169951574,87.62743761864563,140.75206326977695,178.73206708876697,47.00538055011961,96.28405769691243,14.519323621663876,52.43582528765673,85.98045904031144,109.85695671117469,134.1955711446296,50.3579703494229,69.02290077376145,97.27874328206221,127.54562212761284,13.172068023936307,47.08443421507655,71.41624093416893,84.41012287464751,95.75680025525936,121.77665589111326,145.45652381416025,38.526357756968125,40.165218164894824,103.51385738783672,34.616312423277044,42.96125261061184,78.7967801929092,0.0,35.80611344196812,55.73638516812165,73.7282881236494,83.49022018813764,101.5208126960271,120.24594867025093,36.97334613271338,56.51860378967461,75.11859086806261,81.1380029006905,127.89542100017597,11.084906979766048,49.88017893565978
38.83676422536527,28.58895695145302,63.97472027989058,87.70877992821103,140.8499825974536,178.87627137351043,47.04645431332273,96.3653757487433,14.520186576250593,52.476670914759296,86.06228948685047,109.93761433481843,134.27660789560676,50.39952768593526,69.06603487417361,97.35942278911011,127.66652708317993,13.17321199750451,47.125285971707854,71.46125601946007,84.49224572117417,95.83861702961119,121.85562557989684,145.57572117636235,38.56680752974934,40.20721346892159,103.59425389884393,34.65689694615655,43.002085814770524,78.87820405368623,0.0,35.84663244364576,55.78329876021517,73.81004524388887,83.56860907819865,101.60510833643913,120.36319191312204,37.01405196947366,56.56214070117388,75.1999218333973,81.22069800199336,128.01537012707112,11.125356752547269,49.96212097791254
38.87825649483681,28.597347621174766,64.01107532460695,87.79012597270687,140.94783897660992,179.02054931289354,47.08752867036203,96.44669646101043,14.521047655106189,52.51751829638212,86.14412183260947,110.01827577965089,134.3576471830672,50.44108464342693,69.10916426652142,97.44010454165726,127.78744138887772,13.174354766319832,47.16613878630259,71.50626357947891,84.57436993020355,95.920435721603,121.93459849537422,145.69493109374307,38.60725892966679,40.2492084532655,103.67465398380644,34.69748283434435,43.04291978356173,78.95963066593112,0.0,35.88715299947015,55.830198702785715,73.89180452114009,83.64700504657846,101.68939681540701,120.4804565674365,37.054758942812946,56.6056714655241,75.28125694732944,81.30339309768048,128.1353282572358,11.165808152464718,50.04406464730153
38.91974876430836,28.605725544217076,64.04743683316539,87.87147573678914,141.0456326530931,179.1649006346787,47.128603619922394,96.52801982734766,14.521906863889775,52.558367427090865,86.22595607275149,110.09894103627315,134.4386890018188,50.482641223353994,69.15228896807128,97.52078854346662,127.90836500685823,13.175496332174594,47.20699265624704,71.55126363447688,84.65649549834758,96.00225632623007,122.01357464845394,145.81415351747242,38.64771195287982,40.29120311762025,103.7550576353493,34.738070084759315,43.08375451602223,79.04106002216625,0.0,35.92767510568805,55.87708503703335,73.97356594932965,83.7254080900192,101.77367816565868,120.5977425454663,37.095467050308166,56.64919610963114,75.36259619136142,81.38608818890124,128.2552953643321,11.206261175677747,50.126009939986105
38.9612410337799,28.614090743577073,64.08380480497084,87.95282920521039,141.14336387225308,179.30932506721908,47.16967916069282,96.60934584140917,14.52276420823893,52.599218301471076,86.30779220245668,110.17961009531716,134.51973334668435,50.52419742716663,69.19540899601395,97.60147479822807,128.0292978994768,13.176636696857786,47.24784757893616,71.59625620464044,84.7386224222307,96.08407883850617,122.09255404988949,145.9333883989893,38.688166595560006,40.33319746168358,103.8354648461179,34.77865869432965,43.124590011188396,79.12249211494188,0.0,35.96819875855851,55.9239578040341,74.05532952240871,83.80381820514845,101.85795241980114,120.71504975989183,37.13617628954304,56.6927146602411,75.44393954711695,81.46878327679808,128.37527142212207,11.246715818357934,50.20795685213783
39.002733303251446,28.622443242218267,64.12017923933357,88.03418636282012,141.2410328789364,179.45382233946395,47.21075529136649,96.69067449686929,14.523619693769916,52.64007091412801,86.3896302169222,110.26028294744546,134.6007802125013,50.56575325630921,69.23852436746506,97.6821633095594,128.15024002929087,13.17777586215497,47.28870355177355,71.64124131009086,84.82075069848996,96.16590325346391,122.17153671028046,146.05263569000036,38.72862285389113,40.375191485157245,103.91587560877802,34.81924865999278,43.1654262680962,79.20392693683584,0.0,36.00872395435274,55.970817044740194,74.13709523435271,83.88223538848091,101.94221961032024,120.83237812379997,37.176886658107975,56.736227143941456,75.52528699634,81.5514783625066,128.49525640446694,11.28717207668906,50.28990537994051
39.044225572722986,28.630783063070616,64.15656013547043,88.11554719456333,141.33863991747992,179.59839218096465,47.251832010640726,96.77200578742273,14.5244733260778,52.68092525968682,86.47147011136225,110.34095958335125,134.68182959412218,50.60730871222039,69.28163509946556,97.7628540810068,128.27119135905875,13.178913829848456,47.329560572171644,71.68621897088504,84.90288032377485,96.24772956615448,122.25052264007459,146.17189534247785,38.769080724069205,40.41718518774709,103.99628991601588,34.85983997869555,43.20626328578131,79.28536448045374,0.0,36.049250689354196,56.01766279998032,74.21886307916165,83.96065963641982,102.02647976958066,120.94972755068288,37.21759815360017,56.77973358716247,75.60663852089372,81.63417344715575,128.61525028532742,11.327629946867132,50.37185551959012
39.08571784219453,28.639110229030276,64.19294749250554,88.19691168547983,141.43618523170494,179.74303432187986,47.292909317216925,96.85333970678423,14.525325110736429,52.72178133279222,86.55331188100789,110.42163999375798,134.76288148641416,50.64886379633293,69.32474120898179,97.8435471160455,128.39215185173816,13.18005060171707,47.37041863755119,71.73118920701522,84.98501129474725,96.32955777164756,122.32951184956865,146.29116730865738,38.809540202302266,40.45917856916286,104.07670776053776,34.90043264739387,43.24710106327901,79.36680473842844,0.0,36.089778959858386,56.06449511045986,74.30063305085946,84.03909094525818,102.11073292982559,121.06709795443567,37.25831077362343,56.82323401617811,75.68799410275957,81.71686853186766,128.7352530387622,11.368089425100194,50.45380726729473
39.12721011166607,28.647424762959655,64.22934130947161,88.27827982070356,141.53366906491144,179.8877484929808,47.333987209800505,96.9346762486884,14.526175053298546,52.76263912810843,86.63515552110687,110.50232416941948,134.84393588425894,50.69041851007387,69.36784271290607,97.92424241808072,128.51312147048486,13.181186179536315,47.41127774534154,71.77615203840958,85.06714360808138,96.41138786503127,122.40850434891033,146.41045154103696,38.850001284810375,40.50117162911823,104.15712913507014,34.94102666305288,43.2879395996242,79.44824770342011,0.0,36.1303087621728,56.11131401676095,74.38240514349414,84.11752931118018,102.19497912317681,121.18448924935511,37.299024515788226,56.8667284571074,75.76935372403605,81.79956361775771,128.8552646389284,11.408550507608306,50.53576061927438
39.16870238113762,28.65572668768745,64.26574158531103,88.35965158546152,141.63109165987228,180.03253442565736,47.37506568710103,97.01601540688995,14.527023159295975,52.80349864031924,86.71700102692377,110.58301210111976,134.92499278255306,50.73197285486451,69.41093962805705,98.00493999044815,128.63410017865144,13.182320565078385,47.45213789298062,71.82110748493234,85.14927726046359,96.49321984141197,122.48750014809939,146.5297479923741,38.890463967825646,40.54316436733084,104.23755403235965,34.98162202264685,43.32877889385154,79.52969336811618,0.0,36.17084009261701,56.158119559343,74.46417935113769,84.19597473026279,102.27921838163452,121.30190135013814,37.33973937771168,56.910216935915614,75.85071736693803,81.88225870593458,128.97528506008044,11.449013190623576,50.617715571761195
39.21019465060916,28.664016026008465,64.30214831887662,88.44102696507319,141.72845325882756,180.1773918519221,47.41614474783202,97.09735717516338,14.527869434239621,52.844359864127675,86.79884839373975,110.66370377967266,135.0060521762073,50.77352683212039,69.45403197117996,98.08563983641487,128.75508793978628,13.183453760112036,47.492999077914696,71.86605556638399,85.23141224859255,96.5750536959143,122.5664992569893,146.64905661568466,38.930928247592085,40.58515678352214,104.31798244517275,35.022218723159156,43.36961894499531,79.61114172523095,0.0,36.2113729475225,56.20491177854268,74.54595566788576,84.27442719847669,102.36345073707724,121.41933417187948,37.38045535701749,56.9536994784153,75.93208501379544,81.96495379750033,129.09531427657012,11.489477470390014,50.699672120999175
39.2516869200807,28.672292800683724,64.33856150893295,88.5224059449498,141.82575410347908,180.32232050441638,47.45722439071112,97.178701547303,14.528713883619647,52.8852227942563,86.88069761685256,110.7443991959222,135.08711406014737,50.815080443251475,69.49711975894716,98.16634195917989,128.87608471763198,13.184585766402824,47.53386129759863,71.91099630250172,85.31354856917899,96.65688942368106,122.64550168528864,146.7683773642411,38.97139412036567,40.627148877417554,104.39841436629604,35.06281676158228,43.41045975208961,79.69259276750583,0.0,36.25190732323265,56.25169071457434,74.6277340878577,84.3528867116882,102.4476762212619,121.53678763007083,37.421172451336,56.99717611026768,76.0134566470527,82.04764889355042,129.21535226284593,11.529943343163598,50.7816302632443
39.29317918955225,28.680557034440316,64.37498115415713,88.6037885105933,141.92299443498513,180.46732011641487,47.4983046144599,97.26004851712274,14.529556512905424,52.926087425446674,86.96254869157642,110.82509834074195,135.16817842931306,50.85663368966193,69.54020300795827,98.2470463618748,128.99709047612407,13.185716585712848,47.574724549495485,71.95592971295933,85.39568621894553,96.73872701987298,122.72450744256223,146.88771019156994,39.011861582414156,40.66914064874624,104.47884978853587,35.103416134917694,43.45130131416817,79.77404648770886,0.0,36.29244321610265,56.298456407530125,74.70951460519636,84.43135326566005,102.53189486582346,121.65426164059856,37.46189065830403,57.04064685698354,76.0948322492674,82.13034399517372,129.33539899345269,11.570410805212083,50.86358999476433
39.33467145902379,28.688808749971432,64.41140725313984,88.68517464759559,142.0201744939547,180.6123904218303,47.53938541780396,97.34139807845624,14.530397327545838,52.96695375245968,87.04440161324202,110.90580120503539,135.24924527865883,50.89818657275041,69.58328173474077,98.3277530475645,129.11810517939008,13.186846219801,47.61558883107685,72.00085581736796,85.47782519462702,96.82056647966887,122.80351653823296,147.00705505145118,39.05233063001717,40.71113209724126,104.55928870471843,35.14401684017592,43.49214363026458,79.85550287863481,0.0,36.33298062249962,56.34520889738031,74.791297214068,84.50982685605311,102.6161067022752,121.77175611974225,37.50260997556506,57.08411174392457,76.17621180310958,82.21303910345253,129.45545444303082,11.610879852815097,50.94555131183889
39.376163728495335,28.6970479699363,64.44783980438652,88.76656434163819,142.11729452044278,180.75753115521877,47.5804667994729,97.42275022515663,14.531236332969192,53.00782177007523,87.1262563771963,110.98650777973533,135.33031460315325,50.93973909390987,69.62635595575014,98.40846201924799,129.23912879174796,13.187974670422827,47.65645413982254,72.0457746352757,85.55996549296995,96.90240779826526,122.88252898158275,147.12641189791518,39.092801259466064,40.7531232226394,104.63973110768961,35.18461887437645,43.53298669941215,79.93696193310494,0.0,36.37351953880226,56.39194822397345,74.87308190866212,84.58830747842741,102.70031176200861,121.88927098417304,37.543330400768994,57.12757079630435,76.2575952913607,82.29573421946276,129.5755185863164,11.651350482263993,51.02751421075933
39.417655997966875,28.705274716960137,64.48427880631796,88.84795757849089,142.21435475394506,180.90274205178383,47.621548758200234,97.50410495109652,14.532073534583382,53.04869147309217,87.20811297880257,111.06721805580412,135.41138639777932,50.98129125452771,69.66942568737036,98.48917327985886,129.36016127770506,13.189101939330495,47.697320473220664,72.09068618616845,85.64210711073282,96.9842509708766,122.96154478175421,147.24578068524193,39.13327346706391,40.79511402468124,104.72017699031503,35.22522223454765,43.57383052064399,80.01842364396697,0.0,36.414059961401136,56.43867442703672,74.9548686831914,84.6667951282437,102.78451007629317,122.00680615095183,37.584051931572304,57.17102403918952,76.33898269691265,82.3784293442736,129.69559139814052,11.691822689861837,51.10947868782871
39.45914826743843,28.71348901363421,64.5207242572717,88.92935434401181,142.31135543339272,181.04802284738156,47.66263129272347,97.58546225016799,14.532908937776028,53.08956285632838,87.28997141344026,111.14793202423344,135.49246065753445,51.02284305598582,69.71249094591428,98.569886832266,129.48120260195682,13.190228028273028,47.738187828767686,72.13559048946979,85.7242500446859,97.06609599273499,123.04056394775196,147.36516136795908,39.173747249125476,40.83710450311112,104.80062634547981,35.26582691772692,43.61467509299304,80.0998880040949,0.0,36.45460188669838,56.48538754617608,75.03665753189154,84.74528980086461,102.86870167627666,122.12436153752789,37.62477456563795,57.214471497500966,76.420374002767,82.46112447894807,129.81567285342865,11.732296471923405,51.191444739361835
39.50064053690997,28.721690882515617,64.55717615550252,89.01075462414542,142.40829679714787,181.1933732785247,47.70371440178396,97.6668221162822,14.533742547914432,53.13043591462038,87.37183167650488,111.2286496760441,135.57353737742977,51.0643944996604,69.75555174762373,98.65060267927423,129.60225272938553,13.191352938996047,47.77905620396813,72.18048756454127,85.80639429161089,97.14794285908997,123.11958648844362,147.48455390083979,39.21422260197707,40.879094657677015,104.88107916608865,35.306432920960376,43.65552041549199,80.18135500638881,0.0,36.495145311107684,56.53208762087653,75.11844844902103,84.82379149155577,102.95288659298477,122.24193706173676,37.66549830063523,57.25791319601464,76.5017691920338,82.54381962454254,129.93576292720053,11.772771824774997,51.27341236168497
39.54213280638152,28.72988034612746,64.59363449918378,89.09215840492298,142.50517908299847,181.33879308238735,47.74479808412706,97.7481845433698,14.534574370345767,53.17131064282368,87.4536937634081,111.30937100228597,135.654616552491,51.105945586922275,69.79860810867018,98.73132082362505,129.72331162505932,13.192476673241961,47.81992559633484,72.22537743068274,85.88853984830145,97.22979156520881,123.19861241256163,147.6039582389015,39.25469952195664,40.92108448813066,104.96153544506569,35.347040241303084,43.69636648717348,80.26282464377489,0.0,36.53569023105444,56.578774690502385,75.20024142886128,84.90230019548727,103.03706485732143,122.35953264179889,37.70622313424003,57.30134915936306,76.58316824793108,82.62651478210718,130.05586159456942,11.813248744754564,51.355381551136084
39.58362507585306,28.738057426958665,64.6300992864083,89.17356567246141,142.60200252815378,181.48428199680902,47.78588233850193,97.82954952538041,14.53540441039719,53.21218703581224,87.53555766957736,111.39009599403789,135.7356981777577,51.14749631913669,69.8416600451549,98.81204126799713,129.84437925423055,13.193599232749849,47.86079600338868,72.27026010713247,85.97068671156265,97.31164210637601,123.27764172870422,147.72337433740398,39.295178005413604,40.9630739942274,105.04199517535442,35.38764887581882,43.7372133070699,80.34429690920516,0.0,36.57623664297541,56.625448794297505,75.28203646571622,84.9808159077349,103.12123650006875,122.4771481963178,37.74694906413452,57.344779412035976,76.66457115378363,82.70920995268567,130.175968830742,11.85372722821153,51.43735230406459
39.625117345324604,28.746222147464035,64.66657051518888,89.25497641296252,142.69876736923968,181.62983976029867,47.82696716366166,97.91091705628283,14.53623267337585,53.25306508847876,87.61742339045621,111.47082464240758,135.81678224828357,51.18904669766348,69.8847075731094,98.89276401500707,129.9654555823352,13.194720619255543,47.901667422658775,72.31513561306757,86.05283487821097,97.39349447789348,123.35667444533692,147.84280215184782,39.3356580487089,41.00506317572626,105.12245834991771,35.4282588215802,43.77806087421359,80.42577179565752,0.0,36.616784543318886,56.672109971385574,75.36383355391241,85.05933862328128,103.20540155188691,122.59478364427878,37.787676088007345,57.388203978381725,76.74597789302216,82.79190513731548,130.29608461101776,11.894207271506831,51.51932461683143
39.666609614796144,28.754374530064215,64.70304818345973,89.336390612712,142.79547384229443,181.77546611203962,47.868052558363225,97.99228713006484,14.537059164569067,53.29394479573446,87.69929092150393,111.55155693853149,135.89786875913623,51.23059672385702,69.92775070849568,98.97348906720998,130.08654057499118,13.19584083449168,47.942539851682284,72.36000396760402,86.13498434507466,97.47534867508051,123.43571057079365,147.96224163797262,39.37613964821493,41.04705203238988,105.2029249617377,35.4688700756686,43.81890918763679,80.50724929613556,0.0,36.65733392854466,56.718758260770365,75.44563268779882,85.13786833701731,103.28956004331447,122.71243890504662,37.82840420355353,57.43162288260818,76.82738844918266,82.87460033702784,130.41620891078858,11.93468887101286,51.601298485809004
39.70810188426769,28.762514597145632,64.73953228907729,89.41780825807952,142.89212218276361,181.92116079189262,47.90913852136738,98.07365974073318,14.537883889244291,53.33482615250899,87.78116025819556,111.6322928735746,135.97895770539716,51.27214639906624,69.97078946720666,99.05421642710016,130.2076341979973,13.196959880187617,47.98341328800433,72.40486518979695,86.21713510899288,97.55720469327326,123.51475011327815,148.08169275175555,39.416622800315395,41.089040563984454,105.28339500381557,35.50948263517401,43.85975824637157,80.58872940366831,0.0,36.69788479512374,56.76539370133585,75.52743386174664,85.2164050437429,103.37371200476807,122.83011389836446,37.869133408474376,57.47503614878368,76.90880280590515,82.95729555284757,130.5363417055385,11.975172023113325,51.683273907381015
39.74959415373923,28.77064237106044,64.77602282982065,89.49922933551727,142.98871262549653,182.06692354039998,47.95022505143875,98.15503488231337,14.53870685264934,53.37570915375027,87.8630313960218,111.71303243873047,136.06004908216195,51.31369572463468,70.01382386506647,99.13494609711147,130.32873641733238,13.198077758069442,48.024287729178155,72.449719298641,86.29928716681657,97.63906252782529,123.59379308086527,148.20115544940944,39.45710750140541,41.131028770279784,105.36386846917183,35.55009649719515,43.900608049449986,80.67021211131033,0.0,36.73843713953854,56.812016331846635,75.60923707014929,85.29494873816871,103.45785746654282,122.9478085443519,37.90986370047759,57.51844380083835,76.99022094693326,83.03999078579345,130.65648297084294,12.015656724203339,51.76525087794257
39.791086423210785,28.77875787412655,64.81251980339302,89.58065383155953,143.0852454047415,182.21275409879007,47.99131214734573,98.23641254884978,14.539528060012394,53.416593794424635,87.94490433048894,111.79377562522087,136.1411428845397,51.3552447019005,70.05685391783078,99.21567807961833,130.4498471991538,13.19919446986002,48.06516317276492,72.49456631307034,86.38144051540755,97.72092217410689,123.67283948150192,148.32062968738114,39.49759374789134,41.17301665104915,105.44434535084586,35.59071165883935,43.94145859590401,80.75169741214143,0.0,36.778990958282755,56.85862619094807,75.69104230742226,85.37349941491706,103.54199645881211,123.06552276350331,37.95059507727709,57.56184586256478,77.07164285611286,83.12268603687794,130.77663268236867,12.056142970689267,51.847229393900044
39.832578692682326,28.7868611286276,64.8490232074223,89.66208173282227,143.18172075414208,182.35865220897992,48.03239980786054,98.31779273440543,14.540347516542043,53.45748006951653,88.02677905711882,111.87452242429603,136.22223910765342,51.39679333219651,70.09987964118713,99.29641237693593,130.57096650979628,13.200310017278989,48.10603961633377,72.53940625195911,86.46359515163896,97.80278362750532,123.75188932300867,148.4401154223503,39.53808153619079,41.21500420606939,105.52482564189604,35.631328117222544,43.982309884765534,80.8331852992666,0.0,36.81954624786128,56.90522331716657,75.77284956800295,85.45205706852299,103.62612901162781,123.1832564766863,37.99132753659317,57.60524235761931,77.15306851739179,83.20538130710737,130.89679081587315,12.096630758988718,51.92920945167104
39.87407096215387,28.79495215681297,64.88553303946208,89.74351302600198,143.2781389067328,182.50461761357994,48.07348803175923,98.39917543306207,14.541165227427568,53.49836797402869,88.10865557144888,111.95527282723425,136.30333774663998,51.43834161685023,70.1429010507554,99.3771489913212,130.69209431577116,13.201424402042862,48.1469170574618,72.58423913412157,86.5457510723952,97.88464688342485,123.83094261308094,148.5596126112275,39.57857086273268,41.2569914351209,105.60530933539988,35.671945869469326,44.023161915066524,80.91467576581606,0.0,36.86010300479028,56.95180774890997,75.85465884635065,85.53062169343593,103.71025515492043,123.30100960514011,38.032061076152395,57.648633309522964,77.23449791481862,83.28807659748216,131.01695734720434,12.13712008553061,52.01119104768448
39.91556323162541,28.80303098089756,64.92204929699236,89.82494769787547,143.37450009493514,182.65065005589665,48.11457681782149,98.48056063891987,14.54198119783879,53.53925750298178,88.1905338690317,112.03602682534184,136.38443879664968,51.47988955718378,70.18591816208792,99.45788792497312,130.81323058376486,13.202537625864762,48.18779549373387,72.62906497831214,86.62790827457151,97.9665119372862,123.90999935928984,148.67912121115222,39.61906172395694,41.29897833798741,105.68579642445343,35.712564912712665,44.06401468583878,80.99616880494476,0.0,36.900661225596906,56.998379524467516,75.93647013694621,85.60919328402008,103.79437491849892,123.41878207047368,38.072795693687446,57.692018741662345,77.31593103254193,83.3707719089963,131.13713225229984,12.177610946754864,52.09317417838027
39.95705550109696,28.811097623062025,64.95857197742056,89.90638573529878,143.47080455055408,182.79674927993685,48.15566616483087,98.5619483460976,14.54279543292627,53.580148651414426,88.27241394543545,112.11678440995301,136.46554225284657,51.5214371545141,70.22893099066994,99.53862918003341,130.934375280638,13.203649690454768,48.22867492274285,72.67388380322599,86.71006675507428,98.04837878452697,123.98905956908392,148.79864117949228,39.659554116314716,41.3409649144562,105.76628690217173,35.75318524409419,44.10486819611424,81.07766440983269,0.0,36.941220906819545,57.04493868201036,76.01828343429229,85.68777183455629,103.87848833205116,123.5365737946643,38.113531386937375,57.73539867729078,77.39736785480953,83.45346724263798,131.25731550718726,12.218103339112645,52.1751588402096
39.9985477705685,28.819152105452584,64.99510107808223,89.987827125207,143.56705250477387,182.94291503041026,48.1967560715746,98.64333854873237,14.543607937821402,53.621041414383335,88.35429579624335,112.1975455724299,136.54664811040834,51.5629844101528,70.27193955191993,99.61937275858715,131.0555283734241,13.204760597519725,48.26955534208929,72.71869562749892,86.79222651082084,98.1302474206013,124.06812324978986,148.91817247384176,39.70004803626821,41.38295116431795,105.8467807616885,35.79380686076392,44.14572244492474,81.15916257368443,0.0,36.981782045007606,57.09148525959174,76.10009873291291,85.76635733924267,103.9625954251438,123.6543847000558,38.15426815364735,57.7787731395292,77.47880836596771,83.53616259938936,131.37750708798296,12.258597259066134,52.25714502963463
40.04004004004005,28.82719445018109,65.03163659624191,90.06927185461323,143.66324418815475,183.08914705273313,48.237846536843655,98.72473124097974,14.54441871763652,53.66193578696291,88.43617941705395,112.27831030416222,136.62775636452596,51.60453132540629,70.31494386119,99.70011866266331,131.1766898293288,13.205870348763266,48.31043674938157,72.76350046970785,86.87438753873933,98.21211784097974,124.14719040861416,149.03771505201894,39.74054348029064,41.42493708736673,105.92727799615615,35.83442975988037,44.18657743130226,81.24066328972931,0.0,37.02234463672149,57.13801929514722,76.1819160273535,85.84494979219613,104.0466962272224,123.77221470935702,38.19500599156878,57.82214215136712,77.56025255046028,83.61885798022642,131.4977069708923,12.299092703088567,52.3391327431286
40.08153230951159,28.835224679324867,65.06817852909404,90.15071991060805,143.75937983062914,183.23544509303204,48.27893755943264,98.80612641701337,14.545227777464847,53.70283176424531,88.5180648034808,112.35907859656727,136.70886701040408,51.646077901575694,70.35794393376594,99.78086689423523,131.29785961572824,13.206978945885844,48.35131914223588,72.80829834837076,86.95654983576878,98.29399004114931,124.22626105264371,149.1572688720656,39.78104044486617,41.46692268339996,106.00777859874555,35.87505393861041,44.227433154278685,81.322166551221,0.0,37.062908678532516,57.18454082649489,76.2637353121807,85.92354918745299,104.13079076761164,123.89006374563996,38.23574489845913,57.86550573566361,77.6417003928278,83.70155338611936,131.6179151322089,12.339589667664098,52.42112197717569
40.123024578983134,28.843242814926892,65.10472687376367,90.232171280359,143.85545966149823,183.38180889814575,48.32002913813998,98.88752407102528,14.546035122380774,53.743729341340554,88.59995195115266,112.43985044108997,136.78998004326075,51.68762413995706,70.40093978486796,99.86161745522152,131.41903770016862,13.208086390584786,48.39220251827608,72.85308928194728,87.03871339885906,98.37586401661342,124.3053351888475,149.27683389224504,39.82153892649003,41.508907952218486,106.08828256264626,35.915679394129356,44.26828961288611,81.40367235143775,0.0,37.103474167022966,57.23104989133585,76.34555658198241,86.00215551897058,104.21487907551546,124.00793173233853,38.27648487208214,57.90886391514832,77.72315187770704,83.78424881803241,131.73813154831436,12.380088149287953,52.503112728271084
40.164516848454674,28.85124887899562,65.14128162730734,90.31362595110987,143.95148390942867,183.52823821562916,48.36112127176765,98.96892419722553,14.54684075743979,53.78462851337606,88.68184085571315,112.52062582920244,136.8710954583273,51.729170041841186,70.44393142965068,99.9423703474862,131.5402240503645,13.209192684554155,48.43308687513369,72.89787328883851,87.12087822497058,98.45773976289166,124.38441282407739,149.39641007104052,39.862038921668216,41.550892893626454,106.1687898810662,35.956306123620855,44.30914680615658,81.4851806836819,0.0,37.144041098786055,57.27754652725422,76.42737983136749,86.08076878062803,104.29896118001709,124.12581859324648,38.317225910207576,57.95221671242226,77.80460698982988,83.86694427692387,131.85835619567777,12.420588144466146,52.585104992920826
40.20600911792622,28.859242893505016,65.17784278671387,90.39508391018006,144.04745280244902,183.67473279375614,48.402213959121354,99.05032678984227,14.547644687678634,53.82552927549695,88.76373151282088,112.60140475240422,136.95221325084842,51.77071560851373,70.48691888320353,100.02312557283948,131.66141863419827,13.21029782948501,48.47397221044799,72.9426503873875,87.20304431107456,98.53961727551982,124.46349396506959,149.5159973671544,39.90254042691767,41.59287750743132,106.2493005472318,35.996934124276855,44.3500047331223,81.5666915412801,0.0,37.18460947042574,57.3240307717175,76.50920505496576,86.1593889662274,104.38303711007931,124.24372425251596,38.357968010611344,57.99556414995898,77.88606571402272,83.94963976374623,131.97858905085556,12.461089649715598,52.66709876764182
40.24750138739776,28.867224880394495,65.21441034890505,90.47654514496412,144.14336656794657,183.821292381522,48.443307199010356,99.1317318431216,14.548446918115333,53.86643162286571,88.84562391814923,112.68218720222177,137.03333341608212,51.812260841255195,70.52990216055112,100.10388313303825,131.78262141971868,13.211401827065117,48.51485852186575,72.98742059587943,87.28521165415275,98.62149655004978,124.54257861844535,149.6355957395057,39.94304343876606,41.63486179344378,106.32981455438768,36.03756339329756,44.39086339281548,81.64820491758289,0.0,37.2251792785567,57.37050266207682,76.59103224742782,86.23801606949468,104.46710689454449,124.36164863465612,38.39871117107539,58.03890625010518,77.96752803520559,84.03233527944603,132.0988300904907,12.501592661563988,52.74909404896175
40.28899365686931,28.87519486156895,65.25098431073656,90.55800964293077,144.23922543266463,183.96791672864668,48.4844009902476,99.21313935132754,14.549247453749336,53.90733555066229,88.92751806738639,112.76297317020884,137.11445594929947,51.853805741341006,70.57288127665353,100.18464302978674,131.90383237513984,13.212504678979137,48.55574580704143,73.03218393254166,87.36738025119743,98.70337758204946,124.62166679071245,149.75520514722916,39.98354795375188,41.67684575147785,106.41033189579677,36.07819392789149,44.43172278426855,81.72972080596492,0.0,37.26575051980446,57.41696223556724,76.67286140342506,86.31665008408102,104.5511705621348,124.47959166453093,38.43945538938772,58.08224303508191,78.04899393839165,84.11503082496411,132.21907929131277,12.542097176549808,52.83109083341911
40.33048592634085,28.883152858898818,65.28756466899874,90.63947739162275,144.33502962269876,184.1146055855772,48.52549533164971,99.29454930874202,14.550046299561643,53.948241054084,89.00941395623539,112.84376264794598,137.19558084578497,51.89535031004159,70.61585624640678,100.2654052647369,132.0250514688406,13.213606386908644,48.596634063637104,73.07694041554434,87.44955009921154,98.78526036710277,124.70075848826626,149.87482554967391,40.024053968424404,41.71882938135084,106.49085256474038,36.11882572527542,44.472582906514056,81.81123919982458,0.0,37.30632319080531,57.463409529308024,76.75469251764946,86.39529100356368,104.63522814145253,124.5975532673583,38.480200663342465,58.125574526985446,78.13046340868615,84.19772640123554,132.3393366301373,12.582603191222331,52.91308911756318
40.371978195812396,28.89109889421979,65.32415142041717,90.72094837865606,144.43077936349448,184.26135870349015,48.56659022203674,99.37596170966465,14.550843460514669,53.9891481283453,89.09131158041373,112.92455562704053,137.27670810083606,51.93689454862214,70.65882708464272,100.34616983948891,132.14627866936289,13.214706952532092,48.637523289322175,73.12169006300006,87.53172119520812,98.86714490080931,124.77985371739052,149.9944569064018,40.06456147934345,41.760812682883135,106.57137655451773,36.1594587826742,44.51344375858455,81.89276009258398,0.0,37.34689728820602,57.50984458030277,76.83652558481346,86.473938821447,104.71927966097996,124.71553336870763,38.52094699073964,58.16890074778792,78.21193643128578,84.28042200918959,132.45960208386543,12.623110702141377,52.99508889795377
40.41347046528394,28.899032989333154,65.36074456165382,90.80242259171928,144.52647487984385,184.40817583429475,48.60768566023249,99.4573765484128,14.551638941552627,54.03005676867795,89.17321093565369,113.00535209912675,137.35783770976346,51.978438458342985,70.7017938061299,100.42693675559215,132.2675139454111,13.215806377524686,48.678413481773816,73.16643289296455,87.61389353621101,98.94903117878475,124.8589524842589,150.11409917718584,40.10507048307965,41.8027956558985,106.65190385844629,36.20009309732101,44.554305339512965,81.97428347768891,0.0,37.38747280866414,57.556267425439906,76.91836059964997,86.55259353116351,104.80332514907981,124.83353189449905,38.561694369385386,58.212221719338636,78.29341299147815,84.36311764974988,132.57987562948347,12.663619705877576,53.077090171161515
40.45496273475549,28.906955166005403,65.39734408930721,90.88390001857293,144.62211639588295,184.55505673063465,48.64878164506421,99.53879381932151,14.552432747601332,54.07096697033071,89.25511201770185,113.08615205586524,137.4389696678905,52.01998204045927,70.74475642557336,100.50770601454487,132.38875726585096,13.21690466355869,48.719304638676455,73.21116892343666,87.69606711925397,99.0309191966602,124.93805479493564,150.2337523220091,40.14558097621406,41.844778300223716,106.73243446986147,36.24072866645698,44.59516764833215,82.05580934860853,0.0,37.42804974884765,57.60267810149265,77.0001975569121,86.63125512607485,104.88736463399526,124.95154877100107,38.602442797091726,58.25553746336459,78.3748930746406,84.44581332383424,132.7001572440627,12.704130199011992,53.159092933767475
40.49645500422703,28.914865445968594,65.43394999991374,90.9653806470491,144.717704135089,184.70200114589085,48.68987817536278,99.62021351674326,14.553224883568527,54.111878728569486,89.33701482231947,113.16695548894329,137.52010397055392,52.061525296221305,70.78771495761535,100.58847761779569,132.51000859970833,13.218001812303172,48.760196757722106,73.25589817235861,87.77824194138134,99.11280895008255,125.01716065537688,150.35341630106305,40.186092955338474,41.886760615688836,106.81296838211668,36.281365487331506,44.636030684075344,82.13733769883558,0.0,37.468628105435144,57.649076645119635,77.08203645137324,86.7099235994729,104.97139814385021,125.06958392482942,38.6431922716767,58.29884800147158,78.45637666624003,84.52850903235493,132.8204469047587,12.744642178136399,53.241097182363426
40.53794727369858,28.922763850919985,65.4705622899482,91.04686446505094,144.81323832027778,184.84900883418337,48.73097524996251,99.70163563504816,14.554015354343687,54.15279203867706,89.41891934528202,113.24776239007448,137.60124061310324,52.103068226874264,70.83066941683533,100.66925156674331,132.63126791616853,13.219097825424036,48.80108983661003,73.30062065761612,87.86041799964747,99.19470043471424,125.09627007143165,150.47309107474618,40.22660641705502,41.92874260212695,106.89350558858321,36.32200355720193,44.676894445775815,82.21886852188588,0.0,37.5092078751156,57.6954630928648,77.16387727782673,86.78859894458056,105.05542570664949,125.18763728294533,38.68394279096421,58.34215335514493,78.53786375183172,84.61120477621856,132.94074458881155,12.785155639852942,53.32310291355151
40.57943954317012,28.930650402522332,65.50718095582428,91.12835146055176,144.90871917360118,184.99607955037425,48.77207286770141,99.78306016862375,14.55480416479846,54.19370689595325,89.50082558237946,113.3285727509989,137.68237959090092,52.14461083365853,70.87361981775055,100.75002786273762,132.7525351845753,13.22019270458429,48.84198387304708,73.34533639703898,87.94259529111703,99.27659364623317,125.17538304884292,150.59277660366277,40.267121357976485,41.97072425937441,106.97404608265023,36.36264287333377,44.717758932467184,82.3004018112986,0.0,37.549789054588615,57.74183748115805,77.24572003108611,86.86728115455311,105.13944735027903,125.30570877265403,38.7246943527842,58.3854535457505,78.61935431705902,84.69390055632621,133.06105027354454,12.825670580774414,53.405110123944525
40.620931812641665,28.938525122403572,65.54380599389565,91.20984162159462,145.00414691654439,185.14321305006894,48.81317102742078,99.8644871118748,14.55559131978624,54.23462329571451,89.58273352941586,113.4093865634825,137.76352089932212,52.18615311780939,70.91656617481605,100.83080650707969,132.87381037442924,13.221286451443586,48.882878864747255,73.3900454084006,88.02477381286468,99.3584885803326,125.25449959324843,150.71247284862127,40.30763777472592,42.012705587270446,107.05458985772461,36.403283433000404,44.75862414318313,82.3819375606359,0.0,37.59037164056399,57.788199846315116,77.32756470598454,86.94597022247868,105.2234631025061,125.42379832160277,38.765446954972354,58.42874859453539,78.70084834765221,84.77659637357317,133.18136393636465,12.86618699752385,53.487118810165505
40.662424082113205,28.946388032157124,65.58043740045649,91.29133493629202,145.0995217699239,185.29040908961898,48.854269727965644,99.94591645922357,14.55637682414291,54.27554123329428,89.66464318220969,113.49020381931763,137.84466453375495,52.2276950805574,70.95950850242531,100.91158750102282,132.99509345538763,13.222379067658755,48.923774809432054,73.43474770941897,88.10695356197533,99.44038523272134,125.33361971018222,150.83217977063316,40.348155663936964,42.05468658565763,107.13513690723107,36.44392523348338,44.79949007695775,82.46347576348296,0.0,37.63095562976206,57.83455022453821,77.40941129737519,87.02466614137973,105.30747299097952,125.54190585777991,38.806200595370434,58.472038522628964,78.78234582942831,84.85929222884958,133.3016855547619,12.906704886734891,53.56912896884809
40.70391635158475,28.95423915334156,65.61707517174216,91.37283139282493,145.19484395388469,185.43766742612348,48.8953689681843,100.02734820510933,14.557160682686225,54.3164607040425,89.74655453659332,113.57102451032245,137.92581048960028,52.269236723128046,71.00244681491016,100.99237084577234,133.11638439726295,13.22347055488339,48.964671704830124,73.47944331775625,88.18913453554367,99.52228359912321,125.41274340507498,150.95189733091155,40.38867502225341,42.09666725438132,107.21568722461181,36.484568272072,44.84035673282519,82.54501641344777,0.0,37.6715410189133,57.880888651916,77.49125980013076,87.10336890421348,105.39147704322984,125.66003130951258,38.846955271825856,58.51532335104341,78.86384674828997,84.94198812303968,133.42201510630866,12.947224245051334,53.651140596636075
40.74540862105629,28.962078507480904,65.65371930393012,91.45433097944274,145.29011368789836,185.58498781743162,48.93646874692867,100.10878234398876,14.557942900216476,54.35738170332589,89.82846758841347,113.65184862834114,138.00695876227155,52.310778046742115,71.04538112654151,101.07315654248706,133.2376831700221,13.224560914768128,49.005569548677514,73.52413225101932,88.27131673067451,99.60418367527737,125.49187068325575,151.07162549086968,40.429195846329534,42.13864759329012,107.29624080332681,36.52521254606371,44.881224109820025,82.62655950416115,0.0,37.71212780475868,57.92721516442405,77.5731102091436,87.18207850387336,105.47547528666964,125.77817460546572,38.887710982192054,58.55860310067502,78.94535109022507,85.02468405702253,133.5423525686597,12.987745069127458,53.733153690183755
40.78690089052784,28.969906116064326,65.69036979314025,91.53583368446202,145.38533119076072,185.73237002214375,48.977569063054,100.19021887033541,14.558723481516093,54.39830422652759,89.91038233353062,113.73267616524346,138.08810934719486,52.352319052615364,71.0883114515292,101.15394459227849,133.3589897437852,13.225650148960481,49.04646833871735,73.56881452675985,88.35350014448245,99.68608545693802,125.57100154995227,151.19136421211954,40.469718132829755,42.18062760223551,107.37679763685341,36.565858052763645,44.92209220697695,82.70810502927651,0.0,37.75271598404918,57.97352979792495,77.65496251932544,87.26079493318947,105.55946774859366,125.89633567464006,38.92846772432812,58.60187779230448,79.02685884130581,85.1073800316715,133.6626979195518,13.02826735562768,53.81516824615552
40.82839315999938,28.97772200054633,65.72702663543592,91.6173394962667,145.48049668058965,185.87981379961374,49.018669915419046,100.27165777864,14.559502431350104,54.43922826904735,89.99229876781938,113.81350711292504,138.1692622398092,52.39385974195887,71.13123780402263,101.2347349962127,133.48030408882485,13.226738259104883,49.087368072700016,73.61349016247459,88.4356847740921,99.76798893987443,125.65013601029237,151.3111134564711,40.51024187842879,42.222607281071994,107.45735771868654,36.60650478948491,44.96296102333102,82.78965298246983,0.0,37.79330555354609,58.01983258816874,77.73681672560748,87.33951818492989,105.64345445617916,126.0145144463708,38.96922549609907,58.64514744659805,79.10836998768822,85.19007604785467,133.78305113680304,13.068791101226719,53.8971842612261
40.86988542947092,28.98552618234667,65.7636898268244,91.69884840330737,145.57561037482353,186.02731890995034,49.05977130288598,100.35309906341011,14.560279754465935,54.480153826301226,90.07421688716813,113.89434146330693,138.25041743556565,52.435400115978815,71.17416019811095,101.31552775530967,133.60162617556526,13.227825246842812,49.128268748383114,73.65815917560548,88.5178706166377,99.84989411987091,125.72927406930484,151.43087318593004,40.55076707981155,42.26458662965706,107.53792104233852,36.64715275354845,45.003830557917546,82.87120335743957,0.0,37.83389651002088,58.06612357079312,77.81867282294013,87.41824825180142,105.72743543648606,126.13271085032608,39.00998429537563,58.688412084108364,79.18988451561155,85.2727721064347,133.90341219831276,13.109316302609475,53.979201732080405
40.91137769894247,28.99331868285044,65.80035936325775,91.78036039410044,145.6706724902184,186.17488511401936,49.10087322432041,100.4345427191704,14.561055455593738,54.521080893721745,90.15613668747925,113.97517920833585,138.3315749299283,52.4769401758767,71.21707864782334,101.39632287054451,133.72295597458105,13.2289111138127,49.169170363531435,73.70282158353993,88.60005766926342,99.93180099272662,125.80841573192053,151.55064336269754,40.59129373367313,42.30656564785121,107.6184876013391,36.68780194228306,45.04470080977222,82.9527561479066,0.0,37.87448885025509,58.11240278132372,77.90053080629312,87.49698512645048,105.81141071645733,126.25092481650518,39.050744120034395,58.73167172527512,79.27140241139737,85.35546820826897,134.0237810820612,13.149842956471058,54.06122065541353
40.95286996841401,29.00109952340782,65.83703524063326,91.86187545722791,145.7656832428468,186.32251217344447,49.141975678591265,100.51598874046213,14.561829539446165,54.5620094667576,90.23805816466869,114.05602033998376,138.4127347183734,52.51847992284913,71.2599931671293,101.47712034284751,133.84429345659646,13.229995861649867,49.210072915916705,73.74747740361094,88.68224592912307,100.01370955425556,125.88756100297287,151.67042394916797,40.63182183671866,42.34854433551774,107.69905738923515,36.72845235302519,45.08557177793094,83.03431134761385,0.0,37.91508257104026,58.15867025517429,77.98239067065505,87.575728801464,105.89538032291901,126.36915627523722,39.091504967957555,58.77492639042586,79.35292366144925,85.4381643542094,134.14415776610886,13.190371059516583,54.1432410279306
40.994362237885554,29.008868725334324,65.87371745479425,91.94339358133645,145.86064284809555,186.47019985060933,49.18307866457089,100.59743712184347,14.562602010718683,54.602939540873784,90.31998131466626,114.13686485024783,138.49389679638972,52.56001935808802,71.30290376993884,101.55792017310473,133.96563859248428,13.231079491986684,49.250976403317885,73.7921266530974,88.76443539338004,100.09561980028641,125.96670988719944,151.7902149079284,40.67235138566337,42.39052269252293,107.77963039959094,36.76910398311915,45.12644346142995,83.11586895032657,0.0,37.955677669178115,58.204926027647105,78.06425241103364,87.65447926937031,105.97934428258054,126.4874051571792,39.132266837033114,58.81817609977682,79.4344482522517,85.5208605451026,134.26454222859647,13.2309006084613,54.22526284634686
41.035854507357094,29.01662630991075,65.9104060015308,92.024914755138,145.9555515206644,186.61794790865855,49.22418218113509,100.67888785788936,14.56337287408966,54.6438711115515,90.40190613341541,114.21771273115068,138.57506115947842,52.60155848278065,71.3458104701031,101.6387223621586,134.08699135326523,13.232162006452556,49.291880823521005,73.83676934922421,88.84662605920752,100.17753172666278,126.04586238924244,151.91001620175678,40.712882377232646,42.43250071873603,107.86020662598791,36.80975682991699,45.167315859305965,83.19742894983209,0.0,37.99627414148034,58.25117013393323,78.1461160224556,87.73323652264024,106.06330262203547,126.60567139331516,39.173029725154834,58.86142087343379,79.51597617037004,85.60355678179002,134.38493444774446,13.27143160003057,54.307286107387675
41.07734677682865,29.024372298382918,65.94710087658007,92.1064389674076,146.05040947456368,186.76575611149937,49.26528622716283,100.76034094319115,14.564142134220141,54.68480417428779,90.48383261687303,114.2985639747397,138.6562278031531,52.64309729810939,71.38871328141416,101.71952691080797,134.20835171010665,13.233243406673672,49.33278617431899,73.88140550916243,88.92881792378807,100.2594453292426,126.12501851364972,152.0298277936209,40.75341480816164,42.47447841402897,107.9407860620245,36.850410890778306,45.20818897059579,83.27899133993944,0.0,38.036871984768375,58.297402609112595,78.22798149996609,87.81200055368745,106.14725536776078,126.72395491495384,39.213793630221986,58.904660731392674,79.59750740244935,85.68625306510773,134.50533440185254,13.31196403095956,54.389310807788206
41.11883904630019,29.032106711962072,65.98380207562737,92.18796620698437,146.14521692311337,186.9136242238028,49.30639080153661,100.84179637235701,14.564909795754346,54.725738724596006,90.56576076100977,114.37941857308745,138.73739672293942,52.68463580525213,71.43161221760575,101.80033381980915,134.32971963432186,13.234323694273469,49.37369245351191,73.92603515002972,89.01101098431391,100.34136060389856,126.20417826487595,152.14964964667726,40.793948675195665,42.51645577827672,108.02136870131633,36.891066163070555,45.24906279433685,83.36055611447978,0.0,38.07747119587386,58.34362348815459,78.30984883862934,87.89077135486995,106.23120254611813,126.84225565372762,39.25455855013971,58.94789569354054,79.67904193521399,85.76894939588666,134.62574206929972,13.352497897993592,54.47133694429378
41.160331315771735,29.039829571824534,66.02050959430643,92.26949646277018,146.2399740789411,187.06155201100492,49.34749590314211,100.92325414001141,14.565675863319393,54.76667475800529,90.64769056180958,114.4602765182913,138.81856791437548,52.72617400538196,71.47450729235325,101.88114308987589,134.45109509736923,13.235402870872228,49.414599658906695,73.9706582888901,89.09320523798664,100.42327754651781,126.28334164728315,152.26948172426967,40.83448397508985,42.55843281135697,108.10195453749603,36.93172264416867,45.28993732956676,83.44212326730587,0.0,38.11807177163813,58.38983280591806,78.39171803352798,87.9695489184904,106.31514418335348,126.96057354159097,39.29532448281865,58.99112577965612,79.76057975546708,85.85164577495253,134.74615742854337,13.393033197887778,54.55336451365951
41.201823585243275,29.047540899111915,66.05722342820026,92.35102972372952,146.3346811539808,187.209539239308,49.38860153086848,101.00471424079548,14.56644034152561,54.80761227006075,90.72962201526994,114.54113780247344,138.8997413730116,52.76771189966744,71.5173985192742,101.96195472167994,134.57247807085113,13.236480938087348,49.45550778831734,74.01527494275474,89.17540068201737,100.50519615300183,126.362508665142,152.38932398992787,40.8750207046093,42.600409513150325,108.18254356421312,36.97238033145535,45.33081257532365,83.52369279229218,0.0,38.15867370891243,58.43603059715176,78.47358907976327,88.0483332367974,106.39908030559774,127.07890851081869,39.33609142617523,59.034351009410805,79.84212085008983,85.93434220312587,134.86658045811947,13.433569927407227,54.6353935126505
41.24331585471482,29.05524071493092,66.0939435728417,92.43256597888886,146.42933835947127,187.35758567568158,49.429707683607994,101.08617666936658,14.567203234966431,54.8485512563232,90.81155511740154,114.6220024177807,138.9809170944102,52.80924948927238,71.56028591192832,102.04276871585168,134.69386852651314,13.237557897533172,49.49641683956462,74.05988512858157,89.25759731362646,100.58711641926651,126.44167932263235,152.5091764073668,40.91555886052883,42.64238588354004,108.263135775134,37.01303922232072,45.37168853064592,83.60526468333468,0.0,38.19927700455775,58.482216896494485,78.55546197245474,88.12712430198589,106.4830109388668,127.19726049400452,39.3768593781313,59.07757140236913,79.9236652060408,86.01703868122202,134.9870111366418,13.47410808332676,54.717423938041584
41.28480812418636,29.06292904035352,66.13067002371396,92.51410521733622,146.5239459059549,187.50569108786354,49.470814360256334,101.16764142039841,14.5679645482186,54.88949171236933,90.8934898642285,114.70287035638464,139.0620950741458,52.85078677535607,71.60316948381801,102.12358507298019,134.8152664362432,13.238633750821027,49.537326810476316,74.10448886327572,89.33979513004373,100.66903834124201,126.5208536238443,152.6290389404847,40.95609843963316,42.68436192241224,108.343731163942,37.05369931416258,45.41256519457243,83.68683893435085,0.0,38.23988165544488,58.52839173847548,78.63733670674038,88.20592210619832,106.56693610906193,127.3156294240597,39.41762833661445,59.120786977989795,80.00521281035542,86.09973521005128,135.10744944280188,13.514647662431088,54.79945578661745
41.32630039365791,29.070605896416822,66.16740277625124,92.59564742822073,146.61850400327626,187.6538552443612,49.511921559712434,101.24910848858103,14.568724285842137,54.93043363379146,90.97542625178816,114.78374161048104,139.143275307805,52.892323759073186,71.64604924838854,102.20440379361409,134.93667177207064,13.239708499559425,49.57823769888699,74.14908616368992,89.42199412850826,100.75096191487275,126.60003157277927,152.74891155336257,40.99663943871675,42.72633762965582,108.42432972433714,37.094360604386196,45.45344256614248,83.76841553927947,0.0,38.28048765845428,58.57455515751463,78.71921327777636,88.28472664152525,106.6508558419702,127.43401523421129,39.45839829955778,59.1639977556262,80.08676365014557,86.18243179041883,135.22789535536853,13.555188661514675,54.88148905517259
41.36779266312946,29.078271304123184,66.20414182583956,92.6771926007521,146.7130128605809,187.80207791445196,49.55302928087849,101.33057786862062,14.569482452380534,54.971377016197614,91.05736427613104,114.86461617229044,139.22445779098655,52.933860441573856,71.68892521902832,102.28522487826167,135.05808450616536,13.240782145353775,49.6191495026381,74.19367704662433,89.50419430626833,100.83288713611722,126.67921317335048,152.86879421026245,41.0371818545838,42.76831300516238,108.50493145003621,37.13502309040436,45.49432064439575,83.84999449208073,0.0,38.32109501047618,58.62070718792279,78.80109168073702,88.36353790000642,106.73477016326447,127.55241785800064,39.4991692649,59.207203754527264,80.16831771259858,86.26512842312486,135.34834885318764,13.595731077381725,54.96352374051118
41.409284932601004,29.08592528444006,66.24088716781702,92.75874072420024,146.8074726863141,187.95035886818428,49.594137522659906,101.41204955523946,14.570239052360705,55.01232185521126,91.13930393332069,114.94549403405732,139.30564251930105,52.97539682400362,71.73179740906917,102.36604832739147,135.17950461083703,13.241854689806635,49.66006221957788,74.23826152882694,89.58639566058137,100.91481400094801,126.75839842938403,152.98868687562663,41.077725684048154,42.81028804882623,108.58553633477263,37.17568676963731,45.535199428372344,83.93157578673579,0.0,38.361703708410346,58.66684786390198,78.88297191081466,88.44235587363112,106.8186790985039,127.67083722928216,39.53994123058529,59.25040499383817,80.24987498497705,86.34782510896437,135.46880991518148,13.636274906846081,55.04555983944708
41.45077720207254,29.093567858300162,66.27763879747462,92.84029178789471,146.90188368822004,188.09869787637848,49.63524628396539,101.49352354317601,14.570994090293137,55.05326814647152,91.22124521943385,115.02637518805068,139.38682948837112,53.01693290750355,71.77466583178669,102.4468741414326,135.30093205853404,13.242926134517534,49.70097584756134,74.28283962699363,89.66859818871411,100.99674250535179,126.83758734461973,153.1085895140761,41.118270923933395,42.85226276054443,108.66614437229646,37.2163516395128,45.57607891711285,84.01315941724708,0.0,38.40231374916622,58.71297721954579,78.96485396321972,88.52118055433942,106.90258267313429,127.78927328222153,39.58071419456342,59.29360149260098,80.331435454618,86.43052184872752,135.58927852034878,13.67682014673132,55.12759734880386
