delta_B,2_A_1_0,2_A_1_1,2_A_1_2,2_A_1_3,2_A_2_0,2_A_2_1,2_A_2_2,2_E_0,2_E_1,2_E_2,2_E_3,2_E_4,2_E_5,2_E_6,2_T_1_0,2_T_1_1,2_T_1_2,2_T_1_3,2_T_1_4,2_T_1_5,2_T_1_6,2_T_1_7,2_T_2_0,2_T_2_1,2_T_2_2,2_T_2_3,2_T_2_4,2_T_2_5,2_T_2_6,2_T_2_7,2_T_2_8,2_T_2_9,4_A_1,4_A_2,4_E_0,4_E_1,4_T_1_0,4_T_1_1,4_T_1_2,4_T_2_0,4_T_2_1,4_T_2_2,6_A_1
0.0,46.81395348837208,57.81395348837209,67.81395348837209,82.76744186046511,46.81395348837209,54.76744186046512,61.81395348837209,46.813953488372086,53.42418349592676,57.767441860465105,57.81395348837209,75.76744186046513,82.76744186046508,109.0641885970965,46.813953488372086,54.76744186046512,57.76744186046512,57.76744186046512,57.81395348837209,61.81395348837208,82.76744186046511,99.76744186046511,46.81395348837208,46.8139534883721,53.42418349592676,54.76744186046512,57.76744186046512,57.81395348837209,61.81395348837209,75.76744186046514,82.76744186046511,109.06418859709649,32.383720930232556,53.33720930232558,32.383720930232556,39.383720930232556,32.383720930232556,38.33720930232558,53.33720930232558,32.383720930232556,39.383720930232556,53.33720930232558,0.0
0.04655818609306982,46.81395035637004,57.81391084390257,67.81388722151797,82.76755390379078,46.81373545944724,54.76759836444135,61.81401501332073,46.813908519714495,53.42400393324516,57.76180334536419,57.819760919815344,75.76746749206053,82.76741293800262,109.06424750296036,46.81376037324905,54.76732994145343,57.76362120133914,57.76750764236997,57.81788576281426,61.814037839727156,82.7674696835144,99.76745732297447,46.813587508451704,46.813854900176466,53.42268877728405,54.76842347030488,57.767831960840724,57.81443272754808,61.813892036018714,75.76751565384085,82.76750490420615,109.06422154970049,32.383720930232556,53.33720930232558,32.383720930232556,39.383720930232556,32.38340897560821,38.33750056660498,53.33722999267053,32.38367659369932,39.383632160611356,53.33734240848002,0.0
0.09311637218613963,46.81394096021676,57.8137829095464,67.81368843042318,82.76789002539509,46.81308143487498,54.76806780850134,61.81419959383298,46.813773608879956,53.42346531657421,57.74936384054851,57.83270710579227,75.76754438779862,82.76732617226955,109.06442421929965,46.81318106859562,54.766994139965746,57.754560321947366,57.767704957394,57.82728153457591,61.814290881984284,82.76755315228552,99.7675037106934,46.81248953187056,46.813559126052795,53.41822195946343,54.771350975506,57.76899165602702,57.81588104140387,61.81370773032607,75.76773702322876,82.76769403625019,109.0643204082434,32.383720930232556,53.33720930232558,32.383720930232556,39.383720930232556,32.3824732984981,38.33837417155551,53.33729206483011,32.38354358073242,39.38336586865537,53.3377417134029,0.0
0.13967455827920947,46.8139252994706,57.81356968246091,67.81335714348683,82.76845020016304,46.81199160117091,54.768849989132065,61.81450724690631,46.81354874128335,53.42256785994218,57.73461634946534,57.84829883935129,75.76767255053454,82.76718156822851,109.06471874235757,46.81221569651564,54.76643432285483,57.74325760286279,57.7680337134497,57.83914256219357,61.8147125797219,82.76769226564826,99.7675810241952,46.810659448418164,46.81306613740673,53.41083409871913,54.77617337128438,57.77088972453962,57.81832961208691,61.81340072552366,75.76810593641594,82.76800925905931,109.06448517491816,32.383720930232556,53.33720930232558,32.383720930232556,39.383720930232556,32.38091445862268,38.339829554082506,53.33739552217855,32.383321881230636,39.38292210508006,53.33840717648,0.0
0.18623274437227927,46.81390337339566,57.813271157909256,67.81289340802918,82.76923438624728,46.81046626889029,54.769944567454786,61.81493800086422,46.81323389261626,53.42131191975277,57.71909153693851,57.865005116805094,75.76785198502657,82.7669791341504,109.06513106587319,46.810864460371505,54.76565026891006,57.73105121048911,57.76849375700538,57.85213091059894,61.81530287391308,82.76788702171876,99.76768926443499,46.80809707524175,46.812375886634506,53.400607219711105,54.78280875221976,57.77347635577805,57.821828149857765,61.81297127908476,75.7686223397305,82.76845057673435,109.06471585337955,32.383720930232556,53.33720930232558,32.383720930232556,39.383720930232556,32.37873338695879,38.34186577758516,53.33754037033977,32.38301147836005,39.382300954386444,53.339338730044204,0.0
0.23279093046534904,46.813875180961425,57.81288732926192,67.81229729027423,82.77024252508384,46.80850587217289,54.771351069688535,61.81549189534789,46.8128290288473,53.419697994320735,57.70330085611737,57.88231401124608,75.76808269793536,82.76671888161367,109.06566118108225,46.80912764456834,54.76464166990637,57.71846304232767,57.76908487300744,57.865725005083014,61.81606168193911,82.76813741785976,99.76782843275012,46.804802158092,46.81148830720299,53.387650119011845,54.79114855816911,57.77668714867516,57.82644084303386,61.81241975236575,75.7692861580663,82.76901799501073,109.06501244874437,32.383720930232556,53.33720930232558,32.383720930232556,39.383720930232556,32.37593138291797,38.34448153477802,53.337726617187734,32.38261234855617,39.38150253482406,53.340536279410465,0.0
0.27934911655841893,46.81384072084277,57.81241818799848,67.81156887532525,82.77147454141488,46.806110968108115,54.7730688877967,61.81616898130449,46.812334106222345,53.41772672322355,57.68744903933894,57.900020182332995,75.76836469782306,82.76640082550388,109.066309076718,46.80700561425283,54.76340813206603,57.705718488528916,57.769806784773984,57.87969986867144,61.81698889760851,82.76844345068015,99.76799853085996,46.80077437306514,46.810403313761825,53.372093211730274,54.80106279531289,57.78044943104772,57.83223996818515,61.81174661150745,75.77009729491708,82.76971152125314,109.06537496759134,32.383720930232556,53.33720930232558,32.383720930232556,39.383720930232556,32.372510110423995,38.347675151612904,53.33795427284682,32.382124461526956,39.380526998339064,53.341999702924674,0.0
0.3259073026514887,46.813799991419835,57.811863723710324,67.8107082671336,82.77293034331761,46.80328223592251,54.775097280314654,61.81696932097214,46.81174907126514,53.41539888647071,57.67163183404594,57.918027141203645,75.76869799515215,82.76602498401267,109.06707473901253,46.80449881492714,54.76194917792684,57.69292752200739,57.77065915386187,57.89394603063589,61.81808439118165,82.76880511603515,99.76819956086594,46.79601332883813,46.809120802287424,53.3540829584457,54.81240569364207,57.78469039518966,57.83929766653334,61.81095242860531,75.77105563242085,82.77053116444816,109.06580341796143,32.383720930232556,53.33720930232558,32.383720930232556,39.383720930232556,32.368471592917324,38.35144459227396,53.33822334969244,32.381547780256646,39.37937453050774,53.34372885202631,0.0
0.37246548874455854,46.813752990777836,57.811223924103565,67.80971558846043,82.77460982223954,46.80002047599223,54.777435373355715,61.81789298786134,46.81107386077775,53.41271540349296,57.65589954781246,57.93628370646046,75.76908260228393,82.76559137863686,109.06795815169835,46.801607771979015,54.76026424860804,57.68014963700798,57.77164157991048,57.90840458625797,61.81934800940086,82.76922240902607,99.76843152525151,46.790518569394486,46.80764065025894,53.3337763658464,54.82502130559456,57.78934537245394,57.84767756570102,61.810037883156134,75.77216103141362,82.77147693519544,109.06629780935756,32.383720930232556,53.33720930232558,32.383720930232556,39.383720930232556,32.36381820732114,38.35578746521085,53.33853386235173,32.380882261010555,39.37804535045523,53.345723551324916,0.0
0.4190236748376283,46.81369971670686,57.810498775002834,67.80859098083165,82.77651285304005,46.79632660868416,54.780082161791825,61.8189400667333,46.81030840184142,53.40967733195415,57.64028102164324,57.954760032059994,75.769518533477,82.76510003417695,109.06895929601004,46.79833309012922,54.75835270646399,57.66741983607911,57.77275360046534,57.923041207895274,61.82077957552663,82.7696953240001,99.76869442688215,46.784289577236436,46.805962716865686,53.31133594714332,54.838748657503956,57.7943639679119,57.85742852798303,61.809003763792575,75.77341333149275,82.77254884569743,109.06685815274497,32.383720930232556,53.33720930232558,32.383720930232556,39.383720930232556,32.3585526770109,38.360701030168514,53.33888582770433,32.380127853340625,39.37653971075978,53.34798359869029,0.0
0.4655818609306981,46.81364016670153,57.809688260355394,67.80733460448593,82.77863929403853,46.792201673029304,54.78303651060553,61.82011065357445,46.809452611817335,53.40628586638868,57.6247939243254,57.97343731432379,75.77000580488517,82.76455097873604,109.07007815068641,46.79467545279764,54.756213838113375,57.65476018694071,57.77399469078605,57.937834585869055,61.8223788893793,82.77022385455038,99.76898826900525,46.77732577707829,46.80408684324663,53.28692539301572,54.8534262004992,57.79971246254154,57.86858212028412,61.80785097031762,75.7748123510905,82.77374690974739,109.0674844605511,32.383720930232556,53.33720930232558,32.383720930232556,39.383720930232556,32.352678063835086,38.36618220616533,53.33927926488331,32.37928450009195,39.37485789734255,53.350508765356196,0.0
0.512140047023768,46.813574337960965,57.80879236223592,67.80594663831614,82.7809889870684,46.78764682523315,54.786297156408175,61.82140485556797,46.80850639834773,53.40254233666819,57.609449645838104,57.992302900062754,75.77054443455528,82.76394424371784,109.07131469197292,46.790635621389605,54.7538468578301,57.64218544009107,57.77536426364306,57.952770808335224,61.82414572738681,82.77080799351566,99.76931305525041,46.769626540015174,46.80201285276087,53.260706071994996,54.86889543905772,57.80537250853451,57.88115378301665,61.806580516054105,75.77635788755646,82.77507114271569,109.06817674666596,32.383720930232556,53.33720930232558,32.383720930232556,39.383720930232556,32.34619775924124,38.37222758036615,53.339714195276336,32.37835213741015,39.37300022934301,53.35329879603754,0.0
0.5586982331168379,46.81350222738819,57.80781106085186,67.8044272798038,82.78356175753751,46.7826633370278,54.78986270912004,61.82282279106146,46.80746965935719,53.39844820630183,57.594255819028824,58.011347766600885,75.77113444242474,82.76327986382523,109.07266889362414,46.78621443450413,54.75125091128052,57.62970596693551,57.77686166910867,57.967840420365754,61.82607984263866,82.77144773297982,99.7696687896288,46.761191188160254,46.79974055128979,53.232834371383525,54.88500372298907,57.81133750825214,57.89514631054391,61.80519353052683,75.77804971724983,82.77652156153486,109.06893502644196,32.383720930232556,53.33720930232558,32.383720930232556,39.383720930232556,32.339115474565745,38.378833417791256,53.34019064252673,32.377330694749624,39.370967058980185,53.3563534090609,0.0
0.6052564192099076,46.81342383159008,57.806744334549315,67.80277674494698,82.78635741449503,46.77725259387136,54.79373165380649,61.824364589531434,46.806342283053986,53.39400507057405,57.57921770682448,58.03056513642678,75.77177585031879,82.76255787705799,109.07414072690675,46.78141280706607,54.74842507958987,57.61732939217072,57.778486194347664,57.9830367885153,61.82818096494628,82.77214306427216,99.77005547653378,46.75201899974158,46.797269727570196,53.2034598146619,54.90160626360778,57.81760838914838,57.91055393412678,61.803691262497566,75.77988759564111,82.77809818468275,109.06975931669409,32.383720930232556,53.33720930232558,32.383720930232556,39.383720930232556,32.33143523055099,38.38599567179788,53.34070863253486,32.37622009488277,39.368758771399804,53.35967229650812,0.0
0.6518146053029774,46.81333914687676,57.80559215981947,67.80099526818152,82.78937575070367,46.77141609300067,54.79790235266455,61.826030391544066,46.80512414793186,53.38921465452524,57.564339007582944,58.049949673861775,75.77246868194749,82.76177832471078,109.0757301606027,46.776231729384115,54.74536838371925,57.605061547386434,57.780237063414134,57.99835514392102,61.830448800909586,82.77289397796686,99.77047312074046,46.74210921464953,46.79460015355838,53.17272384820642,54.918567477899344,57.824189961834776,57.927365823560464,61.802075083375584,75.78187125742308,82.77980103216414,109.07064963570032,32.383720930232556,53.33720930232558,32.383720930232556,39.383720930232556,32.32316134615663,38.393709995267535,53.34126819345956,32.37502025391002,39.36637578450761,53.36325512437306,0.0
0.6983727913960474,46.81324816926137,57.80435451130563,67.79908310229568,82.79261654271872,46.765155441343296,54.802373047153466,61.82782034871253,46.803815122771944,53.384078810780295,57.54962234424268,58.06949699808209,75.77321296290238,82.7609412513707,109.07743716101272,46.77067226613717,54.74207978913294,57.592907052036516,57.78211343706079,58.01379199779569,61.8328830339903,82.77370046388272,99.77092172740574,46.731461040423554,46.79173158482489,53.1407591730432,54.93576178158229,57.831088322520834,57.94556854962299,61.80034649103085,75.78400041663092,82.78163012549115,109.07160600320137,32.383720930232556,53.33720930232558,32.383720930232556,39.383720930232556,32.31429842673497,38.40197175242908,53.341869355719666,32.37373108127092,39.36381854878886,53.36710153273092,0.0
0.7449309774891171,46.81315089445959,57.803031361810774,67.79704051833843,82.7960795509726,46.75847235329596,54.807141860262625,61.82973462365071,46.802415066645004,53.37859951723093,57.53506957307465,58.089203376684445,75.77400872065311,82.76004670491486,109.07926169195984,46.764735555290976,54.73855821073453,57.580869680126,57.78411441256773,58.02934477097918,61.835483324592346,82.7745625110828,99.77140130206833,46.720073658665186,46.78866376097967,53.10768949851418,54.95307395091786,57.83830926069898,57.96514754972321,61.79850711403892,75.78627476677157,82.78358548766133,109.07262844040116,32.383720930232556,53.33720930232558,32.383720930232556,39.383720930232556,32.304851351642526,38.41077603124545,53.342512151995756,32.372352479755996,39.36108754711436,53.37121113592034,0.0
0.7914891635821869,46.81304731788909,57.801622682305705,67.79486780552105,82.79976451986553,46.751368648375994,54.812206798910026,61.831773389923256,46.80092382891407,53.3727788745776,57.520681985165126,58.109065526661546,75.7748559845434,82.75909473650745,109.08120371479359,46.75842280694811,54.73480251804918,57.56895259865678,57.786239023597794,58.04501155151813,61.838249310148896,82.77548010787422,99.7719118506487,46.707946231863865,46.78539640612733,53.07362960680114,54.97039916123987,57.845857425985535,57.98608784589839,61.79655871639194,75.78869398096214,82.78566714313506,109.07371696996682,32.383720930232556,53.33720930232558,32.383720930232556,39.383720930232556,32.29482526136139,38.42011765629051,53.34319661723182,32.37088434551977,39.35818329453312,53.37558352273782,0.0
0.8380473496752566,46.81293743466922,57.80012844193781,67.79256527111265,82.80367117786172,46.74384624875358,54.817565756463644,61.83393683199208,46.79934124923734,53.36661910373771,57.506460441801174,58.12908048160815,75.77575478578717,82.75808540059715,109.0832631883941,46.75173530213373,54.730811540627606,57.557158526625074,57.788486240086314,58.06079093149533,61.8411806052171,82.77645324180779,99.77245337944892,46.695077910618494,46.781929229352244,53.038685634498364,54.98764279322383,57.85373598937022,58.0083742826785,61.7945032027137,75.79125771207701,82.78787511781076,109.07487161602901,32.383720930232556,53.33720930232558,32.383720930232556,39.383720930232556,32.28422554420468,38.42999120204167,53.34392278863737,32.3693265680945,39.3551063380519,53.3802182566443,0.0
0.8846055357683266,46.81282123962024,57.798548608040164,67.79013324032938,82.80779923759157,46.73590717667191,54.82321651537843,61.836225145158956,46.797667157571475,53.36012254312646,57.49240546785031,58.14924550106004,75.77670515746405,82.75701875491373,109.08544006917676,46.74467439151958,54.72658407364715,57.54548984328925,57.79085496817216,58.07668189440336,61.844276801579944,82.77748189967764,99.77302589515276,46.68146784123748,46.77826192523295,53.00295549589707,55.00472007981675,57.86194659153187,58.03199149454944,61.79234262402161,75.79396559290416,82.79020943899876,109.07609240418198,32.383720930232556,53.33720930232558,32.383720930232556,39.383720930232556,32.27305782268034,38.44039100651407,53.3446907056893,32.36767903040516,39.351857256401885,53.38511487598366,0.0
0.9311637218613962,46.81269872726306,57.79688314614159,67.78757205621724,82.8121483959595,46.72755355176357,54.82915674994108,61.83863853550464,46.79590137417548,53.35329164581769,57.478517317714434,58.16955800737856,75.77770713451478,82.75589486046498,109.08773431109684,46.737241494089844,54.72211888368331,57.53394866317792,57.79334405017881,58.09268373560971,61.84753746835597,82.77856606752077,99.77362940482553,46.66711517369668,46.774394174385776,52.96652938998744,55.02155564986341,57.870489439448775,58.05692374371867,61.790079184084185,75.79681723630961,82.79267013539376,109.07737936148376,32.383720930232556,53.33720930232558,32.383720930232556,39.383720930232556,32.26132793958699,38.45131118516253,53.34550041013421,32.36594160878513,39.34843665979269,53.390272894212885,0.0
0.9777219079544662,46.81256989181833,57.7951320199768,67.78488207952924,82.81671833425705,46.7187875882708,54.83538402911459,61.8411772198239,46.79404370961491,53.34612897659177,57.46479602294778,58.190015541083966,75.77876075373639,82.75471378153334,109.09014586565466,46.72943809575111,54.71741471462511,57.52253688877549,57.79595226465227,58.10879600498998,61.85096215211707,82.77970573061681,99.77426391591402,46.652019069933544,46.77032564403692,52.929490348216596,55.03808300994686,57.87936346746047,58.08315471343706,61.78771524642785,75.79981223541076,82.79525723704543,109.07873251645658,32.383720930232556,53.33720930232558,32.383720930232556,39.383720930232556,32.2490419439141,38.4627456449791,53.34635194599052,32.364114172993155,39.344845189653896,53.39569180014365,0.0
1.024280094047536,46.81243472720606,57.793295191497535,67.78206368859617,82.82150871828166,46.70961159217782,54.84189581947451,61.84384142555698,46.79209396476661,53.33863720887818,57.45124142735553,58.210615728812634,75.7798660537768,82.75347558567212,109.09267468190092,46.72126574788992,54.712470293706815,57.51125624791719,57.798678326464454,58.125018464715346,61.85455037701422,82.78090087348738,99.77492943624651,46.63617871245276,46.76605598862267,52.89191479237445,55.05424399418959,57.888566516165646,58.110667304339145,61.78525334205536,75.80295016375793,82.79797077532767,109.0801518990869,32.383720930232556,53.33720930232558,32.383720930232556,39.383720930232556,32.236206076617044,38.474688098715646,53.34724535955103,32.362196586231185,39.34108351836455,53.40137105819496,0.0
1.0708382801406058,46.81229322704484,57.79137262088398,67.77911727919181,82.82651919846076,46.7000279582637,54.848689488228715,61.84663139071688,46.79005193082412,53.330819121600605,57.43785321338572,58.231356260078556,75.78102307512965,82.75218034370195,109.09532070644222,46.71272606588107,54.70728433762725,57.50010832051943,57.80152088698906,58.14135105758474,61.85830164491187,82.78215147989587,99.77562597403252,46.61959331321718,46.76158485041728,52.85387308168049,55.06998820263868,57.89809550543281,58.13944345778606,61.78269617794312,75.80623057552421,82.80081078290648,109.0816375408257,32.383720930232556,53.33720930232558,32.383720930232556,39.383720930232556,32.22282675633495,38.48713207916343,53.34818069938535,32.360188705163246,39.33715234897069,53.407310108656766,0.0
1.1173964662336757,46.81214538465123,57.789364266556944,67.77604326439216,82.83174940998103,46.69003916708373,54.855762306312535,61.849547363813016,46.787917389303594,53.322677595932134,57.42463092236449,58.25223487028065,75.78223186012829,82.75082812970665,109.0980838834469,46.70382072754962,54.70185555872874,57.48909455775551,57.80447853435805,58.15779388280963,61.862215435530466,82.78345753284678,99.77635353786309,46.60226212279505,46.756911860187905,52.81543003552184,55.08527244206141,57.90794659093428,58.16946401647725,61.780046646396016,75.8096530057034,82.80377729370618,109.08318947458876,32.383720930232556,53.33720930232558,32.383720930232556,39.383720930232556,32.20891056511664,38.500070953424576,53.349158016342514,32.35809037993549,39.33305241489132,53.41350836796389,0.0
1.1639546523267454,46.811991193038914,57.78727008519039,67.7728420744292,82.83719897292288,46.679647781887894,54.86311145155086,61.85258960377054,46.78569011205057,53.314215611969225,57.41157397031376,58.27324932820876,75.78349245293994,82.74941902102928,109.10096415465131,46.694551471590096,54.696182671206486,57.47821629580791,57.80754979380569,58.17434717713765,61.86629120659839,82.78481901458535,99.77711213671031,46.58418443973239,46.75203663787609,52.77664542373234,55.10006017808899,57.918115300702375,58.2007086249476,61.77730783534603,75.81321697031574,82.80687034287358,109.0848077347569,32.383720930232556,53.33720930232558,32.383720930232556,39.383720930232556,32.194464234216454,38.51349793711347,53.35017736355379,32.3559014541972,39.32878447961304,53.41996522898045,0.0
1.2105128384198152,46.81183064491806,57.785090031724714,67.76951415653895,82.84286749239965,46.66885644548452,54.870734011878945,61.855758379845824,46.783369861247124,53.30543624533191,57.398681660557315,58.294397426833655,75.78480489955925,82.74795309826773,109.10396145936579,46.68492009594609,54.69026439731967,57.46747476568572,57.8107331281074,58.19101129984572,61.87052839401272,82.78623590659696,99.7779017799275,46.565359620117526,46.74695879330483,52.737574420202286,55.11432100425504,57.928596651772956,58.23315566848675,61.774483039693045,75.81692196662136,82.81008996674208,109.08649235717623,32.383720930232556,53.33720930232558,32.383720930232556,39.383720930232556,32.179494630018276,38.527406108429886,53.35123879643555,32.35362176512298,39.32434933637372,53.42668006129399,0.0
1.2570710245128849,46.811663732694534,57.78282405938048,67.76605997480418,82.8487545587022,46.657667877057605,54.87862698861394,61.859053971537755,46.780956389420226,53.29634266369942,57.38595319396521,58.31567697652386,75.78616924780171,82.74643044527062,109.10707573448175,46.67492845615365,54.684099473575344,57.456871100162175,57.814026938120016,58.207786720565636,61.87492641200916,82.78770818960689,99.77872247724898,46.5457870873014,46.741677926911024,52.698268018318856,55.12803013120444,57.93938524858901,58.26678224695688,61.771575773797856,75.82076747334172,82.81343620279249,109.08824337915841,32.383720930232556,53.33720930232558,32.383720930232556,39.383720930232556,32.16400874014203,38.54178842204953,53.35234237269217,32.35125114343603,39.31974780783536,53.4336522115193,0.0
1.3036292106059548,46.811490448468994,57.78047211967281,67.76248000999182,82.85485974744779,46.646084868945685,54.88678729976877,61.86247666849483,46.7784494394506,53.286938123288685,57.373387677441926,58.337085800074114,75.7875855472968,82.74485114913239,109.11030691447823,46.66457846365165,54.677686656856686,57.446406338593484,57.817429563429634,58.22467400919948,61.87948465334144,82.78923584357926,99.77957423879016,46.52546634173696,46.73619363050237,52.65877340855649,55.14116789789188,57.95047536541268,58.30156417903673,61.76858978525255,75.82475295088761,82.81690908961376,109.09006083948104,32.383720930232556,53.33720930232558,32.383720930232556,39.383720930232556,32.14801365978293,38.556637722781645,53.35348815231915,32.34878941343263,39.31498074574664,53.44088100361144,0.0
1.3501873966990248,46.811310784036,57.778034162426216,67.75877475938528,82.86118261973387,46.63411028339056,54.89521178340063,61.866026770418095,46.7758487445827,53.2772259652848,57.360984131097496,58.35862172909906,75.78905384948078,82.7432153001888,109.11365493142918,46.65387208406267,54.6710247304676,57.43608143017611,57.820939283113084,58.241673827387395,61.88420248947081,82.790818847717,99.78045707504718,46.504396970896636,46.73050548803753,52.61913431970374,55.15371930569591,57.96186101504777,58.337476032077646,61.7655290700682,75.82887784159544,82.82050866686141,109.09194477838778,32.383720930232556,53.33720930232558,32.383720930232556,39.383720930232556,32.13151657832931,38.57194675894803,53.35467619760638,32.34623639300765,39.31004903059534,53.44836573918771,0.0
1.3967455827920947,46.811124730883364,57.775510135790185,67.75494473661149,82.86772272229634,46.62174704926355,54.90389720098615,61.869704586959585,46.77315402843555,53.26720961223146,57.348741494420835,58.380282601463335,75.79057420758915,82.7415229920118,109.11711971501066,46.64281133544761,54.664112510065955,57.42589723605435,57.82455431661779,58.25878692113344,61.88907927076471,82.79245718046086,99.78137099689714,46.48257865922716,46.72461307642942,52.579391325911004,55.16567357585491,57.97353600599873,58.37449117273821,61.76239788943908,75.83314156996948,82.82423497521512,109.09389523758897,32.383720930232556,53.33720930232558,32.383720930232556,39.383720930232556,32.11452476630069,38.587708195441664,53.35590657314137,32.343591893681435,39.304953571251055,53.45610569785821,0.0
1.4433037688851644,46.81093228019093,57.77289998625509,67.75099047146333,82.87447958767204,46.60899815877708,54.91284024081549,61.87351043761674,46.770365005014604,53.25689256438979,57.336658631692124,58.40206625950367,75.79214667664887,82.73977432140491,109.12070119250879,46.6313982865374,54.6569488494591,57.41585453058911,57.828272824765,58.27601411429842,61.894114326705925,82.79415081948912,99.78231601559771,46.46001119809735,46.7185159663702,52.539582122115846,55.177023730347834,57.98549398992567,58.41258183372446,61.75920078826316,75.83754354293185,82.82808805633425,109.09591226026134,32.383720930232556,53.33720930232558,32.383720930232556,39.383720930232556,32.09704556264309,38.60391462642794,53.35717934581269,32.34085572062778,39.299695304598366,53.464100137564536,0.0
1.4898619549782341,46.810733422829784,57.77020365866884,67.74691250971696,82.88145273436585,46.59586666418913,54.92203752139822,61.87744465162196,46.767481378724845,53.24627839607382,57.32473433680973,58.42397054885897,75.79377131347033,82.73796938839789,109.12439928882723,46.61963505494509,54.6495326462358,57.405954002023016,57.83209291087995,58.293356302741905,61.89930696611198,82.79589974171681,99.78329214278735,46.43669449569453,46.71221372317721,52.49974177054935,55.18776619619271,57.997728500976486,58.45171919221948,61.75594261562209,75.84208315007857,82.83206795281241,109.0979958910492,32.383720930232556,53.33720930232558,32.383720930232556,39.383720930232556,32.07908636241435,38.620558587655815,53.35849458481355,32.33802767270319,39.29427519516108,53.47234829492643,0.0
1.5364201410713039,46.810528149361225,57.767421096254026,67.74271141294479,82.88864166702135,46.58235567450777,54.93148559487345,61.88150756782808,46.764502844384936,53.23537075197086,57.31296733766298,58.44599331776841,75.79544817663884,82.73610829624117,109.12821392649562,46.60752380536156,54.64186284720994,57.39619625272316,57.83601262205239,58.310814448950744,61.90465647736429,82.79770392329496,99.78429939048478,46.41262858682252,46.70570590765883,52.45990292102708,55.19790043305577,58.010232988319295,58.491873455900425,61.75262854745176,75.84675976394212,82.83617470813041,109.10014617606394,32.383720930232556,53.33720930232558,32.383720930232556,39.383720930232556,32.06065460488776,38.637632568350625,53.35985236164534,32.33510754247739,39.28869423471748,53.480849385595825,0.0
1.5829783271643738,46.81031645003574,57.764552240625726,67.73838775832375,82.89604587659618,46.568468352202665,54.94118095041758,61.885699534589044,46.76142908724259,53.2241733434545,57.30135630015028,58.4681324167308,75.79717732650602,82.73419115140081,109.13214502567777,46.5950667477381,54.63393845365287,57.3865817991422,57.84002995052961,58.32838957703092,61.91016212864856,82.79956333961032,99.78533777108926,46.38781364255412,46.69899207699928,52.42009600763381,55.20742858400938,58.02300084297223,58.53301395278572,61.74926411166457,75.85157274026055,82.84040836660766,109.1023631628848,32.383720930232556,53.33720930232558,32.383720930232556,39.383720930232556,32.04175776209806,38.65512902266423,53.36125275012144,32.33209511626518,39.28295344190745,53.489602604618064,0.0
1.6295365132574435,46.81009831479195,57.761597031809686,67.73394213843928,82.90366484054049,46.55420790993058,54.95112001764269,61.890020909636036,46.758259782991495,53.21268994489857,57.28989983191698,58.49038569844192,75.79895882518063,82.73221806355276,109.13619250418044,46.58226613545897,54.62575852629234,57.37711107160777,57.8441428352437,58.34608276796951,61.91582316820494,82.80147796528425,99.78640729738031,46.362249979689864,46.69207178566112,52.38034942426041,55.21635514922358,58.036025419836555,58.575109221514595,61.74585521602179,75.85652141825254,82.84476897335242,109.10464690055926,32.383720930232556,53.33720930232558,32.383720930232556,39.383720930232556,32.022403327849744,38.67304038066292,53.36269582637105,32.32899017415951,39.27705386183122,53.49860712679997,0.0
1.6760946993505133,46.80987373325546,57.758555408261245,67.72937516108502,82.91149802297966,46.539577607281046,54.96129916997944,61.89447205994881,46.75499459778937,53.200924389999,57.278596485870416,58.51275101794561,75.80079273651934,82.73018914557717,109.14035627746189,46.569124263507085,54.61732219005795,57.367784414027085,57.848349163473735,58.363895155096664,61.92163882458948,82.80344777417238,99.78750798251754,46.335938069974375,46.68494458630423,52.34068968127177,55.22468668231025,58.049300055681634,58.618127099024846,61.742408179093275,75.86160512089798,82.8492565742106,109.1069974396031,32.383720930232556,53.33720930232558,32.383720930232556,39.383720930232556,32.00259880720363,38.691359058836944,53.364181668843145,32.32579249006601,39.270996565640615,53.50786210708407,0.0
1.7226528854435832,46.80964269473783,57.755427306884776,67.72468744905854,82.91954487490025,46.52458074754846,54.97171472803827,61.89905336162256,46.75163318827765,53.18888056811182,57.267444763514504,58.53522623294781,75.80267912611707,82.72810451355258,109.14463625864133,46.55564346662579,54.60862863855408,57.35860208357562,57.85264677264247,58.3818279196941,61.927608306945515,82.8054727393636,99.78863984004064,46.308878549021486,46.67761003072039,52.3011415453916,55.23243150896183,58.06281808370002,58.66203480294789,61.73892976469048,75.86682315522435,82.85387121571303,109.10941483200098,32.383720930232556,53.33720930232558,32.383720930232556,39.383720930232556,31.98235170645382,38.71007747011945,53.36571035831045,32.32250183173885,39.26478265012277,53.51736668092908,0.0
1.7692110715366531,46.8094051882353,57.75221266305362,67.71987963995295,82.9278048343395,46.50922067453648,54.98236296294316,61.90376519972966,46.7481752016029,53.176562420613784,57.256443118137376,58.55780920425384,75.80461806129695,82.72596428675004,109.14903235850791,46.5418261174797,54.599677138244154,57.349564250424265,57.857033452246974,58.3998822867108,61.933730805286835,82.80755283317971,99.78980288386943,46.2810722249001,46.670067670781556,52.26172816469739,55.23959946743149,58.076572845145,58.706799006378525,61.73542722021064,75.87217481259897,82.85861294502156,109.11189913120688,32.383720930232556,53.33720930232558,32.383720930232556,39.383720930232556,31.961669523603625,38.729188033406444,53.36728197787367,32.31911796081798,39.25841323727692,53.5271199646958,0.0
1.8157692576297229,46.809161202427674,57.748911410630704,67.71495238594501,82.936277326578,46.4935007694001,54.99324009963252,61.90860796817666,46.744620275439516,53.16397393729293,57.245589957875964,58.580497796297024,75.80660961109994,82.72376858762688,109.15354448553052,46.52767462481752,54.590467032330615,57.340670997548784,57.86150694592063,58.41805952055628,61.94000549079067,82.80968802717425,99.79099712830315,46.25252008633295,46.66231705940134,52.22247118043164,55.24620167030457,58.090557698477454,58.752385902987015,61.7319083193936,75.87765936902554,82.86348180987379,109.11445039214416,32.383720930232556,53.33720930232558,32.383720930232556,39.383720930232556,31.940559739345765,38.7486831825723,53.36889661296566,32.315640632867826,39.25188947388438,53.53712105603849,0.0
1.8623274437227924,46.808910725677016,57.74552348198958,67.7099063535792,82.9449617643356,46.47742444753069,55.0043423201222,61.91358206955642,46.740968038014586,53.151119152775564,57.23488364867667,58.60328987773346,75.80865384627428,82.72151754182086,109.15817254586742,46.513191431639434,54.58099774431803,57.331922320655494,57.8660649536241,58.436360920949895,61.94643151610186,82.81187829213214,99.79222258802092,46.22322331046176,46.65435775150747,52.18339082716105,55.25225028690441,58.10476602637773,58.79876126071878,61.72838141006184,75.88327608544662,82.86847785852622,109.11706867120618,32.383720930232556,53.33720930232558,32.383720930232556,39.383720930232556,31.919029808548864,38.76855537497899,53.37055435135588,32.31206959741749,39.245212531072326,53.547369034300885,0.0
1.9088856298158625,46.808653746026415,57.74204880803621,67.70474222354862,82.95385754797012,46.460995155488696,55.015665766725576,61.918687914995004,46.73721810813435,53.138002142995795,57.22432251716568,58.62618332208274,75.81075083926449,82.71921127814346,109.16291644337628,46.49837901337196,54.57126878124857,57.32331812825038,57.870705133961096,58.454787818811994,61.95300801564794,82.81412359806862,99.79347927808138,46.19318327013399,46.6461893050242,52.144506022650525,55.25775834557854,58.11919124092109,58.84589046256442,61.72485546749588,75.88902420805013,82.87360113969658,109.11975402625671,32.383720930232556,53.33720930232558,32.383720930232556,39.383720930232556,31.89708715224956,38.788797099479524,53.37225528315464,32.30840459800235,39.23838360387143,53.557862960916914,0.0
1.9554438159089325,46.80839025119869,57.738487318231144,67.6994606904725,82.96296406567905,46.44421636798866,55.02720654522679,61.92392592399385,46.73337009521269,53.124627021714005,57.213904853439054,58.64917600839856,75.81290066419997,82.71684992857396,109.16777607962457,46.483239876052735,54.56127973660069,57.314858241872045,57.875425106614436,58.473341572186285,61.9597341059645,82.81642391422858,99.79476721392255,46.16240154066811,46.637811281863335,52.10583444867249,55.26273955501769,58.13382678716832,58.893738533075926,61.72134015419091,75.89490296858087,82.87885170250432,109.1225065166302,32.383720930232556,53.33720930232558,32.383720930232556,39.383720930232556,31.87473915014683,38.80940088391911,53.373999500817774,32.304645372207275,39.231403910768,53.56860187981542,0.0
2.002002002002002,46.80812022859501,57.734838940612356,67.69406246267033,82.97228069370372,46.427091584940406,55.038960728002415,61.929296524266476,46.72942359930169,53.110997937089394,57.2036289137801,58.67226582195595,75.81510339688339,82.7144336282526,109.17275135389973,46.46777655452767,54.551030292844686,57.30654239650446,57.880222454896945,58.49202356218894,61.96660888603165,82.81877920908586,99.79608641136164,46.13087990605675,46.62922324892191,52.06739262383517,55.26720814368102,58.148666145383864,58.94227014944941,61.7178458868455,75.90091158465601,82.8842295964103,109.1253262031321,32.383720930232556,53.33720930232558,32.383720930232556,39.383720930232556,31.85199313359276,38.830359302139755,53.37578709915121,32.30079165171135,39.2242746932507,53.579584817828646,0.0
2.048560188095072,46.80784366529345,57.731103601818546,67.68854826193315,82.98180679653622,46.409624328550564,55.05092435708851,61.93480015157024,46.72537821112426,53.09711906831218,57.19349292330874,58.695450654944786,75.8173591147786,82.71196251547414,109.17784216322006,46.451991610662894,54.54052022365011,57.29837024117988,57.885094728410245,58.51083518898065,61.9736314376207,82.8211894503423,99.79743688659507,46.09862036457018,46.62042477908508,52.02919596939315,55.27117871633677,58.1637028320617,58.99144963608917,61.714383911556276,75.90704926008519,82.88973487115501,109.12821314803953,32.383720930232556,53.33720930232558,32.383720930232556,39.383720930232556,31.82885637907198,38.851664980496125,53.37761817531562,32.296843162334184,39.21699721535234,53.59081078510417,0.0
2.0951183741881416,46.80756054804779,57.727281227113274,67.68291882329191,82.99154172712845,46.39181814048754,55.06309344718902,61.940437249532714,46.721233512109144,53.08299462230019,57.183495078566885,58.71872840716125,75.81966789699844,82.70943673168122,109.18304840234565,46.43588763157366,54.529749395743245,57.290341339780035,57.89003944580503,58.52977786776339,61.98080082565159,82.82365460492689,99.79881865619797,46.065625133725064,46.61141545223304,51.991258868893816,55.27466612667866,58.17893039991216,59.04124094160966,61.71096638832891,75.91331518519401,82.8953675766954,109.13116741510142,32.383720930232556,53.33720930232558,32.383720930232556,39.383720930232556,31.805336102159963,38.87331060389247,53.379492828831296,32.292799624083855,39.2095727631871,53.60227877551974,0.0
2.1416765602812116,46.80727086328576,57.72337174040922,67.67717489478294,83.0014848271035,46.373676579113244,55.07546398862305,61.946208269473004,46.7169890744281,53.06862883046449,57.17363355004117,58.74209698669039,75.82202982429169,82.70685642145777,109.18836996378921,46.41946722787254,54.51871777041336,57.282455172038674,57.895054097634066,58.54885302480318,61.98811609856034,82.82617463899497,99.80023173712462,46.031896654587904,46.60219485624928,51.953594722416284,55.27768536494831,58.19434243694052,59.0916075972237,61.707606486174875,75.91970853715135,82.90112776314076,109.13418906953909,32.383720930232556,53.33720930232558,32.383720930232556,39.383720930232556,31.78143945194882,38.895288921352005,53.381411161582896,32.28866075120649,39.20200264448333,53.61398776710088,0.0
2.1882347463742815,46.80697459710783,57.7193750642934,67.67131723721106,83.01163542696911,46.35520321678424,55.08803195020776,61.95211367021729,46.71264446103568,53.054025945548084,57.16390648462487,58.765554310574394,75.8244449790302,82.7042217325217,109.19380673782784,46.402733031938666,54.50742540467041,57.27471113474707,57.90013614928993,58.568062093483775,61.99557628867686,82.82874951792755,99.8016761467076,45.9974375953857,46.59276258802973,51.91621599607247,55.280251459479196,58.209932564728966,59.14251265540344,61.70431849023828,75.9262284803004,82.90701548068736,109.13727817804661,32.383720930232556,53.33720930232558,32.383720930232556,39.383720930232556,31.757173505927796,38.9175927511314,53.383373277824525,32.28442625223753,39.194288188112594,53.62593672244057,0.0
2.2347929324673514,46.80667173528544,57.715291120052754,67.66534662391008,83.0219928463331,46.336401637224924,55.100793282074875,61.95815391790949,46.70819922571159,53.039190238541494,57.15431200801916,58.789098305462474,75.82691344519547,82.70153281571852,109.19935861251406,46.38568769621011,54.49587245205693,57.26710854316046,57.905283044017466,58.587406510395866,62.00318041261272,82.83137920633013,99.80315190265819,45.96225085440067,46.5831182544899,51.879134267361565,55.28237939107945,58.22569443601699,59.19391860759101,61.701117922597156,75.93287416649243,82.91303077955185,109.14043480879107,32.383720930232556,53.33720930232558,32.383720930232556,39.383720930232556,31.732545265304484,38.94021498539454,53.385379284184694,32.28009583005473,39.186430743614864,53.6381245891211,0.0
2.281351118560421,46.806362263259594,57.711119827700266,67.65926384050117,83.03255639412035,46.31727543297462,55.11374391841856,61.96432948581613,46.703652913105586,53.0241259956785,57.144848227073126,58.812726908238865,75.82943530836461,82.69878982501409,109.20502547368798,46.36833389150109,54.48405916312014,57.2596466326024,57.91049220599198,58.60688771146993,62.010927471658604,82.83406366803199,99.80465902306568,45.92633956213068,46.57326147356902,51.8423602669011,55.284084019185805,58.24162173166241,59.24578727957854,61.698021678603745,75.9396447354241,82.91917370990342,109.14365903141324,32.383720930232556,53.33720930232558,32.383720930232556,39.383720930232556,31.70756165075175,38.96314859446056,53.38742928967142,32.275669181932834,39.17843168072055,53.65055030013732,0.0
2.327909304653491,46.80604616613918,57.706861106001796,67.65306968464883,83.04332536879157,46.29782820291068,55.12687978017273,61.97064085412588,46.6990050587854,53.00883751551527,57.13551323206295,58.83643806662631,75.83201065569624,82.69599291748767,109.21080720498895,46.35067430534583,54.4719858855514,57.25232456026008,57.915761043451916,58.62650712815802,62.018816452191416,82.83680286608538,99.80619752639778,45.889707082701406,46.563191875229016,51.805903916995426,55.28538001874798,58.25770815705258,59.29807970297699,61.69504818086865,75.94653931497712,82.92544432179501,109.1469509170279,32.383720930232556,53.33720930232558,32.383720930232556,39.383720930232556,31.68222949856451,38.98638663064182,53.3895234056774,32.27114599960014,39.17029238886948,53.66321277432108,0.0
2.3744674907465604,46.805723428699395,57.702514872503336,67.64676496581515,83.05429905856353,46.27806354984902,55.1401967776167,61.97708850974359,46.69425518928731,52.99332910609508,57.12630509890846,58.860229739763355,75.83463957591592,82.69314225332478,109.21670368786795,46.33271164037036,54.45965306400193,57.245141407164176,57.92108695187577,58.646266183674506,62.026846326090684,82.8395967627644,99.8077674315,45.85235701452056,46.552909102446414,51.76977436744742,55.286281826842234,58.27394743802501,59.35075596095578,61.692217553256256,75.95355702156087,82.9318426650934,109.15031053822408,32.383720930232556,53.33720930232558,32.383720930232556,39.383720930232556,31.656555557210037,39.00992223168836,53.39166174598533,32.26652596929678,39.16201427672722,53.676110916766696,0.0
2.4210256768396303,46.80539403537987,57.69808104355883,67.6403505050122,83.0654767416305,46.25798507822318,55.15369081290748,61.98367294607862,46.68940282216999,52.977605082201315,57.11722189132705,58.88409989875372,75.8373221593011,82.69023799581002,109.22271480159958,46.31444861269395,54.447061239585516,57.23809618034375,57.92646731719215,58.666166289302694,62.03501605116387,82.84244531956433,99.80936875759556,45.8142931901707,46.542412812195934,51.733980028970464,55.28680359805552,58.29033331634916,59.40377500616944,61.68955181753007,75.96069696045694,82.9383687894081,109.15373796906574,32.383720930232556,53.33720930232558,32.383720930232556,39.383720930232556,31.630546484254783,39.03374862385576,53.393844426773185,32.26180877183488,39.153598771698995,53.68924361925683,0.0
2.4675838629327003,46.80505797028321,57.693559534358634,67.63382713455245,83.07685768638713,46.237596391843155,55.16735778253821,61.990394662827924,46.68444746607139,52.961669762700296,57.10826166292325,58.90804652718697,75.8400584976658,82.68728031132002,109.22884042329508,46.295887950361355,54.434211049080005,57.231187815145745,57.93189951901118,58.686208840777006,62.04332457158077,82.84534849720045,99.81100152428537,45.77551967554047,46.53170267642283,51.69852860451361,55.2869591677355,58.306859544811715,59.4570944485058,61.687075115564674,75.9679582261662,82.94502274401917,109.15723328509213,32.383720930232556,53.33720930232558,32.383720930232556,39.383720930232556,31.604208843650603,39.05785912461354,53.39607156661957,32.256994082660626,39.14504731944155,53.70260976068852,0.0
2.5141420490257698,46.80471521717305,57.68895025895841,67.62719569779802,83.08844115165192,46.21690109173448,55.18119357972172,61.99725416575309,46.67938862076883,52.94552746797551,57.099422459213386,58.93206762162955,75.84284868434474,82.68426936931614,109.23508042791461,46.27703239180709,54.42110322384091,57.22441517770805,57.93738093386635,58.70639521474861,62.05177081831585,82.84830625560726,99.8126657515477,45.73604076820053,46.52077838300328,51.66342711877369,55.2867620222561,58.32351988194281,59.51067031001186,61.68481396030382,75.97533990275764,82.95180457780428,109.16079656331807,32.383720930232556,53.33720930232558,32.383720930232556,39.383720930232556,31.5775491033629,39.08224714501159,53.39834328650923,32.25208157191816,39.13636138337325,53.71620820749929,0.0
2.56070023511884,46.8043657594723,57.68425313030877,67.62045704890829,83.10022638689206,46.19590277405811,55.195194096699026,62.004251966452166,46.67422577724276,52.9291825174545,57.090702319584295,58.956161192086405,75.8456928141773,82.68120534233712,109.24143468828048,46.25788468435296,54.40773858844171,57.21777706757366,57.94290893845483,58.726726765344004,62.060353709599305,82.85131855393759,99.81436145973785,45.69586099503405,46.509639636690416,51.62868194613253,55.28622527550735,58.34030808641377,59.56445674410824,61.682797518867794,75.98284106421902,82.95871433916436,109.16442788223452,32.383720930232556,53.33720930232558,32.383720930232556,39.383720930232556,31.550573633323303,39.1069061917219,53.40065970983853,32.247070904515496,39.127542444182566,53.73003781409263,0.0
2.6072584212119096,46.804009580261294,57.67946806028516,67.61361205258632,83.11221263244862,46.17460502811134,55.20935522697246,62.011388582125505,46.66895841774367,52.912639227229135,57.08209927918515,58.98032526243238,75.84859098349074,82.67808840599183,109.24790307508997,46.2384475827395,54.39411805905571,57.2112722204324,57.948480912864326,58.7472048208247,62.06907215137544,82.85438535056146,99.8160886695883,45.65498510913774,46.498286160043804,51.59429883722735,55.28536165087644,58.35721791113268,59.61840571602886,61.6810579313589,75.99046077480867,82.9657520759487,109.16812732180904,32.383720930232556,53.33720930232558,32.383720930232556,39.383720930232556,31.523288703689474,39.131829868773195,53.40302096242106,32.24196174019241,39.118591999335536,53.74409742326276,0.0
2.65381660730498,46.80364666227593,57.67459495971866,67.60666158382412,83.12439911976267,46.15301143440962,55.223672867463435,62.01866453533626,46.66358601586298,52.895901907769776,57.07361137075164,59.004557870814175,75.85154329008343,82.67491873895192,109.25448545692895,46.21872384769263,54.38024264159658,57.204899310977474,57.954094243776304,58.76783068035658,62.07792503776884,82.85750660306529,99.81784740220817,45.613418086012565,46.48671769434126,51.56028294433243,55.28418346804719,58.37424309705954,59.67246664138548,61.67963066892005,75.99819808940916,82.97291783537865,109.17189496348574,32.383720930232556,53.33720930232558,32.383720930232556,39.383720930232556,31.49570048339479,39.157011878995704,53.40542717249324,32.236753733590184,39.109511562582085,53.75838586661843,0.0
2.7003747933980495,46.80327698790579,57.669633738426995,67.59960652764704,83.13678507160158,46.131125562849284,55.23814292059507,62.02608035376494,46.65810803660757,52.87897486173358,57.065236626361994,59.02885707002282,75.8545498332072,82.67169652294453,109.26118170028509,46.198716244526025,54.36611342963351,57.19865695586197,57.95974632763252,58.78860561089646,62.08691125155738,82.86068226825084,99.81963767908317,45.57116511906891,46.47493400047084,51.52663884570663,55.282702634002874,58.39137736675933,59.7265859799366,61.67855493438778,76.00605205388162,82.9802116639709,109.17573089018671,32.383720930232556,53.33720930232558,32.383720930232556,39.383720930232556,31.46781503897095,39.18244602519281,53.407878470719965,32.23144653432369,39.10030266346178,53.772901965005225,0.0
2.746932979491119,46.80290053919197,57.6645843052463,67.59244777885718,83.14936970228592,46.108950970950445,55.25276129630024,62.0336365699586,46.652523936478204,52.86186238186674,57.05697307912443,59.05322092783712,75.85761071354959,82.66842194274508,109.26799166956164,46.17842754177976,54.35173160209925,57.19254371674146,57.965434573755466,58.8095308442043,62.09602966465207,82.86391230213417,99.82145952207539,45.528231614474194,46.462934859800825,51.49337056903763,55.2809306376735,58.408614417707916,59.78070678216432,61.677874108322044,76.01402170542107,82.98763360745936,109.17963518631126,32.383720930232556,53.33720930232558,32.383720930232556,39.383720930232556,31.439638333626743,39.20812621105652,53.41037499020046,32.22603978705518,39.090966846809124,53.78764452892638,0.0
2.7934911655841894,46.802517297825354,57.65944656806339,67.58518624177626,83.16215221791641,46.08649120217982,55.267523913955344,62.04133372107413,46.64683316355206,52.84456874900033,57.04881876479538,59.07764752733881,75.86072603321551,82.66509518616965,109.27491522709113,46.1578605098962,54.33709842080847,57.18655810338808,57.971156407410966,58.83060757398721,62.105279138583114,82.86719665994484,99.82331295342297,45.48462318537537,46.450720075026894,51.460481614094626,55.27887854772237,58.42594791536372,59.834768187294536,61.67763624212829,76.0221060729125,82.99518371071667,109.1836079377372,32.383720930232556,53.33720930232558,32.383720930232556,39.383720930232556,31.4111762265668,39.234046441843034,53.412916866473886,32.22053313157046,39.08150567225866,53.80261235896158,0.0
2.840049351677259,46.802127245144355,57.6542204338485,67.57782282998771,83.17513181660081,46.063749784352424,55.282426704240855,62.04917234861601,46.64103515756945,52.82709823013904,57.04077172332879,59.102134967199866,75.86389589570862,82.66171644406761,109.2819522331494,46.137017919933115,54.322215227804534,57.18069857686163,57.976909272803326,58.851836953182406,62.11465852499208,82.87053529612469,99.82519799574008,45.44034564553158,46.438289470993624,51.42797497468248,55.276557013017886,58.44337148601514,59.88870487316618,61.677894598182725,76.03030417728732,83.00286201767446,109.18764923182076,32.383720930232556,53.33720930232558,32.383720930232556,39.383720930232556,31.382434472534282,39.26020082482416,53.41550423752529,32.21492620285706,39.071920713750096,53.81780424618355,0.0
2.886607537770329,46.80173036213291,57.648905808688646,67.57035846607863,83.18830768868119,46.04073022811135,55.29746561092941,62.05715299816855,46.6351293500248,52.80945507664213,57.03283000035632,59.126681361943,75.86712040591203,82.65828591031452,109.28910254596997,46.11590254231477,54.30708344255303,57.17496355272375,57.98269063599295,58.8732200913847,62.124166666129305,82.87392816432707,99.82711467201638,45.39540500239591,46.425642895489474,51.39585315997502,55.27397626538438,58.46087870941275,59.94244646116331,61.67870823403086,76.0386150318803,83.01066857124293,109.19175915739727,32.383720930232556,53.33720930232558,32.383720930232556,39.383720930232556,31.353418721562303,39.286583569530045,53.41813724379139,32.20921863118454,39.062213559033864,53.8332189725723,0.0
2.9331657238633984,46.80132662941836,57.64350259782148,67.5627940813811,83.20167901696044,46.017436025484564,55.31263659260245,62.0652762191223,46.62911516426207,52.791643522494944,57.02499164859856,59.1512848421758,75.87039967006864,82.65480378180483,109.29636602175795,46.09451714562108,54.291704558999925,57.16935140428047,57.98849798772739,58.89475805242375,62.13380239535663,82.87737521741555,99.82906300561699,45.34980744968745,46.41278022001335,51.36411821529082,55.27114612426957,58.47846311119337,59.99591688365269,61.6801426234671,76.04703764278635,83.01860341323001,109.19593780478137,32.383720930232556,53.33720930232558,32.383720930232556,39.383720930232556,31.324134518919077,39.31318898779814,53.42081602816651,32.203410042187116,39.052385809177025,53.848855311426554,0.0
2.9797239099564683,46.80091602726918,57.63801070566967,67.55513061571354,83.21524497692897,45.99387064851742,55.32793562429664,62.07354256439523,46.622992015574845,52.77366778267035,57.017254729207764,59.175943554799595,75.8737337957612,82.65127025844423,109.30374251470487,46.072864495415146,54.276080142512804,57.16386046584047,57.994328846177204,58.91645185209593,62.14356453765467,82.88087640746326,99.8310430202823,45.303559359497335,46.39970134051105,51.33277174236252,55.268076003008055,58.49611815510308,60.04903372749292,61.68227030115283,76.05557100921739,83.02666658425922,109.20018526576766,32.383720930232556,53.33720930232558,32.383720930232556,39.383720930232556,31.294587305232493,39.34001149364272,53.423540736008505,32.197500056948336,39.042439078070025,53.86471202777234,0.0
3.0262820960495382,46.80049853559291,57.63243003587582,67.54736901712197,83.2290047369907,45.970037547979715,55.34335869908141,62.08195259014817,46.616759311310986,52.755532051577916,57.00961731304269,59.2006556631939,75.87712289189162,82.64768554314259,109.31123187700314,46.05094735310907,54.26021182672205,57.15848903597465,58.00018075956869,58.938302456053904,62.15345191013437,82.8844316857516,99.83305474012755,45.256667273974,46.38640617808022,51.30181491913954,55.2647749163972,58.513837235024575,60.101707575730494,61.685171508849166,76.06421412385895,83.03485812368726,109.20450163363076,32.383720930232556,53.33720930232558,32.383720930232556,39.383720930232556,31.264782416780363,39.367045602958676,53.42631151514468,32.19148829208811,39.032374991934326,53.88078787876826,0.0
3.0728402821426077,46.80007413393372,57.62676049133797,67.53951024162127,83.24295745868844,45.9459401521457,55.35890182956877,62.090506855494816,46.61041645098234,52.73724050159937,57.00207748187596,59.2254193473774,75.88056706866,82.64404984180695,109.31883395886082,46.02876847486843,54.24410131028024,57.1532353807651,58.00605130870609,58.96031077785784,62.1634633225523,82.88804100276921,99.8350981896427,45.20913789663464,46.37289467964226,51.27124851915535,55.26125148933643,58.53161366681552,60.15384138113095,61.68893480978431,76.07296597322603,83.04317806952062,109.20888700312595,32.383720930232556,53.33720930232558,32.383720930232556,39.383720930232556,31.234725085933075,39.394285933072844,53.42912851587781,32.185374359851984,39.02219518883124,53.89708161410747,0.0
3.1193984682356777,46.7996428014702,57.62100197424547,67.53155525293676,83.25710229692895,45.9215818656457,55.37456104935713,62.09920592220646,46.60396282637922,52.7187972817087,56.99463332953501,59.25023280414615,75.88406643754305,82.64036336333392,109.32654860851676,46.00633061055502,54.2277503535556,57.148097737031506,58.01193810937713,58.98247767718983,62.173597577829526,82.89170430821119,99.83717339369213,45.160978083350514,46.359166818580164,51.241072930481145,55.25751396631191,58.54944067996347,60.20532992015499,61.693657622689535,76.08182553801886,83.05162645833192,109.21334147048952,32.383720930232556,53.33720930232558,32.383720930232556,39.383720930232556,31.204420441736186,39.42172720215545,53.431991890992094,32.17915786820267,39.01190131817206,53.913591976415965,0.0
3.1659566543287476,46.79920451701304,57.615154386115606,67.52350502224591,83.27143840020686,45.89696606838752,55.39033241441046,62.10805035441133,46.597397821690116,52.700206516174255,56.987282962977616,59.27509424719033,75.88762111127221,82.63662631960271,109.33437567225553,45.98363650270808,54.211160775276674,57.143074315522554,58.0178388146357,59.00480395823326,62.18385347257344,82.89542155097779,99.83928037751429,45.11219483305413,46.34522259534048,51.21128817428192,55.25357022153718,58.56731140906499,60.256059394516704,61.69944660848509,76.09079179347727,83.06020332517534,109.21786513343889,32.383720930232556,53.33720930232558,32.383720930232556,39.383720930232556,31.17387351062078,39.449364228503725,53.43490179575922,32.17283842091396,39.00149504022968,53.93031770164706,0.0
3.2125148404218176,46.7987592590025,57.60921762783048,67.51536052792065,83.28596491082774,45.872096114546196,55.40621200437451,62.11704071828859,46.590720813626696,52.681472303341245,56.98002450330277,59.30000190719014,75.89123120381106,82.63283892546829,109.34231499442254,45.96068888556351,54.19433444914286,57.13816330406308,58.02375111695701,59.027290368218324,62.19422979760185,82.89919267917367,99.84141916672161,45.06279527821687,46.33106203799848,51.18189392298398,55.24942776958435,58.585218885136676,60.305907269047495,61.70641782099476,76.09986370973445,83.06890870350156,109.22245809117345,32.383720930232556,53.33720930232558,32.383720930232556,39.383720930232556,31.143089217230298,39.477191929709036,53.43785838794439,32.16641561766693,38.990978025651984,53.947257519471776,0.0
3.259073026514887,46.798307005506125,57.60319159967464,67.50712275527003,83.30068096513058,45.84697533162017,55.422195923831715,62.12617758175738,46.583931171554106,52.66259871449204,56.972856086698464,59.32495403189215,75.89489683033223,82.62900139875407,109.3503664174397,45.937490484111066,54.17727330041635,57.133362870645435,58.02967275026067,59.04993759613238,62.204725338469416,82.90301764010646,99.84358978730009,45.01278667514494,46.31668520278543,51.152889518059325,55.24509377636472,58.60315602676791,60.354742457580635,61.714696510052946,76.10904025216932,83.07774262507233,109.22712044437442,32.383720930232556,53.33720930232558,32.383720930232556,39.383720930232556,31.112072385352953,39.50520532171844,53.440861827812334,32.159889054148536,38.98035195497704,53.964410153665135,0.0
3.305631212607957,46.79784773421613,57.59707620137303,67.49879269628376,83.31558569370848,45.82160701955223,55.43828030349641,62.135461514160646,46.577028257626765,52.64358979278204,56.96577586532759,59.34994888616654,75.89861810719417,82.62511396024506,109.35852978182069,45.914044013189255,54.159979302509214,57.12867116645731,58.03560149179872,59.07274627159631,62.21533887599587,82.90689638028624,99.84579226560896,44.96217639414072,46.30209217457702,51.12427398742663,55.24057507033649,58.62111563112757,60.40242598960095,61.724416444324966,76.11832038175778,83.08670511987444,109.2318522952055,32.383720930232556,53.33720930232558,32.383720930232556,39.383720930232556,31.08082773894949,39.533399517800866,53.44391227813336,32.15325832215256,38.9696185181503,53.98177432248783,0.0
3.3521893987010265,46.79738142244687,57.59087133212957,67.49037134937619,83.33067822162874,45.795994449913195,55.45446130135218,62.14489308594392,46.57001142692989,52.624449552248564,56.958782008153115,59.374984752046686,75.90239515191682,82.62117683368103,109.3668049261867,45.89035217661734,54.14245447357913,57.124086328836576,58.041535163905365,59.09571696390337,62.226069186795435,82.910828845424,99.84802662838061,44.91097190957604,46.28728306734176,51.09604606246702,55.235878153835415,58.639090364838175,60.448812303776606,61.73571860776863,76.12770305542232,83.09579621603301,109.23665374731317,32.383720930232556,53.33720930232558,32.383720930232556,39.383720930232556,31.04935990326666,39.56176972742765,53.447009904189414,32.146523009683044,38.958779414044045,53.999348739063606,0.0
3.398747584794097,46.79690804713237,57.584576890666206,67.48185971913148,83.34595766865132,45.77014086514667,55.47073510373311,62.154472868329506,46.562880027626825,52.60518197689014,56.95187270170456,59.40005992875185,75.90622808315725,82.61719024575001,109.37519168728224,45.866417666364356,54.12470087314569,57.119606484146196,58.04747163560712,59.11885018122035,62.23691504380703,82.91481498043098,99.85029290272011,44.859180789922014,46.27225802454872,51.06820419464905,55.23100921444085,58.65707275473618,60.49375131196924,61.74874912617434,76.13718722637998,83.10501593972491,109.24152490582678,32.383720930232556,53.33720930232558,32.383720930232556,39.383720930232556,31.01767340602722,39.59031125507643,53.45015487378007,32.13968270106006,38.94783634997901,54.01713211175163,0.0
3.4453057708871664,46.796427584823554,57.578192775262394,67.47325881604942,83.36142314944604,45.74404947787294,55.487097926350586,62.164201432985756,46.55563340111208,52.58579101981395,56.94504615078677,59.425172732693504,75.91011702068442,82.61315442608107,109.3836898999909,45.84224316175446,54.10672059873953,57.115229750562314,58.05340882409167,59.1421463699463,62.24787521682514,82.91885472941738,99.85259111610502,44.80681068777852,46.25701721953386,51.040746571756735,55.22597413630217,58.675055178538756,60.5370913486922,61.76365630883049,76.1467718444887,83.11436431509149,109.24646587735926,32.383720930232556,53.33720930232558,32.383720930232556,39.383720930232556,30.985772678687987,39.619019498967056,53.45334735722868,32.13273697702795,38.93679104124864,54.0351231445141,0.0
3.491863956980236,46.795940011685616,57.57171888379516,67.46456965629248,83.37707377380814,45.717723470249865,55.50354601526763,62.174079351691816,46.548270882170634,52.566280602448266,56.93830057913312,59.450321497466824,75.9140620853538,82.6090696072386,109.39229939735158,45.817831328708195,54.08851578259431,57.110954240769374,58.05934469603542,59.16560591422722,62.258948473030884,82.92294803569149,99.85492129638497,44.753869329944756,46.241560855824595,51.01367113371156,55.22077851136398,58.693029855442866,60.578683056152876,61.78058675518227,76.1564558565914,83.1238413641507,109.25147677000712,32.383720930232556,53.33720930232558,32.383720930232556,39.383720930232556,30.95366205775786,39.647889949737646,53.456587527388216,32.12568541486606,38.92564521064573,54.0533205372789,0.0
3.5384221430733063,46.795445303495406,57.56515511377956,67.45579326143402,83.39290864687243,45.69116599338913,55.52007564782234,62.18410719599782,46.54079179914312,52.546654613817616,56.9316342300042,59.47550457382753,75.91806339908088,82.60493602471497,109.40102001057443,45.79318481901918,54.07008858839134,57.1067780645576,58.06527726878978,59.189229135621396,62.27013357752251,82.92709484175865,99.85728347178134,44.700364507569766,46.225889167421535,50.98697558798126,55.215427650438876,58.71098883668774,60.61838414797309,61.79968058338125,76.16623820685834,83.13344710670962,109.2565576933506,32.383720930232556,53.33720930232558,32.383720930232556,39.383720930232556,30.92134578616828,39.676918189068026,53.459875559647415,32.118527588501884,38.914400587991935,54.07172298629688,0.0
3.5849803291663758,46.79494343563836,57.55850136240979,67.44693065820753,83.40892686932571,45.664380166825815,55.53668313350241,62.194285536881075,46.53319547409759,52.52691690987792,56.92504536673465,59.50072032965572,75.92212108481468,82.60075391692507,109.40985156905722,45.76830626966568,54.051441208066535,57.10269933131813,58.071204611427234,59.21301629291131,62.2814292938458,82.93129508932007,99.85967767088715,44.64630406641963,46.21000241903752,50.96065742456453,55.209926594085346,58.72892399611608,60.656064849107736,61.82106598318362,76.17611783712682,83.14318156027602,109.2617087584547,32.383720930232556,53.33720930232558,32.383720930232556,39.383720930232556,30.888828014689153,39.706099888257896,53.463211631936666,32.11126306862674,38.90305890966994,54.09032918449402,0.0
3.6315385152594457,46.794434383106015,57.55175752660048,67.43798287825749,83.4251275376174,45.63736907803924,55.55336481477232,62.20461494439773,46.525481223007276,52.50707131290859,56.91853227322908,59.52596714990635,75.92623526651033,82.59652352519946,109.41879390040165,45.74319830215619,54.03257585868609,57.098716152432296,58.07712484564866,59.23696758205729,62.29283438452298,82.93554871927195,99.8621039226664,44.59169589729572,46.19390090629372,50.934713930544575,55.20428012325736,58.74682702077795,60.691613644079936,61.84485346104519,76.18609368723898,83.15304473997023,109.26693007786844,32.383720930232556,53.33720930232558,32.383720930232556,39.383720930232556,30.856112803383624,39.73543080676609,53.46659592473401,32.103891422813916,38.891621918158656,54.10913782181813,0.0
3.678096701352515,46.79391812049292,57.54492350302882,67.42895095789137,83.44150974416829,45.610135782023264,55.570117067855136,62.215095987330905,46.517648355935215,52.48712161095944,56.91209325440916,59.55124343654874,75.93040606910118,82.5922450937791,109.42784683042996,45.71786352190885,54.0134947793996,57.09482664355254,58.08303614655407,59.26108313628735,62.3043476115809,82.93985567170434,99.86456225645425,44.53654792663531,46.177584955872014,50.909142204201686,55.198492769698504,58.764689401626235,60.72494281581688,61.871130295082466,76.19616469537661,83.16303665843662,109.27222176562577,32.383720930232556,53.33720930232558,32.383720930232556,39.383720930232556,30.823204123095664,39.76490679071708,53.47002862107099,32.09641221563931,38.88009136157142,54.12814758557997,0.0
3.7246548874455847,46.79339462199376,57.53799918817675,67.41983593783331,83.45807257757758,45.58268330090416,55.586936303470495,62.22572923283464,46.509696177225095,52.46707155734916,56.905726636613835,59.57654760849414,75.93463361847047,82.58791886980873,109.43701018320132,45.692304517663636,53.99420022847587,57.09102892677241,58.08893674327954,59.285363026317086,62.31596773707723,82.94421588590018,99.86705270195593,44.480868107323694,46.16105492562468,50.88393916867824,55.19256882606025,58.782502424362974,60.75599316939376,61.89995580553451,76.20632979839354,83.173157325755,109.27758393724555,32.383720930232556,53.33720930232558,32.383720930232556,39.383720930232556,30.79010585696479,39.79452377138037,53.47350990653857,32.088825008804605,38.86846899319722,54.14735716078887,0.0
3.7712130735386555,46.792863861400356,57.53098447837402,67.4106388629793,83.47481512282772,45.55501462360401,55.6038189675306,62.23651524607469,46.50162398569924,52.44692487021304,56.89943076795446,59.60187810151347,75.9389180414221,82.58354510333176,109.44628378102877,45.666523860926794,53.97469448042702,57.08732113268432,58.09482491950332,59.30980726069384,62.3276935236251,82.94862930033437,99.86957528924717,44.42466440974376,46.14431120464027,50.85910158518854,55.186512355728325,58.800257160502774,60.784737351386745,61.931358029952435,76.21658793214554,83.1834067493518,109.2830167097318,32.383720930232556,53.33720930232558,32.383720930232556,39.383720930232556,30.75682180196265,39.82427776362812,53.477039969292946,32.08112936126293,38.856756571045246,54.166765230482525,0.0
3.817771259631725,46.792325812098696,57.52387926984136,67.40136078215396,83.49173646148733,45.527132705547906,55.62076154179574,62.24745458986566,46.4934310748628,52.4266852320971,56.89320401862646,59.627233368145276,75.9432594656511,82.57912404728445,109.45566744449565,45.64052410544686,53.954979823225734,57.083701402324614,58.1006990138251,59.33441578625833,62.33952373491543,82.95309585267248,99.8721300487733,44.36794481308667,46.127354213267076,50.834626065768646,55.180327202346604,58.81794445873101,60.81118131568845,61.96533225218116,76.22693803181666,83.19378493391172,109.28852020157409,32.383720930232556,53.33720930232558,32.383720930232556,39.383720930232556,30.723355670446693,39.85416486437572,53.48061900006132,32.07332482934703,38.84495585739261,54.18637047605105,0.0
3.8643294457247954,46.79178044706578,57.51668345873431,67.39200274786923,83.50883567191205,45.499040468412964,55.637760544491194,62.25854782430514,46.48511673311539,52.4063562895962,56.88704478117955,59.65261187759471,75.94765801971326,82.57465595749079,109.46516099247286,45.61430778672148,53.93505855561934,57.08016788900506,58.10655742002201,59.35918848871772,62.35145713623699,82.95761547977,99.87471701134918,44.31071729694364,46.11018440309316,50.81050908556102,55.174016999030655,58.835554936644506,60.83536373228379,62.00184158853629,76.23737903224301,83.2042918812887,109.29409453274728,32.383720930232556,53.33720930232558,32.383720930232556,39.383720930232556,30.68971109172634,39.88418125100978,53.4842471921476,32.065410966899975,38.8330686183355,54.20617157755522,0.0
3.910887631817865,46.79122773886656,57.509396941187404,67.38256581608452,83.52611182944288,45.47074079991744,55.65481253088698,62.26979550640488,46.476680243969355,52.385941653033456,56.880951470748414,59.678012115624206,75.95211383299444,82.57014109265722,109.47476424213566,45.58787742153429,53.91493298454382,57.076718760031646,58.112398587186085,59.38412519332211,62.36349249499379,82.96218811767142,99.87733620815868,44.252989833197525,46.092802256885015,50.786746994631855,55.167585177267476,58.85307897297384,60.857353431216254,62.040819538837034,76.24790986823363,83.21492759041725,109.29973982471222,32.383720930232556,53.33720930232558,32.383720930232556,39.383720930232556,30.65589161363772,39.914323179807894,53.48792474143812,32.05738732540836,38.821096623343706,54.226167214038625,0.0
3.957445817910935,46.79066765965059,57.502019613358755,67.37305104596922,83.54356400660286,45.44223655364797,55.67191409384194,62.28119818971937,46.4681208862752,52.365444896178246,56.874922525245516,59.70343258443663,75.9566270356788,82.56557971436767,109.48447700898075,45.561235507521076,53.89460542264026,57.073352198311106,58.11822101974797,59.409225665638616,62.375628581219644,82.96681370160871,99.87998767075445,44.19477037822866,46.075208288483566,50.76333602931874,55.161034975499376,58.870506700399844,60.87724524560947,62.08217413830549,76.25852947488741,83.22569205722424,109.3054562004153,32.383720930232556,53.33720930232558,32.383720930232556,39.383720930232556,30.621900704122968,39.94458698435368,53.49165184640707,32.04925345413803,38.80904164481865,54.24635606383402,0.0
4.004004004004004,46.790100181149,57.49455137147516,67.36345949966649,83.56119127329073,45.413530548923525,55.68906186431388,62.29275642397191,46.459437934454,52.344869556000766,56.868956405517686,59.728871802551176,75.96119775871688,82.56097208707895,109.49429910684329,45.534384522764626,53.8740781858757,57.07006640384688,58.12402327739144,59.434489612415064,62.38786416808984,82.971492166001,99.8826714310573,44.13606686544804,46.05740304265973,50.74027232310885,55.15436944739351,58.887827999089225,60.89515480032806,62.1257931636079,76.26923678790727,83.23658527454026,109.31124378428916,32.383720930232556,53.33720930232558,32.383720930232556,39.383720930232556,30.58774175281081,39.97496907395064,53.495428708122276,32.04100890027227,38.79690545765497,54.26673680486347,0.0
4.050562190097074,46.78952527467108,57.48699211187757,67.35379224205975,83.57899269697302,45.38462557069378,55.70625251183702,62.3044707546785,46.450630658737175,52.324219132460414,56.86305159546867,59.75432830467315,75.96582613379255,82.55631847811637,109.50423034791443,45.507326925417225,53.853353591269205,57.066859595125585,58.129803974864295,59.45991668252671,62.40019803242954,82.97622344445307,99.88538752135615,44.07688719816758,46.0393870949293,50.717551917048816,55.14759146979947,58.905032491088775,60.91121285434807,62.17154978481545,76.28003074391074,83.2476072320115,109.31710270225244,32.383720930232556,53.33720930232558,32.383720930232556,39.383720930232556,30.553418072595203,40.005465932038184,53.49925553025034,32.0326532090525,38.784689838805726,54.28730811493248,0.0
4.097120376190144,46.78894291110086,57.47934173106691,67.34405034054068,83.59696734287294,45.35552436947088,55.7234827449684,62.31634172277003,46.44169832541339,52.30349708832555,56.85720660214896,59.779800641557415,75.97051229328983,82.55161915766921,109.51427054275837,45.48006515335022,53.83243395472438,57.06373001039692,58.13556178169088,59.485506467998476,62.4126289552189,82.98100746975476,99.88813597430732,44.0172392428155,46.021161051328185,50.6951707696888,55.1407037503993,58.922109535732005,60.92555975218802,62.21930810776204,76.29091028073675,83.2587579160117,109.32303308170977,32.383720930232556,53.33720930232558,32.383720930232556,39.383720930232556,30.51893290120909,40.03607411461244,53.503132519062184,32.024185923921465,38.77239656685117,54.30806867201806,0.0
4.143678562283214,46.78835306089386,57.47160012575043,67.33423486477952,83.6151142741576,45.32622966129239,55.74074931170431,62.32836986421257,46.4326401970828,52.2827068490228,56.85141995581497,59.80528737986692,75.97525637025855,82.54687439878688,109.52441950032987,45.452601623829906,53.811321588967814,57.06067590884829,58.141295421791625,59.51125850509547,62.425155722094715,82.98584417387974,99.89091682293434,43.957130822502116,46.002725548149485,50.673124766564925,55.13370883505567,58.93904822622701,60.938340409023034,62.26892818199413,76.30187433774896,83.27003730955458,109.32903505155221,32.383720930232556,53.33720930232558,32.383720930232556,39.383720930232556,30.48428940279081,40.06679024865467,53.50705988343824,32.01560658666885,38.76002742157139,54.32901715455046,0.0
4.190236748376283,46.787755694073475,57.46376719288836,67.32434688649761,83.63343255212196,45.29674412771419,55.75804899986839,62.34055570962671,46.42345553291844,52.26185180251317,56.84569020995881,59.83078710202603,75.9800584983796,82.54208447737521,109.53467702799159,45.42493873321871,53.79001880159369,57.05769557167835,58.14700367301526,59.53717227547509,62.4377771238488,82.99073348798458,99.89373010062735,43.896569710939154,45.98408125164227,50.651409729224994,55.12660911486459,58.955837387608916,60.94970009189204,62.32027021170119,76.31292185613559,83.28144539220649,109.33510874215685,32.383720930232556,53.33720930232558,32.383720930232556,39.383720930232556,30.449490669440593,40.09761103056956,53.511037834873584,32.006914737579365,38.74758418352245,54.350152241688875,0.0
4.236794934469354,46.78715078022752,57.455842829740966,67.31438747924203,83.65192123637088,45.26707041583147,55.7753786374724,62.35289978390542,46.41414358893524,52.24093529919312,56.84001594131063,59.856298406069726,75.98491881192952,82.53724967219283,109.54504293153174,45.39707885670117,53.76852789321334,57.05478730307068,58.152685366589566,59.563247207393765,62.450491956922306,82.99567534240805,99.89657584114295,43.83556362671445,45.965228857674475,50.63002142380436,55.11940683292049,58.97246557625586,60.959781105677834,62.373197860733356,76.32405177920482,83.29298213999935,109.34125428538712,32.383720930232556,53.33720930232558,32.383720930232556,39.383720930232556,30.414539722765166,40.12853322463559,53.51506658748297,31.998109915583246,38.73506863361655,54.371472613590896,0.0
4.283353120562423,46.78653828850466,57.44782693391598,67.30435771816255,83.67057938499819,45.23721113832657,55.79273509305107,62.365402605831655,46.4047036182662,52.21996065181855,56.83439574981537,59.8818199054888,75.98983744574416,82.53237026484805,109.55551701518162,45.3690243480338,53.7468511557091,57.051949431072345,58.15833938649565,59.58948267696063,62.46329902389703,83.00066966666986,99.89945407860344,43.77412022792088,45.94616909136015,50.60895556915914,55.11210409080083,58.9889210811802,60.96872037179719,62.42758066353994,76.33526305267686,83.30464752534422,109.34747181459262,32.383720930232556,53.33720930232558,32.383720930232556,39.383720930232556,30.379439515408514,40.15955366146937,53.51914635800584,31.989191658409094,38.72248255270579,54.39297695167582,0.0
4.329911306655493,46.78591818761071,57.43971940341647,67.29425867979083,83.68940605476338,45.20716887354201,55.81011527597202,62.378064687695286,46.39513487144606,52.19893113544941,56.828828258584366,59.907350229071646,75.99481453518189,82.52744653979616,109.56609908163325,45.34077753931796,53.724990870590325,57.04918030837954,58.1639646687722,59.6158780094327,62.47619713398255,83.00571638946997,99.90236484749668,43.71224710713779,45.926902706652776,50.58820784456601,55.10470285477973,59.00519192732096,60.97664780829127,62.48329563309756,76.34655462497169,83.3164415169452,109.35376146460914,32.383720930232556,53.33720930232558,32.383720930232556,39.383720930232556,30.344192932566973,40.19066923650571,53.52327736581104,31.980159502739205,38.709827721169965,54.41466393888153,0.0
4.376469492748563,46.785290445804996,57.4315201366889,67.2840914418221,83.7084003012654,45.17694616557732,55.827516136721954,62.39088653491001,46.38543659670229,52.177849987413474,56.82331211382483,59.9328880207428,75.99985021608587,82.52247878433641,109.57678893205707,45.312340740795236,53.70294930745034,57.04647831303453,58.16956020075489,59.64243248054398,62.4891851034999,83.01081543868756,99.90530818267543,43.649951786760916,45.90743048590555,50.567773896997224,55.09720496177886,59.021265881073354,60.98368537918018,62.54022819771105,76.35792544749278,83.32836407971377,109.36012337175839,32.383720930232556,53.33720930232558,32.383720930232556,39.383720930232556,30.308802793487274,40.221876908494906,53.52745983290155,31.971012984367118,38.69710591850809,54.43653225991548,0.0
4.423027678841632,46.78465503089652,57.42322903267176,67.27385708289907,83.72756117911405,45.146545524408346,55.84493466717031,62.403868645630645,46.37560804025354,52.15672040728689,56.81784598474741,59.9584319393993,76.00494462474589,82.51746728861,109.58758636611978,45.28371624066423,53.68072872252193,57.04384184903726,58.17512502025617,59.66914531786293,62.502261756361996,83.01596674138025,99.90828411935708,43.587241714675734,45.88775323940074,50.54764934798221,55.08961212506435,59.03713045830125,60.98994666958454,62.59827260992421,76.36937447490673,83.34041517468401,109.36655767384833,32.383720930232556,53.33720930232558,32.383720930232556,39.383720930232556,30.273271852946085,40.25317369801865,53.531693983918984,31.96175163835753,38.68431892293387,54.45858060149929,0.0
4.469585864934703,46.78401191024021,57.41484599084437,67.26355668239839,83.74688774209844,45.11596942602754,55.862367900810845,62.41701151037089,46.36564844661526,52.13554555689028,56.81242856345387,59.9839806587442,76.01009789785893,82.51241234559825,109.59849118200205,45.25490630491832,53.65833135732904,57.041269346875026,58.18065821469156,59.69601570217182,62.515425924549945,83.02117022378305,99.91129269312303,43.52412426026784,45.86787180484866,50.52782980006616,55.0819259396995,59.052772935083105,60.995536850959375,62.65733196292828,76.38090066541871,83.35259475892803,109.37306451017248,32.383720930232556,53.33720930232558,32.383720930232556,39.383720930232556,30.23760280270988,40.28455668602577,53.53598004614807,31.952374999208473,38.67146851097514,54.48080765260708,0.0
4.516144051027772,46.78336105073299,57.40637091127606,67.25319132021954,83.76637904335279,45.085220312604186,55.87981291298291,62.43031561162219,46.35555705891295,52.11432856029832,56.80705856480629,60.00953286711863,76.01531017248968,82.50731425112052,109.60950317641644,45.2259131772034,53.63575943743246,57.03875926397458,58.186158920157034,59.723042768861795,62.52867644858649,83.02642581130762,99.91433393991841,43.46060671076276,45.84778704685835,50.508310842878025,55.07414788776185,59.0681803614437,61.000552918936606,62.71731793170466,76.3925029810434,83.3649027854724,109.37964402151029,32.383720930232556,53.33720930232558,32.383720930232556,39.383720930232556,30.201798272974138,40.316023012388804,53.54031824952078,31.942882601015715,38.65855645707716,54.50321210469782,0.0
4.562702237120842,46.782702418809826,57.397803694675744,67.24276207657623,83.78603413551957,45.05430059266303,55.89726682107256,62.443781423473695,46.34533311920232,52.09307250386142,56.80173472627864,60.035087267332024,76.02058158602968,82.50217330383346,109.62062214462527,45.196739078694925,53.61301517126624,57.03631008507991,58.19162632046307,59.75022560933919,62.542012178005706,83.03173342854147,99.91740789605142,43.396696267886966,45.82749985638152,50.48908805881934,55.06627934333422,59.083339578321585,61.005084108248155,62.77815033416672,76.40418038787209,83.3773392032151,109.3862963501264,32.383720930232556,53.33720930232558,32.383720930232556,39.383720930232556,30.16586083378086,40.34756987448232,53.54470882662055,31.933273977639338,38.64558453320994,54.52579265194142,0.0
4.609260423213912,46.78203598043981,57.38914424244167,67.23227003179025,83.80585207090967,45.02321264128038,55.91472678469473,62.45740941123418,46.33497586879695,52.07178043623788,56.796455807792306,60.060642576491176,76.02591227615592,82.49698980522986,109.63184788045868,45.16738620799356,53.59010074906253,57.03392032255973,58.197059646130185,59.7775632724363,62.555431971819814,83.03709299924684,99.92051459819287,43.332400044840426,45.80701115013053,50.47015702838766,55.05832157727841,59.09823723801114,61.0092124109083,62.839756585866944,76.41593185633448,83.3899039568432,109.39302163977096,32.383720930232556,53.33720930232558,32.383720930232556,39.383720930232556,30.12979299641375,40.3791945257839,53.54915201268607,31.923548662872456,38.63255450847957,54.548547991438674,0.0
4.655818609306982,46.78136170112188,57.38039245671159,67.22171626608805,83.82583190165988,44.991958800296274,55.93219000585721,62.47120003105583,46.32448454860295,52.0504553684351,56.79122059153699,60.086197525828325,76.03130238078886,82.49176405963809,109.64318017633242,45.13785674103886,53.56701834186192,57.03158851664857,58.20245817335081,59.805054765822554,62.5689346989831,83.0425044463603,99.92365408337582,43.26772506357111,45.78632186997332,50.45151333514666,55.0502757618005,59.112859828303975,61.01301314309263,62.902071102596395,76.42775636145704,83.40259698675159,109.39982003567893,32.383720930232556,53.33720930232558,32.383720930232556,39.383720930232556,30.093597214770327,40.410894274498254,53.55364804561514,31.913706190612043,38.619468148743444,54.57147682343522,0.0
4.702376795400052,46.78067954588088,57.37154824041317,67.21110185939972,83.8459726798876,44.960541378541784,55.94965372910706,62.485153729560444,46.313858399460635,52.02910027385851,56.78602788177761,60.111750860528545,76.03675203804919,82.48649637422234,109.65461882326602,45.108152831039824,53.54377010060534,57.029313235624755,58.20782122292209,59.83269905741073,62.58251923885265,83.04796769199147,99.92682638899498,43.20267825234055,45.76543298230559,50.43315257035687,55.04214297481673,59.12719370052913,61.01655552208895,62.96503468928609,76.43965288311612,83.41541822896208,109.40669168456999,32.383720930232556,53.33720930232558,32.383720930232556,39.383720930232556,30.057275886710464,40.442666482205105,53.55819716596816,31.903746095031792,38.60632721622961,54.5945778515293,0.0
4.748934981493121,46.77998947926336,57.36261149731469,67.2004278911607,83.86627345784265,44.92896265208037,55.96711524166036,62.49927094346856,46.30309666249323,52.00771808836702,56.780876504648674,60.13730133955672,76.04226138621408,82.48118705898233,109.66616361090075,45.078276608422144,53.52035815530588,57.02709307592974,58.21314815915421,59.86049507675394,62.59618448164697,83.0534826574227,99.93003155280628,43.13726644356958,45.744345477402554,50.415070337280305,55.033924204128446,59.14122510165931,61.01990322724207,63.02859394111062,76.45162040628682,83.42836761504407,109.41363673464829,32.383720930232556,53.33720930232558,32.383720930232556,39.383720930232556,30.020831355380835,40.474508562531376,53.56279961697152,31.893667910756918,38.59313346916012,54.61784978287366,0.0
4.795493167586191,46.77929146533301,57.35358213207594,67.18969544011613,83.88673328805632,44.89722486446208,55.98457187351557,62.51355209923163,46.292198579462536,51.98631171033352,56.77576530793732,60.162847735484355,76.04783056367276,82.47583642675444,109.67781432751782,45.048230180791144,53.496784614295876,57.02492666223158,58.218438388758,59.88844171642897,62.60992932890209,83.05904926310804,99.93326961292615,43.071496371952875,45.72306036875213,50.397262255172315,55.025620351414325,59.15494021060757,61.02311492830462,63.092700673243876,76.46365792128711,83.44144507203555,109.42065533560174,32.383720930232556,53.33720930232558,32.383720930232556,39.383720930232556,29.984265910515063,40.50641797984791,53.567455644520756,31.883471173040917,38.5798886613784,54.64129132837139,0.0
4.842051353679261,46.77858546766678,57.34446005029954,67.17890558412769,83.9073512234874,44.865330226989876,56.0020209975516,62.52799761266783,46.28116339313099,51.964884000709674,56.77069316085558,60.18838883431655,76.05345970888081,82.47044479321292,109.68957076005626,45.01801563290987,53.4730515635472,57.022812647436716,58.22369135971659,59.91653783340186,62.62375269392593,83.0646674286724,99.93654060783132,43.005374672830435,45.70157869237018,50.37972396297469,55.017232236047874,59.168325178787185,61.02624477154868,63.157311388828404,76.4757644240173,83.45465052236521,109.42774763860213,32.383720930232556,53.33720930232558,32.383720930232556,39.383720930232556,29.947581789709073,40.53839224799112,53.572165497183526,31.87315541794416,38.566594541980706,54.66490120286583,0.0
4.8886095397723315,46.77787144935003,57.335245158582325,67.16805939998343,83.92812631766557,44.83328091899692,56.01946002961059,62.542607888601786,46.26999034763045,51.9434377830937,56.7656589538032,60.213923435319,76.05914896031388,82.46501247687124,109.70143269413133,44.9876350266916,53.44916106606096,57.02074971265338,58.228906560144104,59.944782250372135,62.63765350225069,83.07033707291107,99.93984457635791,42.93890788080443,45.67990150610092,50.36245112272288,55.00876059874873,59.18136617494334,61.0293428189163,63.22238678986047,76.48793891619496,83.46798388377609,109.434913796304,32.383720930232556,53.33720930232558,32.383720930232556,39.383720930232556,29.91078117967173,40.570428929009644,53.57692942620234,31.86272018251431,38.5532528549517,54.688678125324685,0.0
4.9351677258654005,46.77714937297239,57.325937364567096,67.15715796320994,83.94905762483194,44.80107908813409,56.03688642856651,62.557383320508706,46.25867868883756,51.9219758438003,56.760661598121956,60.23945035084581,76.06489845642066,82.459539799084,109.71339991405247,44.957090401206166,53.425115161323596,57.01873656711,58.23408351713566,59.97317375709199,62.65163069208433,83.07605811378886,99.94318155770122,42.87210242858927,45.65802988890262,50.34543942268132,55.00020610507429,59.194049434192856,61.03245543887102,63.2878913323815,76.5001804055849,83.48144506924945,109.44215396284481,32.383720930232556,53.33720930232558,32.383720930232556,39.383720930232556,29.873866217450388,40.60252563193629,53.58174768549704,31.852165004968374,38.53986533880405,54.71262081901828,0.0
4.9817259119584705,46.776419200622975,57.31653657699448,67.14620234788745,83.97014420007648,44.76872685066671,56.0542976963794,62.57232429016318,46.247227664754966,51.90050093193171,56.755700025842074,60.26496840616781,76.07070833557457,82.45402708405013,109.7254722028415,44.92638377269957,53.400915864826274,57.01677194803161,58.23922179561158,60.001711111657514,62.665683214760776,83.08183046843958,99.94655159141496,42.804964646083114,45.63596494012153,50.328684580219765,54.99156934876026,59.20636131112379,61.035625649861004,63.35379282520359,76.51248790622445,83.49503398693054,109.44946829384409,32.383720930232556,53.33720930232558,32.383720930232556,39.383720930232556,29.836838991631442,40.63468001158517,53.586620531667116,31.84148942487649,38.52643372622213,54.73672801169209,0.0
5.0282840980515395,46.775680893885905,57.307042705755066,67.13519362646753,83.9913850994729,44.73622629177986,56.071691378136336,62.587431167293104,46.2356365258989,51.87901575944918,56.750773189421885,60.29047643930169,76.07657873602504,82.44847465881533,109.7376493422507,44.89551713462602,53.376565167644344,57.014854620478175,58.24432099715923,60.03039304176855,62.67981003518991,83.08765405316497,99.94995471741072,42.73750075964877,45.61370777875463,50.31218234444335,54.98285085491591,59.2182883367147,61.03889341873423,63.420062070058705,76.52486043864397,83.50875054005503,109.45685694640287,32.383720930232556,53.33720930232558,32.383720930232556,39.383720930232556,29.79970154351586,40.66688976737421,53.59154822399366,31.8306929833472,38.51295974370998,54.76099843573351,0.0
5.0748422841446095,46.774934413835595,57.29745566194181,67.12413286959362,84.01277938021036,44.70357946589121,56.08906506207891,62.602704309239165,46.223904525692326,51.85752300124428,56.74588006148126,60.31597330084036,76.08250979584749,82.44288285327575,109.7499311127813,44.86449245769207,53.3520650360739,57.01298337714687,58.24938075887532,60.059218245954405,62.69401013230736,83.09352878343445,99.95339097595749,42.66971689159232,45.59125954270343,50.295928498589944,54.974051083082166,59.2298172787339,61.04229591730512,63.48667254030258,76.53729703008251,83.52259462687695,109.4643200791031,32.383720930232556,53.33720930232558,32.383720930232556,39.383720930232556,29.762455868269686,40.699152642172855,53.59653102444118,31.819775223214272,38.49944511124327,54.785430828333155,0.0
5.12140047023768,46.774179721031906,57.28777535790239,67.11302114592425,84.03432610072285,44.670788396971,56.106416379618096,62.61814406062021,46.21203092086393,51.83602529520873,56.741019634529735,60.341457853784235,76.0885016528926,82.43725200018231,109.7623172937012,44.833311689912165,53.32741741132229,57.0111570381421,58.25440075221139,60.08818539476342,62.708282499525005,83.09945457388443,99.95686040768102,42.601619059827904,45.5686213880202,50.27991886220605,54.965170430158096,59.24093520517288,61.04586774073896,63.553600094944535,76.54979671469857,83.53656614059776,109.47185785200709,32.383720930232556,53.33720930232558,32.383720930232556,39.383720930232556,29.725103916049743,40.73146642117487,53.60156919765912,31.808735689224847,38.48589154192547,54.810023931640394,0.0
5.167958656330749,46.77341677551544,57.278001707292,67.10185952195893,84.05602432081503,44.637855078868036,56.12374300533641,62.63375075300484,46.20001497185221,51.81452524230305,56.73619092069008,60.36692897337413,76.09455444473468,82.43158243514506,109.77480766306358,44.8019767566749,53.30262420924973,57.009374450715946,58.259380681825235,60.11729313191343,62.72262614518188,83.10543133831759,99.96036305356316,42.533213177716995,45.54579448814791,50.26414929311458,54.95620923320241,59.251629550161034,61.049641091625624,63.620822724674355,76.56235853377605,83.55066496929646,109.47947042665666,32.383720930232556,53.33720930232558,32.383720930232556,39.383720930232556,29.687647593104455,40.76382893079629,53.60666301098297,31.797573928228942,38.4723007416482,54.83477649291356,0.0
5.214516842423819,46.77264553680252,57.26813462512616,67.09064906186691,84.07787310178583,44.604781475641445,56.14104265697804,62.64952470458983,46.1878559432148,51.793025406622746,56.73139295141769,60.3923855469254,76.10066830861884,82.42587449663856,109.78740199772484,44.77048956081972,53.277687320159096,57.007634488980855,58.26432028444005,60.14654007540115,62.737040092997276,83.1114589897023,99.96389895494148,42.46450505407136,45.52278003315581,50.24861568918499,54.94716777211623,59.261888181702346,61.05364593365356,63.68832032662841,76.57498153592516,83.56489099586172,109.48715796607253,32.383720930232556,53.33720930232558,32.383720930232556,39.383720930232556,29.650088762850253,40.796238037598094,53.611812734435375,31.786289489370134,38.45867440875585,54.85968726466472,0.0
5.261075028516889,46.77186596388026,57.258174027833654,67.07939082731866,84.09987150654884,44.571569521897146,56.158313095426784,62.665466219885374,46.17555310404263,51.771528315461865,56.72662477721693,60.41782647366368,76.10684338140746,82.42012852600735,109.80010007336296,44.73885198272332,53.252608608631036,57.005936053598695,58.269219327714275,60.175924818568674,62.75152338252538,83.11753744017224,99.96746815350824,42.39550039330852,45.49957922897182,50.233313989918436,54.93804627221278,59.271699470472214,61.057910118724756,63.75607450480709,76.58766477727859,83.57924409792456,109.49492063475333,32.383720930232556,53.33720930232558,32.383720930232556,39.383720930232556,29.612429246923558,40.82869164723361,53.61701864072655,31.774881924277405,38.44501423371428,54.88475500479901,0.0
5.30763321460996,46.77107801520146,57.24811983330964,67.06808587732003,84.12201859975026,44.538221123128814,56.175552124672464,62.68157558940801,46.16310572837861,51.750036459373554,56.72188546735433,60.443250664562484,76.11307979952562,82.41434486747282,109.81290166449539,44.70706588039527,53.227389913401865,57.00427807144703,58.27407760912323,60.20544593112552,62.766075069612995,83.12366660102579,99.97107069131022,42.32620479574942,45.47619329661303,50.21824017785773,54.928844906679345,59.28105235882017,61.06245949121947,63.82406839328193,76.60040732168265,83.59372414779315,109.50275859867506,32.383720930232556,53.33720930232558,32.383720930232556,39.383720930232556,29.574670826208685,40.861187703420256,53.622281005254784,31.763350787257938,38.43132189878393,54.90997847674883,0.0
5.354191400703029,46.77028164867954,57.23797196096893,67.0567352680493,84.14431344788359,44.50473815606243,56.192757591765684,62.6978530893812,46.150513095640406,51.72855229222707,56.71717410957009,60.46865704218248,76.11937769890544,82.40852386813975,109.82580654449758,44.67513308958238,53.20203304728133,57.00265949526601,58.278894954854856,60.235101960123814,62.780694226860334,83.12984638272532,99.97470661074777,42.256623758047844,45.452623471416445,50.2033902798336,54.91956379893733,59.28993642904495,61.067317972947905,63.892286499582184,76.61320824088345,83.60833101238848,109.51067202528989,32.383720930232556,53.33720930232558,32.383720930232556,39.383720930232556,29.53681524184193,40.89372418693544,53.627600106106364,31.751695635490897,38.41759907769705,54.93535644960276,0.0
5.400749586796099,46.769476821683284,57.22773033179931,67.04534005269694,84.16675511940184,44.471122469004044,56.209927386761265,62.714298981443974,46.13777449104721,51.70707823126107,56.712489809787385,60.494044540512654,76.12573721492947,82.4026658780041,109.8388144856209,44.64305542388138,53.176539797107885,57.001079303287725,58.283671218721054,60.26489143088621,62.795379944086086,83.13607669489707,99.97837595457442,42.18676267374187,45.42887100226971,50.188760368056634,54.91020302490458,59.29834196994759,61.072507632129756,63.96071456590641,76.62606661470807,83.623064553182,109.51866108352542,32.383720930232556,53.33720930232558,32.383720930232556,39.383720930232556,29.498864196192127,40.92629911463637,53.63297622405523,31.73991602922196,38.40384743533938,54.960887698229364,0.0
5.447307772889169,46.768663491031425,57.21739486841481,67.03390128130803,84.18934268482711,44.43737588219023,56.22705944265064,62.73091351236842,46.12488920605009,51.68561665713309,56.70783169182095,60.51941210481344,76.1321584823731,82.39677124996125,109.85192525901088,44.61083467485923,53.15091192373899,56.99953649884983,58.2884062810858,60.29481284788441,62.81013132879714,83.14235744633056,99.9820787658959,42.1166268339178,45.40493715084508,50.17434656106548,54.90076261516617,59.306260040629034,61.078048739535106,64.02933944605427,76.63898153124097,83.63792462613458,109.52672594378349,32.383720930232556,53.33720930232558,32.383720930232556,39.383720930232556,29.460819353818014,40.95891053850334,53.638409642562365,31.72801153195859,38.390068627436015,54.9865710033961,0.0
5.493865958982238,46.76784161298746,57.20696549510944,67.02242000062762,84.21207521685686,44.403500188140704,56.24415173528294,62.747696913785646,46.11185653876537,51.66416991396453,56.70319889708472,60.54475869146206,76.13864163534586,82.3908403398149,109.86513863472538,44.57847261218097,53.12515116207404,56.998030109995845,58.29310004781171,60.3248646955677,62.82494750666369,83.14868854497797,99.98581508816989,42.04622142797746,45.3808231908364,50.16014502453968,54.89124255705692,59.3136825304858,61.08395981469646,64.09814899620775,76.65195208699527,83.65291108163683,109.53486677793946,32.383720930232556,53.33720930232558,32.383720930232556,39.383720930232556,29.422682342402695,40.991556544706285,53.64390064777475,31.71598171066585,38.37626430024173,55.012405151883115,0.0
5.540424145075309,46.76701114325408,57.196442137910516,67.01089725394871,84.23495179046809,44.36949715201258,56.261202283275445,62.76464940192129,46.09867579441107,51.64274030938179,56.698590584299176,60.57008326779985,76.14518680723168,82.38487350628672,109.87845438175245,44.54597098374427,53.099259221107694,56.99655918906374,58.29775244922588,60.35504543913994,62.83982762200119,83.15506989795418,99.98958496520493,41.975551544500135,45.356530407200644,50.14615197198673,54.88164279666108,59.32060221437376,61.09025766487131,64.16713197790722,76.66497738707889,83.66802376445155,109.54308375934069,32.383720930232556,53.33720930232558,32.383720930232556,39.383720930232556,29.38445475366561,41.024235252694154,53.64944952852397,31.703826135962746,38.362436090235676,55.03838893659227,0.0
5.586982331168379,46.766172036967596,57.185824724632404,66.99933408096304,84.25797148301835,44.33536851195597,56.27820914791303,62.781771177340296,46.08534628574553,51.62133011455267,56.69400592919901,60.595384811981845,76.15179413062819,82.37887111102677,109.8918722680288,44.51333151582057,53.0732377840114,56.99512281226442,58.302363439106074,60.38535352528453,62.85477083825894,83.16150141153591,99.99338844116,41.90462217219083,45.332060095405524,50.132363665311765,54.87196324073277,59.32701280195504,61.09695741919294,64.23627797176385,76.67805654535628,83.68326251365733,109.55137706280568,32.383720930232556,53.33720930232558,32.383720930232556,39.383720930232556,29.34613814425237,41.05694481430692,53.655056576324434,31.691544382318863,38.34858562382046,55.064521156651374,0.0
5.633540517261448,46.76532424869237,57.17511318493008,66.98773151761458,84.28113337434436,44.30111597947049,56.29517043303703,62.79906242470178,46.07186733350814,51.599941564218646,56.689444124240964,60.62066231282862,76.15846373728459,82.37283351862435,109.90539206045752,44.48055591320215,53.047088508240954,56.99372007925194,58.30693299368802,60.41578738283615,62.869776338517006,83.16798299116195,99.99722556054367,41.833438200906826,45.30741356068361,50.11877641527747,54.862203758541796,59.332908980320916,61.104072560193806,64.30557730062647,76.6911886846045,83.69862716259401,109.5597468646227,32.383720930232556,53.33720930232558,32.383720930232556,39.383720930232556,29.30773403660281,41.089683412909636,53.66072208537128,31.67913602825126,38.334714517025716,55.09080061751372,0.0
5.680098703354518,46.76446773241514,57.164307450352794,66.97609059595587,84.30443654685757,44.266741239762055,56.31208428492333,62.816523312523906,46.058238266861615,51.57857685672268,56.68490437831287,60.645914769680395,76.16519575803892,82.36676109662001,109.91901352492633,44.447645859354985,53.020813025668396,56.992350112686985,58.311461110694864,60.44634542339856,62.884843325992165,83.17451454143229,100.00109636821357,41.76200442275514,45.2825921172944,50.105386581862305,54.85236418364798,59.33828644908941,61.111614954623015,64.37502096107656,76.70437293666473,83.71411753880996,109.5681933425486,32.383720930232556,53.33720930232558,32.383720930232556,39.383720930232556,29.269243919797596,41.122449262548336,53.66644635253779,31.666600656521457,38.320824375216176,55.117226131053066,0.0
5.726656889447588,46.763602441539064,57.15340745439768,66.964412344007,84.32788008563766,44.23224595210003,56.32894889215001,62.834153992959266,46.04445842383569,51.557238154032675,56.680385916443555,60.67114119225367,76.17199032275376,82.36065421551801,109.93273642632543,44.41460301657674,52.99441294273595,56.991012057794705,58.3159478083889,60.477026041908026,62.899971024553835,83.18109596610823,100.0050009093755,41.69032553325347,45.25759708779512,50.09219057452435,54.84244431560855,59.34314194731032,61.119594885207654,64.44460056226545,76.71760844258893,83.72973346401078,109.57671667580746,32.383720930232556,53.33720930232558,32.383720930232556,39.383720930232556,29.230669250383954,41.15524060712733,53.67222967737244,31.653937854332405,38.306916792804344,55.143796515653946,0.0
5.773215075540658,46.762728328878,57.14241313256345,66.95269778561725,84.3514630785227,44.19763175017388,56.345762485454365,62.85195460158104,46.03052715177101,51.53592758176097,56.67588797951436,60.696340600500015,76.17884756025093,82.35451324879985,109.94656052856563,44.381429026159815,52.96788984063044,56.98970508191838,58.32039312464638,60.50782761714113,62.915158679250894,83.1877271681121,100.00893922958271,41.61840613254816,45.23242980232127,50.07918485237729,54.83244392162118,59.34747327166671,61.128021084729056,64.51430827122813,76.73089435278114,83.74547475401006,109.5853170450891,32.383720930232556,53.33720930232558,32.383720930232556,39.383720930232556,29.192011453180704,41.18805571960751,53.67807236209551,31.641147213525333,38.292993352967606,55.17051059629776,0.0
5.819773261633728,46.76184534665041,57.13132442240396,66.9409479403296,84.37518461619742,44.16290024244957,56.36252333757954,62.86992525718019,46.01644380776378,51.51464722917959,56.671409823972375,60.72151202446743,76.18576759824525,82.34833857293822,109.96048559459616,44.34812550855879,52.9412452754767,56.98842837407046,58.32479711605585,60.538748512167174,62.9304055568507,83.19440804952688,100.01291137473532,41.54625072668248,45.20709159787722,50.06636592428519,54.82236273810662,59.35127928563627,61.136900773503314,64.58413676391693,76.7442298271343,83.76134121868205,109.59399463254772,32.383720930232556,53.33720930232558,32.383720930232556,39.383720930232556,29.15327192206317,41.2208929012253,53.683974711595255,31.628228330776217,38.2790556273701,55.19736720464438,0.0
5.866331447726797,46.76095344647338,57.120141263581765,66.9291638232479,84.39904379227833,44.12805301252479,56.379229763110665,62.888066061573824,46.002207759109815,51.49339914923176,56.66695072154564,60.746654504164205,76.19275056327663,82.34213056741228,109.97451138642248,44.3146940635622,52.91448077854756,56.98718114448153,58.32915985703993,60.56978707474365,62.945710946391316,83.2011385115963,100.01691739107932,41.473863728909365,45.18158381763862,50.05373034888252,54.81220047223425,59.35455991946268,61.14623970107595,64.65407918129111,76.75761403516175,83.77733266191547,109.60274962180033,32.383720930232556,53.33720930232558,32.383720930232556,39.383720930232556,29.114452020728276,41.253750480731775,53.68993703342369,31.615180807791962,38.26510517588925,55.22436517910948,0.0
5.912889633819867,46.76005257935636,57.10886359792162,66.91734644490673,84.42303970339667,44.09309161948339,56.395880118300674,62.90637709942523,45.987818383748014,51.472185358539726,56.662509958960506,60.77176708942524,76.19979658064152,82.33588961472336,109.9886376651244,44.281136270468124,52.887597856490004,56.9859626241485,58.333481439001325,60.600941637655275,62.961074159748115,83.20791845472444,100.0209573252061,41.40124946104293,45.15590781026623,50.041274734524514,54.80195680339278,59.357316160977476,61.156042192667364,64.72412908988143,76.77104615612411,83.79344888157007,109.61158219792516,32.383720930232556,53.33720930232558,32.383720930232556,39.383720930232556,29.07555308344029,41.28662681365168,53.695959637791745,31.60200425150588,38.251143546346974,55.251503364937854,0.0
5.959447819912937,46.75914269569505,57.097491369463896,66.90549681114375,84.44717144927873,44.058017598248064,56.412472800885716,62.92485843807551,45.97327507070272,51.45100783740954,56.658086837661486,60.796848839780765,76.20690577432272,82.32961610041194,110.00286419087367,44.24745368826339,52.86059799156496,56.98477206438316,58.337761969492504,60.632210518994896,62.9764945322159,83.21474777847571,100.02503122405128,41.32841215484326,45.130064929232496,50.02899573917402,54.79163138460961,59.35955003750095,61.16631120064635,64.79428044631959,76.78452537915122,83.80968966943452,109.62049254746007,32.383720930232556,53.33720930232558,32.383720930232556,39.383720930232556,29.03657641575761,41.31952028156189,53.70204283756422,31.588698274272584,38.23717227424565,55.27878061427246,0.0
6.006006006006007,46.75822374526491,57.086024524517946,66.89361592297516,84.4714381328234,44.02283245993175,56.429006249890236,62.9435101273873,45.95857722052399,51.429868529832305,56.65368067353382,60.82189882432777,76.21407826691811,82.32331041307499,110.0171907229518,44.21364785580601,52.833482641900105,56.983608736361646,58.34200157140978,60.663592022386844,62.991971423108076,83.22162638157498,100.02913913489435,41.255355953429756,45.10405653216155,50.01689007022964,54.78122384392182,59.36126458923088,61.177048361067285,64.86452756538526,76.79805090335904,83.82605481118618,109.62948085840061,32.383720930232556,53.33720930232558,32.383720930232556,39.383720930232556,28.99752329524099,41.3524292913888,53.708186948253925,31.575262494062013,38.223192882509075,55.30619578621961,0.0
6.0525641920990765,46.75729567721478,57.07446301171531,66.8817047764734,84.49583886017794,43.987537692186905,56.44547894542186,62.96233219960053,45.94372424572611,51.408769343483215,56.64929079662868,60.8469161216039,76.22131417956807,82.31697294438507,110.03161701976774,44.17972029201061,52.80625324175392,56.9824719306758,58.34620038221124,60.695084437151415,63.00750421637413,83.22855416190727,100.03328110535747,41.18208491271808,45.07788398018243,50.00495448429976,54.77073378570049,59.36246383469024,61.18825405508832,64.93486509117896,76.81162193796213,83.84254408635309,109.63854732019855,32.383720930232556,53.33720930232558,32.383720930232556,39.383720930232556,28.958394972143626,41.38535227472446,53.71439228801564,31.561696534652445,38.20920688122806,55.33374774691019,0.0
6.099122378192146,46.756358440060346,57.062806782062786,66.86976436264773,84.52037274081052,43.952134759552834,56.46188940845588,62.981324669200575,45.92871557122264,51.38771214971793,56.6449165508913,60.871899819463835,76.22861363188179,82.31060408910955,110.04614283887572,44.14567249603653,52.77891120179012,56.9813609568871,58.35035855315868,60.726686038410136,63.02309232123638,83.23553101651785,100.03745718340502,41.10860300287657,45.051548637296904,49.99318578692726,54.76016079193191,59.36315272894734,61.199927474899546,65.00528797107445,76.8252377023806,83.85915726827774,109.64769212375977,32.383720930232556,53.33720930232558,32.383720930232556,39.383720930232556,28.919192670083532,41.41828768716096,53.72065917763925,31.548000025822397,38.195215767411185,55.361435369557114,0.0
6.1456805642852155,46.75541198167762,57.05105578899546,66.85779566732734,84.54503888758099,43.916625103800726,56.478236200609686,63.00048753279889,45.913550634759076,51.36669878356706,56.640557293892435,60.89684901495842,76.235976741862,82.30420424513113,110.06076793699265,44.11150594747852,52.75145790936103,56.98027514308387,58.354476248583524,60.75839508713154,63.0387351728484,83.24255684161243,100.04166741734254,41.0349141097979,45.02505186976188,49.98158083226931,54.74950442345703,59.36333711543895,61.21206669363065,65.07579143214812,76.8388974263431,83.87589412408266,109.65691546144244,32.383720930232556,53.33720930232558,32.383720930232556,39.383720930232556,28.879917586698564,41.45123400764255,53.726987940542614,31.534172603541307,38.181221024740445,55.38925753450895,0.0
6.192238750378286,46.75445624929589,57.03920998842945,66.84579967104715,84.56983641680888,43.88101014427625,56.494517923906805,63.01982076902622,45.89822888734051,51.34573104372914,56.636212396562904,60.92176281421609,76.24340362582859,82.2977738134699,110.07549207001568,44.07722210655929,52.72389472879898,56.97921383544231,58.35855364517617,60.790209830116375,63.05443223297579,83.24963153255707,100.04591185581586,40.96102203658239,44.99839504548658,49.97013652273556,54.738764221172374,59.363023672315315,61.22466873858445,65.14637095981759,76.85260034998446,83.89275441463845,109.66621752705484,32.383720930232556,53.33720930232558,32.383720930232556,39.383720930232556,28.840570894284525,41.48418973783541,53.73337890276379,31.52021391015871,38.167224123331934,55.417213129300045,0.0
6.238796936471355,46.75349118949126,57.027269338814634,66.83377734893618,84.59476444833932,43.84529127823957,56.51073322053109,63.03932433843865,45.88274979365592,51.3248106925625,56.63188124293141,60.94664033232714,76.25089439834068,82.29131319830535,110.09031499303985,44.04282241432437,52.69622300171468,56.97817639779194,58.362590931298975,60.8221284999218,63.070182990701376,83.25675498387831,100.05019054781037,40.88693050502929,44.971579533445514,49.95884980858908,54.72793970719367,59.36221985428343,61.23772966705177,65.21702227845385,76.86634572393888,83.90973789453311,109.67559851585352,32.383720930232556,53.33720930232558,32.383720930232556,39.383720930232556,28.801153740416762,41.5171534015143,53.73983239295266,31.506123594591926,38.15322651950178,55.44530104869698,0.0
6.285355122564426,46.75251674817945,57.015233801186994,66.8217296706085,84.61982210560642,43.80946988120245,56.52688077257046,63.05899818343639,45.8671128324967,51.303939456076314,56.62756322986596,60.97148069323034,76.25844917211764,82.28482280700037,110.10523646037541,44.008308292838464,52.66844404730148,56.97716221118593,58.36658830632216,60.854149314723905,63.0859869631563,83.26392708926348,100.05450354265017,40.812643157132946,44.94460670310649,49.947717687512956,54.71703038598483,59.36093383095531,61.25124464390742,65.28774133375882,76.88013280942813,83.92684431204408,109.68505862454104,32.383720930232556,53.33720930232558,32.383720930232556,39.383720930232556,28.761667248555582,41.55012354396613,53.74634874236202,31.491901312511985,38.139229655537086,55.473520194741624,0.0
6.331913308657495,46.75153287060887,57.00310333922098,66.80965760005678,84.64500851569478,43.77354730726271,56.542959301750926,63.078842228195676,45.85131749717025,51.28311902392165,56.6232577668187,60.99628302960227,76.26606805795835,82.27830305012623,110.12025622556533,43.97368114538327,52.64055916264498,56.9761706734766,58.370545979982694,60.886270478117645,63.101843696278905,83.27114774156061,100.05885088999716,40.738163556580766,44.91747792387505,49.936737204146375,54.70603574545402,59.35917442270692,61.26520802016276,65.35852427672478,76.89396087834572,83.94407340911202,109.69459805126365,32.383720930232556,53.33720930232558,32.383720930232556,39.383720930232556,28.722112518635985,41.58309873140962,53.75292828483811,31.47754672652773,38.12523495947226,55.501869476790716,0.0
6.378471494750566,46.75053950135343,56.99087791928149,66.7975620955484,84.67032280939809,43.737524889435406,56.55896756916046,63.09885637861344,45.835363295906966,51.26235104938265,56.61896427557445,61.021046482749,76.2737511646593,82.27175434148796,110.13537404140239,43.93894235665671,52.61256962303678,56.97520119889693,58.37446417176562,60.91849017885348,63.117752765603335,83.278416832779,100.06323263984997,40.663495190250366,44.89019456455484,49.925905449592406,54.694955258018595,59.356951035027905,61.27961341165484,65.42936744901226,76.90782921333549,83.96142492131644,109.70421699560893,32.383720930232556,53.33720930232558,32.383720930232556,39.383720930232556,28.682490627641986,41.616077550431164,53.75957135681058,31.463059506367852,38.111243844870565,55.530347811552275,0.0
6.425029680843635,46.74953658430533,56.97855751047565,66.78544410952408,84.69576412127633,43.70140393998098,56.574904374963026,63.11904052226529,45.81924975226096,51.24163714936858,56.61468219000288,61.045770202500634,76.28149859893114,82.26517709815194,110.15058965994665,43.90409329297316,52.58447668229179,56.97425321764773,58.3783431103074,60.95080659050976,63.1337137770794,83.28573425408935,100.06764884254324,40.58864146970326,44.86275799282394,49.91521956090091,54.683788381640504,59.35427359229383,61.294453777082964,65.50026736960275,76.92173710786653,83.97889857785367,109.71391565860371,32.383720930232556,53.33720930232558,32.383720930232556,39.383720930232556,28.642802630165953,41.649058607436075,53.7662782972817,31.44843932906086,38.09725771061113,55.558954123118696,0.0
6.471587866936705,46.7485240626677,56.966142084704494,66.7733045884991,84.72133158971012,43.66518575073017,56.59076855810272,63.1393945283764,45.80297640550333,51.220978904407104,56.610410955814366,61.070453347107986,76.28931046531372,82.25857174047377,110.16590283254249,43.86913530246452,52.5562815730682,56.973326175491415,58.38218303282101,60.98321787109971,63.14972636792613,83.29309989582399,100.07209954874689,40.51360573267278,44.83516957472781,49.9046767205291,54.67253456083434,59.35115247182461,61.3097214946545,65.57122072259794,76.93568386630291,83.99649410151689,109.72369424271118,32.383720930232556,53.33720930232558,32.383720930232556,39.383720930232556,28.603049558953387,41.68204052811522,53.773049447815126,31.433685879112602,38.08327794068132,55.58768734299678,0.0
6.518146053029774,46.74750187894703,56.953631616714084,66.76114447296688,84.74702435695339,43.62887159340549,56.60655899599829,63.15991824780549,45.78654281100785,51.200377858639484,56.60615003031982,61.09509508314207,76.29718686608973,82.25193869212804,110.18131330983583,43.834069715282055,52.52798550718984,56.97241953335217,58.385984184542345,61.01572216261226,63.16579020752097,83.30051364747737,100.07658480946473,40.43839124454429,44.80743067418862,49.894274155781666,54.66119322764887,59.34759843901077,61.325408436670145,65.64222434605176,76.94966880396933,84.01421120867805,109.73355295182859,32.383720930232556,53.33720930232558,32.383720930232556,39.383720930232556,28.56323242543339,41.715021956926485,53.77988515252384,31.418798848681472,38.0693059039746,55.616546410134625,0.0
6.564704239122844,46.74646997494577,56.941026084146664,66.7489646973053,84.77284156918364,43.59246271993936,56.622274604227854,63.18061151304208,45.7699485406282,51.17983551981796,56.601898882194035,61.119694585396,76.30512790119687,82.24527838013874,110.19682084179098,43.79889784379874,52.499589675969936,56.971532766923275,58.38974681819745,61.04831759048542,63.18190499832671,83.30797539770656,100.08110467603375,40.36300119982553,44.77954265253081,49.88400913823314,54.64976380262413,59.34362258419647,61.341506041459,65.7132752217344,76.96369124721204,84.03204960927206,109.74349199128449,32.383720930232556,53.33720930232558,32.383720930232556,39.383720930232556,28.523352220235278,41.74800155659073,53.78678575805772,31.403777937750906,38.055342954094144,55.645530270945635,0.0
6.611262425215914,46.74542829175448,56.92832546759135,66.73676618968521,84.79878237655034,43.55596036278865,56.63791433620417,63.201474138216476,45.75319318306634,51.1593533593062,56.59765699124328,61.144251036789264,76.31313366813825,82.23859123491158,110.21242517770784,43.763620982811894,52.471095250535534,56.97066536628088,58.39347119348998,61.08100226301043,63.198070476858646,83.31548503433127,100.08565920012322,40.28743872360558,44.75150686802343,49.873878983134674,54.6382456957252,59.33923626190931,61.35800538216184,65.78437046573785,76.97775053345532,84.05000900678274,109.75351156783613,32.383720930232556,53.33720930232558,32.383720930232556,39.383720930232556,28.483409913691666,41.78097800760207,53.79375161358998,31.388622854299175,38.04139042916182,55.67463787932969,0.0
6.657820611308984,46.744376769744086,56.91552975063444,66.7245498719817,84.82484593322117,43.519365735245685,56.65347718284056,63.22250591912306,45.73627634423153,51.13893281208297,56.59342384817635,61.16876362827467,76.32120426189148,82.23187769026713,110.22812606623866,43.72824040974616,52.44250338215272,56.969816835505355,58.3971575766087,61.11377427066621,63.214286414693994,83.32304244433482,100.09024843373383,40.21170687300069,44.72332467543853,49.86388104880666,54.62663830725387,59.33445103292566,61.374897231952374,65.85550731984266,76.99184601125384,84.06808909823141,109.76361188966638,32.383720930232556,53.33720930232558,32.383720930232556,39.383720930232556,28.443406456328358,41.81395000775189,53.800783070803476,31.373333314466244,38.02744965163314,55.7038681966913,0.0
6.704378797402053,46.743315348558,56.90263891990959,66.71231665968743,84.85103139742637,43.48268003174556,56.66896217220741,63.24370663325633,45.719197647589354,51.11857527674988,56.589198954379896,61.193231558747506,76.32933977481592,82.22513818347547,110.24392325540478,43.69275738485637,52.41381520255156,56.96898669230995,58.40080623975456,61.146631685382054,63.23055261952663,83.33064751386453,100.0948724291962,40.135808638585694,44.694997425626255,49.85401273601943,54.61494102873982,59.32927860955984,61.392172125378295,65.92668314357425,77.00597704034041,84.08628957416713,109.77379316638101,32.383720930232556,53.33720930232558,32.383720930232556,39.383720930232556,28.40334277934139,41.84691627166653,53.807880483875806,31.357909042717633,38.0135219281178,55.733220191955276,0.0
6.750936983495124,46.74224396710399,56.889652965147576,66.70006746182888,84.87733793150096,43.44590442816989,56.684368369179566,63.265076039859835,45.701956734500335,51.09828211554356,56.58498182169735,61.21765403495723,76.33754029655852,82.21837315529227,110.25981649261352,43.65717315143048,52.38503182425032,56.96817446767655,58.40441746068621,61.17957255972668,63.24686893626901,83.33830012823215,100.09953123917047,40.05974694580961,44.66652646510574,49.8442714873633,54.603153243812095,59.323730804469754,61.409820415592684,65.99789540688448,77.02014299166963,84.10461011865905,109.78405560900566,32.383720930232556,53.33720930232558,32.383720930232556,39.383720930232556,28.363219795061553,41.87987553035803,53.81504420946414,31.342349772004997,37.99960854920611,55.76269284157959,0.0
6.797495169588194,46.741162563546055,56.87657187922551,66.68780318088454,84.90376470192528,43.40904008214659,56.69969487507486,63.28661387998784,45.6845532645474,51.07805465435288,56.58077197221189,61.24203027142159,76.34580591395772,82.21158304999648,110.27580552467477,43.62148893599214,52.35615434087904,56.96737970549887,58.407991522284654,61.21259492602288,63.26323524820483,83.34600017191461,100.10422491664481,39.98352465639457,44.637913135672726,49.83465478660983,54.59127432905237,59.3178194831799,61.42783232733036,66.06914168340113,77.03434324745731,84.12305040929121,109.79439942998275,32.383720930232556,53.33720930232558,32.383720930232556,39.383720930232556,28.32303839740678,41.91282653078803,53.8222746066889,31.32665524392349,37.985710789301436,55.79228512956577,0.0
6.844053355681264,46.74007107529625,56.86339565821609,66.67552471270571,84.93031087936336,43.372088133346146,56.71494082728354,63.30831987657962,45.66698691585206,51.05789418274167,56.57656893803341,61.26635949034306,76.35413671094605,82.20476831542899,110.29189009781751,43.58570594850301,52.32718382750137,56.96660196223366,58.4115287121352,61.2456967953848,63.279651478194275,83.35374752855478,100.1089535149348,39.90714456971653,44.60915877402259,49.82516015806544,54.57930365483048,59.31155652044138,61.446198005559985,66.14041964419316,77.04857720121545,84.14161011715899,109.80482484316813,32.383720930232556,53.33720930232558,32.383720930232556,39.383720930232556,28.28279946232259,41.94576803544406,53.82957203711708,31.310825208865545,37.97182990645844,55.821996047466705,0.0
6.890611541774333,46.73896943900609,56.85012430143601,66.6632329464397,84.9569756386996,43.33504970377381,56.730105398889364,63.330193734546114,45.649257385378455,51.03780195397748,56.57237226108915,61.29064092152755,76.3625327684507,82.19792940303316,110.30806995770631,43.549825382564585,52.298121340935076,56.965840806558774,58.41502932212723,61.27887615667667,63.29611758993571,83.3615420809618,100.11371708768206,39.83060942416767,44.58026471138962,49.81578516591864,54.56724058612404,59.30495376047405,61.46490755981197,66.21172705200662,77.0628442577835,84.16028890686789,109.81533206382801,32.383720930232556,53.33720930232558,32.383720930232556,39.383720930232556,28.242503848211026,41.97869882192821,53.83693686474448,31.29485942617114,37.95796714222745,55.851824594392106,0.0
6.937169727867403,46.73785759055818,56.83675781149426,66.65092876445529,84.98375815907366,43.297925898058224,56.74518779828198,63.3522351408691,45.631364389224885,51.01777918506706,56.56818149291833,61.31487380230558,76.37099416429227,82.19106676789704,110.32434484945769,43.51384841561941,52.26896792007021,56.96509581903928,58.418493648070886,61.312130975390346,63.31263358928594,83.3693837111125,100.11851568885328,39.75392189849885,44.55123227320164,49.806527413582366,54.55508448332233,59.29802298107181,61.48395110424116,66.28306175592844,77.07714383335545,84.17908643653449,109.82592130863551,32.383720930232556,53.33720930232558,32.383720930232556,39.383720930232556,28.20215239634836,42.011617682557905,53.844369455977464,31.278757664274227,37.94412372150495,55.88176977701152,0.0
6.983727913960472,46.73673546505752,56.82329619433998,66.63861304227052,85.01065762391336,43.260717803735915,56.760187268761186,63.3744437647122,45.6133076629027,50.99782705679869,56.56399619447067,61.33905737745562,76.37952097308207,82.18418086879642,110.34071451765665,43.477776209151656,52.23972458618504,56.964366591800776,58.4219219893301,61.345459192440075,63.32919952564324,83.37727230015163,100.12334937273923,39.677084613142235,44.52206277875018,49.79738454303209,54.54283470301552,59.2907758614977,61.50331879353481,66.35442168644092,77.09147535550244,84.19800235778919,109.83659279566706,32.383720930232556,53.33720930232558,32.383720930232556,39.383720930232556,28.16174593129179,42.0445234239783,53.85187017961363,31.262519700845335,37.93030085239011,55.91183060955525,0.0
7.0302861000535435,46.73560299682272,56.80973945930969,66.6262866484829,85.0376732209661,43.22342649153215,56.775103088133044,63.396819257544095,45.595086961601446,50.977946713792214,56.55981593590878,61.36319089912974,76.38811326611741,82.17727216824068,110.35717870637247,43.44160990888688,52.21039234325958,56.96365272821065,58.425314648471705,61.3788587228713,63.345815493395165,83.38520772839288,100.12821819395369,39.60010013151286,44.492757540875864,49.78835423414094,54.5304905987704,59.28322395404978,61.52300085481619,66.42580485083396,77.10583826319206,84.21703631578116,109.84734674439893,32.383720930232556,53.33720930232558,32.383720930232556,39.383720930232556,28.12128526127557,42.07741486678622,53.85943940682195,31.246145322930175,37.91649972604767,55.94200611381285,0.0
7.0768442861466125,46.73446011937706,56.796087619174365,66.61395044470177,85.06480414232819,43.18605301563778,56.78993456829826,63.419361253273266,45.57670206044052,50.95813926455714,56.55564029641417,61.387273626781536,76.39677111127496,82.17034113251917,110.37373715917532,43.405350644990854,52.180972178285906,56.96295384256625,58.428671930929774,61.4123274544814,63.362481633435486,83.39318987532,100.13312220743215,39.52297096128922,44.46331786566863,49.77943420401271,54.51805152189284,59.275378659143776,61.54298761572871,66.49720932894346,77.1202320068036,84.23618794918568,109.85818337570349,32.383720930232556,53.33720930232558,32.383720930232556,39.383720930232556,28.08077117859666,42.11029084516518,53.86707751112188,31.229634327084053,37.90272151657699,55.97229531912967,0.0
7.1234024722396825,46.733306765439515,56.78234069018581,66.60160528548306,85.09204958447305,43.14859841398219,56.804681054832834,63.44206936839426,45.55815275470646,50.93840578155904,56.551468863997215,61.41130482709607,76.40549457290224,82.16338823174992,110.39038961915183,43.36899953226755,52.15146506157576,56.96226955979093,58.43199414468538,61.445863246350335,63.37919813475357,83.4012186195874,100.13806146843089,39.44569955567201,44.43374505218274,49.770622206313625,54.50551682217816,59.26725120373012,61.56326952890895,66.56863326918928,77.13465604813901,84.25545689021266,109.86910291184546,32.383720930232556,53.33720930232558,32.383720930232556,39.383720930232556,28.040204459990388,42.143150206531544,53.87478486836179,31.21298651950207,37.888967380887436,56.00269726240119,0.0
7.1699606583327515,46.73214286691551,56.76849869212265,66.5892520182662,85.11940874827702,43.1110637085025,56.81934192656155,63.46494320214526,45.53943886007573,50.918747301295014,56.54730123531095,61.43528377392226,76.41428371170745,82.15641393992986,110.4071358289215,43.33255767035597,52.121871947064804,56.96159951513742,58.43528159996031,61.479463927277045,63.39596523609913,83.40929383902149,100.14303603252566,39.3682883146211,44.40404039216622,49.761916030603444,54.49288584864961,59.25885262284308,61.58383719307434,66.64007488488717,77.14910986043076,84.27484276461847,109.88010557647793,32.383720930232556,53.33720930232558,32.383720930232556,39.383720930232556,27.99958586699624,42.17599181119107,53.88256185669641,31.196201716144948,37.87523845858025,56.0332109880655,0.0
7.2165188444258215,46.73096835488769,56.754561648335894,66.57689148331339,85.14688083904439,43.07344990540861,56.83391659512407,63.48798233667661,45.520560212822566,50.899164824378595,56.543137015468254,61.459209748207144,76.42313858464686,82.14941873498726,110.42397553065204,43.29602614392581,52.09219377261335,56.96094335389826,58.43853460892528,61.51312729412012,63.41278322772671,83.41741541062149,100.14804595561077,39.290739586070075,44.37420516980412,49.75331350166675,54.48015795028608,59.25019374406731,61.604681370962915,66.71153245081257,77.16359292834535,84.2943451917184,109.8911915946385,32.383720930232556,53.33720930232558,32.383720930232556,39.383720930232556,27.95891614631407,42.20881453200611,53.89040885656354,31.1792797428603,37.86153587183664,56.06383554809376,0.0
7.263077030518891,46.72978315960641,56.740529585793894,66.56452451365098,85.17446506653009,43.035757995444705,56.848404504534585,63.51118633723002,45.50151667001152,50.879659315634136,56.538975817863175,61.48308203793239,76.43205924481067,82.14240309883519,110.44090846607564,43.25940602287209,52.06243146030372,56.96030073112368,58.4417534854214,61.54685111003894,63.42965245322359,83.42558321056076,100.15309129389769,39.2130556671186,44.34424066147612,49.74481247884504,54.46733247673919,59.24128517469931,61.625793004366805,66.78300429999601,77.17810474798377,84.31396378440228,109.902361192745,32.383720930232556,53.33720930232558,32.383720930232556,39.383720930232556,27.91819603015108,42.241617254072885,53.89832625065976,31.162220435499357,37.847860725312536,56.0945700019788,0.0
7.309635216611961,46.728587210480185,56.726402535126816,66.55215193501316,85.20216064496124,42.9979889541466,56.862805130734536,63.53455475232815,45.482308109674335,50.86023170420157,56.534817263995365,61.5068999380529,76.44104574130654,82.1353675174279,110.45793437650418,43.22269836250834,52.03258591673365,56.95967131134657,58.4449385446948,61.58063310263249,63.44657331142437,83.43379711418773,100.15817210391391,39.13523880520213,44.31414813552724,49.736410855370146,54.45440877904037,59.23213729137883,61.647163226501895,66.85448882073081,77.192644826878,84.33369814915133,109.9136145985914,32.383720930232556,53.33720930232558,32.383720930232556,39.383720930232556,27.877426236559693,42.27439887440872,53.906314423915305,31.14502364002897,37.834214106039795,56.12541341672193,0.0
7.35619340270503,46.727380436065914,56.712180530670636,66.53977456578765,85.2299667930572,42.96014374209538,56.87711798113933,63.558087113974594,45.46293443097115,50.840882883651496,56.53066098329868,61.53066275043727,76.45009811914112,82.12831248081804,110.475053002845,43.185904203758476,52.00265803330608,56.95905476831445,58.448090103144054,61.61447096197268,63.46354625841692,83.44205699602723,100.16328844250194,39.05729119923898,44.28392885205193,49.7281065576994,54.441386210298816,59.22276023196822,61.66878337195273,66.92598445377722,77.20721268398391,84.35354788605746,109.92495204134337,32.383720930232556,53.33720930232558,32.383720930232556,39.383720930232556,27.83660746976669,42.30715830164895,53.91437376346808,31.12768921263874,37.82059708333389,56.15636486681807,0.0
7.4027515887981,46.726162764059076,56.69786361051057,66.52739321696384,85.25788273404788,42.92222330516717,56.891342594178866,63.58178293786326,45.44339555433545,50.821613712111116,56.526506612972796,61.554369783810586,76.45921641909943,82.12123848321701,110.49226408561637,43.14902457334741,51.97264868651499,56.958450784728385,58.451208478079586,61.64836233852881,63.48057180964302,83.45036272978184,100.16844036681786,38.97921500075496,44.253584062691075,49.71989754485318,54.42826412639011,59.21316388946181,61.690644984424715,66.9974896897469,77.2218078496711,84.37351258884426,109.93637375153394,32.383720930232556,53.33720930232558,32.383720930232556,39.383720930232556,27.795740420493708,42.33989445575336,53.92250465863666,31.110217019843308,37.8070107087083,56.1874234342391,0.0
7.449309774891169,46.72493412128369,56.68345181652396,66.51500869208276,85.285907695691,42.88422857477908,56.905478538832575,63.605641723597635,45.4236914216025,50.8024250124014,56.52235379781877,61.57802035369872,76.46840067762217,82.11414602305645,110.50956736496275,43.11206048399006,51.942558738226964,56.957859051988706,58.45429398749494,61.68230484097991,63.497650542098185,83.4587141883329,100.17362793433016,38.901012314985174,44.22311501044139,49.71178180775521,54.41504188663616,59.20335790771578,61.71273982252632,67.06900306665418,77.23642986570908,84.39359184489004,109.94787996105877,32.383720930232556,53.33720930232558,32.383720930232556,39.383720930232556,27.754825766269505,42.372606267721864,53.93070750089236,31.09260693857957,37.79345601579546,56.21858820841566,0.0
7.495867960984241,46.72369443368211,56.66894519442249,66.50262178718943,85.31404091028736,42.846160468131316,56.91952541415899,63.62966295491901,45.40382199612145,50.783317572185396,56.51820219007777,61.60161378237513,76.4776509266807,82.10703560305225,110.52696258067006,43.07501293457895,51.912389035959094,56.95727926994759,58.457346949849445,61.716296033911924,63.514783096634034,83.46711124374232,100.17885120281845,38.822685201953405,44.19252292947732,49.7037573685758,54.401718854477274,59.193351678799104,61.735059863793644,67.14052316762104,77.25107828525014,84.41378523525267,109.9594709031717,32.383720930232556,53.33720930232558,32.383720930232556,39.383720930232556,27.713864171734063,42.405292679319274,53.938982683830396,31.074858856298853,37.77993402027442,56.249858286217425,0.0
7.542426147077311,46.72244362630481,56.65434379379408,66.49023329078712,85.3422816146954,42.8080198884456,56.93348284882011,63.653846099943586,45.38378726285065,50.764292144128426,56.514051449273374,61.62514939880899,76.4869671936498,82.09990773027066,110.54444947218087,43.03788291037022,51.882140413152314,56.956711146668,58.46036768386167,61.75033343539575,63.53197018036779,83.47555376725366,100.18411023037243,38.74423567752904,44.16180904498461,49.6958222800786,54.38829439813594,59.18315434177735,61.75759730715617,67.21204861872496,77.26575267280914,84.4340923346965,109.97114681247982,32.383720930232556,53.33720930232558,32.383720930232556,39.383720930232556,27.672856288934803,42.437952642808824,53.947330603140095,31.056972671053813,37.76644571980507,56.28123277193181,0.0
7.58898433317038,46.721181623299785,56.63964766814385,66.47784398379393,85.37062905034381,42.769807725199755,56.947350500601424,63.678190611408134,45.36358722843571,50.74534944607005,56.50990124205724,61.64862653861568,76.49634950117816,82.09276291619663,110.5620277786093,43.00067138316809,51.851813689440704,56.95615439818929,58.46335650831361,61.78441451444376,63.5492125692026,83.48404162929354,100.18940507539021,38.66566571446167,44.13097457300558,49.687974624971,54.37476789127325,59.17277478275261,61.78034457403086,67.28357808697777,77.28045260423995,84.45451271172097,109.98290792493837,32.383720930232556,53.33720930232558,32.383720930232556,39.383720930232556,27.631802757615215,42.47058512069444,53.955751656574066,31.038948291580194,37.75299209396923,56.31271077724127,0.0
7.63554251926345,46.71990834790204,56.62485687493485,66.46545463950119,85.39908246324329,42.731524854358625,56.96112805592703,63.70269592692363,45.34322192127113,50.72649016120806,56.50575124205784,61.672044544008735,76.50579786705646,82.0856016768043,110.57969723875627,42.96337931150766,51.821409670916616,56.95560874829917,58.46631374186465,61.81853668834073,63.566511110462066,83.49257469947361,100.19473579657735,38.586977243393555,44.100020720295646,49.68021251525851,54.36113871363774,59.16222163599649,61.80329430821673,67.35511027842713,77.295177666709,84.4750459285911,109.99475447784613,32.383720930232556,53.33720930232558,32.383720930232556,39.383720930232556,27.590704205495964,42.503189085471426,53.96424624391634,31.02078563737315,37.73957410421833,56.344291421199216,0.0
7.68210070535652,46.71862372242283,56.609971475627916,66.453066023534,85.42764110399662,42.69317213860129,56.97481522937116,63.72736146923684,45.32269139154426,50.7077149382948,56.50160112973292,61.69540276375391,76.51531230408321,82.07842453262981,110.59745759112386,42.926007640836026,51.79092915039128,56.95507392831171,58.469239702875726,61.85269731984656,63.58386672564339,83.50115284659167,100.20010245294546,38.50817215385014,44.0689486841905,49.672534091603254,54.34740625170729,59.151503286025864,61.82643937474905,67.42664393637091,77.3099274586654,84.49569154136995,110.0066867098398,32.383720930232556,53.33720930232558,32.383720930232556,39.383720930232556,27.549561248548788,42.53576351938533,53.97281476694961,31.002484638758222,37.72619269382788,56.37597383020459,0.0
7.728658891449591,46.717327668238575,56.594991535720965,66.44067889381397,85.45630422780788,42.654750427544606,56.98841176316554,63.752186646499155,45.30199571126242,50.68902439184572,56.4974505922247,61.71870055312472,76.52489281992793,82.07123200884689,110.61530857393034,42.888557303691805,51.76037290765143,56.95454967685169,58.472134709242475,61.88689371426801,63.60128041329212,83.50977593863357,100.20550510381068,38.42925229520876,44.03775965248426,49.6649375226867,54.3335698993238,59.14062787048311,61.849772857858994,67.49817783967622,77.32470158980868,84.51644909995254,110.01870486088906,32.383720930232556,53.33720930232558,32.383720930232556,39.383720930232556,27.508374491263314,42.56830741419905,53.98145762942138,30.984045236956813,37.7128487878587,56.407757137975196,0.0
7.77521707754266,46.71602010577995,56.579917124787784,66.4282940005237,85.48507109448994,42.61626055796317,57.00191742670364,63.77717085254249,45.28113497426274,50.670419102360576,56.493299323218594,61.741937273859854,76.53453941699192,82.06402463534418,110.63324992512489,42.85102921988281,51.72974170971133,56.95403573964486,58.47499907823763,61.92112311639641,63.61875325200144,83.5184438427748,100.21094380879259,38.350219477646,44.006454803317475,49.65742100457721,54.31962905832145,59.129603283696284,61.873288058170736,67.56971080119672,77.33949968105324,84.53731814810193,110.03080917229099,32.383720930232556,53.33720930232558,32.383720930232556,39.383720930232556,27.467144526907077,42.6008197709676,53.990175237009055,30.965467384146176,37.69954329312478,56.43964048551974,0.0
7.82177526363573,46.71470095452051,56.56474831651603,66.41591208607343,85.51394096847142,42.57770335400564,57.01533201604177,63.80231346716189,45.260109296204675,50.65189961655698,56.48914702280474,61.765112294122346,76.5442520922666,82.05680294680575,110.65128138240163,42.81342429666204,51.69903631106055,56.953531869313835,58.4778331263618,61.955382707309106,63.636286403539586,83.52715642538222,100.2164186278127,38.271075473063625,43.975035305075274,49.64998276010191,54.30558313914836,59.11843718080585,61.89697848925584,67.64124166627988,77.35432136449006,84.55829822348687,110.04299988666442,32.383720930232556,53.33720930232558,32.383720930232556,39.383720930232556,27.425871937778798,42.6332995998209,53.998967997284026,30.94675104351384,37.68627709816811,56.47162302110874,0.0
7.8683334497288,46.713370132965345,56.54948518874469,66.40353388506962,85.54291311880175,42.53907962740754,57.02865535339743,63.82761385640434,45.238918814545535,50.633466447616755,56.48499339734287,61.78822498846026,76.55403083718895,82.04956748279396,110.66940268321451,42.77574342890188,51.66825745390755,56.95303782518008,58.480637169203,61.98966960103317,63.653881116107094,83.53591355201597,100.22192962109308,38.19182201599368,43.943502316294826,49.64262103822339,54.29143156148102,59.107136982356366,61.92083787365243,67.71276931135908,77.36916628334583,84.5793888577208,110.05527724794459,32.383720930232556,53.33720930232558,32.383720930232556,39.383720930232556,27.384557295455238,42.66574591975382,54.00783631967467,30.927896189306338,37.67305107323999,56.503703900244375,0.0
7.91489163582187,46.71202755863939,56.53412782350079,66.39116012428549,85.57198681915575,42.500390177700524,57.04188728664531,63.85307137286345,45.217563688498856,50.61512007544465,56.480838159329906,61.81127473776905,76.56387563749469,82.04231878783447,110.68761356479118,42.73798749926649,51.637405868418824,56.952553373071055,58.4834115213036,62.023980841069395,63.67153872772613,83.54471508743137,100.22747684915494,38.11246080448285,43.91185698558234,49.63533411342145,54.27717375483349,59.09570987926273,61.94486013844597,67.78429264262394,77.38403409193921,84.6005895764032,110.06764150137694,32.383720930232556,53.33720930232558,32.383720930232556,39.383720930232556,27.34320116103173,42.698157758423726,54.016780615428274,30.90890280687241,37.659866070289226,56.535882285629064,0.0
7.961449821914939,46.710673148075735,56.518676307035555,66.3787915226335,85.60116134783661,42.46163579241824,57.055027688811386,63.87868535597966,45.19604409897557,50.59686094693996,56.47668102727076,61.8342609292556,76.57378647306834,82.0350574115051,110.7059137641475,42.700157378382414,51.60648227295371,56.9520782851334,58.48615649603544,62.05831339677616,63.68926066976284,83.5535608955805,100.23306037281738,38.03299350095646,43.88010045153865,49.62812028507913,54.26280915915927,59.08416283807012,61.96903941049628,67.85581059476402,77.39892445563473,84.62189989916203,110.0800928935114,32.383720930232556,53.33720930232558,32.383720930232556,39.383720930232556,27.301804085356554,42.73053415195536,54.02580129757181,30.88977089270043,37.64672292295702,56.56815734713326,0.0
8.008008008008009,46.709306816803725,56.503130729859805,66.36642879113968,85.63043598777817,42.42281724729863,57.06807645756514,63.90445513234552,45.17436024850866,50.57868947628038,56.47252172555182,61.857182956403605,76.58376331779078,82.02778390852623,110.72430301810131,42.6622539250073,51.575487374295115,56.95161233965067,58.48887240548192,62.09266415961308,63.707048470583494,83.56245083961457,100.23868025319567,37.95342173306241,43.84823384269359,49.62097787687458,54.24833722544734,59.07250260643667,61.993370011388166,67.92732212978092,77.41383705079404,84.64331933969798,110.09263167219643,32.383720930232556,53.33720930232558,32.383720930232556,39.383720930232556,27.260366609259393,42.762874144752566,54.034898780871764,30.870500454450156,37.63362244657851,56.60052826176204,0.0
8.054566194101078,46.70792847933676,56.487491186778705,66.35407263292012,85.65981002654581,42.383935306482954,57.081033514710604,63.930380016015725,45.15251236116074,50.5606060452186,56.46835998431743,61.88004021894076,76.59380613938387,82.02049883885492,110.7427810632865,42.62427798619686,51.54442186787573,56.95115532086697,58.491559560327325,62.127029939245475,63.724903759343704,83.57138478188593,100.24433655169987,37.87374709449536,43.81625827744875,49.61390523617699,54.23375741631186,59.060735718776286,62.017846452171405,67.99882623586396,77.42877156472484,84.66484740583032,110.1052580865723,32.383720930232556,53.33720930232558,32.383720930232556,39.383720930232556,27.21888926377393,42.795176789317146,54.04407348179265,30.851091510978755,37.62056543819103,56.63299421362092,0.0
8.101124380194149,46.70653804916007,56.471757776925884,66.34172374315882,85.68928275633658,42.344990722711366,57.09389880567646,63.95645930882148,45.130500682415175,50.54261100339107,56.464195539349056,61.90283212280711,76.60391489925217,82.01320276778138,110.7613476361668,42.58623039746985,51.51328643800031,56.95070701881528,58.494218269752814,62.161407459511345,63.742828269908934,83.5803625839497,100.25002933003368,37.79397114580151,43.78417486402766,49.60690073344799,54.21906920657566,59.04886850200723,62.042463427949386,68.07032192632539,77.44372769562743,84.68648359954436,110.11797238706552,32.383720930232556,53.33720930232558,32.383720930232556,39.383720930232556,27.17737257035488,42.8274411460743,54.053325818454546,30.83154409236108,37.607552676548934,56.66555439388068,0.0
8.147682566287218,46.705135438718266,56.45593060379672,66.32938280908802,85.71885347397836,42.30598423751528,57.106672299005325,63.9826923006887,45.10832547905094,50.52470466863915,56.46002813194727,61.925558080125086,76.61408955232177,82.00589626602917,110.78000247304946,42.54811198297128,51.48208175806341,56.95026722915095,58.496848841338874,62.1957933542545,63.76082384490389,83.58938410656661,100.25575865019245,37.71409541516435,43.751984700434335,49.59996276164786,54.20427208384734,59.03690708135891,62.06721581236734,68.14180823859164,77.45870515253891,84.70822741703982,110.13077482538156,32.383720930232556,53.33720930232558,32.383720930232556,39.383720930232556,27.13581704108945,42.8596662832049,54.06265621058938,30.811858239904215,37.59458492214507,56.69820800074142,0.0
8.194240752380288,46.70372055940257,56.44000977528114,66.31705050996997,85.74852148092774,42.26691658140637,57.11935398584297,64.00907826995996,45.08598703900127,50.50688732734221,56.45585750881632,61.94821750917084,76.62433004687584,81.99857990985738,110.79874531009888,42.50992355563374,51.45080849076332,56.94983575298963,58.49945158097402,62.23018416302865,63.77889243988594,83.59844920970467,100.26152457446192,37.634121399171605,43.719688874418665,49.59308973564661,54.18936554909225,59.02485738619624,62.09209865204453,68.21328423324613,77.47370365527543,84.73007834878196,110.14366565449868,32.383720930232556,53.33720930232558,32.383720930232556,39.383720930232556,27.094223178903526,42.89185127648398,54.07206507949623,30.792034006156246,37.581662917238845,56.730954239395615,0.0
8.240798938473358,46.70229332153811,56.42399540369544,66.30472751708064,85.77828608326722,42.227788474062365,57.131943879427496,64.03561648371942,45.06348567119654,50.489159234762845,56.45168342195145,61.97080983434699,76.63463632438753,81.99125428116737,110.81757588335005,42.471665917336786,51.41946728831174,56.949412396750574,58.50202679276933,62.26457632667846,63.797036127636524,83.6075577525417,100.26732716541676,37.554050563563905,43.68728846344896,49.58628009163994,54.17434911719705,59.01272515582681,62.11710716098845,68.28474899312128,77.48872293437208,84.7520358795525,110.15664512866111,32.383720930232556,53.33720930232558,32.383720930232556,39.383720930232556,27.052591477762654,42.92399520912584,54.08155284799521,30.77207145490932,37.56878738589067,56.76379232199071,0.0
8.287357124566428,46.700853634370866,56.40788760581372,66.29241449369516,85.80814659170164,42.18860062450974,57.144442014578765,64.0623061981208,45.04082170539147,50.47152061540342,56.44750562852869,61.99333448615667,76.64500831934927,81.98391996761141,110.83649392872186,42.433339859064496,51.388058792639235,56.94899697200366,58.50457477897869,62.29896618280674,63.81525710256251,83.61670959346758,100.27316648591896,37.473884343965295,43.65478453469138,49.57953228657013,54.15922231752798,59.000515945261,62.1422367150241,68.35620162243609,77.50376273102081,84.77409948850325,110.16971350337198,32.383720930232556,53.33720930232558,32.383720930232556,39.383720930232556,27.010922422867957,42.95609717163523,54.091119940380544,30.751970661196964,37.555959034003045,56.79672146759069,0.0
8.333915310659497,46.69940140605439,56.391686502898324,66.2801120950753,85.83810232155336,42.14935373130312,57.156848447188786,64.0891466587174,45.01799549197725,50.453971663374375,56.443323890797295,62.01579090117891,76.65544595909905,81.97657756270543,110.85549918203046,42.39494616106108,51.356583635596955,56.948589295321575,58.50709583992455,62.333349961138225,63.83355768519668,83.62590459008665,100.27904259911607,37.39362414659625,43.62217814499567,49.57284479755153,54.14398469448243,58.988235130900485,62.1674828462655,68.4276412459765,77.51882279700672,84.79626864921057,110.1828710353863,32.383720930232556,53.33720930232558,32.383720930232556,39.383720930232556,26.969216490847156,42.98815626166461,54.10076678237197,30.7317317112857,37.543178549367866,56.829740902137125,0.0
8.380473496752566,46.697936543636516,56.37539222072979,66.26782096845834,85.86815259275674,42.110048482701735,57.16916325371298,64.11613710079459,44.99500740177857,50.4365125427735,56.4391379759745,62.03817852204532,76.66594916364346,81.96922766594514,110.87459137900223,42.35648559298468,51.32504243915418,56.948189188136084,58.509590273928644,62.36772377879353,63.85194032678461,83.63514259922015,100.28495556843991,37.31327134896916,43.58947034088731,49.56621612130079,54.12863580803454,58.975887916133985,62.192841237653376,68.49906700831609,77.53390289464201,84.81854282973103,110.19611798270385,32.383720930232556,53.33720930232558,32.383720930232556,39.383720930232556,26.92747414994079,43.02017158387744,54.11049380106549,30.711354702660977,37.5304466017202,56.86284985840952,0.0
8.427031682845636,46.69645895304557,56.35900488963585,66.255541753048,85.89829672985196,42.070685556842705,57.18138653066287,64.14327674970372,44.97185782583636,50.419143388076215,56.43494765614292,62.0604967974179,76.67651784547718,81.96187088292534,110.8937702552869,42.31795891405922,51.293435815592034,56.94779647659829,58.51205837724784,62.4020836354896,63.87040761394125,83.64442347690881,100.29090545760472,37.23282730056699,43.556662158565324,49.559644773571534,54.11317523427353,58.96347933682387,62.218307717578085,68.57047807307417,77.54900279669849,84.84092149265851,110.20945460456154,32.383720930232556,53.33720930232558,32.383720930232556,39.383720930232556,26.88569586018386,43.05214224981733,54.12030142488254,30.69083974400742,37.5177638427983,56.89604757598498,0.0
8.473589868938708,46.694968539076775,56.3425246445199,66.24327508000691,85.92853406197777,42.03126562191137,57.19351839410048,64.17056482119744,44.94854717517607,50.401864304536275,56.430752708150045,62.082745181968136,76.68715190939895,81.95450782546304,110.91303554647021,42.27936687322433,51.261764367693154,56.94741099144347,58.51450044401464,62.43642540868686,63.888962273358274,83.65374707841526,100.29689233060584,37.152293323505354,43.523754623905845,49.55312928859387,54.09760256593591,58.95101426666967,62.24387825460405,68.64187362220994,77.5641222863383,84.86340409518284,110.22288116142632,32.383720930232556,53.33720930232558,32.383720930232556,39.383720930232556,26.843882073582844,43.084067377782794,54.130190083518094,30.670186955183514,37.50513090640974,56.929333301197445,0.0
8.520148055031777,46.69346520537812,56.325951624888674,66.23102157245098,85.9588639228636,41.99178933630869,57.2055589791346,64.198000521766,44.92507588056249,50.38467536859687,56.426552913510434,62.104923136357314,76.69785125232444,81.94713911172416,110.93238698808709,42.24071020928355,51.23002868892785,56.947032567859374,58.51691676618231,62.47074484870621,63.90760717653814,83.66311325822682,100.30291625171762,37.07167071317817,43.49074875247145,49.546668218517844,54.08191741293054,58.938497422437415,62.26954895230852,68.71325285534931,77.579261157043,84.88599008914895,110.23639791498692,32.383720930232556,53.33720930232558,32.383720930232556,39.383720930232556,26.802033234288437,43.11594609270775,54.14016020788754,30.649396467190716,37.4925484085038,56.96270628709618,0.0
8.566706241124846,46.6919488544361,56.3092859748792,66.21878184544518,85.98928565082088,41.952257348815614,57.217508439419504,64.22558304897417,44.90144439224108,50.367576628311454,56.4223480583098,62.12703012721774,76.70861576309491,81.93976536635404,110.95182431563374,42.201989651050376,51.19822936363628,56.94666104535887,58.51930763347413,62.50503757384413,63.92634534452776,83.6725218700582,100.30897728549205,36.99096073888757,43.45764554952475,49.54026013286133,54.06611940285686,58.92593336904709,62.29531604424547,68.78461498914336,77.59441921254107,84.90867892111788,110.25000512814667,32.383720930232556,53.33720930232558,32.383720930232556,39.383720930232556,26.7601497787639,43.147777526047435,54.1502122300724,30.62846842213697,37.4800169472498,56.99616579340392,0.0
8.613264427217915,46.690419387561455,56.292527843285,66.20655650600125,86.0197985887337,41.91267029875468,57.22936694665614,64.25331159179848,44.87765317966647,50.35056810377419,56.418137933111595,62.14906562713537,76.71944532228264,81.93238722061187,110.97134726458064,42.163205917492775,51.16636696720692,56.946296267656116,58.521673333337006,62.53929906551869,63.94517995261912,83.6819727668541,100.3150754967571,36.91016464445818,43.424446010048015,49.53390361796217,54.05020818151635,58.91332652451146,62.3211758890418,68.85595925665639,77.6095962667343,84.93147003242849,110.263703065015,32.383720930232556,53.33720930232558,32.383720930232556,39.383720930232556,26.718232135949336,43.17956081566977,54.16034658326462,30.607402973194848,37.46753710312141,57.029711086474435,0.0
8.659822613310986,46.688876704874346,56.27567738358158,66.19434615307695,86.05040208404853,41.87302881614872,57.24113469009623,64.28118533096433,44.85370273121852,50.33364978755935,56.41392233286574,62.17102911463321,76.7303398019923,81.925005312509,110.99095557038466,42.124359717875485,51.134442066251445,56.94593808254637,58.524014150898694,62.57352466348375,63.96411433497901,83.6914658007921,100.32121095061497,36.82928364883611,43.39115111876647,49.52759727643387,54.03418341341642,58.90068116472275,62.34712496563299,68.92728490678138,77.62479214362223,84.95436285926046,110.27749199089938,32.383720930232556,53.33720930232558,32.383720930232556,39.383720930232556,26.676280727421883,43.21129510575191,54.17056370170993,30.586200284554227,37.4551094389868,57.06334143924966,0.0
8.706380799404055,46.6873207052897,56.25873475395118,66.18215137757697,86.08109548876355,41.833333521876796,57.25281187604958,64.30920343928295,44.829593553906484,50.31682164516968,56.4097010568193,62.1929200741559,76.74129906565872,81.91762028695125,111.01064896850139,42.08545175190076,51.10245521877607,56.94558634178944,58.526330368929045,62.6077095611558,63.98315198916484,83.70100082328565,100.32738371244022,36.74831894667327,43.35776185017674,49.52133972662576,54.01804478226756,58.88800142808383,62.37315986864165,68.9985912036819,77.64000667722587,84.97735683269808,110.2913721722974,32.383720930232556,53.33720930232558,32.383720930232556,39.383720930232556,26.63429596755195,43.24297954668208,54.1808640206497,30.564860531369668,37.44273450020463,57.0970561312164,0.0
8.752938985497126,46.68575128650197,56.24170011730687,66.16997276235543,86.1118781594171,41.793585027827355,57.26439872739459,64.33736508198733,44.80532617306164,50.30008361549268,56.40547390842961,62.21473799605533,76.75232296784034,81.91023279588579,111.03042719439738,42.046482709847005,51.07040697434923,56.94524090099673,58.52862226780474,62.641848801102896,64.00229658047633,83.71057768498686,100.33359384787809,36.66727170889693,43.324279168578975,49.51512960208617,54.0017919914727,58.875291319983255,62.39927730390212,69.06987742625854,77.65523971151009,85.00045137879552,110.30534387688773,32.383720930232556,53.33720930232558,32.383720930232556,39.383720930232556,26.59227826365567,43.27461329496642,54.19124797626164,30.54338389970246,37.43041281472554,57.130854448362705,0.0
8.799497171590195,46.68416834496995,56.224573641315814,66.15781088221993,86.14274945707567,41.753783937048766,57.27589548309297,64.36566941706756,44.780901132019146,50.28343561126503,56.401240695279085,62.23648237657702,76.76341135400888,81.90284349845155,111.05028998356205,42.00745327270575,51.03829787426588,56.94490161952126,58.53089012547726,62.675937270752705,64.02155194608636,83.72019623578963,100.33984142284298,36.58614308326528,43.290704028113474,49.50896555102961,53.98542476460947,58.862554717114165,62.425474084132645,69.1411428676384,77.67049110030447,85.0236459186426,110.31940737352195,32.383720930232556,53.33720930232558,32.383720930232556,39.383720930232556,26.550228016143574,43.306195513140814,54.20171600559933,30.521770586457556,37.41814489319939,57.16473568313375,0.0
8.846055357683264,46.68257177590131,56.20735549842179,66.14566630393729,86.173708747321,41.71393084389706,57.28730239770758,64.39411559560466,44.75631899178921,50.266877519544224,56.39700122899225,62.25815271784766,76.77456406033501,81.89545306113476,111.07023707151973,41.968364112316706,51.006128451708335,56.94456836035146,58.533134217444434,62.70996969838443,64.04092209888769,83.72985632483255,100.34612650351627,36.50493419490891,43.25703737280058,49.502846235807056,53.96894284590473,58.84979537163751,62.45174712475562,69.21238683468682,77.68576070722399,85.0469398684316,110.33356293221527,32.383720930232556,53.33720930232558,32.383720930232556,39.383720930232556,26.508145618665697,43.33772536968761,54.21226854653043,30.50002079931536,37.40593122908781,57.198699134387525,0.0
8.892613543776335,46.68096147323666,56.190045865867155,66.1335395862408,86.20475540023682,41.674026334181214,57.29861974092535,64.42270276210273,44.73158033071861,50.2504092021872,56.39275532515471,62.27974852786337,76.78578091346924,81.88806215792835,111.09026819384123,41.929215891501,50.97389923190384,56.944240990007614,58.53535481672456,62.7439406494753,64.06041123098247,83.73955780050233,100.35244915634479,36.423646146859035,43.22328013658457,49.49677033237951,53.952346000701226,58.837016915192194,62.47809343986507,69.28360864753945,77.70104840558767,85.07033263952515,110.34781082413822,32.383720930232556,53.33720930232558,32.383720930232556,39.383720930232556,26.466031458253067,43.36920203895711,54.22290603767354,30.478134756658484,37.393772298782125,57.232744107350086,0.0
8.939171729869406,46.67933732963379,56.172644925713875,66.12143127983883,86.2358887903949,41.634070985305684,57.3098477970839,64.45143005481972,44.70668574414276,50.2340304963354,56.38850280323395,62.30126932047891,76.79706173031913,81.88067147049685,111.11038308615578,41.890009264192614,50.9416107322787,56.943919378441784,58.53755219383405,62.777844523483914,64.0800237167353,83.74930051043658,100.35880944803885,36.34228002056217,43.18943324338057,49.4907365297946,53.93563401591685,58.82422286275399,62.504510138340606,69.35480763915407,77.71635407833764,85.09382363852478,110.36215132160679,32.383720930232556,53.33720930232558,32.383720930232556,39.383720930232556,26.423885915455863,43.40062470109378,54.233628918334084,30.456112687493587,37.38166856172646,57.26686991357065,0.0
8.985729915962475,46.677699236451424,56.15515286486398,66.10934192742533,86.26710829684065,41.59406536641056,57.320986864703244,64.4802966060955,44.6816358440288,50.217741214905644,56.38424348650204,62.322714615397665,76.80840631782166,81.8732816883445,111.13058148416246,41.85074487556808,50.90926346260933,56.94360339894065,58.539726616767304,62.81167555115799,64.09976411530042,83.7590843015275,100.36520744557059,36.260836876382186,43.15549760712511,49.48474352966581,53.91880670049587,58.811416616346925,62.53099442010525,69.4259831548806,77.73167761795631,85.11741226734036,110.37658469807369,32.383720930232556,53.33720930232558,32.383720930232556,39.383720930232556,26.381709364478148,43.431992541966984,54.24443762843858,30.43395483136839,37.369620460546,57.30107587087632,0.0
9.032288102055544,46.67604708373269,56.13756987507926,66.09727206369143,86.298413303078,41.55401003850913,57.332037256022225,64.50930154267793,44.65643125861075,50.20154114708684,56.37997720196027,62.344083938162456,76.81981447271117,81.86589350898983,111.15086312364143,41.81142336217425,50.876857925169965,56.94329292803093,58.5418783509796,62.845427792465266,64.11963717252516,83.76890901992492,100.37164321617175,36.179317754089624,43.12147413182909,49.478790045654605,53.90186388585199,58.79860146861018,62.557543572525724,69.49713455204878,77.7470189263834,85.14109792326012,110.39111122811859,32.383720930232556,53.33720930232558,32.383720930232556,39.383720930232556,26.3395021733094,43.46330475310632,54.255332608468,30.411661438283957,37.35762842118013,57.33536130332661,0.0
9.078846288148615,46.67438076018856,56.11989615300025,66.08522221533869,86.32980319705389,41.51390555462305,57.34299929653987,64.53844398604636,44.631072632016505,50.18543005884125,56.37570378026546,62.36537682014714,76.83128598128282,81.85850763814403,111.17122774046555,41.772045352054455,50.84439461487753,56.94298784538801,58.54400765937238,62.8790951352546,64.139647822123,83.7787745110397,100.37811682733212,36.09772367333875,43.08736371163414,49.472874802954784,53.88480542630371,58.78578060622488,62.584154966951104,69.56826119957186,77.7623779149325,85.1648799990219,110.40573118743849,32.383720930232556,53.33720930232558,32.383720930232556,39.383720930232556,26.297264703852832,43.49456053164131,54.26631429938958,30.389232768602355,37.34569285302052,57.369725541167824,0.0
9.125404474241684,46.6727001531808,56.1021319001644,66.07319290109393,86.36127737114224,41.473752459915055,57.35387332456233,64.56772305273192,44.60556062388814,50.16940769341055,56.37142305565807,62.38659279854886,76.84282061915097,81.85112478989488,111.19167507061137,41.732611464872775,50.811874019433034,56.94268803374715,58.546114802280854,62.91267129476285,64.15980118600021,83.78868061954742,100.38462834679754,36.016055634132684,43.05316723087128,49.466996537779096,53.867631199501275,58.77295711320479,62.610826055387456,69.6393624775665,77.77775450420687,85.18875788288427,110.42044485283797,32.383720930232556,53.33720930232558,32.383720930232556,39.383720930232556,26.25499731205069,43.525759080245464,54.27738314258757,30.36666909294978,37.333814149053765,57.404167920787145,0.0
9.171962660334755,46.67100514870498,56.084277323023805,66.0611846317252,86.39283522212743,41.43355129181932,57.3646596907549,64.59713785463506,44.57989590899516,50.15347377182571,56.36713486589199,62.40773141638105,76.85441815100317,81.84374568689557,111.21220485017012,41.693122312036664,50.779296619460396,56.94239337881733,58.54820003746393,62.94614981409285,64.18010257361134,83.79862718939144,100.39117784256787,35.93431461727674,43.01888556412223,49.46115399684795,53.850341106845725,58.76013397405538,62.63755436730468,69.7104377769864,77.79314862401473,85.21273095869913,110.43525250221909,32.383720930232556,53.33720930232558,32.383720930232556,39.383720930232556,26.212700348006496,43.55689960708455,54.288539579792676,30.3439706921153,37.321992686008734,57.43868778466666,0.0
9.218520846427824,46.669295631372854,56.06633263296196,66.04919791005933,86.42447615118724,41.39330258016956,57.37535875769999,64.62668749933975,44.55407917684206,50.137627993420395,56.36283905216603,62.42879222246709,76.86607833034896,81.83637106055939,111.23281681535889,41.653578496817765,50.746662888642064,56.94210376919754,58.550263620096345,62.979524065794536,64.20055748021139,83.80861406378713,100.39776538289509,35.85250158482048,42.98451957628282,49.45534593688003,53.83293507389957,58.7473140768058,62.66433750657202,69.78148649927083,77.80856021328479,85.23679860598445,110.4501544145713,32.383720930232556,53.33720930232558,32.383720930232556,39.383720930232556,26.17037415610439,43.587981325769086,54.299784053010235,30.32113785694531,37.31022882450827,57.47328448133712,0.0
9.265079032520894,46.66757148439483,56.04829804630993,66.03723323100105,86.45619956387557,41.35300684732471,57.38597089946069,64.6563710904239,44.52811113127019,50.12187003634741,56.35853545905713,62.44977477143461,76.87780089926345,81.82900165125884,111.25351070253114,41.61398061447109,50.713973293851836,56.941819096295916,58.55230580276267,63.012787254689805,64.22117158386438,83.81864108522484,100.40439103628138,35.77061748048858,42.95007012262892,49.449571124084216,53.81541305078919,58.73450021591869,62.691173148517755,69.85250805600548,77.8239892199807,85.26096019999757,110.46515086996105,32.383720930232556,53.33720930232558,32.383720930232556,39.383720930232556,26.128019075125664,43.61900345531088,54.31111700444719,30.29817088823382,37.298522909225184,57.5079573653317,0.0
9.311637218613964,46.66583258956204,56.03017378436193,66.02529108155305,86.48800487010439,41.312664608292444,57.39649650115034,64.68618772776654,44.50199249005474,50.106199558097465,56.354223934455,62.47067862371043,76.8895855881262,81.82163820853143,111.27428624818762,41.574329252352456,50.681228295284846,56.94153925425088,58.55432683545343,63.045932422085954,64.24195074106316,83.8287080954741,100.411054871477,35.6886632301009,42.915538048884144,49.443828333652995,53.797775012599004,58.72169509508226,62.71805903711023,69.92350186859599,77.83943560101618,85.28521511180924,110.48024214952116,32.383720930232556,53.33720930232558,32.383720930232556,39.383720930232556,26.085635438362456,43.64996522008356,54.322538876437704,30.275070096608676,37.2868752690424,57.54270579713962,0.0
9.358195404707034,46.664078827228025,56.01196007339002,66.01337194083773,86.51989148412562,41.2722763708505,57.40693595850816,64.71613650785063,44.4757239844974,50.09061619602002,56.349904329498415,62.49150334551587,76.9014321153542,81.81428149129016,111.29514318898671,41.53462499003422,50.64842834658486,56.941264139854944,58.5563269655629,63.07895245152853,64.26290098081084,83.83881493558712,100.41775695747842,35.606639741981944,42.880924191289445,49.438116349257335,53.780020959757465,58.70890132988951,62.74499298225497,69.99446736795339,77.85489932216953,85.30956270837815,110.49542853544025,32.383720930232556,53.33720930232558,32.383720930232556,39.383720930232556,26.043223573728834,43.680865849787125,54.334050111367766,30.25183580241395,37.27528621721713,57.577529143159616,0.0
9.404753590800103,46.662310076290424,55.99365714465841,66.0014762801202,86.55185882451237,41.231842635665764,57.417289677481286,64.74621652406223,44.449306359015125,50.07511956784568,56.345576498513054,62.51224850886298,76.91334018713025,81.80693226804058,111.31608126175512,41.494868399419424,50.615573894968705,56.94099365248057,58.55830643788876,63.11184007624346,64.28402849701199,83.84896144590282,100.42449736352617,35.52454790736011,42.84622937667464,49.43243396254207,53.76215091841473,58.6961214504094,62.77197285720489,70.06540399419028,77.87038035799856,85.33400235262562,110.51071031095178,32.383720930232556,53.33720930232558,32.383720930232556,39.383720930232556,26.0007838038692,43.711704579416164,54.345651151598354,30.22846833558844,37.26375605154887,57.6124267756534,0.0
9.451311776893172,46.66052621417215,55.97526523443672,65.98960456283257,86.58390631413994,41.19136389641129,57.42755807381283,64.77642686698516,44.42274037072555,50.059709272209275,56.34124029895086,62.5329136915509,76.9253094971249,81.79959131710328,111.337100203498,41.45506004485421,50.582665381348185,56.94072769400838,58.560265494633086,63.14458788842084,64.30533963902394,83.85914746605046,100.4312761591028,35.4423886007568,42.811454422531256,49.4267799726221,53.74416494081198,58.68335790365458,62.79899659607868,70.13631119632765,77.88587869175528,85.35853340351105,110.52608776032274,32.383720930232556,53.33720930232558,32.383720930232556,39.383720930232556,25.95831644626416,43.74248064923206,54.3573424393875,30.20496803554055,37.25228505455104,57.64739807269911,0.0
9.497869962986242,46.65872711680251,55.95678458401304,65.97775724459945,86.6160333801664,41.150840639881146,57.43774157263677,64.80676662469138,44.39602678902991,50.04438488917386,56.336895591330624,62.55349847716291,76.93733972621361,81.79225942684269,111.35819975140926,41.41520048323868,50.54970324044929,56.940466168757425,58.562204375405344,63.177188350484194,64.32684090022211,83.86937283495396,100.43809341393082,35.36016268036588,42.77660013708719,49.42115318557924,53.726063105642616,58.67061305595021,62.82606219148403,70.20718843201152,77.90139431530119,85.38315521610753,110.54156116884266,32.383720930232556,53.33720930232558,32.383720930232556,39.383720930232556,25.915821813333917,43.7731933047387,54.36912441681111,30.181335251019718,37.2408734936263,57.682442418144674,0.0
9.544428149079312,46.65691265859771,55.93821543970595,65.96593477326485,86.64823945401287,41.11027334610326,57.44784060807909,64.83723488302695,44.36916639519334,50.02914598075435,56.33254223918043,62.57400245506393,76.94943054218757,81.78493739590164,111.3793796428815,41.37529026413607,50.516687900929014,56.9402089834176,58.56412331722648,63.2096338084841,64.3485389044423,83.87963739083568,100.44494919797059,35.27787098842349,42.74166731938242,49.41555241395904,53.707845518405556,58.65788919520859,62.85316769224124,70.27803516723905,77.91692722902253,85.40786714167807,110.55713082281203,32.383720930232556,53.33720930232558,32.383720930232556,39.383720930232556,25.873300212539217,43.80384179666192,54.380997525682595,30.157570339984385,37.22952162124518,57.71755920156112,0.0
9.590986335172381,46.65508271244159,55.919558052876106,65.95413758892036,86.6805239713433,41.06966248845026,57.45785562286588,64.86783072589316,44.34215998192389,50.01399209144099,56.32818010898101,62.594425220398335,76.96158159945904,81.77762603344341,111.40063961551613,41.33532992988039,50.48361978548945,56.939956046983944,58.566022554534385,63.24191650773915,64.37044039017574,83.8899409712207,100.4518435814181,35.195514351568605,42.70665675934624,49.40997647626778,53.68951231175006,58.64518853311382,62.880311201203654,70.34885087609337,77.93247744174644,85.43266852775157,110.5727970095306,32.383720930232556,53.33720930232558,32.383720930232556,39.383720930232556,25.83075194647997,43.83442538093247,54.39296220747129,30.133673669466706,37.21822967512794,57.75274781819605,0.0
9.637544521265452,46.653237149665564,55.90081267993726,65.94236612393418,86.71288637204437,41.02900853374825,57.467787067938005,64.89855323552304,44.3150083529501,49.99892274872161,56.3238090701108,62.61476637408827,76.97379253876038,81.77032615939846,111.4219794071331,41.29532001568246,50.450499310989706,56.939707270693056,58.56790231919094,63.274028610830214,64.39255219241183,83.9002834129407,100.458776634703,35.11309358119467,42.671569237875275,49.404424196468895,53.671063645812815,58.632513207220796,62.90749087317059,70.41963504048657,77.94804497065692,85.45755871819985,110.58856001728563,32.383720930232556,53.33720930232558,32.383720930232556,39.383720930232556,25.788177312991554,43.86494331867238,54.40501890321978,30.109645615434243,37.206997878429554,57.7880076689269,0.0
9.684102707358521,46.65137584002865,55.88197958236642,65.93062080298189,86.74532610020441,40.9883119423837,57.47763540207268,64.92940149275292,44.2877123225978,49.983937463602906,56.319428994792204,62.63502552283224,76.98606298683731,81.76303860471965,111.44339875578066,41.25526104973435,50.417326888555145,56.939462567961165,58.56976284048992,63.305962218030075,64.41488122204649,83.91066455213853,100.46574842848622,35.03060947379226,42.636405526913165,49.398894403479325,53.652499708547474,58.61986528297304,62.93470491288982,70.49038714991089,77.96362984121211,85.4825370533143,110.60442013533967,32.383720930232556,53.33720930232558,32.383720930232556,39.383720930232556,25.74557660523889,43.89539487618482,54.41716805346001,30.085486562648594,37.19582643992762,57.823338160214476,0.0
9.730660893451594,46.64949865169692,55.8630590267137,65.91890204307805,86.77784260409271,40.9475731684084,57.48740109151199,64.96037457728892,44.260272715367016,49.96903573112945,56.31503975803908,62.65520227910412,76.99839255613561,81.75576421164257,111.4648973997449,41.21515355331239,50.384102923684615,56.93922185432444,58.57160434516627,63.33770939021821,64.43743444280571,83.92108422427233,100.47275903365794,34.9480628112832,42.601166389530356,49.39338593066462,53.63382071604585,58.60724675564288,62.961951573144894,70.561106701197,77.97923208706194,85.50760286988287,110.62037765391844,32.383720930232556,53.33720930232558,32.383720930232556,39.383720930232556,25.702950111808345,43.92577932494723,54.42941009812815,30.061196904521285,37.184715554213064,57.85873870405635,0.0
9.777219079544663,46.64760545122292,55.84405128461133,65.907210253609,86.81043533613816,40.90679265964253,57.49708460959823,64.99147156796855,44.232690365508915,49.95421703090084,56.310641237605694,62.67529626115248,77.01078084448176,81.7485038339539,111.4864750775592,41.17499804087849,50.350827816355114,56.93898504738052,58.57342705740638,63.36926217429678,64.46021884566952,83.93154226411987,100.47980852133526,34.86545436134645,42.56585258000535,49.387897615333394,53.615026912852144,58.59465955219821,62.98922915292474,70.63179319827928,77.99485174996639,85.5327555012677,110.63643286419841,32.383720930232556,53.33720930232558,32.383720930232556,39.383720930232556,25.660298116797495,43.95609594160768,54.441745476478545,30.036777042966932,37.17366540188339,57.89420871794037,0.0
9.823777265637732,46.645696103524514,55.82495663278231,65.89554583636692,86.84310375290765,40.86597085777587,57.506686436416466,65.02269154301696,44.20496611660351,49.93948082758593,56.30623331393662,62.695307093,77.02322743475682,81.74125833726623,111.50813152801366,41.13479502018012,50.31750196112426,56.93875206673222,58.57523119885933,63.40061263107794,64.48324142082478,83.94203850578305,100.4868969628601,34.782784877735665,42.53046484390643,49.382428298230195,53.596118572269646,58.58210553309955,63.016535995671575,70.70244615196783,78.01048887971525,85.5579942774819,110.65258605829413,32.383720930232556,53.33720930232558,32.383720930232556,39.383720930232556,25.617620899902843,43.98634400798448,54.454174626996405,30.012227388253834,37.16267614973849,57.92974762479837,0.0
9.870335451730801,46.64377047186374,55.80577535304824,65.88390918558486,86.87584731508454,40.82510819846725,57.51620705844396,65.0540335802981,44.177100821138545,49.924826571434146,56.30181587011816,62.71523440444342,77.03573189456401,81.73402859930017,111.52986649016431,41.09454499234868,50.2841257472309,56.93852283393282,58.57701698864929,63.43175286556607,64.50650912722513,83.95257278269233,100.49402442979667,34.70005510058897,42.49500391817406,49.3769768230269,53.57709599666008,58.569586494031064,63.04387048760361,70.77306507972627,78.02614353404829,85.58331852526753,110.66883752924535,32.383720930232556,53.33720930232558,32.383720930232556,39.383720930232556,25.57491873650551,44.01652281106881,54.4666979873094,29.98754835885229,37.15174795097869,57.96535485295973,0.0
9.916893637823872,46.64182841782506,55.78650773233693,65.87230068797294,86.90866548744641,40.78420511144213,57.525646968206836,65.08549675756034,44.149095340090234,49.910253698783215,56.297388791830706,62.73507783105355,77.04829377588943,81.72681551017358,111.55167970334207,41.054248451996465,50.250699558693,56.93829727243269,58.57878464338834,63.46267505950118,64.53002885988938,83.96314492761147,100.50119099392943,34.61726575673093,42.45947053120392,49.37154203581238,53.5579595177364,58.55710416756865,63.07123105611008,70.84364950545572,78.04181577857695,85.60872756817302,110.68518757100405,32.383720930232556,53.33720930232558,32.383720930232556,39.383720930232556,25.53219189775497,44.046631643030445,54.479315994098314,29.962740381280543,37.140880945404966,58.001029836105204,0.0
9.963451823916941,46.639869801293585,55.76715406268913,65.86072072275572,86.94155773884295,40.743262020588496,57.53500666394376,65.11708015267702,44.1209505425056,49.89576163256314,56.292951967302415,62.754837014175436,77.06091261475572,81.71961997269838,111.57357090716202,41.01390588731211,50.21722377440386,56.93807530752786,58.580534377190666,63.49337150597297,64.55380741513191,83.97375477264184,100.50839672726065,34.53441755996703,42.42386540293043,49.36612278458003,53.538709496848426,58.54466022478882,63.0986161682146,70.91419895928358,78.05750568670706,85.63422072663072,110.7016364784213,32.383720930232556,53.33720930232558,32.383720930232556,39.383720930232556,25.489440650650906,44.076669801226394,54.49202908300642,29.937803889948672,37.13007525962114,58.03677201322089,0.0
10.01001001001001,46.63789448043254,55.74771464126496,65.84916966171023,86.97452354217363,40.70227934405106,57.54428664927684,65.14878284388139,44.092667305087645,49.88134978279586,56.28850528726382,62.77451160092882,77.07358793086937,81.71244290268521,111.59553984153204,40.973517780154786,50.1836987682263,56.937856866309836,58.58226640168714,63.52383464585001,64.57785145397827,83.98440214922742,100.51564170200811,34.45151121137088,42.388189244910464,49.360717918712766,53.5193463252626,58.532256276821585,63.126024329104474,70.98471297735814,78.07321333956297,85.65979731803456,110.7181845472337,32.383720930232556,53.33720930232558,32.383720930232556,39.383720930232556,25.44666525812311,44.10663658821253,54.504837688548086,29.912739327000565,37.11933100723798,58.07258082855215,0.0
10.056568196103079,46.63590231166106,55.72818977034979,65.83764786920568,87.00756237436487,40.66125749432367,57.553487432889526,65.1806039099961,44.064246511783274,49.86701754709039,56.284048644903784,62.79410124420869,77.0863192272602,81.70528522925486,111.61758624666153,40.93308460614665,50.150124909084575,56.937641877617125,58.58398092604081,63.554057105704835,64.6021674640857,83.9950868881593,100.52292599060293,34.368547399564115,42.35244276040767,49.355326288465434,53.49987042443491,58.519893876349634,63.153454080722845,71.05519110164693,78.08893882591327,85.68545665681764,110.73483207404968,32.383720930232556,53.33720930232558,32.383720930232556,39.383720930232556,25.403865979109714,44.136531311757906,54.517742244016105,29.887547142154002,37.10864828907884,58.108455731557854,0.0
10.10312638219615,46.633893149631,55.70857975735951,65.82615570224344,87.04067371634744,40.62019687834022,57.56260952821183,65.21254243065725,44.035689053374306,49.85276431113312,56.27958193582637,62.81360560268594,77.09910598991426,81.69814789515851,111.63970986307031,40.892606834764265,50.11650256105444,56.93743027198789,58.58567815696295,63.58403173685248,64.62676172055247,84.0058088195807,100.53024966568665,34.28552680098961,42.31662664447693,49.349946744444615,53.48028224627875,58.50757451905776,63.18090400042085,71.12563287974012,78.10468224209772,85.71119805452983,110.75157935633587,32.383720930232556,53.33720930232558,32.383720930232556,39.383720930232556,25.361043068633496,44.16635328486191,54.53074318138832,29.86222779253909,37.098027193387004,58.144396176864596,0.0
10.149684568289219,46.631866847203916,55.68888491484549,65.81469351049859,87.0738570530334,40.57909789756374,57.57165345311257,65.24459748653298,44.006995827072195,49.83858944917278,56.27510505800867,62.833024340808144,77.11194768739918,81.69103185710507,111.66191043159681,40.852084929428386,50.08283208345155,56.937221981614215,58.58735829872982,63.613751655056376,64.65164024606025,84.01656777299179,100.53761280010954,34.20245008017771,42.28074158404909,49.34457813708471,53.46058227342655,58.49529964503433,63.20837269966742,71.19603786465754,78.12044369195657,85.7370208199153,110.7684266924029,32.383720930232556,53.33720930232558,32.383720930232556,39.383720930232556,25.318196777876597,44.19610182577409,54.54384093123304,29.836781742535223,37.087467796034275,58.1804016242212,0.0
10.196242754382292,46.62982325542739,55.669105560498956,65.80326163636207,87.10711187329295,40.53796094807414,57.58061972959877,65.27676815953639,43.978167736116596,49.82449232449985,56.2706179117599,62.85235712880035,77.12484377048202,81.68393808609737,111.68418769340671,40.811519347592444,50.049113830917406,56.93701694029787,58.58902155319987,63.64321028040142,64.67680877085074,84.02736357725449,100.5450154669276,34.119317890006,42.24478825801559,49.33921931612084,53.440771019486725,58.48307064012801,63.235858822813704,71.26640561465956,78.1362232867606,85.76292425898983,110.78537438139116,32.383720930232556,53.33720930232558,32.383720930232556,39.383720930232556,25.275327354253488,44.22577625801656,54.55703592261368,29.811209463606573,37.07697016073081,58.21647153845332,0.0
10.24280094047536,46.62776222351124,55.649242017154926,65.79186041498403,87.1404376699312,40.49678642065409,57.58950888352224,65.30905353303297,43.9492056893783,49.81047228992024,56.266120399681355,62.871603642665995,77.13779367173996,81.67686756777582,111.70654139000104,40.7709105408298,50.01534815350421,56.93681508340671,58.59066811983171,63.67240137678458,64.70227269308667,84.03819606059791,100.5524577394003,34.036130871952594,42.20876733731358,49.333869130057984,53.42084902929549,58.47088883726189,63.26336104591011,71.3367356930613,78.15202114514439,85.78890767511805,110.8024227232566,32.383720930232556,53.33720930232558,32.383720930232556,39.383720930232556,25.232435041482297,44.255375910408965,54.57032858299247,29.785511434136374,37.06653433923615,58.25260538941817,0.0
10.28935912656843,46.62568359880322,55.629294612795825,65.7804901743177,87.17383393966465,40.455574700873704,57.59832144429308,65.34145269204251,43.92011060096652,49.79652868822291,56.26161242662727,62.890763564187836,77.1507968051629,81.6698213027707,111.72897126322464,40.730258954919506,49.98153539675724,56.936616347833194,58.59229819570224,63.70131909043647,64.72803704018203,84.04906505062289,100.55993969098826,33.95288965634322,42.17267948501064,49.32852642563603,53.40081687916453,58.45875551770741,63.29087807557348,71.40702766804978,78.16783739304068,85.81497036909077,110.81957201875555,32.383720930232556,53.33720930232558,32.383720930232556,39.383720930232556,25.18952007965458,44.28490011709592,54.583719338133214,29.7596881392601,37.056160371570975,58.28880265195962,0.0
10.335917312661499,46.62358722676444,55.609263680554506,65.76915123516473,87.2073001830977,40.41432616917338,57.6070579446004,65.37396472343552,43.890883389841306,49.78266085264086,56.25709389966679,62.90983658092874,77.16385256574878,81.66280030706267,111.75147705527367,40.68956502993086,49.947675901796,56.936420671953485,58.59391197552565,63.72995798686383,64.75410643171399,84.05997037430755,100.56746139535048,33.86959486259221,42.13652535638968,49.323190047290204,53.38067517712425,58.44667191232029,63.318408647902,71.47728111250389,78.18367216361742,85.84111163920173,110.83682256943042,32.383720930232556,53.33720930232558,32.383720930232556,39.383720930232556,25.14658270530353,44.31434821757683,54.597208612003364,29.733740070697646,37.04584828622982,58.325062805863226,0.0
10.38247549875457,46.62147295094455,55.589149558717025,65.75784391122083,87.24083590469897,40.37304120094544,57.615718920139926,65.40658871612392,43.86152497943071,49.76886810730578,56.25256472804669,62.92882238623263,77.17696032909089,81.65580561235191,111.77405850870413,40.648829200306686,49.913770005393296,56.93622799558815,58.59550965167235,63.758313085593755,64.78048504453335,84.07091185801235,100.57502292634196,33.78624709943762,42.1003055990337,49.317858836607485,53.3604245631639,58.434639202740854,63.345951527436014,71.54749560381705,78.19952559721698,85.86733078132427,110.85417467759413,32.383720930232556,53.33720930232558,32.383720930232556,39.383720930232556,25.103623151470636,44.34371955673802,54.61079682667506,29.707667726584727,37.03559810039435,58.361385335811626,0.0
10.429033684847639,46.61934061295634,55.56895259072496,65.74656850912258,87.27444061277752,40.33172016661413,57.624304909348744,65.43932376124644,43.83203629725388,49.755149767695805,56.24802482315523,62.94772067922531,77.19011945095728,81.64883826643589,111.79671536643939,40.60805189494524,49.879818040052825,56.936038259963496,58.597091414188654,63.786379892110595,64.80717658068446,84.08188932748531,100.58262435801129,33.70284696517046,42.06402085291059,49.31253163177742,53.340065709468156,58.42265852255998,63.37350550616224,71.61767072372173,78.21539784129804,85.89362708898818,110.87162864631526,32.383720930232556,53.33720930232558,32.383720930232556,39.383720930232556,25.060641647770904,44.37301348488717,54.62448440222565,29.68147161130351,37.02540982014714,58.39776973134005,0.0
10.475591870940708,46.617190052450134,55.548673125177395,65.735325328495,87.30811381945887,40.290363431714276,57.63281645314677,65.47216895234826,43.80241827454915,49.741505141076125,56.24347409848667,62.966531164815116,77.20332926686253,81.64189933359545,111.81944737177774,40.56723353728099,49.84582033408511,56.93585140767477,58.59865745081671,63.81415442640312,64.83418423871585,84.09290260786761,100.59026576459769,33.61939504785849,42.02767175045729,49.30720726703823,53.31959932065096,58.41073095845338,63.40106940256008,71.68780605811585,78.23128905038006,85.91999985345566,110.88918477940213,32.383720930232556,53.33720930232558,32.383720930232556,39.383720930232556,25.017638420456613,44.40222935778987,54.63827175663724,29.6551522353127,37.01528344068581,58.43421548679219,0.0
10.522150057033778,46.6150211070879,55.52831151583249,65.72411466199986,87.34185504066114,40.24897135696857,57.641254094685294,65.50512338555544,43.7726718459086,49.72793352693244,56.23891246960675,62.98525355369367,77.21658909163092,81.63498989499003,111.84225426840032,40.52637454536408,49.81177721168179,56.93566738264968,58.60020794701466,63.841633247586365,64.86151068891786,84.10395152369863,100.59794722052882,33.53589192556437,41.991258916664194,49.30188457211723,53.299026133987454,58.39885755128542,63.42864206068745,71.75790119689096,78.24719938599019,85.94644836379743,110.9068433813874,32.383720930232556,53.33720930232558,32.383720930232556,39.383720930232556,24.974613692479693,44.43136653670833,54.65215930569569,29.628710114977213,37.00521894653741,58.470722101276074,0.0
10.568708243126848,46.6128336125167,55.50786812160889,65.7129367953849,87.37566379607092,40.2075442983634,57.64961837910211,65.53818615974379,43.74279794891831,49.71443421739696,56.23433985411903,63.0038875623363,77.22989821895227,81.62811104906147,111.86513580037843,40.48547533193857,49.77768899298837,56.93548613011345,58.60174308597713,63.86881347412626,64.8891580529585,84.11503589892173,100.60566880041786,33.45233816655867,41.954782969159155,49.29656237166544,53.278346919643774,58.38703929718418,63.45622234930488,71.82795573376158,78.26312901661389,85.97297190696845,110.92460475751201,32.383720930232556,53.33720930232558,32.383720930232556,39.383720930232556,24.93156768355271,44.4604243884421,54.66614746288892,29.602145772397513,36.995216311772865,58.50728907862032,0.0
10.61526642921992,46.61062740234212,55.48734330658661,65.70179200753358,87.40953960911911,40.16608260722341,57.65790985328369,65.57135637670218,43.712797523804916,49.70100649766669,56.22975617163206,63.02243291300254,77.243255920929,81.62126391194681,111.88809171218074,40.44453630451953,49.74355599417538,56.93530759655459,58.603263048655975,63.89569279927628,64.91712788830922,84.12615555688969,100.61343057906116,33.36873432952749,41.91824451829107,49.29123948468632,53.25756248090561,58.37527714858955,63.48380916103589,71.89796926609564,78.27907811764818,85.99956976788333,110.94246921370897,32.383720930232556,53.33720930232558,32.383720930232556,39.383720930232556,24.888500610208517,44.489402285370765,54.68023663930444,29.575459735238773,36.98527550022136,58.543915927330566,0.0
10.66182461531299,46.60840230810105,55.46673744000779,65.69068057051582,87.44348200695671,40.1245866302847,57.66612906563377,65.60463314129083,43.68267151308884,49.68764964641435,56.22516134372726,63.040889333736224,77.2566614476155,81.61444961789977,111.91112174868088,40.40355786546891,49.70937852750821,56.93513172969199,58.60476801378134,63.922269501429064,64.94542117775681,84.1373103203703,100.6212326314352,33.2850809637753,41.88164416721317,49.285914723957866,53.23667365440612,58.36357201527547,63.51140141156201,71.96794139474541,78.29504687135804,86.0262412294915,110.96043705658718,32.383720930232556,53.33720930232558,32.383720930232556,39.383720930232556,24.84541268585863,44.51829960549854,54.694427243526555,29.54865253655996,36.97539646568462,58.58060216054613,0.0
10.708382801406058,46.60615815923427,55.44605089627715,65.67960274963926,87.47749052043069,40.083056709766744,57.674276565848686,65.63801556159387,43.652420861243954,49.67436293619084,56.22055529392766,63.05925655836566,77.27011402654912,81.60766931972131,111.93422565516423,40.36254041207027,49.67515690141531,56.934958478442645,58.60625815788271,63.94854244919149,64.97403832419317,84.14850001155195,100.62907503269427,33.20137860942257,41.84498251196604,49.28058689544849,53.21568131035356,58.35192476534797,63.538998038851304,72.03787172387902,78.31103546683683,86.0529855728517,110.9785085934147,32.383720930232556,53.33720930232558,32.383720930232556,39.383720930232556,24.802304120850284,44.547115732500686,54.70871968153275,29.52172471464299,36.965579152150795,58.617347295996915,0.0
10.754940987499127,46.60389478305848,55.42528405496209,65.66855880350133,87.51156468405951,40.04149318344301,57.682352904699314,65.67150274906699,43.62204651436398,49.66114563382028,56.215937947667456,63.07753432650338,77.28361286227307,81.60092418919938,111.95740317733521,40.32148433660227,49.64089142055503,56.9347877928904,58.60773365531032,63.97451110110382,65.00297915076297,84.15972445204953,100.63695785816749,33.1176277975989,41.808260141560055,49.275254797725566,53.194586352758904,58.34033622621986,63.56659800241814,72.10775986081212,78.32704409997001,86.07980207720657,110.996684132102,32.383720930232556,53.33720930232558,32.383720930232556,39.383720930232556,24.75917512252233,44.5758500557716,54.72311435658979,29.494676812822057,36.95582349400803,58.65415085596061,0.0
10.801499173592198,46.60161200473814,55.40443730079271,65.65754898404178,87.54570403600874,39.999896384710375,57.69035863381928,65.70509381867963,43.59154941983593,49.64799700078649,56.21130923226219,63.09572238354583,77.29715713585124,81.59421541755701,111.98065406132407,40.28039002641118,49.606582385881055,56.934619624255554,58.609194678256614,64.00017550003737,65.03224290633369,84.17098346291019,100.64488118335626,33.033829050631255,41.771477638057576,49.26991722135715,53.17338971966455,58.32880718556395,63.5942002826137,72.1776054158393,78.34307297340294,86.10669002005655,111.0149639811851,32.383720930232556,53.33720930232558,32.383720930232556,39.383720930232556,24.716025895259822,44.604501970474715,54.737611669149175,29.467509379313245,36.946129416257364,58.69101236722009,0.0
10.848057359685267,46.59930964725674,55.383511023661534,65.64657353659626,87.57990811806685,39.95826664265732,57.69829430549984,65.73878788905213,43.56093052602053,49.6349162936116,56.20666907687971,63.11382048067268,77.31074600437461,81.58754421591006,112.00397805369357,40.239257863982175,49.57223009470654,56.934453924865664,58.610641396777936,64.02553626241794,65.06182827614144,84.18227686461897,100.65284508393117,32.94998288222786,41.734635576654654,49.264572948306274,53.152092383374324,58.31733839224495,63.62180387994515,72.24740800206484,78.35912229651271,86.1336486772334,111.033348449808,32.383720930232556,53.33720930232558,32.383720930232556,39.383720930232556,24.672856640547522,44.63307087759385,54.752212016742355,29.440222967044598,36.936496834725126,58.72793136102098,0.0
10.894615545778338,46.5969875313877,55.36250561862302,65.63563269995005,87.61417647562065,39.91660428213084,57.70616047249071,65.77258408258774,43.530190781939645,49.621902764226114,56.20201741251189,63.131828374846,77.32437860045991,81.58091181573309,112.02737490144608,40.19808822700947,49.53783484076683,56.93429064812663,58.61207397881619,64.05059456252991,65.09173339735801,84.19360447710514,100.66084963572966,32.86608979765752,41.697734525761966,49.25922075131713,53.13069535068489,58.3059305572319,63.64940781442243,72.31716723523289,78.37519228538426,86.16067732297338,111.05183784770566,32.383720930232556,53.33720930232558,32.383720930232556,39.383720930232556,24.629667557022202,44.66155618398619,54.76691579387533,29.41281813348657,36.92692565627439,58.764907373029736,0.0
10.941173731871407,46.594645475665004,55.34142148589296,65.62472670639255,87.64850865763086,39.87490962380227,57.713957687807444,65.8064815255996,43.4993311369711,49.608955660330885,56.19735417194706,63.14974582880912,77.33805403174027,81.57431946933467,112.05084435202971,40.15688148846556,49.50339691428085,56.934129748494954,58.6134925902207,64.07535211224987,65.1219558792292,84.20496611974778,100.66889491475297,32.782150293924765,41.66077504708567,49.25385939329382,53.109199663120265,58.2945843544917,63.67701112493182,72.3868827335565,78.39128316279123,86.18777522999014,111.07043248518612,32.383720930232556,53.33720930232558,32.383720930232556,39.383720930232556,24.586458840523832,44.689957302436625,54.78172339192328,29.38529544048325,36.9174157790157,58.80193994329175,0.0
10.987731917964476,46.5922832963533,55.3202590308477,65.61385578177274,87.68290421660767,39.83318298423191,57.72168650454473,65.84047934843265,43.468352540550605,49.59607422575038,56.19267928974292,63.16757261108506,77.35177138034764,81.56776845034112,112.07438615334506,40.11563801666918,49.468916602011376,56.933971181450694,58.61489739477004,64.09981113664526,65.15249282734993,84.21636161138215,100.67698099716317,32.69816485994073,41.62375769570729,49.24848762667074,53.08760639716873,58.28330042186453,63.70461286863442,72.45655411754494,78.40739515818133,86.2149416695469,111.0891326731125,32.383720930232556,53.33720930232558,32.383720930232556,39.383720930232556,24.54323068414568,44.718273651713524,54.79663519902452,29.357655454084213,36.90796709251667,58.839028616189815,0.0
11.034290104057547,46.589900807417514,55.299018664023215,65.60302014555434,87.7173627085863,39.79142467593254,57.729347475695754,65.874576685581,43.437255941881254,49.583257700777885,56.18799270220036,63.185308495974944,77.36552970238785,81.56126005418896,112.0980000537515,40.07435817535235,49.43439418732388,56.93381490347149,58.61628855419404,64.12397434593812,65.18334087157575,84.22779077030557,100.68510795928056,32.614133976689956,41.58668302016356,49.243104192774354,53.06591666452318,58.27207936192223,63.73221212038887,72.52618100982947,78.42352850766717,86.24217591152807,111.10793872288524,32.383720930232556,53.33720930232558,32.383720930232556,39.383720930232556,24.499983278283356,44.746504656625824,54.81165159997455,29.329898744377225,36.89857947801064,58.87617294040283,0.0
11.080848290150618,46.58749782049237,55.2777008011141,65.59222001087244,87.75188369310247,39.74963500743177,57.73694115397764,65.90877267579987,43.40604228965028,49.570505322511934,56.18329434733786,63.20295326355578,77.37932802740762,81.55479559862586,112.12168580207346,40.03304232372638,49.399829950244445,56.93366087200654,58.61766622819573,64.14784490438632,65.21449619701815,84.23925341428381,100.69327587758052,32.530058117393295,41.549551562525025,49.23770782117665,53.044131612326,58.260921742810275,63.75980797219735,72.59576303498689,78.43968345402216,86.26947722451098,111.12685094642349,32.383720930232556,53.33720930232558,32.383720930232556,39.383720930232556,24.45671681068278,44.774649748081195,54.82677297611975,29.30202588532185,36.88925280860395,58.91337246886489,0.0
11.127406476243687,46.585074144851035,55.25630586297244,65.58145558458993,87.78646673316801,39.707814283333356,57.744468091662505,65.94306646221342,43.37471253175325,49.55781632518439,56.178584164866365,63.220506699677976,77.3931653578545,81.54837642421971,112.14544314760663,39.991690816546715,49.36522416751588,56.93350904545216,58.619030574473214,64.17142639666469,65.24595457754116,84.25074936055707,100.70148482869091,32.44593774766683,41.51236385847471,49.23229722903942,53.02225242341796,58.24982809907409,63.78739953267344,72.66529981936043,78.455860246682,86.29684487583656,111.1458696561467,32.383720930232556,53.33720930232558,32.383720930232556,39.383720930232556,24.413431466487197,44.802708363145534,54.841999705251006,29.27403745458409,36.87998694948214,58.95062675872448,0.0
11.173964662336758,46.58262958737366,55.23483427560663,65.5707270673548,87.8211113952463,39.66596280437741,57.75192884041448,65.9774571924174,43.34326761502585,49.54518994047998,56.173862096165,63.23796859596273,77.40704066852922,81.54200389487612,112.16927184012391,39.95030400417697,49.330577112653614,56.933359383127694,58.62038174874191,64.19472279234462,65.27771141116173,84.26227842584656,100.70973488938876,32.36177332567717,41.47512043738571,49.22687112044978,53.000280316592395,58.23879893246991,63.81498592653128,72.73479099087788,78.4720591417524,86.32427813167965,111.16499516495597,32.383720930232556,53.33720930232558,32.383720930232556,39.383720930232556,24.37012742828312,44.830679945103384,54.857332161497226,29.245934033372126,36.87078175811452,58.987935371304054,0.0
11.220522848429827,46.58016395251548,55.21328647018018,65.56003465365775,87.855817249228,39.62408086749959,57.759323951132174,66.01194401857752,43.3117084849831,49.5326253978475,56.169128084257224,63.25533874979859,77.4209529060312,81.53567939836371,112.19317162988145,39.90888223265185,49.29588905599951,56.93321184525188,58.62171990475622,64.21773840906475,65.30976175675936,84.27384042636069,100.71802613659764,32.27756530229292,41.43782182239845,49.22142818574623,52.97821654685486,58.22783471276188,63.84256629409472,72.8042361788664,78.48828040202284,86.35177625711906,111.18422778621479,32.383720930232556,53.33720930232558,32.383720930232556,39.383720930232556,24.32680487614537,44.8585639435194,54.872770715218955,29.217716206273234,36.861637084457556,59.025297872059916,0.0
11.267081034522896,46.577677042274296,55.19166288301037,65.54937853189026,87.89058386840644,39.5821687658892,57.76665397379698,66.04652609752313,43.280036085566046,49.520121924802275,56.164382073787706,63.2726169643381,77.43490098819744,81.5294043468467,112.21714226762447,39.867425843739106,49.26116026477515,56.93306639292034,58.62304519433164,64.2404778749691,65.3421003715205,84.28543517780159,100.72635864738442,32.19331412123269,41.40046853049696,49.21596710083542,52.956062405688805,58.216935878504415,63.87013979082607,72.87363501386355,78.50452429698711,86.37933851620676,111.20356783373026,32.383720930232556,53.33720930232558,32.383720930232556,39.383720930232556,24.283463987681138,44.88635981430076,54.88831573290183,29.189384561091977,36.852552771156375,59.062713830542336,0.0
11.313639220615965,46.57516865615775,55.169963955567134,65.53875888440315,87.92541082945336,39.540226789046336,57.773919457326414,66.08120259083654,43.24825135889597,49.50767874722051,56.15962401099957,63.28980304849364,77.44888380353477,81.52318017742536,112.24118350459302,39.82593517500059,49.22639100313397,56.9329229880832,58.624357767366675,64.26294609095542,65.37472174857392,84.2970624953714,100.7347324989566,32.10902021920958,41.36306107258506,49.2104865264994,52.933819221328086,58.2061028378117,63.89770558687321,72.94298712742426,78.52079110287077,86.4069641720369,111.22301562173323,32.383720930232556,53.33720930232558,32.383720930232556,39.383720930232556,24.240104938073138,44.914067019760246,54.903967577050345,29.160939688689794,36.84352865374493,59.10018282035597,0.0
11.360197406709036,46.57263859114986,55.148190134471534,65.52817588756547,87.96029771239455,39.49825522283802,57.781120949433266,66.11597266493803,43.21635524503613,49.495295089624975,56.1548538437124,63.30689681693314,77.46290021064605,81.51700835268258,112.26529509252754,39.78441055985227,49.19158153221209,56.932781593523835,58.625657771864645,64.28514819323388,65.40762015431717,84.30872219377933,100.74314776865866,32.0246840260723,41.325599953561095,49.20498510769309,52.911488359035886,58.19533596911376,63.92526286663415,73.01229215192309,78.53708110266574,86.43465248681395,111.24257146485907,32.383720930232556,53.33720930232558,32.383720930232556,39.383720930232556,24.196727900121854,44.94168502868031,54.91972660608155,29.132382182825943,36.83456456084421,59.137704419120546,0.0
11.406755592802105,46.57008664167738,55.126341871494894,65.51762971182363,87.99524410058547,39.45625434955332,57.788258996489546,66.15083549116643,43.18434868176083,49.48297017546243,56.15007152130079,63.32389809007515,77.47694903765108,81.51089036123794,112.28947678367454,39.742852327623424,49.156732110178275,56.93264217283781,58.626945353955485,64.30708951664434,65.44078966498527,84.32041408724756,100.75160453396965,31.940305964942926,41.28808567239276,49.19946147283207,52.88907122139173,58.18463562190044,63.95281082833916,73.08154972035153,78.55339458617338,86.46240272192047,111.26223567812758,32.383720930232556,53.33720930232558,32.383720930232556,39.383720930232556,24.153333044286942,44.969213316377626,54.93559317421916,29.103712640000037,36.82566031435876,59.175278208431905,0.0
11.453313778895176,46.567512599575714,55.10441962355732,65.50712052176134,88.030249580687,39.41422444795761,57.79533414339601,66.18579024585569,43.15223260433206,49.47070322737278,56.145276994673196,63.34080669408358,77.49102908160201,81.50482771830717,112.31372833079193,39.70126080361483,49.121842992282986,56.932504690412536,58.62822065791745,64.32877555912503,65.47422420207066,84.33213798951853,100.76010287249983,31.855886452351516,41.25051872219086,49.19391423307066,52.86656924858576,58.17400211745259,63.980348683648465,73.15075946610979,78.56973185005505,86.49021413798451,111.28200857692295,32.383720930232556,53.33720930232558,32.383720930232556,39.383720930232556,24.109920538727685,44.99665136476831,54.95156763138773,29.074931659296077,36.816815729671355,59.21290377382327,0.0
11.499871964988245,46.56491625405409,55.08242385272679,65.49664847615928,88.06531374264124,39.372165793345765,57.8023469334563,66.22083611040723,43.12000794528351,49.458493467450005,56.140470216251586,63.357622460861975,77.50513910789424,81.4988219662672,112.33804948715438,39.65963630915607,49.08691443090621,56.93236911140767,58.629483826198765,64.35021194766277,65.50791756626164,84.3438937138613,100.76864286198739,31.77142589836752,41.21289959028225,49.188341981569714,52.843983918721456,58.163435749561856,64.00787565726584,73.21992102279212,78.5860931978918,86.518085994946,111.3018904769736,32.383720930232556,53.33720930232558,32.383720930232556,39.383720930232556,24.066490549342713,45.02399866243369,54.96765032310733,29.046039842228197,36.808030615835655,59.25058070472684,0.0
11.546430151081315,46.56229739166053,55.060355026218105,65.48621372805549,88.10043617964728,39.330078657594555,57.809297908256326,66.25597227135843,43.08767563421159,49.44634011749467,56.135651139951385,63.37434522804713,77.51927784967303,81.49287467522643,112.3624400065585,39.61797916166203,49.051946675604505,56.93223540173568,58.630734999439206,64.37140440599616,65.54186346963009,84.35568107307853,100.77722458029564,31.686924706728202,41.17522875828234,49.182743292754964,52.82131674812697,58.152936785238566,64.0353909865669,73.28903402396608,78.60247894025338,86.54601755212308,111.32188169433162,32.383720930232556,53.33720930232558,32.383720930232556,39.383720930232556,24.023043239808857,45.05125470468637,54.9838415903885,29.017037792588084,36.79930477576688,59.28830859443573,0.0
11.592988337174384,46.55965579624632,55.03821361639201,65.475816424806,88.13561648813707,39.287963309214014,57.81618760754829,66.291197920447,43.05523659757438,49.43424239925882,56.13081972116209,63.390974839002574,77.5334440072372,81.48698744359959,112.38689964332814,39.57628967468834,49.01693997315695,56.93210352804335,58.63197431649143,64.39235872428188,65.57605556585695,84.36749987951328,100.78584810540964,31.602383274964026,41.13750670216691,49.1771167215655,52.798569291675236,58.14250546540861,64.06289392124184,73.35809810294393,78.61888939477656,86.5740080682776,111.3419825453519,32.383720930232556,53.33720930232558,32.383720930232556,39.383720930232556,23.979578771619202,45.07841899363692,55.00014176962758,28.98792611629415,36.7906380064305,59.32608704006606,0.0
11.639546523267455,46.556991248929904,55.016000100754475,65.46545670814552,88.17085426775148,39.24582001339807,57.8230165691396,66.32651225467164,43.02269175849701,49.42219953468225,56.125975916728194,63.40751114281119,77.54763624743933,81.48116189868543,112.41142815231939,39.53456815798621,48.98189456761037,56.93197345769361,58.63320191444246,64.41308073087785,65.61048747834243,84.37934994505592,100.794513515433,31.517801994521175,41.09973389234297,49.17146080269195,52.775743143113004,58.132142005599114,64.09038372295156,73.42711289254656,78.63532488625435,86.60205680167992,111.36219334667155,32.383720930232556,53.33720930232558,32.383720930232556,39.383720930232556,23.936097304120384,45.105491038260496,55.01655119250284,28.95870542124258,36.78203009902864,59.36391564251949,0.0
11.686104709360524,46.55430352806048,54.993714961956044,65.45513471424874,88.20614912131613,39.20364903207414,57.82978532878618,66.36191447634897,42.99004203658487,49.41021074612148,56.121119684930726,63.4239539942676,77.56185320308472,81.47539969724819,112.43602528892522,39.492814917556146,48.94681070032348,56.93184515874768,58.634417928634726,64.43357626634405,65.64515282609985,84.39123108115109,100.8032208885849,31.43318125088125,41.06191079371891,49.16577404980556,52.752839935399635,58.121846596613324,64.11785966499711,73.49607802485885,78.65178574673577,86.63016301017349,111.38251441518823,32.383720930232556,53.33720930232558,32.383720930232556,39.383720930232556,23.892598994549083,45.132470354463955,55.033070185870685,28.929376317160212,36.77348083918448,59.40179400644601,0.0
11.732662895453593,46.551592409180905,54.97135868779156,65.4448505737914,88.24150065481749,39.16145062395205,57.83649442009053,66.3974037931667,42.95728834774337,49.39827525657032,56.11625098546917,63.44030325386978,77.57609347232858,81.4697025261007,112.46069080908084,39.451030255701056,48.91168861001018,56.931718599948056,58.63562249268736,64.45385115971322,65.68004524738073,84.40314309880483,100.8119703031964,31.34852142367821,41.02403786577435,49.16005495477734,52.729861341054935,58.11161940519492,64.14532103200149,73.56499313097542,78.66827231563748,86.65832595123857,111.40294606803936,32.383720930232556,53.33720930232558,32.383720930232556,39.383720930232556,23.849083998067837,45.15935646515292,55.049699071662985,28.899939415459365,36.76499000712427,59.43972174020707,0.0
11.779221081546662,46.54885766499036,54.94893177119984,65.43460441201202,88.2769084773792,39.11922504457191,57.843144374404055,66.43297941823333,42.92443160400493,49.38639228987317,56.11136977944385,63.456558787810486,77.59035561807359,81.46407210268873,112.48542446926803,39.40921447107841,48.87652853278206,56.931593750701765,58.63681573851696,64.47391120704232,65.71515842102104,84.41508580859158,100.8207618377077,31.2638228868126,40.98611556262869,49.15430198688818,52.70680907251694,58.10146057468203,64.17276711960349,73.63385784073702,78.6847849398676,86.68654488205557,111.42348862258001,32.383720930232556,53.33720930232558,32.383720930232556,39.383720930232556,23.80555246780005,45.186148900298925,55.06643816678474,28.87039532909466,36.756557377857185,59.47769845583885,0.0
11.825779267639733,46.5460990653062,54.92643471026374,65.42439634877343,88.31237220123802,39.076972546351385,57.84973572073365,66.46864057012426,42.891472713362916,49.3745610709304,56.10647602933874,63.472720467967726,77.60463816736761,81.45851017567543,112.51022602652002,39.36736785875157,48.84133070219002,56.931470581064126,58.637997796358526,64.49376215221773,65.75048608553391,84.42705902066136,100.8295955706646,31.179086008563214,40.948144333109184,49.14851359202964,52.6836848825092,58.09137022565063,64.20019723416331,73.70267178245535,78.70132397396266,86.71481905956749,111.44414239636146,32.383720930232556,53.33720930232558,32.383720930232556,39.383720930232556,23.762004554864394,45.21284719700659,55.08328778301275,28.84074467242187,36.7481827213528,59.51572376901602,0.0
11.872337453732802,46.54331637702584,54.90386800821043,65.41422649862484,88.34789144172026,39.03469337863198,57.85626898565266,66.50438647292466,42.85841257961203,49.362780825896316,56.101569699004735,63.48878817189501,77.61893961080399,81.45301852552474,112.53509523842601,39.3254907102405,48.806095349265036,56.93134906172284,58.63916879478611,64.5134096699584,65.78602205600694,84.43906254474685,100.83847158071514,31.09431115169619,40.91012462081863,49.142688191896184,52.660490564417756,58.08134845654823,64.22761069247863,73.77143458262674,78.71788978023864,86.74314774054217,111.46490770710892,32.383720930232556,53.33720930232558,32.383720930232556,39.383720930232556,23.71844040840839,45.239450899580525,55.10024822689481,28.810988061058776,36.73986580271616,59.55379729901576,0.0
11.918895639825873,46.54050936408757,54.88123217341185,65.40409497086377,88.3834658172182,38.99238778772464,57.86274469321581,66.54021635626886,42.825252102195805,49.35105078236983,56.096650753643374,63.50476178281098,77.63325840192428,81.4475989650831,112.56003186313546,39.28358331357146,48.77082270255814,56.931229163982735,58.64032886073338,64.53285935093439,65.82176023888432,84.45109619017106,100.84738994660638,31.009498673571596,40.87205686420145,49.13682418316888,52.63722795267764,58.07139534431743,64.25500682151191,73.84014586563333,78.73448272895648,86.77153018163372,111.48578487269964,32.383720930232556,53.33720930232558,32.383720930232556,39.383720930232556,23.67486017564145,45.26595955959219,55.11731979965008,28.78112611174822,36.731606382360546,59.59191866868193,0.0
11.965453825918942,46.53767778743125,54.858527719385556,65.39400186959818,88.4190949491664,38.95005601695453,57.86916336487818,66.57612945537659,42.79199217606046,49.33937016957759,56.091719159790806,63.5206411895883,77.6475929566257,81.44225334015714,112.58503565936284,39.241645953326106,48.735512988179714,56.93111085975069,58.64147811951395,64.55211668890036,65.85769464473607,84.46315976585416,100.85635074718093,30.924648926247624,40.833941496609995,49.130919936691335,52.6138989231689,58.061510945009445,64.28238495812762,73.90880525343003,78.75110319850369,86.79996563944333,111.50677421114004,32.383720930232556,53.33720930232558,32.383720930232556,39.383720930232556,23.631264001867113,45.292372735946365,55.13450279707023,28.751159442223198,36.72340421617769,59.6300875043898,0.0
12.012012012012015,46.5348214049584,54.83575516479575,65.38394729380879,88.45477846201842,38.90769830670508,57.87552551941807,66.61212501108614,42.75863369151518,49.327738218550294,56.08677488530226,63.536426286742234,77.66194165257424,81.43698353008709,112.61010638639152,39.1996789106897,48.700166429837665,56.93099412152119,58.642616694841585,64.57118706972793,65.89381939912904,84.47525308032112,100.86535406137362,30.839762256582443,40.79577894636944,49.12497379663813,52.590505393621676,58.05169529438812,64.30974444883903,73.97741236521762,78.76775157559227,86.82845337057977,111.52787604054343,32.383720930232556,53.33720930232558,32.383720930232556,39.383720930232556,23.587652030514793,45.31868999494736,55.151797509421584,28.72108867107421,36.71525905570558,59.66830343601091,0.0
12.058570198105084,46.531939971491866,54.81291503345475,65.37393133741149,88.49051598322329,38.86531489446125,57.881831672863676,66.64820226988438,42.72517753409904,49.31615416229165,56.08181789933706,63.55211697441844,77.67630282862483,81.43179144831355,112.63524380407824,39.15768246349874,48.66478324887542,56.930878922362005,58.643744708850384,64.59007576221171,65.93012875172603,84.48737594170927,100.87439996820831,30.754839006333743,40.75756963684246,49.118984079676714,52.56704932403017,58.04194840852416,64.3370846495645,74.04596681709954,78.78442825547502,86.85699263171882,111.54909067910691,32.383720930232556,53.33720930232558,32.383720930232556,39.383720930232556,23.544024403170752,45.344910910364646,55.16920422134832,28.69091441761878,36.70717064829379,59.70656609687813,0.0
12.105128384198153,46.52903323873477,54.790007854324664,65.36395408931962,88.52630714320235,38.82290601485208,57.88808233842335,66.68436048393386,42.691624584453834,49.304617235940675,56.07684817234368,63.567713158380336,77.69067478425053,81.42667904293667,112.66044767285703,39.11565688628766,48.62936366430866,56.93076523590056,58.644862282114566,64.60878791051718,65.9666170837438,84.49952815777552,100.883488546794,30.66987951225596,40.719313986492494,49.11294907412279,52.543532717074896,58.03227028437974,64.36440492539288,74.11446822172202,78.80113364218035,86.88558267966266,111.57041844508828,32.383720930232556,53.33720930232558,32.383720930232556,39.383720930232556,23.500381259608556,45.37103506349816,55.18672321177701,28.66063730177318,36.69913873726615,59.74487512375136,0.0
12.151686570291222,46.52610095522927,54.76703416151949,65.35401563350665,88.562151575326,38.780471899692515,57.89427802641973,66.72059891109706,42.65797571820332,49.29312667692704,56.07186567604544,63.5832147499957,77.70505577898231,81.42164829726548,112.68571775374342,39.07360245033497,48.59390789286159,56.93065303631037,58.64596953366816,64.62732852813589,66.00327891390512,84.51170953590402,100.89261987632175,30.584884106195457,40.681012408947055,49.10686703909091,52.51995761855303,58.022660900383535,64.39170465035744,74.18291618789571,78.81786814876777,86.91422277139812,111.59185965678317,32.383720930232556,53.33720930232558,32.383720930232556,39.383720930232556,23.456722737818854,45.397062043242855,55.204354753822,28.63025794392642,36.69116306208103,59.78323015678324,0.0
12.198244756384293,46.523142866314465,54.74399449430761,65.34411604906857,88.59804891589071,38.738012778024526,57.90041924422709,66.75691681495769,42.624231805838384,49.281681725119945,56.06687038342642,63.598621666222904,77.71944403186093,81.4167012303561,112.71105380833811,39.03151942370857,48.55841614900236,56.930542298298185,58.64706658102473,64.64570249321362,66.04010890301942,84.52391988311388,100.90179403606105,30.499853115183452,40.64266531305964,49.100736203640366,52.496326117815826,58.01312021699649,64.41898320721785,74.25131032019787,78.83463219760496,86.94291216415489,111.61341463250075,32.383720930232556,53.33720930232558,32.383720930232556,39.383720930232556,23.413048974038652,45.422991446152686,55.222099114692384,28.599776964816563,36.68324335848895,59.821630839485195,0.0
12.244802942477362,46.520158714084204,54.72088939711463,65.33425541028652,88.63399880409604,38.69552887615754,57.906506496212195,66.79331346483954,42.59039371260812,49.27028162297037,56.061862268717796,63.6139338295963,77.73383772090351,81.41183989753563,112.73645559883106,38.98940807131048,48.522888644978096,56.93043299709106,58.64815354019659,64.66391454511948,66.07710185732302,84.53615900606677,100.91101110535634,30.414786861526956,40.60427310297147,49.09455476591802,52.472640348212465,58.00364817726809,64.44623998725065,74.31965021855301,78.85142622066775,86.9716501154629,111.6350836905408,32.383720930232556,53.33720930232558,32.383720930232556,39.383720930232556,23.369360102779936,45.44882287650376,55.239956555600024,28.569194985409254,36.67537935868757,59.86007681869388,0.0
12.291361128570431,46.517148237343946,54.697719419526614,65.32443378668921,88.67000088202161,38.65302041770819,57.91254028367866,66.82978813582244,42.556462298416626,49.25892561564698,56.05684130738451,63.62915116821126,77.74823498258642,81.40706639091205,112.761922888005,38.94726865492071,48.487325590848855,56.93032510842414,58.64923052571409,64.68196928212808,66.11425273070806,84.54842671107448,100.92027116362351,30.329685662897617,40.56583617817205,49.08832089229832,52.44890248753965,57.99424470738316,64.47347439004669,74.38793547779106,78.8682506598653,87.00043588320865,111.65686714916959,32.383720930232556,53.33720930232558,32.383720930232556,39.383720930232556,23.32565625685775,45.474555946356816,55.25792733166916,28.538512626778598,36.66757079147416,59.898567744537935,0.0
12.337919314663502,46.51411117156746,54.674485116293745,65.31465124311562,88.70605479460458,38.610487623639365,57.91852110481411,66.86634010875581,42.52243841772556,49.24761295116579,56.05180747611215,63.64427361570838,77.76263391134708,81.4023828398646,112.78745543923937,38.90510143324069,48.45172719452113,56.93021860852847,58.650297650644575,64.69987116009229,66.15155662596162,84.56072280410693,100.92957429034612,30.244549832418652,40.527354933559224,49.082032716523045,52.42511475849574,57.98490971719944,64.50068582331649,74.45616568718052,78.88510596739144,87.0292687256921,111.6787653265954,32.383720930232556,53.33720930232558,32.383720930232556,39.383720930232556,23.281937567417767,45.50019027561861,55.276011691847344,28.50773050999037,36.65981738239541,59.93710327040492,0.0
12.384477500756573,46.51104724885275,54.651187047334524,65.30490783977733,88.74216018961678,38.567930712298676,57.92444945464092,66.90296867026971,42.488322919462185,49.23634288051386,56.046760752794434,63.659301111257165,77.77703255910649,81.39779141151507,112.81305301651356,38.86290666193576,48.41609366178081,56.93011347411945,58.65135502661135,64.71762449199083,66.18900879513134,84.57304709079989,100.93892056507241,30.159379678749815,40.48882975949835,49.07568833884086,52.401279429138086,57.9756431007761,64.5278737027023,74.52434042993546,78.90199260610453,87.05814790168174,111.70077854094484,32.383720930232556,53.33720930232558,32.383720930232556,39.383720930232556,23.238204163963285,45.52572549210248,55.29420987881796,28.476849255987542,36.652118853894564,59.97568305290859,0.0
12.431035686849642,46.507956197877725,54.627825777740256,65.29520363232109,88.7783167176423,38.52534989945619,57.93032582496966,66.93967311278344,42.45411664693275,49.22511465776687,56.04170111652066,63.67423359953924,77.79142893481628,81.3932943111762,112.83871538441073,38.82068459367728,48.380425196325305,56.9300096823853,58.65240276381214,64.73523344824238,66.22660463912561,84.5853993764629,100.94831006741083,30.074175506170498,40.450261041881205,49.06928582514893,52.377398813342744,57.96644473689268,64.55503745159716,74.59245928269357,78.91891104993772,87.08707267046987,111.72290711023773,32.383720930232556,53.33720930232558,32.383720930232556,39.383720930232556,23.19445617438168,45.55116123158785,55.312522128914196,28.44586948547816,36.64447492545597,60.014306751856566,0.0
12.47759387294271,46.50483774385513,54.60440187778014,65.28553867189113,88.81452403205502,38.48274539834162,57.93615070435572,66.97645273451197,42.419820437741215,49.21392754020099,56.036628547563744,63.68907103073063,77.80582100403103,81.38889378277405,112.86444230812113,38.778435478183866,48.344721999795134,56.92990721097605,58.65344097103783,64.75270205768501,66.2643397066495,84.59777946608712,100.95774287702736,29.988937614661,40.411649162183394,49.06282320613817,52.35347527126471,57.95731448955918,64.58217650097019,74.66052181496369,78.93586178434178,87.11604229192703,111.7451513523629,32.383720930232556,53.33720930232558,32.383720930232556,39.383720930232556,23.15069372497039,45.576497137878526,55.33094867203481,28.41479181882556,36.636885313746966,60.05297403021816,0.0
12.52415205903578,46.50169160848701,54.580915922906804,65.2759130051914,88.85078178899619,38.44011741968081,57.94192457805861,67.01330683946986,42.38543512371307,49.202780788398975,56.031543027368336,63.70381336048376,77.82020668851071,81.38459210924273,112.89023355344519,38.7361595622621,48.30898427180495,56.929806037992535,58.654469755690414,64.77003420912818,66.30220969256926,84.61018716435339,100.96721907364098,29.903666299982017,40.37299449752192,49.05629847644392,52.32951120979714,57.94825220851674,64.60929028919864,74.72852758853969,78.95284530676314,87.14505602655585,111.76751158505292,32.383720930232556,53.33720930232558,32.383720930232556,39.383720930232556,23.106916940462387,45.601732862859926,55.349489731561405,28.38361687594096,36.62934973275714,60.0916845540926,0.0
12.570710245128852,46.498517509918784,54.55736849376231,65.26632667454787,88.88708964735243,38.39746617173167,57.947647928004216,67.0502347374734,42.35096153082432,49.19167366635091,56.026444538539565,63.718460549908514,77.83458386585492,81.38039161288745,112.91608888679706,38.69385708984667,48.273212209973956,56.92970614197617,58.655489223801425,64.78723365339218,66.34021043579061,84.62262227564024,100.97673873702064,29.81836185375239,40.33429742071118,49.049709593803776,52.30550908302771,57.93925772972939,64.63637826190535,74.79647615687887,78.96986212715946,87.17411313554464,111.78998812585931,32.383720930232556,53.33720930232558,32.383720930232556,39.383720930232556,23.063125944051112,45.626868066554984,55.36814552427763,28.35234527617836,36.62186789393484,60.13043799267749,0.0
12.617268431221921,46.49531516269262,54.53376017618474,65.25677971797055,88.92344726873348,38.35479186031952,57.95332123274952,67.08723574414024,42.31640047913503,49.180605441549396,56.02133306483163,63.7330125655531,77.84895036917291,81.37629465571311,112.9420080752076,38.6515283020397,48.23740600995569,56.92960750189833,58.65649948004964,64.80430400575732,66.37833791672797,84.63508460403204,100.9863019469812,29.733024563525166,40.29555830031913,49.04305447822506,52.28147139269028,57.93033087586666,64.66343987180251,74.86436706444111,78.98691276855553,87.20321288081978,111.81258129212688,32.383720930232556,53.33720930232558,32.383720930232556,39.383720930232556,23.01932085741501,45.65190241717869,55.38691626029003,28.320977638231916,36.6144395063212,60.16923401823758,0.0
12.66382661731499,46.4920842777005,54.51009156121529,65.2472721692154,88.95985431745021,38.31209468887178,57.95894496745017,67.12430918088734,42.28175278272802,49.16957538507955,56.01620859113697,63.74746937938378,77.86330398679188,81.37230363971504,112.96799088632761,38.60917343714972,48.2015658654673,56.9295100971506,58.65750062777881,64.82124874875359,66.41658825443483,84.64757395332708,100.99590878337995,29.647654712861975,40.256777500721924,49.036331011164435,52.25740068860932,57.92147145677714,64.69047457854083,74.9321998459865,79.00399776764297,87.23235452509832,111.83529140096866,32.383720930232556,53.33720930232558,32.383720930232556,39.383720930232556,22.975501800741515,45.67683559119135,55.405802142950854,28.28951458003549,36.60706427668135,60.20807230607386,0.0
12.71038480340806,46.488824562136436,54.48636324510578,65.23780405784622,88.99631046049292,38.269374858452174,57.964519603830425,67.16145437492669,42.247019249651885,49.15858277170388,56.011071103475636,63.76183096876431,77.87764246200797,81.36842100712853,112.9940370884306,38.56679273072987,48.165691968318306,56.92941390753508,58.65849276901528,64.83807123522719,66.45495770345772,84.66009012704575,101.0055593261127,29.562252581405804,40.2179553821586,49.02953703472184,52.23329956913523,57.91267926995305,64.71748184856393,74.99997402582748,79.02111767542685,87.26153733193937,111.85811876923991,32.383720930232556,53.33720930232558,32.383720930232556,39.383720930232556,22.931668892750633,45.70166727335029,55.424803368782804,28.25795671866471,36.59974190963311,60.24695253449287,0.0
12.756942989501132,46.48553571944867,54.46257582932702,65.22837540929616,89.03281536750951,38.22663256779428,57.970045610155516,67.19867065925949,42.212200681868715,49.1476268799422,56.00592058898493,63.77609731643479,77.89196349288311,81.36464924063303,113.02014645041602,38.52438641561558,48.12978450843867,56.929318913254676,58.659476004485235,64.85477469162846,66.49344265047029,84.67263292843889,101.01525365511002,29.476818444952205,40.179092300784404,49.022670350851484,52.20917068156721,57.90395410098589,64.74446115496816,75.06768911703212,79.03827305792267,87.29076056579548,111.88106371351252,32.383720930232556,53.33720930232558,32.383720930232556,39.383720930232556,22.88782225071805,45.72639715676005,55.443920127405626,28.226304670241298,36.592472107772984,60.28587438477642,0.0
12.803501175594201,46.48221744929082,54.43872992057739,65.2189862449293,89.06936871078389,38.18386801333464,57.975523451206534,67.23595737266814,42.177297875206044,49.136706992146806,56.000757035909224,63.79026841048972,77.90626473209149,81.36099086350772,113.0463187418118,38.48195472196164,48.09384367390653,56.92922509490412,58.66045043363197,64.87136222147154,66.53203961073648,84.68520216049595,101.02499185033358,29.39135257551897,40.14018860872401,49.01572872059326,52.18501672256145,57.895295724013025,64.77141197736724,75.13534462057426,79.05546449690817,87.32002349206293,111.90412655004873,32.383720930232556,53.33720930232558,32.383720930232556,39.383720930232556,22.84396199049781,45.751024942921006,55.46315260146491,28.194559049839754,36.58525457179952,60.324837541151425,0.0
12.85005936168727,46.47886944747291,54.414826130792285,65.20963658210175,89.10597016521446,38.14108138924515,57.98095358825738,67.27331385970675,42.14231161931312,49.12582239457268,55.99558043359017,63.80434424435541,77.9205437868202,81.35744843973391,113.07255373277731,38.43949787727876,48.05786965097527,56.9291324334608,58.661416154632626,64.88783680892126,66.57074522444742,84.69779762595346,101.03477399177225,29.305855241414285,40.10124465412356,49.00870986332786,52.160840438521426,57.88670390215559,64.79833380176167,75.20294002442627,79.07269259073401,87.34932537713223,111.92730759477516,32.383720930232556,53.33720930232558,32.383720930232556,39.383720930232556,22.800088226544556,45.77555034177631,55.48250096656286,28.162720471396362,36.578089000634115,60.36384169076022,0.0
12.89661754778034,46.47549140591161,54.390865077153926,65.20032643422299,89.14261940829287,38.09827288746513,57.98633647905426,67.31073947068991,42.107242697621345,49.11497237744346,55.990390772457026,63.818324816767095,77.93479821872735,81.35402457404055,113.098851194106,38.397016106469536,48.02186262410015,56.929040910276065,58.66237326441519,64.90420132246956,66.6095562529699,84.7104191273033,101.04460015943816,29.22032670730342,40.06226078120251,49.001611456058164,52.136644625966504,57.87817838794738,64.8252261204129,75.27047480258983,79.08995795519809,87.37866548843714,111.95060716325614,32.383720930232556,53.33720930232558,32.383720930232556,39.383720930232556,22.756201071935358,45.79997307175715,55.50196539119123,28.13078954762054,36.570975091539154,60.402886523631,0.0
12.94317573387341,46.472083012580306,54.36684738210197,65.19105581081644,89.17931612008265,38.05544269773269,57.99167257779684,67.34823356167976,42.07209188730858,49.104156235012745,55.985188044017306,63.832210131744965,77.94902554396286,81.35072191188834,113.12521089722797,38.35450963186387,47.98582277596446,56.92895050706676,58.66332185867494,64.92045851866729,66.64846957504031,84.72306646680121,101.05447043336304,29.13476723427403,40.02323733030439,48.994431132721644,52.11243213187603,57.86971892375494,64.8520884317218,75.33794841405896,79.10726122448897,87.40804309450401,111.97402557066738,32.383720930232556,53.33720930232558,32.383720930232556,39.383720930232556,22.712300638391117,45.82429285982619,55.52154603666641,28.098766889908465,36.56391254023358,60.44197173264866,0.0
12.98973391996648,46.46864395145828,54.34277367334463,65.18182471758023,89.21605998319824,38.012591007615704,57.996962335121935,67.38579549447167,42.03685995926746,49.09337326562127,55.979972240847566,63.84600019857003,77.96322323325599,81.34754313938794,113.15163261421262,38.31197867325385,47.94975028750512,56.92886120590676,58.66426203189081,64.93661104588281,66.68748218293294,84.73573944647539,101.06438489359422,29.04917707990001,39.98417463794714,48.98716648353725,52.08820585400424,57.861325242189054,64.87892024011137,75.40536030171008,79.12460305220372,87.43745746500015,111.9975631317691,32.383720930232556,53.33720930232558,32.383720930232556,39.383720930232556,22.66838703629762,45.848509441519205,55.5412430570669,28.066653108258986,36.55690104100591,60.4810970135258,0.0
13.036292106059548,46.46517390247959,54.31864458387036,65.17263315644752,89.25285068278393,37.96971800254217,58.0022061980889,67.42342463657823,42.00154767807735,49.08262277174976,55.97474335658458,63.85969503175907,77.97738871207399,81.34449098314713,113.17811611777087,38.26942344792809,47.913645337937815,56.92877298921898,58.665193877341615,64.95266144806234,66.7265911786275,84.74843786813483,101.07434362019067,28.963556498304033,39.94507303687287,48.97981505439072,52.0639687411628,57.85299706650733,64.90572105591377,75.4727098911125,79.14198411244718,87.46690787078188,112.02122016087905,32.383720930232556,53.33720930232558,32.383720930232556,39.383720930232556,22.6244603747261,45.87262256098481,55.56105659917282,28.034448811191897,36.54994028682464,60.52026206477416,0.0
13.082850292152617,46.46167254148149,54.29446075196024,65.16348112564663,89.28968790649304,37.92682386583018,58.00740461016709,67.46112036121202,41.96615580198002,49.07190406006789,55.96950138591661,63.87329465103908,77.99151936085745,81.34156821004373,113.20466118125798,38.226844170705604,47.877508104781796,56.92868583976747,58.666117487122136,64.96861216847024,66.76579376999734,84.76116153337793,101.08434669321935,28.8779057402187,39.90593285609647,48.97237434626343,52.039723793465534,57.844734111008215,64.93249039526125,75.5399965892526,79.15940510101828,87.49639358394184,112.04499697184575,32.383720930232556,53.33720930232558,32.383720930232556,39.383720930232556,22.580520761453503,45.89663197102224,55.58098680240799,28.002154605668313,36.54302996944619,60.5594665876762,0.0
13.129408478245688,46.458139540152224,54.27022282120103,65.1543686197609,89.32657134446724,37.88390877871733,58.01255801122505,67.4988820472669,41.93068508285884,49.06121644147927,55.96424632457477,63.88679908132123,78.0056125153359,81.33877762691738,113.23126757867539,38.18424105396906,47.841338763884025,56.92859974064969,58.667032952158756,64.98446555339198,66.80508726703619,84.7739102436013,101.09439419275084,28.792225053046515,39.86675442095434,48.964841814708954,52.01547406253166,57.8365360814166,64.9592277799808,75.60721978316407,79.17686673669239,87.52591387785615,112.06889387802072,32.383720930232556,53.33720930232558,32.383720930232556,39.383720930232556,22.536568302982346,45.920537433117154,55.60103379878423,27.969771097013478,36.53616977952023,60.598710286256996,0.0
13.175966664338759,46.454574565978454,54.24593144049882,65.14529562978827,89.36350068931588,37.84097292038968,58.01766683752163,67.53670907929796,41.895136266221186,49.05055923116259,55.958978169324965,63.90020835267397,78.01966546693019,81.3361220801766,113.25793508467326,38.141614307697665,47.80513748944306,56.92851467528903,58.667940362225146,65.00022385578426,66.84446907813856,84.78668380000836,101.10448619885574,28.706514680918453,39.82753805315187,48.9572148693826,51.99122265164171,57.82840267526036,64.9859327374925,75.67437883845581,79.1943697626069,87.55546802723063,112.09291119223126,32.383720930232556,53.33720930232558,32.383720930232556,39.383720930232556,22.49260310456022,45.94433871747536,55.62119771284813,27.937298888841635,36.529359406692585,60.63799286725647,0.0
13.222524850431828,46.45097728219208,54.22158726409329,65.13626214320038,89.40047563609565,37.79801646801025,58.02273152169879,67.57460084750026,41.859510091184454,49.03993174860933,55.953696917959675,63.91352250029578,78.03367546324539,81.33360445531552,113.28466347455262,38.098964139499415,47.76890445403231,56.92843062742741,58.66883980595783,65.01588923885976,66.88393670644663,84.79948200361795,101.11462279160051,28.620774864751375,39.78828407081046,48.94949087362913,51.96697271584165,57.82033358223908,65.01260480071171,75.74147309772854,79.21191494775967,87.58505530814708,112.11704922675334,32.383720930232556,53.33720930232558,32.383720930232556,39.383720930232556,22.44862527019889,45.968035603054446,55.64147866163037,27.904738582983217,36.52259853970563,60.67731404010185,0.0
13.269083036524897,46.44734734771671,54.19719095157261,65.12726814400187,89.43749588229022,37.755039596747025,58.02775249277586,67.6125567476864,41.823807290464934,49.02933331765763,55.94840256929009,63.926741564487216,78.04763970866036,81.3312276763352,113.31145252426732,38.05629075464293,47.73263982862313,56.92834758111834,58.66973137087125,65.03146377959642,66.9234877462731,84.8123046552732,101.12480405104345,28.53500584230425,39.748992788514194,48.94166714413449,51.94272746198906,57.812328484583865,65.03924350795428,75.80850187886986,79.22950308863035,87.61467499810853,112.14130829328322,32.383720930232556,53.33720930232558,32.383720930232556,39.383720930232556,22.404634902693097,45.991627877593274,55.66187675459736,27.872090779414133,36.515886866496224,60.71667351688035,0.0
13.315641222617968,46.4436844171135,54.17274316788911,65.11831361278877,89.47456112779001,37.71204247980054,58.03273017614585,67.65057618126292,41.78802859036989,49.01876326652302,55.94309512313844,63.93986559062237,78.06155536501853,81.32899470506422,113.33830201042626,38.01359435608885,47.696343782607244,56.92826552071988,58.67061514337287,65.04694947216315,66.96311987960887,84.82515155565035,101.13503005723067,28.449207848233137,39.70966451735527,48.933740950647014,51.918490148735806,57.80438705740898,65.06584840284545,75.87546447321691,79.24713501093537,87.64432637608446,112.16568870290968,32.383720930232556,53.33720930232558,32.383720930232556,39.383720930232556,22.360632103638956,46.01511533763925,55.68239209360551,27.83935607618729,36.509224074291225,60.756071012312184,0.0
13.362199408711037,46.439988140526786,54.148244583375565,65.10939852680684,89.5116710748722,37.669025288431,58.037664993572726,67.68865855520556,41.75217471079263,49.00822092782569,55.93777458033051,63.95289462911985,78.07541955242536,81.32690854037355,113.36521171029524,37.97087514452065,47.66001648381883,56.92818443088774,58.67149120877809,65.06234823125509,67.0028308727218,84.8380225052676,101.1453008901921,28.36338111414508,39.67029956497958,48.92570951577466,51.894264086441154,57.79650896905523,65.0924190342315,75.94236014357385,79.26481157152945,87.67400872255513,112.1901907660864,32.383720930232556,53.33720930232558,32.383720930232556,39.383720930232556,22.31661697345212,46.03849778857343,55.70302477285818,27.806535069366213,36.5026098497006,60.79550624372388,0.0
13.408757594804106,46.4362581636289,54.123695873761974,65.10052286000976,89.54882542818076,37.62598819198499,58.042557363190774,67.72680328203354,41.7162463652102,48.997705638614555,55.932440942688245,63.96582873541299,78.08922935015778,81.32497221728016,113.3921814017989,37.92813331837506,47.62365809855631,56.92810429656891,58.672359651324925,65.07766189533417,67.04261857285123,84.85091730449396,101.15561662993731,28.277525868650876,39.630898235631065,48.91757001486434,51.87005263700873,57.78869388142508,65.11895495609508,76.00918812207156,79.28253366046599,87.70372131955604,112.2148147926034,32.383720930232556,53.33720930232558,32.383720930232556,39.383720930232556,22.272589611385467,46.06177504463323,55.723774878865036,27.77362835296076,36.496043878808145,60.83497893102179,0.0
13.455315780897179,46.432494127564844,54.0990977201933,65.09168658311653,89.58602389470676,37.582931357921694,58.04740769950479,67.7650097797828,41.680244260684056,48.987216740388554,55.92709421302269,63.97866796991978,78.102981797691,81.32318880593424,113.41921086352247,37.88536907387203,47.58726879160371,56.92802510299504,58.673220554188475,65.09289222977094,67.08248090500183,84.86383575355823,101.1659773564515,28.19164233741668,39.59146083019584,48.90931957597036,51.84585921364062,57.78094145030961,65.14545572747289,76.07594760785346,79.3003022032329,87.7334634507211,112.2395610915587,32.383720930232556,53.33720930232558,32.383720930232556,39.383720930232556,22.228550115546565,46.08494692893297,55.74464249040418,27.74063651886498,36.48952584725985,60.874488796665865,0.0
13.501873966990248,46.42869566889642,54.07445080924755,65.0828896636689,89.62326618376855,37.53985495183881,58.05221641339217,67.80327747197832,41.644169097863255,48.97675357911455,55.92173439512697,63.99141239801193,78.11667389584716,81.32156141048523,113.44629987471366,37.8425826050442,47.5508487262515,56.927946835676366,58.67407399949524,65.10804092988525,67.12241586883967,84.87677765255815,101.17638314969145,28.105730743214664,39.55198764624553,48.90095527991857,51.821687280502125,57.77325132570757,65.17192091237673,76.14263776457196,79.31811816317867,87.76323440132632,112.26442997132999,32.383720930232556,53.33720930232558,32.383720930232556,39.383720930232556,22.18449858291485,46.108013273481916,55.76562767848696,27.707560156797,36.48305544034993,60.914035565643765,0.0
13.548432153083317,46.42486241954587,54.04975583295483,65.07413206608827,89.66055200699242,37.496759137497904,58.05698391210584,67.84160578760554,41.608021570990175,48.96631550524269,55.91636149376951,64.0040620899836,78.13030260807173,81.3200931678208,113.47344821528434,37.79977410376598,47.51439806431722,56.92786948039532,58.67492006833736,65.12310962388472,67.16242153569122,84.88974280146901,101.186834089581,28.0197913059725,39.51247897808002,48.89247416047396,51.797540352289225,57.7656231521363,65.19835007971696,76.20925771767655,79.33598254414828,87.79303345833212,112.28942173954623,32.383720930232556,53.33720930232558,32.383720930232556,39.383720930232556,22.140435109358346,46.130973919200024,55.786730506325355,27.674399854240956,36.4766323431046,60.95361896544515,0.0
13.594990339176388,46.420994006739235,54.02501348881679,65.06541375173224,89.69788107829318,37.45364407684946,58.06171059927891,67.87999416108094,41.571802367908525,48.955901873718965,55.910975514687365,64.01661712101948,78.1438648618418,81.31878724617454,113.50065566581206,37.75694375978213,47.47791696616568,56.927793023200756,58.675758840786386,65.13809987569998,67.20249604564627,84.90273100015317,101.19733025600748,27.933824242821927,39.47293511676997,48.88387320461835,51.77342199369185,57.75805656893477,65.22474280322882,76.27580655147335,79.35389639334875,87.82285991042598,112.31453670305832,32.383720930232556,53.33720930232558,32.383720930232556,39.383720930232556,22.096359789650258,46.15382871593126,55.80795102930221,27.641156196390895,36.470256240363504,60.993238726036296,0.0
13.641548525269458,46.417090052949064,54.00022447982679,65.05673467895075,89.7352531138548,37.41050993005749,58.06639687493005,67.91844203222175,41.53551217007404,48.945512043995166,55.905576464579696,64.02907757116243,78.15735755021193,81.31764684359779,113.52792200754169,37.714091760736004,47.44140559072882,56.92771745040213,58.67659039590726,65.15301318771719,67.24263760476455,84.91574204836895,101.20787172881697,27.84782976814626,39.43335635019813,48.87514935294651,51.749335818745436,57.75055121055904,65.25109866140134,76.3422833059337,79.3718608044666,87.85271304806422,112.33977516791083,32.383720930232556,53.33720930232558,32.383720930232556,39.383720930232556,22.052272717485117,46.17657752245441,55.829289294944196,27.60782976609677,36.46392681685903,61.03289457983489,0.0
13.688106711362527,46.413150175837124,53.97538951449094,65.04809480314186,89.77266783211144,37.367356855523845,58.0710431354705,67.95694884621496,41.49915165256707,48.93514538003615,55.900164351101594,64.04144352528043,78.17077753350063,81.3166751862898,113.55524702238705,37.671218292197224,47.404864095525156,56.927642748563684,58.67741481177177,65.1678510034083,67.28284448238553,84.92877574577975,101.21845858781045,27.761808093626996,39.39374296310073,48.86629950018814,51.72528549006231,57.74310670686959,65.27741723740859,76.40868697322645,79.38987692106312,87.88259216351334,112.36513743931289,32.383720930232556,53.33720930232558,32.383720930232556,39.383720930232556,22.008173985494754,46.199220206491496,55.85074534289747,27.574421143812263,36.45764375729324,61.07258626168519,0.0
13.734664897455596,46.40917398819631,53.950509306849426,65.03949407680716,89.81012495372846,37.324185009911915,58.07564977371184,67.99551405358554,41.46272148410733,48.92480125032485,55.894739182857656,64.05371507303316,78.18412164112358,81.31587552678407,113.58263049293218,37.628323537689155,47.36829263667895,56.92756890449917,58.67823216547207,65.18261470986029,67.32311500853946,84.94183189196335,101.22909091273952,27.675759428289368,39.354095237107806,48.857320495863824,51.70127471793554,57.73572268341159,65.30369811904333,76.47501649394611,79.40794594027457,87.91249655089125,112.39062382160866,32.383720930232556,53.33720930232558,32.383720930232556,39.383720930232556,21.964063685263902,46.22175664471362,55.8723192049062,27.540930907544574,36.451406746412786,61.11231350883334,0.0
13.781223083548666,46.40516109789248,53.925584576498736,65.03093244960667,89.84762420158354,37.280994548170234,58.08021717887493,68.03413711016412,41.42622232707097,48.9144790278649,55.889300969396146,64.06589230883797,78.19738667357585,81.3152511419843,113.61007220243262,37.58540767871571,47.33169136893905,56.927495905266035,58.67904253313384,65.19730564020527,67.36344757145889,84.95491028642112,101.23976878330197,27.589683978547058,39.314413450783256,48.848209145082805,51.67730725930689,57.728398761687075,65.32994089865345,76.54127075300592,79.42606911684896,87.94242550620804,112.41623461824861,32.383720930232556,53.33720930232558,32.383720930232556,39.383720930232556,21.919941907345592,46.244186722744296,55.89401090479383,27.507359632806185,36.44521546908158,61.15207606090293,0.0
13.827781269641736,46.401111107805725,53.90061604861441,65.02240986841338,89.88516530074787,37.2377856235555,58.08474573659996,68.07281747705382,41.38965483750929,48.90417809018106,55.88384972120305,64.07797533183545,78.21056940456751,81.31480533104926,113.63757193481719,37.54247089478801,47.29506044569733,56.92742373816062,58.67984598992951,65.21192507595335,67.40384061518806,84.96801072858722,101.25049227913776,27.503581948245998,39.2746978796644,48.83896220949083,51.65338691659078,57.72113455942022,65.35614517307984,76.60744857516039,79.44424776755376,87.97237832740578,112.44197013176006,32.383720930232556,53.33720930232558,32.383720930232556,39.383720930232556,21.87580874127618,46.26651033516028,55.915820458447286,27.47370789256835,36.43906961035137,61.19187365987098,0.0
13.874339455734805,46.39702361577159,53.87560445397442,65.01392627736745,89.92274797846791,37.19455838765536,58.08923582895729,68.11155462059665,41.353019665169604,48.893897819317395,55.878385449696175,64.08996424585436,78.22366658331563,81.31454141312096,113.6651294746887,37.49951336345044,47.25840001900686,56.92735239071266,58.68064261009097,65.22647424923001,67.44429263728817,84.98113301783795,101.26126147982468,27.41745353870722,39.23494879630077,48.829576408376546,51.62951753634601,57.713929690814844,65.38231054359701,76.67354872011981,79.46248327599365,88.00235431439879,112.4678306637174,32.383720930232556,53.33720930232558,32.383720930232556,39.383720930232556,21.831664275590228,46.28872738548973,55.937747873803765,27.43997625721654,36.43296885553029,61.23170605004387,0.0
13.920897641827874,46.392898214521644,53.85055052898322,65.00548161792989,89.96037196414663,37.15131299041074,58.0936878344594,68.15034801233917,41.31631745351761,48.883637601833485,55.872908167219734,64.10185915937613,78.23667493699499,81.31446272489522,113.69274460732554,37.45653526030645,47.2217102395998,56.92728185068053,58.68143246692257,65.24095434492153,67.48480218663585,84.99427695350124,101.27207646487392,27.33129894876894,39.195166470292335,48.82004841994369,51.60570300778706,57.70678376680496,65.40843661585589,76.73956987721161,79.4807770978814,88.03235276911298,112.49381651471315,32.383720930232556,53.33720930232558,32.383720930232556,39.383720930232556,21.787508597834996,46.310837786207976,55.95979315084076,27.406165294507648,36.42691289024924,61.27157297803382,0.0
13.967455827920944,46.38873449162401,53.825455015696285,64.9970758289357,89.99803698932536,37.10804958013789,58.09810212807354,68.18919712899786,41.27954883976169,48.87339682879868,55.86741788703862,64.11366018549909,78.24959117335004,81.31457261803193,113.72041711868265,37.413536759043886,47.18499125690474,56.92721210604614,58.68221563281337,65.25536650272983,67.52536786131242,85.0074423348656,101.28293731372585,27.2451183748277,39.15535116832774,48.81037488275829,51.581947261127,57.6996963952982,65.43452299982793,76.80551065954178,79.49913076681086,88.0623729955248,112.51992798432772,32.383720930232556,53.33720930232558,32.383720930232556,39.383720930232556,21.743341794584786,46.332841458730485,55.98195628156846,27.372275569528938,36.42090140052637,61.31147419273539,0.0
14.014014014014018,46.38453202942352,53.800318661845346,64.98870884664684,90.03574278766565,37.06476830355008,58.1024790812355,68.22810145242372,41.24271445487868,48.863174895784425,55.861914623333206,64.12536744190174,78.26241198346901,81.31487445640293,113.74814679539271,37.37051803146006,47.14824321906417,56.92714314501033,58.68299217924979,65.26971181914054,67.56598830658109,85.02062896119017,101.29384410574573,27.15891201087876,39.1155031542212,48.80055239737755,51.55825426574403,57.692667181412055,65.46056930975209,76.87136959760049,79.51754590058569,88.09241429970022,112.54616537110005,32.383720930232556,53.33720930232558,32.383720930232556,39.383720930232556,21.699163951454977,46.354738333403304,56.004237250025454,27.338307644658816,36.414934072829475,61.35140944530241,0.0
14.060572200107087,46.38029040498154,53.77514222086416,64.9803806048045,90.0734890949312,37.02146930577893,58.106819061863746,68.26706046956662,41.205814923641356,48.85297120285481,55.85639839119399,64.1369810508061,78.27513404472123,81.3153716131783,113.77593342476696,37.32747924748627,47.111466272951304,56.92707495598803,58.68376217682778,65.28399134930638,67.60666221294923,85.03383663171356,101.30479692021935,27.072680048555643,39.075622688949636,48.7905775281691,51.5346280281639,57.68569572770348,65.48657516408274,76.9371451322516,79.53602420816573,88.12247598983281,112.57252897249741,32.383720930232556,53.33720930232558,32.383720930232556,39.383720930232556,21.65497515311581,46.37652834949095,56.02663603227697,27.30426207952924,36.40901059413653,61.39137848912492,0.0
14.107130386200156,46.3760091900157,53.749926451914746,64.97209103468091,90.11127564897002,36.9781527303954,58.11112243437484,68.30607367243906,41.16885086464732,48.842785154555465,55.8508692066164,64.14850113894029,78.28775402385759,81.31606746774926,113.80377679479643,37.28442057521216,47.07466056418664,56.92700752760392,58.6845256952648,65.2982061088493,67.64738831431282,85.04706514566378,101.31579583634853,26.986422677168928,39.035710030688705,48.78044680532704,51.51107258985093,57.678781634391314,65.51254018544051,77.00283560703728,79.55456749729949,88.15255737628183,112.599019084886,32.383720930232556,53.33720930232558,32.383720930232556,39.383720930232556,21.610775483305957,46.39821145516163,56.04915259641615,27.27013943098986,36.40313065199424,61.43138107980659,0.0
14.153688572293225,46.371687950839444,53.72467211991429,64.96384006513108,90.14910218969659,36.93481871943049,58.1153895596991,68.3451405580797,41.13182289034907,48.832616159900695,55.84532708649588,64.15992783750079,78.30026858027355,81.31696540249011,113.83167669415272,37.24134218090953,47.0378262371544,56.92694084868783,58.68528280341191,65.31235707558365,67.68816538618022,85.06031430226746,101.32684093324684,26.900140083744194,38.99576543484886,48.7701567270925,51.48759202480036,57.67192449957242,65.53846400056372,77.06843925972038,79.57317768291927,88.18265777160988,112.62563600350047,32.383720930232556,53.33720930232558,32.383720930232556,39.383720930232556,21.566565024845854,46.4197876074698,56.07178690256808,27.235940253073785,36.39729393457471,61.4714169751422,0.0
14.200246758386296,46.36732624830104,53.699379995562495,64.95562762264346,90.18696845907436,36.89146741339557,58.1196207952974,68.38426062851633,41.09473160708579,48.82246363235924,55.83977204862288,64.1712612821141,78.31267436943267,81.31806879935935,113.85963291218887,37.19824422905595,47.00096343501862,56.92687490827061,58.68603356926534,65.3264451911641,67.72899224397226,85.07358390075971,101.33793228993528,26.813832453059323,38.9557891541104,48.75970376218463,51.464190436925904,57.66512391943105,65.56434624026238,77.13395421297761,79.59185679638661,88.21277649062006,112.65238002241409,32.383720930232556,53.33720930232558,32.383720930232556,39.383720930232556,21.52234385965075,46.44125677233617,56.09453890289681,27.201665096964973,36.39150013073031,61.51148593509542,0.0
14.246804944479365,46.36292363772298,53.67405085536953,64.94745363139064,90.22487420109825,36.84809895130249,58.12381649517819,68.42343339072862,41.05757761511609,48.812326989838425,55.83420411167804,64.18250161279833,78.32496804644822,81.31938103634366,113.88764523894007,37.155126882357955,46.96407229973885,56.92680969557953,58.6867780599782,65.3404713626602,67.76986774139598,85.08687374039341,101.34906998533765,26.72749996768101,38.91578143845857,48.74908435244812,51.44087195723637,57.65837948844163,65.59018653937328,77.19937846414604,79.61060699568564,88.24291285039291,112.6792514345085,32.383720930232556,53.33720930232558,32.383720930232556,39.383720930232556,21.478112068743652,46.46261892452503,56.11740854161503,27.16731451096723,36.38574893004661,61.55158772177686,0.0
14.293363130572434,46.35847966884079,53.648685481684176,64.93931801327929,90.26281916177713,36.80471347068323,58.12797700991548,68.46265835661056,41.02036150865206,48.80220565466684,55.82862329522749,64.19364897392407,78.33714626981967,81.32090548374788,113.91571346512475,37.11199030177385,46.92715297208577,56.926745200034645,58.687516341871934,65.35443646406155,67.81079076888874,85.10018362044907,101.36025409827627,26.64114280800053,38.875742535217576,48.73829491572242,51.41764074079571,57.651690799565536,65.61598453671711,77.26470987391133,79.62943057667515,88.27306617032325,112.70625053144347,32.383720930232556,53.33720930232558,32.383720930232556,39.383720930232556,21.433869732267873,46.48387404761907,56.14039575499679,27.132889040474744,36.3800400228937,61.59172209942225,0.0
14.339921316665503,46.35399388574193,53.62328466272278,64.93122068799971,90.30080308911697,36.76131110760938,58.132102686667295,68.50193504293262,40.98308387589448,48.79209905357598,55.823029619718234,64.20470351417488,78.34920570531902,81.32264550033534,113.94383738214479,37.06883464653628,46.8902055916564,56.92668141124428,58.68824848044743,65.3683413377154,67.85176025213028,85.11351334024428,101.37148470746754,26.554761152268824,38.835672689084824,48.727331848937126,51.394500963462846,57.64505744444114,65.6417398750567,77.32994615381415,79.64832998552367,88.30323577215594,112.73337760362683,32.383720930232556,53.33720930232558,32.383720930232556,39.383720930232556,21.389616929499507,46.505022133991375,56.16350047139285,27.09838922794414,36.37437310047558,61.63188883437099,0.0
14.386479502758574,46.34946582680463,53.59784919259842,64.92316157307502,90.33882573310333,36.71789199671125,58.136193869194564,68.54126297130347,40.94574529906893,48.782006617680246,55.817423106473555,64.21566538650765,78.3611430300213,81.32460442932447,113.97201678208664,37.02566007417441,46.853230296889095,56.926618319001534,58.688974540396295,65.38218679570001,67.89277515061971,85.1268626991436,101.3827618915172,26.468355176630958,38.795572142163984,48.7161915314367,51.37145681840683,57.638479013568315,65.6674522010571,77.39508485243206,79.66730783247012,88.33342098002221,112.76063294018385,32.383720930232556,53.33720930232558,32.383720930232556,39.383720930232556,21.345353738859625,46.52606318477508,56.18672261124901,27.063815612868048,36.368747854877974,61.672087695044674,0.0
14.433037688851643,46.34489502463665,53.57237987135051,64.91514058390952,90.37688684568472,36.674456271196696,58.140250897880776,68.58064166813183,40.90834635446312,48.77192778245598,55.81180377768867,64.22653474811227,78.372954936473,81.3267855942482,114.00025145772157,36.9824667405358,46.816227225078386,56.92655591328011,58.68969458561182,65.39597362113635,67.93383445631495,85.14023149656822,101.39408572891627,26.38192505515979,38.75544113399798,48.704870328537716,51.34851251239533,57.6319550964863,65.69312116524684,77.46012334007797,79.68636690706805,88.3636211204751,112.788016828927,32.383720930232556,53.33720930232558,32.383720930232556,39.383720930232556,21.301080237926286,46.546997209830245,56.210062087127184,27.029168731750147,36.36316397911434,61.7123184519262,0.0
14.479595874944714,46.34028100601397,53.54687750497472,64.90715763383699,90.41498618075569,36.63100406286969,58.14427410975185,68.62007066458774,40.870887612464934,48.76186198771934,55.80617165642626,64.23731176037117,78.38463813699009,81.32919229468463,114.02854120250633,36.9392547998079,46.77919651238931,56.926494184230755,58.690408679199805,65.40970256944067,67.97493719233172,85.15361953200545,101.40545629803626,26.295470959889112,38.71527990160168,48.69336459531921,51.325672261854876,57.62548528194629,65.7187464219805,77.52505879183332,79.70551019509675,88.39383552252474,112.81552955632566,32.383720930232556,53.33720930232558,32.383720930232556,39.383720930232556,21.25679650344633,46.567824227708186,56.23351880372922,26.99444911808158,36.357621167170294,61.75258087753883,0.0
14.526154061037783,46.33562329181971,53.52134290545336,64.89921263416817,90.45312349414019,36.587535502148555,58.14826383849682,68.65954949656393,40.83336963760162,48.75180867760306,55.800526766612386,64.24799658881838,78.39618936807653,81.33182780186715,114.05688581058372,36.89602440453936,46.74213829387194,56.92643312217752,58.69111688348919,65.4233743695205,68.01608241169971,85.16702660501907,101.41687367712463,26.208993060846037,38.675088679493726,48.68167068064662,51.302940288702175,57.619069158077814,65.74432762940299,77.58988816871127,79.72474089734287,88.42406351767336,112.84317140747524,32.383720930232556,53.33720930232558,32.383720930232556,39.383720930232556,21.212502611346952,46.588544265613336,56.25709265792342,26.959657302318828,36.35211911404643,61.79287474642545,0.0
14.572712247130854,46.33092139698274,53.495776890785955,64.89130549423777,90.4912985435749,36.54405071808395,58.152220414488546,68.69907770463678,40.79579298857942,48.74176730053214,55.794869133032066,64.25858940309828,78.40760539495325,81.33469535418462,114.08528507678292,36.852775705660896,46.70505270347511,56.926372717614186,58.69181926004253,65.43698972491661,68.05726919617352,85.18045251525854,101.42833794430052,26.122491526082843,38.6348676997281,48.66978493142833,51.2803208159487,57.61270631254955,65.76986444941481,77.65460819671591,79.74406245048696,88.45430443994984,112.87094266606705,32.383720930232556,53.33720930232558,32.383720930232556,39.383720930232556,21.16819863674714,46.60915735936249,56.28078353877409,26.924793811862955,36.34665751579949,61.83319983512825,0.0
14.619270433223923,46.326174830416946,53.47018028502013,64.88343612145133,90.52951108869298,36.5005498383766,58.156144164805276,68.73865483402743,40.75815821832441,48.73173730919878,55.789198781325375,64.2690903769241,78.41888301618624,81.33779815258387,114.11373879662001,36.809508852505914,46.66793987406039,56.92631296120085,58.69251586966652,65.45054931489344,68.09849665509566,85.19389706246912,101.43984917754992,26.035966521708158,38.5946171919254,48.65770369710161,51.25781806307997,57.606396332724636,65.79535654763862,77.71921534353318,79.76347855035861,88.48455762594422,112.89884361435772,32.383720930232556,53.33720930232558,32.383720930232556,39.383720930232556,21.12388465396882,46.62966355334148,56.30459132757342,26.889859171040133,36.341236069582045,61.87355592216852,0.0
14.665828619316992,46.32138309496004,53.44455391828265,64.87560442133095,90.56776089100772,36.457032989394676,58.16003541325214,68.77828043456248,40.72046587402378,48.72171816053612,55.78351573798327,64.27949968803594,78.43001906840053,81.34113935588498,114.14224676629813,36.76622399283084,46.63079993741562,56.92625384376041,58.69320677242217,65.46405379547993,68.13976392430972,85.20736004650193,101.45140745472129,25.949418211917546,38.55433738330344,48.64542333434387,51.23543624121454,57.60013880581064,65.82080359338694,77.78370579255332,79.78299317786184,88.51482241484165,112.92687453313833,32.383720930232556,53.33720930232558,32.383720930232556,39.383720930232556,21.07956073654794,46.65006290045948,56.32851589787631,26.854853901083555,36.33585447368059,61.913942788026546,0.0
14.71238680541006,46.316545687313045,53.41889862681086,64.86781029756112,90.60604771389634,36.413500296191046,58.163894480383405,68.81795406063483,40.68271649716787,48.711709315691515,55.777820030343754,64.28981751815864,78.44101043106724,81.34472207602582,114.17080878270805,36.722921272835094,46.59363302426821,56.926195356275294,58.69389202763488,65.47750380046318,68.18107016512103,85.22084126732337,101.46301285352085,25.862846759023558,38.5140284987075,48.63294021200369,51.21317954804836,57.593933319003995,65.84620525963115,77.84807541388196,79.80261062791148,88.54509814845609,112.95503570170429,32.383720930232556,53.33720930232558,32.383720930232556,39.383720930232556,21.03522695724525,46.670355462100744,56.35255711553774,26.819778520116543,36.330512427552215,61.95436021512193,0.0
14.758944991503132,46.31166209797965,53.39321525298395,64.86005365203376,90.64437132258404,36.36995188252012,58.16772168352487,68.85767527116433,40.64491062359265,48.701710239998576,55.7721116865878,64.3000440529593,78.45185403134793,81.34854937324842,114.19942464342806,36.67960083718089,46.55643926429826,56.92613748988423,58.69457169390442,65.49089994233742,68.22241456330318,85.23434052502544,101.47466545150807,25.776252323485096,38.47369076064045,48.62025071624289,51.191052162591866,57.58777945962938,65.87156122297164,77.91231973195329,79.8223355417692,88.57538417126399,112.98332739782435,32.383720930232556,53.33720930232558,32.383720930232556,39.383720930232556,20.990883388056947,46.69054130807388,56.37671483875288,26.784633543136977,36.325209631859764,61.99480798779396,0.0
14.8055031775962,46.306731811206134,53.36750464535459,64.85233438489264,90.68273148412801,36.326387870854525,58.17151733679647,68.8974436295583,40.60704878352331,48.69172040294901,55.76639073573576,64.31017948200447,78.46254684898119,81.35262425124448,114.22809414672459,36.63626282901264,46.51921878615147,56.926080235879,58.69524582911472,65.50424281320961,68.2637963281478,85.24785761983547,101.48636532609117,25.68963506393639,38.43332438929174,48.60735125588136,51.169058239709564,57.581676815273994,65.89687116360881,77.97643388930312,79.84217294321962,88.60567983043725,113.0117498977102,32.383720930232556,53.33720930232558,32.383720930232556,39.383720930232556,20.94653010022521,46.71062051655884,56.40098891809967,26.749419482002885,36.319945788505606,62.035285892282204,0.0
14.85206136368927,46.30175430492136,53.34176765868053,64.84465239457762,90.72112796740186,36.28280838240154,58.175281751135465,68.93725870367228,40.56913150161752,48.68173927816318,55.76065720764341,64.32022399871713,78.47308592119316,81.35694965227641,114.25681709155198,36.59290738997607,46.48197171745186,56.92602358570136,58.695914490443606,65.5175329856642,68.30521469155613,85.26139235212631,101.49811255452236,25.60299513721523,38.392929602566895,48.59423826793207,51.147201904473704,57.575624973916774,65.92213476531526,78.040412606002,79.86212827908791,88.63598447587634,113.04030347598578,32.383720930232556,53.33720930232558,32.383720930232556,39.383720930232556,20.902167164248393,46.7305931740513,56.42537919658402,26.71413684541927,36.31472060066401,62.0757937167074,0.0
14.898619549782339,46.296729050677456,53.31600515395617,64.83700757786802,90.75956054307977,36.2392135371192,58.179015234319664,68.97712006577042,40.531159297010106,48.67176634336049,55.75491113299834,64.3301778003334,78.48346834761577,81.36152845229174,114.28559327755302,36.5495346602372,46.44469818481421,56.92596753094008,58.69657773437235,65.5307710135889,68.34666890716998,85.274944522426,101.50990721389314,25.516332698390844,38.35250661611588,48.58090822331339,51.12548724634464,57.569623524052965,65.94735171540911,78.10425013417999,79.88220746466554,88.66629746024279,113.06898840565695,32.383720930232556,53.33720930232558,32.383720930232556,39.383720930232556,20.85779464989124,46.75045937530493,56.44988550968756,26.678786138926064,36.309533772812145,62.1163312510525,0.0
14.945177735875413,46.291655513590484,53.290217998444135,64.82939982992569,90.7980289836211,36.19560345373222,58.18271809099094,69.01702729248613,40.49313268335738,48.66180108032904,55.74915254331625,64.34004108785902,78.49369129519258,81.36636345605004,114.31442250505849,36.50614477850087,46.40739831385633,56.92591206332784,58.69723561669498,65.54395743296293,68.38815824954072,85.28851393142821,101.52174938113001,25.429647900791075,38.31205564336141,48.567357632723045,51.103918313194285,57.56367205481355,65.97252170472805,78.16794020700104,79.90241693468799,88.69661813899143,113.0978049580803,32.383720930232556,53.33720930232558,32.383720930232556,39.383720930232556,20.813412626194765,46.77021922327117,56.47450768541779,26.64336786488717,36.304385010759695,62.15689828714383,0.0
14.991735921968482,46.286533152282075,53.26440706570673,64.82182904433758,90.83653306325502,36.15197824974773,58.18639062267899,69.05697996478257,40.45505216888233,48.65184297489459,55.74338147093743,64.34981406602554,78.50375200305353,81.37145739228168,114.34330457508774,36.46273788202913,46.370072229211225,56.92585717473855,58.69788819252775,65.55709276260981,68.42968201333431,85.30210038000182,101.53363913298934,25.342940896029216,38.27157689552677,48.55358305265641,51.082499105188965,57.55777015608042,65.99764442760434,78.23147598135898,79.92276370059103,88.72694587040272,113.12675340293325,32.383720930232556,53.33720930232558,32.383720930232556,39.383720930232556,20.769021161486123,46.789872829036796,56.49924554436082,26.60788252248075,36.299274021677356,62.19749461863259,0.0
15.038294108061551,46.28136141882128,53.23857323563727,64.81429511315763,90.87507255796518,36.10833804147063,58.190033127825394,69.09697766791328,40.41691825642016,48.64189151688923,55.73759794902316,64.35949694324631,78.51364778733785,81.3768129088978,114.3722392893483,36.41931410665931,46.33272005453879,56.925802857184266,58.69853551631803,65.57017750491613,68.47123951257072,85.31570366920144,101.54557654605317,25.256211834030232,38.231070581663325,48.53958109154959,51.061233568552026,57.551917418596986,66.02271958184109,78.29484997347717,79.94325541486407,88.75728001561453,113.15583400818308,32.383720930232556,53.33720930232558,32.383720930232556,39.383720930232556,20.72462032338815,46.80942031175923,56.52409889973633,26.57233060769039,36.294200514123816,62.23812004097649,0.0
15.084852294154622,46.27613975866713,53.212717394491186,64.80679792694836,90.9136472454747,36.06468294401885,58.193645901807606,69.13701999138284,40.378731443463835,48.63194620011944,55.731802011552254,64.36908993157239,78.52337604594504,81.38243256827396,114.40122645023591,36.37587358682181,46.29534191253778,56.92574910281262,58.699177641853645,65.58321214651836,68.51283007989626,85.3293236002772,101.55756169672416,25.169460863056493,38.19053690867755,48.525348416025665,51.04012558922672,57.54611343407397,66.04774686868892,78.35805398649192,79.96390044342071,88.7876199386535,113.18504704005655,32.383720930232556,53.33720930232558,32.383720930232556,39.383720930232556,20.68021017882891,46.828861798599675,56.54906755745513,26.536712613297468,36.28916419807169,62.27877435142154,0.0
15.131410480247691,46.27086761061186,53.18684043491684,64.79933737482163,90.95225690523107,36.02101307133832,58.197229236963516,69.17710652890749,40.340492222210344,48.622006522333784,55.72599369331763,64.37859324664791,78.53293426319294,81.38831884262561,114.43026586083462,36.33241645555771,46.2579379249571,56.92569590390399,58.69981462227152,65.596197158958,68.55445306588723,85.34295997468502,101.56959466122136,25.082688129733096,38.149976081357714,48.51088175722122,51.019178986463125,57.54035779529152,66.07272599282362,78.42107902899308,79.98470794701272,88.8179650064666,113.21439276300943,32.383720930232556,53.33720930232558,32.383720930232556,39.383720930232556,20.635790794050948,46.84819742465404,56.57415131617874,26.501029028874438,36.28416478493214,62.319457348984116,0.0
15.17796866634076,46.26554440672483,53.160943255985984,64.79191334447925,90.99090131839134,35.977328536217705,58.200783422615636,69.21723687837594,40.30220107960673,48.612071985190276,55.72017302992286,64.38800710766573,78.54232001436107,81.39447410949977,114.45935732491633,36.28894284453605,46.22050821260714,56.925643252869015,58.70044651006651,65.60913299930841,68.59610783838328,85.35661259409665,101.58167551557482,24.995893779072656,38.10938830240029,48.496177917167245,50.99839750635405,57.53465009619645,66.09765666232498,78.48391522338227,80.00568797282628,88.84831458895188,113.24387143969591,32.383720930232556,53.33720930232558,32.383720930232556,39.383720930232556,20.59136223462049,46.86742733288178,56.59934996738146,26.46528034077917,36.27920198757837,62.360168834433146,0.0
15.22452685243383,46.26016957229733,53.13502676322392,64.78452572225284,91.02958026780733,35.933629450303016,58.20430874509608,69.25741064181021,40.26385849739692,48.60214209422325,55.714340057778855,64.3973317373225,78.551530970099,81.40090064740141,114.48850064694084,36.24545288407089,46.18305289537106,56.925591142245835,58.701073357100235,65.62202011077278,68.63779378184955,85.37028126040985,101.59380433562168,24.909077954499637,38.068773772435826,48.48123377519878,50.977784815346645,57.528989931995994,66.12253858865576,78.54655170279868,80.02685155751264,88.8786680589895,113.27348333093856,32.383720930232556,53.33720930232558,32.383720930232556,39.383720930232556,20.54692456543645,46.886551674032674,56.62466329541461,26.42946703215022,36.27427552036796,62.40090861027251,0.0
15.2710850385269,46.254742525788075,53.10909186863907,64.77717439314317,91.06829353801105,35.88991592411183,58.20780548777092,69.29762742532655,40.22546495216818,48.59221635881005,55.70849481410049,64.40656736177384,78.56056490067779,81.4076006315768,114.51769563205559,36.20194670313814,46.14557209221556,56.92553956469773,58.701695214609295,65.63485892325579,68.67951029676571,85.3839657757587,101.60598119700096,24.822240797874286,38.028132690054555,48.46604629436318,50.957344493757944,57.523376899247125,66.14737148664193,78.60897649525167,80.0482108430118,88.90902479247214,113.30322869569743,32.383720930232556,53.33720930232558,32.383720930232556,39.383720930232556,20.502477850739275,46.90557060657156,56.6500910775729,26.393589582903004,36.26938509916402,62.44167648072368,0.0
15.317643224619971,46.24926267876992,53.083139490752096,64.76985924085923,91.10704091520014,35.84618806704749,58.211273931065314,69.33788683909648,40.18702091539807,48.5822942921374,55.70263733690346,64.41571421058921,78.56941968006444,81.41457612997478,114.54694208609538,36.15842442939217,46.108065921201835,56.925488513010485,58.70231213321392,65.6476498539098,68.72125679904113,85.39766594252359,101.61820617514897,24.735382449516074,37.98746525183173,48.45061252779891,50.93708002932438,57.51781059594226,66.17215507445336,78.6711763935106,80.06977920661912,88.93938416833525,113.33310779104026,32.383720930232556,53.33720930232558,32.383720930232556,39.383720930232556,20.458022154119682,46.924484296601086,56.67563308416295,26.357648469726946,36.26453044135534,62.482472251708415,0.0
15.36420141071304,46.24372943587722,53.05717055462429,64.7625801478563,91.14582218722356,35.80244598741298,58.21471435248833,69.378188497308,40.14852685350144,48.572375411167506,55.69676766500087,64.42477251670668,78.57809328979864,81.4218290994056,114.576239815582,36.11488618918209,46.07053449949609,56.92543798009021,58.702924162926195,65.66039330765669,68.7630327194545,85.4113815633416,101.63047934529445,24.64850304822673,37.94677165235244,48.43492962505261,50.91699481081599,57.51229062159104,66.19688907358548,78.73313680924045,80.09157140680809,88.96974556858727,113.36312087211199,32.383720930232556,53.33720930232558,32.383720930232556,39.383720930232556,20.413557538527254,46.94329291778262,56.70128907857386,26.32164416608348,36.2597112658754,62.52329573083181,0.0
15.410759596806109,46.238142194754566,53.031185991885444,64.75533699537405,91.1846371435673,35.75868979242459,58.21812702665785,69.41853201812685,40.10998322787756,48.56245923660403,55.69088583800015,64.4337425163876,78.58658382265233,81.42936138191706,114.60558862772396,36.071332107567905,46.03297794338004,56.9253879589607,58.703531353158155,65.67308967768669,68.80483750311731,85.42511244111664,101.64280078245434,24.56160273131279,37.90605208423616,48.41899483830292,50.89709212174691,57.506816577298395,66.22157320884115,78.79484160986078,80.11360374632912,89.00010837833908,113.39326819210476,32.383720930232556,53.33720930232558,32.383720930232556,39.383720930232556,20.36908406627884,46.96199665125513,56.727058817349764,26.285577142204872,36.254927293220405,62.56414672736541,0.0
15.457317782899182,46.23250034600661,53.00518674076072,64.74812966347379,91.22348557534028,35.71491958822546,58.221512225325846,69.45891702365797,40.07139049495721,48.55254529285773,55.68499189629978,64.44262444917115,78.5948894860534,81.43717470140714,114.6349883304163,36.02776230833639,45.9953963682612,56.925338442761415,58.704133752729966,65.6857393459351,68.84667060895963,85.43885837902987,101.65517056142833,24.474681634607887,37.86530673816093,48.40280552845888,50.87737513421549,57.50138806583927,66.24620720831376,78.85627293667945,80.13589425403472,89.03047198583397,113.42355000222773,32.383720930232556,53.33720930232558,32.383720930232556,39.383720930232556,20.324601799066887,46.980595685552416,56.75294205026442,26.249447865093934,36.25017824546624,62.60502505223051,0.0
15.50387596899225,46.226803273149095,52.97917374609688,64.74095803107524,91.26236727526019,35.67113547989889,58.224870217403314,69.49934313990707,40.03274910624989,48.542633108012076,55.67908588108614,64.45141855782879,78.60300860525594,81.44527066049011,114.6644387322398,35.98417691401675,45.95778988868289,56.92528942474501,58.70473140987776,65.698342683538,68.8885315092373,85.45261918054965,101.66758875679443,24.387739892494462,37.82453580288745,48.38635917109889,50.85784690290601,57.496004691729574,66.27079080337042,78.917411003051,80.15846288668057,89.0608357824765,113.45396655167713,32.383720930232556,53.33720930232558,32.383720930232556,39.383720930232556,20.280110797967637,46.999090216518425,56.778938520397666,26.21325679852452,36.24546384628448,62.6459305179817,0.0
15.55043415508532,46.22105035256126,52.953147959387415,64.73382197599291,91.30128203763984,35.627337571481384,58.228201268985565,69.53980999674235,39.99405950839112,48.532722213788745,55.67316783433053,64.46012508831856,78.61093962623994,81.45365073763297,114.69393964246093,35.940576045896044,45.92015861833448,56.92524089827529,58.70532437226154,65.71090005126808,68.93041968905969,85.4663946494422,101.6800554429045,24.30077763792517,37.78373946528226,48.36965336221782,50.83851035928601,57.49066606129392,66.29532372863612,78.97823387169049,80.18133175157195,89.09119916286195,113.48451808760638,32.383720930232556,53.33720930232558,32.383720930232556,39.383720930232556,20.235611123449104,47.017480447220976,56.80504796421364,26.177004403042773,36.24078382095744,62.68686293879048,0.0
15.596992341178389,46.21524095343967,52.92711033879669,64.72672137497187,91.34022965837313,35.583525965975596,58.23150564337718,69.58031722785653,39.955322143189605,48.522812145512844,55.667237798785784,64.46874428973939,78.61868111832622,81.46231628457794,114.723490871031,35.89695982403439,45.88250267006085,56.925192856825,58.70591268697283,65.72341179995115,68.97233464593694,85.48018458978169,101.69257069387896,24.213795002443895,37.74291791034132,48.35268582374868,50.81936830603147,57.48537178272999,66.31980572197823,79.0387172109214,80.20452535027576,89.12156152480497,113.51520485509629,32.383720930232556,53.33720930232558,32.383720930232556,39.383720930232556,20.191102835379056,47.03576658786375,56.831270111640926,26.140691135969195,36.23613789639228,62.72782213042922,0.0
15.64355052727146,46.20937443775362,52.90106184918298,64.71965610372311,91.37920993492166,35.53970076536307,58.23478360111748,69.62086447072876,39.9165374476745,48.512902442078385,55.661295817983486,64.47727641428531,78.62623177649186,81.47126852406326,114.753092228586,35.853328367280035,45.84482215587234,56.925145293973564,58.70649640054237,65.73587827086475,69.01427588934575,85.49398880596053,101.70513458360249,24.126792116206367,37.70207132121264,48.3354544088271,50.80042341171302,57.48012146616979,66.34423652449175,79.09883403065272,80.22807084260529,89.15192226936806,113.54602709712539,32.383720930232556,53.33720930232558,32.383720930232556,39.383720930232556,20.14658599303273,47.05394885569671,56.8576046861543,26.10431745140137,36.23152580113421,62.76880791025511,0.0
15.690108713364529,46.20345016020199,52.87500346212028,64.71262603695816,91.41822266630095,35.49586207061677,58.238035400005444,69.66145136658709,39.877705854142484,48.50299264591331,55.65534193623067,64.48572171719948,78.63359042337503,81.48050854785603,114.78274352644578,35.80968179328404,45.8071171869541,56.92509820340533,58.70707555894756,65.74829979611907,69.05624294031294,85.50780710269999,101.71774718571884,24.039769108000414,37.661199879219,48.3179571067658,50.781678205773744,57.47491472373773,66.36861588048474,79.15855440039873,80.25199832856156,89.1822808008901,113.57698505454036,32.383720930232556,53.33720930232558,32.383720930232556,39.383720930232556,20.102060655100555,47.07202747492495,56.88405140485822,26.067883800217512,36.22694726537881,62.809820097194375,0.0
15.7366668994576,46.19746746817202,52.848936155918764,64.70563104842348,91.45726765306712,35.452009981713424,58.241261295125085,69.7020775603708,39.838827790204995,48.49308230294487,55.64937619860689,64.49408045672844,78.64075601095834,81.49003731510568,114.8124445766136,35.76602021851495,45.76938787367551,56.92505157890735,58.707650207619785,65.76067669902167,69.09823533101607,85.52163928506015,101.73040857362638,23.952726105265835,37.62030376388014,48.300192047709864,50.76313507383005,57.46975116960565,66.39294353746492,79.21784515384829,80.27634114372641,89.21263652701447,113.60807896602645,32.383720930232556,53.33720930232558,32.383720930232556,39.383720930232556,20.057526879695704,47.09000267661611,56.91060997857193,26.03139063008057,36.22240202098351,62.85085851172663,0.0
15.783225085550669,46.19142570169975,52.82286091564378,64.69867101093429,91.49634469730356,35.408144597645716,58.24446153887043,69.74274270069314,39.799903678835065,48.48317096256475,55.643398650961174,64.5023528940761,78.64772762192253,81.49985565102766,114.84219519177557,35.722343758273155,45.73163432559936,56.92500541436741,58.70822039145194,65.77300929442619,69.14025260440005,85.53548515845056,101.74311882047319,23.86566323411395,37.57938315293486,48.282157506942994,50.744796253323806,57.46463042004515,66.41721924612592,79.27666958754885,80.30113616054136,89.24298885871676,113.63930906807836,32.383720930232556,53.33720930232558,32.383720930232556,39.383720930232556,20.01298472436143,47.107874698606295,56.93728011191599,25.99483838544309,36.21788980147813,62.891922975869484,0.0
15.82978327164374,46.185324193432514,52.79677873313346,64.69174579640762,91.53545360260783,35.36426601643429,58.24763638097079,69.7834464398042,39.760933938414325,48.47325817759428,55.637409339908906,64.51053929335768,78.65450447066434,81.50996424592344,114.87199518529977,35.67865252670503,45.69385665149103,56.924959703772224,58.70878615480535,65.78529788906616,69.18229431380935,85.54934452864052,101.7558779991522,23.778580619346776,37.53843822236253,48.26385190881771,50.72666382955293,57.45955209347667,66.44144276033465,79.33498716541051,80.32642408376688,89.27333721033264,113.67067559497089,32.383720930232556,53.33720930232558,32.383720930232556,39.383720930232556,19.968434246078466,47.12564378540476,56.964061503400515,25.958227507552706,36.213410342074816,62.93301331316317,0.0
15.876341457736808,46.17916226859313,52.77069060701446,64.68485527589536,91.57459417407844,35.32037433513959,58.25078606851577,69.82418843355393,39.72191898277978,48.4633435042498,55.631408312829,64.51863992155394,78.66108590397343,81.52036365454097,114.90184437123592,35.63494663681694,45.65605495932729,56.924914441205466,58.70934754151697,65.79754278187428,69.22436002263485,85.56321720176948,101.76868618229658,23.69147838447587,37.49746914640444,48.2452738302849,50.70873973210529,57.45451581051631,66.46561383711877,79.39275324616327,80.35224972298843,89.303680999585,113.70217877872983,32.383720930232556,53.33720930232558,32.383720930232556,39.383720930232556,19.923875501272164,47.14331018809703,56.99095384551451,25.921558434458245,36.20896337967699,62.97412934865546,0.0
15.922899643829878,46.1729392449469,52.74459754271621,64.6779993196163,91.61376621830199,35.27646964987348,58.253910845980236,69.86496834135556,39.68285922127049,48.45342650210784,55.625395617860676,64.526655048465,78.6674714013667,81.53105429577793,114.93174256431418,35.59122620048904,45.618229356305264,56.92486962084587,58.70990459490642,65.80974426428826,69.26644930397482,85.57710298435752,101.78154344227472,23.604356651740837,37.45647609758505,48.226422003999865,50.69102573171882,57.44952119401961,66.48973223665472,79.44991885775323,80.37866221818543,89.33401964761146,113.73381884910319,32.383720930232556,53.33720930232558,32.383720930232556,39.383720930232556,19.879308545819594,47.16087416424712,57.017956824817,25.88483160101641,36.20454865288763,63.01527090888666,0.0
15.969457829922947,46.16665443277003,52.71850055248309,64.671177796988,91.65296954334028,35.23255205581078,58.25701095524944,69.90578582614908,39.64375505877388,48.443506734070674,55.61937130390065,64.53458494666447,78.67366057507921,81.542036452729,114.96168957994496,35.54749132848882,45.580379948850904,56.9248252369656,58.71045735778284,65.82190262054333,69.30856174030927,85.59100168331551,101.7944498511856,23.517215542127477,37.41545924673259,48.207295320985025,50.673523437586915,57.444567869122814,66.5137977222561,79.50643055092436,80.40571518611341,89.36435257899105,113.76559603353238,32.383720930232556,53.33720930232558,32.383720930232556,39.383720930232556,19.834733435056503,47.178335977798284,57.04507012202894,25.848047438899094,36.20016590201679,63.05643782187481,0.0
16.016016016016017,46.16030713482098,52.6924006553847,64.66439057665812,91.69220395871757,35.188621647200556,58.260086635643766,69.94664055436496,39.60460689577227,48.43358376633175,55.613335420599995,64.54242989145351,78.67965316971355,81.55331027307392,114.9916852342177,35.50374213048456,45.54250684262772,56.92478128392831,58.71100587245152,65.83401812795269,69.3506969231872,85.60491310595596,101.80740548085396,23.430055175385682,37.37441876299955,48.187892832832574,50.656234295126644,57.439655463281895,66.53781006036265,79.5622303735986,80.43346674589004,89.39467922177106,113.79751055712345,32.383720930232556,53.33720930232558,32.383720930232556,39.383720930232556,19.79015022378416,47.19569589897273,57.07229341212683,25.8112063766012,36.1958148690884,63.097629917101095,0.0
16.062574202109086,46.15389664631424,52.66629887732401,64.65763752653515,91.731469275408,35.144678517377315,58.26313812394378,69.98753219588819,39.56541512838885,48.42365716834133,55.607288018361224,64.55019016081489,78.68544906155172,81.56487576980427,115.0217293439005,35.45997871505849,45.50461014254509,56.92473775618748,58.71155018072086,65.8460910571754,69.39285445292597,85.61883706000307,101.82041040282546,23.342875670046986,37.33335481388297,48.16821375343293,50.63915958422274,57.43478360630879,66.56176902052904,79.61725601733849,80.46197937249762,89.42499900749353,113.82956264261901,32.383720930232556,53.33720930232558,32.383720930232556,39.383720930232556,19.745558966276153,47.21295420417038,57.09962636443719,25.774308839449084,36.19149529784638,63.138847025495224,0.0
16.109132388202156,46.14742225489642,52.64019625104326,64.65091851381874,91.77076530582296,35.100722758772015,58.2661656544147,70.02846042402258,39.526180148433674,48.41372651277226,55.60122914833537,64.55786603536706,78.6910482575346,81.57673282228116,115.05182172643869,35.41620118971987,45.466689952766565,56.92469464828484,58.71209032390879,65.85812167247373,69.43503393832269,85.63277335360337,101.833464688362,23.255677143441748,37.29226756524443,48.148257460219114,50.62230041795856,57.429951930405466,66.58567437541481,79.671441195663,80.49131951843418,89.45531137122134,113.86175251036944,32.383720930232556,53.33720930232558,32.383720930232556,39.383720930232556,19.70095971628498,47.23011117586644,57.127068642732304,25.737355249609415,36.18720693376002,63.180088979421264,0.0
16.155690574295225,46.14088324062543,52.614093816127536,64.64423340502951,91.8100918637989,35.05675446292287,58.269169458831364,70.06942491545507,39.486902343449344,48.403791375485845,55.595158862418856,64.56545779831838,78.69645089391777,81.58888117761806,115.08196219995455,35.37240966091782,45.42874637671807,56.92465195484849,58.71262634284928,65.87011023195906,69.47723499637637,85.64672179533623,101.84656840843655,23.16845971171613,37.25115718132953,48.12802349491935,50.60565774184032,57.42516007019587,66.60952590077395,79.72471631887842,80.52155693884872,89.48561575156454,113.89408037830528,32.383720930232556,53.33720930232558,32.383720930232556,39.383720930232556,19.656352527048654,47.24716710250819,57.154619905326875,25.700346026098615,36.18294952402879,63.22135561266329,0.0
16.202248760388297,46.1342788759524,52.58799261900582,64.6375820660384,91.84944876458479,35.01277372048608,58.27214976650254,70.11042535022067,39.44758209675652,48.393851335497914,55.589077213250576,64.57296573542129,78.70165723461213,81.60132045237832,115.1121505832461,35.328604234053955,45.390779517095844,56.924609670591465,58.71315827789881,65.88205698782767,69.5194572520211,85.66068219422417,101.85972163372891,23.081223489848718,37.21002382478735,48.10751156381484,50.58923233351843,57.42040766275516,66.63332337544509,79.77700952802287,80.5527636575646,89.51591159070577,113.92654646190921,32.383720930232556,53.33720930232558,32.383720930232556,39.383720930232556,19.611737451297103,47.2641222784108,57.18227980517583,25.66328158479275,36.17872281758647,63.26264676041147,0.0
16.248806946481366,46.127608425706384,52.56189371294936,64.6309643620956,91.88883582483005,34.96878062124639,58.27510680429565,70.15146141166726,39.408219787499185,48.3839059749451,55.58298425420891,64.58039013492677,78.70666766922108,81.61405013457556,115.14238669578623,35.28478501349496,45.352789475874474,56.924567790310114,58.71368616894267,65.89396218658669,69.56170033786921,85.67465435974327,101.87292443462049,22.993968591666864,37.16886765668965,48.08672153750257,50.573024803005985,57.41569434763765,66.65706658134222,79.82824813741786,80.58501252449523,89.5461983344261,113.95915097418789,32.383720930232556,53.33720930232558,32.383720930232556,39.383720930232556,19.567114541258505,47.28097700365238,57.210047989972836,25.62616233843792,36.17452656510462,63.30396225924815,0.0
16.295365132574435,46.12087114708264,52.535798158067394,64.62438015785884,91.92825286257252,34.924775254127425,58.27804079666093,70.19253278642093,39.3688157906896,48.37395487905121,55.57688003940871,64.58773128753847,78.71148271078737,81.6270695859656,115.17267035772186,35.24095210258484,45.31477635431462,56.92452630888252,58.714210055401125,65.90582606927059,69.60396389396449,85.68863810183413,101.88617688118954,22.906695129862776,37.12768883654968,48.06565345016633,50.55703559339024,57.411019766901795,66.68075530344511,79.87836050720159,80.61837534307926,89.57647543213017,113.99189412564516,32.383720930232556,53.33720930232558,32.383720930232556,39.383720930232556,19.5224838486656,47.29773158396826,57.23792410224986,25.58898869666104,36.17036051899552,63.34530194713413,0.0
16.341923318667504,46.114066289633826,52.509707021299796,64.61782931742137,91.9676996972264,34.880757707201994,58.28095196565584,70.23363916435144,39.32937047725306,48.36399763609388,55.570764623698274,64.59498948636741,78.71610299326343,81.6403780446139,115.20300138987294,35.19710560365716,45.27674025297079,56.92448522126697,58.71472997623563,65.91764887164858,69.64624756754436,85.70263323091172,101.89947904320665,22.81940321600927,37.086487522340676,48.044307498363565,50.541264982030626,57.40638356513388,66.70438932979057,79.92727832167935,80.65292059189845,89.60674233687142,114.0247761242542,32.383720930232556,53.33720930232558,32.383720930232556,39.383720930232556,19.477845424761792,47.31438633064457,57.26590777947737,25.551761065981097,36.166224433414534,63.38666566339506,0.0
16.388481504760577,46.107193095264755,52.483621376406816,64.61131170433941,92.0071761495704,34.836728067702175,58.283840530969094,70.27478023853803,39.28988421407245,48.35403383737139,55.564638062656314,64.60216502688638,78.720529268721,81.65397462772407,115.23337961373112,35.15324561804691,45.238681271698745,56.924444522500536,58.715245969954914,65.92943082442353,69.68855101281136,85.71663955787639,101.91283099012952,22.73209296057531,37.045263870514376,48.022684039338046,50.5257130822328,57.4017853894695,66.7279684514638,79.97493918760568,80.68871082636524,89.63699850537672,114.05779717543057,32.383720930232556,53.33720930232558,32.383720930232556,39.383720930232556,19.433199320307192,47.33094156041119,57.29399865416535,25.514479849820848,36.162118064261826,63.428053248708025,0.0
16.435039690853646,46.10025079823065,52.457542303955464,64.6048271816592,92.04668204173609,34.79268642202925,58.28670670994474,70.3159557052353,39.25035736403237,48.34406307716984,55.55850041258906,64.60925820688477,78.72476240431695,81.66785833471039,115.26380485145945,35.10937224610245,45.200599509663206,56.92440420769751,58.715758074620815,65.94117215342249,69.73087389071281,85.73065689412404,101.92623279109854,22.644764472941258,37.00401803601909,48.000783588871684,50.51037984538477,57.39722488961306,66.75149246258961,80.02128939552223,80.72579991735371,89.66724339807122,114.09095748200548,32.383720930232556,53.33720930232558,32.383720930232556,39.383720930232556,19.38854558558465,47.34739759533415,57.32219635396491,25.477145448518808,36.15804116918363,63.46946454508826,0.0
16.481597876946715,46.093238625139314,52.43147089130274,64.59837561194334,92.08621719719598,34.74863285576355,58.28955071760606,70.35716526383968,39.210790286063,48.33408495273032,55.552351730526986,64.61626932642316,78.7288033790331,81.68202805049572,115.29427692589046,35.06548558719712,45.16249506534501,56.92436427204822,58.716266327854235,65.95287307977965,69.77321586872903,85.74468505155679,101.93968451493176,22.557417861413832,36.96275017231736,47.97860681869269,50.49526506353865,57.39270171785596,66.77496116032451,80.06628662043087,80.76423035049686,89.69747647910249,114.1242572441989,32.383720930232556,53.33720930232558,32.383720930232556,39.383720930232556,19.34388427040557,47.36375476270752,57.35050050177064,25.439758259341726,36.153993507572984,63.51089939587598,0.0
16.528156063039788,46.0861557949569,52.40540823257504,64.59195685729713,92.12578144075232,34.704567453674144,58.292372766679286,70.39840861685587,39.17118333518391,48.324099064216504,55.546192074221935,64.62319868778853,78.73265328020825,81.69648254901779,115.32479566052587,35.0215857397407,45.12436803654841,56.924324710817366,58.716770766840995,65.96453382011153,69.815576620669,85.75872384259358,101.95318623012022,22.47005323324085,36.92146043140386,47.95615455345899,50.48036837241857,57.38821552909246,66.79837434484854,80.1099022936034,80.80403085434742,89.72769721636473,114.1576966595933,32.383720930232556,53.33720930232558,32.383720930232556,39.383720930232556,19.299215424115722,47.38001339494479,57.37891071582322,25.402318676497405,36.149974840569854,63.55235764572344,0.0
16.574714249132857,46.07900151901782,52.379355428644246,64.58557077939399,92.16537459852532,34.66049029972837,58.29517306761726,70.43968546986368,39.1315368625472,48.31410501468248,55.540021502144015,64.63004659544902,78.73631329988234,81.71122049692295,115.35536087953484,34.97767280119085,45.08621852040827,56.924285519342675,58.71727142833746,65.97615458668501,69.85795582647384,85.77277308018051,101.9667380048232,22.382670694625737,36.88014896382257,47.933427767339495,50.465689254832455,57.383765980834305,66.8217318193575,80.15212337330902,80.84521462962073,89.75790508152281,114.19127592310745,32.383720930232556,53.33720930232558,32.383720930232556,39.383720930232556,19.254539095600947,47.39617382946993,57.407426609812845,25.364827091147824,36.14598493106093,63.59383914058194,0.0
16.621272435225926,46.07177500103893,52.3533135870997,64.57921723950065,92.20499649794209,34.61640147710126,58.297951828622864,70.48099553148515,39.09185121548055,48.30410241004083,55.53384007347848,64.63681335600933,78.73978473097162,81.72624045742872,115.38597240775329,34.93374686806422,45.048046613397105,56.92424669303383,58.717768348676195,65.98773558757881,69.90035317202714,85.78683257780138,101.98033990686318,22.295270350741703,36.83881591868388,47.91042758021683,50.45122704446366,57.37935273322381,66.84503339005515,80.1929532894688,80.88777840451215,89.7880995500357,114.22499522697044,32.383720930232556,53.33720930232558,32.383720930232556,39.383720930232556,19.209855333292765,47.41223640860812,57.43604779298283,25.327283891422613,36.142023543678846,63.635343727689246,0.0
16.667830621318995,46.064475437137915,52.32728382221632,64.57289609850201,92.2446469677251,34.57230106818481,58.300709255672515,70.52233851335198,39.05212673753003,48.29409085903093,55.52764784812258,64.643499278166,78.74306896329566,81.74154089433506,115.41663007068256,34.88980803594751,45.00985241133183,56.924208227370926,58.71826156377153,65.99927702683785,69.94276834897238,85.80090214948841,101.99399200372136,22.207852305745764,36.79746144368168,47.887155253538445,50.43698093001553,57.374975449044875,66.86827886614608,80.23241193286958,80.93170244545453,89.81828010117978,114.25885476069595,32.383720930232556,53.33720930232558,32.383720930232556,39.383720930232556,19.165164185173907,47.42820147947613,57.46477387023368,25.2896894624329,36.138090444800945,63.67687125555685,0.0
16.714388807412064,46.05710201585621,52.30126725491853,64.5666072169253,92.28432583788137,34.52818915459712,58.30344555253912,70.56371413007305,39.01236376850233,48.28406997318762,55.521444886682545,64.65010467266292,78.74616747947564,81.75712017616345,115.44733369448831,34.845856399508364,44.97163600938094,56.92417011790326,58.718751109125066,66.01077910462197,69.98520105453682,85.81498160983256,102.00769436253289,22.120416662792525,36.756085685109795,47.86361218584402,50.42294995968126,57.37063379373319,66.89146805982797,80.27053468533227,80.9769515269218,89.84844621807234,114.29285471105686,32.383720930232556,53.33720930232558,32.383720930232556,39.383720930232556,19.120465698783743,47.44406939387262,57.49360444222734,25.252044186285403,36.13418540254762,63.71842157395767,0.0
16.760946993505133,46.04965391818657,52.27526501273979,64.56035045496392,92.3240329396911,34.484065817191485,58.30616092081533,70.60512209920249,38.97256264450693,48.27403936681007,55.51523125047037,64.65662985224705,78.74908185072441,81.77297658040467,115.47808310599926,34.801892052506105,44.933397502070925,56.92413236024804,58.71923701983102,66.02224201734815,70.0276509913617,85.82907077399418,102.02144705008179,22.032963524047616,36.71468878787875,47.8397999079986,50.40913304590937,57.366327435384434,66.91460078628485,80.30737061434377,81.0234767367702,89.87859738769421,114.32699526206027,32.383720930232556,53.33720930232558,32.383720930232556,39.383720930232556,19.075759921223696,47.45984050816811,57.52253910549193,25.214348442096814,36.13030818678028,63.7599945339136,0.0
16.807505179598202,46.04213031760573,52.24927822977779,64.55412567250097,92.36376810569693,34.439931136065226,58.30885555993628,70.6465621412078,38.932723697997744,48.26399865693105,55.50900700150065,64.66307513162423,78.75181373254836,81.7891082978548,115.50887813270597,34.75791508780234,44.895136983293085,56.92409495008928,58.71971933058154,66.03366595782731,70.07011786733834,85.84316945771347,102.03525013279655,21.945492990701105,36.673270895531616,47.81572007816159,50.395528970434256,57.36205604476159,66.9376768636798,80.34298005475677,81.07121789451084,89.90873310091239,114.36127659492224,32.383720930232556,53.33720930232558,32.383720930232556,39.383720930232556,19.031046899162476,47.475515183194965,57.55157745252629,25.176602606008508,36.1264585690988,63.801589987683386,0.0
16.85406336569127,46.03453038011152,52.22330804664476,64.54793272913206,92.40353116969308,34.395785190568496,58.311529667202414,70.68803397943836,38.892847257814594,48.253947463286394,55.50277220248733,64.66944082741522,78.75436486037991,81.80551343701953,115.53971860275975,34.713925597371386,44.85685454631005,56.92405788317642,58.72019807567199,66.04505111539542,70.11260139545026,85.8572774773212,102.0491036767451,21.858005162980458,36.63183215026015,47.791374476523465,50.38213638954027,57.35781929530048,66.9606961131481,80.37743185156761,81.12010630850547,89.9388528525025,114.39569888804348,32.383720930232556,53.33720930232558,32.383720930232556,39.383720930232556,18.98632667884131,47.491093784137384,57.58071907190503,25.138807051201457,36.122636322838694,63.84320778875054,0.0
16.900621551784347,46.02685326426581,52.197355610413105,64.54177148418803,92.44332196671448,34.35162805931295,58.3141834378021,70.72953734009424,38.852933649224134,48.24388540828486,55.4965269168406,64.67572725811203,78.75673704516103,81.8221900285689,115.57060434497127,34.669923672310595,44.81855028376227,56.92402115532331,58.72067328900616,66.0563976760395,70.1551012936206,85.87139464974899,102.0630077476304,21.770500140163463,36.59037269292084,47.76676499984152,50.36895383952855,57.353616863114404,66.98365835879066,80.41080053709217,81.17006759876436,89.96895614117122,114.43026231698504,32.383720930232556,53.33720930232558,32.383720930232556,39.383720930232556,18.941599306079073,47.50657668042125,57.609963548383405,25.100962147911456,36.118841223067776,63.88484779181147,0.0
16.947179737877416,46.019098121242315,52.17142207455589,64.535641796757,92.4831403330262,34.30745982018028,58.31681706483386,70.77107195219514,38.812983193960676,48.23381211697824,55.490271208663565,64.68193474403425,78.75893216889502,81.83913602982197,115.60153518880908,34.625909402850546,44.78022428767421,56.92398476240697,58.72114500410124,66.06770582251849,70.19761728456503,85.88552079254015,102.07696241078527,21.682978020590863,36.548892663050054,47.74189365580619,50.35597974235352,57.34944842699738,67.00656342766699,80.44316367292649,81.22102435495952,89.9990424695774,114.46496705444382,32.383720930232556,53.33720930232558,32.383720930232556,39.383720930232556,18.896864826277366,47.521964245604124,57.639310463002225,25.063068263444556,36.11507304658261,63.92650985276353,0.0
16.993737923970485,46.01126409488017,52.14550859888223,64.52954352570609,92.52298610611292,34.2632805503306,58.3194307393288,70.81263754754988,38.772996210266435,48.223727217031815,55.484005142749,64.68806360728568,78.76095218018528,81.85634932924576,115.63251096439883,34.58188287836502,44.74187664946086,56.92394870036653,58.721613254092915,66.07897573447933,70.24014909564929,85.89965572385984,102.09096773116802,21.59543890167874,36.507392198879735,47.716762557269995,50.3432124113983,57.34531366842614,67.02941114978893,80.47459951985641,81.2728984664897,90.02911134435455,114.49981327022952,32.383720930232556,53.33720930232558,32.383720930232556,39.383720930232556,18.852123284425453,47.53725685726539,57.66875939319288,25.025125762192665,36.11133157190448,63.96819382869355,0.0
17.040296110063554,46.003350321743056,52.11961634946714,64.52347652970278,92.56285912466844,34.219090326210804,58.32202465027258,70.85423386072591,38.73297301293167,48.21363033869516,55.47772878457595,64.69411417171129,78.76279908977791,81.87382775094932,115.66353150252155,34.53784418738096,44.70350745993382,56.92391296520202,58.722078071740405,66.09020758856859,70.28269645875248,85.91379926250602,102.10502377335759,21.507882879930797,36.46587143735239,47.69137391636983,50.33065005735799,57.34121227156126,67.05220135811402,80.50518512614065,81.32561303417287,90.05916227613163,114.53480113124064,32.383720930232556,53.33720930232558,32.383720930232556,39.383720930232556,18.807374725105184,47.55245489689652,57.69830991288202,24.98713500564951,36.10761657927505,64.00989957786614,0.0
17.086854296156623,45.99535593118442,52.093746498575996,64.51744066723568,92.6027592285853,34.17488922356274,58.32459898462742,70.89586062901914,38.69291391333416,48.203521114773245,55.47144220030659,64.70008676285421,78.76447496612396,81.89156905915836,115.69459663461224,34.49379341758819,44.665116809307314,56.92387755297336,58.72253948943114,66.10140155853931,70.32525911013396,85.92795122791979,102.11913060154887,21.420310050950334,36.4243305141361,47.66573003857295,50.318290794199484,57.33714392324686,67.07493388853896,80.53499486054893,81.37909383718232,90.08919477955448,114.56993080144163,32.383720930232556,53.33720930232558,32.383720930232556,39.383720930232556,18.76261919249585,47.56755874979154,57.72796159259633,24.949096352426643,36.10392785065176,64.05162695971231,0.0
17.133412482249692,45.9872800454186,52.067900224583134,64.5114357966352,92.64268625894447,34.13067731743127,58.32715392735372,70.93751759242431,38.65281921947869,48.193399180597865,55.465145456782615,64.70598170791303,78.76598193097746,81.90957096265414,115.72570619275893,34.44973065584908,44.62670478720428,56.923842459799275,58.72299753918578,66.11255781535405,70.3678367903055,85.94211144019584,102.13328827954804,21.332720509452106,36.382769563639215,47.63983331667687,50.30613264516933,57.33310831300965,67.09760857989343,80.56409936881712,81.43327037656795,90.11920837330628,114.60520244184012,32.383720930232556,53.33720930232558,32.383720930232556,39.383720930232556,18.71785673037893,47.58256880493786,57.75771399956693,24.911010158269743,36.100265169702816,64.09337583481813,0.0
17.17997066834276,45.97912177959812,52.04207871188453,64.5054617760935,92.68264005800526,34.08645468217229,58.32968966143176,70.97920449360525,38.6126892360358,48.183264173999454,55.45883862152201,64.7117993356994,78.7673221550425,81.92783111916273,115.75686000970087,34.40565598820803,44.588271482662435,56.923807681856296,58.723452252662824,66.12367652728366,70.41042924390756,85.9562797200933,102.14749687076772,21.245114349273933,36.341188719025084,47.61368622479021,50.294173548820794,57.32910513305657,67.12022527393366,80.59256490242993,81.48807654644945,90.14920258012849,114.64061621046397,32.383720930232556,53.33720930232558,32.383720930232556,39.383720930232556,18.673087382142786,47.59748545490729,57.787566697833654,24.87287677607506,36.09662832180195,64.13514606491368,0.0
17.22652885443583,45.970880241897575,52.01628315080441,64.49951846368423,92.72262046919522,34.042221391460515,58.332206367883025,71.02092107786575,38.57252426438054,48.173115735279154,55.452521762715605,64.71753997659567,78.76849785368327,81.94634713968107,115.78805791882743,34.361569499900895,44.54981698413986,56.92377321537774,58.72390366116341,66.1347578600022,70.45303621958932,85.97045588904588,102.16175643822251,21.15749166338813,36.2995881122261,47.587291312322265,50.28241136503314,57.325134078271944,67.14278381533605,80.62045295460163,81.54345099801202,90.17917692684095,114.6761722623399,32.383720930232556,53.33720930232558,32.383720930232556,39.383720930232556,18.62831119078729,47.612309095747584,57.81751924834885,24.83469655590601,36.09301709402287,64.17693751286183,0.0
17.273087040528903,45.9625545336041,51.99051473749548,64.49360571738183,92.76262733709997,33.997977518297326,58.33470422579145,71.06266709312052,38.5323246026305,48.162953507181356,55.44619494922345,64.72320396251307,78.76951128270932,81.96511659272862,115.81929975417648,34.317471275364156,44.51134137952099,56.92373905665262,58.72435179563578,66.14580197667807,70.49565746989313,85.98463976917284,102.17606704452429,21.06985254391279,36.25796787395824,47.56065119800698,50.270843880997866,57.32119484621322,67.16528405169112,80.64782013593513,81.59933726382408,90.2091309443618,114.71187074947083,32.383720930232556,53.33720930232558,32.383720930232556,39.383720930232556,18.583528198928406,47.62704012687419,57.847571209081124,24.796469845009973,36.08943127513339,64.21875004264733,0.0
17.319645226621972,45.9541437492145,51.96477467383282,64.48772339508048,92.80266050745357,33.953723135018365,58.3371834123244,71.10444228986653,38.492090545683816,48.152777134866426,55.439858250571454,64.7287916268499,78.77036473424651,81.98413700851165,115.85058535043305,34.27336139824412,44.4728447561221,56.92370520202474,58.72479668667998,66.15680903806182,70.53829275114262,85.99883118328916,102.1904287518773,20.982197082122813,36.216328133734756,47.533768563984225,50.25946881714765,57.31728713710625,67.18772583349728,80.67471822725054,81.65568370498602,90.23906416772752,114.74771182081498,32.383720930232556,53.33720930232558,32.383720930232556,39.383720930232556,18.53873844880265,47.641678950962735,57.87772213511834,24.758196987835223,36.085870655589375,64.26058351936611,0.0
17.36620341271504,45.94564697653937,51.939064167300906,64.48187135461255,92.84271982712853,33.90945831330107,58.339644102753674,71.14624642115456,38.451822385256584,48.14258626588392,55.433511736947786,64.73430330444998,78.77106053270434,82.00340588299224,115.88191454292794,34.22923995140592,44.43432720069718,56.92367164789182,58.725238364552226,66.16777920257029,70.58094182333419,86.01302995491618,102.20484162207407,20.894525368460847,36.174669019880135,47.50664614996161,50.2482838330063,57.313410653839604,67.21010901415428,80.70119435593894,81.71244333475384,90.26897613611207,114.7836956222644,32.383720930232556,53.33720930232558,32.383720930232556,39.383720930232556,18.493941982271547,47.656225973841714,57.907971578770464,24.719878326047958,36.08233502752837,64.30243780921437,0.0
17.41276159880811,45.93706329681444,51.913384430873954,64.47604945376688,92.88280514412611,33.86518312417219,58.3420864704761,71.18807924256102,38.4115204099199,48.13238055014612,55.42715547919929,64.73973933156161,78.77160103084847,82.02292068185136,115.91328716763607,34.18510701694239,44.39578879944321,56.923638390704326,58.725676859169326,66.17871262636764,70.62360445003242,86.02723590829233,102.2193057164902,20.80683749254793,36.1329906595436,47.47928674747601,50.23728653293886,57.309565101958,67.23243344995745,80.72729125235911,81.76957356212048,90.29886639284618,114.81982229662454,32.383720930232556,53.33720930232558,32.383720930232556,39.383720930232556,18.449138840825984,47.67068160438598,57.938319089671765,24.681514198549518,36.078824184763,64.34431277947817,0.0
17.459319784901183,45.9283917848191,51.88773668288919,64.4702575503064,92.92291630756668,33.82089763801505,58.344510687033996,71.22994051216024,38.371184905136886,48.12215963990185,55.42078954882783,64.74510004579649,78.77198860598565,82.04267884433888,115.94470306117526,34.14096267618282,44.35722963800574,56.92360542696484,58.72611220011323,66.18960946344319,70.66628039826865,86.04144886838334,102.23382109608004,20.719133543194097,36.091293178712604,47.45169319427462,50.2264744717838,57.30575018965496,67.25469900009114,80.75304755265124,81.82703588898033,90.3287344854363,114.85609198359309,32.383720930232556,53.33720930232558,32.383720930232556,39.383720930232556,18.40432906559051,47.68504625441067,57.96876421488255,24.643104941493704,36.07533792277414,64.38620829852285,0.0
17.505877970994252,45.919631509002606,51.862122146912895,64.46449550198572,92.9630531676802,33.77660192457686,58.34691692213573,71.2718299904967,38.330816153298706,48.11192318971073,55.41441401798668,64.75038578608903,78.77222565626917,82.06267778700398,115.97616206080447,34.096807009701664,44.31864980148435,56.92357275322688,58.72654441663504,66.20046986568619,70.70896943844254,86.05566866089306,102.24838782137218,20.631413608408717,36.04957670222605,47.42386836883107,50.215845160349915,57.301965627764964,67.2769055266227,80.77849812304515,81.88479558579955,90.3585799655832,114.89250481974078,32.383720930232556,53.33720930232558,32.383720930232556,39.383720930232556,18.35951269732759,47.699320338565826,57.9993064989903,24.604650888304164,36.07187603870387,64.42812423578266,0.0
17.55243615708732,45.91078153161769,51.83654205159907,64.45876316656793,93.0032155757967,33.73229605297583,58.34930534367557,71.31374744055788,38.290414433760844,48.101670856417726,55.408028959476724,64.75559689265619,78.77231459712958,82.08291490729928,116.0076640044224,34.052640097327014,44.280049374437716,56.92354036609424,58.72697353765946,66.21129398295788,70.75167134422719,86.06989511227368,102.26300595246467,20.543677775410696,36.00784135378742,47.39581518501202,50.20539607076403,57.29821112975474,67.29905289449627,80.80367438795162,81.94282136350405,90.38840238920017,114.92906093849108,32.383720930232556,53.33720930232558,32.383720930232556,39.383720930232556,18.314689776441785,47.71350427423168,58.02994548421027,24.566152369691963,36.0684383313482,64.47006046175053,0.0
17.59899434318039,45.9018409088622,51.81099763054057,64.45306040184164,93.04340338433698,33.68798009170825,58.35167611775391,71.35569262774713,38.2499800228787,48.09140229912817,55.40163444674279,64.76073370695697,78.77225785783565,82.10338758705441,116.0392087305661,34.0084620181491,44.24142844088919,56.92350826221999,58.72739959178881,66.22208196316066,70.79438589247694,86.08412804973659,102.27767554902057,20.45592613063852,35.96608725597764,47.36753658690701,50.195124641655816,57.29448641171387,67.32114097152616,80.82860464982998,82.00108505359087,90.41820131643111,114.96576047010106,32.383720930232556,53.33720930232558,32.383720930232556,39.383720930232556,18.269860342983854,47.727598481414645,58.06068071048524,24.52760971367318,36.065024601149595,64.51201684796791,0.0
17.64555252927346,45.89280869102869,51.7854901221125,64.44738706563692,93.08361644680329,33.64365410865541,58.35402940869689,71.397665319857,38.20951319404282,48.081117179182904,55.39523055386981,64.76579657165303,78.77205787818997,82.12409319581516,116.070796078409,33.964272850528566,44.20278708433166,56.9234764383057,58.72782260730736,66.23283395230453,70.83711286313809,86.09836730126257,102.29239667026346,20.368158759760135,35.92431453026774,47.33903554383258,50.18502828316857,57.29079119234487,67.3431696283911,80.85331439316367,82.05956130413267,90.44797631166828,115.00260354164242,32.383720930232556,53.33720930232558,32.383720930232556,39.383720930232556,18.225024436654845,47.741603382644044,58.09151171558485,24.48902324558659,36.06163465018933,64.55399326701477,0.0
17.69211071536653,45.88368392266212,51.760020769307694,64.44174301584155,93.12385461777004,33.59931817109053,58.35636537907614,71.43966528704266,38.1690142177139,48.07081516013414,55.38881735557892,64.7707858305688,78.77171710536217,82.1450290940449,116.10242588775995,33.92007267210467,44.164125387732746,56.92344489110049,58.72824261218509,66.2435500945711,70.87985203916242,86.11261269561246,102.30716937497282,20.280375747682708,35.88252329703153,47.31031504552035,50.17510438178718,57.28712519295256,67.36513873862734,80.8778265680722,82.11822729614565,90.47772694356968,115.03959027698286,32.383720930232556,53.33720930232558,32.383720930232556,39.383720930232556,18.180182096810068,47.755519402869645,58.12243803520401,24.450393288111503,36.05826828217963,64.59598959249956,0.0
17.738668901459597,45.87446564272586,51.734590819564204,64.43612811041653,93.16411775287477,33.554972345685485,58.358684189728045,71.48169230179576,38.1284833614573,48.0604959077213,55.38239492722369,64.77570182865243,78.77123799086095,82.16619263618604,116.1340979990611,33.87586155980344,44.125443433540035,56.92341361740046,58.7286596340821,66.2542305323754,70.92260320642333,86.12686406233762,102.32199372147946,20.19257717856209,35.84071367555794,47.28137809749636,50.1653503049747,57.28348813743296,67.38704817862278,80.90216185136615,82.1770624825148,90.50745278507621,115.07672079676806,32.383720930232556,53.33720930232558,32.383720930232556,39.383720930232556,18.13533336246309,47.76934696936001,58.15345920306065,24.41172016128555,36.05492530245566,64.63800569904949,0.0
17.78522708755267,45.86515288477633,51.70920152458449,64.43054220741142,93.20440570880913,33.51061669851751,58.36098599977325,71.52374613891854,38.087920889977106,48.050159089847476,55.37596334478609,64.78054491193687,78.77062298764778,82.18758117358081,116.16581225338662,33.8316395898456,44.086741303685706,56.92338261404759,58.72907370035208,66.26487540642468,70.9653661536345,86.1411212317905,102.33686976766124,20.10476313581235,35.798885784063295,47.252227716658226,50.15576340561228,57.27987975226171,67.40889782761005,80.92633888442155,82.2360483501008,90.53715341342841,115.11399521840345,32.383720930232556,53.33720930232558,32.383720930232556,39.383720930232556,18.090478272289584,47.78308651160163,58.1845747509925,24.37300418252266,36.051605517967275,64.68004146230076,0.0
17.831785273645743,45.85574467714601,51.68385414014631,64.42498516497919,93.24471834330988,33.46625129507579,58.36327096663543,71.56582657549806,38.04732706515018,48.039804376556226,55.36952268487258,64.78531542750112,78.76987454739154,82.20919205725009,116.19756849244096,33.787406837754496,44.048019079591626,56.923351877929186,58.7294848380466,66.27548485577563,71.00814067227094,86.15538403513492,102.35179757093842,20.01693370211498,35.75703973970328,47.22286692705396,50.146341026236854,57.2762997664817,67.43068756766033,80.9503744882907,82.29516820460962,90.56682841018308,115.15141365603752,32.383720930232556,53.33720930232558,32.383720930232556,39.383720930232556,18.045616864631178,47.796738461199126,58.215784209053425,24.334245666630963,36.04830873727078,64.72209675888895,0.0
17.87834345973881,45.84624004313548,51.65854992590505,64.41945684139095,93.28505551514988,33.42187620026802,58.365539246060386,71.60793339088087,38.00670214605955,48.02943144000857,55.36307302470991,64.79001372343203,78.76899511786522,82.23102264053006,116.22936655855746,33.743163378363924,44.009276842174216,56.92332140597692,58.72989307391871,66.28605901788916,71.05092655649274,86.16965230435687,102.36677718826937,19.929088959428036,35.71517565858501,47.193298755866735,50.1370805030749,57.272747911690686,67.45241728367661,80.97428385711956,82.354406977157,90.59647736122942,115.18897622054409,32.383720930232556,53.33720930232558,32.383720930232556,39.383720930232556,18.000749177499276,47.81030325177611,58.24708710560834,24.295444925830857,36.04503477052032,64.76417146643952,0.0
17.92490164583188,45.836638001214176,51.63329014518742,64.41395709505016,93.32541708412961,33.37749147842674,58.36779099213468,71.65006636664788,37.96604638902738,48.0190399544605,55.35661444214131,64.79464014878613,78.76798714048277,82.25307028156845,116.26120629469624,33.69890928582575,43.97051467184912,56.92329119516631,58.73029843442681,66.29659802868298,71.0937236030704,86.18392587227457,102.38180867614591,19.84122898899509,35.67329365577868,47.16352622960557,50.1279791698687,57.26922392202781,67.47408686338721,80.99808073131926,82.41375105107879,90.62609985680486,115.22668301950611,32.383720930232556,53.33720930232558,32.383720930232556,39.383720930232556,17.95587524857874,47.82378131887721,58.2784829674278,24.256602269773065,36.04178342945931,64.80626546355833,0.0
17.97145983192495,45.826937565230224,51.60807606477639,64.40848578450664,93.36580291106813,33.333097193315766,58.37002635730409,71.69222528658943,37.92536004764787,48.008629596240866,55.350147015622106,64.79919505355218,78.76685304797616,82.27533234568045,116.29308754444314,33.6546446336175,43.931732648535935,56.92326124251578,58.730700945738434,66.30710202258253,71.13653161131312,86.19820457254943,102.39689209058916,19.753353871354125,35.63139384532916,47.13355237050454,50.119034361496226,57.26572753416036,67.49569619733882,81.02177755212496,82.47318810735361,90.65569549151074,115.2645341571995,32.383720930232556,53.33720930232558,32.383720930232556,39.383720930232556,17.910995115231582,47.837173099870924,58.309971319781205,24.217718005556687,36.03855452741162,64.84837862982239,0.0
18.01801801801802,45.81713774462955,51.58290895468709,64.4030427684701,93.40621285779466,33.28869340813638,58.37224549239211,71.73440993668082,37.88464337281953,47.998200043729405,55.343670824215664,64.80367878861357,78.76559526220967,82.29780620756733,116.32501015200765,33.61036949454992,43.89293085166285,56.92323154508603,58.731100633733774,66.31757113256968,71.17935038299863,86.21248823969603,102.41202748714495,19.665463686346154,35.589476340267524,47.10338019312814,50.11024341738399,57.262258487269584,67.51724517888992,81.04538559923483,82.532706986947,90.6852638643276,115.30252973457726,32.383720930232556,53.33720930232558,32.383720930232556,39.383720930232556,17.866108814500627,47.85047903385363,58.341551686529456,24.17879243774735,36.035347879272685,64.89051084577065,0.0
18.064576204111088,45.80723754468406,51.55779008793385,64.39762790582357,93.44664678713993,33.244280185533555,58.37444854661788,71.77662010505784,37.843896612777236,47.98775097733549,55.337185947589106,64.8080917057113,78.76421619213015,82.32048925339801,116.35697396222153,33.56608394077429,43.854109360171286,56.92320209997924,58.73149752400947,66.32800549022973,71.22217972230531,86.22677670909285,102.4272149208796,19.577558513123865,35.547541252622324,47.073012701182236,50.101603684715556,57.25881652303648,67.5387337042037,81.06891511319179,82.59229756841209,90.71480457862985,115.34066984925411,32.383720930232556,53.33720930232558,32.383720930232556,39.383720930232556,17.821216383113047,47.86369956155441,58.37322359021626,24.139825868395356,36.03216330150049,64.93266199289485,0.0
18.111134390204157,45.79723596672938,51.53272074028795,64.39224105563636,93.4871045629277,33.19985758760203,58.37663566761448,71.81885558199279,37.803120013123916,47.97728207947689,55.330692466009076,64.8124341574074,78.76271823184995,82.34337888275873,116.38897882053676,33.521788043789755,43.815268252520426,56.92317290433856,58.73189164188208,66.33840522579666,71.26501943574604,86.24106981699275,102.44245444637555,19.489638430159996,35.50558869343071,47.04245288452752,50.093112521437,57.25540138562704,67.56016167224122,81.09237540409545,82.6519506591607,90.7443172422008,115.3789545954917,32.383720930232556,53.33720930232558,32.383720930232556,39.383720930232556,17.776317857483935,47.87683512524112,58.40498655215868,24.100818597053816,36.02900061210641,64.97483195363047,0.0
18.15769257629723,45.787132008411994,51.50770219002613,64.38688207717676,93.52758604996647,33.15542567589232,58.37880700144639,71.86111615987059,37.762313816861855,47.96679303455911,55.324190460337306,64.81670649704833,78.7611037588598,82.36647251047201,116.4210245730243,33.47748187445052,43.776407606691585,56.92314395534719,58.73228301239165,66.34877046819666,71.30786933210423,86.25536740053325,102.4577461177268,19.40170351525567,35.46361877274946,47.01170371639251,50.08476729906376,57.25201282167711,67.58152898475407,81.11577494812222,82.71165789892683,90.77380146724649,115.41738406418393,32.383720930232556,53.33720930232558,32.383720930232556,39.383720930232556,17.731413273719706,47.88988616862745,58.43684009253656,24.06177092079686,36.025859630645975,65.01702061134787,0.0
18.2042507623903,45.776924663946005,51.4827357176699,64.38155082992452,93.56809111404098,33.11098451141667,58.38096269262737,71.90340163316527,37.72147826442358,47.95628352895494,55.3176800120263,64.82090907872902,78.75937513236828,82.38976756828853,116.45311106637212,33.433165502972976,43.737527500192655,56.92311525022782,58.732671660305165,66.35910134508991,71.35072922237123,86.26966929774692,102.47308998853516,19.313753845548554,35.42163159966579,46.9807681507813,50.076565405292804,57.24865058027716,67.60283554627755,81.1391214732091,82.77141167406656,90.80325687040998,115.45595834284322,32.383720930232556,53.33720930232558,32.383720930232556,39.383720930232556,17.686502667621653,47.90285313678105,58.46878373048102,24.02268313423773,36.02274017820955,65.0592278503434,0.0
18.250808948483368,45.76661292437939,51.45782260571525,64.37624717358271,93.60861962190407,33.06653415465489,58.38310288413777,71.94571179841665,37.6806135937026,47.945753250984495,55.31116120311487,64.82504225725705,78.75753469176426,82.41326150645611,116.4852381478834,33.388838998942695,43.69862801006257,56.92308678624217,58.733057610120035,66.36939798291114,71.39359891968597,86.28397534757202,102.48848611190529,19.22578949752091,35.37962728230833,46.94964912007211,50.06850424642421,57.24531441295652,67.62408126412295,81.16242203513082,82.8312050414651,90.83268307278479,115.49467751558642,32.383720930232556,53.33720930232558,32.383720930232556,39.383720930232556,17.64158607468922,47.915736476032876,58.500816984161624,23.983555529547083,36.01964207741286,65.10145355583074,0.0
18.297367134576437,45.75619577787016,51.43296413835298,64.3709709680898,93.64917144126849,33.02207466556017,58.38522771744182,71.98804645420729,37.63972004008356,47.93520189089556,55.30463411622359,64.82910638811734,78.7555847551984,82.43695179516924,116.51740566547511,33.34450243132135,43.65970921287538,56.92305856068987,58.73344088606737,66.37966050690825,71.43647823927581,86.29828538986274,102.50393454044107,19.137810547007504,35.33760592785729,46.91834953280044,50.060581249598116,57.24200407366736,67.64526604837037,81.18568308507496,82.89103166094557,90.86207969992829,115.53354166312218,32.383720930232556,53.33720930232558,32.383720930232556,39.383720930232556,17.596663530123394,47.92853663388756,58.53293937087277,23.94438839647101,36.01656515238751,65.14369761393219,0.0
18.34392532066951,45.74567220997211,51.40816160117947,64.36572207363096,93.68974644079888,32.97760610356477,58.3873373325048,72.03040540113972,37.598797836472166,47.92462914084421,55.29809883455028,64.833101827437,78.75352761828023,82.46083592590286,116.54961346767605,33.300155868453594,43.62077118474472,56.92303057090829,58.73382151211546,66.38988904117976,71.4793669983993,86.3125992653997,102.51943532624104,19.04981706920343,35.29556764255532,46.886872271622344,50.052793864852596,57.23871931876862,67.66638981186111,81.20891052970238,82.95088573519406,90.89144638187457,115.57255086273763,32.383720930232556,53.33720930232558,32.383720930232556,39.383720930232556,17.551735068829977,47.941254058935016,58.56515040711872,23.90518202234931,36.01350922877131,65.18595991167007,0.0
18.39048350676258,45.735041203930535,51.38341628089785,64.36050035064945,93.73034449010356,32.933128527585666,58.38943186780977,72.07278844181386,37.55784721332476,47.91403469487588,55.29155544186541,64.83702893195058,78.75136555288566,82.48491141263528,116.58186140362517,33.25579937807376,43.58181400132787,56.92300281427167,58.7341995119729,66.40008370871091,71.52226501629029,86.32691681590019,102.5349885208942,18.961809138671793,35.253512531717504,46.85522019144996,50.045139567008306,57.23545990700949,67.68745247018995,81.23210978456929,83.01076195632201,90.92078275314717,115.6117051882866,32.383720930232556,53.33720930232558,32.383720930232556,39.383720930232556,17.506800725422867,47.95388920076321,58.597449608697666,23.865936692133573,36.01047413369872,65.22824033695841,0.0
18.437041692855647,45.72430174098757,51.358729465009546,64.35530565985742,93.77096545972681,32.8886419960301,58.39151146037453,72.11519538080465,37.51686839867763,47.903418248906775,55.2850040225073,64.84088805896573,78.7491008060718,82.50917579296359,116.61414932306991,33.21143302731258,43.54283773782991,56.92297528819063,58.73457490909196,66.41024463140809,71.56517211410372,86.34123788402884,102.55059417547608,18.873786829351257,35.211440699741786,46.82339611775436,50.037615857387074,57.23222559951261,67.70845394169739,81.2552858216878,83.07065545829114,90.95008845277111,115.65100471017747,32.383720930232556,53.33720930232558,32.383720930232556,39.383720930232556,17.461860534227224,47.96644250987203,58.62983649078447,23.8266526884053,36.00745969579096,65.27053877859443,0.0
18.483599878948716,45.71345280069761,51.33410244149625,64.3501378622467,93.81160922114081,32.84414656680109,58.393576245767974,72.15762602464022,37.47586161817574,47.89277950070558,55.278444661377556,64.84467956632913,78.74673559909391,82.53362662911664,116.64647707636423,33.167056882703704,43.50384246900782,56.922947990111496,58.73494772667176,66.42037193013236,71.60808811486274,86.35556231340763,102.5662523405443,18.785750214563514,35.16935225011881,46.79140284502881,50.030220265369586,57.22901615975738,67.72939414746176,81.27844321191088,83.13056177451416,90.97936312428521,115.69044949536188,32.383720930232556,53.33720930232558,32.383720930232556,39.383720930232556,17.41691452928265,47.978914437588536,58.66231056801255,23.787330291394035,36.00446574514631,65.31285512625035,0.0
18.53015806504179,45.702493361252245,51.30953649849217,64.34499681909905,93.85227564673792,32.79964229730284,58.39562635812666,72.2000801817798,37.43482709510142,47.88211814987554,55.27187744393618,64.8484038123927,78.7442721265204,82.5582615088694,116.67884451446712,33.122671010190246,43.46482826917448,56.922920917515725,58.73531798766134,66.43046572473165,71.65101284340716,86.3698899486265,102.5819630661347,18.697699367020608,35.12724728544206,46.7592431354044,50.022950349801015,57.22583135356272,67.75027301129104,81.3015861627456,83.19047680002761,91.0086064157533,115.73003960732382,32.383720930232556,53.33720930232558,32.383720930232556,39.383720930232556,17.371962744346302,47.99130543598327,58.694871354554145,23.747969778995405,36.00149211333018,65.35518927046512,0.0
18.576716251134858,45.69142239981534,51.285032923946694,64.33988239199635,93.892964609823,32.755129244446074,58.397661930170834,72.24255766259238,37.393765050402465,47.871433897836944,55.26530245619675,64.85206115598041,78.74171255544186,82.58307804636398,116.71125148894039,33.07827547513118,43.42579521220265,56.922894067919394,58.73568571476287,66.44052613407146,71.6939461263434,86.38422063525374,102.5977264017572,18.60963435883217,35.0851259074175,46.72691971741254,50.015803700249734,57.22267094906968,67.77109045971473,81.32471855212708,83.250396757704,91.0378179797756,115.76977510606906,32.383720930232556,53.33720930232558,32.383720930232556,39.383720930232556,17.327005212895983,48.00361595778786,58.72751836419988,23.708571426789124,35.998538633365186,65.39754110263638,0.0
18.623274437227927,45.680238892867706,51.26059300527756,64.33479444283059,93.93367598460551,32.71060746465338,58.39968309322068,72.28505827933523,37.352675702720134,47.86072644780978,55.258719784721514,64.85565195635508,78.73905902476893,82.6080738828398,116.74369785194749,33.033870342307665,43.38674337152897,56.922867438872515,58.73605093043464,66.45055327606485,71.73688779199556,86.39855421984613,102.61354239639148,18.52155526151255,35.04298821687321,46.69443528488737,50.00877793812717,57.21953471672444,67.79184642197552,81.34784395862083,83.31031816803615,91.06699747349955,115.8096560481153,32.383720930232556,53.33720930232558,32.383720930232556,39.383720930232556,17.282041968133157,48.01584645631386,58.76025111043672,23.669135508057096,35.995605139721235,65.43991051501236,0.0
18.669832623320996,45.668941816561556,51.23621802901434,64.32973283381317,93.97440964619234,32.66607701386434,58.401689977212,72.32758184613294,37.31155926841661,47.84999550479698,55.25212951661642,64.85917657318574,78.73631364461542,82.63324668728028,116.77618345625135,32.9894556759293,43.34767282015774,56.922841027958654,58.73641365689417,66.46054726770122,71.77983767035786,86.41289054995951,102.62941109848347,18.43346214598781,35.00083431376909,46.66179249599903,50.00187071767525,57.21642242926022,67.81254083002068,81.3709656884649,83.37023782208193,91.09614455863053,115.84968248648265,32.383720930232556,53.33720930232558,32.383720930232556,39.383720930232556,17.23707304298594,48.02799738537287,58.79306910652491,23.629662293801232,35.99269146830544,65.48229740068402,0.0
18.71639080941407,45.657530147084586,51.21190928043249,64.32469742748448,94.01516547057984,32.62153794754075,58.403682710712104,72.37012817895645,37.27041596160222,47.83924077556776,55.24553173952607,64.86263536651549,78.73347849576163,82.65859415697722,116.80870815521236,32.945031539640304,43.308583630664785,56.922814832794174,58.73677391612105,66.4705082250736,71.82279559304817,86.42722947415885,102.64533255594091,18.345355082602634,34.958664297206134,46.62899397241381,49.99507972682864,57.21333386167991,67.83317361849357,81.39408679981283,83.43015275720859,91.12525890144174,115.8898544706842,32.383720930232556,53.33720930232558,32.383720930232556,39.383720930232556,17.192098470112075,48.04006919919792,58.825971865573734,23.590152052761464,35.98979745645211,65.52470165357713,0.0
18.762948995507138,45.6460028610336,51.18766804317816,64.3196880867229,94.0559433346467,32.576990320671676,58.4056614209351,72.41269709560252,37.22924599416248,47.82846196864149,55.23892654162877,64.86602869672923,78.73055562919433,82.68411401801946,116.84127180278702,32.90059799652561,43.26947587520129,56.92278885102793,58.73713172986009,66.48043626340566,71.86576139326277,86.44157084202888,102.66130681612961,18.257234141127153,34.91647826543582,46.59604229857178,49.988402687958704,57.21026879123809,67.85374472472476,81.41721012449577,83.4900602353178,91.1543401727843,115.93017204671783,32.383720930232556,53.33720930232558,32.383720930232556,39.383720930232556,17.147118281901832,48.05206235236601,58.85895890061589,23.550605051433564,35.986922942912635,65.5671231684445,0.0
18.809507181600207,45.634358935797835,51.16349559888353,64.31470467475367,94.09674311614633,32.53243418777847,58.40762623375752,72.45528841567331,37.18804957578454,47.817658794271765,55.2323140116312,64.86935692452222,78.72754706571868,82.70980402570855,116.87387425352587,32.85615510911687,43.23034962549745,56.92276308034058,58.73748711962402,66.49033149707711,71.9087349057323,86.45591450418418,102.6773339258693,18.16909939076362,34.87427631586927,46.56294002107653,49.981837358505636,57.207226997423206,67.8742540887231,81.44033828758275,83.5499577232735,91.18338804809645,115.970635257058,32.383720930232556,53.33720930232558,32.383720930232556,39.383720930232556,17.102132510480885,48.06397729972213,58.892029724680704,23.511021554086966,35.98406776784538,65.60956184085835,0.0
18.856065367693276,45.62259734995123,51.139393226773045,64.30974705515737,94.13756469369977,32.487869602919744,58.409577273733326,72.49790196055622,37.146826913983325,47.80683096443084,55.2256942387633,64.8726204108688,78.72445479563793,82.73566196490675,116.90651536257174,32.8117029393984,43.19120495286627,56.92273751844416,58.737840106696446,66.50019403964849,71.9517159666785,86.47026031227946,102.69341393143013,18.08095090015303,34.83205854508626,46.529689648189766,49.975381531505924,57.20420826193931,67.89470165316655,81.46347372498498,83.60984287528572,91.21240220741286,116.01124414064779,32.383720930232556,53.33720930232558,32.383720930232556,39.383720930232556,17.057141187713164,48.07581449630441,58.925183850866176,23.471401822782532,35.98123177280558,65.65201756720259,0.0
18.902623553786345,45.610717083654144,51.11536220326063,64.30481509187837,94.17840794678825,32.443296619696234,58.411514664109056,72.540537553404,37.10557821412783,47.79597819279451,55.219067312773056,64.87581951699143,78.72128077849806,82.76168565031999,116.93919498565795,32.767241548813054,43.15204192820702,56.92271216308145,58.7381907121347,66.51002400388488,71.99470441377235,86.48460811902004,102.70954687852834,17.992788737381616,34.78982504884424,46.49629364942438,49.96903303602106,57.201212368688076,67.91508736339297,81.48661869932036,83.66971351703407,91.2413823353732,116.05199873289209,32.383720930232556,53.33720930232558,32.383720930232556,39.383720930232556,17.012144345203602,48.08757439727061,58.95842079240951,23.43174611739021,35.97841480073505,65.69449024466542,0.0
18.949181739879414,45.598717119064176,51.0914038015382,64.29990864923296,94.21927275574603,32.39871529125567,58.41343852683863,72.583195019115,37.06430367946642,47.78510019472705,55.21243332392104,64.87895460433006,78.7180269428909,82.787872926721,116.97191297910626,32.72277099826803,43.11286062200914,56.92268701202571,58.73853895677251,66.51982150177888,72.03770008609284,86.49895777817194,102.72573281232279,17.90461296998729,34.74757592208721,46.46275445522988,49.96278973747442,57.19823910375079,67.93541116739082,81.50977531422932,83.72956763134086,91.2703281212308,116.09289906565068,32.383720930232556,53.33720930232558,32.383720930232556,39.383720930232556,16.967142014300993,48.099257457825914,58.991740062756804,23.392054695606753,35.97561669595217,65.73697977123177,0.0
18.995739925972483,45.58659644075558,51.067519291155165,64.29502759191716,94.26015900175352,32.35412567029752,58.415348982598054,72.62587418431372,37.023003511152375,47.77419668726685,55.20579236297521,64.88202603451201,78.71469518631542,82.81422166911561,117.00466919982527,32.67829134814058,43.07366110435552,56.92266206307999,58.738884861222914,66.52958664457276,72.0807028240871,86.51330914457226,102.74197177741078,17.8164236649659,34.70531125895429,46.429074456763665,49.95664953790187,57.19528825536971,67.95567301578939,81.53294552730947,83.78940334522557,91.29923925886021,116.13394516723211,32.383720930232556,53.33720930232558,32.383720930232556,39.383720930232556,16.922134226100628,48.11086413315205,59.02514117563106,23.3523278129732,35.97283730414153,65.77948604567597,0.0
19.042298112065556,45.57435403614743,51.04370993758985,64.29017178501428,94.30106656682983,32.3095278090777,58.41724615080003,72.66857487733157,36.98167790826875,47.763267389112,55.199144521205305,64.88503416932205,78.7112873750904,82.84072978285587,117.03746350530847,32.63380265828362,43.03444344492601,56.92263731407673,58.73922844588073,66.53931954277947,72.12371246953111,86.52766207413943,102.75826381782478,17.728220888777514,34.663031152788506,46.3952560057425,49.95061037612232,57.192359613930044,67.97587286184906,81.55613116181736,83.84921891819181,91.32811544676524,116.17513706238783,32.383720930232556,53.33720930232558,32.383720930232556,39.383720930232556,16.877121011447016,48.12239487833758,59.05862364509914,23.312565722892447,35.97007647234383,65.82200896755442,0.0
19.088856298158625,45.5619888959402,51.01997700181235,64.28534109400267,94.34199533382615,32.264921759413234,58.419130149608215,72.71129692818785,36.940327067853126,47.752312020606404,55.192489890377416,64.88797937067284,78.70780534431664,82.86739520370388,117.0702957536325,32.58930498803139,42.99520771300119,56.92261276287731,58.739569730925545,66.54902030620332,72.16672886549148,86.54201642388341,102.7746089770282,17.6400047073525,34.62073569614515,46.361301414368256,49.94467022783407,57.18945297194149,67.99601066145148,81.57933391726938,83.90901273161654,91.35695638808609,116.21647477230708,32.383720930232556,53.33720930232558,32.383720930232556,39.383720930232556,16.832102400936563,48.13385014830975,59.092186985637426,23.272768676646653,35.96733404894561,65.86454843719844,0.0
19.135414484251694,45.54950001456058,50.9963217398397,64.28053538476253,94.38294518641857,32.22030757268686,58.4210010959516,72.75404016857084,36.89895118492206,47.74133030372625,55.18582856274833,64.89086200057585,78.70425089788557,82.89421589784973,117.103165803455,32.544798396204875,42.95595397746548,56.92258840737153,58.73990873632402,66.55868904395976,72.20975185628815,86.55637205191607,102.79100729791197,17.5517751860976,34.57842498080028,46.327212955323105,49.93882710564205,57.18656812401994,68.01608637308951,81.6025553790561,83.96878327912516,91.38576179060624,116.25795831461222,32.383720930232556,53.33720930232558,32.383720930232556,39.383720930232556,16.78707842492015,48.145230397767335,59.12583071219624,23.232936923414623,35.96460988366901,65.90710435570706,0.0
19.181972670344763,45.53688639061379,50.972745402283074,64.2757545235831,94.42391600910142,32.17568529985156,58.42285910553837,72.79680443181937,36.857550452495204,47.730321962066654,55.17916063106016,64.89368242111252,78.70062580852918,82.92118986188606,117.13607351401303,32.500282941117334,42.91668230681066,56.922564245477254,58.74024548183269,66.56832586449408,72.2527812874577,86.57072881746117,102.80745882279095,17.463532389901893,34.53609909775897,46.29299286182738,49.933079059021296,57.18370486686883,68.03609995785678,81.62579702717417,84.0285291578499,91.41453136675901,116.29958770335388,32.383720930232556,53.33720930232558,32.383720930232556,39.383720930232556,16.74204911350576,48.15653608111505,59.15955434026292,23.193070710289113,35.961903827561635,65.94967662493995,0.0
19.228530856437832,45.52414702734395,50.9492492338877,64.27099837716942,94.46490768718029,32.131054991435,58.4247042928701,72.83958955290419,36.816125061619,47.71928672082854,55.172486188534215,64.89644099440574,78.69693181791051,82.94831512274368,117.16901874512112,32.4557586805796,42.8773927691392,56.92254027513987,58.7405799870005,66.57793087560012,72.29581700571771,86.58508658086494,102.82396359339994,17.375276383142626,34.49375813726357,46.258643327757234,49.927424174222146,57.18086299926114,68.0560513794374,81.6490602441655,84.08824906048093,91.44326483363372,116.34136294900777,32.383720930232556,53.33720930232558,32.383720930232556,39.383720930232556,16.697014496561,48.1677676523991,59.19335738592361,23.153170282294013,35.95921573298622,65.99226514751047,0.0
19.275089042530904,45.51128093310133,50.92583447306571,64.26626681264887,94.50592010676547,32.086416697544024,58.42653677125518,72.8823953684101,36.774675201390345,47.708224306806265,55.165805328865744,64.89913808259176,78.69317063674974,82.97558973758964,117.2020013571693,32.41122567190541,42.83808543216761,56.922516494331866,58.74091227117126,66.58750418443758,72.33885885893179,86.59944520360588,102.84052165089045,17.287007229691024,34.45140218880171,46.22416650781531,49.921860574121034,57.17804232202061,68.07594060409554,81.67234632234528,84.14794176802891,91.4719619129815,116.38328405847116,32.383720930232556,53.33720930232558,32.383720930232556,39.383720930232556,16.651974603715637,48.17892556524409,59.22723936592401,23.113235882401494,35.95654545361052,66.03486982677867,0.0
19.321647228623974,45.498287121816674,50.902502351422164,64.26155969757738,94.54695315476518,32.04177046786899,58.428356652822615,72.92522171651768,36.73320105897975,47.697134448374946,55.159118146217665,64.90177404779251,78.68934394498471,83.00301179369197,117.23502121112136,32.3666839719167,42.7987603632296,56.922492901052586,58.74124235348619,66.59704589754911,72.38190669607529,86.61380454830532,102.85713303582706,17.19872499291799,34.40903134111422,46.18956451775104,49.916386418022256,57.17524263800345,68.09576760066417,81.69565647039032,84.20760614322805,91.50062233122071,116.4253510350598,32.383720930232556,53.33720930232558,32.383720930232556,39.383720930232556,16.60692946436407,48.19001027279129,59.26119979772835,23.0732677515491,35.953892844397046,66.07749056684456,0.0
19.368205414717043,45.48516461348194,50.87925409327468,64.2568768999459,94.58800671887886,31.99711635168806,58.43016404853543,72.96806843698579,36.6917028196542,47.68601687547853,55.15242473521503,64.90434925208801,78.685453391961,83.0305794082533,117.2680781685127,32.32213363694867,42.759417629279454,56.92246949332748,58.741570252886454,66.60655612087669,72.4249603672019,86.62816447873747,102.87379778818371,17.110429735699707,34.36664568220315,46.15483943462596,49.91099990141479,57.17246375207996,68.11553234053467,81.71899181935068,84.26724112451501,91.52924581944195,116.46756387850618,32.383720930232556,53.33720930232558,32.383720930232556,39.383720930232556,16.561879107667814,48.2010222276381,59.29523819957782,23.033266128656663,35.95125776159287,66.12012727254115,0.0
19.41476360081012,45.47191243463734,50.85609091516714,64.25221828818601,94.62908068759091,31.952454397871502,58.431959068203945,73.01093537113385,36.65018066679999,47.67487131961801,55.145725190938904,64.90686405748959,78.68150059665167,83.0582907282157,117.30117209144895,32.277574722855014,42.720057296895064,56.92244626920797,58.74189598811538,66.6160349597775,72.46801972341086,86.64252485983963,102.8905159473405,17.022121520423166,34.324245299339545,46.119993297119954,49.905699255687814,57.16970547111614,68.13523479764535,81.74235342814278,84.32684572052771,91.55783211341287,116.50992258495684,32.383720930232556,53.33720930232558,32.383720930232556,39.383720930232556,16.51682356255787,48.21196188177884,59.32935409054704,22.993231250643234,35.948640062719484,66.16277984942798,0.0
19.461321786903188,45.45852961886387,50.83301402537777,64.24758373117584,94.67017495016388,31.907784654885873,58.4337418204989,73.05382236182452,36.608634781944964,47.66369751383992,55.139019608920435,64.90931882591273,78.67748714790194,83.08614393003934,117.33430284260344,32.23300728501288,42.68067943228119,56.92242322677098,58.74221957772104,66.62548251903875,72.51108461681468,86.65688555772229,102.90728755208006,16.933800408991672,34.281830279071116,46.085028105874215,49.90048274780946,57.166967603955136,68.15487494847021,81.7657422885734,84.38641900507294,91.5863809535823,116.55242714697167,32.383720930232556,53.33720930232558,32.383720930232556,39.383720930232556,16.471762857737165,48.22282968654686,59.36354699059971,22.953163352443905,35.9460396065626,66.20544820378419,0.0
19.507879972996257,45.445015207281365,50.81002462342208,64.24297309824564,94.71128939663231,31.8631071707982,58.43551241296442,73.09672925344665,36.567065344780715,47.65249519272514,55.1323080851348,64.91171391915125,78.67341460469768,83.11413721945748,117.36747028521575,32.18843137832791,42.641284101272554,56.92240036411839,58.74254104005857,66.63489890289283,72.55415490050795,86.6712464396795,102.9241126405842,16.845466462830178,34.23940070722973,46.049945823868285,49.895348679971924,57.16424996139927,68.17445277200765,81.78915932994038,84.44596011251774,91.61489208508418,116.59507755352278,32.383720930232556,53.33720930232558,32.383720930232556,39.383720930232556,16.426697021682898,48.23362609255795,59.39781642064287,22.913062667026463,35.94345625316205,66.24813224260218,0.0
19.554438159089326,45.43136824905115,50.78712389955111,64.23838625918305,94.75242391779605,31.818421993280065,58.43727095203104,73.1396558918982,36.52547253318421,47.64126409237806,55.12559071599501,64.91404969885087,78.6692844964551,83.14226883120996,117.40067428308959,32.143847057239135,42.60187136933683,56.92237767937695,58.74286039329246,66.64428421503082,72.59723042853624,86.68560737419887,102.94099125043061,16.757119742890584,34.196956668938974,46.01474837682612,49.89029538920658,57.16155235619143,68.19396824976874,81.81260542325018,84.50546823356407,91.64336525774135,116.63787378999406,32.383720930232556,53.33720930232558,32.383720930232556,39.383720930232556,16.381626082648875,48.24435154965494,59.43216190257991,22.872929425408056,35.94088986380157,66.29083187358107,0.0
19.600996345182395,45.417587801883165,50.76431303424551,64.23382308423831,94.79357840521438,31.77372916961166,58.439017543028065,73.18260212456957,36.483856523239595,47.630003950415876,55.11886759834582,64.9163265264836,78.66509832332969,83.170537028757,117.4339147005911,32.09925437572388,42.56244130157785,56.922355170697465,58.74317765539881,66.65363855861658,72.64031105586602,86.69996823097172,102.95792341858946,16.668760309657003,34.15449824862175,45.97943765364994,49.88532124697229,57.15887460299691,68.21342136576523,81.83608138508835,84.56494261137082,91.67180022606843,116.68081583818136,32.383720930232556,53.33720930232558,32.383720930232556,39.383720930232556,16.336550068667787,48.255006506853626,59.466582959362306,22.83276385667174,35.93834030099883,66.33354700512012,0.0
19.647554531275464,45.403672932546876,50.741593197705846,64.22928344412944,94.83475275119923,31.729028746685827,58.44075229019646,73.22556780032701,36.44221748925935,47.61871450595833,55.11213882945742,64.91854476332259,78.66085755654264,83.19894010397574,117.46719140264676,32.05465338730253,42.5229939627385,56.92233283625497,58.74349284416773,66.66296203629939,72.68339663835505,86.71432888090348,102.97490918142016,16.58038822315088,34.11202553000723,45.94401550687679,49.88042465871988,57.15621651838522,68.23281210649783,81.85958798117564,84.6243825379906,91.7001967492749,116.72390367629318,32.383720930232556,53.33720930232558,32.383720930232556,39.383720930232556,16.291469007553495,48.26559141229002,59.50107911504021,22.792566187982867,35.935807428495266,66.37627754631256,0.0
19.694112717368533,45.38962271738545,50.71896554933979,64.22476721004666,94.87594684880948,31.684320771011972,58.44247529670102,73.2685527694963,36.400555603805266,47.60739549961764,55.10540450701919,64.92070477041696,78.65656363872202,83.22747637684033,117.50050425474137,32.01004414504328,42.483529417203684,56.92231067424783,58.74380597720551,66.67225475022687,72.72648703272316,86.72868919612344,102.99194857466809,16.492003542936086,34.06953859613837,45.90848375315688,49.87560406343572,57.15357792081197,68.2521404609439,81.88312592963837,84.68378735109229,91.72855459126714,116.76713727895132,32.383720930232556,53.33720930232558,32.383720930232556,39.383720930232556,16.24638292690329,48.27610671316874,59.53564989481169,22.75233664460551,35.933291111246064,66.41902340693912,0.0
19.740670903461602,45.37543624283272,50.69643123724673,64.22027425365751,94.91716059184442,31.639605288720002,58.44418666464278,73.31155688384652,36.35887103770922,47.5960466734888,55.09866472913324,64.9228069085673,78.65221798425861,83.25614419508904,117.53385312291653,31.965426701566876,42.444047729003344,56.92228868289771,58.74411707193673,66.68151680205693,72.76958209652376,86.7430490499952,103.00904163346141,16.403606328123935,34.02703752937891,45.872844173749726,49.870857933166775,57.15095863060076,68.27140642054505,81.90669590401926,84.7431564309437,91.75687352065101,116.81051661719303,32.383720930232556,53.33720930232558,32.383720930232556,39.383720930232556,16.201291854100088,48.28655285571271,59.57029482507093,22.712075449918665,35.93079121541015,66.46178449746188,0.0
19.787229089554675,45.36111260593228,50.67399139770018,64.21580444711097,94.95839387483795,31.594882345564177,58.445886495071015,73.35457999657412,36.3171639600938,47.5846677711399,55.09191959430809,64.9248515383012,78.64782197967295,83.28494193387841,117.56723787376835,31.920801109051162,42.40454896181521,56.92226686044906,58.74442614560654,66.69074829296935,72.81268168811589,86.75740831712665,103.026188392308,16.31519663737809,33.98452241142045,45.83709851503607,49.8661847725299,57.14835846992501,68.2906099791948,81.93029853605213,84.80248919763002,91.7851533107331,116.85404165847243,32.383720930232556,53.33720930232558,32.383720930232556,39.383720930232556,16.156195816314607,48.29693028511414,59.60501343345498,22.6717828254324,35.928307608340205,66.5045607290181,0.0
19.833787275647744,45.34665091485821,50.65164715462889,64.21135766304192,94.99964659305239,31.55015198692692,58.447574887995344,73.39762196228703,36.27543453839229,47.57325853760313,55.08516920145215,64.92683901984945,78.64337698399336,83.31386799542666,117.60065837444569,31.876167419235752,42.36503317896782,56.92224520516891,58.74473321528289,66.69994932367733,72.8557856666367,86.77176687338027,103.0433888850922,16.226774528919503,33.941993323289516,45.80124848904357,49.861583118207356,57.14577726279036,68.30975113322577,81.95393441822209,84.8617851084883,91.8133937395222,116.89771236666351,32.383720930232556,53.33720930232558,32.383720930232556,39.383720930232556,16.111094840507555,48.30723944548666,59.63980524888953,22.631458990803935,35.92584015857269,66.54735201341407,0.0
19.880345461740813,45.3320502894367,50.629399619096965,64.2069337745752,95.0409186424725,31.5054142578226,58.44925194239746,73.44068263698924,36.23368293836882,47.561818719365704,55.07841364986713,64.9287697131223,78.63888432914287,83.34292080864772,117.6341144926482,31.831525683426467,42.32550044344333,56.922223715346355,58.7450382978584,66.70911999443803,72.8988938919744,86.78612459588292,103.06064314507186,16.138340060531117,33.899450345354154,45.76529577398369,49.857051538431264,57.143214835016416,68.3288298813968,81.97760410612851,84.92104365573705,91.84159458973008,116.941528702063,32.383720930232556,53.33720930232558,32.383720930232556,39.383720930232556,16.065988953431724,48.31748077981871,59.6746698016333,22.591104163853647,35.923388735817994,66.59015826311906,0.0
19.926903647833882,45.317309861668136,50.607249888783834,64.20253265532969,95.08220991979974,31.460669202901247,58.45091775624292,73.48376187806511,36.19190932413812,47.55034806436113,55.07165303924145,64.93064397768624,78.63434532033426,83.37209882877728,117.66760609662424,31.78687595249986,42.285950817880234,56.92220238929232,58.74534141005271,66.71826040506316,72.94200622474177,86.80048136303648,103.0779512048752,16.049893289562686,33.856893557331034,45.72924201479806,49.852588632457845,57.14067101421912,68.34784622487992,82.00130812067071,84.98026436428654,91.86975564877248,116.98549062139368,32.383720930232556,53.33720930232558,32.383720930232556,39.383720930232556,16.020878181634135,48.32765472992816,59.709606623321434,22.550718560580815,35.920953210950486,66.6329793912594,0.0
19.97346183392695,45.302428776248746,50.58519904746451,64.19815417942196,95.12352032244617,31.415916866452218,58.45257242649271,73.52685954426437,36.1501138581848,47.53884632196091,55.06488746964369,64.93246217274104,78.62976123647096,83.40140053699197,117.70113305516942,31.742218276907593,42.2463843645763,56.92218122533934,58.74564256841438,66.7273706549289,72.98512252624998,86.81483705452736,103.095313096498,15.961434272935414,33.81432303829197,45.69308882371256,49.8481930300345,57.138145629793144,68.36680016724728,82.02504695006881,85.03944678971108,91.89787670876878,117.02959807780857,32.383720930232556,53.33720930232558,32.383720930232556,39.383720930232556,15.975762551458088,48.337761736418145,59.7446152470075,22.5103023951795,35.91853345599871,66.67581531161248,0.0
20.02002002002002,45.28740619109139,50.563248164491156,64.19379822147015,95.1648497485287,31.371157292407855,58.454216049114564,73.56997549568688,36.10829670138282,47.52731324296621,55.05811704151567,64.93422465709709,78.62513333055415,83.43082444002266,117.73469523762417,31.697552706680813,42.206801145491085,56.92216022184088,58.74594178932295,66.7364508429857,73.02824265848302,86.82919155133706,103.11272885130033,15.872963067146541,33.771738866670624,45.65683778079699,49.84386339086067,57.13563851289405,68.38569171445752,82.04882105173603,85.09859051637243,91.92595756654211,117.07385102089526,32.383720930232556,53.33720930232558,32.383720930232556,39.383720930232556,15.930642089045213,48.34780223863395,59.77969520720456,22.46985588005415,35.91612934413561,66.71866593860094,0.0
20.06657820611309,45.272241277844635,50.541398294276036,64.1894646565972,95.20619809686353,31.326390524347058,58.45584871909442,73.61310959376782,36.0664580130143,47.51574857960006,55.05134185566582,64.93593178915309,78.62046283009354,83.46036906976391,117.76829251387198,31.652879291434463,42.1672012222488,56.922139377171426,58.746239088990976,66.74550106776742,73.07136648407253,86.84354473575202,103.13019850000423,15.784479728273872,33.72914112026895,45.6204904345295,49.839598404044246,57.13314949642074,68.4045208748424,82.07263085401365,85.15769515567925,91.95399802361862,117.11824939668082,32.383720930232556,53.33720930232558,32.383720930232556,39.383720930232556,15.885516820337513,48.357776674621356,59.814846039924866,22.429379225835156,35.91374074966872,66.76153118728682,0.0
20.113136392206158,45.256933222409565,50.519650475777254,64.18515336043446,95.24756526696011,31.281616605498833,58.45747053044749,73.65626170126298,36.0245979507884,47.50415208549969,55.04456201326232,64.93758392687421,78.61575093752181,83.49003298287872,117.80192475433758,31.60819808037151,42.127584656140954,56.92211868972592,58.74653448346602,66.75452142740056,73.11449386627285,86.85789649137391,103.1477220726902,15.695984311980304,33.68652987626385,45.58404830236368,49.83539678755495,57.13067841499837,68.42328765909308,82.09647675778109,85.21676034447249,91.98199788622692,117.16279314763736,32.383720930232556,53.33720930232558,32.383720930232556,39.383720930232556,15.840386771079356,48.36768548108579,59.85006728271857,22.388872641394297,35.9113675480305,66.8044109733659,0.0
20.15969457829923,45.24148122545352,50.498005731987305,64.18086420912469,95.28895115901584,31.23683557874579,58.45908157622939,73.6994316822341,35.98271667085965,47.492523515708996,55.03777761582612,64.93918142777038,78.6109988306111,83.51981476040172,117.83559182998489,31.56350912228718,42.087951508129,56.92209815791946,58.746827988632575,66.76351201961252,73.15762466893666,86.87224670312956,103.16529959879489,15.607476873518287,33.64390521121336,45.54751287129747,49.831257287675854,57.128225104960606,68.44199208024611,82.12035913795054,85.27578574352604,92.00995696529635,117.20748221268742,32.383720930232556,53.33720930232558,32.383720930232556,39.383720930232556,15.795251966819448,48.377529093353004,59.88535847471127,22.348336333860146,35.909009615768646,66.8473052131619,0.0
20.2062527643923,45.225884502920195,50.47646506942582,64.17659707932528,95.33035567391009,31.192047486627644,58.4606819485469,73.74261940203475,35.9408143278464,47.48086262667149,55.030988765224066,64.94072464887495,78.60620766289131,83.54971300733958,117.86929361231488,31.518812465573095,42.04830183884702,56.9220777801872,58.747119620213994,66.77247294174019,73.20075875649103,86.8865952572813,103.1829311071081,15.518957467734067,33.60126720106309,45.51088559844216,49.827178678454494,57.12578940433247,68.46063415366947,82.1442783448567,85.334771036153,92.03787507645553,117.25231652721119,32.383720930232556,53.33720930232558,32.383720930232556,39.383720930232556,15.750112432912804,48.38730794533058,59.92071915664034,22.307770508633258,35.906666830536466,66.890213823621,0.0
20.25281095048537,45.210142286534996,50.45502947763637,64.17235184821104,95.37177871319898,31.14725237134458,58.46227173856891,73.78582472729579,35.89889107484883,47.469169176223375,55.02419556366196,64.94221394672381,78.60137856406915,83.57972635227136,117.90302997336428,31.474108158221387,42.00863570860409,56.92205755498379,58.74740939377438,66.78140429073791,73.24389599391351,86.90094204143658,103.20061662577021,15.430426149071929,33.558615921152295,45.474167911591195,49.82315976115441,57.123371152813306,68.4792138970483,82.16823470554891,85.39371592690904,92.06575204003036,117.29729602305233,32.383720930232556,53.33720930232558,32.383720930232556,39.383720930232556,15.704968194522625,48.39702246947078,59.95614887089031,22.267175369401333,35.90433907108332,66.93313672230603,0.0
20.299369136578438,45.1942538243056,50.43369992868905,64.16812839347708,95.41322017910967,31.10245027476067,58.46385103653697,73.82904752591165,35.85694706346666,47.45744292358663,55.01739811367725,64.94364967733466,78.5965126404469,83.60985344694778,117.9368007857029,31.42939624782873,41.968953177387164,56.92203748078325,58.747697324720534,66.79030616318495,73.28703624670915,86.91528694455869,103.21835618226936,15.341882971578647,33.51595144622028,45.43736120978698,49.819199363708314,57.12097019175976,68.4977313303706,82.19222852499466,85.45262014038535,92.09358768104168,117.34242062852584,32.383720930232556,53.33720930232558,32.383720930232556,39.383720930232556,15.659819276622292,48.40667309673441,59.991647161527005,22.226551118154266,35.902026217245094,66.97607382739135,0.0
20.345927322671514,45.178218381016265,50.41247737668877,64.16392659334134,95.45467997453501,31.05764123840719,58.465419931775884,73.87228766702624,35.81498244381683,47.44568362936288,55.01059651813222,64.9450321961867,78.59161097534076,83.6400929658913,117.9706059224321,31.384676781600362,41.92925430486335,56.92201755607853,58.74798342830371,66.79917865529332,73.33017938088715,86.92962985697649,103.23614980343896,15.25332798890756,33.47327385041224,45.40046686388508,49.81529634017364,57.11858636416854,68.51618647591255,82.21626008720074,85.51148342008369,92.12138182920232,117.38769026842577,32.383720930232556,53.33720930232558,32.383720930232556,39.383720930232556,15.614665703997137,48.41626025655581,60.02721357433077,22.185897955199064,35.89972814993468,67.01902505765696,0.0
20.392485508764583,45.16203523871568,50.39136275729038,64.15974632654721,95.49615800302813,31.012825303485954,58.46697851270398,73.91554502101935,35.77299736455083,47.433891055526935,55.003790880206566,64.94636185820062,78.58667462949795,83.67044360599708,118.00444525718277,31.339949806354056,41.88953915038251,56.921997779381535,58.74826771962151,66.80802186291434,73.37332526293841,86.94397067039438,103.2539975154551,15.164761254322581,33.430583207285494,45.36348621711543,49.8114495701914,57.11621951466009,68.53457935822392,82.24032965625872,85.57030552736711,92.14913431891432,117.43310486403301,32.383720930232556,53.33720930232558,32.383720930232556,39.383720930232556,15.569507501246393,48.42578437680898,60.06284765682837,22.145216079174673,35.89744475113261,67.06199033248342,0.0
20.439043694857652,45.145703697197234,50.37035698722131,64.15558747236582,95.53765416879702,30.968002510872545,58.46852686684366,73.95881945949309,35.73099197287195,47.422064965420915,54.996981303390335,64.94763901771887,78.58170464151185,83.70090408613568,118.03831866411325,31.29521536852401,41.84980777297979,56.921978149222475,58.748550213619644,66.81683588154603,73.41647375981316,86.95830927790273,103.27189934383402,15.076182820702567,33.38787958981517,45.32642058563885,49.80765795844887,57.113869489461464,68.55291000411316,82.26443747732122,85.62908624048113,92.17684498926515,117.47866433312447,32.383720930232556,53.33720930232558,32.383720930232556,39.383720930232556,15.524344692784968,48.43524588377464,60.098548958324095,22.1045056870667,35.89517590387764,67.10496957184635,0.0
20.48560188095072,45.12922307447138,50.349460963812376,64.15144991059834,95.57916837669926,30.92317290111954,58.470065080831276,74.00211085525846,35.688966414551906,47.410205123748305,54.9901678914765,64.94886402848635,78.5767020282346,83.73147314675734,118.07222601790787,31.25047351416472,41.81006023137797,56.921958664149784,58.74883092509374,66.82562080633937,73.45962473889888,86.97264557398782,103.28985531342961,14.987592740544883,33.34516307040021,45.289271259099344,49.803920434147244,57.11153613638993,68.57117844263232,82.28858377751317,85.68782535363889,92.20451368402428,117.52436858998188,32.383720930232556,53.33720930232558,32.383720930232556,39.383720930232556,15.479177302845304,48.444645202108646,60.13431702992978,22.063766974222034,35.89292149225744,67.14796269631123,0.0
20.53216006704379,45.11259270722883,50.3286755645376,64.1473335215781,95.62070053223684,30.878336514459708,58.47159324042732,74.04541908232225,35.646920833947895,47.39831129656864,54.9833507485538,64.95003724363129,78.57166778518761,83.7621495494994,118.10616719377417,31.2057242889548,41.77029658398987,56.921939322729834,58.74910986869108,66.83437673210474,73.50277806799856,86.98697945454188,103.30786544843109,14.898991065969765,33.30243372086925,45.25203950117051,49.80023595047417,57.10921930483638,68.58938470506195,82.31276876678432,85.74652267616601,92.23214025163853,117.57021754540132,32.383720930232556,53.33720930232558,32.383720930232556,39.383720930232556,15.434005355479107,48.453982754811044,60.17015142459357,22.023000134363347,35.890681401399334,67.19096962702803,0.0
20.57871825313686,45.09581195129432,50.30800164656366,64.14323818617261,95.6622505415508,30.83349339080916,58.47311143052638,74.08874401587377,35.60485537401893,47.38638325129202,54.97652997899916,64.95115901564644,78.56660288696801,83.79293207679633,118.14014206744186,31.16096773820075,41.7305168889209,56.9219201235467,58.74938705891235,66.84310375331815,73.54593361530924,87.00131081687337,103.32592977236041,14.810377848724064,33.25969161248613,45.21472655009628,49.79660348408235,57.10691884574912,68.6075288248958,82.33699263870623,85.80517803170065,92.25972454522802,117.61621110670345,32.383720930232556,53.33720930232558,32.383720930232556,39.383720930232556,15.388828874559188,48.463258963196566,60.20605169712799,21.982205359603473,35.88845551746104,67.23399028572618,0.0
20.62527643922993,45.07888018207003,50.2874400463099,64.13916378578524,95.70381831141621,30.78864356977043,58.47461973516679,74.13208553227207,35.56277017634208,47.37442075667397,54.96970568747042,64.95222969637068,78.56150828765217,83.82381953149319,118.17415051516038,31.11620390684069,41.69072120397128,56.921901065201816,58.74966251011334,66.85180196412675,73.58909124940078,87.01563955971694,103.34404830807027,14.721753140185061,33.21693681595579,45.17733361922542,49.79302203457423,57.104634611617506,68.62561083782522,82.3612555712191,85.86379125744489,92.28726642258111,117.6623491777437,32.383720930232556,53.33720930232558,32.383720930232556,39.383720930232556,15.34364788378115,48.47247424686584,60.24201740423673,21.94138284045972,35.886243727621576,67.27702459470942,0.0
20.671834625322997,45.06179679496781,50.26699157901923,64.13511020235738,95.74540374923698,30.743787090635585,58.47611823754047,74.17544350903323,35.52066538112861,47.36242358281063,54.96287797889872,64.95324963697091,78.5563849211945,83.85481073646258,118.20819241369685,31.071432839448054,41.65090958663842,56.921882146313806,58.749936236506656,66.86047145835502,73.6322508391949,87.02996558324352,103.36222107774154,14.633116991364375,33.174169401429616,45.13986189753888,49.789490623993466,57.102366456455876,68.64363078172366,82.38555772733116,85.9223622034625,92.31476574614922,117.70863165892334,32.383720930232556,53.33720930232558,32.383720930232556,39.383720930232556,15.298462406665164,48.48162902367784,60.278048104540716,21.900532765868082,35.884045920072076,67.32007247685054,0.0
20.71839281141607,45.04456120582969,50.246657038341205,64.13107731836968,95.78700676304082,30.69892399238924,58.47760702000246,74.21881782481759,35.47854112723989,47.35039150113397,54.956046958481096,64.95421918792415,78.55123370182298,83.88590453422607,118.24226764033449,31.02665458023522,41.61108209411934,56.92186336551815,58.7502082521633,66.86911232950962,73.67541225394454,87.04428878907052,103.38044810288119,14.544469452911581,33.13138943851117,45.102312550170176,49.78600829632323,57.100114235787544,68.6615886966308,82.4098992557744,85.9808907320211,92.34222238304129,117.7550584472008,32.383720930232556,53.33720930232558,32.383720930232556,39.383720930232556,15.253272466557606,48.49072370972313,60.31414335860299,21.85965532319724,35.881861984006825,67.36313385558663,0.0
20.76495099750914,45.02717285133599,50.22643719592741,64.1270650168438,95.82862726147417,30.65405431371158,58.479086164080364,74.26220835941736,35.436397552203,47.33832428440735,54.94921273167277,64.95513869899996,78.54605552442953,83.91709978657951,118.2763760728706,30.98186917305711,41.57123878331274,56.92184472146703,58.75047857101445,66.87772467078511,73.71857536321332,87.05860908027209,103.39872940432001,14.455810575118047,33.08859699626151,45.064686718918324,49.782574116992066,57.09787780662893,68.67948462473667,82.43428029162047,86.03937671697484,92.36963620501791,117.80162943610327,32.383720930232556,53.33720930232558,32.383720930232556,39.383720930232556,15.20807808663282,48.49975871929821,60.35030272895271,21.81875069826263,35.87969180961419,67.40620865491388,0.0
20.811509183602208,45.00963118940007,50.206332801040126,64.12307318134384,95.87026515379735,30.609178092981292,58.48055575048364,74.30561499374437,35.39423479222617,47.32622170672117,54.94237540417955,64.95600851924331,78.5408512649555,83.94839537422268,118.3105175896144,30.937076661414757,41.53137971082153,56.92182621282895,58.75074720685294,66.88630857506863,73.76174003685541,87.07292636138901,103.41706500221068,14.367140407920525,33.045792143204665,45.02698552275284,49.77918717238719,57.09565702747382,68.69731861036566,82.45870095685864,86.09782004318454,92.39700708848513,117.8483445157391,32.383720930232556,53.33720930232558,32.383720930232556,39.383720930232556,15.162879289894716,48.50873446488076,60.386525780108244,21.777819075340194,35.87753528806771,67.4492967993828,0.0
20.858067369695277,44.991935699549366,50.186344580175025,64.11910169597759,95.91192034987942,30.564295368278536,58.48201585911299,74.34903760981777,35.3520529822142,47.31408354348884,54.93553508195022,64.9568289969575,78.53562178077254,83.97979019639426,118.34469206938516,30.892277088458798,41.49150493295488,56.921807838288686,58.75101417333495,66.89486413494474,73.80490614499541,87.0872405384389,103.43545491602545,14.278459000904759,33.002974947332866,44.989210058310995,49.77584656937574,57.093451758277695,68.71509069996014,82.48316136093904,86.1562206059726,92.42433491448796,117.89520357281029,32.383720930232556,53.33720930232558,32.383720930232556,39.383720930232556,15.117676099178471,48.51765135710597,60.422812078599286,21.73686063718023,35.875392311517246,67.49239821409323,0.0
20.904625555788346,44.974085883291934,50.16647323669827,64.11515044539769,95.95359276019353,30.51940617738782,58.48346656906931,74.39247609075218,35.3098522557833,47.301909571442785,54.92869187116868,64.95760047968761,78.53036791105845,84.01128317051119,118.3788993915106,30.847470496992994,41.45161450573054,56.92178959654694,58.75127948398163,66.90339144270045,73.84807355800854,87.10155151892648,103.45389916455439,14.189766403308932,32.960145476111975,44.951361400386844,49.77255143483396,57.09126186044237,68.73280094206437,82.50766160128362,86.21457831061106,92.45161956870332,117.94220649062562,32.383720930232556,53.33720930232558,32.383720930232556,39.383720930232556,15.072468537152114,48.52650980474352,60.4591611929881,21.69587556502097,35.87326277308011,67.53551282468962,0.0
20.951183741881415,44.95608126446775,50.146719450498935,64.11121931480285,95.99528229581185,30.47451055780087,58.48490795866285,74.43593032074558,35.26763274527625,47.289699568630866,54.92184587824634,64.95832331420418,78.52509047716697,84.04287323181354,118.41313943582458,30.8026569294776,41.41170848487701,56.92177148632004,58.75154315218046,66.91189059032897,73.89124214650104,87.11585921185353,103.47239776590318,14.101062664027463,32.91730379648652,44.91344060241162,49.76930091518461,57.08908719680043,68.75044938730775,82.53220176376726,86.27289307183925,92.4788609414332,117.98935314911404,32.383720930232556,53.33720930232558,32.383720930232556,39.383720930232556,15.027256626318126,48.53531021467579,60.49557269388983,21.654864038602174,35.871146566832344,67.57864055735618,0.0
20.997741927974484,44.93792138958446,50.12708387765713,64.10730818993882,96.03698886840101,30.429608546719468,58.48634010542207,74.47940018506775,35.22539458177683,47.277453314412696,54.91499720981413,64.95899784648695,78.51979028299301,84.074559333014,118.44741208266514,30.757836428032814,41.37178692583566,56.92175350633987,58.75180519118704,66.92036166953477,73.93441178129098,87.13016352772942,103.49095073749137,14.012347831614136,32.874449974884875,44.87544869692606,49.76609417594272,57.08692763160016,68.76803608838854,82.5567819231706,86.33116481340987,92.50605892759667,118.03664342483849,32.383720930232556,53.33720930232558,32.383720930232556,39.383720930232556,14.982040389015065,48.54405299187677,60.5320461539919,21.61382623617853,35.869043587799986,67.62178133881218,0.0
21.044300114067557,44.919605828136525,50.107567150128524,64.10341695709924,96.07871239021709,30.384700181058246,58.487763086102426,74.5228855700486,35.18313789512452,47.2651705894564,54.90814597271475,64.9596244217093,78.51446811533151,84.1063404439534,118.48171721287295,30.713009034442102,41.33184988376298,56.921735655353594,58.752065614126465,66.92880477173705,73.97758233338863,87.14446437858078,103.50955809605034,13.923621954285794,32.831584077224456,44.837386696044064,49.76293040126967,57.08478303049039,68.7855611000569,82.58140214360681,86.38939346766115,92.5332134267225,118.08407719101032,32.383720930232556,53.33720930232558,32.383720930232556,39.383720930232556,14.93681984741909,48.55273853939194,60.56858114807269,21.57276233453295,35.86695373195048,67.66493509630727,0.0
21.090858300160626,44.90113417290775,50.08816987544595,64.0995455031265,96.12045277410114,30.339785497447455,58.489176976695106,74.56638636306674,35.14086281392875,47.25285117573546,54.9012922739948,64.96020338422258,78.50912474423107,84.13821555126128,118.51605470778892,30.668174790155522,41.29189741353268,56.921717932123286,58.75232443399478,66.93721998807408,74.02075367397758,87.15876167796227,103.52821985762166,13.83488507992552,32.78870616891657,44.79925559190757,49.75980879353586,57.082653260505474,68.80302447909814,82.60606247892466,86.4475789751137,92.5603243429407,118.13165431750396,32.383720930232556,53.33720930232558,32.383720930232556,39.383720930232556,14.891595023545541,48.561367258319,60.60517725301919,21.531672508989878,35.864876896184015,67.7081017576168,0.0
21.137416486253695,44.88250604025625,50.068892636438264,64.09569371541255,96.1622099334743,30.294864532235692,58.490581852435554,74.60990245253807,35.098569465583005,47.240494856525686,54.89443622089663,64.96073507754102,78.50376092334184,84.17018365802204,118.55042444925256,30.623333736293006,41.25192956973771,56.92170033542599,58.752581663660585,66.94560740940688,74.06392567439605,87.17305534096634,103.54693603755528,13.746137256086001,32.74581631487142,44.76105635713293,49.756728572891795,57.08053819005043,68.82042628431566,82.63076297308807,86.50572128408962,92.58739158497445,118.17937467087178,32.383720930232556,53.33720930232558,32.383720930232556,39.383720930232556,14.846365939250473,48.56993954778942,60.64183404784386,21.490556933428305,35.86281297832508,67.75128125103733,0.0
21.183974672346768,44.86372107038138,50.0497359909674,64.09186148189923,96.20398378233338,30.24993732149261,58.491977787812075,74.6534337279046,35.056257976278864,47.228101416402424,54.88757792085067,64.96121984432673,78.4983773902574,84.20224378344665,118.58482631960001,30.578485913647587,41.211946406692434,56.921682864053246,58.75283731586651,66.9539671263228,74.10709820611783,87.18734528423363,103.5657066505078,13.657378529993041,32.70291457950321,44.72278994524836,49.75368897684777,57.078437688886375,68.83776657651407,82.65550366053544,86.56382035035327,92.61441506613072,118.22723811435978,32.383720930232556,53.33720930232558,32.383720930232556,39.383720930232556,14.80113261623212,48.57845580495092,60.678551113700685,21.449415780294792,35.86076187711393,67.79447350538197,0.0
21.23053285843984,44.84477892757242,50.0307004716837,64.08804869107915,96.2457742352461,30.205003901011576,58.49336485657419,74.69698007962353,35.01392847101965,47.215670641237935,54.88071748146707,64.96165802637509,78.49297486685067,84.23439496255017,118.61926020166216,30.533631362688592,41.1719479784347,56.921665516811146,58.75309140323043,66.96229922913902,74.15027114073386,87.2016314259633,103.58453171044084,13.568608948548388,32.660001026734676,44.68445729112318,49.75068925986217,57.07635162811577,68.85504541848172,82.68028456651874,86.62187613677203,92.64139470429183,118.27524450792362,32.383720930232556,53.33720930232558,32.383720930232556,39.383720930232556,14.755895076032445,48.58691642495073,60.71532803390055,21.408249220616426,35.858723492198266,67.837678449976,0.0
21.27709104453291,44.82567930043847,50.01178658580038,64.0842552319959,96.28758120734663,30.160064306312368,58.494743131740826,74.7405413991561,34.971581073634226,47.20320231819894,54.87385501052797,64.96204996460024,78.48755405960411,84.26663624583482,118.65372597876245,30.488770123564866,41.13193433872774,56.92164829251976,58.75334393824715,66.97060380790602,74.19344434993373,87.21591368592321,103.60341123061934,13.479828558333327,32.61707572000212,44.64605931138762,49.74772869293818,57.07427988016798,68.87226287497347,82.7051057074243,86.6798886129948,92.66833042190581,118.32339370824445,32.383720930232556,53.33720930232558,32.383720930232556,39.383720930232556,14.710653340038597,48.595321800919606,60.752164393925526,21.367057424013545,35.85669772412484,67.88089601465232,0.0
21.32364923062598,44.80642190211874,49.99299481488701,64.08048099424452,96.32940461433114,30.115118572643702,58.49611268560865,74.78411757895694,34.929215906790205,47.190696235744234,54.86699061597908,64.9623959990212,78.4821156599343,84.29896669897862,118.6882235347152,30.443902236107817,41.091905541062424,56.92163119001334,58.7535949332897,66.97888095241072,74.23661770548752,87.23019198546005,103.62234522361027,13.39103740561166,32.57413872225999,44.607596904844584,49.744806563229176,57.07222231878502,68.88941901269344,82.72996709107653,86.73785775514901,92.69522214597677,118.37168556874583,32.383720930232556,53.33720930232558,32.383720930232556,39.383720930232556,14.665407429484342,48.60367232395673,60.78905978144265,21.325840558712454,35.85468447433117,67.92412612974707,0.0
21.370207416719047,44.7870064704736,49.974325614682996,64.07672586797172,96.37124437245308,30.07016673498587,58.497473589760105,74.82770851246333,34.886833092007386,47.17815218362264,54.86012440592175,64.96269646874777,78.47666034450957,84.33138540252995,118.72275275382381,30.399027739834548,41.05186163865901,56.921614208139935,58.75384440061071,66.98713075217952,74.2797910792273,87.24446624751002,103.64133370128084,13.302235536332807,32.53119009598562,44.569070952872494,49.741922173652405,57.070178819007346,68.90651390027719,82.75486871702564,86.79578354555272,92.72206980805512,118.4201199396107,32.383720930232556,53.33720930232558,32.383720930232556,39.383720930232556,14.620157365451574,48.61196838311535,60.8260137863168,21.284598791557997,35.85268364513737,67.96736872609533,0.0
21.416765602812116,44.767432768255354,49.955779414930745,64.07298974387614,96.41310039851919,30.025208828053273,58.49882591507138,74.87131409408465,34.84443274967071,47.16556995287097,54.85325648860476,64.96295171196716,78.47118877556305,84.36389145160783,118.75731352087838,30.35414667395093,41.01180268446928,56.921597345761086,58.75409235234374,66.99535329648133,74.32296434302951,87.25873639660882,103.66037667479726,13.21342299613496,32.48822990318394,44.53048231981979,49.73907484251122,57.06814925715976,68.92354760827423,82.7798105768197,86.85366597244256,92.74887334422716,118.46869666779871,32.383720930232556,53.33720930232558,32.383720930232556,39.383720930232556,14.574903168871657,48.62021036538917,60.8630260006229,21.243332288026025,35.85069513973795,68.01062373502671,0.0
21.463323788905186,44.74770058325895,49.937356619229426,64.06927251320829,96.4549726098847,29.98024488629697,58.50016973172034,74.91493421919198,34.80201499904329,47.15294933581216,54.84638697241603,64.96316206593062,78.46570160119867,84.39648395560761,118.79190572115435,30.309259077354593,40.97172873117849,56.92158060175173,58.754338800504755,67.0035486743304,74.36613736879654,87.273002358902,103.67947415462329,13.124599830348131,32.44525820539183,44.491831853390515,49.73626390312563,57.06613351083752,68.94052020913034,82.8047926542636,86.91150502971581,92.77563269510459,118.51741559706404,32.383720930232556,53.33720930232558,32.383720930232556,39.383720930232556,14.529644860526885,48.62839865569956,60.900096018657294,21.20204121223578,35.84871886219375,68.05389108836117,0.0
21.509881974998255,44.72780972845202,49.91905760490918,64.06557406777092,96.49686092444927,29.935274943907114,58.50150510919437,74.9585687841078,34.759579958279204,47.14029012605372,54.83951596587455,64.96332786694032,78.46019945569228,84.4291620379127,118.82652924041005,30.26436498863793,40.93163983120722,56.92156397500021,58.75458375699342,67.01171697448905,74.40931002843931,87.28726406215574,103.69862615051898,13.035766083997048,32.40227506368288,44.453120385022046,49.73348870347103,57.064131458892504,68.95743177716959,82.82981492566394,86.96930071668558,92.80234780581405,118.56627656797345,32.383720930232556,53.33720930232558,32.383720930232556,39.383720930232556,14.484382461051863,48.63653363688339,60.937223436948464,21.160725726962152,35.84675471742391,68.09717071840463,0.0
21.556440161091324,44.70776004208425,49.900882722926106,64.0618942999186,96.53876526065243,29.890299034815495,58.50283211629801,75.00221768609579,34.717127744435764,47.127592118486014,54.832643577621866,64.96344945033671,78.45468295978553,84.46192483561161,118.86118396488534,30.21946444609106,40.89153603671334,56.921547464407716,58.7548272335943,67.01985828547028,74.45248219385932,87.30152143576666,103.71783267153924,12.946921801804274,32.35928053867167,44.41434873025403,49.730748605825205,57.06214298141955,68.97428238857644,82.85487736006193,87.02705303784872,92.82901862598574,118.61527941792458,32.383720930232556,53.33720930232558,32.383720930232556,39.383720930232556,14.439115990934912,48.644615689681714,60.9744078542671,21.11938599364784,35.84480261119788,68.14046255794499,0.0
21.602998347184396,44.68755138777567,49.88283229777828,64.05823310255784,96.58068553746958,29.84531719269791,58.504150821160636,75.04588082335074,34.67465847348647,47.11485510928101,54.825769916414075,64.96352715048583,78.44915272097542,84.49477149922086,118.89586978129908,30.174557487704693,40.8514173995939,56.921531068888385,58.75506924197824,67.02797269554019,74.495653736931,87.31577441077268,103.73709372603277,12.858067028193037,32.316274690518256,44.37551768908936,49.72804298642335,57.06016795974295,68.99107212137783,82.87997991945474,87.08476200266517,92.85564510974228,118.66442398116511,32.383720930232556,53.33720930232558,32.383720930232556,39.383720930232556,14.393845470519354,48.65264519272901,61.01164887163536,21.078022172415384,35.84286245012751,68.18376654024779,0.0
21.649556533277465,44.66718365458408,49.86490662744287,64.05459036914687,96.62262167440758,29.800329450976626,58.50546129124397,75.08955809498869,34.63217226033286,47.10207889589099,54.8188950911132,64.96356130076718,78.44360933379731,84.52770119241335,118.93058657684787,30.129644151173117,40.81128397148713,56.92151478736906,58.75530979370374,67.03606029272049,74.5388245294842,87.33002291986328,103.7564093216409,12.76920180729008,32.27325757893265,44.336628046346995,49.725371235121116,57.058206276403,69.0078010554249,82.90512255900559,87.14242762534884,92.88222721568724,118.71371008881168,32.383720930232556,53.33720930232558,32.383720930232556,39.383720930232556,14.34857092000495,48.66062252254331,61.04894609233546,21.036634422079175,35.8409341416593,68.22708259905222,0.0
21.696114719370534,44.64665675705106,49.84710598333446,64.05096599369524,96.66457359150064,29.755335842822735,58.50676359334951,75.13324940103706,34.58966921881679,47.08926327704741,54.81201921067906,64.96355223356164,78.4380533801022,84.56071309175202,118.9653342392037,30.084724473896948,40.77113580377394,56.92149861878896,58.755548900218095,67.04412116479081,74.58199444328673,87.34426689739007,103.77577946529632,12.680326182928729,32.2302292631788,44.29768057200659,49.722732755065486,57.056257815142764,69.02446927237493,82.9303052272442,87.2000499246681,92.90876490689318,118.76313756886941,32.383720930232556,53.33720930232558,32.383720930232556,39.383720930232556,14.303292359449154,48.6685480535168,61.086299121917754,20.99522290015725,35.83901759406641,68.27041066856702,0.0
21.742672905463603,44.62597063522693,49.82943061028462,64.04735987076371,96.70654120930612,29.710336401158496,58.50805779362589,75.17695464242492,34.5471494617324,47.076408052759945,54.80514238416072,64.96350028023971,78.43248542932828,84.59380638642966,119.00011265651206,30.039798492985998,40.73097294758023,56.9214825620998,58.755786572858646,67.0521553992907,74.625163350027,87.35850627937718,103.79520416322235,12.591440198651368,32.1871898020793,44.2586760215455,49.72012696237338,57.0543224608949,69.04107685567303,82.95552786625693,87.2576289237564,92.93525815088982,118.81270624625152,32.383720930232556,53.33720930232558,32.383720930232556,39.383720930232556,14.258009808768474,48.676422157907226,61.12370756820803,20.953787762883074,35.8371127164412,68.31375068346642,0.0
21.789231091556676,44.60512525467428,49.81188072654288,64.04377189546372,96.74852444890053,29.665331158659722,58.509343957576206,75.22067372097337,34.50461310083796,47.063513024315654,54.79826472068825,64.96340577114991,78.4269060387674,84.62698027801329,119.03492171739035,29.994866245262077,40.69079545377844,56.9214666162652,58.75602282285409,67.06016308352197,74.6683311212965,87.37274100353203,103.81468342093153,12.50254389771256,32.14413925401921,44.21961513626784,49.71755328581782,57.05240009976867,69.05762389053366,82.98079041186843,87.31516464993234,92.9617069196515,118.86241594280001,32.383720930232556,53.33720930232558,32.383720930232556,39.383720930232556,14.212723287739733,48.68424520582988,61.1611710413141,20.912329165217184,35.83521941868733,68.35710257888618,0.0
21.835789277649745,44.58412060645049,49.79445652379885,64.04020196345694,96.79052323187513,29.62032014775802,58.51062215006502,75.26440653938624,34.46206024686741,47.05057799427823,54.79138632946412,64.96326903560768,78.42131575382547,84.66023398019423,119.06976131092568,29.94992776726172,40.65060337298927,56.921450780261054,58.756257661325684,67.06814430455061,74.71149762857289,87.38697100925562,103.83421724322503,12.413637323081538,32.10107767695049,44.18049864362599,49.71501116652188,57.05049061903702,69.07411046392247,83.00609279381457,87.3726571345275,92.988111189585,118.91226647730564,32.383720930232556,53.33720930232558,32.383720930232556,39.383720930232556,14.1674328160014,48.69201756525027,61.19868915363206,20.870847260858696,35.83333761151234,68.40046629041966,0.0
21.882347463742814,44.562956707068764,49.7771581672255,64.03664997095471,96.8325374803324,29.57530340064311,58.511892435325684,75.3081530012405,34.419491009542014,47.03760276648746,54.784507319754816,64.96309040188419,78.41571510827735,84.69356671854372,119.10463132667321,29.90498309523892,40.610396755583736,56.921435053074944,58.75649109928836,67.07609914920867,74.75466274320235,87.40119623765342,103.85380563419149,12.324720517445195,32.05800512839589,44.141327257534456,49.712500057659554,57.04859390712384,69.09053666453751,83.0314349359074,87.43010641272313,93.01447094151646,118.96225766552867,32.383720930232556,53.33720930232558,32.383720930232556,39.383720930232556,14.12213841305482,48.69973960197735,61.23626151985156,20.829342202256797,35.83146720642005,68.44384175411385,0.0
21.928905649835883,44.541633598438445,49.75998579554374,64.03311581471756,96.87456711688164,29.530280949265073,58.51315487696713,75.35191301097707,34.376905497581625,47.02458714605866,54.77762780088243,64.96287019719558,78.41010462451713,84.72697773027335,119.13953165465395,29.860032265167852,40.57017565168468,56.92141943370602,58.756723147652046,67.08402770409617,74.79782633638283,87.41541663154577,103.87344859720648,12.235793523210402,32.014921665453244,44.10210167867648,49.710019424164294,57.046709853591366,69.1069025827908,83.0568167561925,87.48751252339385,93.04078616067868,119.01238932022046,32.383720930232556,53.33720930232558,32.383720930232556,39.383720930232556,14.076840098265484,48.707411679657405,61.273887756960846,20.78781414062207,35.82960811570305,68.48722890646557,0.0
21.975463835928952,44.520151347784164,49.7429395211077,64.02959939205454,96.91661206463493,29.48525282533656,58.51440953798095,75.3956864738918,34.334303818716,47.01153093938241,54.77074788221606,64.96260874769246,78.4044848138017,84.76046626400081,119.17446218535328,29.815075312745506,40.52994011116874,56.92140392116501,58.75695381722279,67.0919300555828,74.84098827914663,87.42963213547888,103.89314613493151,12.146856382507014,31.971827344799408,44.06282259480336,49.707568742444344,57.04483834912763,69.12320831078982,83.08223816709948,87.5448755089591,93.06705683669776,119.06266125114418,32.383720930232556,53.33720930232558,32.383720930232556,39.383720930232556,14.031537890864257,48.71503415976852,61.31156748425094,20.746263225937717,35.827760252435354,68.53062768441762,0.0
22.02202202202202,44.498510047544364,49.726019430010936,64.02610060082243,96.95867224720368,29.44021906033501,58.51565648074809,75.4394732961262,34.291686079695815,46.99843395412426,54.76386767316335,64.9623063784495,78.39885617649054,84.79403157952055,119.20942280971877,29.77011227339432,40.48969018366792,56.921388514474074,58.75718311870381,67.09980628980962,74.88414844234359,87.44384269573527,103.91289824931329,12.057909137190228,31.928722222694137,44.023490681026644,49.70514750010522,57.04297928553407,69.13945394231857,83.10769907558533,87.60219541524076,93.09328296357992,119.1130732650971,32.383720930232556,53.33720930232558,32.383720930232556,39.383720930232556,13.986231809948642,48.72260740161562,61.34930032331947,20.70468960697077,35.825923530465005,68.57403802535492,0.0
22.068580208115094,44.47670981524927,49.709225582212966,64.02261933942493,97.0007475886942,29.395179685504836,58.516895767045746,75.4832733846587,34.24905238630353,46.98529599922458,54.75698728316185,64.96196341345546,78.39321920227938,84.82767294757954,119.24441341915832,29.725143182264823,40.44942591857139,56.92137321266641,58.757411062696775,67.10765649269077,74.9273066966238,87.4580482603446,103.93270494158331,11.968951828843359,31.8856063549842,43.98410660010336,49.70275519567897,57.04113255571345,69.15563957281904,83.13319938327211,87.65947229132776,93.11946453969773,119.16362516593213,32.383720930232556,53.33720930232558,32.383720930232556,39.383720930232556,13.94092187448394,48.73013176232604,61.38708589807374,20.663093431283023,35.824097864406816,68.61745986710086,0.0
22.115138394208163,44.45475079337874,49.69255801168633,64.01915550681215,97.04283801370417,29.350134731859562,58.518127458054,75.52708664729572,34.206402843364444,46.97211688489871,54.7501068216707,64.96158017560319,78.38757437042926,84.86138964965807,119.2794339055385,29.680168074238168,40.409147365027074,56.92135801478627,58.75763765970295,67.11548074991488,74.97046291242081,87.4722487790947,103.952566212257,11.8799844987802,31.842479797107124,43.94467100271438,49.70039133836007,57.039298053657475,69.17176529937224,83.158738986578,87.7167061894459,93.14560156777645,119.21431675458028,32.383720930232556,53.33720930232558,32.383720930232556,39.383720930232556,13.895608103304488,48.737607596845756,61.4249238347335,20.621474845242094,35.82228316963515,68.66089314791346,0.0
22.161696580301236,44.43263314920006,49.67601672658341,64.01570900247927,97.08494344731866,29.305084230183958,58.51935161436231,75.57091299266303,34.163737554757056,46.9588964226367,54.743226398161795,64.96115698668007,78.38192214999012,84.89518097775469,119.3144841611823,29.635186983928694,40.368854571943466,56.9213429198889,58.75786292012412,67.12327914694662,75.01361695993457,87.48644420354222,103.97248206113325,11.791007188047635,31.799342604095024,43.9051845277361,49.698055447748,57.03747567443493,69.18783122067944,83.18431777684349,87.77389716483424,93.17169405488009,119.26514782907321,32.383720930232556,53.33720930232558,32.383720930232556,39.383720930232556,13.85029051511483,48.745035257935996,61.462813761832905,20.57983399403221,35.82047936227671,68.70433780648179,0.0
22.208254766394305,44.41035707458615,49.659601709422816,64.01227972646606,97.12706381510635,29.26002821103617,58.520568295976155,75.61475233019698,34.12105662342387,46.94563442520387,54.73634612211138,64.96069416735864,78.37626300002013,84.92904623417706,119.34956407886784,29.590199945686482,40.3285475879913,56.92132792704012,58.758086854263944,67.1310517690279,75.05676870911442,87.50063448702365,103.99245248729402,11.702019937428279,31.756194830578664,43.86564780250569,49.69574705359607,57.035665314179894,69.20383743704336,83.20993564045128,87.83104527562604,93.19774201239703,119.3161181845658,32.383720930232556,53.33720930232558,32.383720930232556,39.383720930232556,13.804969128490894,48.75241509617056,61.50075531022229,20.538171021664954,35.81868635920348,68.74779378192227,0.0
22.254812952487374,44.38792278581473,49.64331291729524,64.00886757935558,97.16919904311582,29.214966704749767,58.52177756232341,75.6586045701361,34.07836015138154,46.93233070664083,54.72946610299134,64.96019203718731,78.37059736979954,84.96298473133632,119.38467355182584,29.545206993599777,40.28822646160504,56.92131303531643,58.758309472328854,67.13879870117958,75.09991802964228,87.51481958466616,104.01247748910372,11.613022787442643,31.713036530790884,43.82606144307963,49.69346569556678,57.033866870079905,69.21978405034903,83.23559245894229,87.8881505827353,93.223745456026,119.36722761335956,32.383720930232556,53.33720930232558,32.383720930232556,39.383720930232556,13.759643961881151,48.75974745993346,61.53874811306911,20.496486070989967,35.81690407802567,68.79126101377506,0.0
22.301371138580443,44.36533052334842,49.62715028208786,64.00547246227336,97.21134905787173,29.169899741435824,58.522979472260765,75.70246962351273,34.03564823973134,46.918985082264044,54.72258645026084,64.95965091458156,78.36492569904046,84.99699579154637,119.41981247373823,29.5002081614975,40.24789124098466,56.921298243804785,58.7585307844292,67.14652002820239,75.1430647909155,87.52899945339885,104.03255706420896,11.524015778351693,31.669867758570497,43.78642605448622,49.69121092299304,57.03208024036426,69.23567116404497,83.26128810912606,87.94521314974801,93.24970440576158,119.41847590492578,32.383720930232556,53.33720930232558,32.383720930232556,39.383720930232556,13.71431503360775,48.767032695417235,61.57679180585875,20.454779283705477,35.81513243708472,68.8347394420005,0.0
22.347929324673515,44.342580551596605,49.61111371072733,64.00209427688613,97.25351378637133,29.124827350984955,58.52417408407989,75.74634740214445,33.992920988669155,46.905597368666115,54.71570727335733,64.95907111681498,78.35924841809104,85.03107874682813,119.45498073873611,29.455203482951685,40.207541974097246,56.92128355160237,58.75875080058033,67.15421583467831,75.18620886203016,87.5431740519635,104.05269120953824,11.434998950159427,31.62668856736589,43.74674223097181,49.68898229464552,57.030305324292705,69.25149888312414,83.287022463187,88.00223304281748,93.27561888587921,119.46986284592894,32.383720930232556,53.33720930232558,32.383720930232556,39.383720930232556,13.668982361867656,48.77427114662164,61.61488602639443,20.413050800368744,35.813371355446414,68.87822900697553,0.0
22.394487510766584,44.319673158659526,49.5952030854406,63.998732925400844,97.29569315608043,29.079749563069345,58.52536145551382,75.79023781862612,33.95017849749561,46.8921673837165,54.708828681688296,64.9584529600109,78.35356594813621,85.06523293871744,119.49017824139784,29.41019299127987,40.16717870867849,56.9212689578166,58.75896953070358,67.1618862049717,75.22935011176395,87.55734334092602,104.07287992130162,11.345972342614905,31.583499010238757,43.70701055624126,49.68677937850604,57.02854202214377,69.26726731410486,83.31279538878648,88.05921033056437,93.30148892492079,119.52138822025086,32.383720930232556,53.33720930232558,32.383720930232556,39.383720930232556,13.623645964733788,48.78146315535284,61.65303041479709,20.37130076040647,35.81162075289396,68.92172964949027,0.0
22.441045696859653,44.296608656054715,49.57941826403306,63.995388310563484,97.33788709493014,29.03466640714472,58.526541643742895,75.83414078632167,33.907420864625884,46.87869494656211,54.70195078462241,64.95779675913403,78.34787870139324,85.0994577180777,119.52540487674739,29.365176719547485,40.126801492234364,56.9212544615649,58.75918698462732,67.16953122323044,75.27248840855945,87.57150728268742,104.09312319499048,11.256935995214862,31.540299139867614,43.66723160369195,49.68460175154638,57.026790235203975,69.28297656501168,83.33860674916089,88.11614508398073,93.32731455567952,119.57305180901457,32.383720930232556,53.33720930232558,32.383720930232556,39.383720930232556,13.57830586015613,48.788609061223084,61.69122461350451,20.329529302125064,35.809880549921246,68.96524131074437,0.0
22.487603882952723,44.27338737842683,49.5637590801837,63.9920603356578,97.3800955313131,28.98957791245233,58.52771470540101,75.87805621935595,33.864648187599464,46.86517987762797,54.69507369148102,64.9571028279823,78.34218708130292,85.13375244491672,119.56066054025247,29.320154700570193,40.08641037204279,56.921240061974515,58.75940317208804,67.17715097338687,75.31562362050687,87.58566584149511,104.11342102537743,11.167889947205913,31.49708900855132,43.62740593664276,49.68244899951287,57.02504986575612,69.29862674535653,83.36445640321543,88.17303737633755,93.35309581518496,119.6248533906085,32.383720930232556,53.33720930232558,32.383720930232556,39.383720930232556,13.532962065962758,48.79570920165083,61.72946826727013,20.287736562720802,35.808150667726075,69.00876393234383,0.0
22.53416206904579,44.250009683241025,49.54822534375654,63.988748904504035,97.42231839407981,28.94448410802089,58.52888069658144,75.92198403260699,33.82186056308974,46.851621998618164,54.68819751152943,64.956371479179,78.33649148271654,85.16811648820756,119.5959451278223,29.275126966916257,40.04600539515488,56.9212257581826,58.759618102731324,67.1847455391589,75.35875561532744,87.59981898345411,104.13377340651631,11.07883423758683,31.4538686682127,43.587534108557165,49.68032071671657,57.023320817068736,69.31421796611924,83.39034420561525,88.22988728309642,93.37883274468766,119.67679274071155,32.383720930232556,53.33720930232558,32.383720930232556,39.383720930232556,13.48761459986103,48.802763911861284,61.767761023161405,20.245922678289908,35.80643102820347,69.05229745629732,0.0
22.58072025513886,44.22647595046063,49.532816841127705,63.98545392145769,97.46455561253536,28.899385022668536,58.53003967284287,75.96592414169788,33.77905808691369,46.838021132516594,54.681322353968355,64.95560302416517,78.33079229207905,85.20254922571345,119.63125853580635,29.230093550908816,40.00558660839689,56.92121154933578,58.75983178611272,67.19231500405091,75.4018842603561,87.61396667653875,104.15418033174193,10.989768905110886,31.410638170401914,43.547616663260364,49.678216505828516,57.02160299338494,69.32975033972875,83.41627000687201,88.28669488182386,93.40452538964404,119.7288696323168,32.383720930232556,53.33720930232558,32.383720930232556,39.383720930232556,13.442263479438568,48.80977352488738,61.806102530557766,20.204087783838606,35.80472155393908,69.09584182501301,0.0
22.62727844123193,44.20278658220979,49.51753333552773,63.98217529140818,97.50680711643568,28.854280685004703,58.53119168921522,76.00987646298938,33.73624085404108,46.82437710358805,54.67444832792531,64.95479777319191,78.32508988760752,85.23705004381681,119.66660066099217,29.18505448462816,39.9651540583714,56.921197434590255,58.760044231698956,67.19985945135457,75.44500942252468,87.62810889060364,104.17464179367018,10.900693988287944,31.36739756629992,43.507654135151945,49.67613597768041,57.01989629991171,69.34522398004361,83.44223365342823,88.3434602521099,93.43017379970078,119.78108383575773,32.383720930232556,53.33720930232558,32.383720930232556,39.383720930232556,13.396908722164381,48.81673837157117,61.844492441148184,20.162232013292968,35.80302216820258,69.13939698129515,0.0
22.673836627325002,44.17894200242148,49.50237456739834,63.978912919777365,97.5490728359842,28.80917112343202,58.53233680020534,76.05384091357195,33.6934089586038,46.810689737379086,54.6675755424458,64.95395603531324,78.31938463946553,85.27161833735197,119.70197140060341,29.140009799914004,39.92470779145897,56.92118341311165,58.76025544886873,67.20737896414992,75.48813096834496,87.64224559739543,104.19515778419817,10.811609525386771,31.324146906721957,43.46764704941266,49.67407875107026,57.018200642809234,69.36063900233313,83.46823498773787,88.40018347548862,93.45577802867933,119.83343511873225,32.383720930232556,53.33720930232558,32.383720930232556,39.383720930232556,13.351550345389855,48.82365878056564,61.882930408928225,20.12035549950875,35.801332794941224,69.18296286834072,0.0
22.72039481341807,44.15494265647177,49.48734025476307,63.97566671251818,97.59135270182837,28.76405636614821,58.53347505980287,76.09781741125822,33.650562493905085,46.79695886071932,54.660704106484914,64.95307811837897,78.31367690993423,85.30625350944175,119.73737065229855,29.09495952836772,39.884247853819744,56.921169484074746,58.76046544691374,67.21487362530594,75.53124876389128,87.65637677056446,104.21572829450423,10.722515554437226,31.280886242120815,43.42759592220645,49.67204445257316,57.01651592918043,69.37599552325806,83.49427384834433,88.4568646353625,93.48133813456035,119.8859232463288,32.383720930232556,53.33720930232558,32.383720930232556,39.383720930232556,13.306188366349865,48.83053507833688,61.92141609019698,20.078458374281123,35.79965335877333,69.22653942973625,0.0
22.76695299951114,44.130789010800854,49.47243009361112,63.97243657611321,97.6336466450562,28.718936441147882,58.53460652148572,76.14180587457567,33.60770155242848,46.78318430172244,54.653834128898545,64.95216432902782,78.30796705357908,85.34095497133798,119.77279831416841,29.049903701354513,39.84377429139464,56.921155646663436,58.76067423503957,67.22234351748146,75.57436267478371,87.67050238567619,104.23635331504835,10.633412113232314,31.237615622590077,43.38750126087719,49.67003271635663,57.01484206706034,69.3912936608513,83.5203500699556,88.51350381692909,93.50685417946796,119.93854798105164,32.383720930232556,53.33720930232558,32.383720930232556,39.383720930232556,13.260822802163725,48.837367589166675,61.95994914355333,20.036540768354286,35.79798378498193,69.27012660945448,0.0
22.81351118560421,44.10648155252152,49.457643758293706,63.96922241757314,97.67595459719298,28.67381137622441,58.53573123822581,76.1858062227591,33.56482622584683,46.76936588978753,54.64696571843497,64.95121497268066,78.30225541741264,85.37572214226529,119.80825428473489,29.00484235000562,39.80328714990711,56.921141900070744,58.76088182236681,67.22978872312586,75.61747256617075,87.684622420223,104.25703283557202,10.544299239330432,31.194335097867704,43.34736356414091,49.66804318400097,57.01317896540596,69.40653353449903,83.54646348351652,88.57010110711015,93.53232622965385,119.99130908284657,32.383720930232556,53.33720930232558,32.383720930232556,39.383720930232556,13.215453669836242,48.84415663515543,61.998529229892036,19.994602811431026,35.796323999508445,69.31372435185122,0.0
22.86006937169728,44.082020789015885,49.44298090193236,63.96602414443531,97.71827649019784,28.628681198971694,58.53684926249434,76.22981837574326,33.52193660503105,46.755503455600206,54.64009898372597,64.95023035353405,78.29654234105408,85.41055444926866,119.84373846294882,28.959775505220474,39.76278647486448,56.92112824349843,58.761088217931686,67.2372093244797,75.66057830271227,87.698736853636,104.27776684509881,10.45517697005733,31.151044717338884,43.30718332227317,49.666075504324105,57.011526534086,69.42171526492108,83.5726139162792,88.62665659448382,93.55775435548162,120.04420630912685,32.383720930232556,53.33720930232558,32.383720930232556,39.383720930232556,13.170080986258712,48.85090253622552,62.03715601239949,19.952644632182146,35.794673928946374,69.35733260166218,0.0
22.90662755779035,44.05740724752083,49.42844115683821,63.96284166476195,97.76061225646043,28.583545936785985,58.53796064626753,76.2738422541558,33.47903278005892,46.741596831134174,54.63323403327839,64.94921077455389,78.29082815688466,85.44545132706442,119.87925074818831,28.914703197668825,39.72227231155936,56.921114676157174,58.76129343068719,67.2446054035755,75.7036797485621,87.71284566729703,104.29855533193472,10.366045342508356,31.10774453003959,43.26696101729165,49.66412933321074,57.00988468387072,69.43683897415227,83.59880119187014,88.68317036921836,93.5831386314107,120.09723941479957,32.383720930232556,53.33720930232558,32.383720930232556,39.383720930232556,13.124704768209915,48.85760561012486,62.07582915654896,19.910666358255888,35.793033500535124,69.40095130399968,0.0
22.95318574388342,44.03264147470308,49.414024134941734,63.95967488713888,97.80296182879772,28.53840561686764,58.53906544103172,76.31787777930995,33.436114840223546,46.727645849652426,54.62637097546572,64.94815653746932,78.28511319020016,85.48041221789482,119.91479104025683,28.86962545779285,39.68174470507108,56.92110119726621,58.76149746950399,67.25197704223827,75.7467767673508,87.72694884455025,104.31939828366849,10.27690439355037,31.064434584659452,43.22669712313446,49.662204333446304,57.0082533264221,69.45190478552281,83.6250251303558,88.73964252300888,93.60847913598042,120.15040815229142,32.383720930232556,53.33720930232558,32.383720930232556,39.383720930232556,13.079325032357076,48.86426617243098,62.11454833009565,19.86866811628716,35.791402642153834,69.4445804043497,0.0
22.99974392997649,44.007724036224666,49.39972942823256,63.956523720673616,97.84532514045056,28.493260266222865,58.54016369778886,76.36192487319755,33.39318287404197,46.71365034570877,54.619509918519114,64.94706794276675,78.27939775935918,85.51543657138544,119.95035923938154,28.824542315809254,39.641203700267184,56.921087806053315,58.761700343171114,67.2593243220861,75.78986922216829,87.74104637071463,104.34029568717196,10.18775415982385,31.021114929545366,43.18639210583393,49.66030017455473,57.00663237428378,69.46691282363943,83.65128554830572,88.79607314901573,93.63377595179396,120.20371227157553,32.383720930232556,53.33720930232558,32.383720930232556,39.383720930232556,13.033941795256895,48.870884536555316,62.1533132030715,19.82665003190674,35.78978128231524,69.4882198485687,0.0
23.046302116069562,43.9826555162991,49.38555660920778,63.95338807499387,97.88770212508064,28.448109911665462,58.54125546706172,76.4059834584821,33.3502369692635,46.69961015514938,54.612650970519205,64.94594528968409,78.27368217592874,85.55052384440646,119.98595524621143,28.77945380171132,39.600649341804775,56.92107450175472,58.76190206039708,67.26664732453077,75.83295697554651,87.75513823309574,104.36124752860094,10.098594677744883,30.977785612703958,43.14604642368628,49.65841653264061,57.00502174087145,69.48186321436606,83.67758225885358,88.85246234180468,93.65902916550264,120.25715152019792,32.383720930232556,53.33720930232558,32.383720930232556,39.383720930232556,12.988555073356423,48.877461013747826,62.19212344777948,19.784612229750433,35.788169350159706,69.53186958288056,0.0
23.09286030216263,43.95743651723951,49.37150523132891,63.95026786024577,97.93009271676718,28.40295457981853,58.54234079889899,76.45005345849177,33.307277212878034,46.68552511511414,54.60579423938738,64.94478887620512,78.26796674482598,85.5856735009367,120.02157896181542,28.734359945270956,39.560081674131844,56.921061283615025,58.762102629810585,67.27394613077816,75.87603988944176,87.76922442099813,104.38225379339538,10.009425983507136,30.9344466818052,43.105660527416845,49.65655309023541,57.003421340463106,69.49675608480484,83.70391507175623,88.90881019728968,93.68423886778933,120.31072564330424,32.383720930232556,53.33720930232558,32.383720930232556,39.383720930232556,12.943164882994076,48.88399591310195,62.2309787387877,19.742554833467995,35.786566775449145,69.57552955387357,0.0
23.1394184882557,43.932067658999046,49.357574829486396,63.94716298709225,97.9724968500037,28.357794297116165,58.54341974288054,76.49413479721261,33.264303691124255,46.671395064038414,54.59893983287725,64.94359899905416,78.26225176445703,85.62088501193072,120.05723028768101,28.689260776040726,39.51950074148879,56.92104815088693,58.762302059961456,67.28122082182895,75.91911782521711,87.78330492573762,104.40331446628028,9.920248113083742,30.89109818418525,43.06523486034156,49.65470953614754,57.001831088189554,69.51159156327695,83.73028379345112,88.96511681267675,93.70940515335289,120.36443438366662,32.383720930232556,53.33720930232558,32.383720930232556,39.383720930232556,12.89777124040054,48.890489541559916,62.269878752923276,19.700477965732166,35.78497348856113,69.6191997084974,0.0
23.18597667434877,43.90654957870445,49.34376492047086,63.9440733667112,98.01491445969488,28.312629089805128,58.54449234812234,76.53822739928184,33.22131648949758,46.65721984165455,54.592087858566266,64.94237595369081,78.2565375268524,85.65615785518938,120.0929091257118,28.644156323355833,39.478906587909634,56.92103510283132,58.76250035932146,67.28847147847881,75.96219064362498,87.7973797406536,104.42442953126621,9.831061102229441,30.84774016684943,43.02476985852422,49.652885565316275,57.00025090002497,69.52636977930358,83.7566882271116,89.02138228640996,93.73452812089191,120.4182774817107,32.383720930232556,53.33720930232558,32.383720930232556,39.383720930232556,12.852374161699727,48.896942203918165,62.308823169265835,19.658381748247493,35.78338942048302,69.66287999406018,0.0
23.23253486044184,43.8808829301835,49.33007500345056,63.94099891079366,98.05734548115369,28.26745898394651,58.545558663281604,76.58233118998118,33.178315692758304,46.642999288993586,54.585238423847116,64.94112003430486,78.25082431779974,85.69149151523287,120.12861537822637,28.5990466163361,39.43829925722348,56.92102213871704,58.76269753628516,67.2956981813191,76.00525820478916,87.81144886112165,104.44559897165021,9.741864986482252,30.804372676475264,42.984265950929974,49.65108087866954,56.998680692777555,69.54109086358679,83.78312817270063,89.07760671811879,93.75960787308861,120.47225467554273,32.383720930232556,53.33720930232558,32.383720930232556,39.383720930232556,12.806973662909682,48.903354202833285,62.34781166914078,19.616266301759072,35.781814502806135,69.7065703582255,0.0
23.27909304653491,43.85506838348699,49.316504560454376,63.93793953154218,98.09978985009786,28.22228400541739,58.54661873656159,76.62644609523029,33.135301384939375,46.628733248386865,54.57839163591931,64.93983153381144,78.24511241697293,85.7268854831768,120.16434894795607,28.55393168388792,39.39767879305577,56.92100925782092,58.76289359917071,67.30290101073702,76.04832036818713,87.82551228456605,104.46682277001635,9.65265980116552,30.76099575941532,42.94372355957514,49.6492951829851,56.99712038408028,69.55575494799066,83.8096034270231,89.13379020856691,93.78464451659303,120.52636570097698,32.383720930232556,53.33720930232558,32.383720930232556,39.383720930232556,12.761569759943479,48.909725838828,62.38684393611224,19.57413174606129,35.78024866771992,69.7502707490095,0.0
23.32565123262798,43.82910662440597,49.30305305685943,63.93489514166885,98.14224750264714,28.17710417991242,58.54767261571667,76.67057204158021,33.09227364935421,46.61442156346777,54.5715476017807,64.93851074384627,78.23940209805889,85.7623392566114,120.20010973804357,28.508811554706224,39.3570452388297,56.92099645942738,58.763088556220694,67.3100800469163,76.09137699263212,87.83957001047258,104.48810090823685,9.563445581389773,30.71760946170032,42.903143099673336,49.647528190755594,56.9955698923818,69.57036216552216,83.83611378377616,89.18993285960309,93.80963816200708,120.5806102915628,32.383720930232556,53.33720930232558,32.383720930232556,39.383720930232556,12.716162468610149,48.91605741029762,62.42591965597594,19.531978200006364,35.778691848006346,69.79398111477798,0.0
23.37220941872105,43.802998353985,49.28971994188276,63.93186565439359,98.18471837532005,28.131919532945457,58.54872034805694,76.71470895620688,33.049232568604374,46.60006407917353,54.56470642821905,64.93715795476108,78.23369362888097,85.7978523394828,120.2358976520409,28.46368625727634,39.3163986377674,56.92098374282879,58.76328241560294,67.31723536983739,76.1344279362551,87.85362204040126,104.50943336747265,9.474222362054482,30.674213829041797,42.86252497977773,49.645779620056715,56.994029136937414,69.58491265031229,83.86265903359839,89.24603477411235,93.83458892386831,120.63498817861267,32.383720930232556,53.33720930232558,32.383720930232556,39.383720930232556,12.670751804615573,48.92234921351656,62.465038516751605,19.489805781512963,35.77714397703417,69.83770140424356,0.0
23.418767604814118,43.77674428803185,49.276504649076315,63.92885098344214,98.2272024050311,28.086730089851162,58.54976198045318,76.75885676690496,33.00617822458721,46.58566064174689,54.55786822180385,64.9357734556194,78.22798727151995,85.8334242419778,120.27171259390768,28.418555819875937,39.27573903289144,56.920971107324895,58.76347518541133,67.32436705927762,76.17747305648659,87.86766837799918,104.53082012817482,9.384990177850023,30.630808906835085,42.821869601920376,49.64404919441903,56.99249803780017,69.59940653759709,83.88923896411737,89.30209605596932,93.85949692063451,120.68949909122904,32.383720930232556,53.33720930232558,32.383720930232556,39.383720930232556,12.625337783563284,48.928601542645225,62.50420020867523,19.447614607574522,35.775604988753315,69.88143156646287,0.0
23.465325790907187,43.75034515662482,49.263406596824865,63.925851043044176,98.26969952908755,28.04153587578655,58.5507975593414,76.80301540208137,32.96311069850325,46.571211098737926,54.551033088877645,64.93435753419203,78.22228328243185,85.86905448041053,120.30755446800953,28.373420270576872,39.235066467025966,56.92095855222311,58.763666873666494,67.33147519481199,76.22051221003869,87.8817090290138,104.55226117008502,9.295749063259317,30.58739474016216,42.78117736174771,49.642336642702894,56.990976515812086,69.61384396369898,83.915853359996,89.35811680999262,93.8843622746676,120.74414275633278,32.383720930232556,53.33720930232558,32.383720930232556,39.383720930232556,12.579920420955474,48.93481468973711,62.543404424191166,19.40540479426773,35.77407481768936,69.92517155083361,0.0
23.511883977000256,43.72380170361775,49.25042518884553,63.922865747931546,98.31220968518655,27.996336915732563,58.55182713072764,76.84718479074911,32.920030070863696,46.55671529900587,54.544201135547894,64.93291047695325,78.21658191256347,85.90474257711224,120.34342317911634,28.328279637247036,39.19438098279788,56.92094607683806,58.76385748831671,67.33855985581293,76.26354525288649,87.89574400130572,104.57375647223712,9.206499052559753,30.543971373794257,42.74044864865283,49.640641698976616,56.989464492595246,69.62822506600766,83.9425020029774,89.41409714189984,93.90918511221822,120.7989188986903,32.383720930232556,53.33720930232558,32.383720930232556,39.383720930232556,12.534499732193737,48.94098894474607,62.58265085794394,19.36317645676076,35.772553398938,69.96892130709195,0.0
23.558442163093325,43.69711468614386,49.23755981468907,63.9198950133362,98.35473281141226,27.951133234495586,58.55285074019249,76.8913648625212,32.87693642149763,46.54217309272085,54.53737246767862,64.93143256907686,78.21088340746535,85.94048806032328,120.37931863240017,28.283133947552216,39.153682622638414,56.92093368049189,58.76404703723861,67.345621121451,76.3065720402498,87.90977330486204,104.59530601295785,9.1172401798249,30.500538852194765,42.69968384590471,49.638964102397715,56.987961890543424,69.64254998296155,83.96918467192867,89.47003715826438,93.93396556341001,120.85382724094197,32.383720930232556,53.33720930232558,32.383720930232556,39.383720930232556,12.489075732579996,48.94712459553389,62.62193920676983,19.320929709321447,35.771040668159635,70.01268078530963,0.0
23.605000349186398,43.67028487411867,49.22480985024167,63.91693875498826,98.3972688462328,27.905924856709,58.553868432895705,76.93555554760458,32.83382982955945,46.527584331365844,54.530547190882224,64.9299240944323,78.20518800740149,85.9762904640875,120.41524073343399,28.237983228957884,39.11297142878416,56.920921362513816,58.76423552823799,67.35265907069501,76.34959242657469,87.92379695181015,104.61690976986822,9.027972478926308,30.45709721952203,42.658883330774245,49.6373035970972,56.98646863281341,69.65681885402908,83.99590114288333,89.5259369664726,93.9587037622242,120.90886750362962,32.383720930232556,53.33720930232558,32.383720930232556,39.383720930232556,12.4436484373173,48.953221927878054,62.66126916968837,19.278664665325486,35.76953656157391,70.05644993589131,0.0
23.651558535279467,43.643313049742986,49.212174658226836,63.913996889114024,98.43981772849753,27.860711806834694,58.554880253580635,76.97975677679399,32.790710373535724,46.512948867738494,54.52372541051116,64.92838533558118,78.19949594745741,86.01214932814923,120.45118938818953,28.19282750873101,39.07224744327832,56.92090912224021,58.7644229690504,67.35967378231213,76.39260626551462,87.9378149564305,104.63856771988473,8.938695983535112,30.413646519631836,42.6180474746571,49.63565993206682,56.98498464331666,69.67103181968993,84.0226511890827,89.58179667468256,93.98339984648442,120.96403940522504,32.383720930232556,53.33720930232558,32.383720930232556,39.383720930232556,12.3982178615107,48.95928122547962,62.700640447893406,19.236381437264438,35.76804101595443,70.10022870957182,0.0
23.698116721372536,43.61620000700624,49.199653588707065,63.91106933243407,98.48237939743399,27.81549410916452,58.55588624657861,77.02396848146617,32.74757813125246,46.4982665559528,54.51690723164968,64.92681657377383,78.19380745764546,86.04806419785238,120.48716450303613,28.147666813941818,39.03151070797205,56.92089695901445,58.764609367342175,67.36666533486823,76.4356134099118,87.95182733517088,104.66027983922048,8.849410727123884,30.37018679608022,42.577176643193624,49.6340328610491,56.98350984671086,69.68518902141639,84.04943458101616,89.63761639178323,94.00805395784126,121.01934266215737,32.383720930232556,53.33720930232558,32.383720930232556,39.383720930232556,12.352784020168047,48.9653027699714,62.74005274474428,19.194080136753684,35.76655396862345,70.14401705741355,0.0
23.744674907465605,43.588946551190915,49.18724597958405,63.90815600216117,98.52495379264525,27.770271787821795,58.556886455813505,77.06819059357399,32.70443317988199,46.483537251441255,54.5100927591059,64.92521808894602,78.18812276300756,86.08403462404182,120.52316598473824,28.10250117146557,38.99076126452559,56.920884872186875,58.764794730710776,67.37363380672821,76.47861371177832,87.9658341066597,104.68204610338685,8.760116742968163,30.32671809212611,42.53627119638621,49.63242214243026,56.98204416839188,69.69929060165504,84.07625108646036,89.69339622735438,94.03266624175767,121.07477698884203,32.383720930232556,53.33720930232558,32.383720930232556,39.383720930232556,12.307346928200817,48.971286840926325,62.77950576575659,19.151760874540415,35.765075357446584,70.1878149308037,0.0
23.791233093558677,43.56155349837864,49.17495115709754,63.90525681599824,98.56754085410695,27.725044866762754,58.55788092480593,77.11242304564061,32.661275595949746,46.46876081095644,54.503282097403485,64.92359015971573,78.18244208371583,86.12006016296722,120.55919374045432,28.057330607984255,38.94999915440951,56.9208728611147,58.76497906668595,67.38057927605593,76.5216070222769,87.97983529172016,104.70386648719439,8.670814064148315,30.283240450733892,42.495331488713234,49.63082753913567,56.98058753448547,69.71333670380805,84.1031004705172,89.74913629162789,94.05723684749401,121.13034209770844,32.383720930232556,53.33720930232558,32.383720930232556,39.383720930232556,12.261906600424922,48.97723371586591,62.81899921859289,19.109423760511337,35.76360512082764,70.23162228145172,0.0
23.837791279651746,43.53402167495847,49.16276843632198,63.90237169213638,98.61014052216456,27.679813369778014,58.55886969667757,77.15666577075372,32.61810545534122,46.45393709257307,54.49647535077361,64.9219330633803,78.17676563517095,86.15614037618874,120.59524767773492,28.012155149988384,38.90922441890595,56.92086092516192,58.76516238273007,67.38750182081465,76.56459319170203,87.99383091338417,104.72574096475464,8.581502723550985,30.239753914576088,42.454357869240745,49.62924881852828,56.97913987183929,69.7273274722149,84.12998249565132,89.80483669544915,94.0817659280932,121.18603769922818,32.383720930232556,53.33720930232558,32.383720930232556,39.383720930232556,12.216463051561517,48.98314367026897,62.858532813053245,19.067068903700505,35.7621431977035,70.27543906138669,0.0
23.884349465744815,43.50635191713773,49.15069712166027,63.89950054925269,98.65275273753068,27.634577320493978,58.559852814155406,77.20091870255989,32.574922833308555,46.439065955689756,54.48967262314701,64.92024707591347,78.17109362809818,86.19227483048486,120.63132770452097,27.966974823778614,38.86843709910966,56.920849063699094,58.765344686239104,67.39440151876698,76.60757206946045,88.00782099690643,104.74766950948153,8.49218275387086,30.196258526035713,42.41335068173133,49.62768575230918,56.977701108014884,69.74126305213393,84.15689692172606,89.8604975502395,94.10625364036677,121.24186350194381,32.383720930232556,53.33720930232558,32.383720930232556,39.383720930232556,12.17101629623777,48.98901697758048,62.898106261065465,19.02469641229695,35.76068952753898,70.31926522295475,0.0
23.930907651837884,43.47854507045633,49.138736507334414,63.89664330650845,98.69537744128222,27.589336742374275,58.56083031957593,77.24518177525911,32.531727804477256,46.42414726103092,54.48287401814589,64.9185324719627,78.16542626864144,86.22846309776241,120.66743372914213,27.92178965546748,38.82763723592941,56.92083727610353,58.76552598454308,67.40127844747514,76.65054350405161,88.02180556977892,104.76965209409269,8.402854187612299,30.152754327209042,42.37231026475031,49.626138116421025,56.97627117127995,69.75514358972424,84.18384350603897,89.91611896795894,94.13070014488049,121.29781921249672,32.383720930232556,53.33720930232558,32.383720930232556,39.383720930232556,12.125566348987702,48.994853909220566,62.93771927667545,18.98230639365233,35.75924405032182,70.36310071881655,0.0
23.977465837930954,43.4506019893045,49.12688587787261,63.89379988354666,98.73801457485762,27.54409165872114,58.561802254889216,77.28945492359895,32.48852044285263,46.4091808706486,54.47607963907605,64.91678952484673,78.15976375845521,86.26470475496848,120.70356566031504,27.87659967098107,38.78682487008897,56.920825561758946,58.76570628490702,67.40813268430111,76.69350734304831,88.035784661745,104.79168869061148,8.313517057090786,30.109241359908015,42.331236951769505,49.62460569095369,56.974849990600546,69.76896923202727,84.21082200335626,89.9717010610701,94.15510560594046,121.35390453565553,32.383720930232556,53.33720930232558,32.383720930232556,39.383720930232556,12.08011322425289,49.000654734593695,62.97737157603715,18.93989895428839,35.75780670655763,70.40694550194466,0.0
24.02402402402403,43.422523536444906,49.115144508591854,63.890970200490266,98.78066408005438,27.498842092676814,58.56276866166308,77.33373808286943,32.44530082182635,46.39416664792432,54.46928958891893,64.91501850655294,78.15410629479413,86.30099938400448,120.73972340714167,27.831404896060608,38.74600004212839,56.92081392005558,58.76588559453142,67.41496430640673,76.73646343307676,88.04975830481438,104.81377927036799,8.224171394434636,30.065719665662606,42.29013107126839,49.62308826005231,56.97343749563317,69.78274012694874,84.23783216594629,90.02724394250153,94.17947019157964,121.41011917434477,32.383720930232556,53.33720930232558,32.383720930232556,39.383720930232556,12.03465693638327,49.006419721098,63.01706287740246,18.89747419990451,35.75637743726503,70.45079952562116,0.0
24.0705822101171,43.39431058253924,49.10351166607616,63.88815417793993,98.82332589902607,27.45358806722493,58.56372958108703,77.37803118889732,32.40206901418272,46.37910445757091,54.46250397032382,64.91321968773528,78.148454070601,86.3373465716415,120.77590687910747,27.78620535626418,38.70516279240499,56.92080235038992,58.76606392055309,67.4217733907538,76.77941161979682,88.06372653327765,104.83592380400138,8.134817231586554,30.022189285723538,42.24899294683306,49.62158561182777,56.97203361671762,69.79645642324081,84.26487374361255,90.08274772561272,94.20379407354444,121.466462829673,32.383720930232556,53.33720930232558,32.383720930232556,39.383720930232556,11.989197499637926,49.01214913413469,63.05679290111109,18.855032235384975,35.75495618397066,70.49466274343504,0.0
24.117140396210168,43.36596400567982,49.09198660864973,63.88535173697183,98.86599997428002,27.408329605191856,58.56468505397641,77.42233417804104,32.35882509210523,46.36399416563436,54.455722885600075,64.91139333771193,78.14280727459251,86.37374590943851,120.81211598608019,27.741001076968264,38.66431316109474,56.920790852164835,58.76624127004558,67.42856001410425,76.82235174788174,88.0776893837212,104.85812226146129,8.045454600305035,29.97865026106444,42.20782289725267,49.62009753826918,56.97063828486897,69.81011827048384,84.29194648372568,90.13821252415893,94.22807742728196,121.5229352009614,32.383720930232556,53.33720930232558,32.383720930232556,39.383720930232556,11.943734928185807,49.017843237117724,63.0965613695802,18.812573164806405,35.75354288870438,70.5385351092799,0.0
24.163698582303237,43.33748469092675,49.08056858684457,63.88256279913563,98.90868624867441,27.36306672924802,58.56563512077616,77.46664698718511,32.315569127182435,46.34883563949553,54.448946436709186,64.90953972446346,78.13716609134322,86.41019699366139,120.8483506383077,27.695792083369376,38.62345118819322,56.92077942478921,58.76641765002014,67.43532425302018,76.865283660998,88.09164689504216,104.88037461200949,7.956083532166121,29.9351026323844,42.16662123661363,49.6186238351588,56.969251431770566,69.82372581906864,84.31905013125467,90.19363845225625,94.25232043192698,121.57953598577205,32.383720930232556,53.33720930232558,32.383720930232556,39.383720930232556,11.898269236106458,49.02350229148343,63.136368007293825,18.77009709144491,35.75213749399444,70.58241657735135,0.0
24.210256768396306,43.30887352985074,49.06925684386246,63.879787286452384,98.95138466541583,27.317799461909267,58.56657982156485,77.51096955373517,32.27230119041436,46.333628747872055,54.44217472525735,64.90765911463085,78.13153070136762,86.44669942520433,120.88461074641626,27.65057840048563,38.58257691351674,56.9207680676783,58.766593067426136,67.44206618386403,76.90820720178505,88.1055991084639,104.9026808242221,7.866704058564718,29.891546440110247,42.12538827439173,49.6171643019889,56.96787298976653,69.83727922017863,84.34618442879753,90.24902562434721,94.27652327029011,121.63626487993652,32.383720930232556,53.33720930232558,32.383720930232556,39.383720930232556,11.852800437390794,49.02912655670043,63.176212540792505,18.72760411778331,35.75073994286272,70.62630710214468,0.0
24.256814954489375,43.2801314200821,49.058050616030506,63.877025121412125,98.99409516805666,27.272527825538198,58.56751919605851,77.55530181561261,32.22902135221861,46.31837336081998,54.435407852487664,64.90575177351371,78.12590128120054,86.4832528095128,120.92089622140949,27.605360053158332,38.54169037670354,56.92075678025324,58.76676752915178,67.4487858827984,76.95112221183443,88.1195460675511,104.92504086599115,7.777316210716116,29.847981724399073,42.084124315541786,49.615718741880784,56.966502891854454,69.85077862577218,84.37334911661108,90.30437415516671,94.30068612884583,121.69312157758412,32.383720930232556,53.33720930232558,32.383720930232556,39.383720930232556,11.807328545941807,49.034716290279555,63.216094698662374,18.685094345518216,35.74935017882002,70.67020663845246,0.0
24.303373140582444,43.251259264866334,49.04694913325057,63.87427622697207,99.03681770049243,27.227251842345414,58.568453283614325,77.59964371124956,32.1857296824362,46.30306934973562,54.42864591927255,64.90381796506878,78.12027800347545,86.51985675650813,120.95720697466612,27.560137066053475,38.50079161721476,56.92074556194111,58.76694104202478,67.45548342578651,76.9940285316693,88.1334878182253,104.94745470452658,7.687920019657632,29.804408525140246,42.04282966058571,49.614286961505755,56.96514107167841,69.86422418856492,84.40054393264023,90.35968415970805,94.32480919772078,121.75010577117045,32.383720930232556,53.33720930232558,32.383720930232556,39.383720930232556,11.761853575575307,49.04027174778391,63.256014211524494,18.64256787556711,35.74796814586143,70.71411514136216,0.0
24.349931326675513,43.22225797262635,49.03595161944151,63.87154052655411,99.0795522069594,27.181971534390865,58.56938212323456,77.64399517958388,32.142426250337536,46.2877165873572,54.42188902610631,64.90185795190834,78.11466103700138,86.55651088051351,120.99354291793851,27.514909463663322,38.459880674335665,56.92073441217502,58.76711361281292,67.46215888859204,77.03692600072345,88.14742440878106,104.9699223063584,7.598515516249799,29.760826881958174,42.00150460569775,49.61286877100801,56.96378746352163,69.8776160620123,84.42776861254639,90.41495575318905,94.34889267068313,121.80721715150585,32.383720930232556,53.33720930232558,32.383720930232556,39.383720930232556,11.716375540020614,49.045793182839084,63.29597081202403,18.600024808075258,35.746593788461624,70.75803256625382,0.0
24.396489512768586,43.193128456531944,49.02505729297459,63.8688179440428,99.12229863203203,27.13668692358509,58.57030575357015,77.68835616005404,32.09911112462846,46.27231494776656,54.41513727309756,64.8998719952988,78.10905054683799,86.59321480018228,121.02990396335109,27.4696772703079,38.418957587176685,56.920723330393756,58.7672852482247,67.46881234677915,77.07981445732005,88.1613558899012,104.99244363733841,7.509102731178102,29.717236834214063,41.960149442788655,49.61146398392965,56.96244200229975,69.89095440029205,84.45502288973556,90.47018905101861,94.37293674513202,121.86445540778365,32.383720930232556,53.33720930232558,32.383720930232556,39.383720930232556,11.67089445292129,49.05128084714336,63.33596423481908,18.55746524242263,35.74522705157038,70.80195886879768,0.0
24.443047698861655,43.163871634076415,49.01426536710137,63.866108403783166,99.16505692062047,27.091398031690492,58.57122421292456,77.73272659259423,32.05578437345579,46.25686430639083,54.40839075996189,64.8978603551596,78.10344669436887,86.62996813842706,121.06629002339879,27.424440510136503,38.378022394674474,56.92071231604196,58.76745595490994,67.47544387571268,77.12269373865047,88.17528231467327,105.01501866264258,7.419681694954124,29.673638421008526,41.91876445958707,49.610072417137296,56.96110462355381,69.90423935828689,84.48230649538549,90.5253841687629,94.39694162208741,121.92182022760856,32.383720930232556,53.33720930232558,32.383720930232556,39.383720930232556,11.625410327835803,49.05673499047814,63.37599421656979,18.514889277230775,35.743867880607986,70.84589400495194,0.0
24.489605884954724,43.13448842666101,49.00357505037405,63.8634118305784,99.20782701796792,27.046104880322606,58.57213753925713,77.77710641762955,32.01244606441321,46.24136454000405,54.40164958601442,64.89582329006191,78.0978496373736,86.66677052235055,121.10270101094504,27.37919920712917,38.337075135592926,56.92070136856982,58.7676257394604,67.48205355055813,77.16556368075263,88.18920373860577,105.03764734677297,7.3302524379171725,29.63003168118381,41.87734993971953,49.60869389075054,56.95977526344327,69.91747109156736,84.50961915847245,90.58054122211202,94.42090750618082,121.97931129702506,32.383720930232556,53.33720930232558,32.383720930232556,39.383720930232556,11.57992317823826,49.062155860718384,63.41606049592709,18.472297010369545,35.74251622146076,70.88983793096041,0.0
24.536164071047793,43.10497975918706,48.99298554705805,63.860728149687844,99.25060886964843,27.000807490951313,58.57304577018691,77.82149557607107,31.96909626454694,46.22581552672873,54.39491385016269,64.89376105722772,78.09225953009788,86.70362158317825,121.13913683922065,27.333953385098187,38.29611584852439,56.92069048743339,58.767794608410384,67.48864144628159,77.20842411848956,88.20312021964445,105.06032965355996,7.240814990235599,29.58641665332572,41.83590616278849,49.607328228072326,56.95845385873946,69.93064975637454,84.53696060579742,90.63566032684625,94.44483460564648,122.03692830054575,32.383720930232556,53.33720930232558,32.383720930232556,39.383720930232556,11.53443301751908,49.06754370384313,63.45616281352154,18.429688538963784,35.74117202047662,70.93379060335029,0.0
24.582722257140862,43.07534655965608,48.98249605753629,63.85805728682459,99.29340242156441,26.95550588490208,58.5739489429961,77.86589400931112,31.92573504036109,46.2102171460375,54.38818365089923,64.89167391252904,78.08667652332217,86.74052095619204,121.17559742182168,27.288703067689486,38.25514457189045,56.920679672093954,58.76796256823725,67.49520763764995,77.25127488552728,88.21703181818894,105.08306554616455,7.151369381908232,29.542793375766102,41.794433404448554,49.60597525552089,56.95714034681881,69.9437755096031,84.56433056201162,90.69074159880245,94.46872313231293,122.09467092117939,32.383720930232556,53.33720930232558,32.383720930232556,39.383720930232556,11.488939858985646,49.07289876394609,63.49630091195198,18.387063959400063,35.7398352244607,70.97775197892994,0.0
24.629280443233935,43.045589758778284,48.97210577870567,63.855399168153305,99.3362076199441,26.91020008335718,58.5748470946336,77.91030165921852,31.88236245782356,46.194569278754514,54.38145908629458,64.88956211048688,78.08110076442937,86.77746828066559,121.21208267270828,27.243448278384143,38.21416134394325,56.920668922018464,58.76812962536217,67.5017521992309,77.29411581431272,88.23093859710978,105.10585498708046,7.061915642765619,29.499161886584837,41.75293193648091,49.60463480256333,56.95583466565628,69.95684850878429,84.59172874964158,90.74578515384025,94.49257330159568,122.15253884045937,32.383720930232556,53.33720930232558,32.383720930232556,39.383720930232556,11.443443715863031,49.07822128324646,63.53647453577424,18.344423367333107,35.73850578067095,71.02172201478663,0.0
24.675838629327004,43.01571028958925,48.961813904364725,63.852753720288135,99.3790244113393,26.86489010735687,58.57574026171845,77.95471846813398,31.83897858237113,46.17887180705707,54.37474025399009,64.88742590427086,78.07553239747013,86.81446319980077,121.24859250620268,27.198189040499752,38.17316620276634,56.92065823667924,58.768295786150475,67.5082752053928,77.33694673605157,88.24484062176518,105.12869793813653,6.972453802471449,29.4555222236121,41.71140202686586,49.603306701650936,56.9545367538188,69.96986891206927,84.61915488911382,90.800791107808,94.51638533249013,122.21053173847167,32.383720930232556,53.33720930232558,32.383720930232556,39.383720930232556,11.397944601294604,49.08351150209949,63.57668343148961,18.301766857692453,35.73718363681389,71.06570066828436,0.0
24.722396815420073,42.985709087075215,48.95161962559303,63.85012087029028,99.42185274262285,26.819575977800614,58.57662848054325,77.99914437886541,31.7955834789151,46.16312461447692,54.36802725119093,64.8852655456985,78.06997156322745,86.85150536066574,121.28512683698811,27.152925377191885,38.132159186275686,56.92064761555391,58.76846105691239,67.5147767303049,77.37976748068563,88.25873796001834,105.15159436049915,6.88298389052402,29.411874424430344,41.66984393985439,49.60199078815603,56.9532465504588,69.98283687821217,84.6466086987786,90.85575957650877,94.54015944756561,122.26864929388336,32.383720930232556,53.33720930232558,32.383720930232556,39.383720930232556,11.35244252834275,49.08876965900752,63.616927347533476,18.259094524688816,35.735868741040264,71.10968789706162,0.0
24.768955001513145,42.95558708780706,48.941522131121864,63.84750054566593,99.46469256098655,26.774257715448226,58.577511787077604,78.04357933468346,31.752177211846462,46.14732758590173,54.36132017465919,64.88308128523485,78.0644183992798,86.88859441413433,121.32168558010648,27.107657311455434,38.0911403322209,56.92063705812539,58.768625443903574,67.52125684793718,77.42257787687002,88.2726306822549,105.1745442146744,6.793505936257341,29.36821852637649,41.62825793603727,49.60068690031016,56.95196399530796,69.99575256655358,84.67408989493389,90.91069067566535,94.56389587296016,122.32689118396993,32.383720930232556,53.33720930232558,32.383720930232556,39.383720930232556,11.306937509989451,49.093995990630646,63.65720603426364,18.216406461820473,35.73456104194088,71.15368365902935,0.0
24.815513187606214,42.9253452295829,48.93152060769602,63.84489267436399,99.50754381393848,26.72893534092108,58.57839021697137,78.08802327931683,31.708759845041282,46.1314806075765,54.35461912070683,64.88087337199212,78.05887304006247,86.92573001482621,121.35826865095736,27.062384866126067,38.05010967818597,56.92062656388186,58.76878895332566,67.52771563206062,77.46537775195034,88.28651886140051,105.1975474605108,6.70401996884262,29.32455456654406,41.58664427241309,49.59939487914426,56.950689028670745,70.00861613700413,84.701598191848,90.9655845208856,94.58759483837561,122.38525708464395,32.383720930232556,53.33720930232558,32.383720930232556,39.383720930232556,11.261429559137012,49.09919073179787,63.69751924394885,18.173702761879664,35.73326048854237,71.19768791236866,0.0
24.862071373699283,42.89498445107968,48.92161424042693,63.84229718477377,99.55040644930102,26.683608874703218,58.57926380555808,78.132476156948,31.665331441865796,46.115583567104714,54.347924185189115,64.8786420537296,78.05333561692815,86.96291182104906,121.39487596529627,27.0171080638815,38.00906726159033,56.92061613231659,58.76895159132671,67.53415315624699,77.50816693193943,88.30040257293862,105.22060405720165,6.614526017289507,29.280882581784976,41.54500320245461,49.59811456842965,56.94942159141833,70.02142775002785,84.72913330178271,91.02044122762716,94.61125657707439,122.44374667048295,32.383720930232556,53.33720930232558,32.383720930232556,39.383720930232556,11.215918688608635,49.104354115517935,63.73786673075713,18.130983516958747,35.73196703030309,71.24170061552886,0.0
24.908629559792352,42.86450569151354,48.911802213136724,63.839714005722755,99.59328041520838,26.638278337142516,58.58013258785808,78.17693791220871,31.62189206518163,46.09963635344975,54.34123546349771,64.8763875768534,78.04780625820597,87.00013949474142,121.43150743923293,26.971826927242944,37.968013119690006,56.92060576292791,58.7691133640019,67.54056949386884,77.55094524149399,88.31428189492875,105.2437139632875,6.525024110447267,29.237202608711883,41.50333497617358,49.596845814620934,56.948161624982355,70.03418756662622,84.75669493501499,91.07526091116141,94.6348813258768,122.5023596147567,32.383720930232556,53.33720930232558,32.383720930232556,39.383720930232556,11.170404911149083,49.10948637299051,63.77824825074414,18.088248818456492,35.730680617109,71.28572172722522,0.0
24.95518774588542,42.83390989030929,48.902083708693354,63.83714306647444,99.6361656601043,26.59294374845181,58.580996598581905,78.22140849017558,31.578441777350804,46.08363885693603,54.33455305055404,64.87411018641649,78.04228508925895,87.03741270141664,121.46816298922984,26.926541478576354,37.926947289578386,56.92059545521927,58.76927427739406,67.54696471809964,77.59371250389079,88.32815690802448,105.26687713665882,6.435514277006253,29.19351468369999,41.461639840184276,49.59558846679999,56.946909071348855,70.04689574832169,84.7842827998591,91.13004368653688,94.65846932515936,122.5610955894557,32.383720930232556,53.33720930232558,32.383720930232556,39.383720930232556,11.124888239425305,49.1145877336171,63.818663561841326,18.04549875708417,35.72940119926957,71.32975120643697,0.0
25.00174593197849,42.80319798677876,48.89245790933663,63.83458429672608,99.67906213273994,26.54760512871003,58.58185587213334,78.2658878363659,31.534980640240793,46.06759096925017,54.327877040802726,64.87181012611892,78.03677223254104,87.07473111010849,121.5048425321007,26.881251740093855,37.885869808187344,56.92058520869905,58.76943433749404,67.5533389019138,77.63646854100296,88.34202769549223,105.29009353455848,6.345996545499018,29.149818842889193,41.41991803776532,49.59434237662151,56.94566387305228,70.05955245714183,84.81189660268784,91.18478966854265,94.68202081885406,122.61995426531831,32.383720930232556,53.33720930232558,32.383720930232556,39.383720930232556,11.07936868602704,49.11965842501234,63.85911242384436,18.002733422871668,35.72812872751381,71.37378901240521,0.0
25.04830411807156,42.77237091980833,48.88292399699532,63.832037626606294,99.72196978217144,26.502262497863295,58.582710442612736,78.31037589673328,31.49150871522949,46.05149258344206,54.321207528205086,64.86948763830785,78.03126780765217,87.11209439331755,121.54154598500857,26.835957733854976,37.84478071228806,56.92057502288046,58.7695935502414,67.55969211808669,77.6792131732758,88.35589434322974,105.31336311358467,6.256470944301598,29.10611512218583,41.37816980892045,49.59310739825971,56.94442597316958,70.0721578556034,84.83953604795347,91.23949897167005,94.70553605444924,122.67893531185878,32.383720930232556,53.33720930232558,32.383720930232556,39.383720930232556,11.033846263467439,49.12469867301505,63.899594598401244,17.959952905173502,35.72686315298632,71.41783510463088,0.0
25.09486230416463,42.74142962755535,48.87348115359504,63.82950298667298,99.764888557758,26.456915875726004,58.58356034381993,78.35487261766336,31.44802606321007,46.035343593926,54.3145446062326,64.86714296397794,78.02577193139255,87.14950222695855,121.57827326546507,26.790659481767968,37.803680038492104,56.9205648972817,58.76975192152491,67.56602443919434,77.72194621970239,88.3697569397851,105.33668582969332,6.166937501634768,29.062403557264858,41.336395390437616,49.591883388356216,56.94319531531427,70.0847121066963,84.86720083820812,91.29417171007412,94.7290152829913,122.73803839739445,32.383720930232556,53.33720930232558,32.383720930232556,39.383720930232556,10.98832098418371,49.12970870169943,63.94010984900057,17.917157292674794,35.72560442724316,71.46188944287275,0.0
25.141420490257705,42.71037504715379,48.86412856135717,63.82698030791098,99.80781840915947,26.411565281981932,58.5844056092575,78.39937794596985,31.404532744595883,46.01914389648161,54.30788836786077,64.86477634277189,78.0202847178157,87.18695429030926,121.61502429132777,26.745357005591114,37.76256782325237,56.92055483142562,58.76990945718294,67.57233593761386,77.76466749779892,88.38361557637616,105.36006163820096,6.077396245565187,29.018684183571683,41.29459501594706,49.59067020596954,56.94197184363065,70.09721537386827,84.89489067412434,91.3488079975345,94.75245875908753,122.79726318907332,32.383720930232556,53.33720930232558,32.383720930232556,39.383720930232556,10.942792860537647,49.13468873338641,63.98065794095966,17.874346673397127,35.724352502248216,71.50595198714534,0.0
25.187978676350774,42.679208114428754,48.8548654030887,63.82446952172989,99.85075928633402,26.36621073618534,58.585246272133794,78.44389182889017,31.361028819325167,46.002893388254776,54.30123890556259,64.86238801298065,78.0148062782802,87.22445026595997,121.65179898079937,26.700050326934008,37.72144410286383,56.920544824839844,58.77006616300408,67.57862668552332,77.80737682357986,88.39747034690961,105.38349049378732,5.9878472040067,28.97495703632403,41.25276891597786,49.58946771252528,56.940755502788086,70.10966782100897,84.92260525451444,91.40340794741425,94.77586674091093,122.85660935290149,32.383720930232556,53.33720930232558,32.383720930232556,39.383720930232556,10.897261904816302,49.13963898865472,64.02123864141271,17.83152113470453,35.72310733036914,71.55002269771703,0.0
25.234536862443843,42.64792976362014,48.845690862463094,63.82197055996167,99.8937111395365,26.32085225776197,58.586082365365776,78.48841421408154,31.317514346865856,45.98659196775863,54.29459631130254,64.85997821154436,78.00933672150113,87.26198983976418,121.68859725242608,26.654739467258754,37.680308913464785,56.92053487705673,58.77022204472762,67.58489675490145,77.85007401153294,88.4113213480009,105.4069723504987,5.898290404721495,28.931222150513953,41.21091731801345,49.588275771767975,56.93954623797534,70.12206961243473,84.95034427635026,91.45797167261877,94.79923949020605,122.91607655377011,32.383720930232556,53.33720930232558,32.383720930232556,39.383720930232556,10.851728129232512,49.144559686352224,64.06185171929897,17.788680763309088,35.7218688643736,71.59410153510801,0.0
25.281095048536912,42.616540927115146,48.836604124291966,63.819483354858576,99.93667391931571,26.27548986601016,58.58691392158226,78.53294504961686,31.27398938622018,45.970239534874096,54.28796067653035,64.85754717405275,78.00387615359911,87.2995727007904,121.72541902509579,26.609424447881292,37.6391622910375,56.92052498761323,58.770377108044016,67.59114621752813,77.89275887459345,88.42516867899414,105.4305071617501,5.808725875321237,28.88747956090957,41.169040446545665,49.58709424971368,56.938343994894986,70.13442091287308,84.97810743478216,91.51249928555295,94.82257727229616,122.97566445548257,32.383720930232556,53.33720930232558,32.383720930232556,39.383720930232556,10.806191545925532,49.14945104360731,64.1024969453509,17.745825645276863,35.72063705742546,71.63818846008836,0.0
25.32765323462998,42.58504253518974,48.82760437478817,63.81700783909076,99.97964757651272,26.23012358010186,58.58774097312666,78.57748428398077,31.230453995929317,45.95383599085102,54.28133209217506,64.85509513474615,77.99842467814982,87.33719854127462,121.76226421803689,26.56410528997258,37.59800427140931,56.920515156050804,58.77053135859546,67.59737514498413,77.93543122411884,88.43901244198223,105.45409488032857,5.719153643268273,28.84372930205704,41.127138523127904,49.585923014603985,56.93714871975786,70.14672188744781,85.00589442315757,91.56699089807702,94.84588035609272,123.03537272078192,32.383720930232556,53.33720930232558,32.383720930232556,39.383720930232556,10.760652166961581,49.15431327584,64.14317409208215,17.702955866033427,35.71941186308108,71.68228343367618,0.0
25.37421142072305,42.55343551575902,48.81869080181979,63.814543945744106,100.0226320622585,26.184753419083677,58.588563552060045,78.6220318660656,31.186908234077904,45.93738123830849,54.27471064863905,64.8526223265162,77.99298239623087,87.37486705657392,121.79913275081638,26.51878201455983,37.55683489025332,56.9205053819155,58.770684801976245,67.60358360865105,77.97809086986278,88.45285274182721,105.47773545839594,5.629573735876803,28.799971408282286,41.085211766426795,49.58476193686089,56.935960359277566,70.15897270166356,85.03370493303983,91.62144662146102,94.86914901410623,123.09520101137717,32.383720930232556,53.33720930232558,32.383720930232556,39.383720930232556,10.715110004334425,49.15914659677344,64.18388293377585,17.66007151036961,35.718193235285554,71.72638641713553,0.0
25.42076960681612,42.52172079413627,48.80986259515531,63.81209160831793,100.06562732797191,26.13937940187789,58.58938169016381,78.66658774516759,31.14335215829874,45.9208751812357,54.2680964357921,64.85012898090704,77.98754940646945,87.41257794512104,121.83602454333871,26.47345464252774,37.51565418308964,56.92049566475779,58.77083744373332,67.60977167971141,78.02073761994872,88.46668968618117,105.50142884749204,5.539986180314025,28.756205913692906,41.04326039227311,49.583610889042845,56.934778860665034,70.1711735213911,85.06153865422587,91.67586656633797,94.89238352245877,123.1551489879703,32.383720930232556,53.33720930232558,32.383720930232556,39.383720930232556,10.669565069965977,49.16395121844515,64.22462324647259,17.617172662447,35.71698112836907,71.77049737197463,0.0
25.467327792909195,42.48989929280076,48.80111894670021,63.809650760722704,100.1086333253577,26.094001547283487,58.590195418942834,78.71115187098299,31.099785825776944,45.90431772499239,54.26148954296566,64.84761532811616,77.98212580508769,87.45033090837987,121.87293951584408,26.428123194619666,37.47446218528592,56.92048600413258,58.77098928936672,67.6159394291489,78.06337128084357,88.48052338550715,105.52517499853738,5.450391003601205,28.712432852179987,41.00128461371128,49.58246974580181,56.93360417162341,70.1833245128526,85.08939527476417,91.7302508426553,94.91558416089916,123.21521631028327,32.383720930232556,53.33720930232558,32.383720930232556,39.383720930232556,10.624017375706792,49.16872735121833,64.26539480795861,17.574259405803478,35.71577549704325,71.81461625994397,0.0
25.513885979002264,42.45797193117418,48.792459050724844,63.80722133727796,100.15165000640441,26.04861987397714,58.59100476962797,78.7557241936042,31.056209293254586,45.88770877630935,54.254890058947296,64.84508159699568,77.97671168594741,87.48812565080166,121.90987758890687,26.382787691438818,37.43325893205845,56.920476399599046,58.77114034433011,67.62208692774779,78.10599165733103,88.4943539531001,105.54897386183652,5.360788232614902,28.668652257419662,40.959284641047844,49.58133838384124,56.932436240342376,70.19542584260657,85.11727448097228,91.78459955962391,94.93875121281951,123.27540263708376,32.383720930232556,53.33720930232558,32.383720930232556,39.383720930232556,10.578466933336676,49.17347520379325,64.3061973977538,17.5313318233587,35.714576296397546,71.85874304303445,0.0
25.560444165095333,42.425939625405505,48.783882104083844,63.80480327270979,100.19467732338225,26.003234400514216,58.59180977317906,78.80030466351603,31.01262261703496,45.87104824328887,54.248298071974794,64.84252801505352,77.97130714059439,87.52596187978197,121.94683868343425,26.337448153449444,37.39204445847302,56.92046685072077,58.77129061403114,67.62821424609358,78.14859855248427,88.50818150510881,105.57282538708083,5.271177894087964,28.62486416287531,40.91726068189915,49.58021668187525,56.931275015493334,70.20747767753382,85.14517595745389,91.8389128256663,94.9618849652747,123.33570762621243,32.383720930232556,53.33720930232558,32.383720930232556,39.383720930232556,10.53291375456524,49.17819498321855,64.34703079709996,17.48838999741952,35.71338348189572,71.90287768347545,0.0
25.607002351188402,42.39380328816429,48.77538730642701,63.802396502148824,100.23771522884127,25.957845145329767,58.59261046028755,78.84489323159197,30.969025852986878,45.85433603540504,54.241713669731006,64.83995480845485,77.96591225830129,87.563839305619,121.98382272066473,26.29210460097798,37.350818799445705,56.92045735706552,58.771440103832006,67.63432145457264,78.19119176763874,88.52200616055728,105.59672952335198,5.181560014610723,28.581068601798773,40.87521294123769,49.57910452058836,56.930120446223974,70.2194801848225,85.17309938711574,91.89319074836165,94.98498570900404,123.39613093460865,32.383720930232556,53.33720930232558,32.383720930232556,39.383720930232556,10.48735785103239,49.18288689490258,64.38789478894876,17.445434009685325,35.71219700937223,71.94702014373314,0.0
25.65356053728147,42.361563828442314,48.76697386040208,63.8000009611279,100.2807636756091,25.91245212673949,58.59340686137933,78.88948984909048,30.925419056548975,45.837572063504005,54.23513693933803,64.83736220202329,77.96052712610962,87.60175764147225,122.02082962216656,26.24675705421421,37.3095819897438,56.92044791820534,58.77158881904982,67.64040862337227,78.23377110236453,88.53582804136713,105.62068621912476,5.091934620632001,28.537265607232477,40.833141621437605,49.57800178259659,56.92897248215334,70.23143353195427,85.20104445118432,91.94743343438924,95.00805373845539,123.45667221833686,32.383720930232556,53.33720930232558,32.383720930232556,39.383720930232556,10.441799234308954,49.18755114262476,64.42878915795,17.402463941253348,35.71101683502882,71.99117038650853,0.0
25.70011872337454,42.329222151363304,48.75864097184906,63.7976165855798,100.32382261678919,25.867055362940707,58.59419900661722,78.93409446765139,30.88180228273386,45.820756239804226,54.22856796735224,64.83475041924267,77.95515182887148,87.63971660332203,122.05785930983627,26.2014055332124,37.26833406398669,56.92043853371634,58.771736764957076,67.64647582248085,78.27633635443833,88.54964727237966,105.64469542227046,5.0023017384603055,28.493455212011,40.79104692231932,49.57690835240909,56.927831073366626,70.24333788668979,85.22901082922215,92.00164098946887,95.0310893518123,123.51733113261258,32.383720930232556,53.33720930232558,32.383720930232556,39.383720930232556,10.396237915897133,49.19218792854685,64.46971369043975,17.359479872623954,35.70984291543104,72.0353283747357,0.0
25.74667690946761,42.29677915800077,48.75038784998677,63.7952433118351,100.36689200575874,25.82165487201331,58.59498692590386,78.97870703929213,30.838175586132284,45.80388847789659,54.222006839758826,64.83211968225831,77.94978644928958,87.67771590993004,122.09491170589715,26.15605005789244,37.2270750566467,56.920429203178806,58.77188394678218,67.65252312168768,78.31888731981535,88.5634639813787,105.66875708006003,4.91266139426472,28.44963744876279,40.74892904119288,49.575824116391004,56.926696170410416,70.25519341705497,85.25699819914388,92.05581351829902,95.05409285102431,123.57810733182812,32.383720930232556,53.33720930232558,32.383720930232556,39.383720930232556,10.350673907231087,49.19679745322429,64.51066817442836,17.316481883705805,35.70867520750476,72.07949407158014,0.0
25.79323509556068,42.264235745203635,48.742213707591105,63.79288107661983,100.40997179616683,25.77625067192071,58.59577064888422,79.02332751640436,30.79453902091726,45.7869686927444,54.21545364196662,64.82947021187896,77.94443106795715,87.71575528280037,122.13198673289799,26.110690648040936,37.18580500204982,56.92041992617703,58.77203036970968,67.65855059058313,78.36142379260053,88.57727829911333,105.69287113916734,4.823013614076118,28.405812349911788,40.706788172900794,49.574748962726794,56.925567724287546,70.26700029132692,85.28500623723197,92.10995112449187,95.07706454183976,123.63900046957858,32.383720930232556,53.33720930232558,32.383720930232556,39.383720930232556,10.305107219677442,49.201379915617494,64.55165239958879,17.273470053821065,35.707513668532876,72.12366744043675,0.0
25.83979328165375,42.23159280542984,48.73411776116595,63.79052981705322,100.45306194193233,25.730842780510788,58.596550204948166,79.06795585175036,30.75089264084806,45.7699968006834,54.208908458803215,64.82680222757834,77.93908576339706,87.75383444614138,122.16908431371128,26.06532732331235,37.144523934376814,56.920410702299385,58.77217603888102,67.66455829855866,78.4039455650199,88.5910903593213,105.71703754567245,4.733358423788115,28.36197994767911,40.664624509859735,49.573682781384726,56.92444568645235,70.2787586780202,85.31303461815256,92.1640539105053,95.10000473384311,123.70001019868691,32.383720930232556,53.33720930232558,32.383720930232556,39.383720930232556,10.25953786453578,49.20593551310319,64.59266615724475,17.23044446171046,35.706358256151866,72.16784844492837,0.0
25.88635146774682,42.19885122658746,48.726099231106076,63.78818947064575,100.49616239724213,25.68543121551682,58.59732562323307,79.11259199845941,30.707236499274437,45.75297271942166,54.202371374509895,64.82411594749703,77.93375061209923,87.79195312682846,122.20620437153204,26.01996010323007,37.103231887663675,56.92040153113808,58.77232095939458,67.67054631480667,78.44645242739132,88.60490029875238,105.74125624506512,4.643695849158156,28.31814027408484,40.622438242101396,49.57262546408199,56.92333000880588,70.29046874587316,85.34108301497051,92.21812197757136,95.12291374049475,123.76113617123008,32.383720930232556,53.33720930232558,32.383720930232556,39.383720930232556,10.213965853039236,49.21046444148559,64.6337092403589,17.187405185538395,35.705208928348526,72.21203704890377,0.0
25.93290965383989,42.16601189188316,48.71815734185261,63.78585997529649,100.53927311654914,25.640015994558382,58.59809693262637,79.15723591002454,30.6635706491403,45.735896368039384,54.19584247273663,64.82141158844438,77.92842568855879,87.83011105436711,122.24334682987622,25.974589007187515,37.06192889580278,56.92039241228937,58.77246513630635,67.67651470832072,78.48894416809489,88.61870825719231,105.76552718224791,4.5540259158085,28.27429336094932,40.580229557312435,49.57157690425066,56.9222206436911,70.30213066383472,85.36915109916468,92.27215542562114,95.14579187917589,123.82237803856357,32.383720930232556,53.33720930232558,32.383720930232556,39.383720930232556,10.168391196354918,49.21496689500775,64.67478144352107,17.144352302897893,35.70406564345667,72.25623321643613,0.0
25.97946783993296,42.13307567967838,48.71029132204129,63.78354126929131,100.58239405457041,25.594597135142273,58.59886416176806,79.20188754029896,30.61989514298779,45.718767666988654,54.18932183653752,64.81868936590041,77.92311106531191,87.86830796085725,122.28051161257923,25.929214054449183,37.02061499254359,56.92038334535339,58.772608574630425,67.68246354789552,78.53142057354329,88.63251437748684,105.78985030153963,4.464348649227234,28.23043923989519,40.5379986408738,49.57053699700452,56.92111754388818,70.31374460105064,85.39723854064265,92.32615435320572,95.16863947123683,123.88373545134725,32.383720930232556,53.33720930232558,32.383720930232556,39.383720930232556,10.122813905584456,49.219443066362686,64.71588256293657,17.101285890815625,35.70292836015385,72.30043691182122,0.0
26.026026026026027,42.10004346335233,48.70250040464336,63.78123329130035,100.62552516628539,25.549174654663418,58.59962733905315,79.24654684349274,30.576210032961196,45.70158653809305,54.18280954836603,64.81594949401787,77.91780681297224,87.90654358095784,122.31769864379461,25.88383526415175,36.97929021149351,56.92037432993397,58.77275127933906,67.68839290212686,78.57388142815152,88.64631880556628,105.81422554667891,4.374664074769312,28.186577942348624,40.49574567589898,49.56950563910651,56.920020662609886,70.3253107268506,85.42534500775547,92.38011885741277,95.1914568420503,123.94520805956955,32.383720930232556,53.33720930232558,32.383720930232556,39.383720930232556,10.07723399176452,49.22389314670473,64.75701239641445,17.058206025756746,35.70179703745815,72.3446480995758,0.0
26.072584212119096,42.066916111172254,48.69478382709933,63.77893598037593,100.66866640693388,25.503748570405758,58.600386492634115,79.29121377416944,30.532515370810696,45.68435290454732,54.1763056900703,64.81319218562443,77.91251300026565,87.94481765185195,122.35490784799246,25.838452655305083,36.93795458611853,56.920365365638894,58.77289325536348,67.69430283941176,78.61632651430646,88.6601216904702,105.83865286082751,4.284972217657504,28.142709499541077,40.45347084327156,49.56848272893682,56.918929953497056,70.33682921073489,85.45347016731208,92.43404903377841,95.21424432106964,124.00679551257302,32.383720930232556,53.33720930232558,32.383720930232556,39.383720930232556,10.031651465867267,49.228317325660605,64.79817074335585,17.015112783629856,35.700671634725026,72.38886674443583,0.0
26.119142398212166,42.03369448617049,48.68714083144616,63.7766492759504,100.71181773201434,25.45831889954313,58.60114165042335,79.33588828724281,30.488811207896177,45.66706669091671,54.169810342888766,64.81041765222474,77.90722969406508,87.98312991321315,122.39213914995815,25.793066246793313,36.89660814974416,56.920356452079524,58.77303450759402,67.70019342794846,78.65875561233611,88.67392318437247,105.86313218657384,4.195273102983413,28.09883394251083,40.41117432168202,49.567468166461914,56.91784537061386,70.34830022236173,85.48161368459347,92.48794497619417,95.23700224189216,124.06849745907851,32.383720930232556,53.33720930232558,32.383720930232556,39.383720930232556,9.986066338800844,49.23271579134062,64.83935740474227,16.972006239791718,35.699552111644046,72.43309281135494,0.0
26.165700584305235,42.00037944602828,48.67957066443735,63.77437311783388,100.75497909728189,25.412885659140173,58.60189284009557,79.38057033797355,30.44509759519098,45.6497278231366,54.16332358744574,64.80762610400282,77.90195695942396,88.02148010717187,122.42939247479079,25.747676057375877,36.85525093555632,56.92034758887104,58.773175040880645,67.70606473573639,78.70116850047839,88.68772344260675,105.88766346593644,4.105566755708432,28.054951302104474,40.36885628766397,49.56646185320429,56.916766868443595,70.35972393153428,85.50977522336677,92.54180677680856,95.25973094232826,124.13031354720951,32.383720930232556,53.33720930232558,32.383720930232556,39.383720930232556,9.940478621409929,49.23708873034979,64.88057218312402,16.92888646905212,35.6984384282359,72.47732626550268,0.0
26.212258770398307,41.96697184296612,48.67207257765648,63.772107446212054,100.7981504587467,25.367448866153143,58.60264008909019,79.42525988196596,30.40137458328564,45.632336228511605,54.15684550374707,64.80481774982427,77.89669485960961,88.05986797828272,122.46666774790188,25.70228210568849,36.81388297660191,56.920338775632274,58.77331486003325,67.71191683057638,78.74356495484969,88.70152262369223,105.91224664036763,4.0158532006646945,28.011061608978682,40.32651691562907,49.56546369221254,56.91569440188402,70.37110050818796,85.53795444589903,92.59563452592238,95.28243076447671,124.19224342451696,32.383720930232556,53.33720930232558,32.383720930232556,39.383720930232556,9.894888324476144,49.24143632779897,64.92181488260859,16.885753545678533,35.697330544849216,72.52156707226295,0.0
26.258816956491376,41.933472523640596,48.66464582762466,63.76985220164399,100.84133177267215,25.322008537430836,58.60338342461358,79.46995687516487,30.357642222391476,45.61489183571492,54.150376171175964,64.80199279723871,77.8914434561356,88.09829327349249,122.50396489501368,25.656884410244228,36.77250430578982,56.92033001198559,58.77345396982218,67.71774978007055,78.78594474941286,88.71532088935966,105.93688165075697,3.9261324625560814,27.967164893601336,40.28415637790199,49.56447358803257,56.91462792624314,70.38243012237808,85.56615101297079,92.6494283118782,95.3051020548068,124.25428673800315,32.383720930232556,53.33720930232558,32.383720930232556,39.383720930232556,9.849295458718595,49.24575876731592,64.9630853088492,16.842607543400838,35.6962284221575,72.56581519723235,0.0
26.305375142584445,41.89988232904735,48.657289675901275,63.767607325059934,100.88452299557282,25.276564689715393,58.60412287364152,79.51466127385238,30.31390056234425,45.59739457478755,54.14391566848889,64.79915145248222,77.88620280879353,88.13675574210825,122.54128384215817,25.61148298943447,36.731114955891385,56.92032129755702,58.773592374978485,67.72356365162247,78.8283076559454,88.72911840457775,105.96156843743489,3.8364045659590986,27.923261186253328,40.24177484475393,49.56349144667903,56.91356739723481,70.39371294426738,85.59436458388969,92.70318822094232,95.32774516424708,124.31644313414544,32.383720930232556,53.33720930232558,32.383720930232556,39.383720930232556,9.803700034794282,49.25005623105631,65.00438326903311,16.799448535415955,35.695132021156134,72.61007060621861,0.0
26.351933328677518,41.866202094430264,48.65000338917881,63.76537275775922,100.92772408421307,25.23111733964316,58.604858462921335,79.55937303464479,30.270149652607728,45.57984437713721,54.13746407381155,64.79629392048,77.88097297568429,88.17525513576673,122.57862451567526,25.566077861529923,36.68971495954159,56.920312631976024,58.77373008019437,67.72935851243703,78.87065344400668,88.74291533757994,105.98630694017629,3.7466695353238486,27.87935051703001,40.19937248443601,49.56251717560756,56.912512770974416,70.40494914411373,85.62259481650358,92.75691433717964,95.35036044828279,124.3787122589205,32.383720930232556,53.33720930232558,32.383720930232556,39.383720930232556,9.75810206329859,49.2543288997148,65.04570857187032,16.756276594392375,35.69404130315935,72.65433326523896,0.0
26.398491514770587,41.83243264919649,48.64278623937182,63.76314844140805,100.970934995605,25.185666503745512,58.60559021897435,79.60409211448945,30.22638954227725,45.56224117553747,54.13102146463501,64.7934204048487,77.875754013249,88.21379120840355,122.6159868422118,25.520669044681597,36.64830434923945,56.920304014875676,58.77386709012358,67.73513442952083,78.91298188090498,88.75671185989151,106.01109709820427,3.6569273949749532,27.835432915842524,40.15694946321184,49.561550683687855,56.91146400397479,70.41613889225806,85.65084136721372,92.81060674232005,95.37294826706086,124.44109375782749,32.383720930232556,53.33720930232558,32.383720930232556,39.383720930232556,9.712501554765781,49.25857695253591,65.08706102758202,16.713091792474806,35.692956229797275,72.69860314051861,0.0
26.445049700863656,41.79857481683722,48.635637503700025,63.760934318037236,101.01415568700695,25.140212198449714,58.60631816809789,79.64881847066165,30.182620280083164,45.54458490412657,54.124587917811766,64.79053110789931,77.87054597629849,88.25236371622368,122.65337074871982,25.475256556921785,36.60688315734896,56.92029544589241,58.77400340938175,67.74089146968184,78.95529273166451,88.77050814635687,106.03593885019367,3.5671781691124758,27.79150841241951,40.1145059453891,49.56059188117687,56.91042105314186,70.42728235911247,85.67910389098762,92.86426551561615,95.39550898550426,124.50358727591183,32.383720930232556,53.33720930232558,32.383720930232556,39.383720930232556,9.66689851966941,49.26280056732504,65.12844044788928,16.669894201288574,35.69187676301296,72.74288019848916,0.0
26.491607886956725,41.76462941485416,48.6285564647656,63.75873033004017,101.05738611592143,25.094754440079715,58.60704233636782,79.69355206076177,30.138841914394387,45.52687549840623,54.118163509552275,64.78762623063984,77.86534891804314,88.29097241767165,122.6907761624553,25.42984041616502,36.5654514160999,56.9202869246661,58.77413904254672,67.74662969952982,78.99758575899163,88.78430437516765,106.06083213427496,3.4774218818128224,27.7475770363082,40.072042093351065,49.559640679693096,56.90938387577067,70.43837971514823,85.70738204137201,92.91789073369112,95.4180429734367,124.56619245778823,32.383720930232556,53.33720930232558,32.383720930232556,39.383720930232556,9.621292968422825,49.266999920459305,65.16984664600157,16.62668389194419,35.690802865059496,72.78716440578701,0.0
26.538166073049794,41.7305972546914,48.62154241062538,63.75653642017063,101.100626240094,25.049293244856948,58.607762749640344,79.738292842712,30.09505449322168,45.50911289524048,54.11174831542107,64.78470597277797,77.86016289012163,88.32961707340318,122.72820301097683,25.384420640209036,36.524009157588324,56.92027845084007,58.77427399415906,67.75234918547616,79.03986072324089,88.79810072789053,106.0857768880378,3.387658557029626,27.703638816876268,40.02955806758693,49.558696992190804,56.9083524295412,70.4494311308843,85.7356754705051,92.97148247037644,95.4405506057174,124.62890894766389,32.383720930232556,53.33720930232558,32.383720930232556,39.383720930232556,9.575684911379604,49.27117518689845,65.21127943660568,16.58346093504166,35.68973449849713,72.8314557292519,0.0
26.584724259142867,41.69647914167253,48.614594634857426,63.75435253154062,101.14387601751085,25.00382862890116,58.608479433554514,79.78304077475362,30.051258064221166,45.491297032854085,54.10534241033341,64.78177053272402,77.85498794262949,88.36829744625649,122.76565122214413,25.33899724673571,36.482556413777615,56.920270024060876,58.774408268722226,67.75804999373396,79.08211738238076,88.81189738949581,106.11077304853487,3.2978882185946636,27.659693783312857,39.987054026722085,49.55776073293569,56.90732667251437,70.46043677687558,85.76398382912953,93.02504079653761,95.46303226238811,124.69173638936154,32.383720930232556,53.33720930232558,32.383720930232556,39.383720930232556,9.53007435883394,49.27532654019559,65.25273863585419,16.540225400674927,35.68867162619038,72.8757541359254,0.0
26.631282445235936,41.662275874942964,48.60771243662265,63.75217860761817,101.1871354063976,24.958360608231214,58.609192413534174,79.8277958154439,30.007452674697547,45.473427850831335,54.09894586855188,64.77882010759384,77.84982412414647,88.40701330122498,122.80312072411671,25.293570253312,36.44109321649903,56.920261643978385,58.77454187070307,67.76373219031834,79.12435549195895,88.82569454838641,106.1358205522857,3.2081108902187583,27.6157419646303,39.94453012754718,49.55683181748021,56.90630656312809,70.47139682370167,85.79230676660421,93.07856577988775,95.48548832883218,124.75467442634174,32.383720930232556,53.33720930232558,32.383720930232556,39.383720930232556,9.484461321021191,49.27945415250809,65.29422406135444,16.496977358436197,35.68761421130522,72.9200595930493,0.0
26.677840631329005,41.62798824741718,48.60089512072124,63.75001459222539,101.23040436521757,24.91288919876585,58.609901714790155,79.8725579236533,29.963638371607555,45.45550529011435,54.09255876368301,64.7758548932117,77.84467148176445,88.44576440542913,122.84061144535265,25.248139677390885,36.39961959745242,56.920253310245876,58.774674804532104,67.76939584104613,79.16657480506726,88.83949239642692,106.16091933528017,3.1183265954925785,27.571783389665335,39.90198652504708,49.55591016263993,56.905292060193226,70.48231144195537,85.82064393091689,93.13205748478796,95.5079191959482,124.81772270172561,32.383720930232556,53.33720930232558,32.383720930232556,39.383720930232556,9.438845808118247,49.28355819460812,65.33573553215734,16.45371687742019,35.68656221730629,72.96437206806422,0.0
26.724398817422074,41.59361704573079,48.59414199764446,63.74786042953613,101.27368285266999,24.867414416324475,58.61060736232228,79.91732705856252,29.919815201563058,45.43752929300146,54.08618116867402,64.77287508411337,77.83953006111338,88.48455052809041,122.87812331460711,25.202705536312266,36.35813558820717,56.92024502251962,58.77480707460392,67.77504101153646,79.2087750723062,88.85329112897327,106.18606933298295,3.028535357887568,27.52781808708046,39.859423372429134,49.554995686470264,56.9042831228898,70.49318080223188,85.848994968696,93.18551597203152,95.53032526033802,124.88088085831747,32.383720930232556,53.33720930232558,32.383720930232556,39.383720930232556,9.393227830243987,49.28763883589354,65.3772728687462,16.410444026228458,35.68551560795415,73.0086915286081,0.0
26.770957003515143,41.5591630501973,48.58745238362168,63.74571606407396,101.31697082768841,24.821936276627973,58.61130938092165,79.96210317965966,29.87598321083436,45.4194998031456,54.079813155809894,64.76988087354924,77.83439990638836,88.52337144050452,122.91565626093077,25.15726784730388,36.316641220202634,56.92023678045925,58.77493868527752,67.78066776721023,79.25095604174898,88.8670909449027,106.21127048033668,2.938737200756792,27.483846085365524,39.8168408211509,49.55408830824378,56.90327971076314,70.50400507511745,85.87735952522263,93.2389412986138,95.55270692451178,124.94414853862634,32.383720930232556,53.33720930232558,32.383720930232556,39.383720930232556,9.347607397459699,49.29169624439837,65.41883589302564,16.36715887297349,35.68447434730252,73.0530179425147,0.0
26.817515189608212,41.52462703476935,48.580825600662756,63.74358144071006,101.3602682494392,24.776454795299422,58.61200779517244,80.00688624673744,29.83214244535351,45.401416765552334,54.07345479671024,64.76687245348727,77.82928106037505,88.56222691601555,122.95321021366892,25.111826627482213,36.275136524748945,56.92022858372753,58.77506964087654,67.78627617329073,79.29311745890574,88.88089204664391,106.23652271176618,2.848932147335764,27.439867412838744,39.77423902094705,49.55318794842785,56.90228178371989,70.51478443117877,85.90573724444246,93.29233351748245,95.57506459711051,125.0075253848886,32.383720930232556,53.33720930232558,32.383720930232556,39.383720930232556,9.301984519769517,49.29573058680352,65.46042442831069,16.323861485282997,35.683438399695504,73.09735127781221,0.0
26.86407337570128,41.490009767004366,48.57426097659621,63.741456504661166,101.40357507731964,24.730969987864878,58.61270262945401,80.05167621989038,29.788292950717203,45.383280126578065,54.0671061623263,64.7638500146164,77.82417356447452,88.60111672999047,122.99078510245988,25.066381893853386,36.23362153302794,56.920220431990245,58.77519994568973,67.79186629480363,79.33525906668648,88.89469464020807,106.2618259611824,2.7591202207433145,27.39588209764829,39.73161811985632,49.55229452866294,56.901289302024615,70.52551904095219,85.93412776897732,93.34569267726958,95.59739869314846,125.07101103908909,32.383720930232556,53.33720930232558,32.383720930232556,39.383720930232556,9.256359207120823,49.29974202844721,65.50203829931567,16.280551930303986,35.682407729764996,73.14169150272173,0.0
26.910631561794357,41.45531200803433,48.56775784510312,63.73934120148726,101.44689127095671,24.68548186975414,58.613393907943035,80.09647305951212,29.744434772190175,45.365089833928046,54.0607673229384,64.76081374634958,77.81907745872888,88.64004065979412,123.02838085723363,25.020933663314032,36.192096276093494,56.920212324916434,58.77532960397128,67.79743819657666,79.37738060536425,88.90849893521961,106.28718016198606,2.6693014439823832,27.351890167773586,39.68897826424717,49.55140797174122,56.90030222629571,70.53620907493305,85.96253074013684,93.39901882200171,95.61970963427727,125.13460514298323,32.383720930232556,53.33720930232558,32.383720930232556,39.383720930232556,9.210731469404731,49.30373073333555,65.54367733214345,16.2372302747068,35.68138230242799,73.18603858565592,0.0
26.957189747887426,41.42053451253976,48.56131554574681,63.737235477089754,101.49021679020504,24.63999045630148,58.61408165461526,80.14127672629256,29.700567954708095,45.34684583665427,54.05443834815295,64.75776383682725,77.81399278184504,88.67899848476468,123.06599740821052,24.975481952652196,36.150560784872525,56.920204262178025,58.775458619941105,67.80299194324043,79.41948181253798,88.92230514494779,106.31258524707184,2.5794758399409212,27.307891651026477,39.64631959884386,49.5505282015857,56.89932051750195,70.54685470356536,85.99094579792991,93.45231199078671,95.64199784907322,125.19830733811801,32.383720930232556,53.33720930232558,32.383720930232556,39.383720930232556,9.165101316456399,49.307696864152945,65.58534135427439,16.193896584689274,35.68036208288392,73.23039249521753,0.0
27.003747933980495,41.38567802872751,48.55493342399877,63.73513927770927,101.53355159514584,24.594495762746384,58.61476589324767,80.18608718121524,29.65669254288068,45.32854808515331,54.04811930690009,64.75470047292058,77.80891957121885,88.7179899861892,123.10363468590002,24.930026778548164,36.109015090165485,56.92019624345011,58.77558699778509,67.80852759922783,79.46156242309449,88.93611348633848,106.33804114883212,2.4896434313926115,27.263886575052773,39.603642266751145,49.54965514322995,56.89834413695874,70.55745609723141,86.01937258107613,93.5055722174753,95.66426377335081,125.26211726585326,32.383720930232556,53.33720930232558,32.383720930232556,39.383720930232556,9.119468758055527,49.31164058227252,65.62703019455569,16.150550925980642,35.67934703661205,73.274753200198,0.0
27.050306120073564,41.35074329831237,48.54861083126049,63.733052549923556,101.57689564608496,24.54899780423428,58.61544664742027,80.23090438555475,29.612808580994876,45.310196531164024,54.04181026743101,64.75162384023486,77.80385786295854,88.75701494728027,123.14129262109924,24.884568157575373,36.067459222647244,56.92018826841062,58.775714741655655,67.8140452287747,79.50362216917043,88.94992418004661,106.36354779916115,2.399804240997747,27.21987496733324,39.56094640947909,49.54878872279786,56.89737304632453,70.56801342624169,86.04781072701705,93.55879953029331,95.68650785050464,125.32603456738289,32.383720930232556,53.33720930232558,32.383720930232556,39.383720930232556,9.073833803926721,49.3155620477664,65.6687436831906,16.107193363845578,35.67833712936899,73.31912066957612,0.0
27.096864306166633,41.31573105650237,48.542347124882134,63.73097524064545,101.62024890355146,24.503496595817293,58.61612394051812,80.27572830087387,29.568916113017465,45.291791127765244,54.035511297315665,64.74853412311293,77.79880769190737,88.79607315315228,123.17897114489188,24.83910610620121,36.02589321286761,56.920180336740515,58.7758418556717,67.81954489591959,79.54566078011385,88.96373745046836,106.38910512945897,2.3099582913040013,27.175856855185188,39.5182321669671,49.54792886748439,56.8964072075976,70.57852686082478,86.07625987192733,93.61199395144375,95.70873053188271,125.39005888375526,32.383720930232556,53.33720930232558,32.383720930232556,39.383720930232556,9.028196463739906,49.31946141941613,65.71048165172769,16.063823963088133,35.67733232718599,73.3634948725166,0.0
27.143422492259702,41.28064203198756,48.53614166817701,63.72890729712078,101.66361132829601,24.457992152454914,58.61679779573316,80.32055888902121,29.52501518259838,45.27333182937341,54.02922246344037,64.74543150463877,77.79376909166685,88.83516439079827,123.21667018864673,24.79364064078789,35.984317091252,56.920172448123715,58.77596834391934,67.82502666450408,79.5876779824451,88.97755352577447,106.41471307063526,2.220105604747233,27.131832265763514,39.47549967760778,49.5470755055361,56.89544658311183,70.58899657111749,86.10471965072612,93.66515549667403,95.73093227719399,125.45418985589397,32.383720930232556,53.33720930232558,32.383720930232556,39.383720930232556,8.982556747110745,49.32333885472276,65.75224393305022,16.02044278805555,35.6763325963665,73.40787577836865,0.0
27.189980678352775,41.24547694693213,48.529993830433185,63.726848666926436,101.70698288128962,24.41248448901476,58.617468236066074,80.36539611212847,29.481105833073528,45.25481859173981,54.02294383200574,64.74231616664095,77.78874209461856,88.87428844906803,123.25438968401612,24.748171777593285,35.94273088810228,56.920164602246984,58.77609421045191,67.8304905981727,79.62967349981763,88.99137263794363,106.4403715531135,2.1302462036522845,27.08780122606194,39.43274907826987,49.54622856623267,56.894491135534,70.59942272715514,86.13318969708777,93.71828417480548,95.75311355495471,125.51842712461827,32.383720930232556,53.33720930232558,32.383720930232556,39.383720930232556,8.936914663600996,49.327194509917156,65.79403036136557,15.977049902642205,35.675337903483694,73.45226335666479,0.0
27.236538864445844,41.21023651696987,48.52390298692164,63.724799297968175,101.75036352372172,24.366973620273253,58.618135284328176,80.41023993260788,29.43718810746753,45.236251371948235,54.01667546852444,64.73918828969624,77.78372673194588,88.91344511864509,123.29212956293533,24.702699532771735,35.90113463359725,56.92015679879989,58.77621945929038,67.83593676037333,79.67164705297824,89.00519502279596,106.46608050683511,2.0403801102337193,27.043763762914526,39.389980504321336,49.5453879798684,56.89354082785988,70.60980549886168,86.16166964345302,93.77137998722031,95.7752748429759,125.5827703306633,32.383720930232556,53.33720930232558,32.383720930232556,39.383720930232556,8.89127022271894,49.331028539970056,65.83584077219473,15.933645370293435,35.67434821537793,73.49665757711934,0.0
27.283097050538917,41.17492145120268,48.5178685189011,63.72275913847867,101.79375321699892,24.321459560916324,58.618798963143234,80.45509031314974,29.39326204849684,45.217630128412075,54.010417437819264,64.73604805313323,77.77872303365551,88.95263419202527,123.32988975762056,24.657223922374882,35.859528357793465,56.9201490374749,58.77634409442376,67.8413652143571,79.71359835972702,89.01902092002744,106.49183986126329,1.9505073465966467,26.999719902996556,39.34719408965153,49.54455367773425,56.89259562341102,70.62014505604081,86.19015912103991,93.82444292730314,95.79741662889857,125.64721911469971,32.383720930232556,53.33720930232558,32.383720930232556,39.383720930232556,8.84562343391976,49.33484109860218,65.87767500236177,15.89022925400925,35.6733634991543,73.54105840962714,0.0
27.329655236631986,41.1395324522021,48.51188981362018,63.72072813701548,101.83715192274362,24.275942325540118,58.61945929494934,80.49994721671985,29.349327698572292,45.198954820871585,54.004169804021295,64.73289563503602,77.77373102859833,88.9918554634952,123.36767020056811,24.611744962352514,35.817912090625775,56.92014131796726,58.776468119809174,67.84677602317872,79.75552713487676,89.03285057324446,106.51764954538719,1.8606279347374746,26.955669672825955,39.30438996669322,49.543725592100216,56.89165548583137,70.6304415683659,86.2186577598546,93.87747297982988,95.8195394107795,125.711773117354,32.383720930232556,53.33720930232558,32.383720930232556,39.383720930232556,8.799974306605941,49.33863233829426,65.91953288998351,15.846801616348172,35.67238372218023,73.5854658242623,0.0
27.376213422725055,41.10407021601371,48.50596626431652,63.718706242459014,101.88055960279216,24.230421928651676,58.620116302000525,80.54481060655708,29.305385099802088,45.18022541039096,53.99793263056788,64.72973121224797,77.76875074449028,89.0311087291107,123.40547082455285,24.566262668553293,35.776285861908015,56.92013363997494,58.77659153937233,67.85216924969643,79.79743309021217,89.04668422999862,106.54350948772608,1.7707418965446227,26.91161309876447,39.26156826644392,49.54290365619833,56.89072037908399,70.6406952053713,86.24716518870217,93.93047012030028,95.84164369773539,125.77643197922761,32.383720930232556,53.33720930232558,32.383720930232556,39.383720930232556,8.754322850127583,49.342402410297,65.96141427445914,15.803362519430857,35.671408852083076,73.62987979127676,0.0
27.422771608818124,41.068535432164296,48.500097270212876,63.71669340401051,101.92397621919372,24.184898384669587,58.62077000636882,80.58968044617092,29.261434293994505,45.16144185935546,53.9917059802013,64.72655496037538,77.76378220793221,89.07039378667676,123.44329156262711,24.520777056725617,35.73464970133366,56.920126003198725,58.776714357007805,67.85754495657233,79.8393159344484,89.06052214182209,106.56941961633329,1.6808492537993263,26.867550207018848,39.218729118487495,49.542087804205366,56.88979026744774,70.65090613644314,86.27568103519741,93.9834343142066,95.86373001064982,125.84119534091637,32.383720930232556,53.33720930232558,32.383720930232556,39.383720930232556,8.708669073782884,49.34615146464094,66.0033189964599,15.759912024943866,35.6704388567477,73.67430028109912,0.0
27.469329794911193,41.032928783671615,48.494282236511,63.71468957119009,101.96740173420868,24.139371707924695,58.62142042994566,80.63455669933893,29.217475322660622,45.14260413146816,53.98548991496682,64.72336705379146,77.75882544443007,89.10971043572631,123.4811323481194,24.47528814251837,35.693003638476476,56.920118407341974,58.7768365765793,67.8629032062723,79.88117537318958,89.07436456426336,106.59537985880044,1.5909500281763622,26.82348102364202,39.17587265101426,49.54127797122676,56.88886511551406,70.66107453081005,86.30420492577548,94.036365516231,95.88579888295206,125.90606284302996,32.383720930232556,53.33720930232558,32.383720930232556,39.383720930232556,8.663012986818458,49.34987965014643,66.04524689791886,15.716450194143253,35.669473704314186,73.71872726433325,0.0
27.515887981004262,40.99725094705677,48.48852057438266,63.712694693834734,102.01083611030721,24.093841912660768,58.62206759444394,80.6794393301046,29.173508227016974,45.12371219174691,53.97928449621133,64.72016766563996,77.75388047841423,89.1490584775004,123.51899311463289,24.42979594148175,35.65134770279119,56.92011085211085,58.77695820191993,67.86824406106658,79.92301110888648,89.08821175692354,106.62139014226149,1.5010442412447742,26.77940557453424,39.132998990841784,49.54047409328016,56.887944888183846,70.67120055753487,86.33273648570267,94.08926366936473,95.90785086147433,125.9710341262107,32.383720930232556,53.33720930232558,32.383720930232556,39.383720930232556,8.617354598429678,49.35358711443326,66.08719782202078,15.672977087858152,35.668513363175464,73.76316071175708,0.0
27.56244616709733,40.96150259235889,48.48281170095838,63.71070872209624,102.05427931016787,24.04830901303514,58.62271152139952,80.72432830277464,29.12953304798838,45.10476600652113,53.9730897845821,64.7169569678393,77.74894733325878,89.18843771492857,123.55687379604451,24.38430046906798,35.609681923614055,56.92010333721413,58.77707923683246,67.87356758302931,79.9648228407943,89.10206398349258,106.64745039339701,1.411131914468616,26.735323885444373,39.09010826343465,49.539676107279504,56.887029550664025,70.68128438550559,86.36127533908699,94.14212870393808,95.929886507398,126.03610883115223,32.383720930232556,53.33720930232558,32.383720930232556,39.383720930232556,8.571693917761127,49.35727400393056,66.12917161319201,15.629492766494446,35.667557801974944,73.80760059432129,0.0
27.6090043531904,40.92568438315219,48.47715503931363,63.708731606439386,102.09773129667617,24.00277302311938,58.62335223217302,80.76922358191688,29.0855498262104,45.085765543428295,53.96690584002517,64.71373513108625,77.7440260313004,89.22784795260884,123.59477432650355,24.33880174063213,35.56800633016353,56.92009586236314,58.77719968508976,67.87887383403934,80.00661026492944,89.1159215117864,106.67356053843808,1.3212130692076751,26.691235981970816,39.04720059292417,49.53888395101979,56.88611906846482,70.69132618342704,86.38982110888884,94.1949605365523,95.95190639729869,126.101286598618,32.383720930232556,53.33720930232558,32.383720930232556,39.383720930232556,8.526030953906888,49.36094046388641,66.17116811709043,15.585997290038218,35.66660698960437,73.85204688314809,0.0
27.655562539283473,40.8897969765652,48.4715500184532,63.70676329763986,102.14119203292312,23.957233956899923,58.62398974795146,80.8141251323579,29.041558602032033,45.06671077141069,53.96073272178436,64.71050232486007,77.73911659385648,89.26728899678896,123.63269464043029,24.293299771432867,35.5263209515409,56.92008842727187,58.77731955043482,67.88416287577986,80.04837307402666,89.12978461378401,106.69972050317088,1.2312877267181754,26.647141889562853,39.00427610212756,49.53809756316168,56.88521340739638,70.70132611981214,86.41837341693144,94.24775906890002,95.97391112430182,126.16656706946006,32.383720930232556,53.33720930232558,32.383720930232556,39.383720930232556,8.480365715910942,49.3645866383774,66.21318718059538,15.542490718059284,35.665660895201405,73.89649954953,0.0
27.702120725376542,40.85384102330211,48.46599607329305,63.704803746782325,102.18466148220386,23.911691828278755,58.62462408974996,80.85903291918058,28.997559415518364,45.04760166071173,53.954570488400115,64.7072587174265,77.73421904124369,89.30676065534736,123.67063467251492,24.24779457663317,35.484625816730905,56.92008103165682,58.77743883658129,67.88943476973903,80.09011095749499,89.14365356566539,106.72593021294028,1.1413559081535294,26.603041633521798,38.96133491256682,49.53731688321656,56.88431253356583,70.71128436297407,86.44693188391172,94.30052418646147,95.99590129936385,126.23194988463652,32.383720930232556,53.33720930232558,32.383720930232556,39.383720930232556,8.434698212767517,49.36821267031834,66.25522865179789,15.498973109714703,35.66471948814749,73.9409585649285,0.0
27.74867891146961,40.8178171676661,48.46049264464036,63.70285290525845,102.22813960801646,23.866146651073997,58.62525527841331,80.903946907722,28.953552306453084,45.028438182872534,53.948419197708546,64.70400447584177,77.72933339279587,89.34626273777454,123.7085943577164,24.20228617130112,35.44292095460231,56.92007367523708,58.777557547213654,67.89468957720973,80.13182360137392,89.15752864784949,106.75218959265459,1.051417634564965,26.558935239001833,38.91837714448726,49.536541851532085,56.88341641337414,70.72120108101774,86.47549612941062,94.35325575706055,96.0178775526929,126.29743468523012,32.383720930232556,53.33720930232558,32.383720930232556,39.383720930232556,8.389028453421451,49.371818701471604,66.29729237999067,15.455444523752162,35.6637827380656,73.98542390097293,0.0
27.79523709756268,40.78172604758456,48.45503917917167,63.70091072476508,102.2716263740601,23.82059843902058,58.62588333461765,80.94886706357106,28.909537314340927,45.00922031072806,53.942278906840386,64.70073976595664,77.72445966688115,89.38579505515472,123.74657363126086,24.15677457041063,35.40120639390857,56.92006635773415,58.777675685987376,67.89992735929005,80.173510688289,89.17141014503257,106.77849856678952,0.9614729269023037,26.514822731011392,38.87540291687591,49.535772409277705,56.882525013513366,70.73107644183185,86.50406577190381,94.40595362926254,96.03984053532764,126.36302111246559,32.383720930232556,53.33720930232558,32.383720930232556,39.383720930232556,8.343356446768535,49.37540487245674,66.33937821565844,15.411905018513409,35.66285061481805,74.02989552945924,0.0
27.84179528365575,40.74556829463613,48.44963512940898,63.6989771573021,102.3151217442342,23.775047205770854,58.6265082788721,80.99379335256634,28.86551447841032,44.989948018403496,53.93614967222035,64.69746475242064,77.71959788091931,89.42535742014795,123.78457242864077,24.111259788842155,35.35948216328846,56.9200590788721,58.77779325652933,67.90514817688344,80.2151718974068,89.18529834622723,106.80485705939222,0.8715218060145944,26.470704134414305,38.83241234747898,49.53500849843087,56.88163830096345,70.7409106130811,86.53264042877211,94.45861763059379,96.06179092089546,126.42870880772738,32.383720930232556,53.33720930232558,32.383720930232556,39.383720930232556,8.29768220165588,49.37897132275971,66.38148601046814,15.36835465193766,35.66192308850426,74.07437342234877,0.0
27.888353469748818,40.70934453407947,48.44427995369443,63.697052155170816,102.35862568263666,23.729492964895215,58.627130131520225,81.03872574079385,28.82148383761579,44.970621281310216,53.93003154956627,64.69417959868608,77.71474805139898,89.4649496469721,123.82259068561339,24.065741841383453,35.31774829126661,56.92005183837746,58.7779102624381,67.91035209069882,80.25680690438999,89.19919354480157,106.83126499408587,0.781564292650838,26.426579473930605,38.789405552820014,49.53425006176311,56.88075624298948,70.75070376219831,86.56121971631232,94.51124756555835,96.08372940757226,126.49449741257676,32.383720930232556,53.33720930232558,32.383720930232556,39.383720930232556,8.252005726882237,49.38251819074229,66.42361561725919,15.324793481564885,35.66100012945873,74.11885755176708,0.0
27.934911655841887,40.67305538488365,48.4389731161631,63.695135670971716,102.40213815356293,23.683935729882695,58.62774891274185,81.08366419458474,28.777445430640373,44.951240076141964,53.92392459388856,64.6908844670123,77.70991019389388,89.50457155138587,123.86062833819976,24.020220742730274,35.27600480625414,56.920044635979096,58.778026707284,67.91553916125065,80.29841538135142,89.21309603851874,106.85772229407353,0.691600407460642,26.38244877413779,38.74638264821652,49.53349704282659,56.879878807138724,70.76045605637681,86.5898032497476,94.56384321342608,96.10565672027208,126.56038656876925,32.383720930232556,53.33720930232558,32.383720930232556,39.383720930232556,8.206327031198372,49.38604561365133,66.46576689003403,15.281221564539191,35.660081708248775,74.16334789000273,0.0
27.981469841934956,40.63670145976002,48.43371408671432,63.693227657602804,102.44565912150422,23.63837551414162,58.628364642554295,81.12860868051337,28.73339929589818,44.931804380870794,53.91782885948971,64.68757951846993,77.70508432307952,89.54422295067106,123.89868532268368,23.974696507487078,35.23425173654927,56.92003747140837,58.778142594609655,67.92070944885943,80.33999699680845,89.22700612957699,106.88422888214258,0.6016301709948852,26.338312059471853,38.70334374779731,49.53274938594113,56.879005961237695,70.77016766256291,86.61839064323811,94.61640432575926,96.12757361309781,126.6263759182711,32.383720930232556,53.33720930232558,32.383720930232556,39.383720930232556,8.160646123307362,49.389553727627984,66.5079396839484,15.237638957612026,35.65916779567251,74.20784440950617,0.0
28.028028028028036,40.600283365195644,48.42850234098154,63.69132806825762,102.48918855114658,23.59281233100017,58.62897734081419,81.17355916539495,28.689345471536583,44.91231417474286,53.91174439996375,64.6842649129451,77.70027045274861,89.58390366361594,123.93676157560995,23.929169150167734,35.19248911033789,56.92003034439895,58.77825792792998,67.92586301365175,80.38155141563661,89.24092412464998,106.91078468066901,0.5116536037064031,26.29416935422843,38.660288964518976,49.532007036181085,56.878137673389624,70.77983874744847,86.64698150989177,94.66893062364164,96.1494808720892,126.69246510327646,32.383720930232556,53.33720930232558,32.383720930232556,39.383720930232556,8.114963011864965,49.39304266771676,66.55013385530201,15.194045717145487,35.658258362756705,74.2523470828885,0.0
28.074586214121105,40.56380170148805,48.42333736030068,63.68943685642334,102.5327264073693,23.54724619370701,58.62958702721879,81.2185156162835,28.645283995438817,44.892769438274364,53.905671268196,64.68094080914369,77.69546859582773,89.62361351049842,123.97485703378368,23.88363868519628,35.15071695569416,56.920023254686875,58.77837271073259,67.93099991556035,80.42307829902258,89.25485033492753,106.93738961162155,0.4216707259506726,26.250020682563736,38.617218410182275,49.53126993936262,56.87727391197129,70.78946947746374,86.6755754617748,94.72142179456853,96.17137931831093,126.75865376622347,32.383720930232556,53.33720930232558,32.383720930232556,39.383720930232556,8.069277705479989,49.39651256787471,66.59234926152902,15.150441899115533,35.657353380754735,74.29685588292043,0.0
28.121144400214174,40.52725706278123,48.41821863167741,63.68755397587895,102.57627265524381,23.501677115431846,58.630193721307684,81.26347800046977,28.601214905226172,44.873170153247116,53.89960951636288,64.67760736459572,77.69067876439208,89.6633523130699,124.01297163426884,23.838105126907525,35.10893530058111,56.92001620201053,58.77848694647801,67.93612021432462,80.46457730441769,89.2687850761566,106.9640435965658,0.33168155798640475,26.2058660684956,38.57413219544818,49.530538042031594,56.87641464563052,70.79906001877009,86.70417210992238,94.77387748894675,96.19326981132969,126.82494154981083,32.383720930232556,53.33720930232558,32.383720930232556,39.383720930232556,8.023590212714538,49.399963560980424,66.63458576118876,15.106827559115139,35.656452821144576,74.34137078253097,0.0
28.167702586307243,40.49065003710299,48.4131456477528,63.685679380693365,102.61982726003224,23.45610510926606,58.63079744246408,81.30844628547916,28.557138238260347,44.853516302704335,53.89355919593162,64.67426473565958,77.685900969681,89.70311989453864,124.05110531438721,23.792568489547776,35.06714417285116,56.920009186110576,58.77860063859988,67.9412239694907,80.50604808548998,89.28272866868294,106.99074655666884,0.24168611997623418,26.161705535904552,38.531030429853516,49.52981129145109,56.8755598432835,70.80861053725314,86.73277106434962,94.82629731614821,96.21515325313852,126.8913280970138,32.383720930232556,53.33720930232558,32.383720930232556,39.383720930232556,7.9779005420844,49.40339577884296,66.67684321395637,15.063202752357498,35.65555665562669,74.38589175480652,0.0
28.214260772400312,40.4539812064033,48.40811790676829,63.68381302522349,102.66339018718628,23.410530188223245,58.63139820991644,81.35342043906962,28.513054031645797,44.83380787094592,53.88752035766027,64.67091307752659,77.68113522211287,89.7429160795542,124.08925801171702,23.747028787275536,35.02534360024677,56.92000220672997,58.778713790505385,67.94631124041148,80.54749029207684,89.29668143749252,107.0174984127033,0.15168443198734505,26.117539108534825,38.4879132218267,49.529089635589614,56.874709474111704,70.81812119851547,86.76137193406203,94.8786808400492,96.23703059259505,126.95781305110009,32.383720930232556,53.33720930232558,32.383720930232556,39.383720930232556,7.932208702059354,49.40680935221078,66.71912148061358,15.01956753367913,35.65466485612208,74.43041877298948,0.0
28.26081895849338,40.41725114659388,48.40313491252909,63.681954864112626,102.70696140234577,23.36495236523982,58.63199604273983,81.39840042922964,28.468962322231985,44.81404484352425,53.881493051597786,64.6675525442252,77.6763815312999,89.78274069419156,124.12742966409203,23.70148603416215,34.98353361040103,56.91999526361392,58.778826405575174,67.95138208624728,80.58890357013681,89.31064371225408,107.04429908505143,0.06167651399213947,26.073366809995434,38.444780678702735,49.52837302310944,56.87386350755982,70.82759216787049,86.78997432706667,94.93102757397547,96.25890283045443,127.02439605564543,32.383720930232556,53.33720930232558,32.383720930232556,39.383720930232556,7.8865147010635175,49.410204410780565,66.76142042303967,14.975921957542976,35.653777394770316,74.4749518104774,0.0
28.30737714458645,40.40879804171984,48.426533788498126,63.70844246641946,102.77887848546874,23.34770926730678,58.660928573988606,81.47172383830745,28.453200760746707,44.822564821370534,53.903814941215266,64.69252090275674,77.69997752019368,89.85093118006687,124.19395782373131,23.684277858323686,34.97005184496924,56.94832597064097,58.80727610129509,67.98477418009682,80.65862517583226,89.3529534414924,107.09948610784092,0.0,26.05752627789219,38.429970520869425,49.55599901748635,56.90135952746379,70.86536122446645,86.8469154645141,95.01167458909136,96.30910863921999,127.1194143686804,32.412058544363745,53.36554691645677,32.412058544363745,39.412058544363745,7.869156161606787,49.44191869733719,66.83207751833332,14.960603692172688,35.68123185805868,74.5478284549529,0.028337614131187155
28.353935330679523,40.461967545943175,48.51165913969949,63.79662087755854,102.91248649277215,23.392145997412285,58.75154091263986,81.6067357249511,28.499114473740594,44.89271288273218,53.98783116534825,64.77916339504185,77.78526828704143,89.98083245626415,124.32218751918019,23.728749363863592,35.018243421571704,57.03833941776529,58.89740797119831,68.07983267093974,80.78999983742278,89.45695605457321,107.21640449089112,0.0,26.10336262577086,38.47682794372416,49.64531265894024,56.99054259399053,70.964773623222,86.96554004265124,95.15396636980132,96.42099423160401,127.27621272464752,32.50207886283054,53.455567234923556,32.50207886283054,39.50207886283054,7.913478182227279,49.5352974297045,66.96443772074585,15.00695788149765,35.77037330876235,74.68239377032462,0.11835793259797779
28.400493516772592,40.515083683623615,48.59683395271776,63.88481351933687,103.04610885676898,23.436586034580696,58.84215654363327,81.74175952414471,28.545026963627578,44.962812483206555,54.071865238235496,64.86580363796351,77.87057730543833,90.11076781935897,124.45044215534755,23.77322403091187,35.06643183383273,57.128359071054646,58.987545484904054,68.17488108367519,80.92135065525453,89.56097536178501,107.33337761975548,0.0,26.149199343156734,38.52367651772671,49.73463736446275,57.079736143673635,71.06415299485845,87.08417113287116,95.29622570631881,96.53288426801343,127.43311423445509,32.59210535194902,53.54559372404205,32.59210535194902,39.59210535194902,7.957804237530078,49.628664200792436,67.0968243617106,15.053308045194548,35.85952518598086,74.81697119676468,0.2083844217164623
28.44705170286566,40.568146987334565,48.68205773363069,63.97302032792482,103.17974552424025,23.48102937184595,58.93277546584538,81.87679518517967,28.59093824665981,45.03286359370889,54.1559171874921,64.9524417613442,77.95590456231444,90.24073708137628,124.5787216514777,23.817701853598482,35.11461708935389,57.21838491066374,59.077688626090634,68.26991945709501,81.05267723968383,89.66501169235497,107.45040539369917,0.0,26.19503643352814,38.57051632638628,49.82397306577922,57.1689401273838,71.16349948386616,87.2028083196966,95.43845182408315,96.64478000305645,127.59011852346457,32.68213799211979,53.63562636421281,32.68213799211979,39.682137992119785,8.002134316160305,49.72201911657832,67.2292372878068,15.09965421666306,35.94868744310904,74.9515606886803,0.29841706188723294
28.49360988895873,40.621157983914195,48.76732999397551,64.06124123986167,103.3133964422403,23.52547600225928,59.02339767809803,82.01184265765968,28.63684833893734,45.10286618647452,54.23998704011727,65.03907789395784,78.04125004395476,90.37074005578306,124.70702592715593,23.86218282606123,35.16279919572184,57.30841691684087,59.16783737850289,68.36494782989108,81.18397919703455,89.76906538049995,107.56748771171002,0.0,26.240873900324686,38.617347452282665,49.913319695345365,57.25815449633348,71.26281323450549,87.32145118679894,95.5806438599386,96.75668278135599,127.74722521751256,32.77217676383513,53.725665135928146,32.77217676383513,39.77217676383513,8.046468406810675,49.81536228212279,67.36167634675796,15.145996429036076,36.03786003384228,75.08616220072005,0.38845583360257163
28.5401680750518,40.67411719450951,48.85265025070654,64.14947619205309,103.4470615580957,23.56992591888922,59.114023179159354,82.14690189149833,28.682757256409403,45.172820235053386,54.324074822494325,65.12571216353359,78.12661373601256,90.50077655747327,124.83535490230726,23.90666694244577,35.21097816050828,57.39845506992767,59.25799172595184,68.45996624065488,81.31525612954763,89.8731367654701,107.68462447250266,0.0,26.286711746947855,38.66416997707928,50.00267718633605,57.34737920207369,71.36209439080025,87.44009931700818,95.72280085080875,96.86859404885188,127.90443394292474,32.86222164767842,53.815710019771444,32.86222164767842,39.86222164767842,8.090806498221207,49.908693801577535,67.49414138742257,15.192334715182005,36.12704291217416,75.22077568777212,0.47850071744586214
28.586726261144868,40.72702513462102,48.93801802615263,64.23772512176873,103.58074081940289,23.614379114821478,59.204651967744255,82.2819728369165,28.728665014875823,45.24272571430414,54.408180560390605,65.21234469675993,78.21199562352139,90.63084640275338,124.96370849719442,23.951154196905655,35.25915399126984,57.488499350358296,59.34815165231423,68.55497472787735,81.44650763533018,89.9772261915921,107.80181557452198,0.0,26.33254997676098,38.710983981536174,50.09204547263478,57.436614196491014,71.46134309653097,87.55875229232434,95.8649217206043,96.98051536586992,128.06174432652944,32.952272624323534,53.90576099641656,32.952272624323534,39.952272624323534,8.135148579178907,50.002013778193096,67.62663225978466,15.238669107707096,36.216236032393866,75.35540110496267,0.5685516940909766
28.633284447237937,40.77988231414797,49.023432847973346,64.32598796664017,103.71443417402679,23.658835583158954,59.29528404251545,82.41705544444002,28.774571629988888,45.312582600388666,54.492304278957775,65.29897561928863,78.2973956909073,90.76094940932735,125.09208663241618,23.995644583602406,35.30732669554815,57.57854973865899,59.43831714153228,68.64997332994841,81.57773330830472,90.08133400831375,107.91906091594682,0.0,26.37838859308992,38.757789545522556,50.181424488822884,57.52585943180462,71.56055949522873,87.67740969392788,96.00700526503934,97.09244842228235,128.2191559956709,33.04232967453427,53.99581804662729,33.04232967453427,40.042329674534265,8.179494638517506,50.09532231432675,67.75914881494461,15.284999638957734,36.3054393490839,75.4900384076542,0.6586087443017129
28.679842633331006,40.83268923743419,49.10889424911504,64.41426466465815,103.8481415700987,23.70329531702164,59.38591940208391,82.55214966489726,28.820477117254445,45.3823908707661,54.57644600273205,65.3856050557388,78.3828139220011,90.89108539628269,125.22048922890576,24.04013809670546,35.35549628086963,57.66860621544727,59.52848817761327,68.74496208515669,81.70893273815756,90.18546057024756,108.0363603946938,0.0,26.42422759922323,38.804586748029244,50.270814170169444,57.61511486056321,71.65974373016873,87.79607110219096,96.149050133959,97.20439505515692,128.37666857822302,33.13239277916373,54.08588115125676,33.13239277916373,40.13239277916373,8.223844665117149,50.188619511450064,67.89169090511002,15.33132634102268,36.39465281711753,75.62468755144401,0.7486718489311728
28.72640081942408,40.885446403314425,49.19440176776637,64.50255515417048,103.9818629560149,23.747758309546583,59.47655804500985,82.68725544941647,28.86638149203361,45.45215050418691,54.660605755634414,65.47223312970095,78.46825030005014,91.0212541840761,125.34891620792904,24.084634730392306,35.40366275474567,57.75866876143145,59.61866474462907,68.83994103168918,81.84010551028717,90.2896062372157,108.15371390842098,0.0,26.470066998412562,38.85137566718091,50.36021445262064,57.70438043564212,71.75889594436394,87.9147360966884,96.29105481069845,97.31635726937499,128.53428170260204,33.22246191915376,54.17595029124678,33.22246191915376,40.22246191915376,8.268198647904104,50.281905470156666,68.02425838358656,15.377649245735288,36.48387639165657,75.75934849216246,0.8387409889211994
28.772959005517148,40.93815430516112,49.27995494731319,64.59085937387971,104.11559828043457,23.792224553887827,59.56719996980322,82.82237274942364,28.912284769544126,45.52186148068701,54.744783560971136,65.55885996374121,78.55370480772963,91.15145559451965,125.47736749108262,24.129134478848446,35.45182612467221,57.848737357409995,59.708846826715984,68.93491020763096,81.97125120575288,90.39377137429435,108.27112135453146,0.0,26.515906793872915,38.89815638024808,50.44962527279016,57.79365611024032,71.85801628055927,88.03340425620893,96.43301758788186,97.4283372618089,128.6919949977796,33.31253707553436,54.266025447627385,33.31253707553436,40.31253707553436,8.312556575850508,50.37518029016974,68.15685110476888,15.423968384675767,36.57311002814887,75.89402118587147,0.9288161453018019
28.819517191610217,40.99081343093156,49.365553336293075,64.67917726284071,104.24934749227825,23.83669404321635,59.6578451749246,82.95750151664001,28.9581869648617,45.5915237815817,54.82897944143429,65.6454856794052,78.63917742715435,91.28168945076692,125.60584300029251,24.173637336267422,35.49998639813015,57.93881198427092,59.799034408074306,69.02986965096488,82.10236940122252,90.49795635185889,108.3885826301773,0.0,26.561746988783163,38.94492896365902,50.5390465679491,57.88294183787758,71.95710488122539,88.15207515876656,96.57493653893758,97.5403374497839,128.84980809329528,33.40261822942311,54.35610660151614,33.40261822942311,40.40261822942312,8.356918437974038,50.468444070349605,68.28946892413174,15.470283789173372,36.66235368232609,76.02870558886289,1.0188972991905545
28.866075377703286,41.04342426321541,49.45119648834956,64.76750876045864,104.38311054072608,23.881166770720025,59.74849365878578,83.0926417030797,29.004088092921663,45.661137389459604,54.913193419102235,65.73211039722237,78.72466813988969,91.41195557729932,125.73434265781239,24.218143296850915,35.5481435825849,58.028892622991265,59.88922747296778,69.12481939957124,82.23345966892033,90.60216154562889,108.5060976322631,0.0,26.6075875862862,38.99169349301102,50.62847827601649,57.97223757239148,72.05616188855309,88.27074838161204,96.71680948443316,97.65236050472016,129.00772061926915,33.49270536202463,54.44619373411766,33.49270536202463,40.49270536202463,8.40128422333769,50.56169690870122,68.42211169822103,15.516595490308548,36.75160731020136,76.16340165765702,1.1089844317920725
28.91263356379636,41.095987279282674,49.536883962186,64.85585380648625,104.5168873752161,23.925642729603574,59.839145419750494,83.22779326104748,29.049988168520056,45.73070228817652,54.99742551544042,65.81873423671017,78.81017692696295,91.54225379991296,125.86286638622165,24.262652354808697,35.59629768548669,58.118979254636486,59.979426005723575,69.2197594912276,82.364521576575,90.70638733671343,108.62366625744971,0.0,26.653428589489323,39.03845004308214,50.71792033554973,58.06154326793478,72.15518744444745,88.38942350124451,96.85863395211845,97.7644093920655,129.1657322064144,33.58279845462998,54.536286826723,33.58279845462998,40.58279845462998,8.445653921049438,50.65493890238154,68.55477928464502,15.562903518915126,36.84087086806693,76.29810934900091,1.1990775243974197
28.959191749889428,41.14850295113173,49.62261532151919,64.94421234102202,104.65067794544257,23.97012191308847,59.92980045613511,83.36295614313632,29.09588720631527,45.8002184628491,55.081675751302086,65.9053573163781,78.89570376887357,91.67258394570531,125.99141410842415,24.3071645043587,35.64444871427017,58.209071860359785,60.069629990731706,69.31468996360826,82.49555468736672,90.81063411165661,108.74128840215819,0.0,26.69927000146449,39.08519868784233,50.807372685735295,58.15085887897235,72.25418169052206,88.50810009342314,97.00040712929238,97.87648741890645,129.32384248604893,33.67289748861609,54.626385860709114,33.67289748861609,40.672897488616094,8.490027520261995,50.74817014770688,68.68747154206542,15.609207905582387,36.93014431249196,76.43282861986694,1.2891765583835284
29.005749935982497,41.20097174553784,49.70839013503247,65.03258430450771,104.78448220135422,24.014604314412942,60.02045876620924,83.49813030222523,29.141785220829203,45.86968589984869,55.1659441469291,65.99197975373214,78.98124864560441,91.80294584306223,126.11998574764603,24.35167973972704,35.69259667635466,58.299170421401676,60.15983941244473,69.40961085428441,82.62655855987488,90.91490226248301,108.85896396257309,0.0,26.745111825248937,39.13193950046427,50.89683526637969,58.24018436027864,72.35314476809383,88.62677773317915,97.14212580575328,97.98859829099395,129.48205109010746,33.76300244544527,54.71649081753829,33.76300244544527,40.76300244544527,8.534405010172557,50.84139074016034,68.82018833018896,15.655508680657302,37.019427600320284,76.56755942745123,1.37928151521271
29.052308122075566,41.253394124101625,49.794207976329,65.12096963772613,104.91830009315284,24.059089926831895,60.111120348196515,83.63331569147702,29.187682226448903,45.93910458679492,55.250230721952946,66.07860166527873,79.06681153663195,91.93333932164494,126.24858122743464,24.39619805514806,35.74074157914399,58.38927491908938,60.25005425537752,69.50452220072347,82.75753274802538,91.01919218674377,108.97669283464667,0.0,26.790954063845053,39.17867255333433,50.986308017900356,58.32951966693488,72.45207681817733,88.74545599482792,97.28378630514527,98.10074618137389,129.64035765115364,33.8531133066646,54.80660167875763,33.8531133066646,40.8531133066646,8.578786380022494,50.93460077439893,68.95292950975846,15.701805874246494,37.108720688668136,76.7023017291722,1.4693923764320485
29.09886630816864,41.30577054329797,49.88006842388473,65.20936828179902,105.05213157129114,24.10357874361686,60.201785200275175,83.76851226433587,29.233578237427523,46.00847451254933,55.334535495395656,66.16522316652927,79.15239242093668,92.06376421237772,126.37720047165666,24.440719444864296,35.788883430026466,58.47938533483613,60.34027450410666,69.59942404028904,82.88847680103778,91.12350428756211,109.0944749141023,0.0,26.836796720221084,39.2253979180634,51.075790881316976,58.4188647543261,72.55097798147958,88.86413445198104,97.42538440192718,98.21293581339462,129.7987618023909,33.94323005390543,54.89671842599845,33.94323005390543,40.943230053905424,8.623171619097098,51.0278003442608,69.08569494254444,15.748099516218382,37.19802353492197,76.83705548266896,1.5595091236728729
29.145424494261707,41.358101454524885,49.96597106100095,65.29778017818478,105.18597658647171,24.148070758055944,60.292453320578765,83.90371997452532,29.27947326788592,46.07779566720886,55.41885848567093,66.2518443720042,79.23799127701305,92.19422034743492,126.50584340449656,24.485243903126626,35.83702223637484,58.56950165014075,60.43050014327043,69.69431641024063,83.01939026337249,91.22783897367958,109.21231009643846,0.0,26.8826397973111,39.27211566549685,51.165283798242825,58.508219578138885,72.64984839839495,88.98281267755885,97.56691522043324,98.3251725616232,129.95726317767455,34.0333526688828,54.986841040975825,34.0333526688828,41.0333526688828,8.667560716725344,51.120989542772456,69.21848449133665,15.79438963620525,37.28733609673628,76.97182064579988,1.6496317386502406
29.191982680354776,41.41038730415249,50.05191547575705,65.38620526867624,105.31983508964507,24.19256596345378,60.38312470719665,84.03893877604598,29.325367331813933,46.147068042099356,55.50319971058542,66.33846539523753,79.32360808287943,92.32470756022914,126.63450995045457,24.52977142419416,35.88515800554628,58.65962384658717,60.52073115756821,69.78919934773346,83.15027267467765,91.33219665950175,109.33019827693212,0.0,26.92848329801569,39.31882586572543,51.254786710876246,58.597584094358375,72.74868820899997,89.10149024380293,97.70837311150697,98.43746257518782,130.11586141152236,34.123481133394925,55.076969505487945,34.123481133394925,41.123481133394925,8.711953662279551,51.21416846215578,69.3512980199355,15.84067626360523,37.37665833203144,77.10659717664112,1.7397602031623667
29.238540866447845,41.4626285335722,50.13790126096318,65.47464349539858,105.45370703200794,24.237064353131483,60.473799358174844,84.17416862317336,29.371260443071492,46.21629162976898,55.58755918733976,66.42508634878087,79.4092428160881,92.45522568539862,126.76320003434581,24.57430200233436,35.93329074488233,58.749751905843596,60.61096753176027,69.88407288981813,83.2811235697368,91.43657776514445,109.44813935064283,0.0,26.974327225202,39.36552858809488,51.34429956199232,58.68695825926569,72.84749755304844,89.22016672228885,97.84975150089365,98.5498129293616,130.27455613912585,34.21361542932268,55.167103801415706,34.21361542932268,41.21361542932268,8.756350445175249,51.30733719383506,69.48413539314377,15.886959427584369,37.46599019899153,77.24138503348516,1.8298944990901196
29.285099052540914,41.51482557924578,50.22392801411257,65.56309480080706,105.58759236500191,24.281565920426583,60.56447727151644,84.3094094704557,29.417152615390197,46.28546642398157,55.67193693253004,66.51170734420806,79.49489545373474,92.58577455879552,126.8919135812981,24.61883563182303,35.98142046170886,58.839885809662334,60.701209250667425,69.97893707344045,83.41194247841531,91.54098271648002,109.56613321241626,0.0,27.020171581704,39.41222390121623,51.43382229493465,58.77634202943537,72.94627656996639,89.33884168393917,97.99104270187611,98.6622318129037,130.4333469963612,34.303755538629034,55.25724391072205,34.303755538629034,41.303755538629034,8.800751054870776,51.40049582844403,69.61699647675837,15.933239157078589,37.55533165606223,77.37618417483932,1.920034608396477
29.331657238633984,41.5669788727546,50.30999533733412,65.65155912768499,105.72149104031179,24.326070658692995,60.655158445182416,84.44466127271197,29.46304386237419,46.354592419709896,55.75633296214932,66.59832849211931,79.58056597246781,92.71635401747388,127.02065051675058,24.663372306944346,36.02954716333609,58.93002553987895,60.79145629917069,70.07379193544129,83.54272892560793,91.64541194518289,109.68417975688789,0.0,27.06601637032304,39.45891187297542,51.5233548536075,58.865735361732895,73.04502539884771,89.45751469903638,98.13223768238838,98.77472876092149,130.59223361979952,34.39390144335858,55.347389815451606,34.39390144335858,41.39390144335858,8.845155480867115,51.49364445583272,69.74988113756194,15.979515480795682,37.644682661948764,77.51099455942433,2.010180513126025
29.378215424727053,41.6190888408487,50.396102837344905,65.74003641914149,105.855403009864,24.37057856130095,60.745842877092095,84.57992398502948,29.50893419750184,46.42366961312899,55.840747291588755,66.68494990214575,79.66625434849787,92.84696389967806,127.14941076645239,24.707912021990886,36.077670857058536,59.020171078411785,60.88170866221094,70.16863751255636,83.67348243118572,91.74986588877594,109.8022788784869,0.0,27.111861593827864,39.50559257054296,51.61289718246758,58.95513821331196,73.1437441784491,89.57618533723634,98.27332577387617,98.88731494598666,130.75121564671764,34.484053125636976,55.43754149773,34.484053125636976,41.484053125636976,8.889563712707634,51.58678316507443,69.88278924331493,16.02578842721729,37.73404317561374,77.64581614617292,2.100332195404418
29.42477361082012,41.671155905495986,50.48225012540259,65.82852661860943,105.98932822582496,24.415089621636987,60.836530565123866,84.7151975627621,29.554823634126674,46.492698001609334,55.92517993563959,66.77157168295362,79.75196055760709,92.97760404483121,127.27819425646061,24.752454771263675,36.1257915501549,59.11032240726169,60.971966324788674,70.26347384141597,83.80420250994375,91.85434499067648,109.92043047143991,0.0,27.157707254955284,39.552266060383374,51.702449226516556,59.04455054161204,73.24243304718568,89.69485316758181,98.41429430524748,99.00000354416082,130.910292715108,34.574210567670455,55.52769893976348,34.574210567670455,41.574210567670455,8.933975739977791,51.67991204447239,70.01572066274724,16.072058024600818,37.82341315627517,77.7806488942284,2.190489637437895
29.471331796913194,41.72318048393132,50.568436817258096,65.9170296698433,106.12326664059967,24.45960383310385,60.92722150711571,84.85048196152799,29.600712185478674,46.561677583709915,56.00963090849449,66.85819394224886,79.83768457515751,93.10827429352362,127.40700091313906,24.797000549072166,36.173909249888204,59.20047950851114,61.06222927196352,70.3583009585448,83.93488867154792,91.9588497002418,110.03863442977442,0.0,27.20355335640993,39.59893240826458,51.79201093129342,59.1339723043559,73.34109214312652,89.81351775851606,98.55512814008489,99.11281019775906,131.06946446368926,34.664373751745316,55.617862123838336,34.664373751745316,41.66437375174531,8.978391552304924,51.7730311815667,70.14867526555035,16.118324300981357,37.912792563404345,77.91549276294326,2.280652821512757
29.517889983006263,41.77516298870535,50.65466253310811,66.00554551691718,106.25721820682999,24.50412118912045,61.01791570086576,84.9857771372075,29.6465998646655,46.63060835917129,56.094100223749244,66.94481678678144,79.92342637610051,93.23897448750182,127.5358306631567,24.841549349734272,36.22202396350555,59.290642364323816,61.152497488854024,70.45311890036182,84.06554042048299,92.06338047281508,110.1568906473228,0.0,27.24939990086498,39.645591679266936,51.88158224286675,59.223403459546994,73.43972160399038,89.93217867789679,98.69580908852512,99.22575360344632,131.22873053191583,34.75454266022737,55.708031032320385,34.75454266022737,41.754542660227365,9.022811139357962,51.866140663140925,70.28165292236928,16.164587284173606,38.00218135672383,78.05034771187769,2.370821729994811
29.564448169099332,41.82710382773358,50.74092689754779,66.09407410422243,106.39118287739346,24.548641683121854,61.10861314413296,85.1210830459414,29.692486684673717,46.699490328908844,56.17858789440476,67.03144032234984,80.00918593498515,93.36970446965724,127.66468343348605,24.886101167576435,36.270135698238285,59.38081095694433,61.24277096063736,70.5479277031801,84.19615725600016,92.16793776977096,110.27519901772601,0.0,27.29524689096241,39.692243937792455,51.97116310782764,59.31284396546728,73.5383215671414,90.05083549301035,98.83631515647448,99.3388562629985,131.3880905599873,34.84471727556152,55.79820564765455,34.84471727556152,41.84471727556153,9.067234490847211,51.95924057522877,70.41465350479466,16.210847001773757,38.09157949620553,78.18521370079833,2.4609963453289647
29.6110063551924,41.879003404345056,50.8272295395238,66.182615376466,106.52516060540128,24.59316530855922,61.19931383463761,85.25639964412855,29.738372658369986,46.76832349500556,56.26309393286869,67.11806465380549,80.09496322596702,93.50046408401542,127.79355915140157,24.93065599693362,36.31824446130198,59.47098526869735,61.33304967254899,70.64272740320664,84.32673867206498,92.27252205856072,110.39355943443712,0.0,27.341094329312998,39.73888924757339,52.0607534732823,59.40229378067453,73.63689216958468,90.1694877705861,98.97661958383325,99.45214544505278,131.547544188859,34.934897580271254,55.888385952364274,34.934897580271254,41.934897580271254,9.111661596524149,52.05233100312066,70.547676885355,16.257103481161362,38.18098694206864,78.32009068967677,2.5511766500386943
29.65756454128547,41.930862117330946,50.913570092287074,66.27116927866808,106.65915134419737,24.637692058899745,61.290017770062,85.39172688842413,29.78425779850212,46.83710786070501,56.34761835095745,67.20468988505722,80.18075822281631,93.63125317572495,127.92245774447848,24.97521383214933,36.366350259896194,59.561165281987414,61.42333360988233,70.73751803654221,84.45728415730575,92.37713381275765,110.51197179072518,0.0,27.38694221849692,39.785527671681216,52.150353286845146,59.491752864000134,73.7354335479628,90.28813507681095,99.11668961019343,99.56565441938665,131.70709106025015,35.02508355695808,55.97857192905111,35.02508355695808,42.02508355695809,9.156092446181084,52.14541203137042,70.68072293750879,16.303356749501184,38.27040365477768,78.45497863868839,2.641362626725522
29.70412272737854,41.98268036099305,50.999948193345936,66.35973575616012,106.79315504735646,24.68222192762659,61.380724948050776,85.52706473573757,29.83014211770039,46.905843430404275,56.432161159898136,67.29131611907573,80.2665708989263,93.76207159104713,128.05137914059063,25.01977466757563,36.414453101204636,59.651350979298144,61.51362275798841,70.83229963918106,84.58779319496182,92.48177351210158,110.63043597967896,0.0,27.432790561063854,39.832159272535094,52.23996249663145,59.58122117454654,73.83394583855126,90.40677697734402,99.25648489198566,99.67942403974577,131.86673081665396,35.115275188301105,56.06876356039413,35.115275188301105,42.115275188301105,9.200527029650999,52.238483743801574,70.8137915356368,16.349606833745042,38.35982959504057,78.58987750821073,2.731554258068549
29.75068091347161,42.03445852519206,51.086363484419536,66.44831475458295,106.92717166868282,24.726754908238878,61.47143536621177,85.66241314323062,29.87602562847852,46.97453020964683,56.51672237033066,67.37794345789823,80.3524012273215,93.8929191773451,128.1803232679099,25.06433849757318,36.462552992395096,59.74154234319197,61.603917102275645,70.92707224701114,84.71826526283267,92.58644164254352,110.74895189421052,0.0,27.478639359533265,39.87878411191023,52.329581051250955,59.670698671685116,73.9324291772551,90.52541303733221,99.39595548232097,99.79350476397792,132.02646310134614,35.205472457056544,56.15896082914957,35.205472457056544,42.205472457056544,9.244965336807269,52.33154622351393,70.94688255503448,16.395853760633603,38.44926472380669,78.72478725882237,2.8217515268239874
29.797239099564678,42.08619699539562,51.172815611391215,66.53690621988447,107.06120116220872,24.771290994251633,61.562149022116294,85.79777206831534,29.921908343234968,47.043168205115236,56.60130199230979,67.46457200263269,80.43824918066531,94.0237957830736,128.30929005490378,25.108905316511255,36.51064994061951,59.831739356309456,61.69421662820947,71.02183589581348,84.84869983322706,92.69113869628998,110.86751942705882,0.0,27.52448861639475,39.925402250946306,52.41920889980078,59.76018531505368,74.03088369960476,90.64404282142478,99.53503928124988,99.90795920374937,132.18628755839424,35.295675346057216,56.249163718150236,35.295675346057216,42.29567534605721,9.289407357563462,52.42459955288992,71.07999587190432,16.442097556698208,38.53870900226494,78.85970785130151,2.911954415824656
29.843797285657757,42.13789615272625,51.259304224262266,66.62551009831807,107.19524348219305,24.815830179195753,61.65286591329987,85.93314146865234,29.96779027425401,47.11175742462401,56.68590003530741,67.55120185346262,80.5241147312685,94.15470125776868,128.4382794303344,25.153475118767794,36.558743953013725,59.92194200136904,61.7845213213121,71.11659062126253,84.97909637291268,92.79586517184663,110.98613847079376,0.0,27.570338334108424,39.972013750155696,52.50884599185889,59.84968106455426,74.12930954075266,90.76266589378955,99.6736588860537,100.0228652742286,132.34620383266582,35.385883838212116,56.339372210305136,35.385883838212116,42.385883838212116,9.333853081873078,52.51764381360096,71.21313136334834,16.48833824826268,38.62816239184194,78.99463924662474,3.002162907979555
29.890355471750826,42.18955637400888,51.34582897710563,66.7141263364402,107.32929858311977,24.860372456617878,61.743586037262645,86.06852130214858,30.013671433706712,47.180297877112196,56.77051650821455,67.63783310965138,80.60999785109627,94.28563545203744,128.5672913232571,25.19804789872932,36.60683503669769,60.01215026116626,61.87483116716208,71.21133645892566,85.10945434306613,92.90062157406135,111.10480891781957,0.0,27.616188515104778,40.01861866943143,52.59849227747769,59.939185880350784,74.22770683546939,90.88128181812822,99.81171785064655,100.1383199346589,132.50621156983718,35.47609791650583,56.42958628859885,35.47609791650583,42.47609791650583,9.378302499729305,52.610679086613644,71.34628890736059,16.534575861444978,38.71762485419998,79.12958140596557,3.092376986273273
29.936913657843895,42.24117803181841,51.43238952802033,66.8027548811087,107.46336641969668,24.904917820080474,61.83430939146993,86.20391152695592,30.05955183365218,47.24878957263622,56.85515141934403,67.7244658695469,80.69589851177632,94.41659821754821,128.69632566301877,25.242623650791096,36.6549231987753,60.10236411857345,61.965146151394144,71.30607344426325,85.23977319922398,93.00540841416758,111.2235306603785,0.0,27.662039161785323,40.065217068054935,52.68814770717752,60.0286997228669,74.3260757181403,90.99989015769272,99.94909655791338,100.25444331599587,132.66631041640193,35.56631756399824,56.51980593609126,35.56631756399824,42.56631756399824,9.422755601164837,52.70370545219614,71.4794683828198,16.580810422159125,38.807096351235366,79.26453429069325,3.18259663376568
29.983471843936965,42.29276149452669,51.518985539085676,66.89139567948078,107.59744694685375,24.949466263161696,61.925035973352884,86.33931210146879,30.105431486038608,47.31723252236239,56.9398047764325,67.81110023058609,80.78181668460617,94.54758940702035,128.82538237925627,25.287202369357065,36.70300844633454,60.1925835565393,62.05546625969892,71.40080161262861,85.37005239123346,93.11022620982628,111.34230359055464,0.0,27.70789027652289,40.11180900470421,52.77781223194039,60.11822255278371,74.42441632276243,91.1184904753015,100.08564830815085,100.37138263244123,132.82650001967855,35.65654276382392,56.61003113591695,35.65654276382392,42.65654276382392,9.467212376251608,52.79672298992423,71.61266966948197,16.627041956116777,38.89657684507645,79.39949786237156,3.272821833591365
30.030030030030034,42.344307126349506,51.60561667631585,66.98004867901095,107.73154011974182,24.99401777945536,62.01576578030876,86.47472298432271,30.151310402704322,47.3856267385595,57.02447658664306,67.89773628929952,80.86775234056046,94.67860887421476,128.95446140189543,25.33178404883988,36.7510907864472,60.28280855808823,62.14579147782247,71.49552099926775,85.50029136320471,93.21507548516769,111.46112760027741,0.0,27.7537418616615,40.15839453746125,52.867485803203735,60.20775433103748,74.52272878294048,91.23708233335587,100.2211969318706,100.48931456861364,132.98678002781935,35.74677349919174,56.70026187128476,35.74677349919174,42.74677349919174,9.51167281510058,52.889731778687505,71.74589264797318,16.673270488829072,38.98606629808183,79.53447208275735,3.363052568959181
30.076588216123103,42.395815287393155,51.69228260961489,67.06871382744922,107.8656458937314,25.038572362570928,62.10649880970166,86.61014413439217,30.19718859537884,47.45397223459143,57.10916685656776,67.98437414131591,80.95370545029829,94.80965647392416,129.0835626611491,25.376368683660925,36.7991702261692,60.37303910632001,62.23612179156618,71.5902316393193,85.63048955346288,93.31995677083256,111.58000258132532,0.0,27.799593919517005,40.20497372381952,52.95716837285449,60.297295018817664,74.62101323188416,91.35566529385731,100.35553826036387,100.60844380895873,133.14715008981744,35.83700975338438,56.7904981254774,35.83700975338438,42.83700975338438,9.556136907861493,52.982731896695476,71.8791371997822,16.719496045608206,39.07556467283854,79.66945691379941,3.4532888231518206
30.12314640221617,42.447286333700745,51.77898301273201,67.15739107283922,107.99976422441084,25.083130006133423,62.19723505886287,86.7455755107891,30.243066075683984,47.52226902490967,57.19387559223,68.07101388136672,81.03967598417042,94.94073206196339,129.21268608751623,25.42095626825036,36.8472467725403,60.46327518440926,62.32645718678635,71.68493356781453,85.76064639450176,93.42487060401243,111.69892842532971,0.0,27.845446452377256,40.251546620691705,53.04685989322299,60.38684457756453,74.71926980240497,91.47423891842413,100.48844880870476,100.72899435472043,133.30760985551484,35.92725150975791,56.880739881850936,35.92725150975791,42.92725150975791,9.60060464472271,53.07572342148352,72.01240320725356,16.765718651569234,39.165071932160295,79.80445231763723,3.543530579525353
30.169704588309244,42.49872061729818,51.865717563216755,67.246080363516,108.13389506758543,25.127690703783422,62.28797452509143,86.8810170728607,30.2889428551348,47.59051712504567,57.27860279908716,68.15765560329076,81.1256639122258,95.07183549515985,129.34183161177992,25.465546797047093,36.89532043258427,60.553516775605104,62.416797649393935,71.7796268196771,85.89076131293703,93.52981752848925,111.81790502377807,0.0,27.89129946250227,40.2981132844166,53.136560317077105,60.476402968967186,74.81749862691288,91.59280276830923,100.61970501848525,100.85119028117909,133.46815897561004,36.01749875174131,56.970987123834334,36.01749875174131,43.01749875174131,9.645076015910904,53.16870642991889,72.1456905535802,16.811938331631673,39.25458803908568,79.93945825659961,3.633777821508751
30.216262774402313,42.55011848623993,51.952485942375056,67.33478164810452,108.2680383792759,25.17225444917699,62.37871720565463,87.01646878018815,30.33481894514072,47.658716551603476,57.36334848203342,68.24429940003883,81.21166920421932,95.202966631345,129.47099916500648,25.51014026449886,36.94339121330872,60.643763863230504,62.50714316535434,71.87431142972326,86.02083372946194,93.63479809467424,111.93693226801796,0.0,27.937152952124443,40.3446737707667,53.226269597616515,60.56597015496133,74.9156998374136,91.71135640441773,100.74911368134612,100.97522531409564,133.62879710166501,36.10775146283605,57.061239834929076,36.10775146283605,43.10775146283605,9.689551011690924,53.26168099820669,72.27899912279659,16.858155110521192,39.34411295687641,80.07447469320357,3.724030532603493
30.262820960495382,42.601480284654336,52.039287835225196,67.4234948755175,108.40219411571658,25.216821235985623,62.46946309778857,87.1519305925843,30.38069435700651,47.726867322252005,57.44811264540234,68.33094536367818,81.29769182961755,95.33412532934406,129.60018867854362,25.55473666506217,36.99145912170522,60.73401643068191,62.597493720686955,71.96898743266134,86.15086305880217,93.73981285964601,112.05601004926055,0.0,27.98300692344898,40.39122813495502,53.31598768846693,60.65554609772721,75.0138735655055,91.82989938732466,100.87654787062328,101.1012268980381,133.78952388611293,36.19800962661562,57.15149799870864,36.19800962661562,43.19800962661562,9.734029622365512,53.35464720189572,72.41232879977169,16.904369012771202,39.433646649015586,80.2095015901531,3.814288696383064
30.30937914658845,42.65280635278873,52.126122930454244,67.51221999495372,108.53636223335502,25.261391057896265,62.56021219869837,87.28740247009237,30.426569101933232,47.794969455717464,57.53289529296954,68.4175935853973,81.38373175760624,95.4653114489677,129.72940008401932,25.599335993202377,37.03952416474917,60.82427446142889,62.687849301465114,72.06365486309222,86.28084870967304,93.84486238718745,112.1751382585841,0.0,28.0288613786541,40.43777643164223,53.405714543674726,60.7451307596878,75.1120199423771,91.94843127729396,101.0019757482833,101.22922738941988,133.95033898226484,36.28827322672513,57.24176159881816,36.28827322672513,43.28827322672513,9.77851183827514,53.44760511588427,72.54567947020205,16.950580062724573,39.52318907920598,80.34453891033786,3.9045522964925747
30.35593733268152,42.70409702705408,52.21299092037486,67.60095695589591,108.67054268884964,25.305963908611172,62.65096450555902,87.42288437298394,30.472443191019295,47.863022971775706,57.6176964279557,68.50424415551032,81.46978895709651,95.59652485100278,129.85863331334042,25.643938243393684,37.08758634939999,60.91453793901355,62.77820989381555,72.15831375550883,86.41079008473676,93.94994724782188,112.29431678693783,0.0,28.074716319890996,40.48431871494339,53.49545011770107,60.834724103506105,75.21013909880396,92.06695163429633,101.1254688059889,101.35915581540748,134.11124204431675,36.37854224688084,57.33203061897386,36.37854224688084,43.37854224688084,9.822997649797765,53.54055481442593,72.67905102060487,16.996788284535118,39.61274021136827,80.47958661683214,3.99482131664828
30.40249551877459,42.75535264006944,52.299891500882154,67.68970570810923,108.8047354390692,25.350539781847946,62.74172001551548,87.5583762617574,30.518316635261435,47.93102789124452,57.702516053029356,68.59089716346185,81.55586339673124,95.72776539720341,129.98788829869113,25.688543410119145,37.13564568260085,61.00480684705018,62.86857548391837,72.2529641442963,86.54068658056136,94.05506801884798,112.41354552514514,0.0,28.120571749284572,40.5308550384349,53.58519436541691,60.92432609208391,75.30823116514632,92.18546001802864,101.24718521120941,101.49085452778324,134.27223272735597,36.46881667086973,57.422305042962755,36.46881667086973,43.46881667086973,9.8674870473486,53.63349637113536,72.81244333831128,17.042993702169284,39.70230000963945,80.61464467289348,4.085095740637172
30.44905370486766,42.806573520705975,52.38682437141142,67.77846620163923,108.93894044109106,25.395118671339468,62.832478725683465,87.69387809713606,30.56418944555575,47.99898423597596,57.787354170309776,68.67755269783152,81.6419550448917,95.85903295028241,130.11716497253164,25.733151487870707,37.18370217127883,61.095081169224585,62.95894605800649,72.34760606373186,86.67053758758047,94.16022528437387,112.53282436390755,0.0,28.166427668933377,40.57738545516093,53.67494724209748,61.01393668855923,75.40629627134632,92.30395598793267,101.36733669118894,101.62411231895027,134.43331068736853,36.55909648254912,57.51258485464215,36.55909648254912,43.55909648254912,9.91198002137999,53.7264298589939,72.94585631145954,17.089196339407714,39.791868438371075,80.7497130419616,4.175375552316566
30.495611890960728,42.85775999413054,52.47378923489549,67.86723838681,109.07315765219994,25.439700570833843,62.92324063314968,87.82938984006668,30.610061632698475,48.06689202884855,57.872210781369944,68.7642108463385,81.72806386970336,95.99032737390249,130.24646326759702,25.777762471149195,37.23175582234488,61.18536088929417,63.04932160236573,72.44223954798485,86.80034249005446,94.26541963534959,112.65215319380805,0.0,28.21228408090974,40.62391001764019,53.76470870341703,61.10355585630457,75.50433454692585,92.42243910321531,101.48615325590042,101.7586996989507,134.5944755812447,36.6493816658462,57.602870037939226,36.6493816658462,43.6493816658462,9.956476562381088,53.81935535035526,73.07928982898831,17.135396219846793,39.881445462127616,80.8847916876572,4.2656607356136425
30.5421700770538,42.90891238184912,52.56078579772323,67.95602221422259,109.20738702988669,25.484285474094374,63.01400573497239,87.9649114517177,30.655933207387154,48.13475129375956,57.95708588723961,68.8508716958463,81.8141898390424,96.12164853266786,130.37578311689532,25.822376354464367,37.27980664269388,61.275645991086925,63.13970210333421,72.53686463111671,86.9301006660328,94.37065166959876,112.77153190531465,0.0,28.25814098726025,40.67042877787235,53.85447870544381,61.19318355892485,75.60234612098365,92.54090892286784,101.60385632965792,101.89439576382628,134.7557270667858,36.73967220475762,57.693160576850644,36.73967220475762,43.73967220475762,10.000976660877736,53.912272916951075,73.2127437806301,17.181593366900213,39.971031045684825,81.01988057378085,4.35595127452506
30.58872826314687,42.960031001749684,52.64781376969773,68.04481763475289,109.34162853184702,25.528873374899494,63.10477402818177,88.10044289347748,30.701804180221394,48.20256205561721,58.04197948840836,68.93753533236737,81.90033292054169,96.25299629211528,130.5051244537068,25.86699313233487,37.327854639204446,61.36593645850129,63.23008754730218,72.63148134708076,87.05981148731765,94.47592199184845,112.89096038878401,0.0,28.303998390006008,40.71694178734419,53.944257204634866,61.28281976025554,75.70033112219335,92.65936500568598,101.720643459304,102.03100348740286,134.91706480271006,36.82996808334904,57.783456455442064,36.82996808334904,43.82996808334904,10.045480307432198,54.005182629896396,73.34621805690458,17.22778780380045,40.060625154028074,81.15497966431161,4.44624715311648
30.635286449239942,43.011116168144824,52.7348728639952,68.13362459955013,109.47588211598024,25.57346426704278,63.19554550978042,88.23598412695283,30.747674561703956,48.27032434033279,58.126891584828634,69.02420184106764,81.98649308159662,96.38437051870642,130.6344872115824,25.91161279928834,37.3758998187391,61.456232275505705,63.32047792071186,72.7260897297224,87.18947431942928,94.58123121375814,113.01043853446505,0.0,28.349856291142522,40.763449097036144,54.03404415783122,61.372464424360565,75.79828967880117,92.77780691029116,101.83668260434293,102.1683554311298,135.07848844865904,36.920269285754806,57.873757657847825,36.920269285754806,43.920269285754806,10.089987492643026,54.0980845596953,73.47971254911214,17.27397955360043,40.15022775235079,81.29008892340622,4.536548355522245
30.68184463533301,43.06216819181388,52.82196279712423,68.22244306003493,109.6101477403879,25.61805814433283,63.28632017674381,88.37153511396734,30.7935443622416,48.338038174812944,58.21182217591901,69.11087130627128,82.07267028937082,96.5157710798191,130.7638713243422,25.956235349861316,37.423942188144174,61.546533426138126,63.41087321005703,72.82068981277904,87.3190885215726,94.68657995394663,113.12996623250208,0.0,28.395714692640432,40.809950757428346,54.12383952225289,61.46211751553063,75.89622191862357,92.89623419515041,101.95211241632668,102.30631346466517,135.2399976652029,37.01057579617745,57.96406416827047,37.01057579617745,44.01057579617745,10.134498207144773,54.19097877624623,73.61322714932739,17.320168639174863,40.23983880605281,81.4252083153977,4.62685486594489
30.72840282142608,43.11318738004489,52.90908328888536,68.31127296789768,109.74442536337259,25.66265500059332,63.37709802602063,88.50709581655973,30.83941359214594,48.405703586951674,58.29677126056729,69.19754381146535,82.15886451080237,96.64719784373938,130.89327672607428,26.000860778599364,37.47198175424996,61.63683989450571,63.501273401882884,72.91528162987986,87.44865344660562,94.7919688380178,113.24954337293885,0.0,28.441573596445217,40.85644681850671,54.213643255494084,61.55177899828119,75.99412796904511,93.01464641859808,102.06704543982079,102.444765564882,135.40159211384668,37.10088759888734,58.05437597098037,37.10088759888734,44.10088759888734,10.179012441607885,54.283865348847435,73.74676175039276,17.366355083221887,40.329458280738855,81.56033780479432,4.717166668654783
30.77496100751915,43.164174036675874,52.99623406233084,68.40011427509661,109.8787149434367,25.707254829662837,63.46787905453328,88.64266619698218,30.88528226163451,48.47332060562252,58.38173883713373,69.28421943930427,82.24507571260884,96.77865067965318,131.02270335113337,26.045489080056978,37.52001852387042,61.72715166478425,63.591678482785625,73.00986521454634,87.57816844100934,94.89739849858465,113.36916984572166,0.0,28.487433004477897,40.9029373297689,54.3034553155185,61.64144883735061,76.0920079570168,93.13304313885723,102.18157227298592,102.58362165525793,135.56327145703497,37.19120467822222,58.14469305031525,37.19120467822222,44.19120467822222,10.223530186738415,54.37674434620226,73.88031624591204,17.4125389082644,40.41908614221682,81.69547735627847,4.807483747989664
30.821519193612218,43.21512846213605,53.08341484372512,68.48896693385628,110.01301643928126,25.75185762539499,63.55866325917831,88.778246217699,30.931150380831493,48.54088926067068,58.46672490345452,69.37089827161476,82.33130386129338,96.91012945763872,131.1521511341396,26.0901202487977,37.56805250380349,61.81746872121789,63.68208843941238,73.10444060019155,87.70763284485942,95.00286957529127,113.48884554070287,0.0,28.533292918634878,40.94942234023029,54.39327566065461,61.73112699769831,76.18986200905367,93.25142391406116,102.29576565957552,102.72280951384846,135.72503535815852,37.28152701858689,58.23501539067991,37.28152701858689,44.28152701858689,10.26805143327791,54.469615836424545,74.01389053024423,17.458720136651692,40.5087223564964,81.8306269347056,4.897806088354332
30.868077379705287,43.26605095348637,53.17062536250548,68.57783089666556,110.14732980980459,25.796463381658228,63.64945063682676,88.91383584138475,30.97701795976864,48.608409582905,58.55172945684471,69.45758038940026,82.41754892314991,97.04163404865831,131.28162000997693,26.134754279394034,37.61608370083084,61.90779104811861,63.772503258460674,73.19900782012068,87.83704599180014,95.10838271483344,113.60857034764459,0.0,28.579153340788423,40.99590189842965,54.4831042495911,61.82081344450293,76.28769025123319,93.36978830227599,102.40968407779549,102.86227118439845,135.88688348155833,37.37185460445271,58.32534297654573,37.37185460445271,44.37185460445271,10.312576172003135,54.56247988704383,74.14748449849719,17.504898790560752,40.59836688978742,81.96578650510295,4.988133674220148
30.914635565798363,43.31694180445988,53.257865351243034,68.66670611627627,110.28165501410115,25.841072092335903,63.740241184324596,89.04943503092301,31.022885008386307,48.675881604090186,58.63675249410206,69.54426587284568,82.5038108642686,97.1731643245508,131.41110991379244,26.179391166427564,37.66411212171807,61.99811862986596,63.8629229266786,73.29356690753094,87.96640720901972,95.21393857097694,113.72834415622194,0.0,28.625014272786796,41.04237605243503,54.572941041372424,61.91050814316049,76.38549280919305,93.48813586152292,102.52337470970302,103.00196000691403,136.04881549253182,37.462187420357296,58.41567579245032,37.462187420357296,44.462187420357296,10.357104393725946,54.65533656501051,74.28109804652149,17.551074891997818,40.688019708498366,82.10095603266873,5.078466490124739
30.961193751891432,43.367801305501565,53.34513454560435,68.75559254570122,110.41599201146022,25.885683751326134,63.831034898493165,89.18504374940443,31.068751536534027,48.7433053569386,58.72179401150995,69.63095480132199,82.59008965054105,97.30472015802343,131.5406207809941,26.224030904488846,37.712137773214565,62.08845145090648,63.95334743086401,73.38811789551147,88.09571581722791,95.31953780457403,113.84816685602645,0.0,28.670875716454418,41.088844849849345,54.66278599539417,62.00021105928265,76.48326980812989,93.6064661498009,102.63687582141391,103.14183823742499,136.21083105733672,37.55252545090404,58.50601382299707,37.55252545090404,44.55252545090404,10.401636089293026,54.74818593670104,74.41473107090411,17.597248462799698,40.77768077923478,82.23613548277069,5.168804520671484
31.0077519379845,43.4186297438079,53.43243268431304,68.8444901382125,110.55034076136502,25.93029835254188,63.921831776129544,89.32066196012568,31.11461755397165,48.81068087510256,58.806854004841206,69.71764725339105,82.6763852476657,97.43630142264492,131.67015254725055,26.268673488177534,37.76016066205356,62.17878949575341,64.04377675786479,73.48266081704334,88.22497113063604,95.4251810835777,113.96803833656966,0.0,28.716737673592085,41.1353083378158,54.75263907139905,62.08992215869494,76.58102137279727,93.72477872511028,102.75021863862823,103.2818751724301,136.37292984319697,37.64286868076182,58.59635705285485,37.64286868076182,44.64286868076182,10.446171249585792,54.84102806792313,74.5483834689626,17.643419524635274,40.8673500687979,82.37132482094533,5.259147750529265
31.05431012407757,43.469427403365906,53.51975950911229,68.93339884734006,110.68470122349113,25.974915889910793,64.01263181400691,89.45628962658758,31.16048307037,48.87800819316619,58.89193246936134,69.80434330681,82.7626976211528,97.56790799283745,131.79970514848898,26.313318912102325,37.808180794952094,62.26913274898634,64.13421089457825,73.5771957049997,88.3541724569389,95.53086908305386,114.08795848728633,0.0,28.762600145977398,41.18176656302351,54.842500229472115,62.179641407434865,76.67874762750428,93.84307314547603,102.86342881201217,103.42204568348477,136.5351115183068,37.733217094664546,58.68670546675757,37.733217094664546,44.733217094664546,10.490709865520106,54.93386302392072,74.68205513873886,17.689588099006887,40.957027544183056,82.50652401289675,5.349496164431988
31.10086831017064,43.52019456499182,53.60711476472716,69.02231862686978,110.81907335770549,26.019536357375234,64.103435008875,89.5919267124937,31.206348095311807,48.945287346637436,58.97702939983213,69.89104303853608,82.84902673632944,97.69953974386902,131.92927852089431,26.357967170880986,37.856198178611095,62.35948119525061,64.22464982795098,73.67172259214567,88.48331909729909,95.63660248519096,114.20792719753808,0.0,28.808463135364676,41.228219571712934,54.93236943003703,62.26936877175037,76.77644869611363,93.96134896897159,102.97652755858711,103.56232907578142,136.69737575183555,37.82357067741077,58.7770590495038,37.82357067741077,44.82357067741077,10.535251928046138,55.02669086937901,74.81574597899322,17.73575420725165,41.046713172578244,82.64173302449545,5.439849747178215
31.14742649626371,43.57093150636951,53.694498198827816,69.11124943084195,110.95345712406544,26.06415974889226,64.19424135746047,89.72757318174904,31.252212638292555,49.01251837194014,59.06214479051508,69.97774652473133,82.93537255834478,97.83119655184682,132.05887260090793,26.40261825914038,37.90421281971536,62.44983481925725,64.31509354497872,73.76624151113869,88.61241034633393,95.74238197930757,114.32794435661657,0.0,28.85432664348532,41.27466740968096,55.02224663385154,62.359104218097976,76.87412470204055,94.0796057537435,103.0895325510491,103.70270819879977,136.85972221393178,37.91392941386339,58.86741778595641,37.91392941386339,44.91392941386339,10.579797428148202,55.119511668429524,74.94945588919848,17.781917870542927,41.13640692136267,82.7769518217776,5.530208483630832
31.193984682356778,43.62163850208831,53.78190956199285,69.20019121354957,111.08785248281706,26.108786058433502,64.28505085646728,89.86322899845833,31.298076708721172,49.07970130640584,59.14727863517518,70.06445384076706,83.02173505217452,97.9628782937092,132.18848732522602,26.447272171516445,37.95222472493343,62.54019360578227,64.4055420327059,73.86075249452803,88.74144549210477,95.848208261857,114.44800985374681,0.0,28.900190672047984,41.3211101222863,55.11213180200343,62.448847713141035,76.97177576825106,94.19784305803557,103.20245861243852,103.84316875160594,137.0221505757283,38.004293288949164,58.95778166104218,38.004293288949164,45.004293288949164,10.624346356844525,55.212325484654976,75.08318476953404,17.828079109891647,41.22610875810528,82.91218037094357,5.620572358716603
31.240542868449847,43.67231582368052,53.86934860767301,69.28914392953676,111.22225939439453,26.153415279985197,64.375863502577,89.99889412692465,31.34394031592101,49.14683618826599,59.23243092708427,70.15116506122864,83.10811418262594,98.09458484721897,132.318122630799,26.491928902654255,38.00023390091785,62.630557539666356,64.49599527822552,73.9552555747553,88.87042381610907,95.95408203642951,114.56812357809078,0.0,28.946055222738885,41.3675477544548,55.20202489590679,62.538599223748214,77.0694020172608,94.31606044021413,103.31531826090125,103.9836987380603,137.1846605093454,38.09466228765841,59.048150659751435,38.09466228765841,45.09466228765841,10.668898705187065,55.305132381094204,75.21693252088001,17.874237946147613,41.31581865056336,83.04741863835727,5.710941357425852
31.28710105454292,43.722963739658546,53.95681509215536,69.37810753359703,111.35667781941858,26.198047407548096,64.46667929244927,90.13456853164804,31.389803469130484,49.21392305664364,59.317601659024696,70.23788025992006,83.19450991434259,98.22631609095599,132.4477784548296,26.536588447207947,38.04824035430488,62.72092660581466,64.58645326867891,74.04975078415424,88.99934459327514,96.06000401375198,114.68828541875043,0.0,28.991920297221814,41.413980350684156,55.29192587729751,62.628358716991606,77.16700357113356,94.43425745879333,103.42812213895317,104.12428803752144,137.34725168789592,38.18503639504459,59.13852476713762,38.18503639504459,45.18503639504459,10.713454464261329,55.39793242024697,75.35069904481152,17.92039440000089,41.405536566681036,83.18266659054487,5.801315464812035
31.33365924063599,43.7735825155517,54.04430877452799,69.46708198077192,111.49110771869566,26.242682435137503,64.55749822272217,90.27025217732405,31.435666177504036,49.28096195154563,59.40279082329329,70.32459950986872,83.28092221180904,98.35807190431034,132.57745473477203,26.58125079984084,38.0962440917147,62.81130078919626,64.67691599125546,74.14423815495086,89.12820709195996,96.1659749116842,114.80849526477131,0.0,29.037785897138544,41.46040795504922,55.3818347082299,62.71812616014521,77.26458055148015,94.55243367246067,103.540879353547,104.26492806474776,137.50992378548833,38.27541559622403,59.228903968317056,38.27541559622403,45.27541559622403,10.758013625186289,55.49072566407888,75.48448424359297,17.96654849198317,41.49526247458797,83.31792419419398,5.891694665991473
31.380217426729057,43.824172413942385,54.13182941664473,69.55606722634904,111.62554905321669,26.287320356783134,64.64832029001249,90.40594502884227,31.481528450112826,49.34795291385437,59.48799841170458,70.41132288332986,83.36735103935521,98.48985216747522,132.7071514083307,26.625915955225373,38.14424511975139,62.90168007484379,64.76738343319236,74.2387177192636,89.25701057394986,96.27199545521269,114.92875300514567,0.0,29.08365202410883,41.50683061120682,55.47175135107251,62.807901520683316,77.36213307945725,94.67058864010338,103.65359774699748,104.40561149894016,137.672676477231,38.36579987637542,59.31928824846844,38.36579987637542,45.36579987637542,10.80257617911402,55.58351217402605,75.61828802017223,18.01270024246898,41.584996342597876,83.45319141615244,5.98207894614286
31.426775612822127,43.87473369450212,54.219376783090645,69.64506322586077,111.76000178415586,26.331961166529172,64.73914549091621,90.54164705128493,31.527390295945487,49.41489598531988,59.573224415594815,70.49805045179136,83.45379636116114,98.62165676144015,132.836868413459,26.67058390804311,38.19224344500289,62.9920644478531,64.85785558177436,74.33318950910311,89.38575429446426,96.37806637644137,115.04905852881572,0.0,29.129518679730836,41.553248362400666,55.5616757685045,62.89768476627881,77.459661275766,94.78872192083446,103.76628411406911,104.54633206662204,137.8355094392358,38.45618922073957,59.409677592832594,38.45618922073957,45.45618922073957,10.847142117229694,55.67629201099989,75.75211027817518,18.058849671677056,41.67473813920723,83.58846822342744,6.07246829050701
31.4733337989152,43.92526661402701,54.306950641147715,69.73406993508262,111.89446587286965,26.376604858434142,64.82997382200875,90.6773582099256,31.573251723908943,49.48179120855161,59.65846882582573,70.5847822859783,83.54025814126115,98.753485567984,132.96660568835782,26.715254652984765,38.24023907404095,63.082453893382905,64.9483324243336,74.42765355637262,89.51443750216269,96.48418841457836,115.16941172467713,0.0,29.17538586558108,41.59966125146611,55.65160792351188,62.987475864801475,77.55716526065127,94.90683307401974,103.87894437693149,104.68708436665153,137.99842234862155,38.54658361461896,59.50007198671199,38.54658361461896,45.54658361461896,10.891711430751267,55.76906523539171,75.88595092189996,18.104996799671596,41.764487833093774,83.72375458318454,6.162862684386405
31.519891985008268,43.97577142647297,54.39455076076094,69.82308731003151,112.02894128089568,26.421251426570965,64.9208052798454,90.81307847022774,31.619112742829174,49.548638627010526,59.74373163278797,70.67151845585762,83.6267363435485,98.88533846966858,133.0963631714749,26.759928184750258,38.28823201342135,63.172848396654416,65.03881394824937,74.52210989286779,89.64305943915552,96.59036231592064,115.289812481582,0.0,29.22125358321482,41.64606932083491,55.741547779383566,63.07727478431664,77.65464515390059,95.02492165930508,103.99158372696645,104.82786372838179,138.1614148835175,38.63698304337749,59.59047141547051,38.63698304337749,45.63698304337749,10.936284110929444,55.86183190707749,76.0198098563116,18.151141646363598,41.8542453931153,83.8590504627466,6.25326211314493
31.566450171101337,44.026248382990374,54.482176914504755,69.91211530696445,112.16342796995156,26.465900865026832,65.01163986096155,90.94880779784323,31.66497336145198,49.615438285000906,59.82901282640534,70.75825903064268,83.71323093177932,99.01721534983162,133.22614080150296,26.804604498048636,38.33622226968364,63.263247942950876,65.12930014094762,74.61655855027686,89.77161934101727,96.69658883383418,115.41026068834218,0.0,29.26712183416619,41.69247261253985,55.83149529970837,63.16708149308334,77.75210107484293,95.14298723664363,104.10420674035112,104.96866609604412,138.3244867230669,38.727387492439995,59.68087586453302,38.727387492439995,45.727387492439995,10.980860149047345,55.954592085422334,76.15368698703635,18.19728423151204,41.94401078830816,83.99435582959285,6.3436665622074395
31.61300835719441,44.07669773195849,54.569828877550016,70.0011538823768,112.29792590193398,26.510553167903236,65.10247756187324,91.08454615861126,31.71083358844367,49.68219022766229,59.91431239613832,70.845004078798,83.79974186957713,99.14911609258053,133.3559385173792,26.849283587598155,38.38420984935138,63.353652517617476,65.2197909899012,74.71099956018094,89.90011643680494,96.802868728731,115.53075623373269,0.0,29.31299061994843,41.738871168219475,55.921450448370834,63.256895959552935,77.84953314234812,95.26102936632385,104.21681747278238,105.10948793399109,138.48763754742976,38.81779694729204,59.77128531938506,38.81779694729204,45.81779694729204,11.025439536420514,56.0473458292852,76.28758222035644,18.243424574725193,42.03378398788605,84.12967065135788,6.434076017059479
31.65956654328748,44.12711971901938,54.65750642763118,70.09020299300082,112.43243503891735,26.555208329315878,65.19331837907714,91.22029351855677,31.756693432391863,49.74889450096148,59.99963033098787,70.93175366804374,83.88626912043678,99.28104058278554,133.4857562582834,26.893965448126217,38.43219475893193,63.44406210606052,65.31028648262918,74.80543295405347,90.0285499490784,96.90920276804238,115.65129900649451,0.0,29.358859942053865,41.78526502912235,56.01141318954795,63.34671815236756,77.94694147482579,95.37904760899794,104.32941953751592,105.25032614862292,138.6508670377862,38.90821139347939,59.86169976557242,38.90821139347939,45.90821139347939,11.070022264396547,56.14009319702321,76.42149546320448,18.289562695461846,42.12356496123863,84.26499489583071,6.524490463246836
31.706124729380548,44.17751458711158,54.745209345014,70.17926259580415,112.56695534315297,26.59986634339468,65.28416230905142,91.35604984388917,31.802552901806155,49.815551151684375,60.084966619499546,71.01850786536043,83.9728126477287,99.41298870607343,133.61559396363737,26.93865007436948,38.480177004916676,63.53447669374753,65.40078660669688,74.8998587632612,90.15691909392606,97.01559172618849,115.77188889533812,0.0,29.404729801954453,41.83165423611177,56.10138348770585,63.436548040358375,78.04432619022472,95.49704152571009,104.44201616998856,105.39117802373201,138.81417487633937,38.99863081660788,59.952119188700905,38.99863081660788,45.99863081660788,11.114608324355098,56.232834246496324,76.55542662315825,18.33569861303255,42.21335367793021,84.40032853095391,6.614909886375321
31.752682915473617,44.227882576503134,54.83293741246341,70.26833264798822,112.70148677706797,26.644527204283715,65.37500934825549,91.49181510100108,31.848412005118934,49.88216022742798,60.17032124976709,71.10526673699349,84.05937241470276,99.5449603488213,133.74545157310354,26.983337461073766,38.52815659378096,63.62489626620673,65.49129134971554,74.99427701906355,90.28522308099379,97.12203638454366,115.89252578894663,0.0,29.45060020110167,41.878038829670075,56.191361307596274,63.52638559254441,78.14168740603199,95.61501067792592,104.55461028159279,105.53204116669379,138.97756074631837,39.08905520234289,60.04254357443592,39.08905520234289,46.08905520234289,11.159197707707612,56.325569035071666,76.68937560843544,18.381832346600827,42.30315010769851,84.53567152482235,6.705334272110333
31.799241101566686,44.27822392482456,54.920690415212135,70.35741310698685,112.83602930326398,26.689190906141178,65.46585949313078,91.62758925646699,31.894270750686058,49.948721776592265,60.25569420943656,71.19203034845789,84.14594838449229,99.67695539814993,133.87532902658364,27.028027602994104,38.576133531983956,63.715320809026565,65.58180069934217,75.0886877526129,90.41346111351822,97.22853753139769,116.01320957597864,0.0,29.49647114092693,41.924418849903034,56.28134661425306,63.61623077813072,78.2390252392724,95.7329546275615,104.66720450463664,105.67291346347237,139.14102433198087,39.179484536409106,60.132972908502126,39.179484536409106,46.179484536409106,11.203790405897188,56.41829761962794,76.82334232788826,18.42796391518436,42.392954220453255,84.67102384568273,6.795763606176546
31.845799287659755,44.328538867101145,55.00846814092922,70.44650393046479,112.97058288451649,26.73385744313933,65.55671274010074,91.7633722770419,31.940129146787463,50.01523584837213,60.34108548570994,71.27879876454261,84.232540520118,99.80897374191784,134.00522626421773,27.07272049489474,38.624107825968906,63.80575030785559,65.6723146432792,75.18309099495492,90.54163238836418,97.33509596191315,116.13394014507163,0.0,29.54234262284142,41.97079433654401,56.37133937298911,63.70608356650704,78.33633980650777,95.85087293701302,104.77980123010416,105.81379304082542,139.30456531861577,39.26991880459012,60.22340717668314,39.26991880459012,46.26991880459012,11.24838641039837,56.511020056559786,76.95732669099824,18.47409333765621,42.482765986275034,84.80638546193212,6.88619787435756
31.892357473752824,44.378827635785115,55.096270379689315,70.53560507631596,113.1051474837734,26.778526809464502,65.64756908557143,91.89916412966015,31.98598720162807,50.08170249274939,60.42649506534955,71.36557204931547,84.31914878449166,99.94101526871495,134.1351432263829,27.117416131549156,38.672079482162964,63.896184748401836,65.76283316927436,75.27748677702843,90.66973609606659,97.44171247807823,116.25471738484508,0.0,29.5882146482367,42.01716532895826,56.46133954939301,63.79594392724644,78.43363122383627,95.96876516918726,104.89240263950755,105.95467823441682,139.46818339254568,39.360357992728154,60.313846364821174,39.360357992728154,46.360357992728154,11.292985712717064,56.60373640178214,77.0913286078713,18.520220632746025,42.572585375413965,84.94175634211749,6.976637062495595
31.938915659845893,44.42909046078719,55.18409692394206,70.62471650266235,113.23972306415438,26.823198999317043,65.7384285259316,92.03496478143407,32.0318449233383,50.14812176048463,60.5119229346814,71.45235026612745,84.40577314042005,100.07307986785652,134.26507985369247,27.162114507740068,38.72004850697727,63.986624116432814,65.85335626512047,75.37187512966553,90.79777142087698,97.54838788865453,116.3755411839033,0.0,29.634087218484673,42.06353186614716,56.55134710932594,63.88581183010362,78.53089960689213,96.08663088753164,105.00501073186753,106.0955675618013,139.6318782411296,39.450802086723705,60.40429045881673,39.450802086723705,46.450802086723705,11.337588304390323,56.69644671073449,77.22534798923233,18.566345819041217,42.66241235828843,85.07713645493449,7.067081156491148
31.985473845938966,44.47932756950793,55.271947568482176,70.7138381678523,113.37430958894953,26.86787400691125,65.8292910575532,92.17077419965274,32.07770231997483,50.21449370310923,60.59736907959964,71.5391334776174,84.49241355060855,100.20516742937728,134.39503608699434,27.206815618259412,38.768014906807025,64.07706839777494,65.94388391865512,75.4662560835919,90.92573754081452,97.65512300912124,116.49641143083885,0.0,29.679960334937718,42.10989398675223,56.64136201891828,63.97568724501369,78.62814507084495,96.20446965606526,105.11762734665842,106.23645969944332,139.7956495527647,39.541251072535196,60.494739444628216,39.541251072535196,46.541251072535196,11.382194176986195,56.789151038385114,77.35938474642035,18.61246891498805,42.75224690548389,85.21252576922667,7.157530142302638
32.032032032032035,44.529539186868654,55.3598221104194,70.80297003045916,113.50890702161847,26.912551826475372,65.92015667679152,92.30659235178061,32.123559399521255,50.280818372917295,60.682833485570264,71.62592174571657,84.57906997766472,100.3372778440249,134.52501186737032,27.25151945790835,38.81597868803141,64.16751757831311,66.03441611776046,75.56062966942648,91.05363362772187,97.76191866161352,116.61732801423526,0.0,29.725833998928927,42.15625172905907,56.7313842445667,64.06557014209046,78.72536773039921,96.32228103940989,105.23025418339645,106.37735346309316,139.95949701688903,39.63170493617863,60.58519330827165,39.63170493617863,46.63170493617863,11.426803322103499,56.88184943923521,77.49343879138323,18.65858993889288,42.84208898775156,85.34792425398449,7.24798400594607
32.07859021812511,44.57972553534195,55.44772034914939,70.89211204927975,113.64351532578944,26.95723245225155,66.01102537998557,92.4424192054565,32.169416169888834,50.34709582295761,60.7683161376352,71.71271513165317,84.66574238410192,100.4694110032548,134.65500713613457,27.296226021497315,38.86393985701349,64.25797164399071,66.1249528503631,75.65499591768213,91.18145884732624,97.86877567485675,116.73829082267025,0.0,29.771708211772236,42.202605131001675,56.82141375293114,64.15546049162539,78.82256769979418,96.44006460282162,105.3428928184234,106.518247790967,140.1234203239831,39.72216366372733,60.675652035820356,39.72216366372733,46.72216366372733,11.471415731371772,56.97454196732319,77.62751003667309,18.704708908923266,42.931938576007305,85.48333187834444,7.338442733494771
32.12514840421817,44.629886834981946,55.53564208632442,70.98126418333301,113.77813446525818,27.001915878495804,66.1018971634584,92.57825472849223,32.215272638917085,50.41332610702566,60.85381702041636,71.79951369595695,84.75243073234307,100.60156679922387,134.78502183483312,27.340935303846006,38.911898420100606,64.34843058080897,66.21549410443387,75.74935485876551,91.30921235930519,97.97569488409525,116.85929974471877,0.0,29.817582974762864,42.24895423016608,56.91145051093164,64.24535826408598,78.91974509280325,96.55781991222271,105.45554471933812,106.65914172927917,140.28741916557277,39.8126272413116,60.76611561340462,39.8126272413116,46.8126272413116,11.516031396451082,57.06722867622877,77.76159839544098,18.750825843109162,43.021795641330364,85.6187486115883,7.428906311079041
32.171706590311246,44.68002330345398,55.623587125824905,71.07042639185865,113.91276440398691,27.04660209947797,66.19277202351728,92.71409888887135,32.26112881437441,50.479509279655566,60.93933611811944,71.88631749846364,84.83913498472356,100.73374512478466,134.9150559052419,27.38564729978332,38.959854383624005,64.43889437482676,66.30603986798737,75.843706522977,91.43689331735787,98.08267713101583,116.98035466895587,0.0,29.86345828917702,42.29529906379424,57.00149448574537,64.3352634301142,79.0169000227338,96.6755465342336,105.56821125744673,106.80003441975494,140.45149323422996,39.90309565511833,60.856584027211355,39.90309565511833,46.90309565511833,11.560650309031773,57.15990961907703,77.89570378143223,18.796940759343894,43.11166015496213,85.75417442314196,7.51937472488577
32.21826477640431,44.73013515606419,55.71155527373107,71.15959863431553,114.04740510610353,27.09129110948167,66.2836499564542,92.8499516547481,32.30698470395883,50.54564539611211,61.02487341453821,71.97312659831961,84.92585510349532,100.86594587347997,135.04510928936625,27.430362004147472,39.00780775389902,64.52936301216027,66.39659012908213,75.93805094051106,91.5645008692816,98.18972326366634,117.10145548395971,0.0,29.909334156272454,42.341639668788005,57.09154564480394,64.42517596052554,79.11403260242695,96.79324403620595,105.68089371853874,106.94092508881766,140.6156422235752,39.99356889139078,60.9470572634838,39.99356889139078,46.99356889139078,11.605272460834465,57.25258484854242,78.02982610898151,18.843053675385466,43.201532088305065,85.88960928257484,7.60984796115822
32.264822962497384,44.780222605788545,55.799546338294725,71.24878087038039,114.1820565359003,27.13598290280431,66.37453095854592,92.98581299444598,32.35284031529868,50.611734512382775,61.11042889305832,72.05994105398626,85.01259105082958,100.99816893953671,135.17518192943996,27.475079411785924,39.05575853722511,64.6198364789826,66.48714487582006,76.03238814145645,91.69203415705378,98.29683413636839,117.22260207831464,0.0,29.955210577288447,42.387976081713006,57.181603955790216,64.51509582630736,79.21114294425728,96.91091198625492,105.79359331224256,107.08181303819573,140.7798658282789,40.0840469364282,61.03753530852123,40.0840469364282,47.0840469364282,11.649897843609747,57.34525441685291,78.16396529300799,18.88916460885749,43.29141141292136,86.02505315959874,7.700326006195644
32.31138114859045,44.83028586330155,55.88756012991193,71.3379730599465,114.3167186578333,27.180677473756983,66.46541502605446,93.12168287645679,32.39869565595301,50.67777668516971,61.196002536661574,72.14676092324468,85.09934278882059,101.13041421786079,135.3052737679233,27.519799517555377,39.103706739885766,64.71031476152362,66.57770409634651,76.12671815579613,91.81949231691982,98.40401060962454,117.34379434061388,0.0,30.001087553446016,42.43430833880201,57.27166938663562,64.60502299861754,79.30823116013272,97.02854995329314,105.90631118017187,107.22269763673926,140.94416374406364,40.17452977658553,61.12801814867856,40.17452977658553,47.17452977658553,11.694526449138133,57.43791837579382,78.29812124901069,18.935273577250445,43.38129810053194,86.16050602406725,7.790808846352974
32.35793933468352,44.8803251370047,55.9755964610956,71.42717516312214,114.45139143652109,27.22537481666449,66.55630215522719,93.25756126943924,32.44455073341251,50.74377197188179,61.28159432792973,72.23358626320002,85.18611027948857,101.26268160403109,135.43538474750284,27.564522316321856,39.15165236814866,64.80079784606941,66.66826777884981,76.22104101340744,91.94687447948648,98.51125355001989,117.46503215946268,0.0,30.046965085948106,42.480636475958875,57.36174190551741,64.69495744878328,79.4052973614945,97.14615750706355,106.01904840303915,107.36357831326802,141.1085356677047,40.26501739827311,61.21850577036613,40.26501739827311,47.26501739827311,11.739158269229865,57.53057677671192,78.43229389306362,18.981380597922602,43.47119212301519,86.29596784597456,7.8812964680405475
32.404497520776594,44.930340633054485,56.06365514644858,71.5163871402294,114.58607483674403,27.27007492586528,66.6471923422973,93.39344814221803,32.49040555509995,50.80972043062669,61.36720424904873,72.32041713028599,85.27289348478324,101.39497099429437,135.5655148110902,27.609247802960628,39.19959542826556,64.89128571896211,66.75883591156133,76.31535674406244,92.07417976982136,98.61856383011757,117.5863154234811,0.0,30.092843175979766,42.52696052876205,57.451821480855735,64.78489914829962,79.5023416593168,97.2637342181739,106.13180600688393,107.50445455030591,141.27298129703215,40.35550978795633,61.308998160049356,40.35550978795633,47.35550978795633,11.783793295724747,57.62322967051914,78.56648314181116,19.027485688101198,43.56109345240585,86.43143859545499,7.971788857723774
32.45105570686966,44.98033255539003,56.15173600263703,71.60560895180252,114.72076882344301,27.314777795711382,66.73808558348388,93.52934346378244,32.536260128370856,50.8756221202029,61.45283228181268,72.40725358026948,85.35969236658637,101.52728228555948,135.6956639018205,27.653975972356236,39.24753592647234,64.9817783665996,66.84940848275495,76.40966537742769,92.20140730755824,98.72594232834824,117.70764402130695,0.0,30.138721824708227,42.57328053246837,57.54190808131102,64.87484806882824,79.59936416410702,97.38127965813068,106.24458496854052,107.64532587857424,141.4375003309319,40.446006932155356,61.39949530424838,40.446006932155356,47.446006932155356,11.828431520491993,57.71587710769666,78.70068891246348,19.073588864883476,43.651002060893845,86.56691824278177,8.062286001922798
32.49761389296273,45.03030110576052,56.239838848364194,71.69484055858695,114.85547336171888,27.359483420568456,66.82898187499237,93.66524720328532,32.58211446051418,50.941477100091895,61.53847840762804,72.4940956682549,85.44650688671568,101.65961537539235,135.82583196305166,27.698706819402528,39.29547386898915,65.07227577543506,66.9399854807472,76.50396694306485,92.32855620700904,98.83338992889377,117.82901784159844,0.0,30.184601033283172,42.61959652201615,57.6320016757813,64.96480418219618,79.69636498590566,97.49879339937388,106.35738622044975,107.786191872142,141.60209246934673,40.53650881744483,61.48999718953786,40.53650881744483,47.53650881744483,11.873072935430136,57.80851913829861,78.83491112279181,19.119690145237765,43.740917920823264,86.7024067583665,8.152787887212279
32.5441720790558,45.080246483752106,56.327963504344446,71.78408192153756,114.99018841683123,27.404191794815663,66.91988121301472,93.80115933004187,32.627968558752784,51.00728543045015,61.62414260751747,72.58094344868863,85.53333700692706,101.79197016201026,135.95601893836334,27.743440339002625,39.34340926202022,65.16277793197679,67.03056689389675,76.59826147043046,92.45562557728151,98.94090752156403,117.95043677303742,0.0,30.23048080283681,42.665908532029206,57.72210223339959,65.05476746039444,79.79334423428632,97.6162750153118,106.47021065490344,107.92705214414255,141.76675741327787,40.62701543045355,61.58050380254657,40.62701543045355,47.62701543045355,11.917717532466828,57.90115581195583,78.96914969112404,19.165789546004465,43.830841004691116,86.8379041127581,8.24329450022099
32.59073026514887,45.13016888681462,56.416109793277734,71.87333300181773,115.12491395419764,27.448902912845686,67.01078359372963,93.93707981352873,32.673822430244094,51.07304717210128,61.7098248621242,72.6677969753636,85.62018268891806,101.92434654427694,136.0862247715557,27.788176526068924,39.391342111754014,65.25328482278788,67.12115271060445,76.6925489888762,92.5826145224039,99.04849600166747,118.07190070433172,0.0,30.276361134484038,42.71221659681977,57.81220972353117,65.14473787557691,79.89030201835581,97.73372408035621,106.58305912779679,108.0679063429817,141.93149486478563,40.71752675786415,61.67101512995717,40.71752675786415,47.71752675786415,11.96236530355865,57.99378717787982,79.10340453634004,19.211887083897135,43.92077128514625,86.97341027664207,8.333805827631592
32.637288451241936,45.18006851028793,56.50427753982436,71.96259376079772,115.25964993939259,27.493616769064694,67.10168901330296,94.07300862338256,32.71967608208083,51.13876238652822,61.795525151715765,72.75465630142361,85.70704389433072,102.05674442169703,136.21644940664868,27.83291537552314,39.43927242436328,65.34379643448582,67.21174291931293,76.78682952764922,92.70952214145586,99.15615626987582,118.19340952421828,0.0,30.32224202932277,42.758520750392314,57.902324115771194,65.23471540005875,79.98723844675432,97.85114016995794,106.69593246195389,108.2087541489736,142.09630452699042,40.80804278641286,61.76153115850588,40.80804278641286,47.80804278641286,12.007016240691074,58.0864132848663,79.23767557786728,19.257982775503503,44.01070873498838,87.10892522083975,8.424321856180304
32.68384663733501,45.22994554742787,56.59246657057991,72.05186416005344,115.39439633814665,27.53833335789228,67.1925974678878,94.20894572939906,32.76552952129141,51.20443113586536,61.88124345618851,72.84152147936784,85.7939205847544,102.18916369441116,136.34669278788047,27.87765688229627,39.4872002060049,65.43431275374236,67.30233750850657,76.88110311589196,92.83634752870627,99.26388923208071,118.31496312146588,0.0,30.36812348843374,42.80482102644654,57.99244537994193,65.32470000631545,80.08415362765557,97.96852286064272,106.80883145007964,108.3495952713489,142.26118610407386,40.89856350288918,61.8520518749822,40.89856350288918,47.89856350288918,12.051670335878233,58.17903418129895,79.37196273567638,19.304076637286517,44.10065332716679,87.24444891630726,8.51484257265662
32.73040482342809,45.27980018943189,56.68067671405073,72.1411441613651,115.52915311634567,27.583052673761433,67.28350895362486,94.34489110153199,32.811382754840544,51.270053482890674,61.966979755071264,72.92839256105516,85.88081272172862,102.32160426319058,136.4769548597069,27.922401041328584,39.53512546282009,65.52483376728298,67.39293646671115,76.97536978264257,92.96308977375786,99.371695799245,118.43656138487758,0.0,30.414005512881012,42.851117458381,58.08257348609049,65.41469166698164,80.18104766876681,98.08587173004717,106.92175685738634,108.49042944558849,142.42613930127897,40.98908889413555,61.94257726622857,40.98908889413555,47.98908889413555,12.096327581162802,58.27164991515316,79.50626593027674,19.35016868558526,44.19060503477942,87.37998133413498,8.605367963902989
32.776963009521154,45.32963262546453,56.76890780062959,72.23043372671606,115.66392024002947,27.627774711118537,67.37442346664263,94.48084470989181,32.85723578963003,51.33562949101799,62.052734027529716,73.01526959770867,85.96772026674576,102.45406602943244,136.60723556680009,27.96714784756968,39.58304820093428,65.61535946188681,67.48353978249379,77.0696295568351,93.08974796169872,99.47957688724608,118.55820420329394,0.0,30.459888103712,42.897410079296,58.17270840448631,65.5046903548496,80.27792067732943,98.20318635695541,107.0347094239349,108.63125643104256,142.59116382491152,41.07961894704712,62.03310731914014,41.07961894704712,48.07961894704712,12.14098796861587,58.364260533999534,79.64058508271204,19.396258936616086,44.28056383107177,87.51552244554654,8.695898016814562
32.82352119561423,45.37944304268225,56.857159662571725,72.3197328182914,115.7986976753915,27.672499464423286,67.4653410030577,94.61680652474492,32.90308863249894,51.40115922428918,62.13850625237029,73.10215263992002,86.0546431812542,102.58654889515445,136.73753485404782,28.01189729597843,39.63096842645724,65.70588982438619,67.57414744446261,77.16388246729939,93.21632117326091,99.5875334167126,118.6798914655954,0.0,30.50577126195747,42.94369892199716,58.26285010561851,65.59469604286812,80.37477276011883,98.32046632133543,107.1476898667255,108.77207600879957,142.75625938234006,41.17015364857142,62.12364202066445,41.17015364857142,48.17015364857142,12.18565149033672,58.456866085007555,79.77492011455604,19.442347406473488,44.37052968943574,87.65107222189805,8.786432718338865
32.87007938170729,45.429231626258286,56.945432133971174,72.40904139847665,115.93348538877748,27.717226928148687,67.55626155897498,94.75277651651227,32.94894129022468,51.466642747366336,62.22429640804445,73.18904173765381,86.14158142666038,102.71905276299009,136.86785266655195,28.056649381523016,39.6788861454831,65.79642484166644,67.66475944126671,77.2581285427616,93.3428084849862,99.69556631285424,118.80162306070503,0.0,30.551654988632095,42.989984018998314,58.352998560194024,65.68470870414147,80.47160402344504,98.4377112043765,107.26069888156717,108.9128879797764,142.92142568199674,41.26069298570811,62.21418135780114,41.26069298570811,48.26069298570811,12.230318138452855,58.54946661494916,79.90927094790837,19.48843411113116,44.46050258340873,87.78663063467748,8.876972055475553
32.916637567800365,45.478998559406975,57.03372505073735,72.49835942985656,116.06828334668491,27.761957096781018,67.64718513048797,94.88875465576861,32.99479376952308,51.53208012552422,62.310104472652654,73.27593694025191,86.2285349643321,102.85157753618356,136.99818894962786,28.101404099180915,39.726801364090214,65.88696450066557,67.7553757615957,77.35236781184402,93.46920896939928,99.80367650528359,118.92339887759131,0.0,30.59753928473404,43.03626540252486,58.44315373913458,65.77472831192802,80.56841457315274,98.55492058852589,107.37373714475349,109.05369216300167,143.0866624333777,41.35123694550866,62.30472531760168,41.35123694550866,48.35123694550866,12.274987905119655,58.642062170202266,80.0436375053901,19.534519066442947,44.5504824866725,87.92219765550355,8.967516015276098
32.96319575389343,45.528744023407796,57.122038250571975,72.5876868752138,116.20309151576177,27.806689964819757,67.73811171367888,95.02474091324115,33.04064607704926,51.59747142464235,62.395930423948414,73.36283829643793,86.31550375560074,102.98412311858515,137.12854364880334,28.1461614439389,39.774714088341405,65.97750878837392,67.84599639417992,77.44660030306567,93.59552169518811,99.91186492783139,119.04521880527054,0.0,30.64342415124552,43.082543104516525,58.533315613574906,65.86475483963918,80.665204514622,98.67209405752686,107.48680531456617,109.19448839407218,143.2519693470435,41.44178551507605,62.395273887169076,41.44178551507605,48.44178551507605,12.31966078252036,58.734652796754204,80.17801971013964,19.580602288143773,44.64046937305212,88.05777325612526,9.05806458484349
33.0097539399865,45.578468197629206,57.21037157294652,72.67702369752777,116.33790986280603,27.85142552677764,67.82904130461903,95.16073525980869,33.08649821939806,51.66281671119744,62.481774239342386,73.44974585432148,86.40248776176387,103.11668941464626,137.25891670981747,28.190921410793074,39.82262432428381,66.068057691834,67.9366213277898,77.54082604484186,93.72174572739186,100.02013251835382,119.16708273280982,0.0,30.689309589132947,43.12881715663091,58.62348415486015,65.95478826083813,80.76197395276839,98.78923119645609,107.59990403262584,109.33527652376074,143.4173461346191,41.53233868156458,62.4858270536576,41.53233868156458,48.53233868156458,12.364336762865923,58.827238540205315,80.31241748580855,19.62668379185067,44.73046321651506,88.19335740842102,9.14861775133202
33.056312126079575,45.62817125955202,57.298724859079414,72.76636985997321,116.47273835476453,27.89616377718051,67.91997389936901,95.29673766650058,33.13235020310461,51.72811605225567,62.567635895906534,73.53665966140248,86.48948694408789,103.24927632941456,137.3893080786195,28.235683994748793,39.87053207794897,66.1586111981401,68.02725055123597,77.63504506548516,93.84788012759638,100.12848021853262,119.2889905493293,0.0,30.73519559934688,43.175087590245894,58.71365933454383,66.04482854923873,80.85872299204354,98.9063315917617,107.71303392510805,109.47605641675868,143.5827925087941,41.62289643217949,62.576384804272514,41.62289643217949,48.62289643217949,12.409015838394826,58.919819445772255,80.44683075655745,19.672763593063674,44.82046399117009,88.32895008439776,9.239175501946933
33.10287031217264,45.677853384792606,57.38709795191411,72.8557253259191,116.60757695873218,27.940904710567363,68.01090949397882,95.43274810449556,33.17820203464478,51.79336951546509,62.65351537037816,73.62357976457554,86.57650126381044,103.3818837685295,137.51971770136836,28.280449190820732,39.91843735535291,66.24916929443798,68.11788405336898,77.72925739320479,93.97392395413745,100.23690897366718,119.41094214400496,0.0,30.78108218282212,43.221354436463166,58.80384112438529,66.13487567870433,80.95545173643548,99.02339483130166,107.8261956038393,109.61682795053889,143.7483081833234,41.713458754176706,62.66694712626973,41.713458754176706,48.713458754176706,12.453698001372986,59.01239555829141,80.58125944705178,19.718841707166753,44.91047167126619,88.46455125619019,9.32973782394415
33.14942849826571,45.72751474712578,57.475490696097225,72.94509005892742,116.74242564195124,27.985648321490288,68.10184808448828,95.5687665451209,33.2240537204359,51.858577169048004,62.73941263916388,73.71050621013433,86.66353068214279,103.51451163821729,137.65014552443094,28.3252169940329,39.96634016249601,66.33973196792468,68.20852182307907,77.8234630561075,94.09987626231157,100.34541973245938,119.53293740607124,0.0,30.82696934047824,43.26761772611067,58.89402949634799,66.2249296232467,81.05216028946931,99.14042050438209,107.93938966728518,109.75759101432634,143.91389287302619,41.80402563486262,62.757514006955645,41.80402563486262,48.80402563486262,12.4983832440936,59.10496692222242,80.7157034824579,19.76491814942879,45.000486231191786,88.6001608960603,9.420304704630063
33.19598668435878,45.7771555185073,57.563902937956755,73.03446402275188,116.87728437181026,28.030394604514438,68.19278966692714,95.70479295985129,33.26990526683714,51.92373908179342,62.82532767834388,73.79743904377563,86.75057516027246,103.64715984528672,137.78059149438192,28.36998739941855,40.014240505363205,66.43029920584821,68.29916384929604,77.91766208219714,94.2257361045947,100.4540134467903,119.65497622482329,0.0,30.872857073219322,43.31387748974587,58.984224422596796,66.31499035702475,81.14884875420768,99.25740820179605,108.05261670144387,109.89834550816254,144.07954629378713,41.89459706159376,62.84808543368678,41.89459706159376,48.89459706159376,12.543071558876985,59.19753358165132,80.85016278843904,19.810992935004478,45.09050764547354,88.73577897639629,9.510876131361197
33.24254487045185,45.8267758690962,57.652334525481,73.12384718133666,117.01215311584346,28.075143554218016,68.28373423731533,95.8408273203079,33.31575668015005,51.98885532304945,62.91126046367568,73.88437831060394,86.83763465936525,103.77982829712424,137.91105555800218,28.414760402020296,40.062138389923874,66.52087099550731,68.38981012098904,78.01185449937537,94.35150253086861,100.56269107148954,119.77705848961973,0.0,30.918745381934244,43.36013375765845,59.07442587549633,66.4050578543438,81.24551723325138,99.37435751586233,108.16587728065316,110.03909134205705,144.24526816255528,41.985173021776546,62.938661393869566,41.985173021776546,48.985173021776546,12.58776293807054,59.29009558029399,80.98463729115116,19.857066078935215,45.180535888775516,88.87140546971193,9.601452091543987
33.28910305654492,45.876375967276694,57.74078530829746,73.21323949881537,117.14703184172963,28.119895165192183,68.37468179166312,95.97686959825731,33.36160796661916,52.053925962715745,62.997210970598566,73.97132405513541,86.92470914056788,103.91251690168936,138.04153766227782,28.459535996889986,40.11003382213183,66.61144732425097,68.48046062716644,78.10604033544149,94.47717458865544,100.67145356409601,119.89918408988527,0.0,30.964634267496837,43.40638655987311,59.164633827608455,66.49513208965377,81.34216582873962,99.49126804046458,108.27917196832182,110.17982843521384,144.41105819734446,42.075753502867,63.02924187496003,42.075753502867,49.075753502867,12.63245737404844,59.38265296149937,81.11912691723924,19.903137596150042,45.270570935898114,89.00704034864587,9.692032572634446
33.33566124263799,45.92595597967998,57.82925513765205,73.30264093950964,117.28192051729162,28.164649432041102,68.46563232597147,96.11291976561066,33.40745913243238,52.11895107123616,63.083179174237266,74.05827632130247,87.01179856500994,104.04522556751066,138.17203775439978,28.504314179088833,40.15792680792563,66.70202817947852,68.5711153568755,78.20021961809285,94.60275132335993,100.78030188461165,120.02135291511283,0.0,31.010523730766057,43.452635926152354,59.25484825169057,66.58521303754897,81.43879464235118,99.60813937109072,108.39250131759185,110.32055671532746,144.57691611723274,42.166338492370535,63.119826864463555,42.166338492370535,49.166338492370535,12.677154859211717,59.475205768252735,81.25363159383319,19.94920750146656,45.360612761777155,89.1426835859609,9.782617562137975
33.382219428731055,45.97551607120555,57.91774386638867,73.39205146792816,117.41681911049515,28.209406349381844,68.55658583623206,96.24897779442249,33.45331018372159,52.183930719591146,63.169165049406224,74.14523515245764,87.09890289380651,104.17795420368071,138.30255578176227,28.549094943687304,40.2058173532282,66.79261354863898,68.66177429920235,78.2943923749249,94.72823177851978,100.88923699524649,120.14356485486618,0.0,31.05641377258597,43.498881885999225,59.3450691206932,66.6753006727662,81.53540377530467,99.7249711048722,108.50586587193882,110.46127611794003,144.74284164236218,42.25692797784159,63.21041634993462,42.25692797784159,49.25692797784159,12.721855385987963,59.567754043178915,81.38815124854395,19.99527580959175,45.45066134148292,89.27833515454313,9.873207047609034
33.42877761482413,46.025056405042356,58.006251348928984,73.48147104876524,117.55172758944835,28.254165911844368,68.64754231842774,96.38504365688988,33.49916112656313,52.248864979290325,63.25516857061354,74.2322005913781,87.18602208806,104.310702719852,138.43309169196183,28.593878285765157,40.25370546394708,66.88320341923105,68.7524374432717,78.38855863343143,94.853614996064,100.9982598601561,120.26581979878247,0.0,31.102304393786117,43.545124468660156,59.43529640775828,66.7653949701842,81.63199332835913,99.84176284062373,108.61926616571716,110.60198658585375,144.90883449393843,42.34752194688345,63.301010318976466,42.34752194688345,49.34752194688345,12.766558946831228,59.660297828545424,81.52268580945972,20.041342535122897,45.54071665021918,89.41399502740127,9.963801016650887
33.4753358009172,46.07457714268975,58.094777441252624,73.57089964689993,117.68664592240067,28.298928114071515,68.73850176853249,96.5211173253515,33.545011966978265,52.313753922365166,63.341189712065,74.31917268026972,87.2731561088626,104.44347102623271,138.5636454327971,28.63866420041148,40.30159114597453,66.97379777880275,68.84310477824674,78.48271842100493,94.97890001657909,101.10737144517108,120.38811763657449,0.0,31.14819559518142,43.59136370312741,59.525530086217024,66.85549590482252,81.72856340181518,99.95851417888312,108.73270272465514,110.74268806859388,145.0748943942303,42.438120387147954,63.39160875924098,42.438120387147954,49.438120387147954,12.811265534221972,59.75283716626571,81.6572352051422,20.0874076925485,45.630778663322296,89.54966317766609,10.0543994569154
33.521893987010266,46.12407844397794,58.18332200087743,73.66033722739462,117.8215740777422,28.343692950718967,68.82946418251178,96.65719877228666,33.590862710933706,52.37859762136155,63.42722844766806,74.40615146077134,87.36030491729832,104.57625903358196,138.69421695226683,28.683452682724628,40.34947440518729,67.06439661495106,68.93377629332892,78.57687176493647,95.1040858795835,101.21657271751846,120.51045825803314,0.0,31.194087377572423,43.63759961814193,59.615770129587865,66.94560345184007,81.82511409551536,100.07522472195132,108.84617606630472,110.88338052191614,145.24102106656935,42.528723286335264,63.48221165842829,42.528723286335264,49.528723286335264,12.855975140666898,59.84537209790229,81.79179936462263,20.13347129624908,45.72084735626027,89.68533957858946,10.145002356102706
33.56845217310334,46.173560467088414,58.27188488683995,73.74978375549394,117.95651202400298,28.388460416455157,68.92042955632277,96.79328797031431,33.63671336434208,52.44339614933243,63.51328475103588,74.49313697395885,87.44746847444483,104.7090666532059,138.8248061985698,28.728243727812227,40.39735524744687,67.1549999153219,69.0244519777577,78.67101869241621,95.22917162380983,101.3258646455351,120.63284155302975,0.0,31.239979741745476,43.68383224219585,59.70601651157485,67.03571758653464,81.92164550884485,100.19189407393203,108.95968670045022,111.02406390735501,145.40721423534896,42.61933063219353,63.57281900428656,42.61933063219353,49.61933063219353,12.900687758698705,59.93790266466972,81.92637821739821,20.179533360498052,45.810922704631786,89.8210242035438,10.235609701960975
33.615010359196404,46.22302336857396,58.3604659596766,73.83923919662382,118.09145972985185,28.433230505961365,69.01139788591442,96.92938489219212,33.682563933062355,52.50814957983055,63.59935859549131,74.58012926034951,87.53464674137592,104.84189379695326,138.9554131201033,28.773037330791265,40.44523367859944,67.24560766760965,69.11513182081059,78.76515923053351,95.3541562874951,101.43524819837347,120.7552674115185,0.0,31.28587268847275,43.73006160353487,59.79626920606523,67.12583828434143,82.01815774073259,100.30852184077267,109.07323512948084,111.16473819180956,145.57347362602417,42.709942412518764,63.66343078461179,42.709942412518764,49.709942412518764,12.945403380876193,60.03042890743788,82.06097169342829,20.22559389946264,45.9010046841654,89.95671702602128,10.32622148228621
33.66156854528948,46.2724673033784,58.44906508140448,73.92870351638993,118.22641716409606,28.47800321393151,69.10236916722776,97.06548951081562,33.72841442290057,52.57285798690118,63.685449954070755,74.66712835990593,87.62183967916346,104.97474037721136,139.08603766546256,28.81783348678791,40.493109704475756,67.33621985955689,69.20581581180264,78.85929340627698,95.47903890867896,101.54472434569897,120.8777357235387,0.0,31.33176621851245,43.77628773016145,59.88652818712808,67.21596552083236,82.1146508896517,100.42510763030397,109.1868218487287,111.30540334716176,145.73979896511023,42.80055861515442,63.75404698724745,42.80055861515442,49.80055861515442,12.990121999783895,60.12295086673475,82.19557972313068,20.271652927204606,45.99109327071848,90.09241801963321,10.416837684921864
33.70812673138254,46.321892424856244,58.537682115502946,74.01817668057703,118.36138429568025,28.522778535072288,69.19334339619611,97.20160179921716,33.77426483961001,52.63752144507484,63.77155879952839,74.75413431204032,87.70904724887906,105.10760630690172,139.21667978343982,28.862632190937717,40.540983330891486,67.42683647895433,69.29650394008658,78.95342124653489,95.60381852550984,101.65429405737997,121.00024637921712,0.0,31.377660332608876,43.82251064983651,59.97679342901202,67.30609927171469,82.21112505362066,100.54165105228093,109.30044734677742,111.44605934992576,145.9061899801828,42.891179227991316,63.84466760008434,42.891179227991316,49.891179227991316,13.03484360803217,60.21546858274973,82.33020223737813,20.31771045768122,46.08118844027644,90.2281271581093,10.50745829775876
33.754684917475615,46.37129888479184,58.626316926895086,74.10765865514743,118.4963610936857,28.567556464103028,69.2843205687452,97.33772173056511,33.82011518889167,52.70214002936005,63.85768510433985,74.84114715561857,87.79626941159623,105.24049149947618,139.34733942302302,28.907433438385453,40.58885456364694,67.5174575136404,69.38719619505251,79.04754277809535,95.72849417655877,101.76395830316979,121.12279926877017,0.0,31.42355503149263,43.868730390082376,60.0670649061437,67.39623951283035,82.30758033020385,100.65815171842289,109.4141121057422,111.58670618092475,146.07264639987613,42.981804238967236,63.935292611060255,42.981804238967236,49.981804238967236,13.079568198256903,60.30798209533635,82.46483916749452,20.36376650474597,46.17129016895183,90.36384441529692,10.598083308734678
33.801243103568694,46.4206868334185,58.71496938192981,74.19714940624026,118.63134752732978,28.612336995755715,69.37530068079342,97.47384927816287,33.8659654763951,52.76671381523637,63.94382884070631,74.92816692896436,87.88350612839245,105.37339586891257,139.47801653339522,28.952237224285206,40.63672340852724,67.60808295150098,69.47789256612771,79.1416580276465,95.85306490114101,101.87371805238082,121.24539428250631,0.0,31.469450315880664,43.91494697818517,60.15734259312577,67.48638622015471,82.40401681651254,100.77460924245469,109.52781660152552,111.72734382499245,146.23916795388294,43.07243363606679,64.02592200815981,43.07243363606679,50.07243363606679,13.124295763119482,60.4004914440155,82.59949044525146,20.409821082149485,46.26139843298334,90.49956976516057,10.688712705834236
33.84780128966176,46.47005641943715,58.80363934836372,74.2866489001699,118.76634356596463,28.657120124774885,69.46628372825191,97.609984415448,33.91181570771834,52.83124287864688,64.02998998055833,75.01519366986318,87.97075736035089,105.50631932971075,139.60871106393384,28.99704354380027,40.68458987130225,67.6987127804692,69.56859304277644,79.23576702177652,95.97752973964543,101.98357427355145,121.36803131082827,0.0,31.515346186476517,43.96116044119709,60.247626464735156,67.57653936979568,82.50043460920585,100.89102324014658,109.64156130404933,111.8679722706981,146.4057543729528,43.16306740732105,64.11655577941407,43.16306740732105,50.16306740732105,13.169026295306601,60.49299666797806,82.73415600286454,20.455874203540215,46.35151320873502,90.63530318178094,10.779346477088493
33.89435947575483,46.519407790035,58.892326695343634,74.37615710342537,118.90134917907699,28.70190584591773,69.55726970702491,97.74612711599137,33.95766588840887,52.89572729599152,64.11616849555989,75.10222741556662,88.05802306856215,105.63926179688885,139.73942296420933,29.041852392103305,40.73245395772676,67.78934698852518,69.6592976144999,79.32986978697429,96.10188773387138,102.09352793410511,121.49071024423517,0.0,31.561242643970232,44.00737080593904,60.337916495921334,67.66669893799275,82.59683380449158,101.00739332935568,109.75534667746706,112.00859151009175,146.5724053888916,43.253705540807466,64.2071939129005,43.253705540807466,50.253705540807466,13.213759787530263,60.585497806088114,82.86883577299007,20.501925882465464,46.441634472695455,90.77104463935449,10.869984610574905
33.9409176618479,46.568741090903714,58.98103129338909,74.46567398266887,119.03636433628728,28.74669415395392,69.64825861300986,97.88227735349624,34.00351602396367,52.96016714411966,64.20236435711219,75.18926820279611,88.14530321412623,105.7722231859789,139.8701521839843,29.08666376437617,40.78031567354044,67.8799855636959,69.75000627083601,79.42396634962924,96.2261379273727,102.20358000000185,121.61343097332478,0.0,31.607139689038696,44.05357809900279,60.428212661804615,67.75686490111612,82.69321449812729,101.12371913006629,109.86917318035584,112.1492015384691,146.73912073456043,43.344348024649456,64.29783639674248,43.344348024649456,50.344348024649456,13.258496232527516,60.67799489688559,83.00352968872131,20.547976132371932,46.53176220147681,90.90679411219267,10.960627094416902
33.98747584794097,46.61805646625753,59.069753014375245,74.555199504735,119.17138900734858,28.79148504366566,69.73925044209751,98.01843510179732,34.04936611982988,53.02456250032328,64.28857753635748,75.27631606774725,88.23259775815458,105.90520341302316,140.00089867321336,29.131477655810023,40.82817502446775,67.97062849405462,69.8407190013591,79.51805673603167,96.3502793658096,102.31373143538323,121.7361933887957,0.0,31.653037322345675,44.099782346753216,60.5185149376743,67.84703723566531,82.78957678542099,101.24000026443069,109.98304126589203,112.28980235415325,146.905900143874,43.4349948470163,64.38848321910932,43.4349948470163,50.4349948470163,13.303235623060429,60.77048797858929,83.13823768358525,20.5940249666067,46.62189637181399,91.04255157472122,11.051273916783739
34.034034034034036,46.66735405885096,59.15849173151584,74.64473363662927,119.30642316214617,28.83627850984761,69.83024519017225,98.15460033486008,34.09521618140519,53.088913442329904,64.3748080041831,75.3633710460936,88.31990666177126,106.03820239457029,140.13166238204096,29.17629406160525,40.87603201621806,68.06127576772109,69.93143579567996,79.61214097237313,96.47431109730707,102.4239832022094,121.85899738144954,0.0,31.69893554454189,44.145983575330995,60.60882329898709,67.93721591826882,82.88592076123243,101.35623635681007,110.09695138201026,112.43039395829273,147.07274335179997,43.52564599612277,64.4791343682158,43.52564599612277,50.52564599612277,13.347977951915908,60.86297708909956,83.2729596915389,20.640072398417924,46.712036960563815,91.17831700147958,11.141925065890211
34.08059222012711,46.71663400999649,59.247247319346606,74.73427634552746,119.44146677069674,28.881074547306902,69.92124285311212,98.29077302677968,34.141066214038304,53.15322004829565,64.46105573122517,75.45043317299093,88.40722988611506,106.17122004767118,140.26244326080183,29.221112976971533,40.92388665448574,68.15192737286087,70.0221566434455,79.7062190847463,96.59823217282087,102.53433625988978,121.98184284219305,0.0,31.744834356265237,44.192181810654375,60.69913772136538,68.02740092568271,82.98224651997378,101.4724270338152,110.2109039715483,112.57097635467423,147.23965009435742,43.616301460229025,64.56978983232204,43.616301460229025,50.616301460229025,13.392723211905624,60.95546226600124,83.40769564696627,20.686118440955646,46.80218394470421,91.31409036712024,11.23258052999647
34.127150406220174,46.76589645958182,59.33601965370866,74.82382759877437,119.57651980314748,28.925873150863076,70.01224342678915,98.42695315178021,34.18691622302924,53.21748239679832,64.54732068787258,75.53750248308098,88.49456739234121,106.30425628987555,140.3932412600189,29.265934397127776,40.97173894495009,68.2425832976854,70.11288153433867,79.80029109914557,96.72204164650948,102.64479156490664,122.10472966204004,0.0,31.790733758140803,44.23837707842186,60.789458180595666,68.11759223479001,83.07855415561109,101.58857192434732,110.32489947237863,112.71154954954818,147.4066201086158,43.70696122764028,64.6604495997333,43.70696122764028,50.70696122764028,13.437471395865911,61.04794354656634,83.54244548467466,20.73216310727258,46.89233730133329,91.44987164640798,11.323240297407722
34.17370859231325,46.81514154608703,59.42480861173234,74.9133873638827,119.71158222977557,28.97067431534804,70.10324690706948,98.56314068421398,34.23276621363006,53.28170056683054,64.63360284427063,75.62457901049565,88.58191914162305,106.43731103922788,140.52405633040348,29.31075831730216,41.019588893275454,68.33324353045155,70.20361045807832,79.89435704146705,96.84573857611358,102.75535007043231,122.22765773211384,0.0,31.836633750781022,44.284569404114094,60.8797846526267,68.20778982259924,83.17484376166479,101.70467065963877,110.43893831752733,112.85211355146745,147.57365313269335,43.79762528670662,64.75111365879964,43.79762528670662,50.79762528670662,13.482222496657549,61.14042096775683,83.67720913989152,20.778206410324835,46.982497007668655,91.58566081421937,11.413904356474061
34.22026677840632,46.8643694066014,59.51361407182114,75.00295560853208,119.84665402098739,29.015478035606066,70.19425328981336,98.6993355985603,34.27861619104492,53.345874637792775,64.71990217032491,75.71166278886065,88.66928509515324,106.57038421426361,140.6548884228537,29.35558473273208,41.06743650511112,68.42390805946161,70.29434340441895,79.98841693750897,96.96932202334114,102.86601272594007,122.35062694364908,0.0,31.88253433478582,44.33075881299623,60.97011711356819,68.29799366624425,83.27111543121121,101.82072287329349,110.55302093528213,112.99266837113659,147.7407489057555,43.8882936258227,64.84178199791572,43.8882936258227,50.8882936258227,13.526976507165802,61.232894566227344,83.81198654826098,20.824248362972735,47.07266304104641,91.72145784554199,11.504572695590138
34.266824964499385,46.91358017684009,59.60243591363577,75.09253230056805,119.98173514731755,29.06028430649373,70.28526257087559,98.83553786942502,34.32446616043075,53.41000468948678,64.80621863570518,75.79875385129985,88.75666521414614,106.70347573400572,140.78573748845363,29.400413638664176,41.11528178609142,68.51457687306267,70.38508036315055,80.08247081297162,97.09279105425901,102.97678047680891,122.47363718799366,0.0,31.928435510742755,44.37694533012004,61.06045553968906,68.38820374298274,83.36736925688338,101.93672820132812,110.66714774929031,113.13321402127181,147.90790716801416,43.978966233427585,64.9324546055206,43.978966233427585,50.978966233427585,13.571733420300133,61.32536437832789,83.94677764584077,20.87028897798149,47.162835378920455,91.85726271547384,11.595245303195025
34.31338315059246,46.96277399116071,59.69127401807874,75.18211740800105,120.1168255794287,29.105093122879914,70.37627474610557,98.97174747153967,34.37031612689758,53.47409080210863,64.89255220984903,75.88585223043891,88.84405945983858,106.83658551796083,140.91660347847295,29.44524503035434,41.1631247418359,68.60524995964687,70.47582132409862,80.17651869345798,97.21614473969022,103.08765426392235,122.59668835661121,0.0,31.97433727922697,44.42312898032611,61.150799907415795,68.47842003019558,83.46360533087223,102.05268628221215,110.7813191786467,113.27375051647067,148.07512766072549,44.06964309800451,65.02313147009754,44.06964309800451,51.06964309800451,13.616493228994223,61.41783044010654,84.08158236909881,20.91632826802204,47.253013998861725,91.9930753992228,11.685922167771956
34.35994133668552,47.011950982579314,59.78012826727879,75.27171089900523,120.25192528811031,29.149904479645738,70.46728981134741,99.10796437976032,34.41616609550895,53.53813305624202,64.97890286196564,75.97295795840927,88.931467793492,106.96971348611564,141.0474863443658,29.490078903067673,41.210965377948995,68.69592730765083,70.56656627712367,80.27056060447359,97.33938215561705,103.19863502326197,122.71978034108264,0.0,32.02023964080148,44.469309788245816,61.241150193331,68.56864250538588,83.55982374492773,102.16859675690851,110.89553563797324,113.41427787309053,148.24241012618853,44.160324208080624,65.11381258017364,44.160324208080624,51.160324208080624,13.661255926205799,61.51029278731204,84.21640065491009,20.962366245671742,47.34319887855727,92.1288958721059,11.776603277848064
34.406499522778596,47.06111128278659,59.8689985445758,75.36131274191762,120.38703424427817,29.194718371684576,70.55830776244015,99.24418856906715,34.462016071282385,53.60213153285171,65.06527056103954,76.06007106685206,89.01889017639385,107.10285955893325,141.17838603776943,29.534915252078523,41.258803700020465,68.78660890555548,70.65731521212145,80.36459657142696,97.46250238358898,103.30972368549521,122.84291303310839,0.0,32.06614259601725,44.51548777830356,61.33150637417199,68.65887114617811,83.6560245903599,102.28445926891392,111.00979753749057,113.55479610913493,148.40975430774392,44.251009552226755,65.20449792431978,44.251009552226755,51.251009552226755,13.706021504916507,61.60275145539648,84.35123244055332,21.00840292341508,47.43338999580954,92.26472410954867,11.8672886219942
34.45305770887166,47.110255022163585,59.957884734505754,75.45092290523705,120.52215241897373,29.239534793901974,70.64932859521797,99.38042001456343,34.507866059189745,53.66608631327672,65.1516552758344,76.14719158692202,89.1063265698587,107.2360236573497,141.3093025105043,29.579754072670436,41.30663971362507,68.8772947418859,70.74806811902243,80.45862661962995,97.58550451113642,103.42092117555879,122.96608632451023,0.0,32.112046145413245,44.56166297471876,61.42186842682894,68.74910593031711,83.75220795804026,102.40027346429912,111.12410528308206,113.69530524414748,148.57715994977195,44.34169911905724,65.29518749115026,44.34169911905724,51.34169911905724,13.750789958131874,61.69520647951787,84.48607766370804,21.05443831364447,47.52358732853561,92.40056008708466,11.957978188824681
34.49961589496474,47.15938232979728,60.046786722785946,75.54054135762308,120.6572797833633,29.28435374121564,70.74035230551017,99.51665869147465,34.55371606415754,53.72999747922379,65.23805697489647,76.2343195492912,89.19377693523037,107.36920570277029,141.4402357145726,29.62459536013618,41.354473424322855,68.967984805211,70.83882498779197,80.55265077429753,97.70838763218832,103.53222841223703,123.08930010723338,0.0,32.15795028951655,44.60783540150784,61.51223632834381,68.83934683566747,83.84837393840229,102.51603899174897,111.23845927635134,113.8358052991134,148.74462679769096,44.43239289722961,65.38588126932264,44.43239289722961,51.43239289722961,13.795561278881063,61.787657894542704,84.62093626245112,21.1004724286609,47.61379085476632,92.53640378035462,12.048671966997054
34.546174081057806,47.208493333496065,60.135704396300454,75.63016806789517,120.79241630873744,29.32917520855544,70.83137888914158,99.65290457514804,34.599566091067544,53.79386511276084,65.32447562655857,76.32145498415304,89.28124123388262,107.50240561706617,141.57118560215744,29.669439109777752,41.40230483765909,69.05867908414348,70.92958580842989,80.6466690605487,97.83115084749436,103.6436463077359,123.21255427334818,0.0,32.20385502884265,44.6540050824863,61.602610055908514,68.92959384021243,83.9445226214437,102.6317555026024,111.35285991467333,113.97629629636643,148.9121545979556,44.52309087544448,65.4765792475375,44.52309087544448,51.52309087544448,13.840335460216938,61.88010573504855,84.75580817525403,21.146505280674717,47.70400055264562,92.67225516510612,12.139369945211923
34.59273226715088,47.257588159804776,60.2246376430856,75.71980300503138,120.92756196651023,29.37399919086331,70.92240834193248,99.78915764105142,34.645416144756986,53.85768929631039,65.41091119894355,76.4085979212259,89.36871942722135,107.63562332257094,141.7021521256222,29.714285316906288,41.45013395916421,69.14937756733916,71.02035057097045,80.74068150340595,97.95379326505137,103.75517576725342,123.33584871505222,0.0,32.24976036389519,44.700172041270676,61.69298958686373,69.0198469220531,84.04065409672656,102.74742265089208,111.46730759123975,114.11677825950268,149.07974309805493,44.6137930424452,65.56728141453823,44.6137930424452,51.6137930424452,13.885112495215752,61.97255003532651,84.8906933409794,21.192536881806248,47.79421640042965,92.80811421719274,12.230072112212648
34.639290453243945,47.30666693401982,60.313586352316044,75.80944613816787,121.06271672821852,29.418825683093285,71.01344065969894,99.92541786477271,34.691266230019046,53.92147011264312,65.497363659968,76.4957483897572,89.4562114766854,107.76885874207684,141.83313523750974,29.759133976842197,41.497960794353986,69.24008024349743,71.11111926548217,80.83468812779628,98.07631400053307,103.86681768854632,123.45918332467214,0.0,32.295666295166335,44.746336301280536,61.7833748986973,69.11010605940771,84.136768453379,102.86304009338419,111.58180269509901,114.257251213299,149.24739204651107,44.704499387017776,65.6579877591108,44.704499387017776,51.704499387017776,13.929892376977241,62.06499082938386,85.02559169887827,21.238567244086607,47.88443837648615,92.9439809125736,12.320778456785217
34.68584863933702,47.35572978020385,60.40255041429045,75.89909743659743,121.19788056552146,29.463654680211427,71.10447583825287,100.06168522201885,34.73711635160322,53.98520764487143,65.58383297734579,76.58290641852686,89.54371734374804,107.90211179883187,141.96413489054126,29.803985084915038,41.54578534872944,69.33078710136036,71.20189188206774,80.92868895855084,98.19871217772334,103.97857296149331,123.58255799466542,0.0,32.34157282313696,44.79249788574043,61.87376596904291,69.20037123061054,84.23286578009666,102.97860748961769,111.69634561119172,114.39771518363796,149.41510119287676,44.79520989799051,65.74869827008354,44.79520989799051,51.79520989799051,13.974675098624335,62.15742815094636,85.16050318858689,21.284596379458307,47.97466645929361,93.07985522731263,12.411488967757954
34.73240682543008,47.40477682120041,60.491529720417994,75.98875686976876,121.33305345019961,29.508486177195817,71.19551387340215,100.19795968861537,34.782966514215666,54.04890197644298,65.67031911859176,76.6700720358514,89.63123698991863,108.03538241653587,142.09515103761595,29.84883863646355,41.59360762777697,69.421498129713,71.29266841086368,81.02268402040546,98.32098692895158,104.09044246765609,123.70597261762241,0.0,32.38747994827646,44.83865681768168,61.964162775678666,69.2906424141114,84.32894616514339,103.09412450194353,111.81093672038118,114.53817019743559,149.58287028773356,44.8859245642339,65.83941293632692,44.8859245642339,51.8859245642339,14.0194606533032,62.24986203346085,85.29542775012371,21.330624299776012,48.064900627440494,93.21573713757822,12.502203634001345
34.778965011523155,47.45380817864833,60.58052416320447,76.07842440728551,121.4682353541543,29.55332016903651,71.2865547609508,100.3342412405054,34.82881672251967,54.11255319113437,65.7568220510253,76.75724526958751,89.71877037674344,108.16867051933764,142.2261836318096,29.893694626835682,41.64142763696832,69.5122133173827,71.38344884204044,81.11667333800091,98.44313739553127,104.20242707983738,123.8294270862677,0.0,32.43338767104318,44.88481311994435,62.05456529652575,69.38091958847453,84.42500969635293,103.20959079556341,111.92557639948,114.67861628257548,149.7506990826906,44.97664337466036,65.93013174675339,44.97664337466036,51.97664337466036,14.064249034183034,62.342292510097586,85.4303653238865,21.37665101680718,48.15514085962458,93.35162661964237,12.592922444427805
34.82552319761622,47.50282397299588,60.66953363623892,76.1681000189052,121.60342624940714,29.598156650735508,71.3775984966992,100.4705298537489,34.874666981135874,54.17616137304487,65.8433417417737,76.8444261471357,89.80631746580725,108.3019760318312,142.35723262637424,29.93855305138851,41.68924538176061,69.60293265323932,71.47423316580196,81.210656935883,98.56516272819988,104.31452766163763,123.95292129346252,0.0,32.47929599188416,44.930966815179254,62.144973509646924,69.47120273237785,84.52105646112979,103.32500603856883,112.04026502127286,114.81905346784536,149.9185873303815,45.067366318224,66.02085469031702,45.067366318224,52.067366318224,14.109040234455964,62.43471961375274,85.56531585064934,21.42267654223273,48.24538713465217,93.48752364988012,12.683645387991444
34.87208138370929,47.55182432351486,60.758558034180595,76.25778367453852,121.73862610809914,29.64299561730675,71.46864507644419,100.60682550452215,34.92051729464281,54.23972660659008,65.92987815777609,76.93161469544437,89.8938782187348,108.43529887905302,142.48829797473718,29.98341390548832,41.737060867596384,69.69365612619467,71.56502137238589,81.30463483850289,98.68706208756082,104.42674506701016,124.07645513220615,0.0,32.525204911235555,44.9771179258496,62.23538739324539,69.56149182461232,84.61708654645099,103.44036990197918,112.15500295453595,114.95948178287921,150.08653478446314,45.15809338392048,66.1115817560135,45.15809338392048,52.15809338392048,14.153834247336999,62.527143377050805,85.70027927155968,21.468700887647817,48.335639431437414,93.62342820476925,12.774372453687922
34.918639569802366,47.60080934831442,60.847597252745565,76.34747534424802,121.87383490249012,29.687837063776076,71.5596944959791,100.74312816911667,34.9663676675772,54.30324897649573,66.01643126578641,77.01881094101304,89.9814525971915,108.56863898647802,142.61937963050022,30.028277184510547,41.78487409990367,69.78438372520262,71.6558134520631,81.39860707021737,98.80883464452548,104.53908013981493,124.20002849563761,0.0,32.57111442952268,45.02326647423295,62.32580692566333,69.6517868440809,84.71310003886705,103.55568205978007,112.26979056405277,115.09990125810089,150.25454119961336,45.248824560786744,66.20231293287976,45.248824560786744,52.248824560786744,14.198631066063903,62.61956383234682,85.83525552813556,21.514724064562376,48.42589772900151,93.75934026088937,12.865103630554188
34.96519775589543,47.64977916435457,60.93665118869394,76.43717499824744,122.00905260495816,29.7326809851811,71.65074675109405,100.87943782393872,35.01221810443419,54.36672856779136,66.10300103237735,77.10601490989639,90.06904056288496,108.70199628001696,142.75047754743883,30.073142883839704,41.83268508409584,69.87511543925848,71.74660939513754,81.49257365528915,98.93047958075671,104.65153371337236,124.32364127703758,0.0,32.61702454715978,45.069412482422756,62.41623208538054,69.74208776979788,84.8090970245032,103.67094218896106,112.38462821062704,115.24031192467285,150.42260633152878,45.339559837900744,66.29304820999377,45.339559837900744,52.339559837900744,14.243430683896985,62.71198101172881,85.9702445622625,21.56074608440177,48.516162006471994,93.89525979492147,12.955838907668184
35.011755941988504,47.69873388745992,61.02571973981728,76.5268826069008,122.14427918799886,29.77752737657139,71.741801837576,101.01575444550852,35.05806860966804,54.430165465804485,66.1895874239437,77.19322662770783,90.15664207756649,108.8353706860131,142.88159167950118,30.118010998869572,41.88049382557194,69.9658512573992,71.83740919194646,81.5865346178869,99.05199608911187,104.76410661001685,124.44729336983008,0.0,32.66293526455077,45.11555597233069,62.50666285101336,69.83239458088806,84.90507758906108,103.7861499695533,112.49951625109348,115.38071381444708,150.5907299369229,45.43029920438143,66.38378757647445,45.43029920438143,52.43029920438143,14.288233094119214,62.804394947020214,86.1052463161909,21.606766958507656,48.60643224308217,94.03118678364747,13.046578274148867
35.05831412808157,47.74767363233273,61.11480280492585,76.6165981407212,122.27951462422475,29.82237623300822,71.83285975120896,101.15207801045942,35.10391918769212,54.493559756154134,66.27619040670561,77.28044611962308,90.24425710303147,108.96876213123885,143.01272198080787,30.16288152500298,41.92830032971647,70.05659116870282,71.92821283285987,81.68048998208583,99.17338337408525,104.87679964065089,124.5709846675839,0.0,32.70884658208859,45.16169696568787,62.59709920131315,69.92270725658604,85.00104181781956,103.90130508466665,112.61445503832508,115.52110695991912,150.75891177352375,45.521042649388335,66.47453102148135,45.521042649388335,52.521042649388335,14.333038290035915,62.89680566978202,86.24026073253313,21.65278669813836,48.69670841817021,94.16712120394946,13.137321719155773
35.10487231417464,47.79659851256613,61.203900283836255,76.70632157037028,122.4147588863644,29.867227549564685,71.92392048777401,101.28840849553737,35.149769842879465,54.55691152474503,66.36280994671219,77.3676734103839,90.33188560112148,109.1021705428927,143.14386840565047,30.207754457651923,41.97610460189953,70.14733516228851,72.01902030828049,81.77443977186756,99.29464065225004,104.98961360430029,124.69471506401486,0.0,32.75475850015588,45.207835484046775,62.68754111516518,70.01302577623528,85.09698979563656,104.01640722052652,112.72944492123894,115.66149139418452,150.92715160007168,45.61179016212148,66.5652785342145,45.61179016212148,52.61179016212148,14.37784626497473,62.9892132113151,86.37528775426067,21.69880531446972,48.78699051117854,94.30306303280922,13.228069231888925
35.15143050026771,47.845508640657094,61.293012077359386,76.79605286665698,122.5500119472624,29.912081321325605,72.01498404304952,101.42474587759999,35.19562057956314,54.620220857761495,66.4494460098449,77.45490852430156,90.41952753372455,109.2355958485962,143.2750309084912,30.25262979223751,42.02390664747673,70.23808322731625,72.1098316086438,81.86838401112077,99.4157671526978,105.10254928767102,124.81848445298688,0.0,32.800671019124884,45.25397154878313,62.777988571587294,70.10335011928753,85.19292160695016,104.13145606651037,112.84448624479937,115.80186715089833,151.09544917631717,45.70254173182117,66.65603010391419,45.70254173182117,52.70254173182117,14.422657012285548,63.08161760266256,86.51032732470145,21.74482281859562,48.87727850165318,94.43901224730772,13.318820801588613
35.19798868636078,47.89440412801916,61.382138087288176,76.88579200053687,122.68527377987792,29.95693754338752,72.10605041281134,101.56109013361602,35.241471402036424,54.683487841661446,66.5360985618209,77.54215148526063,90.5071828627769,109.36903797639074,143.40620944396204,30.297507524189985,42.07170647178947,70.32883535298663,72.20064672441764,81.96232272364114,99.53676211747695,105.21560746470797,124.94229272851365,0.0,32.846584139357525,45.300105181097415,62.86844154972879,70.19368026530192,85.28883733577985,104.24645131518385,112.95957935001964,115.94223426423648,151.2638042630186,45.79329734776775,66.74678571986077,45.79329734776775,52.79329734776775,14.467470525340422,63.174018874611896,86.64537938753699,21.790839221528714,48.967572369243065,94.57496882462448,13.409576417535192
35.24454687245385,47.94328508499504,61.47127821638586,76.97553894311105,122.82054435728483,30.001796210858625,72.1971195928327,101.6974412406645,35.28732231455335,54.746712563170476,66.62276756819637,77.62940231672236,90.59485155026357,109.50249685473459,143.53740396686385,30.342387648948662,42.11950408016463,70.41959152854056,72.29146564610214,82.05625593313161,99.65762480202778,105.32878889615652,125.06613978476071,0.0,32.89249786120538,45.34623640201653,62.958900028868996,70.28401619394418,85.38473706572806,104.36139266233656,113.07472457396146,116.08259276885934,151.43221662193994,45.884056999281405,66.83754537137443,45.884056999281405,52.884056999281405,14.512286797533331,63.26641705769718,86.78044388679974,21.83685453420092,49.05787209369922,94.71093274203709,13.500336069048844
35.29110505854692,47.992151620869095,61.560432368374094,77.06529366562543,122.95582365267043,30.04665731885879,72.28819157888462,101.83379917593413,35.33317332132891,54.809895109276006,66.70945299436978,77.71666104172841,90.68253355822006,109.63597241249971,143.66861443216584,30.38727016196197,42.167299477914824,70.51035174325929,72.38228836422965,82.15018366320298,99.77835447561434,105.44209432912753,125.19002551604652,0.0,32.938412185009966,45.39236523239571,63.049363988416374,70.3743578849861,85.48062087998167,104.4762798070171,113.18992224973287,116.22294269987799,151.60068601584848,45.97482067572197,66.92830904781499,45.97482067572197,52.97482067572197,14.557105822280269,63.35881218220133,86.91552076687039,21.882868767464196,49.14817765487421,94.84690397692052,13.59109974548941
35.33766324463999,48.04100384387959,61.649600447921515,77.15505613946975,123.09111163933538,30.0915208625195,72.37926636673579,101.97016391672264,35.37902442653946,54.873035567221415,66.7961548055854,77.80392768290419,90.77022884873254,109.76946457896898,143.79984079500423,30.432155058687446,42.215092670338514,70.60111598646398,72.47311486936466,82.24410593737382,99.8989504217532,105.55552449666581,125.31394981684421,0.0,32.9843271111029,45.43849169291987,63.13983340790704,70.4647053183046,85.57648886131298,104.5911124515682,113.30517270648538,116.36328409282132,151.76921220851202,46.06558836648877,67.01907673858179,46.06558836648877,53.06558836648877,14.601927593018978,63.451204278158286,87.0506099724751,21.928881932091052,49.23848903272149,94.98288250674679,13.681867436256212
35.38422143073306,48.08984186123081,61.73878236063231,77.2448263361767,123.22640829069276,30.13638683698383,72.4703439521529,102.10653544043596,35.424875634323016,54.93613402450026,66.88287296693646,77.89120226246263,90.85793738393974,109.90297328383292,143.93108301068239,30.47704233459167,42.262883662719716,70.69188424751557,72.56394515210334,82.33802277907066,100.01941193863672,105.66908011732316,125.43791258178338,0.0,33.03024263980564,45.48461580410528,63.230308267003736,70.55505847388099,85.6723410920815,104.70589030166109,113.42047626940852,116.50361698360618,151.93779496469716,46.15636006102036,67.10984843311338,46.15636006102036,53.15636006102036,14.646752103208954,63.54359337535513,87.18571144868304,21.974894038775176,49.328806207294654,95.11886830908426,13.772639130787798
35.43077961682613,48.13866577910506,61.82797801303491,77.33460422742115,123.36171358026755,30.181255237406436,72.56142433090065,102.24291372458768,35.47072694877959,54.99919056885048,66.96960744336822,77.97848480220743,90.94565912603326,110.03649845718711,144.0623410346693,30.52193198515037,42.31067246032837,70.78265651581466,72.65477920307382,82.43193421162879,100.13973833955279,105.7827618947364,125.56191370565112,0.0,33.07615877142995,45.53073758630146,63.32078854549466,70.64541733180036,85.7681776542352,104.8206130663295,113.53583325972461,116.64394140850796,152.10643405016657,46.24713574879438,67.2006241208874,46.24713574879438,53.24713574879438,14.691579346331343,63.635979503334326,87.32082514090354,22.02090509813213,49.419129158746806,95.25486136159724,13.863414818561822
35.477337802919195,48.187475702674384,61.917187312570874,77.42438978501912,123.49702748169607,30.22612605895348,72.65250749874188,102.37929874679824,35.516578373971605,55.06220528824873,67.05635819968165,78.06577532353677,91.03339403725928,110.17004002952883,144.19361482259927,30.56682400584827,42.35845906842017,70.87343278080127,72.74561701293565,82.5258402582919,100.25992895329789,105.89657051721088,125.685953083394,0.0,33.12207550627785,45.576857059692344,63.41127422329234,70.73578187225081,85.863998629312,104.9352804580028,113.6512439946813,116.78425740413395,152.27512923167635,46.33791541932732,67.29140379142034,46.33791541932732,53.33791541932732,14.736409315888777,63.72836269139565,87.45595099488358,22.06691512069982,49.509457867329914,95.39086164204525,13.954194489094762
35.52389598901227,48.2362717361123,62.00641016758396,77.514182980927,123.63234996872522,30.270999296802636,72.7435934514377,102.51569048479429,35.56242991392405,55.12517827090467,67.14312520053618,78.15307384744658,91.12114207991863,110.30359793175445,144.32490433027067,30.611718392179174,42.40624349223662,70.96421303195446,72.83645857238,82.61974094221246,100.37998312458424,106.01050665730997,125.81003061011917,0.0,33.16799284464158,45.622974244298135,63.5017652804324,70.8261520755226,85.95980409844096,105.04989219253942,113.76670878754386,116.92456500739716,152.4438802769737,46.42869906217434,67.38218743426737,46.42869906217434,53.42869906217434,14.781242005405312,63.82074296859846,87.59108895670529,22.112924116939173,49.59979231339412,95.52686912828273,14.044978131941777
35.57045417510534,48.28505398260527,62.09564648730938,77.60398378724078,123.7676810152122,30.315874946143108,72.83468218474769,102.65208891640819,35.60828157262501,55.18810960525541,67.22990841045325,78.24038039453417,91.20890321636844,110.43717209515651,144.4562095136459,30.65661513964599,42.454025737005196,71.05499725879248,72.92730387212936,82.71363628645248,100.49990021444121,106.12457097145153,125.93414618109611,0.0,33.21391078680396,45.66908915997688,63.592261697072615,70.91652792200782,86.05559414234398,105.16444798925924,113.88222794758619,117.06486425549242,152.61268695479455,46.51948666692912,67.47297503902215,46.51948666692912,53.51948666692912,14.826077408426402,63.91312036376376,87.72623897278326,22.158932097234757,49.69013247738723,95.66288379825838,14.135765736696559
35.61701236119841,48.33382254436397,62.184896181862996,77.69379217619496,123.90302059512354,30.360753002175457,72.9257736944298,102.78849401957712,35.65413335402569,55.250999379959836,67.31670779381913,78.32769498500146,91.296677409023,110.57076245142082,144.58753032885,30.701514243760563,42.501805807939164,71.14578545087228,73.01815290293733,82.8075263139831,100.61967960060808,106.23876409951139,126.058299691758,0.0,33.259829333038205,45.71520182642571,63.68276345349162,71.00690939219905,86.15136884133722,105.27894757097539,113.99780178008128,117.20515518587294,152.7815490348609,46.610278223223574,67.5637665953166,46.610278223223574,53.610278223223574,14.870915518518649,64.00549490547614,87.86140098986199,22.204939071895257,49.78047833985385,95.79890563001463,14.226557292991018
35.663570547291485,48.38257752263458,62.27415916223086,77.78360812016204,124.03836868253472,30.40563346011173,73.01686797624069,102.92490577234247,35.69998526204116,55.313847683893194,67.40352331488837,78.41501763865858,91.3844646203542,110.70436893262348,144.7188667321702,30.746415700043876,42.54958371023778,71.23657759778948,73.10900565558863,82.9014110476853,100.73932067792025,106.35308666443518,126.18249103770303,0.0,33.305748483608205,45.761312263182695,63.77327053008792,71.09729646668933,86.24712827533229,105.39339066402572,114.11343058629099,117.34543783622892,152.95046628787802,46.701073720727756,67.65456209282078,46.701073720727756,53.701073720727756,14.915756329269874,64.09786662208596,87.9965749550135,22.25094505115419,49.87082988143492,95.93493460168717,14.3173527904952
35.71012873338455,48.43131901770983,62.36343534025894,77.87343159165134,124.17372525162953,30.45051631517535,73.1079650259358,103.06132415284932,35.74583730055019,55.37665460614147,67.49035493778672,78.50234837492722,91.4722648128929,110.8379914712284,144.85021868005532,30.79131950402588,42.597359449086234,71.32737368917802,73.19986212089893,82.99529051034992,100.85882285868584,106.46753927185762,126.30672011469598,0.0,33.351668238768525,45.80742048962811,63.86378290737885,71.18768912617107,86.34287252383794,105.50777699830377,114.22911466345533,117.48571224446675,153.11943848553238,46.79187314914962,67.74536152124264,46.79187314914962,53.79187314914962,14.960599834288887,64.19023554171129,88.13176081563476,22.29695004517038,49.9611870828671,96.07097069150443,14.408152218917065
35.75668691947762,48.48004712893981,62.45272462864266,77.96326256330839,124.30909027669956,30.495401562601046,73.19906483926933,103.19774913934566,35.79168947339597,55.43942023599602,67.57720262651426,78.58968721284371,91.56007794922954,110.97163000008437,144.98158612911467,30.83622565124551,42.64513302965573,71.41817371471015,73.29072228971458,83.08916472467799,100.9781855730547,106.5821225097319,126.43098681866933,0.0,33.3975885987645,45.85352652498598,63.95430056599936,71.27808735143537,86.4386016659615,105.62210630728886,114.34485430478082,117.62597844868964,153.28846540048858,46.88267649823481,67.83616487032783,46.88267649823481,53.88267649823481,15.005446027205446,64.2826016922399,88.26695851944515,22.342954064028536,50.05154992498191,96.20701387778702,14.498955568002254
35.80324510557069,48.52876195474285,62.54202694091698,78.05310100791408,124.44446373214359,30.540289197634976,73.29016741199452,103.33418071018187,35.83754178438612,55.50214466294821,67.66406634494851,78.67703417106301,91.64790399201524,111.10528445242221,145.1129690361177,30.881134137250807,42.69290445710355,71.5089776640962,73.38158615291275,83.18303371328112,101.09740826937642,106.69683694796821,126.55529104572508,0.0,33.44350956383234,45.89963038832573,64.04482348670119,71.36849112337163,86.53431578041027,105.73637832807614,114.46064979942913,117.76623648717894,153.45754680638692,46.97348375776658,67.9269721298596,46.97348375776658,53.97348375776658,15.050294901670243,64.3749651013314,88.40216801448419,22.38895711773994,50.141918388705484,96.34306413894735,14.589762827534024
35.84980329166376,48.57746359261609,62.63134219144638,78.14294689838371,124.57984559246694,30.58517921553454,73.38127273986365,103.4706188438099,35.883394237293196,55.564827976683986,67.75094605684741,78.7643892678614,91.73574290396238,111.23895476185197,145.2443673579929,30.926044957598737,42.740673736572944,71.59978552708417,73.47245370140094,83.27689749868154,101.2164904145493,106.81168313808188,126.67963269213581,0.0,33.48943113419922,45.945732098563354,64.13535165035162,71.45890042296655,86.630014945493,105.8505928014054,114.57650143250463,117.90648639837683,153.6266824778409,47.06429491756549,68.01778328965851,47.06429491756549,54.06429491756549,15.095146451354662,64.46732579641898,88.5373892491089,22.434959216242852,50.23229245505768,96.47912145348897,14.680573987332934
35.89636147775683,48.62615213914597,62.72067029541502,78.23280020776635,124.71523583228095,30.63007161156843,73.47238081862821,103.60706351878282,35.92924683585486,55.6274702670786,67.8378417258524,78.85175252114017,91.82359464784552,111.37264086236075,145.3757810518275,30.97095810785527,42.7884408731933,71.69059729345997,73.56332492611723,83.37075610331263,101.3354314943581,106.92666161285321,126.80401165434583,0.0,33.53535331008333,45.99183167446284,64.22588503793253,71.54931523130362,86.72569923912138,105.9647494716896,114.6924094850424,118.04672822086961,153.79587219043387,47.15510996748928,68.1085983395823,47.15510996748928,54.15510996748928,15.140000669950783,64.55968380471155,88.67262217199155,22.48096036940318,50.32267210515149,96.61518580000617,14.77138903725672
35.9429196638499,48.67482769001852,62.810011168816956,78.32266090924391,124.85063442630236,30.674966381016546,73.5634916440389,103.74351471375412,35.975099583774245,55.69007162419128,67.9247533154913,78.93912394842873,91.91145918650219,111.50634268830925,145.50721007486638,31.015873583595344,42.836205872080136,71.78141295304673,73.65419981802975,83.4646095495189,101.45423101380119,107.04177288599755,126.9284278289729,0.0,33.581276091693965,46.037929134637906,64.31642363053938,71.6397355295624,86.82136873881156,106.0788480870428,114.80837423399524,118.18696199337228,153.96511572071742,47.24592889743264,68.19941726952567,47.24592889743264,54.24592889743264,15.184857551171245,64.65203915319553,88.80786673211718,22.526960587014933,50.41305732019254,96.75125715718347,14.862207967200083
35.98947784994297,48.723490340029706,62.89936472844673,78.41252897613036,124.98604134935299,30.719863519170094,73.65460521184595,103.87997240747703,36.02095248472027,55.75263213826013,68.01168078918134,79.02650356688814,91.99933648283375,111.64006017442958,145.63865438451168,31.060791380402907,42.88396873833513,71.87223249570513,73.74507836813696,83.55845785955641,101.57288849740526,107.15701745184755,127.05288111280926,0.0,33.627199479231756,46.08402449755317,64.40696740938027,71.73016129901796,86.91702352168562,106.19288839930756,114.92439595222133,118.32718775471287,154.13441284620745,47.336751697327145,68.29024006942016,47.336751697327145,54.336751697327145,15.229717088749254,64.74439186863692,88.94312287878131,22.572959878800898,50.50344808147846,96.8873355037951,14.953030767094589
36.03603603603604,48.77214018309535,62.98873089188972,78.50240438187085,125.1214565763588,30.764763021331348,73.7457215177989,104.01643657880402,36.0668055423278,55.81515189969681,68.09862411023212,79.11389139331403,92.08722649980596,111.77379325582271,145.77011393832163,31.10571149387078,42.931729477045984,71.96305591133266,73.83596056746715,83.65230105559303,101.69140348952831,107.27239578504773,127.17737140282298,0.0,33.673123472888385,46.1301177815255,64.49751635577472,71.82059252104007,87.01266366447292,106.30687016408115,115.0404749084712,118.4674055438192,154.3037633453823,47.42757835714089,68.38106672923391,47.42757835714089,54.42757835714089,15.274579276438288,64.83674197758302,89.07839056158744,22.618958254413037,50.59384437039818,97.02342081870447,15.043857426908332
36.08259422212911,48.82077731226128,63.07810957751311,78.59228710004126,125.25688008234965,30.809664882813877,73.83684055764715,104.1529072066862,36.11265876019815,55.877630999081596,68.18558324184855,79.20128744414018,92.17512920045004,111.90754186795552,145.90158869401054,31.150633919600864,42.979488093286925,72.053883189864,73.92684640707856,83.74613915970869,101.80977555465003,107.3879083402614,127.30189859615915,0.0,33.71904807284714,46.176209004725486,64.5880704511531,71.91102917709273,87.108289243512,106.42079314074174,115.15661136737494,118.60761539970503,154.47316699767964,47.51840886687853,68.47189723897155,47.51840886687853,54.51840886687853,15.319444108012267,64.92908950636446,89.21366973044493,22.664955723433195,50.684246168431585,97.15951308086383,15.134687936645973
36.129152408222176,48.86940181971291,63.16750070445644,78.68217710434685,125.39231184245853,30.854569098942278,73.92796232713958,104.28938427017243,36.15851214189917,55.94006952715801,68.27255814713354,79.28869173544146,92.26304454786326,112.04130594665841,146.0330786094473,31.19555865320388,43.02724459211818,72.14471432127034,74.01773587805916,83.83997219389559,101.92800427764887,107.50355555189121,127.42646259014121,0.0,33.76497327928261,46.22229818517881,64.67862967705514,72.00147124873331,87.20390033475161,106.5346570924735,115.2728055894294,118.74781736145727,154.6426235834936,47.609243216580886,68.56273158867391,47.609243216580886,54.609243216580886,15.364311577265205,65.02143448109693,89.34896033556657,22.710952295373456,50.77465345714858,97.29561226931364,15.225522286348326
36.17571059431525,48.918013796785175,63.25690419262252,78.772074368622,125.52775183192121,30.899475665052314,74.01908682202497,104.42586774840915,36.20436569096573,56.00246757482808,68.35954878909108,79.37610428293726,92.35097250520938,112.1750854281226,146.16458364265532,31.240485690299554,43.07499897858637,72.23554929555965,74.10862897152644,83.93380018005873,102.04608926406512,107.61933783381284,127.55106328227218,0.0,33.81089909236096,46.268385340767445,64.76919401512947,72.09191871761223,87.29949701375244,106.64846178629124,115.38905783098564,118.88801146822411,154.81213288417234,47.70008139632494,68.65356976841797,47.70008139632494,54.70008139632494,15.409181678011352,65.11377692768322,89.4842623274663,22.75694797967683,50.86506621820887,97.43171836318216,15.316360466092382
36.222268780408314,48.96661333397187,63.34631996266872,78.8619788668291,125.66320002607549,30.944384576490766,74.11021403805199,104.5623576206394,36.250219410899724,56.06482523314707,68.44655513062898,79.46352510199456,92.43891303571975,112.30888024889776,146.29610375181161,31.285415026516468,43.1227512577243,72.32638810277608,74.19952567862747,84.02762314001559,102.16403014035068,107.73525557912316,127.67570057023572,0.0,33.85682551223993,46.31447048923109,64.85976344713232,72.18237156547198,87.39507935568865,106.76220699306401,115.50536834423578,119.02819775920328,154.98169468201462,47.79092339622351,68.74441176831654,47.79092339622351,54.79092339622351,15.454054404084896,65.20611687181473,89.61957565695694,22.802942785717605,50.95548443336106,97.56783134168487,15.40720246599095
36.268826966501386,49.01520052093535,63.43574793599804,78.95189057305807,125.79865640036091,30.989295828615585,74.2013439709693,104.6988538662026,36.296073305170694,56.127142593318844,68.53357713456181,79.55095420763115,92.52686610269406,112.44269034588933,146.427638895246,31.33034665749223,43.17050143455132,72.41723073300012,74.29042599053867,84.12144109549712,102.28182655410389,107.85130915990284,127.80037435189747,0.0,33.9027525390691,46.360553648168576,64.95033795492681,72.27282977414679,87.49064743534943,106.87589248753858,115.62173737720107,119.16837627363164,155.15130876026748,47.88176920642529,68.83525757851831,47.88176920642529,54.88176920642529,15.498929749340133,65.29845433897374,89.75490027514806,22.84893672280215,51.04590808444243,97.70395118412428,15.498048276192733
36.31538515259446,49.06377544651552,63.52518803475013,79.04180946152506,125.93412093031783,31.034209416795537,74.2924766165257,104.8353564645334,36.34192737721575,56.18941974669049,68.6206147636133,79.63839161451868,92.61483166950048,112.57651565635615,146.5591890314405,31.375280578873156,43.218249514072966,72.50807717634818,74.38132989846551,84.21525406814749,102.39947817428936,107.96749892699358,127.925084525306,0.0,33.94868017298954,46.406634835038766,65.04091752048178,72.3632933255617,87.58620132714027,106.98951804836129,115.73816517371937,119.30854705077415,155.32097490312313,47.972618817114345,68.92610718920737,47.972618817114345,54.972618817114345,15.54380770765099,65.39078935443463,89.89023613344345,22.894929800169024,51.13633715337796,97.84007786988907,15.588897886881783
36.36194333868753,49.11233819873943,63.61464018179312,79.13173550657243,126.0695935915874,31.0791253364106,74.38361197047011,104.97186539516181,36.387781630440166,56.251656784747986,68.70766798041967,79.72583733698599,92.70280969957682,112.71035611790764,146.69075411902875,31.420216786314665,43.26599550128125,72.59892742297258,74.47223739364277,84.30906207952448,102.51698469144306,108.08382520979075,128.0498309886942,0.0,33.99460841413446,46.45271406716249,65.13150212587117,72.45376220173232,87.68174110508482,107.10308345810024,115.85465197343318,119.44871012991473,155.4906928957161,48.063472218510306,69.01696059060333,48.063472218510306,55.063472218510306,15.588688272911387,65.48312194326621,90.02558318353935,22.94092202698993,51.226771622180145,97.97621137845387,15.679751288277746
36.4085015247806,49.16088886483006,63.7041043007149,79.22166868266747,126.20507435991057,31.124043582851606,74.47475002855184,105.10838063771207,36.4336360682175,56.313853799111016,68.79473674753191,79.81329138902208,92.79080015643099,112.84421166850198,146.82233411679516,31.465155275480935,43.31373940115473,72.68978146306134,74.56314846733413,84.40286515109999,102.63434581786167,108.20028831605198,128.17461364048037,0.0,34.04053726262874,46.49879136172321,65.22209175327296,72.54423638476398,87.77726684282628,107.2165885032658,115.97119801177797,119.58886555034664,155.66046252412056,48.154329400867965,69.10781777296098,48.154329400867965,55.154329400867965,15.633571439034855,65.57545213033316,90.1609413774219,22.98691341236991,51.31721147294821,98.1123516893788,15.770608470635404
36.45505971087367,49.20942753121544,63.79358031581478,79.31160896440177,126.34056321112777,31.16896415152034,74.56589078652048,105.24490217190225,36.47949069388984,56.3760108815283,68.88182102741865,79.90075378427919,92.87880300364168,112.97808224644298,146.9539289836743,31.510096042045046,43.36148121865822,72.78063928683785,74.65406311083204,84.49666330425991,102.75156128777562,108.31688853172074,128.2994323792692,0.0,34.086466718589456,46.544866735768444,65.31268638496825,72.63471585685107,87.87277861362878,107.33003297433085,116.08780351997063,119.7290133513636,155.8302835753469,48.24519035447715,69.19867872657018,48.24519035447715,55.24519035447715,15.678457199954513,65.66777994029785,90.29631066736515,23.032903965347963,51.40765668786761,98.24849878230889,15.861469424244595
36.501617896966735,49.25795428353735,63.88306815209516,79.40155632649048,126.47606012117849,31.213887037829476,74.65703424012615,105.38142997754375,36.52534551076808,56.438128123872836,68.96892078246879,79.98822453607589,92.96681820485892,113.11196779037797,147.08553867875054,31.5550390816889,43.40922095874322,72.871500884561,74.74498131545782,84.59045656030469,102.86863085750664,108.43362612076717,128.4242871038527,0.0,34.132396782125674,46.5909402062113,65.40328600334031,72.72520060027662,87.96827649037908,107.44341666575015,116.20446872499848,119.86915357225134,156.00015583733932,48.33605506966258,69.2895434417556,48.33605506966258,55.33605506966258,15.723345549622993,65.76010539762204,90.43169100592876,23.07889369489755,51.4981072492095,98.38465263697371,15.95233413943002
36.54817608305981,49.306469206660275,63.97256773525356,79.49151074377157,126.61156506610051,31.258812237202616,74.74818038511948,105.5179640345406,36.571200522132216,56.500205618137244,69.05603597499436,80.0757036574003,93.05484572380452,113.24586823929563,147.21716316125645,31.59998439010329,43.456958626347664,72.96236624652468,74.8359030725612,84.68424494044949,102.98555430560836,108.55050132504456,128.54917771321175,0.0,34.17832745333854,46.63701178983115,65.49389059087405,72.81569059741169,88.0637605455881,107.55673937597876,116.32119384960869,120.00928625227981,156.1700790989726,48.42692353678369,69.38041190887671,48.42692353678369,55.42692353678369,15.768236482012393,65.85242852656866,90.56708234595605,23.124882609927045,51.5885631393302,98.52081323318687,16.04320260655113
36.59473426915287,49.35497238467987,64.06207899167445,79.58147219120524,126.74707802202956,31.303739745074207,74.83932921725183,105.65450432288905,36.617055731231645,56.562243456429194,69.14316656723285,80.16319116091296,93.14288552427315,113.37978353252313,147.34880239057344,31.64493196298787,43.504694226396154,73.05323536305782,74.92682837352059,84.77802846582446,103.10233143299035,108.6675143641633,128.6741041065168,0.0,34.22425873232156,46.68308150327552,65.58450013015474,72.90618583071465,88.1592308513925,107.67000090749006,116.43797911229782,120.14941143069534,156.34005315004924,48.51779574623449,69.47128411832752,48.51779574623449,55.51779574623449,15.813129991114193,65.94474935120354,90.70248464057181,23.170870719280316,51.679024340670594,98.65698055084562,16.134074816001934
36.641292455245946,49.40346390093146,64.15160184842128,79.67144064387291,126.88259896519871,31.348669556889472,74.93048073227517,105.79105082267688,36.662911141285356,56.62424173096655,69.23031252134994,80.25068705894977,93.2309375701324,113.51371360972396,147.48045632623,31.689881796051004,43.55242776379969,73.14410822452416,75.01775720974257,84.871807157475,103.21896206302583,108.78466543538062,128.79906618312899,0.0,34.270190619160424,46.7291493630605,65.67511460386731,72.99668628273058,88.25468747955598,107.78320106679237,116.55482472730229,120.2895291467136,156.51007778129645,48.6086716884433,69.56216006053633,48.6086716884433,55.6086716884433,15.858026070939005,66.0370678953969,90.83789784318009,23.21685803173706,51.769490835755626,98.79315456993022,16.224950758210742
36.68785064133902,49.45194383799867,64.24113623322881,79.76141607697676,127.01812787193806,31.39360166810454,75.02163492594251,105.92760351408293,36.70876675548228,56.68620053407322,69.31747379944231,80.3381913635254,93.31900182532361,113.64765841089596,147.61212492790165,31.734833885010048,43.60015924345615,73.23498482132217,75.10868957266213,84.96558103636215,103.3354460416411,108.90195471350869,128.92406384260124,0.0,34.31612311393332,46.77521538557279,65.76573399479578,73.08719193609097,88.35013050147117,107.89633966444553,116.6717309045888,120.42963943951297,156.6801527843631,48.699551353872785,69.65303972596581,48.699551353872785,55.699551353872785,15.902924715516805,66.12938418282526,90.97332190746232,23.26284455601353,51.85996260719389,98.92933527050394,16.31583042364023
36.73440882743209,49.50041227772133,64.33068207449512,79.85139846583871,127.15366471867384,31.43853607418616,75.11279179400752,106.06416237737636,36.7546225769813,56.74811995817411,69.40465036353966,80.42570408633561,93.40707825386225,113.78161787636816,147.74380815541005,31.779788225590966,43.64788867024995,73.32586514388454,75.19962545374217,85.0593501233625,103.45178323738895,109.01938235083894,129.04909698467895,0.0,34.36205621671063,46.82127958707005,65.85635828582178,73.17770277351278,88.44555998816078,108.0094165150757,116.78869784984549,120.56974234822711,156.85027795181685,48.79043473301947,69.74392310511249,48.79043473301947,55.79043473301947,15.947825918896495,66.22169823697287,91.10875678737507,23.30883030076266,51.95043963767677,99.06552263271202,16.406713802786907
36.78096701352516,49.548869301204114,64.42023930127435,79.94138778590016,127.28920948192834,31.483472770611964,75.203951332225,106.20072739291645,36.80047860891188,56.810000095791196,69.49184217560776,80.51322523876097,93.49516681983869,113.91559194679945,147.87550596872242,31.82474481352868,43.69561604905218,73.41674918267866,75.29056484447378,85.15311443926909,103.5679735415047,109.13694847708427,129.1741655093015,0.0,34.40798992755551,46.867341983682756,65.94698745992451,73.2682187777982,88.54097601027972,108.12243143739043,116.90572576447384,120.70983791193996,157.02045307714107,48.88132181641394,69.83481018850696,48.88132181641394,55.88132181641394,15.99272967514613,66.31401008113356,91.24420243714816,23.354815274574914,52.040921909978294,99.20171663678163,16.497600886181377
36.82752519961823,49.597314988824316,64.50980784326882,80.03138401272078,127.42476213831907,31.528411752870273,75.29511353635088,106.33729854115182,36.84633485437408,56.87184103953876,69.57904919755087,80.60075483186925,93.58326748741852,114.04958056317568,148.0072183279508,31.869703644566844,43.743341384720694,73.50763692820571,75.38150773637587,85.24687400479093,103.68401686794347,109.25465319933859,129.29926931660287,0.0,34.45392424652366,46.9134025914149,66.03762150017931,73.35873993183377,88.6363786381159,108.23538425419191,117.02281484558068,120.8499261696791,157.1906779547318,48.97221259462045,69.92570096671348,48.97221259462045,55.97221259462045,16.03763597835263,66.40631973841222,91.37965881128255,23.400799485978546,52.13140940695443,99.3379172630214,16.58849166438789
36.874083385711295,49.64574942024001,64.59938763082184,80.12138712197812,127.56032266455864,31.573353016460096,75.38627840214218,106.47387580261996,36.8921913164388,56.93364288211912,69.6662713912139,80.68829287641863,93.67138022084319,114.18358366680748,148.1389451933517,31.91466471445789,43.79106468210022,73.59852837100111,75.47245412099505,85.34062884055392,103.79991315340195,109.37249660205362,129.42440830691265,0.0,34.49985917366333,46.9594614261453,66.1282603897572,73.44926621859013,88.73176794159255,108.34827479239013,117.13996528597129,120.99000716041046,157.36095237989474,49.06310705823686,70.01659543032989,49.06310705823686,56.06310705823686,16.082544822621813,66.49862723172647,91.51512586454834,23.446782943440127,52.2219021115426,99.47412449182089,16.679386128004303
36.92064157180437,49.694172674397684,64.68897859491025,80.2113970894668,127.69589103745366,31.618296556891032,75.47744592535706,106.61045915794645,36.938047998148015,56.995405716318146,69.75350871838509,80.77583938286043,93.75950498443021,114.31760119932814,148.27068652532506,31.959628018962928,43.83878594602201,73.68942350163385,75.56340398990557,85.43437896710063,103.9156623573212,109.49047874703304,129.5495823807568,0.0,34.545794709015524,47.00551850362858,66.21890411192382,73.53979762112118,88.82714399026902,108.46110288301432,117.25717727414225,121.13008092303275,157.53127614884212,49.154005197894314,70.10749356998734,49.154005197894314,56.154005197894314,16.127456202078175,66.59093258380813,91.65060355198271,23.492765655364895,52.31240000676101,99.61033830365005,16.770284267661758
36.96719975789743,49.74258482954035,64.77858066713722,80.3014138910978,127.8314672339049,31.663242369683363,75.56861610175517,106.74704858784494,36.98390490251511,57.05712963500122,69.84076114079846,80.86339436134213,93.847641742574,114.45163310269126,148.4024422844137,32.00459355385188,43.88650518130432,73.78032231070675,75.65435733470922,85.52812440489086,104.03126446187288,109.60859967344504,129.67479143885888,0.0,34.59173085261402,47.05157383949656,66.30955265003887,73.63033412256374,88.92250685334307,108.57386836122477,117.37445099427592,121.27014749637246,157.7016490586899,49.24490700425729,70.19839537635032,49.24490700425729,56.24490700425729,16.172370110864964,66.68323581720492,91.78609182888802,23.53874763009738,52.40290307570843,99.74655867905909,16.861186074024733
37.013757943990505,49.7909859632151,64.8681937797252,80.3914375028979,127.9670512309066,31.70819045036807,75.65978892709755,106.88364407311624,37.029762032525255,57.11881473110883,69.92802862013623,80.95095782171029,93.93579045974637,114.58567931916876,148.534212431303,32.049561314903485,43.9342223927523,73.87122478885611,75.74531414703526,85.62186517430189,104.14671947192753,109.72685939785117,129.80003538214095,0.0,34.63766760448554,47.09762744925913,66.4002059875553,73.72087570613691,89.01785659965184,108.68657106632268,117.49178662623521,121.41020691917961,157.87207090745434,49.33581246802341,70.28930084011644,49.33581246802341,56.33581246802341,16.217286543144105,66.77553695428213,91.92159065083004,23.58472887592187,52.493411301563526,99.88278559867786,16.952091537790853
37.06031613008358,49.839376152280586,64.95781786550872,80.48146790100884,128.1026430055456,31.7531407944866,75.75096439714663,107.02024559464783,37.07561939113525,57.180461097652326,70.01531111803106,81.0385297735133,94.02395110049666,114.7197397913485,148.66599692681984,32.09453129790509,43.98193758515791,73.9621309267515,75.83627441854016,85.71560129562876,104.26202741500575,109.84525791425322,129.9253141117242,0.0,34.683604964649746,47.14367934830531,66.4908641080184,73.81142235514162,89.11319329767376,108.79921084175962,117.60918434555813,121.55025923012231,158.04254149404906,49.42672157992315,70.38020995201617,49.42672157992315,56.42672157992315,16.26220549309595,66.8678360172239,92.05709997363566,23.630709401062678,52.58392466758439,100.01901904321541,17.04300064969059
37.10687431617665,49.88775547291462,65.04745285792762,80.57150506168664,128.23824253500135,31.79809339759103,75.84214250766644,107.15685313341349,37.12147698127409,57.24206882770982,70.10260859606855,81.12611022600422,94.11212362945224,114.853814462132,148.79779573193238,32.139503498652815,44.029650763300076,74.05304071509576,75.92723814090763,85.8093327890842,104.37718834121206,109.96379519415714,130.05062752892988,0.0,34.72954293311919,47.18972955190458,66.58152699506515,73.90197405295987,89.20851701552985,108.91178753514603,117.7266443234544,121.69030446778304,158.21306061828201,49.51763433071977,70.47112270281279,49.51763433071977,56.51763433071977,16.307126954919358,66.96013302803492,92.1926197533911,23.67668921368475,52.67444315710798,100.15525899345963,17.133913400487213
37.153432502269716,49.93612400062156,65.13709869101994,80.66154896130107,128.37384979654524,31.843048255243904,75.93332325442258,107.29346667047263,37.16733480584307,57.303638014422006,70.18992101578932,81.21369918814362,94.20030801131932,114.98790327473256,148.92960880774916,32.18447791295145,44.07736193194461,74.14395414462463,76.01820530584833,85.90305967479941,104.4922023231519,110.08247118665415,130.17597553528026,0.0,34.77548150989959,47.23577807520764,66.67219463242336,73.9925307830544,89.30382782098553,109.02430099825904,117.84416672680179,121.83034267065445,158.3836280808524,49.60855071120917,70.5620390833022,49.60855071120917,56.60855071120917,16.352050922831523,67.05242800854192,92.32814994644012,23.722668321894027,52.7649667535497,100.29150543027679,17.22482978097661
37.19999068836279,49.9844818102396,65.22675529941549,80.75159957633478,128.50946476754012,31.888005363018323,76.0245066331825,107.43008618696994,37.213192867716025,57.36516875098816,70.27724833869172,81.30129666860249,94.28850421088292,115.12200617267311,149.0614361155184,32.22945453661452,44.12507109584439,74.2348712061068,76.1091759051,85.99678197282398,104.6070694558312,110.20128581851881,130.30135803249945,0.0,34.82142069498969,47.28182493324764,66.76286700391117,74.0830925289682,89.39912578145203,109.13675108704902,117.96175171814336,121.97037387713509,158.55424368334744,49.699470712219714,70.65295908431274,49.699470712219714,56.699470712219714,16.396977391067974,67.14472098039523,92.463690509382,23.768646733737977,52.8554954404029,100.42775833461127,17.315749781987154
37.246548874455854,50.03282897594797,65.31642261832884,80.8416568833828,128.64508742543984,31.93296471649784,76.11569263971529,107.5667116641347,37.25905116973962,57.426661130662005,70.36459052623375,81.38890267576478,94.37671219300759,115.25612309978376,149.19327761662777,32.27443336546418,44.172778259739246,74.32579189034358,76.20014993042709,86.0904997031263,104.72178985653964,110.3202389943238,130.42677492251406,0.0,34.86736048838156,47.327870140941194,66.85354409343594,74.17365927432371,89.49441096398776,109.24913766164569,118.07939945568558,122.11039812552632,158.72490722823937,49.790394324612066,70.74388269670509,49.790394324612066,56.790394324612066,16.441906353882423,67.23701196507015,92.59924139906968,23.814624457205912,52.946029201238375,100.56401768748492,17.40667339437951
37.29310706054893,50.081165571274106,65.40610058355291,80.93172085915178,128.78071774778874,31.97792631127648,76.20688126979198,107.70334308328043,37.304909714733604,57.488115246747796,70.45194753983547,81.47651721773052,94.4649319226376,115.3902540002002,149.32513327260335,32.31941439533133,44.220483428356175,74.41671618816895,76.2911273736209,86.18421288559387,104.83636366471738,110.43933059657128,130.55222610745435,0.0,34.91330089006039,47.37391371308937,66.94422588499388,74.2642310028227,89.58968343530049,109.36146058636297,118.19711009329704,122.25041545402827,158.89561851888234,49.8813215392791,70.83480991137212,49.8813215392791,56.8813215392791,16.486837805546763,67.32930098386855,92.73480257260803,23.86060150022956,53.03656801970394,100.70028346999683,17.49760060904654
37.33966524664199,50.129491669100595,65.49578913145243,81.02179148045941,128.91635571222125,32.02289014295866,76.2980725191855,107.83998042580436,37.3507685054908,57.549531192596305,70.53931934088118,81.56414030231817,94.55316336479754,115.52439881836096,149.45700304510933,32.36439762205542,44.26818660640901,74.50764409044915,76.38210822649917,86.2779215400333,104.95079104180532,110.55856048584049,130.6777114896545,0.0,34.959241900004876,47.419955664378875,67.03491236266906,74.35480769824535,89.68494326174805,109.47371972970323,118.31488378050766,122.39042590073669,159.06637735950898,49.97225234714563,70.92574071923865,49.97225234714563,56.97225234714563,16.531771740350898,67.42158805792027,92.87037398735177,23.906577870683332,53.12711187952381,100.83655566332278,17.58853141691307
37.386223432735065,50.177807341672214,65.58548819895745,81.11186872423372,129.05200129646144,32.067856207159245,76.38926638367076,107.97662367318688,37.396627544777694,57.61090906160089,70.62670589072165,81.6517719370677,94.64140648459244,115.65855749900616,149.58888689594724,32.40938304148466,44.315887798599064,74.59857558808282,76.47309248090629,86.37162568617113,105.06507217107925,110.67792850095158,130.8032309716539,0.0,35.00518351818699,47.4659960093828,67.1256035106329,74.44538934445006,89.78019050934056,109.58591496436054,118.43272066250921,122.53042950363992,159.23718355522763,50.063186739168415,71.01667511126143,50.063186739168415,57.063186739168415,16.576708152602784,67.51387320818463,93.00595560090389,23.952553576384936,53.217660764498305,100.97283424871502,17.679465808935856
37.43278161882814,50.22611266060267,65.67519772355708,81.20195256751227,129.1876544783224,32.1128244995034,76.48046285902473,108.11327280699098,37.44248683533425,57.672248947193665,70.71410715067624,81.73941212924304,94.72966124720838,115.79272998717468,149.72078478705538,32.45437064947577,44.36358700961446,74.6895106720005,76.56408012871296,86.46532534365332,105.17920725746885,110.79743445914457,130.9287844561975,0.0,35.0511257445721,47.51203476256172,67.21629931314325,74.53597592537265,89.87542524374172,109.69804616722271,118.55062088015593,122.67042630061547,159.40803691201907,50.15412470633582,71.10761307842884,50.15412470633582,57.15412470633582,16.621647036628193,67.60615645545172,93.14154737111357,23.998528625095616,53.30821465850319,101.10911920750166,17.77040377610326
37.4793398049212,50.274407696881504,65.76491764329316,81.29204298744183,129.32331523570605,32.15779501562669,76.57166194102648,108.24992780886201,37.48834637987456,57.73355094284166,70.80152308203517,81.82706088583492,94.81792761791277,115.92691622820266,149.8526966805081,32.4993604418942,44.411284244130705,74.78044933316477,76.65507116181612,86.55902053204623,105.29319652736083,110.91707815627447,131.0543718462369,0.0,35.09706857911924,47.55807193826486,67.30699975454391,74.62656742502618,89.97064753027036,109.81011321937325,118.66858456996619,122.81041632942764,159.57893723673345,50.24506623966786,71.19855461176088,50.24506623966786,57.24506623966786,16.666588386770815,67.69843782034407,93.27714925607474,24.044503024520722,53.398773545489426,101.24541052108644,17.8613453094353
37.525897991014276,50.322692520880665,65.8546478967542,81.38213996127757,129.45898354660235,32.20276775117497,76.66286362545745,108.38658866052695,37.53420618108673,57.79481514204307,70.88895364606154,81.91471821356355,94.90620556205462,116.06111616772122,149.98462253851545,32.54435241461393,44.458979506810415,74.87139156257001,76.74606557213899,86.65271127083659,105.40704022838736,111.03685936702075,131.17999304493063,0.0,35.143012021780905,47.60410755073077,67.39770481926377,74.71716382750016,90.06585743390202,109.92211600609156,118.7866118641251,122.95039962772466,159.74988433708677,50.33601133021591,71.28949970230893,50.33601133021591,57.33601133021591,16.71153219739204,67.79071732331785,93.41276121412389,24.09047678231001,53.48933740948248,101.38170817094824,17.95229039998335
37.57245617710734,50.37096720236119,65.94438842306916,81.47224346638227,129.5946593890893,32.24774270180441,76.75406790810116,108.52325534379409,37.580066241633254,57.85604163832339,70.97639880399348,82.00238411888121,94.99449504506498,116.19532975165471,150.1165623234226,32.5893465635176,44.50667280230358,74.96233735124221,76.8370633516307,86.74639757943174,105.52073862919988,111.15677784511173,131.30564795564533,0.0,35.18895607250334,47.65014161408859,67.48841449181621,74.80776511696021,90.16105501927056,110.03405441685275,118.90470289048753,123.09037623303595,159.92087802165824,50.42695996906268,71.3804483411557,50.42695996906268,57.42695996906268,16.756478462871005,67.88299498466439,93.54838320383867,24.136449906058196,53.57990623458211,101.51801213864074,18.043239038830116
37.619014363200414,50.41923181047967,66.0341391619014,81.56235348022594,129.73034274133192,32.29271986318147,76.84527478474358,108.6599278405524,37.62592656415116,57.91723052523182,71.06385851704624,82.09005860797492,95.08279603245721,116.32955692621827,150.2485159977088,32.63434288449641,44.554364135247305,75.05328669023888,76.92806449226647,86.8400794771599,105.63429201922852,111.27683332356317,131.43133648195627,0.0,35.23490073122639,47.696174142358785,67.57912875679848,74.89837127764763,90.25624035066959,110.14592834532645,119.02285777258211,123.23034618276985,160.09191809988664,50.517912147321944,71.47140051941497,50.517912147321944,57.517912147321944,16.80142717760443,67.97527082451153,93.68401518403593,24.1824224033052,53.67048000496165,101.654322405792,18.134191217089384
37.66557254929348,50.46748641379471,66.12390005344288,81.65246998038512,129.86603358158234,32.33769923098279,76.93648425117303,108.79660613277127,37.6717871512523,57.97838189633756,71.15133274641423,82.17774168676914,95.17110848982736,116.46379763791639,150.38048352398724,32.679341373450114,44.602053510266096,75.14423957064879,77.01906898604729,86.93375698327058,105.7477007084278,111.39702551493068,131.5570585276479,0.0,35.280845997883745,47.7422051494543,67.66984759889084,74.98898229387876,90.35141349205409,110.25773768937465,119.14107662961594,123.37030951421157,160.26300438206746,50.60886785613848,71.56235622823151,50.60886785613848,57.60886785613848,16.84637833600653,68.06754486282497,93.81965711376999,24.228394281536684,53.76105870486773,101.79063895410404,18.22514692590592
37.71213073538655,50.515731080273234,66.21367103840825,81.74259294454218,130.001731888179,32.382680800895244,77.02769630318026,108.93329020249969,37.71764800552348,58.0394958452261,71.23882145327296,82.2654333609281,95.25943238285437,116.59805183354068,150.5124648650043,32.72434202628701,44.64974093197185,75.23519598359192,77.11007682499977,87.02743011693471,105.86096502700916,111.51735411157539,131.6828139967145,0.0,35.32679187240284,47.7882346491812,67.76057100285607,75.07959815004446,90.44657450704206,110.3694823510487,119.25935957647987,123.51026626452035,160.4341366793497,50.69982708668786,71.65331545878088,50.69982708668786,57.69982708668786,16.89133193250901,68.15981711940967,93.95530895233097,24.274365548184345,53.851642318619774,101.9269617653525,18.316106156455305
37.758688921479624,50.563965877296866,66.30345205802901,81.83272235048472,130.13743763954625,32.427664568615924,77.1189109365587,109.06998003186627,37.76350912952667,58.10057246549581,71.32632459878128,82.35313363585887,95.34776767730042,116.73231946016783,150.644459983639,32.76934483892399,44.69742640496374,75.3261559202194,77.20108800117634,87.12109889724498,105.97408532516054,111.63781878594254,131.80860279336116,0.0,35.372738354705106,47.83426265523994,67.85129895353879,75.17021883060985,90.54172345891583,110.4811622365854,119.37770672375522,123.65021647072818,160.6053148037324,50.79078983017642,71.74427820226944,50.79078983017642,57.79078983017642,16.93628796156099,68.25208761391121,94.09097065924313,24.320336210626436,53.94223083060956,102.0632908213863,18.407068899943862
37.80524710757269,50.612190871668105,66.39324305404779,81.92285817610502,130.27315081419425,32.47265052985208,77.2101281471042,109.20667560307831,37.80937052579936,58.16161185075425,71.41384214408316,82.44084251671345,95.43611433901134,116.86660046515797,150.77646884290235,32.81434980728649,44.74510993382836,75.41711937171327,77.29210250665489,87.21476334321608,106.08706197275349,111.75841919085283,131.93442482200402,0.0,35.41868544470585,47.880289181226004,67.94203143586473,75.26084432011373,90.63686041062385,110.59277725640263,119.49611817772056,123.79016016973743,160.77653856806168,50.881756077841,71.83524444993402,50.881756077841,57.881756077841,16.981246417628906,68.3443563658171,94.22664219426302,24.366306276188105,54.03282422530079,102.1996261041271,18.498035147608437
37.85180529366576,50.660406129616256,66.48304396871266,82.0130003993993,130.40887139071805,32.51763868032103,77.30134793061534,109.3433768984216,37.85523219685446,58.22261409461462,71.50137405030965,82.5285600083915,95.5244723339166,117.00089479615268,150.90849140593676,32.85935692730836,44.792791523139755,75.50808632928613,77.38312033353854,87.30842347378487,106.19989535903807,111.87915495980482,132.060279987271,0.0,35.464633142314305,47.926314240630965,68.0327684348401,75.35147460316794,90.73198542478207,110.704327325093,119.61459404035935,123.93009739831881,160.94780778602788,50.972725820948774,71.9262141930418,50.972725820948774,57.972725820948774,17.026207295196354,68.43662339445804,94.36232351737799,24.41227575214168,54.12342248722855,102.33596759556913,18.589004890716218
37.89836347975883,50.70861171680389,66.57285474477187,82.10314899846745,130.5445993477975,32.56262901575036,77.39257028289346,109.48008390025998,37.90109414518098,58.283579290692586,71.58892027858104,82.61628611554313,95.61284162803004,117.135202401073,151.04052763601584,32.904366194932166,44.84047117745965,75.59905678418136,77.47414147395608,87.40207930781101,106.31258589232745,112.00002570729009,132.18616819400276,0.0,35.51058144743399,47.972337846843466,68.1235099355512,75.44210966445729,90.82709856367558,110.81581236141812,119.73313440936907,124.07002819311046,161.11912227216138,51.063699050797396,72.01718742289042,51.063699050797396,58.063699050797396,17.071170588764236,68.52888871900953,94.49801458880447,24.458244645707367,54.21402560099915,102.47231527777865,18.679978120564837
37.9449216658519,50.75680769833228,66.66267532546787,82.19330395151178,130.6803346641966,32.60762153187752,77.48379519974253,109.61679659103466,37.946956373243545,58.34450753260237,71.67648079000837,82.70402084257094,95.70122218744957,117.26952322811742,151.17257749654303,32.94937760610869,44.88814890133686,75.69003072767269,77.56516592006105,87.49573086407662,106.42513399966984,112.12103102911776,132.31208934725265,0.0,35.556530359962274,48.01836001314976,68.21425592316325,75.5327494887385,90.92219988925996,110.92723228830046,119.85173937817005,124.20995259061522,161.2904818418305,51.154675758714355,72.10816413080738,51.154675758714355,58.154675758714355,17.11613629285041,68.6211523584926,94.6337153689861,24.50421296405317,54.30463355128925,102.60866913289368,18.770954828481795
37.991479851944966,50.80499413874784,66.75250565453233,82.28346523683715,130.81607731876335,32.652616224450234,77.57502267696951,109.75351495326403,37.99281888348343,58.405398913953874,71.76405554569581,82.7917641936329,95.78961397835793,117.40385722576058,151.304640951052,32.994391156797455,44.93582469930809,75.78100815106436,77.65619366403249,87.58937816128723,106.53754012651208,112.24217050275085,132.43804335228788,0.0,35.60247987979089,48.0643807527351,68.30500638292045,75.62339406084047,91.01728946316331,111.03858703281588,119.9704090359163,124.34987062720026,161.46188631123772,51.24565593605739,72.19914430815041,51.24565593605739,58.24565593605739,17.16110440198989,68.71341433177581,94.76942581859252,24.550180714295784,54.39524632284587,102.74502914312352,18.861935005824826
38.03803803803804,50.85317110204752,66.84234567618047,82.3736328328499,130.95182729042892,32.697613089226124,77.66625271038419,109.89023896954303,38.03868167831801,58.46625352834892,71.85164450674215,82.87951617264463,95.87801696702267,117.53820434275079,151.4367179632052,33.0394068429663,44.98349857589746,75.8719890456907,77.74722469807419,87.68302121807149,106.64980473635175,112.3634436876512,132.56403011458957,0.0,35.64843000680573,48.11040007868412,68.3957613001448,75.71404336566316,91.11236734668705,111.14987652618387,120.08914346750585,124.48978233909449,161.63333549741662,51.33663957421391,72.29012794630694,51.33663957421391,58.33663957421391,17.20607491073456,68.8056746575759,94.9051458985173,24.596147903500565,54.48586390048569,102.8813952907485,18.952918643981356
38.08459622413111,50.90133865168482,66.9321953351058,82.46380671805741,131.08758455820765,32.74261212197287,77.75748529579928,110.02696862254287,38.08454476014135,58.52707146937822,71.93924763424275,82.96727678328205,95.96643111979613,117.67256452810851,151.56880849679388,33.08442466059159,45.03117053561666,75.96297340291603,77.83825901441492,87.77666005298175,106.76192831038105,112.4848501256347,132.69004953985376,0.0,35.69438074088701,48.15641800398208,68.48652066023577,75.80469738817753,91.20743360080807,111.26110070375796,120.20794275359289,124.6296877623881,161.80482921822846,51.427626664601135,72.38111503669415,51.427626664601135,58.427626664601135,17.251047813653255,68.89793335445955,95.04087556987669,24.642114538682172,54.57648626909474,103.01776755811952,19.04390573436858
38.131154410224184,50.94949685057537,67.02205457647524,82.5539868710675,131.2233491011964,32.787613318468146,77.84872042903058,110.16370389501041,38.13040813132442,58.587852830617955,72.02686488929147,83.05504602898355,96.05485640311642,117.80693773112472,151.7009125157373,33.12944460565812,45.0788405829652,76.05396121413472,77.92929660530821,87.87029468449428,106.87391134712149,112.60638934123438,132.81610153399177,0.0,35.74033208190927,48.20243454151554,68.57728444866967,75.89535611342505,91.3024882861801,111.37225950501475,120.32680697060037,124.76958693303094,161.97636729235938,51.51861719866584,72.47210557075886,51.51861719866584,58.51861719866584,17.296023105331567,68.99019044084426,95.17661479400775,24.688080626804812,54.66711341362793,103.15414592765778,19.134896268433277
38.17771259631725,50.9976457611026,67.11192334592343,82.64417327058788,131.35912089857413,32.832616674499604,77.93995810589688,110.30044476976784,38.17627179421509,58.6485977056266,72.1144962329823,83.14282391295276,96.14329278350694,117.94132390135854,151.83302998408232,33.174466674159135,45.126508722430046,76.14495247077073,78.02033746303235,87.96392513100947,106.98575436205077,112.72806084207228,132.94218600313036,0.0,35.78628402974151,48.248449704073074,68.66805265099899,75.98601952651703,91.39753146313498,111.48335287354234,120.445736190733,124.90947988683119,162.1479495393167,51.60961116788423,72.56309953997726,51.60961116788423,58.60961116788423,17.341000780371914,69.08244593499981,95.31236353246702,24.734046174782648,54.75774531910872,103.29053038185435,19.225890237651672
38.22427078241032,51.04578544512316,67.20180158954807,82.73436589542547,131.49489992960156,32.877622185864716,78.03119832222004,110.43719122971217,38.22213575113833,58.70930618794159,72.20214162641118,83.23061043816067,96.23174022757688,118.07572298863596,151.96516086600266,33.21949086209622,45.17417495848598,76.23594716427787,78.11138157989006,88.05755141085206,107.09745788722175,112.84986411923875,133.06830285361286,0.0,35.83223658424705,48.29446350434643,68.75882525285184,76.07668761263442,91.49256319168455,111.59438075702766,120.5647304819915,125.04936665945442,162.31957577942626,51.70060856376177,72.6540969358548,51.70060856376177,58.70060856376177,17.385980833393297,69.1746998550494,95.44812174702868,24.780011189480096,54.84838197062851,103.42692090326972,19.31688763352921
38.27082896850339,51.09391596397258,67.2916892539047,82.824564724486,131.63068617362055,32.922629848370995,78.12244107382521,110.57394325781493,38.268000004396704,58.769978371076505,72.28980103067798,83.31840560734824,96.32019870202139,118.21013494304812,152.09730512579824,33.26451716547947,45.22183929559546,76.32694528613928,78.20242894820866,88.15117354227154,107.20902247087461,112.97179864767843,133.19445199199941,0.0,35.87818974528381,48.34047595493118,68.84960223993144,76.16736035702728,91.58758353152199,111.70534310724348,120.68378990818763,125.18924728642264,162.49124583382888,51.791609377833176,72.7450977499262,51.791609377833176,58.791609377833176,17.43096325903139,69.26695221897094,95.58388939968323,24.82597567771238,54.93902335334646,103.56331747453372,19.40788844760062
38.31738715459646,51.142037378470526,67.38158628600182,82.91476973677321,131.7664796100543,32.96763965783579,78.21368635654073,110.71070083712162,38.31386455627025,58.83061434851754,72.37747440688777,83.40620942302857,96.40866817362176,118.34455971494903,152.2294627278952,33.309545580327324,45.26950173820874,76.41794682786747,78.29347956033988,88.24479154344228,107.32044867704275,113.09386388658302,133.32063332506712,0.0,35.92414351270431,48.38648706832747,68.94038359801539,76.2580377450143,91.6825925420233,111.81623988003382,120.80291452895952,125.32912180311314,162.66295952447697,51.88261360166217,72.83610197375519,51.88261360166217,58.88261360166217,17.475948051938445,69.35920304459823,95.71966645263588,24.871939646245703,55.029669452489,103.69972007834484,19.498892671429612
38.363945340689526,51.19014974892624,67.47149263329578,83.00498091138844,131.9022802184061,33.01265161008627,78.30493416619818,110.8474639507512,38.3597294090166,58.89121421372071,72.46516171615295,83.49402188748947,96.49714860924556,118.4789972549543,152.36163363684466,33.35457610266659,45.3171622907639,76.50895178100436,78.38453340865962,88.33840543246404,107.43173708515236,113.2160592797903,133.446846759811,0.0,35.970097886355674,48.432496856941,69.0311693129552,76.34871976198252,91.77759028224894,111.92707103529933,120.92210439978817,125.46899024475745,162.83471667413176,51.97362122684135,72.92710959893438,51.97362122684135,58.97362122684135,17.52093520678309,69.45145234962216,95.85545286830487,24.917903101797666,55.12032025334932,103.83612869747007,19.589900296608793
38.4105035267826,51.23825313514383,67.56140824368637,83.09519822753016,132.0380879782595,33.057665700959554,78.39618449863252,110.98423258189608,38.40559456487163,58.951778060108715,72.55286291959479,83.58184300279576,96.58563997584709,118.6134475139394,152.49381781732276,33.399608728532534,45.36482095768685,76.59996013712076,78.4755904855681,88.43201522736192,107.54288828961722,113.33838425618725,133.57309220344413,0.0,36.01605286607965,48.47850533308374,69.1219593706758,76.43940639338675,91.87257681094536,112.03783653698135,121.04135957201473,125.6088526464411,163.00651710635984,52.064632244992175,73.0181206170852,52.064632244992175,59.064632244992175,17.56592471825047,69.5437001515919,95.99124860932021,24.963866051037723,55.21097574128717,103.97254331474464,19.68091131475962
38.457061712875664,51.286347596427284,67.65133306551148,83.18542166449306,132.17390286927773,33.10268192630237,78.48743734968201,111.12100671382105,38.45146002604899,59.01230598106781,72.64057797834485,83.66967277079141,96.67414224046698,118.74791044303741,152.62601523412957,33.44464345396859,45.4124777433912,76.6909718878165,78.56665078348944,88.52562094608665,107.65390289942815,113.46083823011925,133.6993695633983,0.0,36.06200845171267,48.52451250897467,69.2127537571747,76.53009762474906,91.96755218654624,112.1485363530454,121.16068009285796,125.748709043102,163.17836064552986,52.15564664776459,73.10913501985762,52.15564664776459,59.15564664776459,17.610916581041923,69.635946467916,96.1270536385219,25.009828500587293,55.30163590172819,104.1089639130713,19.771925717532035
38.50361989896874,51.33443319158597,67.74126704754299,83.27565120166786,132.30972487120334,33.147700281971446,78.57869271518842,111.2577863298635,38.49732579474094,59.07279806994516,72.72830685354721,83.7575111931022,96.76265537023299,118.88238599363817,152.75822585218893,33.48968027502675,45.4601326522787,76.78198702472027,78.65771429487197,88.6192226065153,107.76478153773925,113.58342060180297,133.8256787473242,0.0,36.107964643086135,48.5705183967407,69.30355245852182,76.62079344165872,92.06251646717449,112.25917045546376,121.28006600543341,125.88855946953036,163.3502471168096,52.24666442683725,73.20015279893028,52.24666442683725,59.24666442683725,17.655910789875257,69.72819131586378,96.26286791895878,25.05579045702044,55.392300720163874,104.24539047542044,19.862943496604693
38.55017808506181,51.382509978939346,67.83121013898149,83.36588681854056,132.44555396385766,33.192720763833066,78.66995059099698,111.3945714134325,38.54319187311794,59.13325442004544,72.81604950635928,83.84535827113764,96.85117933235979,119.01687411738574,152.89044963654788,33.53471918776713,45.50778568873876,76.87300553948944,78.74878101218766,88.71282022645082,107.87552484144926,113.7061307577422,133.95201966309193,0.0,36.153921440026004,48.61652300841725,69.39435546085856,76.7114938297713,92.15746971064323,112.36973882019743,121.39951734877226,126.02840396036775,163.5221763461625,52.33768557391697,73.29117394600999,52.33768557391697,59.33768557391697,17.700907339484257,69.82043471256618,96.39869141388654,25.10175192686388,55.48297018215073,104.38182298482933,19.953964643684415
38.59673627115488,51.43057801632238,67.92116228945235,83.45612849469194,132.58139012714074,33.23774336776345,78.76121097295643,111.5313619480089,38.589058263329385,59.1936751246285,72.90380589795424,83.93321400609352,96.93971409414927,119.15137476617736,153.02268655237611,33.57976018825837,45.555436857149004,76.96402742381,78.83985092793252,88.806413823623,107.98613346078106,113.82896807114831,134.0783922187916,0.0,36.199878842353336,48.662526355949375,69.48516275039763,76.80219877480876,92.25241197445769,112.48024142717718,121.51903415784184,126.1682425501066,163.69414816034458,52.42871008073906,73.38219845283209,52.42871008073906,59.42871008073906,17.745906224619073,69.91267667501724,96.53452408676694,25.147712916597683,55.57364427331041,104.51826142440211,20.044989150506503
38.64329445724795,51.4786373610901,68.01112344900048,83.546376209797,132.7172333410305,33.28276808964834,78.85247385691912,111.66815791714437,38.63492496750328,59.25406027690592,72.99157598952192,84.02107839895399,97.02825962299045,119.28588789216138,153.1549365649651,33.62480327257719,45.603086161874884,77.05505266939622,78.93092403462607,88.90000341568835,108.09660805885768,113.9519319023615,134.20479632273336,0.0,36.24583684988399,48.708528451192166,69.57597431342215,76.89290826255858,92.34734331581649,112.5906782602837,121.63861646356597,126.30807527308943,163.8661623869014,52.51973793906673,73.47322631115975,52.51973793906673,59.51973793906673,17.790907440045736,70.00491722007492,96.6703659012656,25.19367343265522,55.6643229793288,104.65470577730916,20.136017008834173
38.68985264334102,51.526688070122894,68.10109356808647,83.63662994362448,132.85308358558288,33.32779492538334,78.94373923874102,111.80495930446145,38.680791987746744,59.31440997003869,73.07935974227087,84.10895145049412,97.1168158863599,119.42041344773602,153.28719963972824,33.66984843680881,45.65073360726997,77.14608126799082,79.02200032481151,88.9935890202304,108.20694931127733,114.07502159927552,134.3312318834481,0.0,36.29179546242897,48.75452930591168,69.66679013628543,76.98362227887372,92.44226379161329,112.70104930732764,121.75826429284685,126.44790216350863,164.03821885416414,52.61076914069139,73.56425751278441,52.61076914069139,59.61076914069139,17.835910980546462,70.0971563644625,96.80621682125127,25.239633481423922,55.7550062859561,104.79115602678716,20.227048210458833
38.736410829434085,51.574730199831045,68.19107259758174,83.72688967603618,132.98894084093084,33.37282387087354,79.03500711428175,111.94176609365284,38.726659326146084,59.37472429713406,73.16715711742941,84.19683316128162,97.20538285182191,119.55495138554728,153.41947574219967,33.71489567704657,45.69837919767571,77.23711321136467,79.11307979105561,89.0871706547601,108.3171579056858,114.19823649776264,134.4576988096876,0.0,36.33775467979407,48.80052893178565,69.75761020541023,77.07434080967194,92.53717345843802,112.81135456002795,121.87797766858692,126.58772325540586,164.21031739124757,52.70180367743217,73.65529204952519,52.70180367743217,59.70180367743217,17.88091684091925,70.18939412476949,96.94207681079381,25.28559306924523,55.845694179006045,104.92761215613824,20.318082747199607
38.78296901552716,51.62276380615966,68.28106048876421,83.81715538698661,133.12480508728447,33.41785492203373,79.1262774794046,112.07857826848115,38.772526984766785,59.43500335124297,73.25496807624761,84.28472353167943,97.29396048702809,119.68950165848757,153.55176483803413,33.759944989392075,45.7460229374218,77.32814849131658,79.20416242594827,89.18074833671587,108.42723454134877,114.32157592210083,134.5841970104249,0.0,36.383714501780254,48.846527340404194,69.84843450728826,77.16506384093542,92.63207237257876,112.92159401399033,121.99775660971207,126.72753858267127,164.38245782804557,52.79284154113596,73.74632991322898,52.79284154113596,59.79284154113596,17.92592501597804,70.28163051745277,97.07794583416312,25.331552202415164,55.936386644355764,105.06407414872997,20.409120610903397
38.82952720162024,51.670788944593575,68.37105719331453,83.90742705652244,133.26067630493046,33.462888074788445,79.21755032997687,112.21539581277867,38.81839496565423,59.495247225357424,73.34279257999852,84.37262256184805,97.38254875971828,119.82406421969416,153.6840668930065,33.80499636995537,45.79366483082609,77.41918709967354,79.29524822210315,89.27432208346413,108.53717992872355,114.44503918540042,134.71072639485482,0.0,36.42967492818384,48.89252454327079,69.93926302847993,77.25579135871077,92.72696059002301,113.03176766868458,122.11760113119504,126.86734817904413,164.55463999522902,52.883882723677466,73.8373710957705,52.883882723677466,59.883882723677466,17.970935500552688,70.37386555883799,97.21382385582775,25.377510887184705,56.027083667945526,105.20054198799518,20.500161793444907
38.8760853877133,51.71880567016156,68.4610626633108,83.99770466478161,133.39655447423164,33.50792332507158,79.30882566186934,112.35221871044654,38.86426327083315,59.55545601240745,73.4306305899795,84.46053025174717,97.47114763771975,119.95863902254735,153.81638187301073,33.850049814854465,45.84130488219444,77.51022902829004,79.38633717215669,89.36789191229927,108.6469947890303,114.56862559003096,134.83728687239403,0.0,36.47563595879599,48.938520551802554,70.03009575561336,77.34652334910795,92.82183816645899,113.14187552742113,122.23751124407941,127.00715207811119,164.72686372424187,52.974927216958605,73.92841558905162,52.974927216958605,59.974927216958605,18.01594828948862,70.46609926512009,97.34971084045316,25.423469129759848,56.1177852357779,105.3370156574311,20.59120628672605
38.922643573806376,51.766814037441414,68.5510768512253,84.08798819199339,133.53243957562648,33.55296066882673,79.40010347095681,112.48904694545465,38.91013190230821,59.61562980525879,73.51848206751407,84.54844660113831,97.55975708894827,120.09322602066909,153.9487097440601,33.89510532021575,45.88894309582095,77.60127426904846,79.47742926876865,89.4614578404442,108.75667985382462,114.69233442804814,134.96387835268152,0.0,36.521597593403214,48.98451537733139,70.1209326753843,77.43725979830046,92.9167051572775,113.25191759732736,122.35748695550495,127.14695031330741,164.89912884729853,53.06597501290886,74.01946338500188,53.06597501290886,60.06597501290886,18.06096337764706,70.55833165236487,97.4856067529007,25.46942693630218,56.20849133391785,105.47349514059958,20.6822540826763
38.96920175989944,51.8148141005643,68.64109970991986,84.1782776184774,133.66833158962922,33.59800010200698,79.49138375311801,112.62588050184132,38.95600086206421,59.675768696710236,73.6063469739531,84.63637160958683,97.64837708140736,120.22782516792137,154.08105047228605,33.94016288217378,45.936579475987884,77.69232281385848,79.56852450462186,89.55501988505036,108.86623586457033,114.81616498161888,135.09050074557896,0.0,36.567559831787406,49.03050903110446,70.2117737745554,77.52800069252464,93.01156161757314,113.36189388932273,122.47752826873287,127.28674291791518,165.07143519737977,53.1570261034849,74.11051447557793,53.1570261034849,60.1570261034849,18.105980759904813,70.65056273650985,97.62151155822609,25.515384312929115,56.29920194849218,105.60998042112642,20.773305173252346
39.015759945992514,51.86280591321925,68.73113119264184,84.26857292464337,133.8042304968289,33.64304162057495,79.5826665042355,112.76271936371276,39.00187015206605,59.73587277949089,73.69422527067603,84.72430527646404,97.73700758318893,120.36243641840454,154.21340402393818,33.9852224968713,45.984214026965866,77.78337465465748,79.659622872422,89.64857806319816,108.97566357221427,114.9401165234458,135.21715396117082,0.0,36.613522673725626,49.07650152428501,70.30261903995583,77.6187460180794,93.10640760214585,113.4718044180935,122.59763518317192,127.42652992506422,165.24378260823056,53.24808048067054,74.20156885276356,53.24808048067054,60.24808048067054,18.151000431154273,70.74279253336533,97.75742522167809,25.561341265714226,56.38991706568913,105.7464714827013,20.86435955043798
39.06231813208558,51.910789528657794,68.82117125302018,84.35887409099048,133.94013627788937,33.688085220502806,79.67395172019606,112.89956351524278,39.047739774259014,59.79594214625788,73.78211691909269,84.81224760094939,97.82564856247315,120.49705972645597,154.34577036538343,34.03028416045934,46.03184675301372,77.87442978341005,79.7507243648977,89.74213239189724,109.08496373676265,115.06418831718926,135.34383790976474,0.0,36.659486118990465,49.12249286795303,70.39346845848083,77.70949576132588,93.20124316550245,113.58164920206691,122.7178076944055,127.5663113677317,165.41617091435643,53.33913813647667,74.2926265085697,53.33913813647667,60.33913813647667,18.196022386303376,70.83502105861557,97.8933477086971,25.60729780068761,56.4806366717582,105.88296830907721,20.95541720624411
39.10887631817865,51.95876499969804,68.91121984506115,84.44918109810678,134.07604891354873,33.73313089777202,79.76523939689011,113.0364129406722,39.093609730568936,59.85597688959348,73.87002188064423,84.90019858203233,97.91429998752845,120.63169504664825,154.4781494631055,34.07534786909687,46.07947765837853,77.96548819210787,79.84182897480018,89.83568288808648,109.19413712685959,115.18837961788732,135.47055250189175,0.0,36.7054501673497,49.16848307310575,70.4843220170909,77.8002499086868,93.29606836185789,113.69142826338418,122.83804579421863,127.70608727874145,165.58859995102014,53.43019906294089,74.38368743503392,53.43019906294089,60.43019906294089,18.241046620275355,70.92724832781954,98.02927898491383,25.653253923836004,56.57136075300945,106.01947088407026,21.046478132708334
39.15543450427172,52.00673237872934,69.00127692314467,84.53949392666887,134.2119683846192,33.77817864837363,79.85652953021243,113.17326762430876,39.139480022902234,59.91597710200296,73.95794011680479,84.98815821851471,98.00296182671174,120.76634233378786,154.61054128370475,34.1204136189512,46.12710674729582,78.05654987276965,79.93293669490346,89.92922956863457,109.30318451936873,115.31268967237332,135.59729764830655,0.0,36.751414818566815,49.2144721506588,70.57517970281175,77.89100844664651,93.39088324513696,113.80114162787376,122.95834947062632,127.84585769076438,165.76106955423873,53.52126325212774,74.47475162422076,53.52126325212774,60.52126325212774,18.286073128008926,71.01947435641232,98.16521901614804,25.699209641103405,56.6620892958135,106.15597919155935,21.13754232189518
39.20199269036479,52.054691717716466,69.09134244202029,84.62981255744138,134.34789467198644,33.82322846830811,79.94782211606189,113.3101275505267,39.18535065314625,59.97594287591209,74.04587158908275,85.07612650901277,98.09163404846853,120.90100154291375,154.7429457938973,34.16548140619773,46.174734023989416,78.14761481744117,80.02404751800411,90.02277245034021,109.41210669895766,115.43711771969006,135.72407325998802,0.0,36.797380072400635,49.26046011144648,70.66604150273359,77.98177136175022,93.48568786897572,113.91078932502323,123.07871870790186,127.9856226363183,165.93357956078003,53.61233069612836,74.56581906822139,53.61233069612836,60.61233069612836,18.331101904458112,71.11169915970585,98.30116776840717,25.745164958391182,56.75282228660103,106.29249321548589,21.2286097658958
39.248550876457855,52.10264306820377,69.18141635680324,84.72013697127628,134.4838277566093,33.86828035358519,80.03911715034134,113.44699270376616,39.23122162316919,60.035874303664556,74.13381625902176,85.16410345195894,98.18031662133271,121.0356726292954,154.87536296051476,34.210551227019934,46.2223594926715,78.2386830181949,80.11516143692103,90.11631154993209,109.52090445768565,115.56166299150028,135.8508792481388,0.0,36.84334592860557,49.306446966222396,70.75690740401065,78.07253864060385,93.58048228672266,114.02037138795079,123.19915348660628,128.12538214776777,166.10612980816006,53.70340138706035,74.65688975915337,53.70340138706035,60.70340138706035,18.376132944592094,71.20392275289005,98.43712520788495,25.79111988155835,56.84355971186231,106.42901293985344,21.319680456827793
39.29510906255093,52.15058648131959,69.27149862297077,84.8104671491126,134.61976761951968,33.91333430022415,80.13041462895804,113.58386306853303,39.27709293482068,60.09577147751982,74.22177408820258,85.25208904560427,98.26900951392695,121.17035554843206,155.00779275050363,34.25562307760949,46.2699831575429,78.32975446713014,80.20627844449577,90.20984688406958,109.62957859459576,115.68632471249443,135.97771552418627,0.0,36.88931238693176,49.35243272566065,70.84777739386084,78.16331026987362,93.6752665514406,114.12988785337653,123.31965378361772,128.26513625732392,166.27872013463946,53.794475317067864,74.74796368916088,53.794475317067864,60.794475317067864,18.421166243395415,71.29614515103385,98.57309130096041,25.83707441642211,56.93430155814711,106.5655383487274,21.410754386835308
39.341667248643994,52.19852200778014,69.36158919635827,84.90080307197576,134.75571424182178,33.958390304253435,80.22171454782324,113.72073862939853,39.32296458993129,60.15563448965049,74.3097450382437,85.34008328802007,98.35771269496246,121.30505025605032,155.14023513092485,34.30069695416608,46.31760502279271,78.42082915637256,80.29739853359199,90.30337846934262,109.7381299153103,115.81110210079262,136.10458199978208,0.0,36.93527944712474,49.39841740035577,70.93865145956508,78.25408623628562,93.77004071590764,114.2393387615924,123.44021957216204,128.40488499704497,166.45135037922017,53.885552478321195,74.83904085041422,53.885552478321195,60.885552478321195,18.466201795867544,71.38836636908601,98.70906601419607,25.88302856875783,57.02504781206411,106.70206942623467,21.50183154808864
39.388225434737066,52.246449697893866,69.45168803315559,84.9911447209772,134.89166760469223,34.003448361710966,80.31301690285267,113.85761937099888,39.36883659031332,60.215463432140346,74.39772907080317,85.42808617710028,98.44642613323917,121.43975670810367,155.27269006895347,34.34577285289754,46.36522509259851,78.51190707807454,80.38852169709561,90.39690632227223,109.84655923163126,115.93599436834423,136.23147858680306,0.0,36.98124710892597,49.44440100082394,71.02952958846714,78.34486652662558,93.8648048326191,114.3487241564327,123.56085082184327,128.54462839883564,166.62402038164268,53.97663286301695,74.93012123510998,53.97663286301695,60.97663286301695,18.51123959702318,71.48058642187641,98.84504931433729,25.928982344299673,57.11579846028072,106.83860615656351,21.592911932784393
39.43478362083013,52.294369601565215,69.54179508990346,85.08149207731388,135.02762768937922,34.0485084686438,80.40432168996611,113.99450527803467,39.41470893776054,60.27525839698174,74.48572614757933,85.51609771056316,98.53514979764591,121.57447486077011,155.40515753187762,34.39085077001966,46.41284337112652,78.60298822441445,80.47964792791461,90.49043045931053,109.9548673611456,116.0610007213206,136.3584051973506,0.0,37.027215372072455,49.490383537503305,71.12041176797283,78.43565112773825,93.9595589537885,114.45804408524258,123.68154749867507,128.68436649444752,166.79672998238252,54.06771646337765,75.02120483547067,54.06771646337765,61.06771646337765,18.55627964189188,71.57280532411667,98.98104116831043,25.974935748740563,57.206553489522555,106.97514852396286,21.68399553314509
39.481341806923204,52.34228176829897,69.6319103234897,85.17184512226774,135.16359447720245,34.09357062110843,80.49562890508793,114.131396335271,39.46058163404851,60.33501947607363,74.57373623031246,85.60411788595341,98.62388365716009,121.70920467045146,155.53763748709878,34.43593070175645,46.46045986253145,78.6940725875972,80.57077721897916,90.58395089684132,110.06305512683524,116.18612036050428,136.48536174375153,0.0,37.07318423629709,49.53636502075491,71.21129798554985,78.5264400265274,94.05430313134939,114.56729859884769,123.80230956511267,128.82409931547923,166.9694790226474,54.15880327165191,75.11229164374494,54.15880327165191,61.15880327165191,18.60132192551832,71.66502309040149,99.11704154322202,26.020888787732815,57.29731288657338,107.11169651274255,21.775082341419356
39.52789999301627,52.39018624720396,69.72203369114571,85.26220383720529,135.29956794955282,34.13863481517055,80.58693854414678,114.26829252753679,39.506454680934766,60.39474676121918,74.66175928078573,85.69214670064413,98.71262768084789,121.84394609377141,155.6701299021308,34.481012644339884,46.50807457095671,78.78516015985376,80.66190956324125,90.67746765118002,110.17112335669263,116.31135248167232,136.61234813855808,0.0,37.11915370132861,49.58234546086306,71.30218822872732,78.61723320995523,94.14903741695649,114.67648775152189,123.92313698008508,128.9638268933764,167.14226734437403,54.24989328011416,75.20338165220718,54.24989328011416,61.24989328011416,18.646366442961966,71.7572397352093,99.25305040635729,26.066841466888263,57.38807663827457,107.24825010727268,21.8661723498816
39.57445817910935,52.43808308699697,69.812165150443,85.35256820357704,135.43554808789196,34.18370104690498,80.67825060307565,114.4051938397243,39.552328080158794,60.454440344123554,74.74979526082629,85.78018415183872,98.80138183786448,121.97869908757447,155.80263474459963,34.52609659400989,46.55568750053417,78.87625093344084,80.75304495367477,90.770980738574,110.2790728833416,116.436696275974,136.73936429454767,0.0,37.16512376689149,49.628324868036074,71.39308248509502,78.70803066504193,94.24376186198717,114.78561160095529,124.04402969902765,129.1035492594316,167.31509479022466,54.34098648106444,75.29447485315747,54.34098648106444,61.34098648106444,18.691413189297066,71.84945527290331,99.38906772517898,26.11279379177844,57.478844731524696,107.38480929198322,21.95726555083188
39.62101636520242,52.485972336006775,69.90230465928951,85.44293820291709,135.57153487375174,34.22876931239588,80.76956507781203,114.5421002567892,39.59820183344236,60.51410031639193,74.83784413230664,85.86823023657286,98.89014609745396,122.11346360892415,155.93515198224245,34.571182547014544,46.60329865538444,78.96734490064127,80.84418338327538,90.86449017520306,110.38690454366451,116.56215093030266,136.86641012472356,0.0,37.211094432706204,49.67430325240688,71.48398074230343,78.79883237886564,94.33847651754294,114.89467020822143,124.16498767391565,129.24326644478504,167.4879612035843,54.4320828668285,75.38557123892153,54.4320828668285,61.4320828668285,18.736462159612753,71.94166971773258,99.5250934673262,26.1587457679351,57.56961715327945,107.52137405136399,22.048361936595942
39.66757455129549,52.5338540421778,69.9924521759264,85.53331381684264,135.70752828873444,34.273839607736505,80.86088196429793,114.6790117637498,39.644075942489565,60.573726769527276,74.92590585714568,85.95628495171634,98.97892042894897,122.24823961510197,156.0676815829078,34.616270499609804,46.650908039616844,79.05844205376354,80.93532484506038,90.95799597717935,110.49461917843499,116.68771562766202,136.99348554231474,0.0,37.257065698489114,49.72028062403362,71.57488298806287,78.88963833856187,94.43318143445086,115.00366363774432,124.28601085329782,129.38297848042407,167.66086642855728,54.52318242975753,75.47667080185056,54.52318242975753,61.52318242975753,18.781513349012837,72.03388308383273,99.6611276006131,26.204697400850346,57.6603938905511,107.65794436996418,22.139461499524977
39.71413273738856,52.58172825307399,70.08260765892446,85.62369502705369,135.84352831451167,34.31891192902931,80.95220125847979,114.81592834568701,39.689950408986945,60.63331979492819,75.01398039730975,86.04434829397503,99.0677048017712,122.38302706360591,156.2002235145549,34.6613604480597,46.69851565732938,79.1495423851418,81.02646933206874,91.05149816054787,110.60221763195733,116.81338954752566,137.12059046077619,0.0,37.30303756395264,49.76625699290041,71.6657892101433,78.98044853132313,94.52787666326495,115.11259195726474,124.40709918233036,129.52268539718392,167.83381030996455,54.614285162228164,75.56777353432119,54.614285162228164,61.614285162228164,18.826566752615697,72.1260953852271,99.79717009302772,26.250648695977002,57.75117493040829,107.79452023239222,22.230564231995604
39.760690923481626,52.62959501588239,70.1727710671807,85.71408181533197,135.97953493282475,34.36398627238579,81.04352295630858,114.95284998774375,39.7358252346037,60.692879483886955,75.10206771481387,86.13242025989274,99.15649918543116,122.51782591214885,156.33277774525274,34.706452388636116,46.74612151260872,79.24064588713567,81.11761683736081,91.14499674128656,110.7097007517118,116.93917186619035,137.2477247937887,0.0,37.34901002880512,49.812232368917634,71.75669939637388,79.07126294439871,94.62256225426734,115.22145523780617,124.52825260281163,129.66238722574738,168.0067926933403,54.70539105664216,75.65887942873519,54.70539105664216,61.70539105664216,18.87162236555435,72.21830663582742,99.93322091273075,26.296599658728773,57.84196025997554,107.93110162331519,22.321670126409604
39.8072491095747,52.67745437741709,70.26294235991524,85.80447416354147,136.11554812548385,34.4090626339267,81.13484705373995,115.08977667512487,39.78170042099194,60.75240592758753,75.19016777172264,86.22050084585315,99.24530354952827,122.65263611865757,156.46534424318023,34.751546317619045,46.79372560953043,79.33175255213027,81.20876735401858,91.23849173530677,110.81706938800706,117.06506175712292,137.37488845525937,0.0,37.394983092751104,49.85820676192287,71.84761353464256,79.16208156509447,94.71723825747014,115.33025355364055,124.64947105321701,129.80208399664556,168.17981342492862,54.79650010542664,75.74998847751966,54.79650010542664,61.79650010542664,18.916680182976442,72.31051684943498,100.06928002805452,26.34255029448074,57.93274986643328,108.06768852745891,22.41277917519408
39.853807295667764,52.72530638412266,70.35312149666781,85.8948720536272,136.25156787436805,34.45414100978178,81.2261735467341,115.2267083930966,39.82757596978648,60.8118992171034,75.27828053015158,86.30859004808157,99.33411786375076,122.78745764127102,156.59792297662548,34.79664223129632,46.841327952158956,79.42286237253595,81.29992087514523,91.33198315845321,110.92432439363901,117.19105839130025,137.5020813593215,0.0,37.44095675549115,49.90418018168126,71.93853161289556,79.25290438077202,94.81190472261656,115.4389869822532,124.77075446873435,129.94177574025792,168.35287235168082,54.887612301033634,75.84110067312666,54.887612301033634,61.887612301033634,18.961740200044048,72.40272603974131,100.2053474075016,26.388500608569437,58.02354373701708,108.20428092960738,22.50389137080107
39.900365481760836,52.773151082077774,70.44330843729462,85.9852754676148,136.38759416142457,34.49922139608984,81.31750243125593,115.36364512698631,39.87345188260527,60.871359443395754,75.36640595226787,86.39668786264679,99.4229420978757,122.92229043833933,156.73051391398513,34.841740125963724,46.888928544547355,79.5139753407884,81.3910773938652,91.42547102650461,111.0314666235568,117.31716093754197,137.62930342033462,0.0,37.48693101672193,49.95015263788623,72.029453619137,79.34373137884893,94.90656169918213,115.54765560430783,124.89210278129947,130.0814624868123,168.52596932125212,54.978727635940146,75.93221600803317,54.978727635940146,61.978727635940146,19.006802411933574,72.4949342203292,100.34142301974373,26.434450606293186,58.11434185901771,108.34087881460258,22.59500670570759
39.9469236678539,52.82098851699887,70.53350314196507,86.07568438761048,136.523626968669,34.54430378899878,81.40883370327491,115.50058686218208,39.91932816104963,60.930786697311476,75.45454400029152,86.48479428546304,99.51177622176907,123.05713446842213,156.8631170237644,34.88683999792499,46.936527390737716,79.60509144934818,81.48223690332418,91.51895535517336,111.13849693453545,117.44336856283725,137.7565545528848,0.0,37.53290587613644,49.99612414015992,72.12037954142866,79.43456254679815,95.00120923637648,115.65625950361088,125.01351591963228,130.2211442663856,168.6991041819986,55.06984610264806,76.02333447474108,55.06984610264806,62.06984610264806,19.05186681383594,72.58714140467362,100.47750683362065,26.48040029291246,58.20514421978057,108.47748216734414,22.686125172415498
39.993481853946975,52.86881873424354,70.6237055711586,86.16609879580032,136.65966627818423,34.589388184665445,81.50016735876531,115.63753358413253,39.96520480670387,60.99018106958118,75.54269463649642,86.57290931229159,99.60062020538552,123.19198969028744,156.995732274576,34.93194184349167,46.98412449476102,79.6962106907009,81.57339939668886,91.61243616010645,111.24541618485611,117.56968043266298,137.8838346717844,0.0,37.578881333423766,50.04209469805404,72.21130936788924,79.52539787214756,95.09584738314436,115.76479876707543,125.13499380927314,130.36082110890365,168.87227678297404,55.16096769368388,76.1144560657769,55.16096769368388,62.16096769368388,19.096933400956246,72.67934760614237,100.61359881813908,26.526349673649992,58.29595080670549,108.61409097278919,22.777246763451323
40.04004004004004,52.916641778814125,70.71391568566159,86.2565186744497,136.795712072121,34.634474579255716,81.591503393706,115.77448527834633,40.01108182113612,61.04954265081748,75.63085782321133,86.66103293874266,99.68947401876858,123.32685606291025,157.12835963514024,34.97704565898328,47.03171986063713,79.78733305735716,81.66456486714708,91.70591345688526,111.35222523399361,117.6960957112961,138.0111436920724,0.0,37.62485738826942,50.088064321050105,72.3022430866943,79.6162373424799,95.19047618816728,115.87327348468517,125.25653637261976,130.50049304414185,169.04548697392693,55.25209240159882,76.20558077369185,55.25209240159882,62.25209240159882,19.142002168513923,72.77155283799728,100.74969894247127,26.572298753691186,58.38676160724644,108.75070521595185,22.86837147136626
40.08659822613311,52.96445769536108,70.80413344656432,86.34694400590318,136.93176433269687,34.67956296894446,81.68284180408085,115.911441930392,40.05695920589789,61.108871531512975,75.71903352282072,86.7491651602773,99.77833763205045,123.4617335454713,157.26099907428414,35.02215144072718,47.079313492374936,79.87845854185211,81.75573330790733,91.79938726102597,111.45892494231023,117.82261356211784,138.13848152901429,0.0,37.670834040355025,50.13403301856022,72.39318068607567,79.70708094543235,95.2850956998647,115.98168374945766,125.37814352896392,130.64016010172534,169.2187346052973,55.34322021896857,76.29670859106159,55.34322021896857,62.34322021896857,19.187073111742624,72.86375711339481,100.88580717595431,26.618247538184352,58.47757660891116,108.8873248819032,22.959499288736012
40.13315641222618,53.01226652818641,70.89435881525769,86.43737477258374,137.0678230421962,34.724653349915464,81.77418258587832,116.0484035258975,40.102836962524535,61.16816780203852,75.80722169776588,86.83730597220897,99.86721101545226,123.59662209735592,157.39365056094132,35.067259185058596,47.12690539397225,79.96958713674577,81.84690471219933,91.89285758797985,111.56551617075857,117.94923314791059,138.26584809810234,0.0,37.716811289358795,50.18000079992756,72.48412215432106,79.79792866869602,95.37970596639553,116.09002965740748,125.49981519452912,130.77982231112944,169.39201952821378,55.43435113839323,76.38783951048626,55.43435113839323,62.43435113839323,19.232146225890105,72.95596044538702,101.0219234880886,26.66419603224093,58.56839579926087,109.0239499557709,23.05063020816067
40.17971459831925,53.06006832124696,70.98459175343044,86.52781095699261,137.2038881829698,34.76974571836143,81.86552573509175,116.18537005054992,40.1487150925352,61.227431552641406,75.89542231054587,86.92545536970533,99.9560941392836,123.73152167815218,157.52631406415142,35.112368888320546,47.17449556941592,80.06071883462248,81.93807907327323,91.98632445313326,111.6719997805903,118.07595363114771,138.39324331505517,0.0,37.762789134954986,50.225967674426954,72.57506747977374,79.88878050001591,95.47430703565932,116.19831130750897,125.6215512825078,130.91947970167973,169.56534159449058,55.52548515249715,76.47897352459019,55.52548515249715,62.52548515249715,19.27722150621816,73.04816284692237,101.15804784853698,26.710144240935758,58.65921916590998,109.16058042273873,23.14176422226459
40.226272784412316,53.10786311815785,71.07483222306595,86.6182525417086,137.33995973743438,34.814840070483974,81.95687124771932,116.32234149009511,40.19459359743309,61.286662873443554,75.98363532371819,87.01361334779013,100.04498697394263,123.86643224765024,157.65898955305943,35.157480546863944,47.22208402268196,80.15185362809109,82.02925638440001,92.07978787180825,111.77837663307355,118.20277417427567,138.52066709581834,0.0,37.80876757681466,50.27193365126538,72.66601665083219,79.97963642719054,95.5688989552978,116.30652880165887,125.74335170309958,131.0591323025528,169.7387006566239,55.616622253928924,76.57011062602194,55.616622253928924,62.616622253928924,19.322298948002683,73.14036433084664,101.29418022712349,26.756092169307372,58.75004669652577,109.29721626804664,23.232901323696368
40.272830970505396,53.15565096219571,71.16508018643958,86.70869950938788,137.47603768807298,34.859936402493645,82.04821911976418,116.45931783033758,40.24047247870557,61.34586185443986,76.07186069990024,87.10177990134483,100.1338894899165,124.00135376584093,157.79167699691578,35.20259415704751,47.26967075773534,80.2429915097849,82.12043663887121,92.17324785926277,111.8846475892171,118.32969393998873,138.64811935656397,0.0,37.85474661460513,50.31789873958266,72.75696965594958,80.07049643807147,95.66348177269617,116.41468224463867,125.8652163635492,131.19878014277634,169.91209656778992,55.70776243536126,76.6612508074543,55.70776243536126,62.70776243536126,19.367378546533587,73.2325649099037,101.43032059383252,26.80203982235831,58.84087837882817,109.43385747699033,23.3240415051287
40.31938915659846,53.20343189630176,71.2553356061154,86.79915184276324,137.61212201743345,34.905034710609684,82.1395693472342,116.59629905713977,40.286351737824134,61.40502858549633,76.16009840176943,87.1899550251101,100.22280165778044,124.13628619291413,157.92437636507512,35.24770971523764,47.31725577853011,80.33413247236115,82.21161982999882,92.26670443069034,111.99081350950215,118.45671209149577,138.77560001369085,0.0,37.9007262479901,50.36386294845165,72.84792648363337,80.16136052056295,95.75805553498425,116.52277174407624,125.98714516818468,131.33842325122947,170.08552918184046,55.79890568949068,76.7523940615837,55.79890568949068,62.79890568949068,19.412460297114535,73.32476459673623,101.5664689188073,26.847987205055134,58.93171420058922,109.57050403492073,23.41518475925812
40.365947342691534,53.25120596308543,71.34559844494365,86.88960952464417,137.74821270812933,34.95013499106043,82.23092192614243,116.73328515642231,40.33223137624485,61.46416315634865,76.24834839206491,87.27813871368811,100.31172344819848,124.271229489258,158.0570876269968,35.29282721780878,47.36483908900974,80.42527650850147,82.30280595111549,92.36015760122123,112.09687525362256,118.58382779278043,138.9031089838245,0.0,37.94670647663014,50.409826286879486,72.93888712244535,80.25222866262213,95.8526202890383,116.63079741040839,126.10913801845643,131.47806165664355,170.25899835330134,55.89005200903785,76.84354038113088,55.89005200903785,62.89005200903785,19.45754419506333,73.4169634038869,101.70262517234939,26.89393432232912,59.02255414963319,109.70715592724429,23.506331078805296
40.4125055287846,53.29897320482702,71.4358686660575,86.98007253791593,137.88430974283867,34.99523724008278,82.32227685250668,116.8702761141631,40.37811139540816,61.52326565660019,76.33661063358777,87.36633096154344,100.40065483192303,124.40618361545755,158.18981075224374,35.337946661142865,47.41242069310656,80.51642361091137,82.39399499557396,92.45360738592193,112.20283368023101,118.71104020885241,139.03064618381714,0.0,37.99268730018208,50.45578876380708,73.02985156100064,80.34310085225802,95.94717608148176,116.73875935684157,126.23119481297536,131.61769538760205,170.43250393736804,55.98120138674699,76.93468975884001,55.98120138674699,62.98120138674699,19.502630235711322,73.50916134379864,101.83878932491704,26.939881179075993,59.113398213835815,109.84381313942218,23.597480456514432
40.45906371487767,53.34673366348125,71.52614623287067,87.07054086553931,138.02041310430434,35.04034145392257,82.41363412234983,117.00727191639751,40.42399179673919,61.58233617572066,76.42488508920215,87.45453176300538,100.4895957797948,124.54114853229312,158.32254571048222,35.38306804162976,47.46000059474233,80.60757377232035,82.48518695674744,92.54705379979583,112.30868964669423,118.83834850599268,139.15821153074762,0.0,38.038668718299526,50.50175038811058,73.12081978796776,80.43397707753161,96.04172295868702,116.84665769931402,126.35331544755218,131.75732447254111,170.60604578990365,56.0723538153861,77.02584218747913,56.0723538153861,63.0723538153861,19.547718414403825,73.601358428816,101.97496134712456,26.985827780156615,59.204246381124385,109.98047565697031,23.68863288515354
40.50562190097074,53.39448738068012,71.61643110907434,87.16101449055041,138.15652277533317,35.085447628834345,82.50499373169976,117.14427254921767,40.4698725816479,61.641374803044364,76.51317172183619,87.5427411122693,100.5785462627429,124.67612420073988,158.45529247148144,35.42819135566701,47.50757879782786,80.6987269854815,82.57638182802921,92.64049685778323,112.41444400885494,118.96575185199002,139.28580494192127,0.0,38.084650730632625,50.54771116860143,73.21179179206817,80.52485732655566,96.13626096677648,116.95449255645664,126.47549981523673,131.89694893975047,170.77962376743545,56.16350928774672,77.11699765983974,56.16350928774672,63.16350928774672,19.592808726499722,73.69355467118547,102.11114120974106,27.03177413039698,59.295098639477246,110.117143465459,23.779788357514164
40.55218008706381,53.442234397736065,71.70672325863451,87.25149339605987,138.29263873879617,35.130555761081396,82.5963556765894,117.28127799877245,40.51575375152902,61.70038162776865,76.60147049448261,87.63095900339827,100.66750625178457,124.81111058196578,158.58805100511304,35.473316599659896,47.55515530626344,80.78988324317191,82.66757960283272,92.73393657476169,112.5200976208015,119.09324941637088,139.41342633487037,0.0,38.1306333368283,50.59367111402697,73.30276756207581,80.61574158749401,96.23079015162415,117.06226404955403,126.5977478063568,132.0365688173731,170.953237727152,56.25466779664387,77.20815616873689,56.25466779664387,63.25466779664387,19.6379011673716,73.78575008305664,102.2473288836894,27.07772023458854,59.38595497692356,110.25381655051254,23.870946866411312
40.598738273156876,53.489974755644994,71.79702264578934,87.3419775652527,138.42876097762775,35.17566584693576,82.6877199530567,117.41828825126692,40.56163530776238,61.75935673895232,76.68978137019961,87.71918543032483,100.7564757180254,124.94610763733091,158.7208212813509,35.5184437700214,47.6027301239385,80.881042538192,82.75878027459146,92.82737296554637,112.62565133464459,119.22084037062125,139.54107562735328,0.0,38.176616536530155,50.63963023307087,73.3937470868168,80.70662984856158,96.32531055885661,117.16997230250556,126.72005930855788,132.17618413340634,171.12688752689976,56.34582933491592,77.29931770700895,56.34582933491592,63.34582933491592,19.682995732405725,73.87794467648277,102.3835243400453,27.12366609748846,59.476815381543005,110.39049489780929,23.96210840468336
40.645296459249955,53.53770849508924,71.88732923504632,87.43246698138788,138.5648894748259,35.220777882678135,82.77908655714472,117.55530329296239,40.60751725171286,61.818300225514164,76.77810431211178,87.80742038685241,100.8454546326589,125.08111532838612,158.85360327027044,35.56357286317223,47.65030325473179,80.97220486336582,82.84998383675891,92.92080604488993,112.73110600030226,119.34852388840156,139.66875273735522,0.0,38.22260032937852,50.68558853435392,73.48473035516922,80.79752209802412,96.41982223385465,117.27761744178603,126.84243420684263,132.3157949157018,171.30057302518094,56.436993895424536,77.39048226751756,56.436993895424536,63.436993895424536,19.728092417001786,73.97013846342162,102.51972755003628,27.169611723819873,59.5676798414656,110.52717849308115,24.05327296519198
40.69185464534303,53.58543565644057,71.97764299117976,87.52296162779774,138.7010242134513,35.26589186459795,82.87045548490165,117.69232311017564,40.65339958473074,61.87721217623145,76.86643928341057,87.89566386665727,100.93444296696666,125.21613361687179,158.9863969420481,35.608703875540776,47.69787470251161,81.06337021154086,82.94119028280835,93.01423582748322,112.83646246529128,119.47629914575407,139.7964575830876,0.0,38.26858471501052,50.73154602643403,73.57571735606247,80.88841832419753,96.51432522175432,117.38519959640645,126.9648723836106,132.45540119196613,171.47429408114994,56.528161471054545,77.48164984314757,56.528161471054545,63.528161471054545,19.773191216573053,74.0623314557362,102.65593848504041,27.215557118272073,59.65854834487124,110.66386732211333,24.144440540821986
40.738412831436094,53.63315627976308,72.06796387922806,87.61346148788778,138.83716517662756,35.31100778899323,82.96182673238081,117.82934768927907,40.69928230815155,61.93609267973842,76.95478624735541,87.98391586328964,101.02344069231839,125.3511624647169,159.11920226696148,35.653836803563074,47.74544447113546,81.15453857558771,83.032399606233,93.10766232795525,112.94172157452617,119.60416532130301,139.92419008298845,0.0,38.3145696930601,50.77750271780727,73.66670807847716,80.97931851544801,96.60881956744838,117.49271889787431,127.08737371869805,132.5950029897614,171.6480505546101,56.61933205471383,77.57282042680686,56.61933205471383,63.61933205471383,19.818292126546226,74.15452366519564,102.79215711658567,27.261502285500796,59.749420879989565,110.80056137074416,24.235611124481274
40.784971017529166,53.68087040481608,72.15829186449125,87.70396654513611,138.9733123475407,35.356125652170654,83.05320029564065,117.96637701670006,40.74516542329635,61.99494182452478,77.04314516727412,88.07217637017558,101.11244778017128,125.48620183403729,159.2520192153882,35.69897164368281,47.793012564450244,81.24570994840035,83.12361180054563,93.20108556087337,113.04688417012586,119.7321215964474,140.05195015572173,0.0,38.36055526315807,50.823458616908006,73.75770251144473,81.07022266019156,96.70330531558754,117.60017548015433,127.20993808941759,132.73460033650565,171.82184230601143,56.71050563933325,77.66399401142627,56.71050563933325,63.71050563933325,19.863395142361366,74.24671510347575,102.92838341634867,27.307447230128403,59.8402974350996,110.93726062486476,24.326784709100693
40.83152920362223,53.72857807105706,72.24862691252834,87.79447678309326,139.10946570943898,35.401245450445586,83.14457617074483,118.10341107892106,40.79104893147184,62.05375969893448,77.13151600656391,88.16044538061864,101.20146420207074,125.62125168713534,159.3848477578062,35.74410839235139,47.8405789862926,81.33688432289576,83.21482685927889,93.29450554074384,113.15195109122652,119.86016715554727,140.17973772017803,0.0,38.406541424932186,50.86941373210956,73.84870064404709,81.1611307468937,96.79778251058184,117.70756947962882,127.33256537059845,132.8741932594735,171.99566919644747,56.80168221786661,77.75517058995962,56.80168221786661,63.80168221786661,19.90850025947198,74.33890578216005,103.06461735615385,27.353391956744286,59.9311779985296,111.07396507041896,24.417961287634053
40.878087389715304,53.77627931764432,72.33896898915465,87.88499218538149,139.2456252456321,35.44636718014183,83.23595435376212,118.24044986247874,40.83693283397035,62.11254639116401,77.219898728692,88.24872288780098,101.29048992964941,125.75631198649812,159.5176878647925,35.78924704602773,47.88814374048831,81.428061692014,83.30604477598482,93.38792228201163,113.2569231738023,119.98830118610195,140.30755269547362,0.0,38.45252817800698,50.91536807172453,73.9397024654161,81.25204276406917,96.8922511966017,117.81490103505766,127.45525543462624,133.01378178579594,172.16953108765176,56.89286178329035,77.84635015538338,56.89286178329035,63.89286178329035,19.95360747334472,74.43109571274013,103.20085890797225,27.399336469904817,60.02206255865651,111.21067469340275,24.509140853057794
40.92464557580837,53.823974183439965,72.42931806043974,87.97551273569461,139.38179093949174,35.491490837591876,83.32733484076665,118.37749335396427,40.88281713207022,62.1713019892613,77.3082932971961,88.33700888478539,101.37952493462782,125.89138269479655,159.65053950702355,35.834387601178435,47.93570683085275,81.51924204871776,83.39726554423497,93.48133579906097,113.36180125049273,120.11652287892242,140.43539500095108,0.0,38.498515522004055,50.961321644005444,74.03070796473354,81.3429587002817,96.9867114175795,117.922170287539,127.57800815148299,133.15336594246176,172.3434278419958,56.98404432860372,77.93753270069675,56.98404432860372,63.98404432860372,19.99871677945958,74.52328490661677,103.33710804392085,27.445280774133828,60.11295110390604,111.34738947986432,24.600323398371163
40.97120376190144,53.871662707012675,72.51967409270449,88.06603841779754,139.51796277445067,35.53661641913677,83.41871762783781,118.51454154002268,40.92870182703567,62.23002658112428,77.39669967568561,88.42530336451661,101.46856918881392,126.02646377488416,159.78340265527441,35.879530054277744,47.98326826119105,81.610425385993,83.48848915762053,93.57474610621563,113.46658615043681,120.24483142829608,140.56326455617884,0.0,38.54450345654203,51.00727445714522,74.1217171312307,81.43387854414377,97.0811632172106,118.02937738046926,127.7008233887875,133.29294575631747,172.51735932248553,57.07522984682855,78.02871821892157,57.07522984682855,64.07522984682855,20.04382817330979,74.6154733751005,103.47336473626139,27.491224873922793,60.20384362275221,111.48410941590367,24.69150891659599
41.01776194799451,53.91934492664019,72.6100370525188,88.15656921552582,139.65414073400245,35.58174392112595,83.51010271106006,118.6515944073527,40.97458692011689,62.28872025449935,77.48511782784156,88.51360631982261,101.55762266410302,126.16155518979612,159.91627728041854,35.924674401807344,48.03082803529763,81.70161169684792,83.57971560975177,93.66815321773895,113.57127869911399,120.37322603214503,140.69116128095095,0.0,38.590491981236404,51.05322651927731,74.21272995418771,81.52480228431608,97.17560663895472,118.13652245950327,127.82370101183496,133.43252125406795,172.6913253927583,57.16641833100903,78.11990670310205,57.16641833100903,64.16641833100903,20.08894165040156,74.70766112941219,103.60962895739937,27.537168773730897,60.294740103716926,111.62083448767225,24.782697400776467
41.06432013408758,53.9670208803123,72.70040690669926,88.24710511278538,139.79032480170153,35.626873339917445,83.60149008652324,118.78865194270641,41.020472412550305,62.347383096980366,77.57354771741802,88.6019177434165,101.64668533247757,126.29665690274787,160.04916335342708,35.96982064025657,48.078386156956626,81.79280097431355,83.67094489425837,93.761557147834,113.67587971819188,120.50170589217775,140.81908509528722,0.0,38.636481095699835,51.09917783847674,74.30374642293374,81.61572990950764,97.2700417260372,118.24360567251462,127.94664088363747,133.57209246227688,172.86532591708075,57.25760977421182,78.21109814630486,57.25760977421182,64.25760977421183,20.13405720625429,74.79984818068401,103.74590067988323,27.583112477985466,60.38564053537004,111.75756468137301,24.873888843979266
41.110878320180646,54.01469060573344,72.79078362230676,88.33764609355208,139.92651496116275,35.672004671877815,83.69287975032263,118.92571413288913,41.066358305558836,62.40601519600732,77.6619893082423,88.69023762789773,101.7357571660075,126.43176887713432,160.18206084536868,36.01496876612238,48.12594262994185,81.88399321144338,83.76217700478924,93.85495791064412,113.78039002538071,120.63027021403418,140.94703591943332,0.0,38.68247079954212,51.14512842276004,74.39476652684637,81.70666140847521,97.36446852145028,118.35062716955578,128.06964286496404,133.71165940736736,173.039360760345,57.34880416952597,78.30229254161901,57.34880416952597,64.34880416952598,20.179174836400446,74.89203453996002,103.88217987640348,27.629055991082147,60.476544906328925,111.89429998325988,24.965083239293413
41.15743650627372,54.06235414032523,72.88116716664398,88.42819214187129,140.06271119606086,35.71713791338193,83.78427169855863,119.06278096475879,41.11224460035147,62.4646166388648,77.75044256421558,88.77856596575367,101.82483813684954,126.56689107652853,160.31496972740928,36.060118775909125,48.173497458016705,81.97518840131332,83.85341193501228,93.94835552025307,113.88481043429327,120.7589182074245,141.07501367385967,0.0,38.72846109236995,51.19107828008603,74.48579025535123,81.79759677002318,97.45888706795421,118.45758710281844,128.19270681438027,133.85122211562262,173.2134297880662,57.440001510062565,78.39348988215558,57.440001510062565,64.44000151006257,20.224294536385415,74.98422021819691,104.01846651979143,27.674999317384966,60.5674532052581,112.03104037963764,25.05628057983001
41.203994692366784,54.11001152122928,72.97155750725335,88.51874324185763,140.19891349013065,35.76227306081327,83.87566592733712,119.19985242522607,41.158131298124,62.52318751268114,77.8389074493137,88.86690274936107,101.91392821724752,126.7020234646807,160.4478899708113,36.10527066612881,48.22105064493434,82.06638653702166,83.94464967861462,94.04174999068505,113.98914175431281,120.88764908626115,141.20301827926255,0.0,38.77445197378748,51.23702741835613,74.57681759792186,81.88853598300321,97.55329740807883,118.56448562659358,128.3158325882892,133.990780613186,173.38753286637962,57.53120178895494,78.48469016104796,57.53120178895494,64.53120178895495,20.269416301767595,75.07640522626463,104.15476058301863,27.72094246122683,60.658365420869224,112.16778585686177,25.147480858722382
41.25055287845986,54.15766278530959,73.06195461191433,88.60929937769437,140.33512182716623,35.80741011056357,83.9670624327693,119.33692850125382,41.20401840005867,62.58172790442693,77.92738392758783,88.95524797098743,102.00302737953207,126.83716600551703,160.5808215469334,36.15042443330086,48.26860219443754,82.1575876116887,84.03589022930225,94.13514133590519,114.09338479046531,121.01646206878532,141.331049656563,0.0,38.820443443395796,51.28297584541477,74.66784854407926,81.97947903631403,97.6476995841243,118.67132289723187,128.43902004097026,134.13033492606195,173.5616698620378,57.62240499935835,78.57589337145139,57.62240499935835,64.62240499935835,20.314540128118182,75.16858957494719,104.29106203919571,27.766885426909514,60.74928154192062,112.30453640133793,25.238684069125792
41.29711106455292,54.20530796915529,73.1523584486415,88.69986053363344,140.4713361910213,35.85254905903314,84.0584612109718,119.47400917985699,41.249905907324624,62.640237900913974,78.01587196316473,89.04360162279255,102.09213559612057,126.97231866313871,160.71376442723033,36.19558007395232,48.31615211025896,82.24879161845722,84.1271335808002,94.22852956981981,114.1975403432995,121.14535637768687,141.45910772690723,0.0,38.866435500793344,51.3289235690501,74.75888308339175,82.0704259189011,97.74209363816284,118.77809907310412,128.56226902462015,134.26988508011652,173.73584064240742,57.71361113445009,78.66709950654311,57.71361113445009,64.71361113445009,20.359666011021403,75.26077327494329,104.42737086157163,27.812828218704052,60.84020155721715,112.4412919995221,25.329890204217534
41.343669250645995,54.25294710908293,73.24276898568208,88.79042669399445,140.6075565656081,35.897689902630404,84.14986225806649,119.61109444810204,41.29579382107762,62.69871758879396,78.10437152024753,89.13196369682973,102.18125283951701,127.10748140182072,160.84671858325208,36.240737584617506,48.36370039612082,82.33999855049164,84.21837972685212,94.32191470627613,114.30160920877154,121.2743312402184,141.58719241166602,0.0,38.91242814557566,51.37487059699395,74.84992120547427,82.1613766197563,97.83647961203955,118.8848143145613,128.68557938939196,134.4094311010776,173.910045075467,57.8048201874291,78.75830855952213,57.8048201874291,64.8048201874291,20.404793946073966,75.35295633686688,104.56368702353248,27.858770840850678,60.931125455609774,112.57805263791988,25.42109925719654
41.390227436739075,54.30058024113934,73.33318619151397,88.88099784316505,140.74378293489806,35.94283263777243,84.24126557018093,119.74818429310717,41.3416821424606,62.757167054557605,78.19288256311654,89.22033418504762,102.27037908231172,127.24265418601115,160.9796839866438,36.28589696183846,48.411247055735444,82.43120840097869,84.30962866122069,94.41529675906347,114.40559217813649,121.40338588830359,141.7153036324351,0.0,38.95842137733581,51.42081693692284,74.94096289998869,82.25233112791803,97.9308575473741,118.9914687838956,128.8089509834355,134.54897301453568,174.08428302980332,57.89603215151631,78.84952052360933,57.89603215151631,64.89603215151631,20.449923928885696,75.44513877124821,104.70001049860107,27.904713297559507,61.02205322599563,112.71481830308682,25.512311221283753
41.43678562283214,54.3482074011037,73.42361003484308,88.97157396559994,140.88001528292062,35.98797726088437,84.33267114344785,119.88527870204153,41.387570872603355,62.815586384533134,78.2814050561292,89.30871307929097,102.35951429718162,127.37783698032952,161.1126606091454,36.33105820216445,48.45879209280473,82.52242116312661,84.40088037768703,94.50867574191231,114.50949003784466,121.53251955863973,141.8434413110343,0.0,39.00441519566384,51.46676259645781,75.03200815664283,82.34328943247027,98.0252274855613,119.09806264530063,128.9323836529366,134.68851084594453,174.25855437460913,57.98724701995405,78.94073539204707,57.98724701995405,64.98724701995404,20.495055955078815,75.53732058853396,104.8363412604354,27.950655593010204,61.112984857317365,112.8515889816276,25.603526089721488
41.48334380892521,54.39582862449032,73.51404048460172,89.06215504582089,141.0162535937636,36.0331237683998,84.42407897400557,120.02237766212527,41.43346001262298,62.87397566488556,78.36993896372118,89.39710037130263,102.44865845688975,127.5130297495663,161.2456484225909,36.376221302152274,48.506335511020545,82.61363683016562,84.49213487005099,94.60205166849553,114.6133035694445,121.6617314927948,141.97160536950787,0.0,39.05040960014736,51.512707583165465,75.1230569651907,82.43425152254305,98.1195894677729,119.20459606483215,129.05587724215678,134.82804462062137,174.4328589796802,58.07846478600634,79.03195315809937,58.07846478600634,65.07846478600635,20.54019002028834,75.62950179908836,104.9726792828284,27.996597731352626,61.20392033856323,112.9883646601962,25.694743855773787
41.52990199501828,54.44344394655088,73.6044775099461,89.15274106841622,141.15249785157263,36.07827215676056,84.5154890579979,120.15948116062917,41.47934956362374,62.932334981615355,78.45848425040674,89.4854960527246,102.53781153428513,127.64823245868158,161.37864739890838,36.421386258366184,48.553877314064685,82.70485539534752,84.58339213213104,94.69542455242812,114.71703354949015,121.7910209372989,142.09979573012419,0.0,39.09640459037134,51.55865190455793,75.21410931543186,82.52521738731159,98.21394353495863,119.31106921036906,129.17943159347288,134.9675743637477,174.60719671541227,58.16968544295867,79.12317381505169,58.16968544295867,65.16968544295867,20.585326120161834,75.72168241319362,105.1090245397066,28.04253971670684,61.294859658766654,113.12514532549554,25.78596451272611
41.57646018111135,54.49105340227693,73.69492108025423,89.24333201804049,141.2887480405511,36.123422422416795,84.60690139157408,120.2965891848744,41.525239526697334,62.990664420557536,78.54704088077902,89.57390011509945,102.626973502303,127.78344507280424,161.51165751011956,36.466553067377816,48.60141750560879,82.79607685194574,84.67465215776404,94.78879440726762,114.82068074945462,121.92038714373055,142.22801231537542,0.0,39.142400165918005,51.60459556809349,75.30516519721137,82.61618701599654,98.3082897278473,119.41748225157414,129.30304654741616,135.1071001003698,174.78156745279864,58.26090898411789,79.21439735621091,58.26090898411789,65.26090898411789,20.630464250359484,75.81386244105073,105.24537700512951,28.088481553163362,61.38580280700611,113.26193096427721,25.877188053885334
41.623018367204416,54.538657026402205,73.78537116512395,89.33392787941405,141.42500414495962,36.16857456182685,84.6983159708889,120.43370172223239,41.57112990292292,63.04896406738054,78.63560881951098,89.66231254987163,102.71614433396428,127.91866755723065,161.64467872833896,36.5117217257662,48.648956089314545,82.88730119325517,84.76591494080527,94.88216124651397,114.92424593564833,122.04982936879756,142.35625504797758,0.0,39.18839632636717,51.65053858117688,75.39622460041926,82.7071603978633,98.40262808694797,119.52383535985523,129.42672194271177,135.2466218553993,174.9559710634272,58.35213540281216,79.30562377490519,58.35213540281216,65.35213540281215,20.675604406553965,75.90604189277994,105.38173665328864,28.134423244783395,61.47674977240472,113.39872156334137,25.9684144725796
41.66957655329749,54.586254853404874,73.87582773437066,89.42452863732277,141.56126614911582,36.21372857145724,84.78973279210254,120.57081876012406,41.61702069336713,63.10723400758517,78.72418803135537,89.75073334838886,102.80532400237554,128.05389987742385,161.77771102577404,36.55689223011769,48.69649306883351,82.97852841259197,84.85718047512837,94.97552508361031,115.02772986914236,122.1793468744132,142.48452385086992,0.0,39.234393071295926,51.696480951159835,75.4872875149904,82.79813752222212,98.49695865255131,119.63012870832632,129.55045761631717,135.38613965361372,175.13040741947714,58.44336469239074,79.39685306448376,58.44336469239074,65.44336469239074,20.72074658443028,75.9982207784214,105.51810345850657,28.18036479559891,61.56770054413011,113.53551710953624,26.05964376215818
41.716134739390554,54.6338469175101,73.96629075802552,89.5151342766177,141.69753403739435,36.25888444778278,84.8811518513809,120.70794028602029,41.66291189908435,63.165474326503734,78.81277848114571,89.83916250190352,102.89451248072925,128.1891419990125,161.91075437472472,36.60206457702608,48.744028447807324,83.06975850329384,84.94844875462522,95.06888593194284,115.13113330569698,122.30893892776702,142.6128186472151,0.0,39.280390400279,51.74242268534146,75.57835393090419,82.88911837842753,98.59128146473068,119.73636247176913,129.674253403462,135.5256535196568,175.30487639371697,58.534596846224126,79.48808521831714,58.534596846224126,65.53459684622412,20.76589077968604,76.09039910793605,105.65447739523634,28.226306209613035,61.65865511139415,113.67231758975821,26.150875915991566
41.76269292548363,54.681433252692166,74.05676020633322,89.60574478221476,141.83380779422632,36.30404218728646,84.97257314489536,120.84506628744123,41.70880352111678,63.22368510929904,78.9013801337965,89.92760000157382,102.98370974230279,128.32439388779,162.04380874758266,36.647238763092524,48.791562229867665,83.16099145871952,85.03971977320597,95.16224380484108,115.23445699569498,122.43860480139136,142.74113936039885,0.0,39.326388312888575,51.78836379096855,75.66942383818424,82.98010295587837,98.68559656334341,119.84253682659443,129.7981091376859,135.6651634780396,175.47937785950148,58.625831857703815,79.57932022979685,58.625831857703815,65.62583185770382,20.811036988031137,76.18257689120603,105.79085843806033,28.272247490800222,61.74961346345278,113.80912299095145,26.242110927471256
41.80925111157669,54.72901389267672,74.14723604974999,89.69636013909415,141.97008740409902,36.34920178645935,85.06399666882285,120.98219675195598,41.75469556049429,63.281866440963285,78.98999295430359,90.01604583846516,103.07291576045918,128.45965550971317,162.1768741168314,36.692414784925425,48.83909441863619,83.2522272722489,85.13099352479882,95.25559871557824,115.33770168407926,122.56834377322232,142.86948591402967,0.0,39.37238680869436,51.83430427523616,75.76049722689807,83.07109124401742,98.77990398803175,119.94865195080384,129.92202465087757,135.8046695531404,175.65391169076872,58.71706972024218,79.6705580923352,58.71706972024218,65.71706972024218,20.856185205187767,76.27475413803525,105.92724656168961,28.318188643106268,61.84057558960565,113.94593330010765,26.333348790009623
41.855809297669765,54.77658887094311,74.23771825894174,89.78698033230023,142.106372851556,36.394363241800704,85.15542241934583,121.11933166718252,41.80058801823498,63.340018406317284,79.07861690774486,90.10450000355144,103.16213050864651,128.59492683090164,162.30995045504545,36.73759263914057,48.88662501772476,83.3434659372829,85.22227000335002,95.3489506773712,115.44086811029574,122.69815512665744,142.99785823193855,0.0,39.418385887263646,51.88024414528769,75.8515740871569,83.16208323233106,98.87420377822428,120.05470802395173,130.0459997733128,135.94417176920592,175.82847776203735,58.80831042727248,79.76179879936551,58.80831042727248,65.80831042727247,20.901335426890398,76.36693085815016,106.06364174096294,28.364129670448694,61.93154147919591,114.08274850426587,26.42458949703992
41.90236748376283,54.82415822072657,74.32820680478198,89.87760534694118,142.24266412119638,36.439526549817906,85.24685039265243,121.2564710207875,41.846480895344776,63.39814109000955,79.1672519592805,90.19296248771634,103.25135396039781,128.73020781763665,162.4430377348904,36.78277232236106,48.93415403073538,83.43470744724353,85.31354920282388,95.44229970338107,115.54395700823979,122.82803815060764,143.12625623817902,0.0,39.46438554816126,51.92618340821567,75.94265440911525,83.25307891034917,98.96849597313697,120.1607052271073,130.17003433369297,136.08367015035142,176.00307594840393,58.89955397224874,79.85304234434176,58.89955397224874,65.89955397224874,20.946487648885775,76.45910706120034,106.20004395084618,28.410070576716937,62.022511121610044,114.21956859051228,26.515833042016183
41.9489256698559,54.8717219750204,74.41870165834989,89.96823516818857,142.37896119767487,36.48469170702639,85.33828058493638,121.39361480048578,41.8923741928179,63.456234576515264,79.25589807415344,90.28143328175454,103.34058608933088,128.8654984363601,162.57613592912222,36.82795383121723,48.981681461260045,83.52595179557342,85.40483111720258,95.53564580671305,115.6469691062077,122.95799213954594,143.25467985702656,0.0,39.510385790949776,51.972122071061975,76.03373818297078,83.34407826764486,99.06278061177433,120.26664374281685,130.2941281591826,136.22316472056121,176.17770612554054,58.99080034864564,79.94428872073865,58.99080034864564,65.99080034864565,20.99164186693273,76.55128275675906,106.33645316643114,28.456011365772447,62.11348450627758,114.35639354597993,26.607079418413086
41.99548385594897,54.919280166578204,74.50920279092851,90.05886978127697,142.51526406570156,36.529858709949764,85.42971299239706,121.5307629940404,41.938267911636785,63.51429895013559,79.34455521768996,90.36991237637302,103.42982686914841,129.00079865367374,162.70924501058713,36.87313716234677,49.02920731288112,83.61719897573616,85.49611574048625,95.628989000417,115.74990512685214,123.08801639355148,143.38312901297863,0.0,39.556386615189396,52.01806014081811,76.12482539896405,83.43508129383422,99.15705773293062,120.37252375506644,130.41828107544745,136.36265550369,176.35236816969146,59.082049549958526,80.03553792205155,59.082049549958526,66.08204954995853,21.03679807680243,76.64345795432402,106.47286936293519,28.501952041449012,62.204461622670955,114.49322335784866,26.69832861972597
42.04204204204204,54.966832827915916,74.59971017400265,90.14950917150374,142.65157271004134,36.57502755511955,85.52114761123933,121.66791558926211,41.98416205277214,63.57233429499657,79.43322335529966,90.45839976219229,103.51907627363737,129.1361084363378,162.84236495222083,36.91832231239456,49.07673158917101,83.70844898121594,85.58740306669263,95.72232929748736,115.85276578714124,123.21811021834931,143.51160363075434,0.0,39.602388020437814,52.06399762442575,76.21591604737804,83.52608797857596,99.25132737519104,120.47834544924442,130.5424929066918,136.50214252346225,176.5270619576707,59.17330156970313,80.12678994179613,59.17330156970313,66.17330156970313,21.081956274277882,76.7356326633176,106.60929251569996,28.54789260755275,62.295442460305054,114.63005801334457,26.789580639470568
42.088600228135114,55.01437999131409,74.69022377925725,90.2401533242287,142.787887115514,36.620198239075435,85.61258443767393,121.8050725740094,42.03005661718325,63.630340695048616,79.52190245247654,90.54689542974766,103.60833427666945,129.27142775127075,162.9754957270486,36.96350927801279,49.124254293692545,83.79970180551769,85.67869308985743,95.81566671086367,115.95555179832222,123.34827292534695,143.6401036352939,0.0,39.64839000625071,52.10993452877705,76.30701011853816,83.61709831157147,99.34558957693268,120.58410901210439,130.66676347569586,136.64162580347394,176.7017873668595,59.26455640141572,80.21804477350872,59.26455640141572,66.26455640141572,21.127116455154336,76.82780689308788,106.745722600191,28.593833067862597,62.38642700873727,114.7668974997403,26.880835471183158
42.13515841422819,55.061921688819815,74.78074357857527,90.33080222487354,142.92420726699373,36.66537075836504,85.70402346791708,121.94223393618795,42.07595160581785,63.68831823406534,79.61059247479848,90.63539936949037,103.69760085220014,129.40675656554757,163.1086373081847,37.00869805586083,49.171775429998625,83.89095744216662,85.76998580403374,95.90900125343043,116.05826386588836,123.47850383166633,143.76862895175884,0.0,39.694392572181236,52.15587086071504,76.3981076028117,83.70811228256417,99.43984437632577,120.68981463172862,130.7910926038526,136.78110536719217,176.87654427520323,59.3558140386528,80.30930241074584,59.3558140386528,66.35581403865281,21.172278615238923,76.91998065290898,106.88215959199658,28.63977342613019,62.47741525756705,114.90374180435421,26.972093108420246
42.18171660032125,55.10945795224901,74.87126954403615,90.42145585892187,143.06053314940908,36.71054510954405,85.79546469819077,122.07939966375056,42.12184701961233,63.74626699564303,79.69929338792849,90.72391157178889,103.78687597426944,129.54209484639938,163.2417896688321,37.053888642605344,49.21929500163264,83.98221588470854,85.8612812032925,96.00233293801779,116.16090268955013,123.60880226017302,143.8971795055315,0.0,39.740395717780636,52.20180662703411,76.48920849060784,83.79912988133975,99.53409181133497,120.79546249749127,130.9154801112049,136.92058123795644,177.05133256120922,59.447074474991254,80.40056284708427,59.447074474991254,66.44707447499125,21.21744275035084,77.01215395198172,107.01860346682729,28.685713686080298,62.56840719643581,115.04059091455068,27.063353544758698
42.228274786414325,55.15698881318823,74.96180164791366,90.51211421191863,143.19686474774252,36.75572128917599,85.88690812472262,122.21656974469693,42.16774285949171,63.804187063199656,79.78800515761436,90.81243202692997,103.87615961700092,129.6774425612122,163.37495278228192,37.09908103492006,49.266813012128026,84.07347712670958,85.95257928172194,96.09566177740115,116.26346896320904,123.73916753950066,144.0257552222146,0.0,39.786399442597435,52.24774183447995,76.58031277237707,83.8901510977254,99.62833191972015,120.90105280002217,131.03992581648163,137.0600534389788,177.22615210394338,59.53833770402797,80.49182607612099,59.53833770402797,66.53833770402797,21.262608856321044,77.10432679943408,107.15505420051485,28.731653851410798,62.65940281502655,115.17744481773957,27.15461677379541
42.27483297250739,55.20451430299695,75.05233986267432,90.6027772694698,143.33320204703026,36.80089929383246,85.97835374374594,122.35374416707337,42.21363912636991,63.86207851997425,79.87672774968966,90.90096072512014,103.96545175460186,129.81279967752616,163.50812662191322,37.14427522948601,49.314329465008875,84.16474116175611,86.04388003342788,96.18898778430211,116.36596337493603,123.86959900407336,144.15435602763137,0.0,39.83240374617845,52.29367648975064,76.67142043861129,83.98117592159011,99.72256473903788,121.00658573117074,131.1644295371345,137.19952199334475,177.40100278302856,59.62960371938004,80.58309209147306,59.62960371938004,66.62960371938004,21.307776928992503,77.19649920432198,107.29151176901172,28.777593925793067,62.750402103063884,115.31430350137622,27.245882789147487
42.32139115860046,55.25203445280945,75.14288416097571,90.69344501724213,143.46954503236213,36.84607912009297,86.06980155149985,122.4909229189725,42.259535821149775,63.91994144902615,79.96546113007349,90.98949765648658,104.05475236136347,129.9481661630346,163.64131116119287,37.18947122299141,49.36184436378953,84.25600798345468,86.13518345253352,96.28231097138809,116.46838660695232,124.00009599412361,144.28298184782477,0.0,39.878408628068044,52.33961059949632,76.76253147984332,84.0722043428441,99.81679030664229,121.11206148397032,131.28899108937358,137.33898692401345,177.57588447864075,59.720872514684565,80.67436088677759,59.720872514684565,66.72087251468456,21.352946964219957,77.28867117562974,107.42797614839006,28.823533912872055,62.84140505031356,115.4511669529611,27.337151584452005
42.367949344693535,55.29954929353684,75.23343451566453,90.78411744096286,143.60589368888103,36.89126076454494,86.16125154422903,122.62810598853324,42.30543294472301,63.9777759332342,80.05420526477124,91.07804281107838,104.14406141166008,130.08354198558305,163.7745063736745,37.2346690121316,49.4093577119747,84.347277585432,86.22648953317938,96.37563135127282,116.57073933561375,124.13065785570771,144.41163260905765,0.0,39.92441408780865,52.38554417032001,76.85364588664663,84.16323635143868,99.91100865968636,121.21748025260248,131.41361028820322,137.47844825381864,177.750797071507,59.812144083598525,80.76563245569155,59.812144083598525,66.81214408359853,21.398118957869958,77.38084272227063,107.56444731484103,28.869473816266492,62.932411646582445,115.58803516003968,27.42842315336597
42.4145075307866,55.34705885586898,75.32399089977487,90.87479452641921,143.74224800178308,36.936444223783624,86.25270371818405,122.76529336394016,42.35133049797052,64.03558205529605,80.14296011987459,91.16659617886776,104.23337887994944,130.2189271131685,163.90771223299922,37.27986859360902,49.45686951305959,84.43854996133467,86.31779826952315,96.46894893651655,116.67302223139852,124.26128394071768,144.54030823781218,0.0,39.97042012494045,52.43147720877773,76.94476364963523,84.25427193736613,100.00521983512286,121.32284223236204,131.53828694745755,137.617906005469,177.92574044290305,59.90341841979875,80.85690679189177,59.90341841979875,66.90341841979874,21.443292905820744,77.47301385308738,107.70092524467417,28.91541363956901,63.023421881718086,115.72490811020216,27.519697489566187
42.46106571687968,55.39456317027655,75.41455328652664,90.96547625945834,143.87860795631704,36.981629494412246,86.3441580696212,122.90248503342373,42.39722848176235,64.09335989772757,80.23172566156211,91.2551577497512,104.32270474077228,130.35432151393826,164.0409287128942,37.32506996413335,49.504379770529816,84.52982510482936,86.4091096557399,96.5622637396262,116.77523595889738,124.39197360689062,144.66900866078961,0.0,40.01642673900151,52.47740972137898,77.03588475946334,84.34531109065922,100.09942386970552,121.42814761962192,131.66302087983559,137.7573602015488,178.1007144746504,59.99469551698186,80.94818388907488,59.99469551698186,66.99469551698186,21.488468803962288,77.56518457685293,107.83740991431641,28.961353386346474,63.11443574560877,115.86178579108335,27.6109745867493
42.507623902972746,55.44206226701282,75.50512164932373,91.05616262598663,144.01497353778433,37.02681657304179,86.43561459480237,123.03968098525975,42.44312689695769,64.15110954286197,80.3205018560993,91.34372751355045,104.41203896875217,130.48972515618922,164.17415578717274,37.37027312042128,49.55188848786151,84.62110300960249,86.50042368602166,96.65557577305567,116.87738117680696,124.52272621781455,144.79773380491005,0.0,40.06243392952792,52.52334171458696,77.12700920682512,84.43635380139123,100.1936207999901,121.53339661179844,131.78781189693606,137.89681086451853,178.2757190491131,60.08597536886409,81.03946374095712,60.08597536886409,67.0859753688641,21.533646648196196,77.65735490227068,107.97390130031147,29.007293060139993,63.205453228183025,115.99866819036231,27.702254438631535
42.55418208906582,55.48955617611575,75.59569596175236,91.14685361196983,144.15134473153861,37.07200545629114,86.52707328999541,123.17688120776911,42.489025744405225,64.20883107284936,80.40928866983917,91.43230546001385,104.50138153859558,130.62513800836703,164.3073934297341,37.41547805919668,49.59939566852137,84.7123836693603,86.59174035457761,96.74888504920581,116.97945853792599,124.65354114293241,144.926483597312,0.0,40.10844169605379,52.569273194819054,77.21813698245441,84.52740005967573,100.28781066233574,121.63858940731724,131.91265980929222,138.03625801671515,178.45075404919663,60.177257969181355,81.13074634127436,60.177257969181355,67.17725796918135,21.57882643443567,77.74952483797534,108.11039937931908,29.05323266446519,63.29647431940961,116.13555529576227,27.793537038948795
42.600740275158884,55.537044927409646,75.68627619757956,91.23754920343245,144.28772152298546,37.117196140786895,86.61853415147374,123.31408568931795,42.534925024942886,64.26652456965596,80.49808606922207,91.52089157881724,104.59073242509147,130.76056003906504,164.44064161456308,37.46068477719044,49.64690131596651,84.80366707782864,86.68305965563387,96.842191580425,117.08146868915408,124.78441775754239,145.05525796535235,0.0,40.15445003811099,52.61520416844713,77.30926807712453,84.61844985566613,100.38199349290544,121.74372620557912,132.03756442640582,138.17570168035348,178.62581935834376,60.26854331168899,81.222031683782,60.26854331168899,67.26854331168899,21.624008158605513,77.84169439253327,108.24690412811424,29.099172202812344,63.38749900929719,116.27244709505045,27.88482238145643
42.64729846125196,55.584528550507294,75.77686233075136,91.32824938645746,144.42410389758246,37.16238862316354,86.70999717551675,123.45129441831689,42.58082473939827,64.32419011506347,80.58689402077664,91.60948585956528,104.6800916031112,130.8959912170235,164.57390031572942,37.505893271140565,49.69440543364476,84.89495322875304,86.77438158343355,96.93549537900911,117.18341227149301,124.91535544279658,145.18405683660558,0.0,40.200458955229685,52.66113464179782,77.4004024816481,84.70950317955565,100.47616932766788,121.84880720692607,132.16252555678116,138.3151418775256,178.80091486053294,60.35983139016185,81.31331976225486,60.35983139016185,67.35983139016186,21.669191816642005,77.93386357444307,108.38341552358652,29.145111678646632,63.47852728789416,116.4093435760378,27.976110459929295
42.69385664734502,55.632007074811675,75.86745433539127,91.4189541471862,144.56049184083872,37.207582900063336,86.80146235840955,123.58850738322126,42.62672488858851,64.3818277906687,80.67571249111944,91.69808829179239,104.76945904760834,131.03143151112894,164.70716950738773,37.55110353779215,49.74190802499453,84.98624211589862,86.86570613223671,97.02879645720189,117.28528992005046,125.04635358569655,145.31288013886393,0.0,40.24646844693792,52.70706462115308,77.49154018687672,84.80056002157723,100.570338202398,121.95383261260827,132.2875430079591,138.45457863020266,178.97604044027528,60.45112219839418,81.40461057048721,60.45112219839418,67.45112219839417,21.71437740449301,78.0260323921362,108.51993354273941,29.191051095408252,63.56955914528856,116.54624472657875,28.06740126816162
42.740414833438095,55.67948052951764,75.9580521857985,91.50966347181766,144.69688533831464,37.25277896813614,86.892929696443,123.72572457253045,42.67262547332031,64.43943767788248,80.76454144695535,91.78669886496384,104.85883473361848,131.1668808904127,164.84044916377698,37.59631557389719,49.789409093444654,85.07753373304968,86.95703329631996,97.12209482719487,117.3871022640463,125.17741157908677,145.44172780013662,0.0,40.29247851276169,52.75299411275009,77.58268118370057,84.89162037200276,100.66450015267802,122.05880262475056,132.4126165865496,138.59401196023452,179.15119598261208,60.54241573019933,81.49590410229236,60.54241573019933,67.54241573019932,21.759564918117622,78.11820085397726,108.65645816268919,29.236990456512498,63.66059457160748,116.68315053457103,28.15869479996677
42.78697301953116,55.72694894361417,76.04865585644669,91.60037734660872,144.83328437562207,37.29797682403981,86.98439918591389,123.86294597478829,42.71852649439036,64.49701985792976,80.85338085507826,91.87531756847697,104.94821863625917,131.30233932405096,164.97373925922017,37.64152937621496,49.836908642415,85.16882807401028,87.04836306997701,97.21539050112793,117.48884992682095,125.30852882164604,145.5705997486501,0.0,40.33848915222537,52.79892312278217,77.67382546304857,84.98268422114377,100.75865521389902,122.16371744632008,132.5377460982656,138.7334418893507,179.32638137311247,60.63371197941012,81.58720035150313,60.63371197941012,67.63371197941012,21.804754353486597,78.21036896826492,108.7929893606649,29.28292976535022,63.751633557017485,116.82006098795567,28.249991049177563
42.83353120562423,55.77441234588566,76.13926532198214,91.69109575787338,144.96968893842316,37.34317646443967,87.07587082312476,124.00017157858207,42.76442795258502,64.55457441184838,80.94223068237073,91.96394439166205,105.03761073072954,131.4378067813629,165.10703976812422,37.68674494151154,49.8844066753158,85.26012513260343,87.13969544751808,97.30868349108943,117.59053352584606,125.43970471787625,145.6994959128471,0.0,40.384500364851235,52.84485165739857,77.7649730158878,85.07375155935021,100.85280342126144,122.26857728109344,132.66293134795515,138.872868439161,179.50159649787057,60.72501093987829,81.67849931197131,60.72501093987829,67.72501093987829,21.849945706581902,78.302536743232,108.92952711400703,29.328869025287645,63.84267609172374,116.9569760747165,28.341290009645732
42.8800893917173,55.82187076491396,76.22988055722207,91.78181869198269,145.10609901243117,37.388377886008826,87.16734460438386,124.13740137254297,42.8103298486805,64.61210142048893,81.03109089580454,92.05257932378346,105.12701099231016,131.57328323181065,165.24035066497942,37.73196226656002,49.93190319554809,85.35142490267152,87.23103042326989,97.4019738091161,117.69215367273695,125.57093867808949,145.82841622138665,0.0,40.430512150159686,52.89077972270517,77.85612383322332,85.16482237701106,100.94694480977645,122.3733823336247,132.7881721396339,139.01229163115596,179.676841243503,60.81631260547467,81.7698009775677,60.81631260547467,67.81631260547468,21.895138973396776,78.39470418704622,109.06607140016709,29.37480823966676,63.93372216597021,117.09389578288007,28.432591675242115
42.92664757781037,55.86932422908019,76.32050153715352,91.87254613536427,145.24251458340967,37.43358108542808,87.25882052600548,124.27463534534544,42.85623218344323,64.66960096451416,81.11996146244074,92.1412223540407,105.21641939636311,131.70876864499806,165.37367192435892,37.777181348140616,49.97939820650371,85.44272737807601,87.32236799157597,97.49526146719383,117.79371097326761,125.70223011839298,145.95736060314368,0.0,40.47652450766933,52.9367073247646,77.94727790609814,85.25589666455365,101.0410794142668,122.47813280921375,132.91346827651722,139.15171148670757,179.85211549714685,60.90761697008912,81.86110534218214,60.90761697008912,67.90761697008912,21.940334149935843,78.48687130781073,109.20262219670683,29.420747411805447,64.02477177003938,117.23082010051557,28.523896039856567
42.97320576390344,55.91677276656629,76.41112823693152,91.96327807450234,145.37893563717233,37.47878605938585,87.35029858430964,124.41187348570715,42.902134957629585,64.72707312439832,81.20884234942997,92.22987347156943,105.30583591833138,131.84426299066988,165.5070035209187,37.822402183040396,50.02689171156511,85.53403255269744,87.41370814679621,97.58854647725725,117.89520602738715,125.83357846067193,146.08632898720853,0.0,40.522537436897004,52.98263446959661,78.0384352255927,85.34697441244357,101.1352072693681,122.58282891387466,133.03881956105164,139.2911280270696,180.02741914645605,60.99892402763034,81.95241239972336,60.99892402763034,67.99892402763034,21.985531232214864,78.57903811356456,109.33917948129765,29.466686544997604,64.11582489425197,117.36774901573445,28.615203097397778
43.01976394999651,55.964216405356865,76.50176063187763,92.05401449593705,145.51536215958305,37.52399280457819,87.44177877562223,124.54911578238877,42.94803817198611,64.78451798042684,81.29773352401283,92.31853266544253,105.39526053373912,131.97976623871116,165.64034542939729,37.86762476805341,50.07438371410576,85.62534042043534,87.50505088330696,97.68182885119049,117.9966394292382,125.96498313257125,146.21532130288688,0.0,40.56855093735757,53.02856116317855,78.12959578282492,85.43805561118457,101.22932840952963,122.68747085430472,133.16422579494647,139.4305412733784,180.20275207960032,61.09023377202586,82.04372214411889,61.09023377202586,68.09023377202585,22.03073021626084,78.67120461228299,109.47574323171978,29.512625642513377,64.20688152896686,117.50468251669035,28.7065128417933
43.066322136089575,56.01165517324088,76.59239869747854,92.14475538626446,145.65179413655517,37.56920131770878,87.53326109627506,124.68636222419373,42.99394182724965,64.84193561269578,81.38663495351969,92.40719992467102,105.48469321819111,132.11527835914632,165.773697624615,37.91284909998067,50.12187421748977,85.71665097520805,87.596396195501,97.77510860082697,118.09801176717711,126.0964435674745,146.34433747969908,0.0,40.614565008564355,53.07448741144538,78.2207595689498,85.52914025131824,101.3234428690155,122.79205883785345,133.28968677920457,139.5699512466535,180.3781141852614,61.18154619722198,82.135034569315,61.18154619722198,68.18154619722198,22.07593109811196,78.7633708118783,109.61231342586173,29.558564707599242,64.29794166458079,117.64162059157891,28.797825266989413
43.11288032218265,56.05908909781327,76.68304240938453,92.23550073213606,145.7882315540517,37.614411595488875,87.62474554260562,124.82361279996792,43.03984592414728,64.8993261011112,81.47554660537118,92.49587523820516,105.57413394737283,132.25079932213814,165.90706008147433,37.95807517563009,50.16936322507208,85.80796421095286,87.68774407778731,97.86838573794988,118.19932362379572,126.22795920448218,146.4733774473801,0.0,40.66057965002873,53.120413220290345,78.3119265751592,85.6202283234238,101.41755068190565,122.89659307249246,133.41520231415288,139.70935796779796,180.55350535263136,61.2728612971836,82.22634966927662,61.2728612971836,68.2728612971836,22.121133873817396,78.85553672020009,109.74889004171936,29.604503743478233,64.38900529152815,117.77856322863744,28.889140366951043
43.15943850827571,56.106518206476686,76.77369174340805,92.32625052025858,145.924674398085,37.65962363463732,87.7162321109575,124.9608674985997,43.08575046339655,64.956689525389,81.56446844707816,92.58455859493537,105.66358269704996,132.3863290979872,166.04043277495867,38.00330299181653,50.21685074019863,85.89928012162571,87.77909452459127,97.96166027429223,118.3005755759447,126.35952948838778,146.6024411358789,0.0,40.70659486126046,53.16633859556483,78.40309679268171,85.71131981811797,101.5116518820969,123.00107376678521,133.5407721994733,139.8487614575991,180.72892547140987,61.36417906589429,82.31766743798731,61.36417906589429,68.36417906589429,22.16633853943752,78.94770234503581,109.88547305739559,29.65044275335007,64.48007240028087,117.91551041614493,28.980458135661735
43.20599669436879,56.15394252644311,76.86434667552219,92.41700473739371,146.06112265471648,37.70483743188049,87.80772079768005,125.09812630901939,43.13165544570544,65.01402596505424,81.6534004462422,92.67324998369334,105.75303944306853,132.52186765713097,166.17381568013286,38.04853254536172,50.264336766206185,85.99059870120124,87.87044753035437,98.0549322215372,118.40176819475853,126.49115386965286,146.73152847535823,0.0,40.752610641767504,53.21226354307922,78.49427021278234,85.80241472605474,101.60574650330389,123.1055011298574,133.66639623423183,139.98816173672913,180.90437443180153,61.4554994973561,82.40898786944912,61.4554994973561,68.4554994973561,22.211545091043664,79.03986769411122,110.02206245109946,29.696381740391345,64.57114298134825,118.05246214242173,29.07177856712354
43.252554880461865,56.20136208473551,76.95500718185951,92.50776337035774,146.1975763100563,37.75005298395231,87.89921159912845,125.23538922019931,43.177560871772464,65.07133549944085,81.74234257055537,92.7619493932528,105.84250416135451,132.657414970143,166.30720877214225,38.09376383309425,50.31182130642246,86.0819199436727,87.96180308953424,98.14820159131797,118.50290204568175,126.6228318043799,146.86063939619396,0.0,40.79862699105621,53.25818806860271,78.58544682676236,85.89351303792508,101.69983457906008,123.20987537136739,133.79207421690865,140.1275588257454,181.0798521245136,61.54682258558949,82.50031095768252,61.54682258558949,68.54682258558948,22.256753524718164,79.13203277509092,110.1586582011454,29.742320707755653,64.6622170252765,118.18941839582932,29.16310165535693
43.29911306655493,56.248776908189505,77.04567323871032,92.59852640602146,146.33403535026346,37.79527028759429,87.990704511664,125.37265622115352,43.2234667422869,65.12861820769119,81.83129478780076,92.85065681233083,105.93197682791384,132.79297100773246,166.4406120262128,38.13899685184973,50.359304364166135,86.17324384305186,88.05316119660473,98.24146839521877,118.60397768849676,126.75456275428502,146.98977382897553,0.0,40.844643908631184,53.304112177864035,78.67662662595919,85.984614744457,101.79391614271901,123.3141967014776,133.91780594542718,140.26695274509154,181.25535844075392,61.638148324633406,82.59163669672643,61.638148324633406,68.6381483246334,22.301963836554382,79.2241975955789,110.29526028595299,29.78825965857386,64.75329452264904,118.32637916477034,29.25442739440085
43.345671252648,56.296187023454685,77.13634482252135,92.6892938313094,146.47049976154517,37.840489339555226,88.08219953165359,125.50992730093739,43.269373057928455,65.18587416875543,81.92025706585217,92.93937222958823,106.02145741883182,132.92853574074252,166.57402541765038,38.184231598470355,50.40678594274672,86.26457039336887,88.14452184605545,98.33473264477395,118.70499567735246,126.8863461866681,147.11893170450446,0.0,40.890661393995416,53.350035876551324,78.76780960174571,86.07571983641493,101.88799122745482,123.41846533082534,134.04359121718292,140.4063435150972,181.43089327222765,61.729476708544865,82.68296508063789,61.729476708544865,68.72947670854487,22.347176022656377,79.31636216311863,110.43186868404568,29.834198595953907,64.84437546408566,118.46334443768804,29.34575577831231
43.39222943874107,56.34359245699671,77.22702190989472,92.7800656332003,146.60696953015704,37.88571013659167,88.17369665547025,125.64720244864787,43.31527981936793,65.24310346139171,82.00922937267491,93.0280956336312,106.11094591027334,133.0641091401506,166.70744892184095,38.22946806980544,50.454266045465,86.35589958867241,88.23588503239223,98.42799435146911,118.80595656079491,127.01818157438274,147.24811295379467,0.0,40.93667944665033,53.3959591703128,78.85899574553078,86.16682830460002,101.9820598662638,123.52268147049519,134.16942982907221,140.54573115597964,181.60645651113563,61.8208077313994,82.77429610349243,61.8208077313994,68.8208077313994,22.39239007913932,79.40852648519419,110.56848337405073,29.880137522981567,64.93545984024303,118.6003142030666,29.437086801166835
43.43878762483414,56.390993235098364,77.31770447758602,92.87084179872605,146.74344464240255,37.93093267546741,88.26519587949284,125.7844816534227,43.36118702726673,65.30030616416512,82.09821167632518,93.11682701301169,106.2004422784826,133.19969117706697,166.8408825142497,38.27470626271095,50.5017446756126,86.44723142302927,88.32725075013667,98.52125352674085,118.90686088179815,127.15006839580438,147.3773175080721,0.0,40.98269806609571,53.44188206475689,78.95018504875844,86.2579401398496,102.07612209196496,123.62684533199042,134.29532157751987,140.68511568784342,181.78204805017162,61.91214138729044,82.86562975938347,61.91214138729044,68.91214138729045,22.437606002129094,79.50069056923006,110.7051043346982,29.926076442720028,65.0265476418139,118.7372884494304,29.528420457057884
43.48534581092721,56.438389383861434,77.40839250250337,92.961622314972,146.87992508463293,37.976156952953815,88.35669720010613,125.92176490444064,43.407094682277325,65.35748235544777,82.18720394495085,93.20556635622874,106.28994649978281,133.33528182273392,166.974326170421,38.31994617404975,50.54922183647222,86.53856589052455,88.4186189938262,98.61451018197707,119.00770917779701,127.28200613479783,147.50654529877397,0.0,41.028717251829654,53.48780456545249,79.04137750290808,86.34905533303701,102.17017793720126,123.73095712720587,134.4212662585074,140.82449713068146,181.95766778251982,62.00347767032965,82.95696604242268,62.00347767032965,69.00347767032964,22.4828237877624,79.59285442259201,110.84173154482058,29.972015358210356,65.11763885952737,118.87426716534425,29.619756740097092
43.53190399702029,56.48578092920805,77.49908596170592,93.0524071690764,147.01641084324714,38.02138296582954,88.44820061370075,126.05905219092112,43.45300278504311,65.41463211341829,82.27620614679125,93.29431365172908,106.37945855057579,133.47088104852548,167.107779865978,38.365187800691395,50.59669753131771,86.62990298526152,88.50998975801404,98.70776432851711,119.10850198072036,127.41399428068333,147.6357962575487,0.0,41.07473700334887,53.53372667792939,79.13257309949368,86.44017387507155,102.26422743444033,123.83501706840052,134.54726366760008,140.9638755043752,182.13331560185284,62.09481657464659,83.04830494673962,62.09481657464659,69.0948165746466,22.528043432186635,79.6850180525874,110.97836498335181,30.01795427247151,65.20873348414834,119.01125033941295,29.711095644414037
43.57846218311335,56.533167896882354,77.58978483240264,93.1431963482301,147.15290190469142,38.06661071088075,88.53970611667339,126.196343502124,43.498911336198574,65.47175551606155,82.36521825017722,93.3830688879082,106.46897840734242,133.60648882594617,167.24124357662262,38.410431139512376,50.64417176341397,86.72124270136149,88.60136303726928,98.80101597765224,119.20923981702556,127.54603232820203,147.76507031625516,0.0,41.12075732014841,53.57964840767833,79.2237718300644,86.53129575689829,102.35827061597581,123.93902536817092,134.6733135999743,141.1032508286958,182.30899140232867,62.18615809438883,83.13964646648186,62.18615809438883,69.18615809438883,22.573264931559997,79.7771814664656,111.1150046293269,30.063893188500625,65.29983150647759,119.14823796028132,29.802437164156274
43.625020369206425,56.580550312451905,77.68048909195086,93.23398983967643,147.2893982554589,38.11184018490092,88.63121370542656,126.33363882734936,43.54482033636932,65.5288526411683,82.45424022353139,93.47183205311124,106.55850604664163,133.74210512663055,167.37471727813463,38.455676187395795,50.691644536017044,86.81258503296378,88.69273882617645,98.89426514062527,119.30992320773363,127.6781197774804,147.89436740696283,0.0,41.16677820172178,53.62556976015159,79.31497368620366,86.62242096949764,102.45230751392796,124.04298223942453,134.79941585044403,141.2426231233039,182.4846950785888,62.27750222372174,83.23099059581477,62.27750222372174,69.27750222372174,22.6184882820513,79.86934467141859,111.25165046188137,30.109832109273007,65.39093291735145,119.28523001663375,29.89378129348918
43.67157855529949,56.62792820130931,77.77119871785517,93.32478763071099,147.4258998820901,38.157071384691015,88.7227233763688,126.4709381559376,43.59072978617222,65.58592356633494,82.5432720353684,93.56060313563398,106.648041445111,133.8777299223424,167.50820094637206,38.50092294123169,50.739115852374304,86.9039299742257,88.78411711933595,98.98751182863157,119.41055266846593,127.8102561339939,148.0236874619511,0.0,41.21279964756117,53.67149074076317,79.40617865952954,86.71354950388557,102.54633816024501,124.1468878953537,134.9255702134872,141.3819924077509,182.6604265257563,62.3688489568286,83.32233732892163,62.3688489568286,69.3688489568286,22.663713479840084,79.96150767458128,111.3883024602505,30.155771037742518,65.48203770764182,119.42222649719449,29.98512802659604
43.71813674139256,56.67530158867336,77.86191368776583,93.41558970868078,147.5624067711719,38.20230430705909,88.81423512591445,126.60824147726862,43.63663968621529,65.642968368963,82.63231365429453,93.64938212372343,106.73758457946587,134.0133631849738,167.64169455727014,38.54617139791662,50.78658571572393,86.99527751932233,88.87549791136342,99.08075605281849,119.51112870948026,127.94244090852942,148.15303041370848,0.0,41.258821657157014,53.71741135488873,79.49738674169382,86.80468135111292,102.64036258670363,124.25074254940985,135.0517764832714,141.52135870147887,182.83618563943207,62.46019828791018,83.41368666000321,62.46019828791018,69.46019828791017,22.708940521116265,80.05367048303184,111.5249606037685,30.201709976841318,65.57314586825554,119.5592273907267,30.07647735767762
43.76469492748563,56.72267049959102,77.95263397947798,93.506396060985,147.69891890933786,38.247538948820804,88.90574895048397,126.74554878076235,43.68255003709815,65.69998712625926,82.72136504900845,93.73816900557915,106.82713542649957,134.14900488654476,167.7751980868417,38.59142155435406,50.8340541292957,87.0866276624466,88.96688119689027,99.17399782428595,119.61165183570948,128.0746736171477,148.2823961949329,0.0,41.30484422999856,53.763331607866476,79.58859792438268,86.89581650226575,102.73438082491045,124.35454641527846,135.1780344536799,141.66072202382188,183.01197231569398,62.551550211185166,83.50503858327818,62.551550211185166,69.55155021118517,22.75416940208066,80.14583310379251,111.66162487186838,30.247648929480505,65.6642573901348,119.69623268603321,30.16782928095261
43.8112531135787,56.77003495893834,78.04335957092988,93.59720667507374,147.8354362832678,38.29277530679896,88.99726484650357,126.88286005587806,43.728460839411575,65.75697991523509,82.81042618830048,93.82696376935377,106.9166939630831,134.28465499920208,167.90871151117642,38.636673407454126,50.881521096310465,87.17798039780918,89.05826697056332,99.2672371540866,119.7121225467993,128.20695378114465,148.41178473853097,0.0,41.3508673655734,53.809251504997,79.67981219931579,86.9869549484647,102.82839290630241,124.45829970685367,135.30434391833649,141.8000823940058,183.18778645109384,62.64290472088965,83.5963930929827,62.64290472088965,69.64290472088966,22.7994001189443,80.23799554382967,111.79829524408106,30.293587898549898,65.7553722642565,119.83324237195558,30.259183790657097
43.857811299671766,56.81739499142228,78.13409044020207,93.68802153844844,147.97195887968772,38.338013377823735,89.08878281040569,127.02017529211425,43.77437209373803,65.81394681270648,82.89949704105362,93.91576640315382,107.00626016616481,134.42031349521906,168.04223480644058,38.681926954133644,50.92898661998044,87.26933571963833,89.14965522704469,99.3604740532261,119.81254133714768,128.3392809270119,148.54119597761732,0.0,41.39689106336791,53.855171051543735,79.77102955824651,87.07809668086516,102.92239886214828,124.56200263821394,135.43070467063038,141.9394398311492,183.3636279426549,62.73426181127735,83.68775018337037,62.73426181127735,69.73426181127735,22.844632667928927,80.33015781005443,111.93497170003474,30.33952688691837,65.84649048163233,119.97025643737437,30.35054088104479
43.90436948576484,56.864750621581784,78.22482656551583,93.77884063866105,148.10848668536937,38.38325315873241,89.18030283862835,127.15749447900853,43.820283800651325,65.87088789529345,82.98857757624255,94.00457689504091,107.09583401277037,134.5559803469941,168.17576794887677,38.72718219131602,50.976450703508895,87.36069362217988,89.24104596101176,99.45370853266294,119.9129086959441,128.4716545863969,148.6706298455147,0.0,41.44291532286671,53.90109025273302,79.86224999296137,87.16924169065668,103.01639872354912,124.66565542359756,135.55711650374053,142.07879435426386,183.53949668786984,62.825621476619226,83.77910984871225,62.825621476619226,69.82562147661922,22.889867045266527,80.42231990932294,112.07165421945425,30.38546589743376,65.93761203330831,120.10727487120862,30.441900546386666
43.950927671857904,56.912101873789574,78.31556792523229,93.86966396331435,148.24501968713028,38.42849464636972,89.27182492761585,127.29481760613758,43.86619596071712,65.92780323942029,83.07766776293487,94.09339523303237,107.18541548000249,134.69165552705087,168.3093109148038,38.77243911593147,51.02391335009069,87.45205409969728,89.33243916715735,99.54694060330915,120.01322510721018,128.60407429606275,148.80008627575316,0.0,41.48894014355356,53.94700911375473,79.95347349528025,87.2603899690633,103.11039252143965,124.76925827737912,135.68357921066016,142.21814598225544,183.7153925846987,62.91698371120384,83.87047208329686,62.91698371120384,69.91698371120384,22.935103247199688,80.51448184843706,112.20834278216081,30.43140493292341,66.02873691036505,120.24429766241607,30.533262780971285
43.99748585795098,56.95944877225319,78.40631449785089,93.96049150006117,148.38155787183356,38.47373783758748,89.3633490738183,127.43214466311657,43.91210857449259,65.98469292131489,83.16676757028996,94.18222140510193,107.27500454504087,134.8273390080368,168.44286368061614,38.8176977249168,51.07137456291188,87.54341714647124,89.42383484018937,99.64017027603012,120.11349104984022,128.73653959784718,148.92956520206985,0.0,41.534965524910334,53.992927639762165,80.04470005705592,87.35154150734289,103.20438028658874,124.87281141404578,135.81009258422,142.3574947339238,183.89131553156597,63.00834850933691,83.96183688142993,63.00834850933691,70.00834850933691,22.980341269981235,80.60664363414449,112.34503736807103,30.477343996193913,66.11986510391715,120.3813247999927,30.624627579104352
44.04404404404404,57.00679134101658,78.49706626200853,94.05132323660455,148.51810122638744,38.51898272924484,89.45487527369184,127.5694756395994,43.958021642526795,66.04155701700888,83.2558769675601,94.27105539918094,107.36460118514172,134.96303076272306,168.57642622278382,38.862958015215476,51.11883434515,87.63478275680008,89.51523297483106,99.73339756164498,120.21370699764225,128.869050038621,149.0590665584085,0.0,41.580991466417906,54.03884583587263,80.135929670174,87.44269629678742,103.29836204960078,124.97631504817411,135.9366564171119,142.49684062796368,184.06726542735888,63.09971586534148,84.05320423743451,63.09971586534148,70.09971586534148,23.02558110987444,80.69880527313944,112.48173795719663,30.523283090031498,66.21099660511331,120.51835627297265,30.715994935108924
44.090602230137115,57.05412960396132,78.58782319647807,94.14215916069709,148.6546497377454,38.564229318208035,89.5464035236985,127.70681052527814,44.003935165360545,66.0983956023372,83.34499592408972,94.35989720315875,107.45420537763765,135.09873076400316,168.70999851785172,38.90821998377757,51.1662926999738,87.72615092499917,89.60663356582054,99.82662247092658,120.31387341937982,129.00160517024645,149.18859027891895,0.0,41.62701796755573,54.08476370716744,80.22716232655253,87.5338543287223,103.39233784091614,125.07976939440736,136.06327050191166,142.63618368296537,184.24324217142475,63.19108577355769,84.14457414565071,63.19108577355769,70.19108577355769,23.07082276315274,80.79096677206279,112.61844452964357,30.569222217202057,66.30213140513598,120.65539207042804,30.80736484332513
44.13716041623019,57.1014635848081,78.67858528016748,94.23299926014106,148.7912033929058,38.60947760135054,89.63793382030636,127.84414930988316,44.04984914352662,66.155208752938,83.43412440931587,94.44874680488398,107.54381709993751,135.23443898489276,168.84358054243987,38.95348362755981,51.213749630543674,87.81752164540133,89.6980366079112,99.91984501460215,120.41399077881395,129.13420454953513,149.3181362979569,0.0,41.673045027801834,54.13068125869245,80.31839801814219,87.62501559450669,103.48630769081261,125.18317466743328,136.1899346311019,142.7755239174149,184.41924566356897,63.282458228342826,84.23594660043585,63.282458228342826,70.28245822834282,23.116066226099996,80.88312813750274,112.75515706561178,30.615161380451337,66.39326949520128,120.79243218146888,30.898737298110266
44.18371860232325,57.14879330711788,78.76935249211839,94.32384352278794,148.92776217891148,38.654727575552926,89.72946615998943,127.98149198318272,44.09576357754956,66.21199654425243,83.52326239276803,94.53760419216482,107.63343632952639,135.37015539852882,168.97717227324276,38.998748943525406,51.261205140011235,87.90889491235633,89.78944209587117,100.0130652033527,120.51405953474517,129.26684773820514,149.44770455008324,0.0,41.71907264663309,54.17659849545787,80.4096367369257,87.71618008553287,103.58027162940576,125.28653108196141,136.31664859709383,142.91486134969486,184.5952758040525,63.37383322407114,84.32732159616415,63.37383322407114,70.37383322407113,23.161311495010143,80.97528937599499,112.89187554539436,30.661100582504996,66.4844108665588,120.92947659524266,30.990112293838582
44.230276788416326,57.19611879429343,78.8601248115052,94.4146919365382,149.06432608285027,38.699979237703026,89.82100053922775,128.11883853498279,44.14167846794625,66.2687590515246,83.6124098440685,94.62646935277031,107.723063043965,135.50587997816905,169.11077368702908,39.044015928644335,51.30865923151986,88.00027072023131,89.88085002448392,100.10628304781422,120.61408014105697,129.39953430283865,149.57729497006403,0.0,41.765100823525124,54.22251542243927,80.50087847491791,87.80734779322651,103.67422968665026,125.38983885270244,136.44341219224984,143.05419599808488,184.77133249359008,63.46521075513399,84.41869912722701,63.46521075513399,70.46521075513398,23.206558566187468,81.06745049402342,113.02859994937712,30.707039826068918,66.57555551049153,121.06652530093453,31.08148982490143
44.2768349745094,57.24344006958041,78.95090221763378,94.50554448934108,149.20089509185368,38.74523258469562,89.91253695450723,128.25618895512713,44.187593815225306,66.32549634980116,83.70156673293177,94.71534227443074,107.81269722088973,135.64161269719068,169.24438476064157,39.08928457989297,51.35611190820406,88.09164906341016,89.97226038854735,100.19949855857693,120.71405304675758,129.53226381483842,149.70690749286948,0.0,41.811129557952206,54.26843204457692,80.59212322416546,87.89851870904613,103.76818189234064,125.49309819434579,136.57022520890436,143.19352788076233,184.94741563334728,63.55659081593946,84.51007918803249,63.55659081593946,70.55659081593946,23.251807435946247,81.15961149802017,113.16533025803801,30.752979113829113,66.66670341831541,121.20357828776685,31.1728698857069
44.32339316060247,57.290757156068835,79.04168468994047,94.59640116919425,149.33746919309783,38.790487613432724,90.00407540231986,128.39354323349673,44.23350961988775,66.38220851393152,83.79073302916517,94.80422294483866,107.90233883801248,135.7773535290906,169.3780054709966,39.134554894254315,51.403563173190186,88.18302993629392,90.06367318287454,100.29271174618611,120.81397869602417,129.6650358503847,149.83654205367395,0.0,41.85715884938736,54.31434836677679,80.68337097674669,87.98969282448301,103.86212827611209,125.5963093215395,136.69708743938537,143.3328570158023,185.12352512493902,63.64797340091256,84.6014617730056,63.64797340091256,70.64797340091256,23.297058100610982,81.25177239436628,113.30206645194649,30.798918448452014,66.7578545813795,121.34063554499922,31.264252470680002
44.36995134669554,57.33807007669423,79.1324722079909,94.6872619641437,149.4740483738025,38.835744320823345,90.09561587916353,128.53090136000986,44.279425882426686,66.43889561856736,83.87990870266852,94.89311135164957,107.99198787312012,135.9131024474839,169.51163579508398,39.17982686871789,51.451013029595885,88.27441333330042,90.15508840229313,100.38592262114187,120.91385752824556,129.7978499903916,149.96619858785536,0.0,41.90318869730253,54.36026439391039,80.77462172477132,88.08087013106127,103.95606886744147,125.69947244886913,136.82399867603513,143.47218342117878,185.29966087042698,63.73935850449504,84.69284687658806,63.73935850449504,70.73935850449504,23.342310556516185,81.34393318939198,113.43880851176301,30.84485783258454,66.84900899106562,121.47769706192797,31.35563757426248
44.41650953278861,57.385378854239065,79.22326475147894,94.77812686228341,149.61063262123133,38.881002703783636,90.18715838154222,128.66826332462193,44.32534260332752,66.49555773816277,83.9690937234344,94.98200748248271,108.08164430407477,136.04885942610406,169.6452757099665,39.2251005002798,51.49846148053061,88.3657992488644,90.24650604164567,100.47913119389965,121.0136899780662,129.93070582046343,150.09587703099487,0.0,41.949219101168275,54.40618013081516,80.86587546038058,88.1720506203374,104.05000369564829,125.80258779083779,136.95095871123078,143.611507114765,185.4758227723173,63.830746121145395,84.78423449323842,63.830746121145395,70.8307461211454,23.387564800006547,81.43609388937709,113.57555641823862,30.890797268854328,66.94016663878826,121.61476282788662,31.447025190912836
44.463067718881675,57.43268351133382,79.31406230022563,94.86899585175513,149.7472219226914,38.92626275923675,90.27870290596583,128.80562911732517,44.371259783068,66.55219494697401,84.0582880615478,95.07091132492177,108.17130810881315,136.18462443880125,169.7789251927798,39.27037578594257,51.545908529095215,88.45718767743732,90.33792609578926,100.57233747487025,121.11347647542961,130.06360293085066,150.2255773188761,0.0,41.99525006045415,54.45209558229479,80.95713217574666,88.26323428390023,104.14393278989533,125.90565556184617,137.07796733740395,143.75082811433367,185.65201073355863,63.922136245338706,84.87562461743173,63.922136245338706,70.9221362453387,23.432820827436597,81.52825450055141,113.71231015221414,30.93673675986972,67.0313275159943,121.75183283224513,31.538415315106146
44.50962590497475,57.47998407045834,79.40486483417806,94.95986892074815,149.88381626553323,38.97152448411289,90.37024944895022,128.94299872814847,44.417177422118264,66.60880731905945,84.14749168718649,95.15982286651571,108.26097926534665,136.32039745954265,169.91258422073227,39.31565272271534,51.59335417838227,88.54857861348736,90.42934855959571,100.66554147442012,121.21321744562238,130.19654091640618,150.35529938748525,0.0,42.04128157462846,54.4980107531193,81.04839186307282,88.35442111337078,104.23785617918973,126.00867597617298,137.20502434706123,143.89014643755775,185.82822465753986,64.01352887156665,84.96701724365967,64.01352887156665,71.01352887156665,23.478078635170974,81.62041502909516,113.8490696946199,30.98267630821999,67.12249161416307,121.88890706440992,31.629807941334096
44.55618409106781,57.52728055394307,79.4956723334084,95.05074605749894,150.0204156371504,39.01678787534924,90.4617980070173,129.08037214715728,44.46309552094091,66.66539492827944,84.23670457062069,95.24874209477942,108.35065775176112,136.45617846241106,170.04625277110415,39.36093130761358,51.640798431476014,88.63997205149931,90.52077342795128,100.75874320287132,121.31291330931803,130.32951937654093,150.48504317301015,0.0,42.087313643158325,54.54392564802526,81.13965451459296,88.445611100402,104.33177389238388,126.11164924795584,137.33212953280292,144.0294621020113,186.0044644480882,64.10492399433741,85.05841236643045,64.10492399433741,71.10492399433741,23.5233382195842,81.71257548113925,113.98583502647482,31.02861591647544,67.21365892480596,122.02598551382384,31.721203064104856
44.602742277160885,57.57457298397017,79.58648477811263,95.14162725029117,150.15702002497954,39.06205292988999,90.5533485766949,129.21774936445348,44.50901407999108,66.72195784829623,84.3259266822133,95.33766899719451,108.4403435462164,136.5919674216046,170.17993082124775,39.40621153765939,51.6882412914523,88.73136798597454,90.61220069575684,100.85194267050196,121.41256448262098,130.46253791517992,150.61480861183995,0.0,42.13334626550974,54.589840271716334,81.23092012257169,88.53680423667866,104.42568595817595,126.21457559117225,137.45928268734224,144.1687751251691,186.18073000946626,64.19632160817558,85.1498099802686,64.19632160817558,71.19632160817558,23.568599577060716,81.80473586276571,114.12260612888636,31.074555587187536,67.3048294394663,122.16306816996592,31.812600677943024
44.649300463253965,57.621861382574906,79.67730214860991,95.23251248745512,150.29362941650004,39.10731964468634,90.64490115451697,129.35513037017495,44.55493309971644,66.77849615257402,84.41515799241972,95.42660356121006,108.53003662694645,136.72776431143626,170.3136183485874,39.45149340988125,51.735682761378754,88.82276641143098,90.70363035792779,100.94513988754635,121.51217137711082,130.59559614071821,150.7445956405649,0.0,42.17937944114773,54.63575462886324,81.32218867930405,88.62800051391731,104.51959240511135,126.31745521962158,137.58648360352427,144.3080855244083,186.3570212463708,64.28772170762221,85.24121007971523,64.28772170762221,71.28772170762221,23.613862703994847,81.89689618000814,114.25938298304969,31.120495322889067,67.39600314971942,122.30015502235119,31.90400077738965
44.69585864934703,57.66914577164666,79.76812442534109,95.3234017573678,150.43024379923384,39.1525880166964,90.73645573702328,129.49251515449563,44.60085258055736,66.83500991437869,84.50439847178791,95.51554577424321,108.6197369722587,136.86356910633268,170.44731533061827,39.49677692131402,51.783122844314654,88.91416732240286,90.7950624093938,101.03833486419491,121.61173439988588,130.72869366597638,150.8744041959755,0.0,42.225413169536054,54.68166872410393,81.41346017711527,88.71919992386576,104.61349326158297,126.42028834690646,137.71373207434394,144.44739331700788,186.53333806393007,64.37912428723457,85.3326126593276,64.37912428723457,71.37912428723457,23.65912759679074,81.9890564388519,114.39616557024712,31.16643512609421,67.48718004717215,122.43724606053038,31.99540335700201
44.7424168354401,57.716426172930234,79.85895158886807,95.41429504845249,150.56686316074538,39.19785804288525,90.82801232075971,129.6299037076254,44.64677252294682,66.89149920677795,84.59364809095823,95.60449562367998,108.70944456053459,136.99938178083403,170.58102174490708,39.542062068999144,51.830561543311006,89.00557071344093,90.88649684509893,101.13152761059482,121.71125395360791,130.8618301081564,151.0042342150623,0.0,42.271447450137416,54.72758256204414,81.50473460836074,88.81040245830339,104.70738855583244,126.52307518641516,137.84102789296404,144.5866985201499,186.70968036770162,64.47052934158626,85.42401771367928,64.47052934158626,71.47052934158626,23.704394251862357,82.08121664523468,114.53295387184778,31.212374999298696,67.57836012346291,122.57434127409014,32.086808411353694
44.78897502153317,57.7637026080269,79.94978361987248,95.50519234917843,150.7034874886412,39.24312972022482,90.91957090227807,129.7672960198096,44.69269292731059,66.94796410264108,84.68290682066365,95.69345309687604,108.79915937022848,137.13520230959287,170.71473756909094,39.58734884998429,51.87799886141059,89.09697657911212,90.97793366000163,101.2247181368497,121.81073043654564,130.99500508879765,151.13408563501542,0.0,42.317482282413536,54.77349614725727,81.5960119654257,88.90160810904064,104.8012783159508,126.62581595130418,137.96837085273333,144.7260011509199,186.88604806367076,64.56193686526696,85.51542523735999,64.56193686526696,71.56193686526696,23.749662665633362,82.17337680504666,114.66974786930686,31.258314944979894,67.66954337026144,122.71144065265256,32.1782159350344
44.83553320762624,57.81097509839576,80.04062049915503,95.59609364806087,150.84011677057,39.28840304569406,91.01113147813619,129.9046920813292,44.738613794067255,67.00440467463916,84.77217463172946,95.78241818115717,108.88888137986778,137.27103066737436,170.84846278087807,39.63263726132368,51.92543480164809,89.18838491399974,91.0693728490745,101.31790645302021,121.91016424261909,131.1282182337328,151.26395839322427,0.0,42.363517665825015,54.81940948428497,81.6872922407252,88.99281686791893,104.89516256987947,126.72851085448129,138.09576074720317,144.8653012263071,187.06244105824763,64.65334685288262,85.60683522497564,64.65334685288262,71.65334685288262,23.79493283453731,82.26553692413114,114.80654754416547,31.30425496559704,67.76072977926874,122.84854418587511,32.26962592265006
44.88209139371931,57.858243665354664,80.1314622076341,95.68699893366067,150.97675099422224,39.33367801627869,91.10269404489792,130.04209188250044,44.78453512362835,67.06082099524478,84.86145149507338,95.87139086382018,108.97861056805316,137.40686682905454,170.98219735804642,39.677927300077826,51.97286936704987,89.27979571270318,91.16081440730441,101.41109256912402,122.0095557614432,131.26146917304342,151.3938524272764,0.0,42.40955359983143,54.86532257763697,81.77857542670384,89.08402872681066,104.98904134541091,126.8311601085884,138.22319737014502,145.00459876320502,187.2388592582657,64.74475929905513,85.69824767114817,64.74475929905513,71.74475929905513,23.840204755017265,82.35769700828462,114.9433528780496,31.350195063591205,67.85191934221677,122.98565186345043,32.36103836882258
44.92864957981238,57.90550833008159,80.22230872634528,95.777908194584,151.11339014733028,39.37895462897142,91.19425859913304,130.17949541367466,44.830456916398205,67.11721313673223,84.9507373817055,95.9603711321336,109.06834691345779,137.5427107696207,171.1159412784443,39.72321896331371,52.02030256063423,89.37120896983805,91.25225832969248,101.504276495136,122.10890537837209,131.3947575410166,151.52376767495824,0.0,42.455590083891444,54.91123543179171,81.86986151583568,89.17524367761878,105.08291467018972,126.93376392598547,138.35068051556675,145.14389377841232,187.41530257097952,64.8361741984225,85.78966257051552,64.8361741984225,71.8361741984225,23.885478423526095,82.44985706325733,115.08016385267011,31.396135241385604,67.94311205086848,123.12276367510641,32.45245326818994
44.975207765905445,57.952769113615446,80.31316003643987,95.86882141948225,151.25003421766755,39.42423288077161,91.28582513741732,130.31690266523816,44.87637917277416,67.1735811711773,85.04003226272796,96.04935897333797,109.15809039482731,137.67856246417008,171.24969451998953,39.76851224810447,52.067734385411214,89.46262468003586,91.34370461125367,101.59745824098839,122.20821347454232,131.5280829761003,151.65370407425297,0.0,42.50162711746244,54.95714805119613,81.96115050062394,89.2664617122769,105.17678257171308,127.03632251873425,138.47820997772914,145.28318628863298,187.59177090406254,64.92759154563849,85.88107991773151,64.92759154563849,71.92759154563849,23.930753836526204,82.54201709475346,115.21698044982186,31.442075501385453,68.03430789701741,123.25987961060564,32.54387061540593
45.02176595199852,58.000026036857676,80.40401611918439,95.95973859705188,151.38668319304932,39.46951276868577,91.37739365633266,130.45431362761227,44.92230189314676,67.2299251704576,85.12933610933558,96.13835437464725,109.24784099097967,137.81442188790962,171.38345706066966,39.81380715152994,52.11516484438311,89.55404283794435,91.43515324701738,101.69063781657128,122.30748042691708,131.66144512086055,151.783661563342,0.0,42.547664700001235,55.00306044026659,82.05244237360118,89.35768282274901,105.27064507733208,127.13883609858259,138.60578555116197,145.42247631047695,187.76826416560522,65.01901133537304,85.97249970746606,65.01901133537304,72.01901133537304,23.97603099048976,82.63417710843176,115.35380265138362,31.48801584597851,68.1255068724879,123.39699965974569,32.63529040514047
45.06832413809158,58.04727912057275,80.49487695595924,96.05065971603372,151.5233370613316,39.514794289726865,91.46896415246675,130.59172829125262,44.968225077899355,67.2862452062521,85.21864889281491,96.22735732324847,109.3375986808047,137.95028901615515,171.51722887854112,39.85910367067589,52.162593940543545,89.64546343822695,91.52660423202657,101.783815231732,122.40670660832896,131.79484362193693,151.9136400806029,0.0,42.593702830963274,55.04897260338807,82.14373712732855,89.44890700102926,105.3645022142521,127.24130487694877,138.7334070306791,145.56176386046033,187.94478226411243,65.11043356231154,86.06392193440458,65.11043356231154,72.11043356231154,24.021309881898247,82.72633710990544,115.49063043931699,31.533956277534603,68.21670896913447,123.53412381235857,32.726712632078986
45.114882324184656,58.09452838538979,80.58574252825812,96.14158476521345,151.65999581041152,39.56007744091491,91.56053662241344,130.72914664664958,45.01414872740873,67.34254135004157,85.30797058454472,96.31636780630345,109.42736344326431,138.08616382433087,171.65100995172926,39.90440180263464,52.210021676878625,89.73688647556311,91.6180575613385,101.8769904962764,122.5058923875241,131.92827812999985,152.04363956460955,0.0,42.639741509803265,55.09488454491534,82.23503475439621,89.54013423914192,105.4583540095338,127.34372906490678,138.86107421139445,145.70104895500643,188.12132510850253,65.20185822115543,86.15534659324845,65.20185822115543,72.20185822115543,24.066590507242882,82.818497104743,115.62746379566643,31.579896798406367,68.3079141788421,123.67125205831084,32.81813729092288
45.16144051027772,58.141773851803464,80.67661281768683,96.2325137334208,151.79665942822714,39.60536221927667,91.6521110627725,130.86656868432775,45.06007284204475,67.39881367310842,85.39730115599593,96.40538581094873,109.51713525739208,138.2220462879689,171.78480025842833,39.949701544504826,52.257448056366115,89.82831194464812,91.70951323002427,101.97016361996823,122.60503812920476,132.0617482997071,152.1736599541321,0.0,42.68578073597506,55.14079626917283,82.32633524742293,89.6313645291413,105.55220049009415,127.44610887317127,138.98878688873668,145.84033161044593,188.29789260810392,65.29328530662177,86.24677367871479,65.29328530662177,72.29328530662177,24.111872863024356,82.91065709846836,115.76430270255862,31.625837410928966,68.39912249352591,123.80838438750344,32.90956437638921
45.207998696370794,58.18901554017486,80.76748780596239,96.32344660952961,151.93332790275676,39.65064862184551,91.74368747014964,131.00399439484582,45.105997422170454,67.45506224653668,85.48664057873134,96.49441132429632,109.60691410229265,138.35793638270846,171.91859977690078,39.995002893391195,52.304873081975835,89.91973984019286,91.80097123316865,102.06333461252933,122.70414419407264,132.19525378966023,152.30370118813556,0.0,42.73182050893133,55.18670778045445,82.4176385990558,89.72259786311123,105.6460416827067,127.54844451208288,139.11654485846384,145.97961184301732,188.47448467265417,65.38471481344311,86.33820318553614,65.38471481344311,72.38471481344311,24.1571569457527,83.00281709656099,115.90114714220171,31.671778117420263,68.49033390513084,123.94552078987128,33.00099388321056
45.25455688246386,58.23625347073287,80.85836747491236,96.41438338245749,152.07000122201947,39.6959366456617,91.8352658411566,131.14142376879659,45.15192246814233,67.51128714121218,85.57598882440554,96.58344433343461,109.69669995714219,138.4938340842951,172.0524084854773,40.040305846404934,52.352296756669645,90.01117015692404,91.89243156587044,102.15650348364031,122.80321093887154,132.3287942623624,152.4337632057801,0.0,42.77786082812395,55.23261908302451,82.50894480197033,89.81383423316537,105.73987761400288,127.65073619159453,139.24434791667792,146.1188896688676,188.651101212297,65.47614673636775,86.42963510846079,65.47614673636775,72.47614673636775,24.202442751947498,83.09497710445658,116.03799709688525,31.717718920181056,68.58154840563178,124.08266125538344,33.09242580613519
45.30111506855693,58.28348766357513,80.94925180647365,96.50532404116574,152.20667937407447,39.741226287772214,91.92684617241117,131.27885679680662,45.19784798031019,67.56748842782254,85.66534586476499,96.67248482542877,109.78649280118769,138.6297393685807,172.18622636255608,40.08561040066343,52.39971908340144,90.10260288958396,91.98389422324207,102.2496702429404,122.9022387164301,132.46236938417542,152.56384594642026,0.0,42.823901693004004,55.27853018111752,82.60025384887014,89.90507363144685,105.83370831047264,127.75298412125727,139.37219585983874,146.25816510405258,188.8277421375813,65.56758107015946,86.52106944225247,65.56758107015946,72.56758107015946,24.247730278137738,83.18713712754726,116.17485254897944,31.763659821495175,68.67276598703336,124.21980577404285,33.1838601399269
45.347673254650005,58.33071813866895,81.04014078269188,96.59626857465895,152.3433623470211,39.78651754523067,92.01842846053707,131.41629346953613,45.24377395901736,67.62366617685723,85.75471167164795,96.76153278732137,109.87629261374708,138.76565221152237,172.3200533866034,40.13091655329029,52.447140065117146,90.19403803293051,92.07535920040976,102.34283490002743,123.00122787570412,132.59597882527706,152.6939493496044,0.0,42.86994310302161,55.324441078938335,82.69156573248682,89.99631605012807,105.92753379846529,127.85518851020679,139.50008848477773,146.39743816453753,189.00440735945844,65.65901780959742,86.61250618169045,65.65901780959742,72.65901780959742,24.293019520861648,83.27929717118194,116.31171348093471,31.80960082362947,68.76398664136964,124.35695433588619,33.27529687936486
45.39423144074308,58.37794491585252,81.13103438572018,96.68721697198494,152.48005012899853,39.83181041509746,92.11001270216403,131.5537337776789,45.289700404600445,67.67982045860764,85.84408621698414,96.85058820613312,109.96609937420871,138.9015725891822,172.4538895361525,40.176224301415424,52.49455970475481,90.28547558173703,92.16682649251334,102.43599746445857,123.10017876181864,132.72962225961896,152.82407335507463,0.0,42.91598505762602,55.370351780662766,82.78288044557985,90.08756148141062,106.0213541041901,127.95734956715016,139.62802558871144,146.53670886619773,189.1810967892803,65.75045694947624,86.70394532156926,65.75045694947624,72.75045694947624,24.33831047666699,83.37145724066647,116.44857987528133,31.855541928834047,68.85521036070413,124.49410693098358,33.36673601924369
45.44078962683614,58.42516801483576,81.22193259781866,96.77816922223447,152.61674270818574,39.877104894439576,92.20159889392764,131.69117771196204,45.33562731738971,67.73595134316705,85.93346947279485,96.9396510688633,110.05591306203118,139.0375004777262,172.58773478980365,40.221533642174876,52.54197800524457,90.37691553079233,92.25829609470615,102.52915794574984,123.19909171611003,132.8632993648848,152.9542179027657,0.0,42.962027556265625,55.41626229043726,82.87419798093636,90.1788099175251,106.11516925371723,128.05946750035304,139.75600696925454,146.67597722481864,189.35781033879744,65.84189848460586,86.79538685669888,65.84189848460586,72.84189848460586,24.383603142110623,83.46361734126424,116.58545171462882,31.901483139342343,68.94643713712962,124.63126354943869,33.45817755437331
45.487347812929215,58.47238745520146,81.31283540135337,96.86912531454088,152.75344007280134,39.922400980330664,92.29318703246962,131.82862526314574,45.381554697708935,67.7920589004309,86.0228614111928,97.02872136249051,110.14573365674347,139.17343585342434,172.72158912622413,40.266844572710895,52.58939496950861,90.46835787490065,92.34976800215529,102.6223163533768,123.2979670761676,132.99700982244826,153.08438293280506,0.0,43.008070598387974,55.46217261237941,82.96551833137092,90.27006135073104,106.20897927297855,128.16154251762677,139.8840324244328,146.81524325609666,189.53454792015708,65.93334240981146,86.88683078190448,65.93334240981146,72.93334240981146,24.42889751375875,83.55577747819625,116.72232898166546,31.94742445737116,69.0376669627679,124.76842418138833,33.5496214795789
45.53390599902228,58.51960325640642,81.40374277879552,96.96008523808044,152.8901422111033,39.9676986698512,92.38477711443777,131.96607642202352,45.42748254587572,67.8481432000969,86.1122620043823,97.11779907397343,110.23556113794444,139.30937869264963,172.85545252414775,40.312157090172114,52.63681060046149,90.55980260888163,92.44124221004137,102.71547269677451,123.39680517587522,133.1307533173319,153.2145683855121,0.0,43.054114183439935,55.50808275057837,83.0568414897258,90.36131577331686,106.30278418776854,128.26357482631641,140.01210175269563,146.95450697563965,189.71130944590146,66.02478871993362,86.97827709202663,66.02478871993362,73.02478871993362,24.474193588187006,83.64793765664176,116.85921165915815,31.993365885121108,69.12889982976998,124.90558881700282,33.64106778970106
45.58046418511535,58.566815437781976,81.49465471272043,97.05104898207122,153.0268491113888,40.01299796008799,92.47636913648549,132.10353117942157,45.47341086220106,67.90420431166477,86.20167122465845,97.20688419025079,110.32539548530252,139.44532897187747,172.9893249623744,40.357471191713024,52.684224901009706,90.6512497275699,92.5327187135582,102.80862698533774,123.4956063454519,133.26452953816545,153.34477420139794,0.0,43.10015831086745,55.55399270909452,83.14816744887008,90.45257317759928,106.3965840237446,128.3655646332883,140.1402147529281,147.0937683989671,189.88809482896508,66.1162374098278,87.06972578192084,66.1162374098278,73.1162374098278,24.519491361979902,83.74009788173811,116.99609972995144,32.03930742477609,69.22013573031533,125.04275744648501,33.732516479595255
45.62702237120842,58.614024018535474,81.58557118580703,97.14201653577376,153.16356076199403,40.05829884813465,92.56796309527257,132.24098952619875,45.51933964698986,67.96024230443672,86.29108904440777,97.29597669824267,110.4152366785558,139.5812866676854,173.12320641977018,40.40278687449452,52.73163787405203,90.74269922581563,92.62419750791328,102.90177922842098,123.59437091149343,133.39833817714523,153.4750003211645,0.0,43.14620298011553,55.59990249196011,83.23949620170023,90.54383355592364,106.49037880642823,128.46751214491863,140.26837122446315,147.23302754151098,190.0649039826738,66.20768847436479,87.1611768464578,66.20768847436479,73.20768847436479,24.564790831731326,83.83225815858158,117.1329931769675,32.085249078504056,69.31137465661243,125.17993006007086,33.82396754413222
45.67358055730149,58.661229017751054,81.67649218083673,97.23298788849034,153.30027715129432,40.10360133109133,92.65955898746452,132.37845145324673,45.5652689005408,68.01625724751744,86.38051543610761,97.3850765848507,110.50508469751139,139.71725175675218,173.25709687526694,40.44810413568359,52.779049522479546,90.83415109848401,92.71567858832744,102.99492943533903,123.69309919701259,133.5321789299934,153.60524668570443,0.0,43.192248190628746,55.645812103179225,83.3308277411396,90.63509690066374,106.58416856120579,128.56941756708176,140.3965709670931,147.37228441861598,190.24173682074178,66.29914190843031,87.25263028052333,66.29914190843031,73.29914190843031,24.610091994044293,83.92441849222723,117.26989198320547,32.13119084845677,69.40261660089817,125.31710664802904,33.915420978197766
45.72013874339456,58.70843045439056,81.76741768069272,97.32396302956494,153.43699826770361,40.14890540606475,92.75115680973296,132.51591695148937,45.61119862314637,68.07224920981419,86.46995037232647,97.47418383695859,110.59493952204583,139.85322421585767,173.39099630786188,40.493422972453295,52.82645984917545,90.92560534045529,92.80716195003468,103.0880776153665,123.7917915214794,133.6660514959176,153.73551323610045,0.0,43.23829394185054,55.69172154672812,83.4221620601383,90.72636320422123,106.67795331332901,128.67128110513917,140.5248137810812,147.51153904554005,190.41859325727054,66.39059770692516,87.3440860790182,66.39059770692516,73.39059770692516,24.65539484553087,84.01657888768962,117.40679613174102,32.17713273676994,69.49386155543783,125.45428720066073,34.0068767766926
45.76669692948763,58.75562834729456,81.85834766835919,97.41494194838302,153.57372409967425,40.19421107016818,92.84275655875535,132.65338601188296,45.657128815092854,68.12821826003689,86.55939382572329,97.56329844143285,110.68480113210427,139.98920402188176,173.5249046966177,40.53874338198286,52.87386885701532,91.01706194662484,92.89864758828247,103.18122377773878,123.89044820086136,133.79995557757073,153.86579991362484,0.0,43.28434023322392,55.73763082655532,83.51349915167307,90.81763245902609,106.77173308791599,128.7731029639285,140.65309946717232,147.65079143745479,190.59547320674616,66.48205586476496,87.43554423685798,66.48205586476496,73.48205586476496,24.70069938281225,84.10873934994275,117.54370560572593,32.2230747455634,69.58510951252497,125.59147170829955,34.0983349345324
45.8132551155807,58.80282271518338,81.9492821269205,97.50592463437128,153.7104546356973,40.23951832052147,92.93435823121524,132.79085862541586,45.70305947666065,68.18416446669836,86.64884576904811,97.65242038512342,110.77466950770048,140.12519115180427,173.6588220206619,40.584065361457675,52.92127654886695,91.10852091190291,92.9901354983314,103.2743679316515,123.98906954766314,133.93389088101142,153.996106659739,0.0,43.33038706419099,55.78353994658197,83.60483900874726,90.90890465753608,106.86550790995176,128.8748833477529,140.7814278266043,147.7900416094463,190.7723765840382,66.57351637688032,87.52700474897334,66.57351637688032,73.57351637688032,24.74600560251869,84.20089988392067,117.68062038838767,32.26901687694123,69.67636046448136,125.72866016131142,34.189795446647764
45.85981330167377,58.850013576657865,82.04022103956035,97.59691107699757,153.84718986430178,40.284827154250934,93.0259618238021,132.92833478310843,45.748990608124004,68.24008789811437,86.73830617514099,97.74154965486389,110.86454462891683,140.26118558270417,173.79274825918688,40.62938890806912,52.96868292759051,91.1999822312148,93.08162567545531,103.36751008626116,124.08765587096595,134.06785711566437,154.12643341609302,0.0,43.376434434193094,55.82944891070174,83.69618162439049,91.00017979223671,106.95927780428919,128.97662246037078,140.9097986611183,147.929289576515,190.94930330439732,66.66497923821662,87.61846761030962,66.66497923821662,73.66497923821662,24.791313501289434,84.29306049451749,117.817540463029,32.31495913299176,69.76761440365665,125.86585255009443,34.281258307984054
45.90637148776684,58.897200950200485,82.13116438956102,97.68790126577062,153.98392977405516,40.33013756848947,93.1175673332114,133.06581447601286,45.79492220975128,68.29598862240387,86.82777501693297,97.83068623747245,110.95442647590384,140.3971872917592,173.92668339144953,40.674714019014786,53.016087996038536,91.29144589950067,93.17311811494116,103.46065025068512,124.18620747646676,134.2018539942814,154.25678012452522,0.0,43.422482342671046,55.87535772278138,83.78752699165871,91.0914578556412,107.05304279564972,129.07832050498567,141.03821177296876,148.0685353535768,191.12625328345348,66.75644444373403,87.70993281582705,66.75644444373403,73.75644444373403,24.836623075772742,84.38522118658804,117.95446581302733,32.36090151578783,69.8588713224285,126.00304886507878,34.37272351350147
45.952929673859906,58.94438485417601,82.2221121603024,97.77889519023961,154.12067435356235,40.3754495603763,93.20917475614436,133.20329769521283,45.84085428180476,68.35186670748892,86.91725226744482,97.91983011975196,111.0443150288798,140.53319625624485,174.06062739677088,40.72004069149811,53.063491757055715,91.38291191171533,93.2646128120888,103.55378843400167,124.28472466651678,134.33588123290218,154.38714672706126,0.0,43.468530789064715,55.921266386660506,83.87887510363372,91.18273884029,107.14680290862374,129.17997768423626,141.16666696493394,148.2077789554628,191.3032264372139,66.8479119884073,87.80140036050031,66.8479119884073,73.8479119884073,24.881934322625728,84.47738196494774,118.0913964218345,32.40684402738661,69.95013121320208,126.14024909672624,34.46419105817474
45.99948785995298,58.991565306832804,82.31306433526171,97.86989283999442,154.25742359146645,40.42076312705736,93.30078408930854,133.34078443182386,45.886786824541076,68.40772222109523,87.00673789978782,98.00898128849106,111.13421026813124,140.6692124535347,174.19458025453613,40.76536892272884,53.110894213479376,91.4743802628285,93.3561097622115,103.64692464525048,124.38320774016053,134.46993855081638,154.51753316591422,0.0,43.51457977281346,55.96717490615219,83.9702259534236,91.27402273875128,107.24055816767206,129.2815942001872,141.2951640403252,148.34702039692058,191.48022268206145,66.93938186722605,87.89287023931907,66.93938186722605,73.93938186722605,24.927247238514575,84.56954283437334,118.22833227297626,32.45278666983013,70.04139406841034,126.27745323553067,34.55566093699349
46.046046046046044,59.03874232630338,82.40402089801216,97.96089420466504,154.39417747644796,40.466078265684864,93.3923953294171,133.47827467699267,45.932719838210865,68.46355523075192,87.09623188716319,98.09813973046417,111.22411217401186,140.8052358610991,174.32854194419414,40.81069870992262,53.15829536813918,91.56585094782461,93.44760896063526,103.74005889343243,124.4816569931733,134.60402567052492,154.64793938348376,0.0,43.56062929335597,56.013083285042846,84.06157953416198,91.36530954362019,107.33430859712595,129.3831702543195,141.42370280299673,148.48625969261397,191.65724193475265,67.03085407519434,87.98434244728736,67.03085407519434,74.03085407519434,24.972561820114322,84.66170379960285,118.36527335005191,32.498729445144996,70.13265988051367,126.41466127201737,34.64713314496178
46.092604232139124,59.08591593060552,82.49498183222259,98.05189927392162,154.5309359972249,40.511394973417566,93.48400847318939,133.6157684218973,45.97865332305903,68.51936580379204,87.18573420286208,98.18730543243237,111.31402072694297,140.94126645650502,174.46251244525746,40.85603005030119,53.205695223857155,91.65732396170273,93.53911040269917,103.83319118751008,124.58007271809971,134.73814231770254,154.77836532235585,0.0,43.60667935013027,56.058991527092736,84.15293583900838,91.45659924751905,107.42805422118819,129.48470604752177,141.5522830573549,148.62549685712403,191.83428411241587,67.12232860733087,88.07581697942389,67.12232860733087,74.12232860733087,25.017878064108825,84.75386486533606,118.50221963673383,32.54467235534275,70.22392864199972,126.55187319674316,34.73860767709832
46.13916241823219,59.13308613764298,82.58594712165649,98.14290803747414,154.66769914255244,40.55671324742053,93.57562351735052,133.7532656577467,46.02458727932481,68.57515400735241,87.27524482026516,98.2764783811436,111.40393590741293,141.0773042174154,174.5964917373017,40.9013629410922,53.2530937834478,91.74879929947637,93.63061408375512,103.92632153640757,124.67845520429046,134.87228822115978,154.9088109253019,0.0,43.65272994257359,56.10489963603568,84.24429486114762,91.547891843097,107.52179506393372,129.58620178008098,141.6809046083668,148.76473190494903,192.01134913254936,67.21380545866872,88.16729383076175,67.21380545866872,74.21380545866872,25.063195967190794,84.8460260362346,118.63917111676682,32.59061540241973,70.31520034538333,126.68908900029615,34.83008452843617
46.18572060432526,59.1802529652065,82.6769167501712,98.2339204850722,154.80446690122312,40.602033084865305,93.66724045863172,133.890766375781,46.07052170724159,68.63091990837404,87.36476371284289,98.36565856333355,111.49385769597684,141.2133491215887,174.73047979996548,40.94669737952936,53.3004910497181,91.84027695617375,93.7221199991679,104.01944994901096,124.7768047379401,135.00646311280633,155.0392761352787,0.0,43.69878107012274,56.150807615579616,84.33565659379002,91.63918732303016,107.61553114931031,129.68765765167447,141.8095672615692,148.9039648505052,192.18843691301956,67.30528462425548,88.2587729963485,67.30528462425548,74.30528462425548,25.108515526061733,84.93818731692254,118.77612777396821,32.63655858835739,70.40647498320641,126.82630867329567,34.921563694022915
46.23227879041833,59.22741643097469,82.76789070171769,98.32493660650495,154.94123926206626,40.64735448292985,93.75885929377007,134.028270567271,46.11645660703732,68.68666357360232,87.45429085415519,98.45484596572584,111.58378607325702,141.34940114687825,174.86447661295068,40.992033362852425,53.34788702546758,91.93175692683748,93.81362814431516,104.11257643416835,124.87512160212358,135.1406667276139,155.16976089542774,0.0,43.74483273221372,56.1967154694067,84.4270210301713,91.73048568002126,107.70926250113949,129.78907386136146,141.9382708230773,149.04319570812723,192.36554737205896,67.39676609915311,88.35025447124615,67.39676609915311,74.39676609915311,25.153836737431984,85.03034871198639,118.91308959222701,32.682501915122344,70.4977525480379,126.96353220639213,35.01304516892055
46.2788369765114,59.27457655251481,82.8588689603391,98.41595639160076,155.07801621394808,40.69267743879846,93.85048001950858,134.16577822351826,46.16239197893423,68.74238506958704,87.54382621785123,98.54404057503272,111.6737210199418,141.4854602712321,174.99848215602103,41.037370888307045,53.39528171348822,92.02323920652464,93.90513851458735,104.20570100068998,124.97340607683289,135.27489880357982,155.3002651490746,0.0,43.79088492828211,56.24262320117358,84.51838816355212,91.8217869067996,107.80298914311697,129.89045060757493,142.06701509959245,149.18242449206852,192.54268042826504,67.48824987843788,88.44173825053092,67.48824987843788,74.48824987843788,25.199159598020593,85.12251022597553,119.0500565555036,32.72844538466639,70.58903303247342,127.10075959026689,35.104528948205335
46.325395162604465,59.32173334728367,82.9498515101705,98.50697983022715,155.2147977457713,40.738001949661786,93.94210263259626,134.3032893358547,46.20832782314901,68.79808446268274,87.63336977766926,98.63324237795534,111.76366251678603,141.621526472692,175.13249640900312,41.08270995314485,53.442675116564594,92.11472379030666,93.99665110538757,104.2988236573485,125.07165843901288,135.40915908169072,155.43078883972865,0.0,43.83693765776277,56.28853081451118,84.60975798721819,91.91309099612083,107.89671109881361,129.9917880881139,142.19579989841048,149.3216512165018,192.7198360005974,67.57973595720038,88.53322432929339,67.57973595720038,74.57973595720038,25.244484104555287,85.21467186340249,119.18702864782942,32.77438899892667,70.68031642913536,127.23799081563213,35.19601502696782
46.37195334869754,59.36888683262844,83.04083833543798,98.5980069122905,155.3515838464755,40.78332801271681,94.03372712978792,134.44080389564286,46.25426413989286,68.85376181904883,87.72292150743661,98.72245136118453,111.85361054461059,141.7575997293933,175.26651935178538,41.12805055462343,53.49006723747378,92.2062106732693,94.08816591213152,104.39194441287904,125.16987896259752,135.54344730588699,155.56133191108242,0.0,43.88299092008994,56.334438313025395,84.7011304944801,92.00439794076702,107.99042839167578,130.0930865001359,142.32462502742933,149.4608758955194,192.8970140083767,67.67122433054531,88.62471270263835,67.67122433054531,74.67122433054531,25.28981025377253,85.30683362874305,119.32400585330642,32.82033275982573,70.77160273067261,127.37522587323065,35.28750340031276
46.41851153479062,59.41603702578759,83.1318294204581,98.6890376277359,155.4883745050363,40.82865562516689,94.1253535078445,134.5783218942753,46.300200929371535,68.9094172046499,87.81248138106947,98.81166751140105,111.94356508430245,141.89368001956404,175.4005509643182,41.17339269000629,53.53745807898553,92.29769985051257,94.17968293024784,104.48506327597939,125.26806791854504,135.67776322302697,155.6918943070112,0.0,43.92904471469746,56.380345700296935,84.79250567867332,92.09570773354633,108.08414104502656,130.19434604014955,142.45349029515643,149.6000985431339,193.0742143712827,67.76271499359169,88.7162033656847,67.76271499359169,74.76271499359169,25.33513804241742,85.39899552643682,119.46098815610686,32.866276669271734,70.8628919297605,127.51246475383586,35.37899406335912
46.46506972088368,59.463183943891565,83.22282474963696,98.7800719665469,155.62516971046557,40.8739847842216,94.21698176353262,134.71584332317474,46.34613819178532,68.96505068525578,87.90204937257262,98.90089081527618,112.03352611681375,142.0297673215249,175.53459122661337,41.21873635656282,53.584847643862076,92.38919131715065,94.27120215517742,104.57818025531014,125.36622557487324,135.8121065828522,155.8224759715725,0.0,43.975099041018474,56.42625297988158,84.88388353315761,92.18702036729296,108.17784908206593,130.29556690400761,142.58239551071637,149.73931917327812,193.25143700935234,67.85420794147245,88.80769631356549,67.85420794147245,74.85420794147245,25.380467467243648,85.4911575608872,119.59797554047255,32.91222072915831,70.95418401910061,127.64970744825145,35.470487011239896
46.51162790697674,59.5103276039638,83.31382430746969,98.87110991874549,155.76196945181135,40.91931548709694,94.30861189362507,134.853368173794,46.39207592732921,69.02066232644194,87.99162545603951,98.99012125947219,112.12349362316257,142.16586161368866,175.66864011874443,41.264081551568445,53.63223593485844,92.48068506831198,94.36272358237397,104.67129535949499,125.46435219669411,135.94647713795243,155.95307684900538,0.0,44.02115389848555,56.472160155310384,84.9752640513176,92.27833583486708,108.27155252587181,130.39674928690002,142.71134048385755,149.87853779980648,193.4286818429781,67.94570316933479,88.89919154142783,67.94570316933479,74.94570316933479,25.425798525013626,85.58331973646195,119.7349679907149,32.95816494136497,71.04547899142081,127.78695394731163,35.561982239102235
