10Dq,2_A_1,2_A_2,2_E_0,2_E_1,2_E_2,2_E_3,2_T_1_0,2_T_1_1,2_T_1_2,2_T_1_3,2_T_1_4,2_T_2_0,2_T_2_1,2_T_2_2,2_T_2_3,2_T_2_4,4_A_2,4_T_1_0,4_T_1_1,4_T_2
0.0,16068.0,34428.0,16068.0,20658.0,22855.69252952667,55184.307470473344,16068.000000000004,20657.999999999996,20658.0,20658.000000000004,34428.000000000015,16067.999999999998,20658.0,22855.692529526666,34427.999999999985,55184.307470473315,0.0,0.0,13770.0,0.0
40.04004004004004,16108.04004004004,34468.04004004004,16114.370612820117,20714.278698093578,22907.688290187474,55229.862599099,16111.810751421568,20680.226979677253,20716.038962289676,20722.06465727342,34480.09888957832,16123.416419715024,20700.546265231464,22901.506027303298,34474.68978161617,55234.08174637427,0.0,72.05341116205273,13818.066708958066,40.04004004003946
80.08008008008008,16148.08008008008,34508.08008008008,16159.683605373859,20770.982990155284,22960.27649730375,55275.45730756753,16155.154389839663,20702.641706413422,20774.260087834227,20786.13294002472,34532.291356368456,16178.697733323042,20742.7650097222,22947.727082471363,34521.33249315307,55283.958161810784,0.0,144.06937012594972,13866.170870114294,80.08008008008073
120.12012012012013,16188.12012012012,34548.12012012012,16203.953578889314,20828.082476497748,23013.47277957068,55321.09176564288,16198.030258036431,20725.245574163357,20832.65897712588,20850.20865754903,34584.57725384604,16233.844195039164,20784.65457736882,22994.357074461725,34567.92832665013,55333.93654720088,0.0,216.04768076113396,13914.312679599227,120.12012012012019
160.16016016016016,16228.160160160161,34588.16016016016,16247.196043790314,20885.545713108044,23067.292899562766,55366.766144339665,16240.437878654413,20748.039899158986,20891.230924952404,20914.295822414526,34636.95643578063,16288.856066876453,20826.21370402634,23041.396982403654,34614.477476625834,55384.01673102865,0.0,287.9881461892983,13962.492334291184,160.16016016016147
200.2002002002002,16268.200200200201,34628.2002002002,16289.427338789532,20943.340353728167,23121.75269255317,55412.48061593015,16282.37695473532,20771.025917695555,20949.970920434873,20978.398652126718,34689.42875620873,16343.733618274031,20867.441518176674,23088.847384823384,34660.98014006584,55434.19853986126,0.0,359.89056878871634,14010.710031811883,200.20020020020092
240.24024024024027,16308.24024024024,34668.24024024024,16330.664548621346,21001.43329902256,23176.86799960619,55458.23535395108,16323.84736995412,20794.204784031816,21008.87364897816,21042.52156907048,34741.99406940685,16398.477125719004,20908.337539622302,23136.708461323087,34707.43651641082,55484.48179836622,0.0,431.75475019879013,14058.965970521931,240.24024024024038
280.2802802802803,16348.280280280282,34708.28028028028,16370.9254212774,21059.790851784586,23232.654595128333,55504.030533211095,16364.84918854875,20817.57756841343,21067.93349638845,21106.669198466123,34794.65222986494,16453.08687236279,20948.901676240246,23184.979996205522,34753.846807544476,55534.86632932865,0.0,503.5804913247175,14107.260349516126,280.28028028028166
320.3203203203203,16388.32032032032,34748.32032032032,16410.228285555404,21118.378877061652,23289.12810918722,55549.86632979735,16405.382654946618,20841.1452552285,21127.144555409912,21170.846364076977,34847.40309225991,16507.56314763188,20989.134218853083,23233.661383986648,34800.211217781434,55585.35195366887,0.0,575.3675923423689,14155.59336861859,320.3203203203193
360.36036036036035,16428.36036036036,34788.36036036036,16448.591969669134,21177.16296600771,23346.303945042004,55595.74292108298,16445.448193090255,20864.908741303872,21186.500634920245,21235.058081418305,34900.24651142948,16561.906246833525,21029.035834295242,23282.751636718076,34846.52995385525,55635.93849046006,0.0,647.1158527033203,14203.96522837776,360.36036036035875
400.4004004004004,16468.400400400402,34828.4004004004,16486.035721595963,21236.108602202217,23404.19719246976,55641.660485734064,16485.04640546516,20888.868834350127,21245.995272001128,21299.309548239842,34953.182342346154,16616.116470756446,21068.60755677138,23332.24939302214,34892.80322490631,55686.625756946116,0.0,718.8250711400469,14252.376130061153,400.40040040040003
440.4404404404405,16508.44044044044,34868.44044044044,16522.579131761082,21295.181329107247,23462.822537617038,55687.61920371684,16524.17807183402,20913.026251562922,21305.62174706335,21363.6061320909,35006.210440091454,16670.194125267102,21107.85077762105,23382.1529287251,34939.031242469966,55737.41356855941,0.0,790.4950456713159,14300.826275650006,440.4404404404395
480.48048048048054,16548.48048048048,34908.48048048048,16558.2420585769,21354.346917271512,23522.194170249233,55733.619256304744,16562.844147682375,20937.381618387706,21365.37310215607,21427.953354826335,35059.3306598304,16724.139520901517,21146.767233618197,23432.460168959624,34985.21422046446,55788.30173893909,0.0,862.1255736077346,14349.315867833708,480.48048048048076
520.5205205205206,16588.52052052052,34948.52052052052,16593.044557274137,21413.571529835055,23582.325689407568,55779.660826085856,16601.045762381444,20961.935467453877,21425.24216252507,21492.356873976365,35112.542856786364,16777.95297245321,21185.358993946535,23483.1687015953,35031.35237517897,55839.29007994912,0.0,933.7164515575005,14397.84511000406,520.5205205205202
560.5605605605606,16628.56056056056,34988.56056056056,16627.006812379983,21472.82188484409,23643.23000860898,55825.74409696976,16638.78421707508,20986.688237684386,21485.221561407405,21556.822460980635,35165.84688621585,16831.634798557236,21223.628446000796,23534.275791846838,35077.44592526177,55890.378401696704,0.0,1005.267475432327,14446.414206249354,560.5605605605597
600.6006006006007,16668.6006006006,35028.60060060061,16660.149074120134,21532.065412856802,23704.919261830964,55871.8692541951,16676.06098229817,21011.64027358529,21545.303767959667,21621.355976376584,35219.2426033839,16885.185321270837,21261.578280170972,23585.778397902646,35123.49509170845,55941.56651255071,0.0,1076.7784404535323,14495.02336134827,600.600600600601
640.6406406406406,16708.64064064064,35068.640640640646,16692.49159894669,21591.2704083123,23767.404711607458,55918.03648433677,16712.87769533487,21036.79182471954,21605.48111811877,21685.96334213114,35272.72986353953,16938.6048656508,21299.21147377011,23637.673187412827,35169.5000978499,55992.8542191602,0.0,1148.249141158347,14543.672780763573,640.6406406406404
680.6806806806808,16748.68068068068,35108.680680680685,16724.05459432448,21650.40617315028,23830.696660615667,55964.245975312966,16749.23615732583,21062.143045368284,21665.74584808992,21750.650511408563,35326.30852189149,16991.893759327846,21336.531274268047,23689.956554674216,35215.461169340844,56044.24132647314,0.0,1219.679371406406,14592.362670635637,680.6806806806817
720.7207207207207,16788.72072072072,35148.720720720725,16754.85816784439,21709.443151212938,23894.804368153356,56010.497916392924,16785.138330133894,21087.69399438191,21726.090130052573,21815.423436171466,35379.97843358449,17045.05233207823,21373.54118199172,23742.624638351263,35261.3785341479,56095.72763775519,0.0,1291.0689243864017,14641.09323777576,720.7207207207211
760.7607607607608,16828.76076076076,35188.760760760764,16784.92228067524,21768.353052035876,23959.73597288901,56056.792498203686,16820.586332978884,21113.444635222557,21786.506109577193,21880.28803311067,35433.739453675254,17098.080915392857,21410.244932449583,23795.67333957523,35307.25242253821,56147.31295460867,0.0,1362.417592622969,14689.864689659313,760.7607607607606
800.8008008008007,16868.800800800804,35228.800800800804,16814.266705315036,21827.108962742863,24025.49842320815,56103.129912737975,16855.582438852325,21139.39483619853,21846.985944158158,21945.25014848637,35487.591437109426,17150.979842044086,21446.646478431845,23849.09834026975,35353.08306706777,56198.997076991356,0.0,1433.7251679837427,14738.67723441866,800.8008008008019
840.840840840841,16908.840840840843,35268.84084084084,16842.910987558887,21885.68544690229,24092.097416381897,56149.510353361125,16890.129070723626,21165.54437089043,21907.52184220036,22010.315522532277,35541.534238698354,17203.74944565045,21482.749972030946,23902.895121557907,35398.870702569984,56250.77980323576,0.0,1504.9914416866195,14787.5310808359,840.8408408408413
880.880880880881,16948.880880880883,35308.88088088088,16870.87441256383,21944.05862937675,24159.53734764498,56195.93401481886,16924.22879754985,21191.892918767757,21968.10610175057,22075.48975412073,35595.567713096374,17256.390060239486,21518.559746717743,23957.058982115428,35444.61556614442,56302.66093006818,0.0,1576.2162043072276,14836.426438335413,880.8808808808808
920.920920920921,16988.920920920922,35348.92092092092,16898.175974860522,22002.206266401976,24227.821270097935,56242.40109324418,16957.884330101504,21218.440065993913,22028.731148246494,22140.77826640529,35649.691714778324,17308.90201980893,21554.08029959889,24011.58505634414,35490.31789714546,56354.640252628094,0.0,1647.3992457865788,14885.363516976184,920.9209209209221
960.9609609609611,17028.96096096096,35388.96096096096,16924.83435213723,22060.107800359256,24296.950866143037,56288.91178616529,16991.098516617214,21245.18530641657,22089.38957056752,22206.186274147054,35703.9060980174,17361.285657886307,21589.316273969693,24066.46833225123,35535.97793717115,56406.71756448736,0.0,1718.5403554389395,14934.342527443941,960.9609609609597
1001.0010010010011,17069.001001001,35429.001001001,16950.867882603296,22117.744398952527,24366.92643093657,56335.46629251263,17023.874338300597,21272.128042739547,22150.074154712667,22271.71875338984,35758.21071686336,17413.54130708735,21624.272442265203,24121.7036689315,35581.59593005223,56458.89265766971,0.0,1789.6393219599195,14983.363681043085,1001.001001001001
1041.0410410410411,17109.04104104104,35469.04104104104,16976.29454572543,22175.098978758142,24437.746868095153,56382.06481262647,17056.21490467285,21299.26758787153,22210.777914500468,22337.380414080493,35812.605425120906,17465.669298673147,21658.95368950015,24177.285813561575,35627.17212184105,56511.16532267032,0.0,1860.6959334347303,15032.427189688393,1041.0410410410404
1081.081081081081,17149.08108108108,35509.08108108108,17001.131946121648,22232.156213375456,24509.409697643845,56428.70754826446,17088.123448794777,21326.603166446097,22271.494118780312,22403.175676136656,35867.09007632863,17517.66996210629,21693.364997276312,24233.20941782769,35672.70676080092,56563.535348475285,0.0,1931.7099773467016,15081.53326589654,1081.08108108108
1121.1211211211212,17189.12112112112,35549.12112112112,17025.39730039284,22288.90252665882,24581.91107594512,56475.39470260882,17119.60332237229,21354.133916506762,22332.21631475775,22469.108649351856,35921.66452373805,17569.54362460629,21727.511428423753,24289.469053720106,35718.200097395355,56616.002522581235,0.0,2002.6812405859764,15130.682122777387,1121.1211211211212
1161.1611611611613,17229.16116116116,35589.16116116116,17049.10742667081,22345.32607175011,24655.2458271108,56522.12648027411,17150.657990759362,21381.858891350086,22392.93834716228,22535.18311740204,35976.32862029319,17621.290610704153,21761.39811233063,24346.059228639533,35763.65238427752,56668.56663101512,0.0,2073.6095094584252,15179.873974025058,1161.1611611611606
1201.2012012012015,17269.201201201202,35629.2012012012,17072.27873666332,22401.416696846296,24729.407485182004,56568.903087314415,17181.291027872667,21409.777061519228,22453.654373117057,22601.402526088008,36031.08221861027,17672.91124179643,21795.030231005105,24402.974399771876,35809.063876279826,56721.22745835396,0.0,2144.494569694798,15229.10903390881,1201.201201201202
1241.2412412412414,17309.24124124124,35669.24124124124,17094.927229981204,22457.165898822186,24804.388346171712,56615.72473123113,17211.506111031973,21437.887316939654,22514.358872698678,22667.769975819214,36085.92517095791,17724.405835698803,21828.413005902017,24460.208987698337,35854.434830403676,56773.98478774458,0.0,2215.3362064600587,15278.387517263665,1241.2412412412414
1281.2812812812813,17349.28128128128,35709.28128128128,17117.068490538622,22512.566765980875,24880.179528906734,56662.59162098017,17241.30701574043,21466.18846918823,22575.046655295646,22734.28821822561,36140.85732923777,17775.77470619925,21861.551685537273,24517.757389218204,35899.765505809366,56826.83840092359,0.0,2286.1342043629847,15327.709639480858,1281.2812812812808
1321.3213213213214,17389.321321321324,35749.321321321324,17138.71768482583,22567.61391131671,24956.771043484197,56709.503966979864,17270.697610418658,21494.679253886432,22635.71286197949,22800.95965667817,36195.87854496519,17827.018162611024,21894.45153390341,24575.613989370275,35945.056163806075,56879.7880782371,0.0,2356.888347465947,15377.075616498018,1321.321321321322
1361.3613613613616,17429.361361361363,35789.36136136136,17159.88956186271,22622.303397750813,25034.151866075248,56756.46198111803,17299.681851106536,21523.358333208074,22696.352964191086,22867.786350411934,36250.988669250546,17878.136509325475,21927.11781969167,24633.77317264788,35990.30706784217,56932.83359866092,0.0,2427.598419294927,15426.485664789156,1361.3613613613616
1401.4014014014015,17469.401401401403,35829.4014014014,17180.598454651583,22676.6326568327,25112.310018762913,56803.46587675986,17328.263776146203,21552.22429849148,22756.96275911158,22934.770021878423,36306.18755278073,17929.13004536464,21959.55580631835,24692.22933340948,36035.5184834956,56985.97473982035,0.0,2498.264202849783,15475.940001354424,1401.4014014014028
1441.4414414414414,17509.441441441442,35869.44144144144,17200.858282958397,22730.60040239862,25191.232653095107,56850.515868755116,17356.447500859616,21581.275672945812,22817.538362133448,23001.912066908626,36361.47504580114,17979.999063933945,21991.770742746547,24750.97688549364,36080.690678464314,57039.211278010174,0.0,2568.885480614699,15525.438843709624,1441.4414414414423
1481.4814814814815,17549.48148148148,35909.48148148148,17220.682557262397,22784.206540639825,25270.906136059173,56897.61217344602,17384.237212233642,21610.510914441227,22878.076196872953,23069.2135672431,36416.85099809796,18030.743851974978,22023.767855088616,24810.0102710531,36125.82392255721,57092.54298821498,0.0,2639.4620345689164,15574.982409875529,1481.4814814814818
1521.5215215215217,17589.52152152152,35949.52152152152,17240.084383725538,22837.452077965503,25351.316137242036,56944.75500867453,17411.63716362528,21639.928418372125,22938.572983171478,23136.675304979464,36472.31525898079,18081.364689718204,22055.55233896987,24869.323968627195,36170.918487684976,57145.96964412888,0.0,2709.9936461976395,15624.570918366928,1521.521521521523
1561.5615615615616,17629.56156156156,35989.56156156156,17259.076470044027,22890.339027952297,25432.44771602148,56991.94459379,17438.65166949923,21669.52652058298,22999.02572352378,23204.297778497737,36527.86767726565,18131.86185023596,22087.129352629705,24928.91250047654,36215.97464785128,57199.491018175875,0.0,2780.480096503221,15674.204588181463,1561.5615615615625
1601.6016016016015,17669.6016016016,36029.6016016016,17277.671132055253,22942.870318559828,25514.285407736264,57039.18114965668,17465.285100209494,21699.303500346017,23059.43168834823,23272.081219447442,36583.50810125842,18182.235598995605,22118.504010733217,24988.770439206848,36260.99267914407,57253.10688152985,0.0,2850.921166016562,15723.883638788242,1601.6016016016001
1641.6416416416419,17709.64164164164,36069.64164164165,17295.88030098401,22995.049700664284,25596.813307898752,57086.464898661194,17491.541876836265,21729.257583380288,23119.78840048111,23340.02561041357,36639.23637873861,18232.4861934129,22149.681378863337,25048.89241371169,36305.97285972721,57306.8170041347,0.0,2921.3166348087398,15773.608290116186,1641.6416416416414
1681.681681681682,17749.68168168168,36109.681681681686,17313.715531222082,23046.88165882679,25680.01515363943,57133.796064720125,17517.426466088815,21759.3869449017,23180.09361923758,23408.130702918534,36695.05235694346,18282.613882405563,22180.66646866176,25109.273114466003,36350.91546983228,57360.62115472447,0.0,2991.666282502887,15823.37876254216,1681.6816816816809
1721.721721721722,17789.721721721722,36149.72172172172,17331.188008545094,23098.371325074237,25763.874401701603,57181.17487328767,17542.943375284347,21789.68971269372,23240.345324338472,23476.39603546132,36750.95588255247,18332.61890594722,22211.464233585444,25169.907298203612,36395.82079175047,57414.51910084355,0.0,3061.9698882863013,15873.195276878865,1721.7217217217221
1761.761761761762,17829.76176176176,36189.76176176176,17348.30855867971,23149.524396331428,25848.374302434677,57228.60155136298,17568.097147412598,21820.163970188943,23300.541699956655,23544.82095133997,36806.9468016724,18382.501494621538,22242.079565244272,25230.789792012936,36440.68910982497,57468.510608866854,0.0,3132.227230922803,15923.058054362482,1761.7617617617616
1801.801801801802,17869.801801801805,36229.801801801805,17365.087656142983,23200.347056009607,25933.497969358694,57276.07632749771,17592.892356294866,21850.8077595518,23360.68111909318,23613.40461604863,36863.02495982233,18432.26186917677,22272.51729028528,25291.915496885675,36485.520710443336,57522.59544401978,0.0,3202.4380887653297,15972.967316640079,1801.8018018018029
1841.841841841842,17909.841841841844,36269.841841841844,17381.5354332839,23250.845900129636,26019.22844399194,57323.59943180374,17617.33360184582,21881.619084753016,23420.762128450577,23682.14603408206,36919.19020191957,18481.900240080442,22302.782167788606,25353.279390753196,36530.31588203032,57576.773370398485,0.0,3272.6022397687593,16022.923285756768,1841.8418418418423
1881.881881881882,17949.881881881884,36309.88188188188,17397.661689464636,23301.02786824199,26105.548755742453,57371.17109596035,17641.425505445743,21912.595914627018,23480.783433932487,23751.044065020433,36975.44237226559,18531.41680707462,22332.87888714056,25414.876531045215,36575.074915040765,57631.04415099013,0.0,3342.7194615030094,16072.926184142634,1881.8818818818818
1921.9219219219221,17989.921921921923,36349.92192192192,17413.47590032622,23350.900179299446,26192.441976762013,57418.79155322192,17665.17270543011,21943.736185903843,23540.74388686368,23820.097438801426,37031.78131453245,18580.81175873117,22362.812066349932,25476.70205680469,36619.79810195298,57685.40754769274,0.0,3412.789531166358,16122.976234599406,1921.9219219219212
1961.961961961962,18029.961961961963,36389.96196196196,17428.987227089667,23400.47027254613,26279.891271748438,57466.46103842558,17688.57985270289,21975.03780620732,23600.642470994197,23889.304770117742,37088.20687174962,18630.085272007684,22392.586250774257,25538.751190392217,36664.4857372621,57739.86332133552,0.0,3482.8122255990093,16173.073660286876,1961.9619619619625
2002.0020020020022,18070.002002002002,36430.002002002,17444.204525849684,23449.745753405652,26367.879942756386,57514.17978799827,17711.651606478994,22006.498657012082,23660.478290325394,23958.664571904264,37144.718886291266,18679.237511803447,22422.20591222387,25601.01923881191,36709.138117473936,57794.41123169883,0.0,3552.7873212969153,16223.21868470909,2002.002002002002
2042.042042042042,18110.04204204204,36470.04204204204,17459.136356823583,23498.73434428341,26456.39146913866,57561.9480399646,17734.392630161194,22038.11659655242,23720.250557773994,24028.175267900897,37201.31719986374,18728.268630515933,22451.67544841286,25663.501594690024,36753.7555410991,57849.05103753434,0.0,3622.714594425852,16273.411531700276,2042.0420420420432
2082.0820820820823,18150.08208208208,36510.08208208208,17473.790993522805,23547.443840142027,26545.409542791618,57609.76603395398,17756.807587355426,22069.88946267633,23779.958584672386,24097.83520429467,37258.00165349368,18777.178767597536,22480.999182726977,25726.193736935824,36798.33830864724,57903.78249658491,0.0,3692.5938208357256,16323.65242541052,2082.0820820820827
2122.122122122122,18190.12212212212,36550.12212212212,17488.176431819258,23595.88206866518,26634.91809891784,57657.63401120833,17778.901138028446,22101.815075638675,23839.601771089892,24167.64266045944,37314.77208751628,18825.968049112682,22510.181364280306,25789.091231113154,36842.886722621784,57958.605365604824,0.0,3762.424776075157,16373.941590291208,2122.122122122122
2162.162162162162,18230.162162162163,36590.16216216216,17502.30039888249,23644.05685479022,26724.90134254873,57705.55221458937,17800.677934810697,22133.891240828227,23899.179596948477,24237.59585882143,37371.62834156414,18874.63658729524,22539.226168233774,25852.189729549613,36887.4010875148,58013.51940037952,0.0,3832.207235406284,16424.279251080203,2162.1621621621634
2202.2022022022024,18270.202202202203,36630.2022022022,17516.170361967612,23691.975989365797,26815.343771091677,57753.52088858593,17822.142619446902,22166.11575142334,23958.69161389886,24307.69297388773,37428.57025455638,18923.184480106393,22568.137696349953,25915.48497120869,36931.88170980237,58068.52435574577,0.0,3901.940973819841,16474.665632786768,2202.202202202203
2242.2422422422424,18310.242242242242,36670.24224224224,17529.793537037094,23739.647201674245,26906.230193178475,57801.54027932137,17843.29981939614,22198.486390972037,24018.13743791736,24377.932140479705,37485.59766468822,18971.611810792794,22596.91997776038,25978.97278134885,36976.32889794004,58123.61998561137,0.0,3971.6257660504743,16525.100960676253,2242.2422422422424
2282.2822822822827,18350.28228228228,36710.28228228228,17543.176897202597,23787.07813554874,26997.54574409894,57849.61063456116,17864.15414458267,22231.000935892564,24077.516742580217,24448.311461217327,37542.710409420906,19019.91864744517,22625.5769699227,26042.64907099196,37020.74296235874,58178.80604297512,0.0,4041.261386592334,16575.58546025451,2282.282282282282
2322.3223223223226,18390.32232232232,36750.32232232232,17556.32718097549,23834.276328812466,27089.275898103944,57897.732203719745,17884.71018429825,22263.657157891084,24136.829252970405,24518.829013302184,37599.90832547201,19068.105042557396,22654.11255974694,26106.509836221987,37065.124215461015,58234.08227994657,0.0,4110.847609714889,16626.119357252075,2322.3223223223213
2362.3623623623625,18430.362362362364,36790.362362362364,17569.250900317405,23881.249195767938,27181.406477858298,57945.905237868166,17904.972504255995,22296.452826293455,24196.07474017117,24589.482854647336,37657.19124880624,19116.17103258601,22682.530564871093,26170.55115733359,37109.47297161762,58289.44844776588,0.0,4180.38420947902,16676.70287760807,2362.3623623623644
2402.402402402403,18470.402402402404,36830.402402402404,17581.954348483763,23928.004012470745,27273.923661316057,57994.12998974145,17924.94564379559,22329.38571028902,24255.253016301143,24660.27102940228,37714.5590146264,19164.116637510295,22710.834735067965,26234.7691978485,37153.78954716427,58344.9042968234,0.0,4249.870959753343,16727.336247453866,2402.402402402404
2442.442442442443,18510.442442442443,36870.44244244244,17594.44360765558,23974.547904530406,27366.81398628084,58042.40671374537,17944.63411323897,22362.453581084264,24314.36393004683,24731.19157291952,37772.01145736508,19211.94186039296,22739.0287537666,26299.160203416628,37198.07426039904,58400.449576679406,0.0,4319.307634230821,16778.019693096507,2442.4424424424433
2482.4824824824827,18550.482482482483,36910.48248248248,17606.72455635608,24020.887837192342,27460.064352899793,58090.735665964225,17964.042391395284,22395.654213965,24373.40736265019,24802.242516208047,37829.548410676376,19259.646686941534,22767.11623967255,26363.720500617208,37242.32743157992,58456.08403608368,0.0,4388.694006445601,16828.753441001845,2482.4824824824827
2522.5225225225226,18590.522522522522,36950.52252252252,17618.802876650258,24067.03060746754,27553.662024327397,58139.117104167446,17983.174923213424,22428.985390266032,24432.383224310994,24873.421889916408,37887.16970742827,19307.231085070456,22795.100748472785,26428.44649567415,37286.549382922705,58511.80742299504,0.0,4458.029849790117,16879.53771777745,2522.522522522522
2562.5625625625626,18630.56256256256,36990.56256256256,17630.684061126743,24112.982838090862,27647.59462577801,58187.551287817194,18002.03611758023,22462.444899247683,24491.291450966117,24944.7277278861,37944.87517969524,19354.695004464164,22822.985774612283,26493.334673098743,37330.74043859932,58567.61948460084,0.0,4527.314937532443,16930.372750155242,2562.5625625625617
2602.602602602603,18670.6026026026,37030.6026026026,17642.373419662345,24158.7509731032,27741.850142172232,58236.03847807525,18020.630345261896,22496.030539879026,24550.132001410326,25016.158070313035,38002.664658751346,19402.038376141132,22850.7747531301,26558.381594271355,37374.90092473669,58623.51996733629,0.0,4596.549042833914,16981.25876497389,2602.602602602601
2642.642642642643,18710.642642642644,37070.64264264265,17653.876085970558,24204.34127486784,27836.416914564805,58284.57893781003,18038.96193698593,22529.740122527877,24608.90485472574,25087.71096655276,38060.53797506355,19449.26111201914,22878.471061543984,26623.58389597318,37419.03116941563,58679.50861690394,0.0,4665.731938766985,17032.195989160948,2642.642642642644
2682.6826826826828,18750.682682682684,37110.68268268269,17665.197023936256,24249.75982234641,27931.283635527037,58333.172931603694,18057.035181660733,22563.571470558116,24667.610007989642,25159.384477601874,38118.49495828574,19496.36310448177,22906.078021773625,26688.938288877645,37463.13150267035,58735.585178292706,0.0,4734.863398333337,17083.184649714713,2682.6826826826837
2722.722722722723,18790.722722722723,37150.72272272273,17676.34103373927,24295.01251047416,28026.439343640952,58381.820725759244,18074.85432472958,22597.522421834998,24726.247474232838,25231.176678286192,38176.53543725272,19543.344225946566,22933.5989020934,26754.441556010544,37507.20225648848,58791.749395797364,0.0,4803.943194482283,17134.224973685887,2722.722722722723
2762.762762762763,18830.762762762763,37190.762762762766,17687.31275777019,24340.10505048891,28121.873417247705,58430.52258830702,18092.42356665551,22631.59083013975,24784.817280623116,25303.08565918329,38234.6592399749,19590.204328434906,22961.036919106296,26820.09055118684,37551.243764811145,58848.00101303737,0.0,4872.971100129367,17185.31718815892,2762.7627627627626
2802.802802802803,18870.802802802806,37230.802802802806,17698.116686342277,24385.04297108086,28217.575567578795,58479.2787890121,18109.747061533573,22665.774566494485,24843.3194668506,25375.109528304987,38292.86619363319,19636.943243143847,22988.395239731657,26885.88219743134,37595.25636353383,58904.339772976135,0.0,4941.946888175258,17236.461520233155,2802.8028028028057
2842.842842842843,18910.842842842845,37270.842842842845,17708.757163203663,24429.8316202443,28313.535831385485,58528.08959938077,18126.828915826536,22700.071520399306,24901.754083693948,25447.24641256294,38351.15612457435,19683.560780020318,23015.676983199926,26951.813485389714,37639.240390507344,58960.76541793974,0.0,5010.870331524864,17287.658197003668,2842.8428428428433
2882.8828828828828,18950.882882882885,37310.882882882885,17719.23839085434,24474.47616772337,28409.744563169283,58576.95529266743,18143.673187220236,22734.4796009832,24960.121191748418,25519.494459038782,38409.52885830667,19730.05672733784,23042.88522304826,27017.88147173577,37683.19618553941,59017.27768963599,0.0,5079.741203106732,17338.907445541918,2882.8828828828828
2922.922922922923,18990.922922922924,37350.922922922924,17729.564435672703,24518.981607955924,28506.192427104674,58625.87614388132,18160.283883594377,22768.996738070717,25018.420860298465,25591.851836077854,38467.98421949614,19776.430851276265,23070.022989111698,27084.083277579834,37727.12409039668,59073.87632917304,0.0,5148.55927589268,17390.20949287609,2922.922922922922
2962.962962962963,19030.962962962964,37390.96296296296,17739.739232856646,24563.352763429728,28602.870388735282,58674.85242979315,18176.664962104736,22803.620883166663,25076.65316631947,25664.316734224194,38526.52203196271,19822.682895504735,23097.09326950463,27150.41608688314,37771.02444880704,59130.56107707823,0.0,5217.324322917662,17441.564565971225,2962.9629629629617
3003.003003003003,19071.003003003003,37431.003003003,17749.766591184267,24607.594288374836,28699.769706514173,58723.88442894174,18192.82032837252,22838.35001036095,25134.81819359447,25736.887367012794,38585.14211867728,19868.812580768543,23124.099012588536,27216.87714488197,37814.89760646246,59187.33167331648,0.0,5286.036117299907,17492.972891709098,3003.003003003001
3043.0430430430433,19111.043043043042,37471.04304304304,17759.650197599425,24651.71067272492,28796.881923250417,58772.97242164049,18208.753835776573,22873.18211715608,25192.91603193357,25809.561971633288,38643.844301758756,19914.81960448001,23151.043128921625,27283.463756525198,37858.74391102245,59244.18785730898,0.0,5354.694432261305,17544.434696867826,3043.0430430430442
3083.0830830830832,19151.083083083082,37511.08308308308,17769.393621627263,24695.706246288286,28894.19885751603,58822.11668998387,18224.469284844225,22908.115225219783,25250.94677648462,25882.33880947828,38702.6284024716,19960.70364031424,23177.92849318704,27350.173284928213,37902.56371211754,59301.129367951464,0.0,5423.299041148002,17595.950208101247,3083.0830830830837
3123.123123123123,19191.12312312312,37551.12312312312,17779.0003196252,24739.585183076666,28991.712595059842,58871.31751785391,18239.97042273643,22943.14738106531,25308.910527125056,25955.21616658812,38761.49424122382,20006.46433781004,23204.75794609635,27417.003149846,37946.35736135381,59358.15594363253,0.0,5491.849717451289,17647.51965191808,3123.123123123123
3163.163163163163,19231.16316316316,37591.16316316316,17788.473638874435,24783.351505746323,29089.415480268515,58920.57519092655,18255.260942822908,22978.276656662154,25366.807387926154,26028.192354002687,38820.441637565076,20052.101321976785,23231.53429626539,27483.950826167573,37990.12521231732,59415.26732225189,0.0,5560.346234828701,17699.143254660787,3163.1631631631626
3203.203203203203,19271.2032032032,37631.2032032032,17797.81682151733,24827.009090112297,29187.30010770871,58969.88999667768,18270.344484343026,23013.501149979696,25424.637466681233,26101.265708029874,38879.470410185386,20097.61419290768,23258.260322059956,27551.013842433655,38033.86762057952,59472.463241238394,0.0,5628.788367125362,17750.821242484246,3203.203203203202
3243.243243243244,19311.243243243247,37671.24324324325,17807.033008345836,24870.561669701485,29285.3593137793,59019.2622243896,18285.224632148234,23048.818985466714,25482.400874490973,26174.434590439505,38938.58037691405,20143.00252540044,23284.938773408852,27618.18977937938,38077.58494370269,59529.743437568075,0.0,5697.175888395574,17802.55384133416,3243.243243243245
3283.2832832832837,19351.283283283286,37711.28328328328,17816.12524244608,24914.01284031557,29383.586168497794,59068.692165156994,18299.90491652183,23084.228314469343,25540.097725399228,26247.69738859037,38997.77135471892,20188.26586858573,23311.572373582396,27685.476268503233,38121.277541246374,59587.107647781944,0.0,5765.508572924626,17854.341276925225,3283.2832832832846
3323.323323323324,19391.323323323326,37751.32332332332,17825.096472704146,24957.366064578582,29481.97396744092,59118.18011189296,18314.388813071986,23119.727315590386,25597.728136073663,26321.052515497766,39057.04315970614,20233.40374556466,23338.163820934147,27752.87099066346,38164.94577477377,59644.555608003895,0.0,5833.786195250876,17906.1837747191,3323.323323323324
3363.363363363364,19431.363363363365,37791.36336336336,17833.94955717803,25000.624676448017,29580.516223855753,59167.726359335036,18328.679742693967,23155.314194992505,25655.292225526115,26394.498409847656,39116.39560711996,20278.415653055836,23364.715790604394,27820.371674702666,38208.59000785909,59702.08705395818,0.0,5902.008530188015,17958.08155990207,3363.3633633633635
3403.403403403404,19471.4034034034,37831.4034034034,17842.687266340563,25043.791885671566,29679.206660953947,59217.33120405093,18342.781071597627,23190.987186648177,25712.79011486806,26468.033535963288,39175.82851134326,20323.301061053087,23391.2309361835,27887.976096101476,38252.21060609515,59759.70172098717,0.0,5970.175352847607,18010.0348573626,3403.403403403401
3443.443443443444,19511.443443443444,37871.443443443444,17851.312286198092,25086.87078217477,29778.039204399884,59266.994944444465,18356.696111396333,23226.744552539174,25770.221927097376,26541.656383729714,39235.34168589806,20368.05941249495,23417.711891333813,27955.682075661603,38295.80793710168,59817.39934406862,0.0,6038.286438661817,18062.043891668516,3443.4434434434443
3483.4834834834837,19551.483483483484,37911.483483483484,17859.82722128947,25129.86434036703,29877.00797499978,59316.71788076115,18370.428119253458,23262.58458280789,25827.587786912412,26615.365468480544,39294.934943446584,20412.69012294677,23444.161271368477,28023.48747821869,38339.38237053393,59875.179657833025,0.0,6106.341563406379,18114.108887044073,3483.4834834834837
3523.523523523524,19591.523523523523,37951.52352352352,17868.234597569917,25172.775423356405,29976.107281597622,59366.50031509368,18383.980298082988,23298.50559586364,25884.887820550503,26689.159330851468,39354.60809579253,20457.192580296938,23470.581674786,28091.390211385224,38382.9342780921,59933.04239658083,0.0,6174.3405032238115,18166.23006734676,3523.523523523523
3563.563563563564,19631.563563563563,37991.56356356356,17876.53686518402,25215.60678706482,30075.3316141813,59416.34255138767,18397.35579680045,23334.50593844593,25942.122155647932,26763.03653660433,39414.360953882744,20501.5661444681,23496.975684759105,28159.38822432347,38426.46403353113,59990.98729429956,0.0,6242.2830346468,18218.407656043888,3563.5635635635626
3603.603603603604,19671.603603603606,38031.60360360361,17884.73640113224,25258.361084237888,30174.675637201082,59466.24489544682,18410.55771062096,23370.58398564769,25999.29092111881,26836.995676425053,39474.193327809124,20545.810147145014,23523.345870576635,28227.47950654843,38469.97201267093,60049.01408468062,0.0,6310.168934621855,18270.64187618896,3603.6036036036057
3643.6436436436443,19711.643643643645,38071.64364364365,17892.835511834834,25301.040868344353,30274.13418310082,59516.20765493821,18423.589081400907,23406.738140900543,26056.39424705067,26911.0353656988,39534.10502681095,20589.92389152009,23549.694789037316,28295.662086760633,38513.458593407544,60107.12250113628,0.0,6377.997980533106,18322.93295039783,3643.643643643645
3683.683683683684,19751.683683683685,38111.68368368369,17900.836435597415,25343.648597361964,30373.702246061395,59566.23113939766,18436.45289802019,23442.966835924795,26113.432264614705,26985.154244264973,39594.09585927745,20633.906652058566,23576.024985794,28363.934031708755,38556.92415572448,60165.31227681631,0.0,6445.769950226397,18375.281100824657,3683.6836836836846
3723.723723723724,19791.723723723724,38151.72372372373,17908.741344981736,25386.18663744753,30473.3749759548,59616.31566023456,18449.15209680186,23479.26853064613,26170.405105988968,27059.35097615478,39654.16563275062,20677.757674284272,23602.338996647253,28432.293445081363,38600.36908170492,60223.58314462454,0.0,6513.484622033515,18427.686549137656,3723.723723723724
3763.763763763764,19831.763763763764,38191.76376376377,17916.552349085603,25428.65726648986,30573.147672506428,59666.46153073693,18461.68956196624,23515.6417130815,26227.31290429287,27133.62424931344,39714.314153928535,20721.47617458824,23628.639348786855,28500.738466427865,38643.79375554423,60281.93483723537,0.0,6581.141774796648,18480.14951649464,3763.7637637637636
3803.803803803804,19871.803803803803,38231.80380380381,17924.271495735393,25471.062677545244,30673.015779662113,59716.669066076276,18474.06812611671,23552.08489919623,26284.155793531645,27207.97277530949,39774.541228668735,20765.061340061417,23654.928561980058,28569.267270107903,38687.19856356339,60340.36708711007,0.0,6648.741187893051,18532.67022351836,3803.803803803803
3843.8438438438443,19911.843843843842,38271.843843843846,17931.90077359467,25513.4049821557,30772.97488015664,59766.93858331223,18486.29057075443,23588.59663273448,26340.93390854948,27282.39528903258,39834.84666199208,20808.512328353514,23681.209149705126,28637.878064268916,38730.58389422258,60398.87962651292,0.0,6716.282641259879,18585.24889027165,3843.8438438438425
3883.883883883884,19951.883883883886,38311.883883883886,17939.442114192225,25555.686213550947,30873.020690279154,59817.27040139711,18498.359626819383,23625.175485024924,26397.647384990254,27356.890548381954,39895.2302580868,20851.828267559926,23707.483620228788,28706.569089851306,38773.950138135915,60457.47218752735,0.0,6783.765915419242,18637.885736232412,3883.8838838838856
3923.923923923924,19991.923923923925,38351.923923923925,17946.897393872732,25597.908329735412,30973.14905483096,59867.664841180536,18510.27797525532,23661.820054763804,26454.296359264918,27431.457333946717,39955.69182031277,20895.008256138568,23733.754477626186,28775.33861962067,38817.29768808627,60516.144502071824,0.0,6851.1907915034135,18690.580980268358,3923.923923923925
3963.9639639639645,20031.963963963964,38391.963963963964,17954.26843567315,25640.0732164622,31073.35594227095,59918.122225413535,18522.048247596227,23698.528967776936,26510.880968524605,27506.09444867965,40016.23115120636,20938.051362858758,23760.024222741755,28844.184957226527,38860.626939041045,60574.896301915694,0.0,6918.557051280262,18743.334840611627,3963.9639639639645
4004.0040040040044,20072.004004004004,38432.004004004004,17961.557011127778,25682.18269009596,31173.63744004345,59968.64287875284,18533.67302657206,23735.300876762587,26567.401350638727,27580.800717565493,40076.848052485155,20980.956626784377,23786.295354089496,28913.10643628701,38903.93828816843,60633.7273186947,0.0,6985.86447717882,18796.14753483319,4004.004004004004
4044.0440440440443,20112.044044044047,38472.04404404404,17968.764842004875,25724.238500367275,31273.989750083063,60019.227127765014,18545.154846731686,23772.134461016867,26623.85764417743,27655.5749872851,40137.542325053204,21023.72305729343,23812.570368690962,28982.101419498824,38947.232134854334,60692.63728392671,0.0,7053.11285231504,18849.019279817097,4044.044044044047
4084.084084084084,20152.084084084083,38512.08408408408,17975.893601977565,25766.24233302112,31374.40918449164,60069.875300930085,18556.496195080912,23809.02842614318,26680.249988397674,27730.416125876254,40198.31376900648,21066.349634136368,23838.8517628493,29051.168297771925,38990.50888071995,60751.625929026995,0.0,7120.301960517729,18901.950291734527,4084.0840840840847
4124.124124124124,20192.124124124122,38552.12412412412,17982.944918231704,25808.19581236208,31474.892161381147,60120.58772864571,18567.699511733827,23845.981503747345,26736.57852323259,27805.323022392273,40259.162183638706,21108.835307535603,23865.142032857526,29120.305489388335,39033.768929639875,60810.69298532342,0.0,7187.43158635464,18954.940786017734,4124.124124124124
4164.1641641641645,20232.16416416416,38592.16416416416,17989.92037301314,25850.100503699447,31575.43520087785,60171.364743230384,18578.76719057557,23882.992451119724,26792.843389283506,27880.294586559055,40320.08736744713,21151.178998328633,23891.443675639228,29189.511439184316,39077.01268776109,60869.838184071705,0.0,7254.501515158712,19007.990977333782,4164.164164164164
4204.204204204205,20272.2042042042,38632.2042042042,17996.82150511696,25891.95791569517,31676.034921281833,60222.20667892705,18589.701579934845,23920.060050905842,26849.044727814235,27955.329748431373,40381.089118138916,21193.379598157244,23917.75918931981,29258.78461775544,39120.24056352244,60929.06125647027,0.0,7321.511533054476,19061.101079558135,4204.204204204203
4244.244244244244,20312.24424424424,38672.24424424424,18003.649811320916,25933.76950261742,31776.688035376326,60273.11387190657,18600.504983264596,23957.183110766724,26905.182680747363,28030.42745804919,40442.167232637585,21235.43596970555,23944.091073726206,29328.123520683817,39163.45296767471,60988.361933675165,0.0,7388.461426984597,19114.271305748134,4244.2442442442425
4284.284284284285,20352.28428428428,38712.28428428428,18010.40674776534,25975.536666503507,31877.391346882076,60324.086660270485,18611.17965982937,23994.360463030134,26961.25739066212,28105.586685094335,40503.32150708973,21277.346946989343,23970.441830813223,29397.526667786893,39206.650313301565,61047.739946814676,0.0,7455.350984736577,19167.501868116273,4284.284284284282
4324.324324324324,20392.324324324327,38752.32432432432,18017.093731281737,26017.26075923454,31978.141747051064,60375.12538405428,18621.727825397895,24031.59096433407,27017.26900079358,28180.806418548455,40564.55173687194,21319.11133569948,23996.813965014306,29466.992602387178,39249.83301584108,61107.195027003894,0.0,7522.179994969569,19220.792978003406,4324.324324324325
4364.3643643643645,20432.364364364366,38792.36436436436,18023.712140671985,26058.943084525414,32078.93621139437,60426.230385230054,18632.151652939596,24068.87349526328,27073.217655032928,28256.085666352315,40625.85771659808,21360.72791360215,24023.209983514647,29536.519890602296,39293.0014931079,61166.7269053592,0.0,7588.948247241329,19274.144845851763,4364.3643643643645
4404.404404404405,20472.404404404406,38832.4044044044,18030.26331794029,26100.584899833124,32179.771796539426,60477.4020077092,18642.45327332383,24106.20695998014,27129.103497928594,28331.42345506716,40687.2392401267,21402.19543099845,24049.632396444613,29606.10712065475,39336.15616531619,61226.33531301243,0.0,7655.655532035329,19327.55768117788,4404.404404404404
4444.444444444444,20512.444444444445,38872.444444444445,18036.748569479703,26142.18741818626,32280.64563721165,60528.64059734462,18652.63477602066,24143.59028585079,27184.926674688104,28406.81882953853,40748.6961005686,21443.512611246504,24076.083716991154,29675.752902200766,39379.29745510321,61286.01998112502,0.0,7722.301640787926,19381.03169254541,4444.444444444447
4484.484484484485,20552.484484484485,38912.484484484485,18043.169167214972,26183.75180993878,32381.554943335286,60579.946501933395,18662.698209802064,24181.022423067112,27240.687331180347,28482.2708525626,40810.22809029478,21484.678151348235,24102.566461425205,29745.455865677657,39422.425787553744,61345.78064090205,0.0,7788.886365915685,19434.567087537776,4484.4844844844865
4524.524524524525,20592.524524524524,38952.524524524524,18049.52634970361,26225.27920445112,32482.496997249502,60631.32007121839,18672.6455834427,24218.502344265977,27296.385613938244,28557.77860455563,40871.8350009446,21525.69072260426,24129.08314904284,29815.21466166915,39465.5415902249,61405.61702360599,0.0,7855.409500842798,19488.164072730775,4524.524524524526
4564.564564564565,20632.564564564564,38992.56456456456,18055.82132319673,26266.77069170119,32583.46915103443,60682.76165689049,18682.47886641914,24256.02904414594,27352.021670161677,28633.34118322676,40933.51662343387,21566.54897133882,24155.63630201802,29885.027960287996,39508.645293172085,61465.528860570455,0.0,7921.870840028627,19541.822853665068,4564.564564564565
4604.604604604605,20672.604604604603,39032.6046046046,18062.055262661284,26308.22732382836,32684.46882394336,60734.27161259002,18692.199989606852,24293.601539082643,27407.595647720475,28708.95770325413,40995.27274796353,21607.251519698097,24182.22844516503,29954.89445057544,39551.73732897536,61525.515883213666,0.0,7988.270178995273,19595.54363481854,4604.604604604605
4644.644644644645,20712.644644644643,39072.64464464464,18068.229312765314,26349.650116612884,32785.49349993668,60785.85029390835,18701.81084597407,24331.218866743184,27463.10769515744,28784.627295964914,41057.10316402825,21647.796966523965,24208.862105608314,30024.812839916915,39594.818132766726,61585.577823051935,0.0,8054.607314355311,19649.32661957862,4644.6446446446425
4684.684684684686,20752.684684684686,39112.68468468469,18074.344588827546,26391.040050893625,32886.54072531308,60837.49805838919,18711.31329127183,24368.880085700403,27518.557961691342,28860.34910901912,41119.00766042542,21688.18388830586,24235.539812357994,30094.781853473454,39637.88814225795,61645.71441171285,0.0,8120.88204383956,19703.172010214497,4684.684684684686
4724.724724724725,20792.724724724725,39152.72472472473,18080.40217773288,26432.398073926397,32987.60810643488,60889.21526552948,18720.709144719523,24406.584275047506,27573.946597219732,28936.12230609753,41180.986025264065,21728.410840213153,24262.264095789105,30164.800233628288,39680.94779776936,61705.925380948436,0.0,8187.094166324916,19757.08000784926,4724.724724724725
4764.7647647647655,20832.764764764765,39192.76476476477,18086.403138815054,26473.725100685588,33088.693307542795,60941.00227678039,18730.00018968534,24444.330534013574,27629.27375232162,29011.94606659376,41243.0380459743,21768.476357210136,24289.037487022943,30234.866739448138,39723.997542259334,61766.21046264807,0.0,8253.243481862293,19811.050812432,4764.764764764765
4804.804804804806,20872.804804804804,39232.80480480481,18092.348504707763,26515.022015111324,33189.794048657044,60992.85945554789,18739.188174361032,24482.117981580624,27684.539578259864,29087.819585310695,41305.16350931661,21808.378955255677,24315.862517208814,30304.980146158705,39767.03782135435,61826.56938885125,0.0,8319.32979170459,19865.084622709826,4804.804804804804
4844.844844844845,20912.844844844847,39272.84484484485,18098.239282165545,26556.289671304465,33290.9081035611,61044.78716719316,18748.2748124305,24519.9457561024,27739.744226983275,29163.742072161265,41367.36220139165,21848.11713258958,24342.74171670504,30375.139244633883,39810.069083380164,61887.00189176041,0.0,8385.352898334706,19919.18163619983,4844.844844844847
4884.884884884886,20952.884884884887,39312.88488488489,18104.076452855537,26597.528894671726,33392.03329786461,61096.78577903255,18757.261783731738,24557.813014925632,27794.88785112842,29239.712751873732,41429.6339076498,21887.689371106808,24369.677614157772,30445.342840898134,39853.09177939335,61947.507703753254,0.0,8451.312605493618,19973.342049161038,4884.884884884887
4924.924924924925,20992.924924924926,39352.924924924926,18109.860974121344,26638.740483022993,33493.16750714234,61148.85566033796,18766.15073491171,24595.718934013927,27849.970604021088,29315.730863701516,41491.97841290131,21927.094137821576,24396.67273547698,30515.589755641777,39896.106363214,62008.08655739522,0.0,8517.208718208489,20027.56605656629,4924.924924924926
4964.9649649649655,21032.964964964965,39392.964964964965,18115.593779719995,26679.925207622928,33594.3086551459,61200.99718233601,18774.943280073803,24633.66270757474,27904.992639677304,29391.79566113758,41554.39550132636,21966.32988642194,24423.72960270873,30585.878823748535,39939.1132914589,62068.73818545168,0.0,8583.041042820783,20081.853852074113,4964.9649649649655
5005.005005005006,21073.005005005005,39433.005005005005,18121.275780533146,26721.083814198624,33695.45471208537,61253.21071820788,18783.64100141747,24671.64354768973,27959.954112804033,29467.906411633536,41616.88495648526,22005.395058915736,24450.850732803498,30656.20889383502,39982.113023575715,62129.46232090007,0.0,8648.809387014437,20136.205628000575,5005.005005005005
5045.045045045045,21113.045045045044,39473.045045045044,18126.907865253426,26762.217023905676,33796.60369297788,61305.49664308825,18792.245449869824,24709.660683948845,28014.855178799444,29544.06239632325,41679.44656132891,22044.288087368535,24478.0386362805,30726.578827801735,40025.106021877786,62190.258696941695,0.0,8714.513559844016,20190.62157529112,5045.045045045044
5085.085085085086,21153.085085085084,39513.085085085084,18132.49090104701,26803.32553425385,33897.75365606023,61357.85533406431,18800.758145708896,24747.713363088234,28069.69599375271,29620.26290975132,41742.08009820935,22083.007395733388,24505.29581578833,30796.987500395175,40068.092751579956,62251.12704701362,0.0,8780.15337176287,20245.101883492385,5085.085085085084
5125.125125125125,21193.125125125127,39553.12512512512,18138.025734193216,26844.41001999462,33998.90270126317,61410.28717017462,18809.180579178297,24785.80084863251,28124.47671444345,29696.50725960603,41804.78534889048,22121.5514017723,24532.624764562614,30867.433798780643,40111.0736808349,62312.06710480027,0.0,8845.728634651314,20299.646740724067,5125.125125125127
5165.165165165166,21233.165165165166,39593.16516516516,18143.513190702095,26885.47113397192,34100.0489687447,61462.792532407126,18817.51421109312,24823.922420541265,28179.19749834067,29772.79476645714,41867.5620945588,22159.918519068262,24560.027964781893,30937.91662212536,40154.04928077061,62373.078604244874,0.0,8911.23916184476,20354.256333650737,5165.165165165166
5205.205205205206,21273.205205205206,39633.2052052052,18148.954076910835,26926.5095079379,34201.19063747966,61515.371803697635,18825.76047343691,24862.0773748603,28233.858503601317,29849.124763498243,41930.41011583447,22198.107159127165,24587.507885823346,31008.43488119165,40197.0200255283,62434.161279560794,0.0,8976.684768161867,20408.930847453747,5205.205205205206
5245.245245245246,21313.24524524525,39673.24524524525,18154.349180059784,26967.52575333497,34302.32592390387,61568.02536892762,18833.920769949516,24900.265023377415,28288.459889068396,29925.496596293815,41993.329192782345,22236.115733567243,24615.06698242027,31078.98749793962,40239.98639230154,62495.314865242806,0.0,9042.065269932635,20463.67046580311,5245.245245245249
5285.285285285286,21353.28528528529,39713.28528528529,18159.699268848854,27008.520462045995,34403.45308060998,61620.75361492164,18841.996476705775,24938.484693283357,28343.00181426856,30001.90962253091,42056.319104923125,22273.94265639425,24642.70769272422,31149.573405139185,40282.948861375946,62556.5390960781,0.0,9107.380485026437,20518.475370829423,5285.285285285288
5325.325325325326,21393.325325325328,39753.32532532533,18165.00509397511,27049.4942071135,34504.570395093266,61673.556930444756,18849.988942684828,24976.735726837574,28397.484439409454,30078.363211775388,42119.37963124472,22311.586346359378,24670.432436274594,31220.191545991045,40325.90791616982,62617.83370715711,0.0,9172.63023288008,20573.345743095902,5325.325325325326
5365.3653653653655,21433.365365365367,39793.36536536537,18170.267388652217,27090.447543429764,34605.67618854524,61726.43570619962,18857.899490330125,25015.0174810392,28451.90792537641,30154.85674523277,42182.51055021369,22349.04522939652,24698.243611879618,31290.840873756268,40368.86404327542,62679.198433884354,0.0,9237.81433452573,20628.281761570368,5365.3653653653655
5405.405405405407,21473.405405405407,39833.40540540541,18175.48686911238,27131.381008398705,34706.768814693045,61779.3903348229,18865.729416099937,25053.329327303287,28506.27243372892,30231.38961551361,42245.71163978668,22386.317741134964,24726.14359541286,31361.52035139419,40411.81773250144,62740.63301198897,0.0,9302.93261261882,20683.283603597396,5405.405405405405
5445.445445445446,21513.445445445446,39873.445445445446,18180.664235091586,27172.295122570937,34807.84665868277,61832.42121088197,18873.47999100843,25091.6706511422,28560.578126696568,30307.961226403328,42308.98267742215,22423.402329483015,24754.13473753014,31432.22895120832,40454.76947691597,62802.13717753522,0.0,9367.984891465867,20738.351444870466,5445.445445445444
5485.485485485487,21553.485485485486,39913.485485485486,18185.800170298575,27213.19039025304,34908.90813600505,61885.52873087078,18881.152461157224,25130.04085185264,28614.82516717459,30384.57099263649,42372.323440091975,22460.29745727727,24782.219361312287,31502.965654500054,40497.719772890494,62863.710666932806,0.0,9432.970997052209,20793.485459404244,5485.485485485484
5525.525525525526,21593.525525525525,39953.525525525525,18190.89534286836,27254.067300092524,35009.95169146095,61938.71329320578,18888.748048257483,25168.439342207723,28669.013718719114,30461.21833967551,42435.73370429332,22497.00160499185,24810.399759839904,31573.72945122976,40540.66912014468,62925.35321694696,0.0,9497.89075706965,20848.68581950692,5525.525525525523
5565.565565565566,21633.565565565565,39993.56556556557,18195.950405800693,27294.926325638986,35110.975798166844,61991.975298221325,18896.267950142497,25206.865548154805,28723.14394554186,30537.902703493644,42499.213246060586,22533.51327350107,24838.678193706626,31644.519339685095,40583.618021792,62987.06456470859,0.0,9562.744000944016,20903.952695752683,5565.565565565566
5605.605605605606,21673.605605605604,40033.60560560561,18200.965997384126,27335.767925882934,35211.9789565963,62045.31514816468,18903.713341270814,25245.318908518635,28777.21601250463,30614.62353036233,42562.76184097723,22569.830986888734,24867.0568884783,31715.33432615624,40626.566984386256,63048.84444772407,0.0,9627.530559862564,20959.286256954252,5605.605605605606
5645.645645645646,21713.64564564565,40073.64564564565,18205.942741606217,27376.5925457731,35312.95969365795,62098.73324719099,18911.085373219958,25283.79887470998,28831.230085113326,30691.380276642703,42626.379264187926,22605.95329529611,24895.53803210596,31786.173424617853,40669.516517968965,63110.69260388498,0.0,9692.25026680134,21014.686670135605,5645.645645645649
5685.685685685686,21753.68568568569,40113.68568568569,18210.881248550322,27417.400616713094,35413.916561807404,62152.230001357646,18918.38517517078,25322.304910439765,28885.18632951166,30768.17240858132,42690.065290410595,22641.878777800644,24924.123772300918,31857.035656417378,40712.46713611744,63172.60877147771,0.0,9756.90295655232,21070.154100504744,5685.685685685688
5725.725725725726,21793.72572572573,40153.72572572573,18215.782114779537,27458.192557038445,35514.84813819231,62205.80581861838,18925.613854382478,25360.83649143872,28939.08491247452,30844.99940210995,42753.8196939487,22677.60604531656,24952.81621388116,31927.92004996969,40755.419355993996,63234.59268919296,0.0,9821.488465750499,21125.688711426683,5725.725725725728
5765.7657657657655,21833.76576576577,40193.76576576577,18220.64592370819,27498.968772474745,35615.75302382887,62259.46110881703,18932.7724966584,25399.393105182367,28992.92600140095,30921.860742649493,42817.642248703385,22713.13374350788,24981.617416098466,31998.82564045761,40798.373698395706,63296.644096134936,0.0,9886.006632900773,21181.29066439653,5765.765765765767
5805.805805805807,21873.80580580581,40233.80580580581,18225.473245961435,27539.729656577794,35716.62984280876,62313.19628368104,18939.862166802657,25437.974250621624,29046.709764306903,30998.755924917878,42881.53272818579,22748.460555704303,25010.52938995631,32069.751469538245,40841.33068780534,63358.762731830626,0.0,9950.45729840469,21236.96011901273,5805.805805805807
5845.845845845846,21913.845845845848,40273.84584584585,18230.264639723242,27580.475591156464,35817.477241535234,62367.0117568143,18946.88390906766,25476.579437918626,29100.436369817624,31075.68445274174,42945.49090552943,22783.585205809406,25039.554095529078,32140.69658505493,40884.29085244288,63420.948336238755,0.0,10014.840304587024,21292.697232950515,5845.845845845846
5885.885885885887,21953.885885885884,40313.88588588589,18235.020651073362,27621.206946678943,35918.29388798708,62420.90794369004,18953.83874759269,25515.208188188055,29154.10598715974,31152.64583887223,43009.51655350258,22818.50646119068,25068.693439293398,32211.660040754436,40927.2547243181,63483.2006497587,0.0,10079.155495722189,21348.502161935467,5885.885885885884
5925.925925925926,21993.925925925923,40353.92592592593,18239.741814313544,27661.92408266339,36019.078471009736,62474.88526164299,18960.727686833565,25553.860033243727,29207.7187861531,31229.63960480441,43073.609444520735,22853.22313554026,25097.94927148285,32282.640896009467,40970.222839283786,63545.51941323918,0.0,10143.40271806045,21404.375059717324,5925.925925925923
5965.9659659659665,22033.965965965966,40393.96596596597,18244.428652283426,27702.627348053218,36119.82969963197,62528.94412986122,18967.551711983506,25592.534515350497,29261.274937202317,31306.66528060045,43137.76935065904,22887.734091695198,25127.323383477546,32353.638215546067,41013.19573709006,63607.90436798692,0.0,10207.581819853956,21460.316078043943,5965.9659659659665
6006.006006006006,22074.006006006006,40434.006006006006,18249.081676666516,27743.31708157796,36220.54630240757,62583.08496937799,18974.31178938534,25631.231186981364,29314.774611287976,31383.72240471652,43201.99604366483,22922.03824440548,25156.81750524025,32424.65106917585,41056.1739614393,63670.355255775125,0.0,10271.692651382535,21516.325366635487,6006.006006006006
6046.046046046047,22114.046046046045,40474.046046046045,18253.70138828652,27783.993612100283,36321.227026780885,62637.30820306255,18981.008866935168,25669.94961057978,29368.21797995781,31460.810523833294,43266.28929497022,22956.134563038435,25186.43330281093,32495.67853153294,41099.15806004224,63732.87181885171,0.0,10335.73506497933,21572.40307315881,6046.046046046045
6086.086086086087,22154.086086086085,40514.086086086085,18258.288277394495,27824.65725894968,36421.87063847528,62691.61425561097,18987.643874477526,25708.68935832705,29421.60521531735,31537.929192689957,43330.64887570462,22990.022074207678,25216.17237587152,32566.719681815277,41142.1485846744,63795.4537999476,0.0,10399.70891505617,21628.549343202085,6086.086086086085
6126.126126126127,22194.126126126128,40554.126126126124,18262.84282394699,27865.30833224331,36522.475920903606,62746.00355353673,18994.217724192295,25747.450011914774,29474.93649002062,31615.077973921754,43395.07455670733,23023.6998643148,25246.03625539288,32637.77360353035,41185.14609123405,63858.100942284706,0.0,10463.614058128718,21684.764320249666,6126.126126126128
6166.1661661661665,22234.166166166167,40594.166166166164,18267.365497875635,27905.94713319485,36623.04167460014,62800.47652516023,19000.73131097333,25786.23116232232,29528.211977260344,31692.256437900847,43459.566108540166,23057.16708199247,25276.026401375475,32708.83938424499,41228.15113980019,63920.812989583865,0.0,10527.450352841368,21741.048145657132,6166.166166166167
6206.206206206207,22274.206206206207,40634.2062062062,18271.85675934841,27946.57395441144,36723.566716672634,62855.03360059857,19007.185512799086,25825.032409599142,29581.431850758192,31769.46416258067,43524.12330150015,23090.42294043742,25306.14420069558,32779.916115339336,41271.16429469224,63983.58968607262,0.0,10591.217659991918,21797.4009586267,6206.206206206207
6246.246246246246,22314.246246246246,40674.24624624624,18276.31705902288,27987.189080179523,36824.04988027418,62909.675211754635,19013.58119109528,25863.853362651993,29634.596284754734,31846.700733343474,43588.745905632,23123.466719622324,25336.39096506787,32851.00289176452,41314.18612452981,64046.43077649294,0.0,10654.915842555964,21853.822896182774,6246.246246246246
6286.286286286287,22354.286286286286,40714.28628628628,18280.746838291714,28027.792786739996,36924.49001409407,62964.401792305645,19019.919191089673,25902.693639036916,29687.705453999122,31923.965742851084,43653.433690740916,23156.297768375774,25366.767929135473,32922.09881180423,41357.21720229374,64109.3360061085,0.0,10718.544765711002,21910.31409314786,6286.286286286286
6326.326326326326,22394.326326326325,40754.32632632632,18285.146529520724,28068.385342552854,37024.88598186659,63019.21377769148,19026.20034215928,25941.552864755868,29740.75953373874,32001.25879089888,43718.18642640517,23188.915506320445,25397.276248697675,32993.20297683981,41400.25810538766,64172.30512071234,0.0,10782.104296860289,21966.874682118687,6326.326326326325
6366.3663663663665,22434.36636636637,40794.36636636637,18289.516556279676,28108.967008552263,37125.23666189756,63074.11160510237,19032.425458169924,25980.430674058036,29793.758699708625,32078.579484272886,43783.00388198872,23221.31942565953,25427.916999085068,33064.314491118974,41443.30941570063,64235.337866633985,0.0,10845.5943056564,22023.504793442702,6366.366366366368
6406.406406406406,22474.406406406408,40834.40640640641,18293.857333566182,28149.53803839187,37225.540946607754,63129.09571346623,19038.59533780842,26019.326709245623,29846.703128120713,32155.92743660981,43847.88582665389,23253.509092802677,25458.69117369114,33135.43246152773,41486.37171967036,64298.43399074652,0.0,10909.014664024458,22080.204555194763,6406.406406406408
6446.446446446447,22514.446446446447,40874.44644644645,18298.16926802285,28190.098678681294,37325.79774209237,63184.16654343573,19044.710764907475,26058.240620484146,29899.592995652958,32233.302268260137,43912.83202937395,23285.484149823198,25489.599682668802,33206.555997365766,41529.445608347276,64361.59324047362,0.0,10972.365246185114,22136.974093154226,6446.446446446447
6486.486486486488,22554.48648648649,40914.486486486494,18302.452758147916,28230.649169213728,37426.005967696394,63239.324537374414,19050.77250876341,26097.172065617142,29952.428479438364,32310.70360615415,43977.842258945864,23317.244315739088,25520.64335179914,33277.68421012489,41572.53167745941,64424.815363796435,0.0,11035.645928677157,22193.81353078231,6486.48648648649
6526.526526526527,22594.52652652653,40954.52652652653,18306.708194499635,28271.18974318527,37526.16455560484,63294.57013934291,19056.781324446878,26136.120709985087,30005.209757053777,32388.131083670727,44042.91628400271,23348.789387611403,25551.82292153917,33348.81621327055,41615.63052747781,64488.100109260224,0.0,11098.856590379804,22250.72298919978,6526.52652652653
6566.566566566567,22634.566566566566,40994.56656656657,18310.935959894614,28311.72062740622,37626.27245044769,63349.90379508432,19062.737953106698,26175.0862262486,30057.937006508688,32465.584340509035,44108.05387302638,23380.11924145454,25583.13904625424,33419.95112202637,41658.74276368314,64551.4472259811,0.0,11161.9971125347,22307.702587165004,6566.566566566567
6606.606606606607,22674.606606606605,41034.60660660661,18315.136429600276,28352.242042504775,37726.32860891882,63405.32595200919,19068.64312226692,26214.068294215824,30110.610406233864,32543.063022562947,44173.25479436009,23411.23383295357,25614.592293639664,33491.088053161555,41701.868996232486,64614.85646365236,0.0,11225.067378767526,22364.752441052296,6606.606606606607
6646.646646646648,22714.646646646645,41074.646646646645,18319.309971521674,28392.754203123193,37826.33199940834,63460.83705918005,19074.497546117276,26253.066600673777,30163.230135069818,32620.566781798036,44238.518816220974,23442.133197985502,25646.183144335224,33562.22612478101,41745.009840227285,64678.32757255086,0.0,11288.067275109257,22421.872664830684,6646.646646646646
6686.686686686688,22754.686686686684,41114.686686686684,18323.456946382837,28433.257318106982,37926.28160164808,63516.437567295536,19080.30192579715,26292.080839223745,30215.79637225534,32698.09527613138,44303.84570671252,23472.81745294175,25677.911991735135,33633.364456118295,41788.16591578166,64741.86030354326,0.0,11350.996690017091,22479.063370042968,6686.686686686686
6726.726726726728,22794.726726726723,41154.72672672672,18327.57770790285,28473.75159068736,38026.176406369676,63572.12792867374,19086.056949673166,26331.110710120607,30268.30929741578,32775.64816931377,44369.23523383703,23503.28679485066,25709.77914199478,33704.50216733113,41831.33784809163,64805.45440809217,0.0,11413.855514394976,22536.324665785203,6726.726726726725
6766.766766766767,22834.766766766763,41194.76676676676,18331.67260296678,28514.237218656952,38126.01541497457,63627.90859723552,19091.763293610562,26370.155920115885,30320.76909055139,32853.225130814586,44434.68716550817,23533.541501299784,25741.784814234576,33775.63837929947,41874.526267504756,64869.10963826199,0.0,11476.64364161377,22593.656658686526,6766.766766766765
6806.806806806808,22874.80680680681,41234.80680680681,18335.74197179173,28554.714394539493,38225.79763921607,63683.78002848677,19097.421621238464,26409.216182304655,30373.17593202546,32930.82583570905,44500.201269563215,23563.581930158878,25773.929140940174,33846.77221342616,41917.731809590725,64932.82574672492,0.0,11539.360967531018,22651.059452889403,6806.806806806808
6846.846846846847,22914.84684684685,41274.84684684685,18339.786148088035,28595.18330575337,38325.52210089239,63739.74267950043,19103.032584209148,26448.29121597601,30425.53000255256,33008.44996456786,44565.7773137755,23593.408519105582,25806.21216855699,33917.90279143986,41960.95511521217,64996.60248676647,0.0,11602.007390510316,22708.533150030227,6846.846846846847
6886.886886886888,22954.88688688689,41314.88688688689,18343.805459215946,28635.644134769384,38425.18783155084,63795.79700889828,19108.59682245151,26487.380746467217,30477.831483186572,33086.09720334932,44631.415065866706,23623.021784956916,25838.63385827613,33989.02923520052,42004.19683059642,65060.43961229134,0.0,11664.582811440298,22766.07784922037,6886.88688688689
6926.926926926927,22994.926926926928,41354.92692692693,18347.800226337724,28676.097059263047,38524.793872202354,63851.94347683153,19114.114964418743,26526.484505021315,30530.080555308767,33163.767243293645,44697.1142935191,23652.42232281081,25871.194087007578,34060.150666507034,42047.45760740751,65124.33687782864,0.0,11727.087133753172,22823.693647027616,6926.92692692693
6966.966966966967,23034.966966966967,41394.96696696697,18351.770764565517,28716.54225226141,38624.33927304644,63908.18254496146,19119.587627330464,26565.602228648168,30582.277400615792,33241.45978081963,44762.87476438778,23681.610805002558,25903.89264853564,34131.266206907254,42090.73810281891,65188.294038537424,0.0,11789.520263442895,22881.38063745801,6966.966966966969
7007.007007007007,23075.007007007007,41435.00700700701,18355.717383105013,28756.979882284897,38723.82309320574,63964.51467643938,19125.015417409326,26604.73365998886,30634.42220110768,33319.17451742342,44828.69624611275,23710.58797988273,25936.729254850496,34202.37497751018,42134.038979586694,65252.31085021195,0.0,11851.882109082853,22939.13891193817,7007.007007007009
7047.047047047048,23115.047047047046,41475.04704704705,18359.640385395014,28797.41011348414,38823.24440047036,64020.940335885745,19130.39893011227,26643.878547183416,30686.515139075796,33396.911159579606,44894.57850633119,23739.354670423134,25969.703537649035,34273.47609880035,42177.3609061231,65316.387069286655,0.0,11914.172581843153,22996.968559297988,7047.047047047048
7087.087087087088,23155.087087087086,41515.087087087086,18363.54006924317,28837.833105772093,38922.60227105105,64077.45998936913,19135.738750356533,26683.03664374169,30738.556397090724,33474.66941864428,44960.52131268931,23767.911772659034,26002.81504999714,34344.568690454325,42220.7045565707,65380.52245284132,0.0,11976.391595507452,23054.86966575381,7087.087087087088
7127.127127127128,23195.127127127125,41555.127127127125,18367.416726957854,28878.249014951616,39021.89578934167,64134.074104384505,19141.035452740503,26722.207708417445,30790.546157990226,33552.449010760225,45026.524432854356,23796.26025397587,26036.063268144833,34415.65187115939,42264.07061087669,65444.71675860596,0.0,12038.539066489338,23112.842314892045,7127.127127127125
7167.1671671671675,23235.167167167165,41595.167167167165,18371.270645476427,28918.657992838605,39121.12404768994,64190.78314983085,19146.2896017596,26761.391505085394,30842.48460486713,33630.24965676418,45092.58763452667,23824.40115125014,26069.447593485238,34486.724758434226,42307.45975486784,65508.96974496552,0.0,12100.614913848261,23170.886587653236,7167.167167167165
7207.207207207208,23275.207207207208,41635.207207207204,18375.102106489907,28959.06018738105,39220.28614617677,64247.58759598833,19151.50175201719,26800.587802621394,30894.371921057234,33708.07108209602,45158.71068545141,23852.335568853938,26102.967354647415,34557.78646845175,42350.87268032552,65573.28117096462,0.0,12162.619059305005,23229.00256231662,7207.207207207208
7247.247247247247,23315.247247247247,41675.247247247244,18378.91138656421,28999.45574277393,39319.381192403445,64304.487914494675,19156.67244843074,26839.796374785386,30946.208290127197,33785.91301670985,45224.89335343032,23880.064676533726,26136.62180971275,34628.83611586378,42394.31008506111,65637.65079631214,0.0,12224.551427256643,23287.190314485102,7247.247247247247
7287.287287287289,23355.287287287287,41715.28728728728,18382.69875725808,29039.8447995702,39418.40830128669,64361.48457832147,19161.802226433287,26879.017000107386,30997.993895862463,33863.7751949871,45291.1354063335,23907.589707174127,26170.410148544343,34699.87281362803,42437.77267299162,65702.07838138557,0.0,12286.411944791093,23345.449917070768,7287.287287287287
7327.327327327328,23395.327327327326,41755.32732732732,18386.46448523779,29080.22749478813,39517.36659486135,64418.57806174936,19166.891612170286,26918.24946177609,31049.728922255188,33941.65735565139,45357.43661211102,23934.911954457675,26204.331495218295,34770.89567283691,42481.26115421552,65766.56368723557,0.0,12348.200541701124,23403.781440280858,7327.327327327326
7367.367367367368,23435.36736736737,41795.36736736737,18390.208832388707,29120.60396201496,39616.25520209031,64475.76884034289,19171.94112269202,26957.49354753034,31101.413553492188,34019.55924168524,45423.796738804434,23962.032770431968,26238.384910545476,34841.90380254832,42524.77624508861,65831.10647558983,0.0,12409.917150497902,23462.184951604206,7367.367367367369
7407.407407407408,23475.40740740741,41835.40740740741,18393.93205592381,29160.974331507176,39715.07325868144,64533.057390924616,19176.95126614159,26996.749049553175,31153.047973942863,34097.48060024849,45490.21555455834,23988.95356299563,26272.569394672573,34912.89630961859,42568.31866830005,65895.7065088576,0.0,12471.561706424018,23520.66051579821,7407.407407407409
7447.447447447448,23515.44744744745,41875.44744744745,18397.634408489364,29201.338730287192,39813.81990691158,64590.44419154911,19181.922541938668,27036.015764368483,31204.63236814722,34175.421182598606,45556.692827631705,24015.675793314644,26306.883889750905,34983.87229853719,42611.88915294844,65960.36355013348,0.0,12533.134147466055,23579.20819487629,7447.447447447448
7487.487487487488,23555.487487487488,41915.48748748749,18401.316138267634,29241.697282237263,39912.4942954571,64647.92972147546,19186.85544095905,27075.293492740257,31256.166920803917,34253.38074401246,45623.22832640923,24042.200973180432,26341.327282661536,35054.830871263744,42655.488434617786,66025.07736320139,0.0,12594.634414366603,23637.82804809586,7487.487487487488
7527.527527527528,23595.527527527527,41955.52752752753,18404.977489076933,29282.050108189815,40011.09557923079,64705.51446114011,19191.75044571012,27114.58203957424,31307.651816758273,34331.359043709985,45689.82181941255,24068.530662321158,26375.89840778543,35125.77112706681,42699.11725545336,66089.84771253838,0.0,12656.062450635773,23696.520131946807,7527.527527527527
7567.5675675675675,23635.567567567567,41995.56756756757,18408.61870046899,29322.39732601515,40109.62291922521,64763.1988921285,19196.608030502335,27153.881213821995,31359.087240990368,34409.35584477929,45756.47307531141,24094.66646567728,26410.596049807467,35196.692162364794,42742.77636423753,66154.6743633183,0.0,12717.418202562218,23755.28450014048,7567.567567567567
7607.607607607608,23675.60760760761,42035.60760760761,18412.240007823675,29362.73905070609,40208.075482361986,64820.9834971463,19201.428661616817,27193.19082838745,31410.473378603238,34487.37091410346,45823.18186293468,24120.61003065241,26445.418946543556,35267.59307056894,42786.46651646527,66219.55708141543,0.0,12778.701619223602,23814.121203599225,7607.60760760761
7647.647647647647,23715.64764764765,42075.64764764765,18415.841642441294,29403.075394459924,40306.452441347086,64878.86875998996,19206.212797469125,27232.510700035542,31461.81041481102,34565.40402228883,45889.94795128137,24146.363044349942,26480.365791780157,35338.47294192832,42830.18847441936,66284.4956334081,0.0,12839.91265249653,23873.030290446415,7647.647647647649
7687.687687687689,23755.68768768769,42115.68768768769,18419.4238316324,29443.40646675766,40404.752974531686,64936.85516551668,19210.960888769332,27271.840649303267,31513.098534927205,34643.454943594814,45956.77110953151,24171.927230805755,26515.435238116257,35409.330863377,42873.94300724525,66349.48978658186,0.0,12901.051257066,23932.011805997063,7687.687687687689
7727.727727727729,23795.72772772773,42155.72772772773,18422.986798805294,29483.732374440817,40502.976265778765,64994.94319961381,19215.673378678464,27311.18050041289,31564.337924352934,34721.523455865216,46023.651107056896,24197.30434822668,26550.625899797917,35480.165918383325,42917.73089102556,66414.53930893287,0.0,12962.117390434269,23991.065792748923,7727.727727727732
7767.767767767768,23835.76776776777,42195.76776776777,18426.53076355115,29524.053221785485,40601.12150433479,65053.133349167416,19220.350702961365,27350.530081187186,31615.528768565335,34799.60934046097,46090.58771343178,24222.496186244007,26585.93635553608,35550.97718680126,42961.55290885393,66479.6439691713,0.0,13023.111012929174,24050.192290374136,7767.767767767771
7807.807807807809,23875.80780780781,42235.80780780781,18430.05594172705,29564.369110574313,40699.18788470713,65111.426102030564,19224.993290136154,27389.889222966885,31666.671253105993,34877.71238219432,46157.580698443504,24247.504563190912,26621.36515129921,35621.76374472423,43005.40985090833,66544.80353672412,0.0,13084.03208771196,24109.39133571147,7807.807807807809
7847.847847847848,23915.84784784785,42275.84784784785,18433.562545536766,29604.680140165994,40797.17460654598,65169.821946990494,19229.60156162027,27429.257760530094,31717.765563569388,34955.83236926433,46224.629832103004,24272.331323411952,26656.910803072144,35692.52466434093,43049.30251452373,66610.01778173834,0.0,13144.880580784504,24168.662962759045,7847.847847847848
7887.8878878878895,23955.88788788789,42315.88788788789,18437.0507836095,29644.986407562603,40895.08087453168,65228.321373735664,19234.175931873215,27468.6355320137,31768.811885591473,35033.9690931938,46291.73488465515,24296.97833461229,26692.57179957389,35763.25901379351,43093.23170426382,66675.2864750838,0.0,13205.65646099602,24228.007202667643,7887.887887887888
7927.927927927929,23995.92792792793,42355.92792792793,18440.52086107658,29685.288007474745,40992.90589826666,65286.92487282168,19238.71680853608,27508.022378836675,31819.810404838252,35112.12234876751,46358.89562658907,24321.44748525381,26728.346604927225,35833.96585703834,43137.19823199207,66740.60938835613,0.0,13266.359700049197,24287.424083734586,7927.927927927927
7967.967967967969,24035.96796796797,42395.96796796797,18443.972979646216,29725.58503238473,41090.64889217194,65345.632935636924,19243.22459256793,27547.41814562532,31870.761306994544,35190.29193397166,46426.11182864834,24345.740682004467,26764.233661273436,35904.64425370896,43181.20291694173,66805.98629387919,0.0,13326.990272505784,24346.913631398118,7967.967967967967
8008.008008008009,24076.008008008008,42436.00800800801,18447.40733767634,29765.877572607722,41188.309075388475,65404.446054367494,19247.699678379136,27586.82268014034,31921.664777752703,35268.477649934706,46493.38326184117,24369.85984724686,26800.231391326735,35975.29325898165,43225.24658578467,66871.41696470813,0.0,13387.548155791606,24406.475868232417,8008.008008008006
8048.048048048049,24116.048048048047,42476.04804804805,18450.824130245568,29806.165716350897,41285.88567168264,65463.36472196116,19252.142453961642,27626.235833205617,31972.52100280152,35346.67930086935,46560.70969745016,24393.806916651243,26836.338200862778,36045.911923443564,43269.33007269913,66936.90117463155,0.0,13448.033330201037,24466.11081394311,8048.048048048049
8088.088088088089,24156.088088088087,42516.08808808809,18454.223549222395,29846.449549770812,41383.37790935605,65522.389432091164,19256.553301016393,27665.657458638805,32023.3301678151,35424.89669401573,46628.0909070425,24417.58383681773,26872.552481136925,36116.49929296348,43313.454219436244,67002.43869817417,0.0,13508.445778900881,24525.818485363383,8088.088088088089
8128.128128128129,24196.128128128134,42556.12812812813,18457.605783332674,29886.72915702912,41480.78502115991,65581.52067911896,19260.93259507783,27705.087413183697,32074.092458441948,35503.129639585844,46695.52666247946,24441.192562991546,26908.872611227835,36187.05440856534,43357.61987538492,67068.02931059913,0.0,13568.785487933732,24585.59889645066,8128.128128128132
8168.168168168168,24236.168168168173,42596.16816816817,18460.971018225315,29927.004620346223,41578.10624421283,65640.75895805651,19265.280705635654,27744.525556444038,32124.808060294003,35581.377950709095,46763.016735926256,24464.63505685524,26945.296960303378,36257.576306304545,43401.82789763555,67133.6727879103,0.0,13629.052446220685,24645.452058283827,8168.168168168171
8208.208208208209,24276.208208208212,42636.20820820821,18464.319436536418,29967.27602005365,41675.340819923134,65700.10476452782,19269.59799625382,27783.971750819153,32175.477158935922,35659.6414433789,46830.56089986146,24487.913284400376,26981.82388980552,36328.06401714728,43446.07915104173,67199.36890685438,0.0,13689.246645563595,24705.377979061035,8208.20820820821
8248.248248248248,24316.248248248252,42676.24824824825,18467.6512179518,30007.543434644584,41772.48799391487,65759.55859473001,19273.884824686887,27823.425861441086,32226.0999398743,35737.919936400605,46898.15892708661,24511.029213881415,27018.451755551996,36398.51656685262,43490.374508280336,67265.11744492312,0.0,13749.368080646644,24765.376664098105,8248.24824824825
8288.28828828829,24356.28828828829,42716.288288288284,18470.966539267916,30047.806940822873,41869.54701595739,65819.12094539327,19278.141542993813,27862.887756113207,32276.67658854709,35816.21325134021,46965.81059073543,24533.984813853614,27055.178909752853,36468.9329758581,43534.7148499099,67330.91818035523,0.0,13809.416749037435,24825.448115827432,8288.28828828829
8328.328328328329,24396.32832832833,42756.32832832832,18474.26557445135,30088.066613550574,41966.51713989896,65878.79231374075,19282.368497649135,27902.357305250385,32327.20729031304,35894.5212124743,47033.51566428311,24556.78205129627,27092.003702940514,36539.312259168146,43579.1010644265,67396.77089213852,0.0,13869.392651187443,24885.59233379754,8328.328328328329
8368.36836836837,24436.368368368367,42796.36836836836,18477.548494696774,30128.322526094176,42063.39762360359,65938.5731974473,19286.566029651738,27941.834381820667,32377.692230441302,35972.843646741065,47101.27392155545,24579.422889822396,27128.92448581237,36609.65342624615,43623.53404831783,67462.67536001145,0.0,13929.29579043195,24945.809314673155,8368.368368368367
8408.40840840841,24476.408408408406,42836.4084084084,18480.815468483535,30168.57475006909,42160.18772889154,65998.46409459789,19290.734474631216,27981.318861288208,32428.13159410109,36051.18038369216,47169.08513673778,24601.909287975246,27165.939610985435,36679.95548090977,43668.01470611486,67528.63136446511,0.0,13989.126172989367,25006.099052235855,8408.408408408406
8448.44844844845,24516.44844844845,42876.44844844845,18484.066661630837,30208.82335548324,42256.88672148323,66058.46550364495,19294.874162951815,28020.81062155777,32478.525566351465,36129.53125544566,47236.949084383974,24624.243197611915,27203.047434663033,36750.217421230016,43712.5439504408,67594.63868674492,0.0,14048.883807960014,25066.461537385338,8448.44844844845
8488.488488488489,24556.48848848849,42916.48848848849,18487.302237351563,30249.06841077894,42353.49387094636,66118.57792336559,19298.985419814144,28060.30954292047,32528.874332131178,36207.896096639975,47304.865539425184,24646.426562373577,27240.246318213525,36820.438239433875,43757.12270205778,67660.69710885212,0.0,14108.5687073243,25126.896758141167,8488.488488488489
8528.52852852853,24596.528528528528,42956.52852852853,18490.52235630486,30289.30998287375,42450.008450646346,66178.80185281766,19303.06856535459,28099.815508000844,32579.178076248667,36286.27474438866,47372.83427717842,24668.461316242072,27277.534629662296,36890.616921811066,43801.751889910345,67726.8064135454,0.0,14168.180885940379,25187.40469964521,8528.528528528528
8568.56856856857,24636.568568568568,42996.56856856857,18493.727176647364,30329.54813720012,42546.42973769988,66239.13779129548,19307.12391474258,28139.32840170526,32629.436983372136,36364.66703823617,47440.85507335526,24690.349382181455,27314.910745097066,36960.75244862438,43846.4324511662,67792.96638434232,0.0,14227.720361541182,25247.98534416452,8568.568568568568
8608.608608608609,24676.60860860861,43036.608608608614,18496.916854083254,30369.78293774364,42642.75701293144,66299.58623828473,19311.15177827567,28178.8481111715,32679.651238019764,36443.07282011456,47508.92770407017,24712.092670863898,27352.373049988644,37030.84379402458,43891.16533125387,67859.17680552068,0.0,14287.187154730931,25308.638671094897,8608.60860860861
8648.648648648648,24716.64864864865,43076.648648648654,18500.091541913083,30410.01444708048,42738.989560833055,66360.14769341663,19315.152461472557,28218.374525719595,32729.821024549925,36521.49193430094,47577.051945848885,24733.69307947796,27389.91994042789,37100.88992596943,43935.951483896766,67925.43746211987,0.0,14346.58128898104,25369.36465696491,8648.64864864865
8688.68868868869,24756.68868868869,43116.68868868869,18503.25139108147,30450.242726413417,42835.12666952684,66420.82265642172,19319.126265164068,28257.90753680385,32779.94652715168,36599.92422737596,47645.22757563657,24755.152490617875,27427.54982428107,37170.889806147155,43980.79187114402,67991.74813994198,0.0,14405.902790625503,25430.163275440565,8688.68868868869
8728.728728728729,24796.72872872873,43156.72872872873,18506.39655022362,30490.46783560703,42931.167630730226,66481.61162708276,19323.073485582132,28297.44703796604,32830.027929835254,36678.36954818296,47713.45437080598,24776.472771251898,27465.261122265172,37240.84238990463,44025.68746339748,68058.10862555318,0.0,14465.15168885568,25491.034497330507,8728.728728728729
8768.76876876877,24836.76876876877,43196.76876876877,18509.527165710762,30530.68983322177,43027.111739724365,66542.51510518696,19326.994414446825,28336.992924789687,32880.06541642263,36756.82774778811,47781.73210916534,24797.655771767568,27503.052268945445,37310.74662618029,44070.63923943477,68124.51870628452,0.0,14524.328015714547,25551.97829059176,8768.768768768768
8808.80880880881,24876.808808808808,43236.80880880881,18512.64338169452,30570.908776546952,43122.95829532485,66603.53359047772,19330.889339051515,28376.54509485547,32930.059170538305,36835.29867944122,47850.06056896632,24818.70332509181,27540.921713657255,37380.60145744214,44115.64818642843,68190.9781702332,0.0,14583.431806090375,25612.99462033605,8808.808808808808
8848.84884884885,24916.84884884885,43276.84884884885,18515.74534015024,30611.124721633078,43218.70659985546,66664.66758260549,19334.758542346157,28416.10344769772,32980.00937560013,36913.78219853743,47918.43952891168,24839.617245883543,27578.86792135479,37450.40581963083,44160.71529996066,68257.48680626327,0.0,14642.46309770987,25674.08344883668,8848.848848848851
8888.888888888889,24956.88888888889,43316.88888888889,18518.833180919275,30651.337723322747,43314.35595912415,66725.91758107832,19338.602303018757,28455.66788476187,33029.91621481026,36992.27816257955,47986.868768162894,24860.39932979624,27616.88937338876,37520.15864210811,44205.84158403348,68324.04440400672,0.0,14701.421931130732,25735.244735535936,8888.88888888889
8928.92892892893,24996.92892892893,43356.92892892893,18521.907041750324,30691.547835281297,43409.9056824018,66787.28408521123,19342.420895575116,28495.238309363092,33079.77987114626,37070.78643114139,48055.348066347724,24881.05135280814,27654.98456821592,37589.8588476109,44251.02805107445,68390.65075386416,0.0,14760.308349733721,25796.478437053065,8928.92892892893
8968.96896896897,25036.968968968973,43396.96896896897,18524.9670583398,30731.755110025904,43505.35508240345,66848.76759407569,19346.214590416817,28534.81462664571,33129.60052735223,37149.30686583147,48123.877203567594,24901.575070617368,27693.152022042756,37659.50535221108,44296.27572193706,68457.30564700553,0.0,14819.122399714131,25857.784507192784,8968.968968968973
9009.009009009009,25077.009009009013,43437.00900900901,18528.013364371232,30771.95959895443,43600.703475271745,66910.36860644765,19349.983653917516,28574.39674354378,33179.37836593016,37227.83933025785,48192.45596040477,24921.97221809941,27731.390269406143,37729.09706528118,44341.58562589639,68524.0088753709,0.0,14877.864130072729,25919.162896954305,9009.009009009013
9049.04904904905,25117.04904904905,43477.04904904905,18531.04609155379,30812.161352372987,43695.95018056294,66972.08762075554,19353.72834849764,28613.98456874244,33229.11356913128,37306.383689993265,48261.08411792966,24942.244508824402,27769.697863693524,37798.6328894664,44386.958800639055,68590.76023167092,0.0,14936.533592606193,25980.61355454096,9049.04904904905
9089.08908908909,25157.089089089088,43517.08908908909,18534.065369659933,30852.360419523062,43791.09452123512,67033.92513502733,19357.448932697447,28653.578012640348,33278.80631894766,37384.939812541335,48329.76145770774,24962.39363463137,27808.07337760533,37868.11172066284,44432.39629224759,68657.55950938736,0.0,14995.130841896986,26042.136425370285,9089.08908908909
9129.12912912913,25197.129129129127,43557.12912912913,18537.071326562153,30892.556848607714,43886.13582363876,67095.88164683702,19361.145661248505,28693.176987312807,33328.456797103805,37463.507567303124,48398.48776180654,24982.421265256984,27846.51540356218,37937.53244800249,44477.899155179286,68724.40650277383,0.0,15053.655935302711,26103.731452084678,9129.129129129129
9169.16916916917,25237.169169169167,43597.16916916917,18540.06408826891,30932.750686816973,43981.07341750928,67157.95765325068,19364.81878514369,28732.781406475988,33378.06518504844,37542.086825544524,48467.26281280238,25002.329048016098,27885.022554059797,38006.89395384495,44523.468452238405,68791.30100685579,0.0,15112.10893294495,26165.398574562558,9169.169169169169
9209.20920920921,25277.209209209206,43637.209209209206,18543.04377895977,30972.941980352716,44075.9066359619,67220.15365077165,19368.468551705635,28772.391185451805,33427.63166394638,37620.677460364306,48536.08639378713,25022.1186075314,27923.593461973895,38076.195113776324,44569.105254542425,68858.2428174312,0.0,15170.489897697584,26227.137729930044,9209.209209209208
9249.24924924925,25317.249249249246,43677.249249249246,18546.010521019696,31013.130774452657,44170.634815488724,67282.47013528518,19372.09520465377,28812.006241133793,33477.1564146705,37699.279346662704,48604.958288374735,25041.79154550979,27962.22678081794,38145.43479661528,44614.8106414817,68925.23173107077,0.0,15228.798895174596,26288.94885257315,9249.249249249247
9289.28928928929,25357.289289289292,43717.289289289285,18548.964435072594,31053.317113413774,44265.25729595746,67344.90760200263,19375.69898416992,28851.626491953622,33526.63961779392,37777.89236111063,48673.87828070766,25061.349440562717,28000.92118495616,38214.61186442685,44660.585700671974,68992.26754511803,0.0,15287.035993717385,26350.831874150488,9289.28928928929
9329.32932932933,25397.32932932933,43757.329329329325,18551.90564001413,31093.50104061506,44359.77342061263,67407.46654540484,19379.28012696248,28891.25185784849,33576.08145358215,37856.5163821196,48742.84615546326,25080.793848068133,28039.67536977431,38283.72517254379,44706.4315279001,69059.35005768963,0.0,15345.201264381541,26412.78672360645,9329.32932932933
9369.369369369371,25437.36936936937,43797.36936936937,18554.83425304375,31133.682598539708,44454.1825360783,67470.14745918511,19382.8388663293,28930.882260229337,33625.48210198548,37935.1512898121,48811.86169786003,25100.1263000717,28078.488051810775,38352.77356959623,44752.34922706212,69126.47906767539,0.0,15403.294780923192,26474.813327184926,9369.369369369373
9409.40940940941,25477.40940940941,43837.40940940941,18557.750389696055,31173.861828796475,44548.48399236299,67532.95083619154,19386.375432219174,28970.517621949653,33674.84174263144,38013.79696599264,48880.924693663546,25119.348305224656,28117.35796885009,38421.75589754928,44798.339910094044,69193.65437473843,0.0,15461.316619784777,26536.911608443457,9409.409409409413
9449.44944944945,25517.44944944945,43877.44944944945,18560.654163871415,31214.038772140757,44642.67714286647,67595.87716836864,19389.890051292095,29010.15786727517,33724.16055481738,38092.45329411933,48950.03492919273,25138.461348756307,28156.283879981533,38490.67099174958,44844.40469689424,69260.87577931501,0.0,15519.266860080425,26599.08148826793,9449.449449449452
9489.48948948949,25557.48948948949,43917.48948948949,18563.545687865953,31254.213468494825,44736.76134438797,67658.92694669869,19393.38294697819,29049.802921854174,33773.43871750316,38171.12015927598,49019.19219132545,25157.46689247879,28195.264565624857,38559.517680980345,44890.54471523829,69328.14308261461,0.0,15577.145583580785,26661.322884887686,9489.489489489491
9529.529529529531,25597.52952952953,43957.52952952953,18566.425072400853,31294.3859569677,44830.735957136785,67722.10066114232,19396.85433953546,29089.45271268848,33822.67640930399,38249.797448144825,49088.39626750444,25176.36637482195,28234.2988275252,38628.29478752548,44936.76110068474,69395.45608661982,0.0,15634.952874697434,26723.635713891155,9529.529529529531
9569.56956956957,25637.56956956957,43997.56956956957,18569.29242665099,31334.556275874354,44924.60034474399,67785.39880057852,19400.304446106307,29129.10716810524,33871.87380848331,38328.485048979666,49157.646945742905,25195.16121089624,28273.38548871945,38697.001127243195,44983.05499647263,69462.81459408591,0.0,15692.688820466803,26786.019888241906,9569.56956956957
9609.609609609612,25677.609609609608,44037.60960960961,18572.147858272998,31374.724462754493,45018.353874276334,67848.82185274424,19403.73348077286,29168.76621772922,33921.031092945894,38407.18285157965,49226.944014630026,25213.852792581816,28312.523393476033,38765.63550964899,45029.42755340978,69530.21840854101,0.0,15750.353510533647,26848.475318295183,9609.609609609608
9649.649649649651,25717.649649649647,44077.64964964965,18574.991473432663,31414.890554390695,45111.9959162514,67912.3703041735,19407.14165461117,29208.429792455794,33970.14844023101,38485.89074726348,49296.287263336446,25232.442488641707,28351.711407210045,38834.19673800869,45075.87992975194,69597.66733428554,0.0,15807.94703713408,26911.001911814867,9649.649649649647
9689.68968968969,25757.68968968969,44117.689689689694,18577.82337683176,31455.054586826227,45205.52584465471,67976.04464013579,19410.529175744283,29248.097824424643,34019.226027505654,38564.60862884407,49365.67648161951,25250.931644857294,28390.948416375362,38902.68360944127,45122.41329107225,69665.16117639198,0.0,15865.46949507816,26973.599573990912,9689.68968968969
9729.72972972973,25797.72972972973,44157.729729729734,18580.643671734277,31495.216595382306,45298.943036957964,68039.84534457407,19413.8962493942,29287.770246993885,34068.26403155802,38643.33639060384,49435.111459828426,25269.32158418441,28430.233328336,38971.09491503239,45169.02881012118,69732.6997407044,0.0,15922.92098173203,27036.268207457164,9729.72972972973
9769.769769769771,25837.76976976977,44197.76976976977,18583.452459992124,31535.376614674853,45392.24687413938,68103.7729000425,19417.243077932773,29327.446994714992,34117.26262879099,38722.07392827037,49504.59198890951,25287.61360692833,28469.565071217723,39039.42943995827,45215.727666676044,69800.28283383827,0.0,15980.301596999663,27099.007712309645,9769.76976976977
9809.80980980981,25877.80980980981,44237.80980980981,18586.249842070203,31575.534678630862,45485.436740704856,68167.82778764314,19420.56986093155,29367.12800330819,34166.221995215696,38800.8211389925,49574.117860410915,25305.808990935995,28508.94259374224,39107.68596362062,45262.511047380394,69867.91026317958,0.0,16037.611443304171,27161.817986125257,9809.809809809809
9849.84984984985,25917.849849849852,44277.84984984985,18589.035917071036,31615.69082050435,45578.512024711104,68232.01048696277,19423.876795210614,29406.813209638374,34215.14230644537,38879.57792131702,49643.68886648773,25323.908991804085,28548.36486504485,39175.86325979255,45309.380145572795,69935.58183688483,0.0,16094.850625568695,27224.69892398086,9849.849849849852
9889.88988988989,25957.88988988989,44317.88988988989,18591.810782758803,31655.84507289181,45671.47211778989,68296.32147600895,19427.16407488636,29446.502551691676,34264.02373768915,38958.3441751656,49713.30479990655,25341.914843101367,28587.83087447748,39243.96009677607,45356.336161104526,70003.29736387992,0.0,16152.019251196903,27287.65041847277,9889.889889889891
9929.929929929931,25997.92992992993,44357.92992992993,18594.574535582877,31695.99746774736,45764.31641517385,68360.76123114556,19430.4318914184,29486.195968552514,34312.86646374607,39037.11980181238,49782.96545405022,25359.827756604045,28627.339631398216,39311.975237570994,45403.38030014641,70071.05665385992,0.0,16209.117430053117,27350.672359736676,9929.929929929931
9969.96996996997,26037.96996996997,44397.96996996997,18597.327270700895,31736.148036397386,45857.044315723324,68425.33022702824,19433.680433655398,29525.89340038119,34361.67065899914,39115.9047038618,49852.670622922305,25377.64892254278,28666.890164948854,39379.907440055846,45450.51377498408,70138.85951728823,0.0,16266.145274442011,27413.7646354679,9969.96996996997
10010.010010010012,26078.01001001001,44438.01001001001,18600.069082001282,31776.296809554824,45949.65522195486,68490.0289365391,19436.909887880058,29565.594788391973,34410.43649740953,39194.698785226974,49922.420101151525,25395.379509860137,28706.4815238214,39447.755457180996,45497.73780380161,70206.70576539589,0.0,16323.102899087977,27476.927130942055,10010.01001001001
10050.050050050051,26118.05005005005,44478.05005005005,18602.800062125374,31816.443817333187,46042.14854007064,68554.85783072107,19440.120437853147,29605.300074831714,34459.164152510944,39273.50195110839,49992.21368399611,25413.020666477267,28746.11277601492,39515.51803717386,45545.05361045334,70274.59521018088,0.0,16379.990421114078,27540.15972903607,10050.05005005005
10090.09009009009,26158.090090090092,44518.09009009009,18605.520302488996,31856.58908926007,46134.52367998931,68619.8173787121,19443.312264856664,29645.00920295888,34507.853797403994,39352.31410797304,50062.05116734798,25430.57351956893,28785.783008583858,39583.193923756924,45592.46242422356,70342.52766440724,0.0,16436.8079600207,27603.46231024958,10090.090090090092
10130.13013013013,26198.130130130132,44558.13013013013,18608.22989330365,31896.732654290427,46226.78005537794,68684.90804767863,19446.485547736112,29684.722117023157,34556.505604750746,39431.13516353398,50131.93234773677,25448.039175845555,28825.491327378688,39650.7818563785,45639.96547957377,70410.50294160425,0.0,16493.555637663765,27666.83475272663,10130.130130130132
10170.170170170171,26238.17017017017,44598.17017017017,18610.928923597236,31936.87454081937,46318.917083685126,68750.13030274908,19449.640462941916,29724.438762245463,34605.1197467694,39509.96502673023,50201.857022334014,25465.41872184158,28865.23685677992,39718.28057045638,45687.564015877506,70478.52085606565,0.0,16550.23357823272,27730.27693227779,10170.170170170171
10210.21021021021,26278.21021021021,44638.21021021021,18613.61748123434,31977.014776694836,46410.93418617516,68815.48460694672,19452.777184570044,29764.159084798368,34653.696395229024,39588.803607706985,50271.82498895684,25482.713224209114,28905.01873942651,39785.68879763486,45735.2592771423,70546.58122284847,0.0,16606.841908228103,27793.78872240253,10210.21021021021
10250.25025025025,26318.250250250254,44678.250250250254,18616.295652936125,32017.153389229665,46502.83078796326,68880.97142112223,19455.89588440177,29803.883031787074,34702.235721444435,39667.650817796355,50341.83604607188,25499.92373001606,28944.836135939324,39853.005266055,45783.05251171872,70614.6838577724,0.0,16663.380756438797,27857.36999431196,10250.250250250254
10290.29029029029,26358.290290290293,44718.29029029029,18618.963524299754,32057.290405213647,46594.60631805192,68946.59120388611,19458.996731942676,29843.610551230697,34750.73789627117,39746.50656949835,50411.88999279885,25517.0512670479,28984.68822464057,39920.2287006385,45830.944971996294,70682.82857741846,0.0,16719.850253919,27921.02061695187,10290.290290290293
10330.330330330333,26398.330330330333,44758.33033033033,18621.621179817503,32097.425850925098,46686.26020936821,69012.34441154086,19462.079894460854,29883.34159204401,34799.20309010058,39825.37077646222,50481.98662891434,25534.096844112453,29024.574201269934,39987.357823385355,45878.937914086055,70751.01519912819,0.0,16776.2505339649,27984.740457026095,10330.330330330331
10370.370370370372,26438.370370370372,44798.37037037037,18624.268702895388,32137.559752142137,46777.79189880189,69078.23149801244,19465.145537024364,29923.07610401967,34847.63147285504,39904.24335346816,50552.12575485499,25551.06145134689,29064.493278698028,40054.39135368523,45927.03259748964,70819.24354100245,0.0,16832.581732090977,28048.529379020136,10370.37037037037
10410.410410410412,26478.41041041041,44838.41041041041,18626.906175871492,32177.69213415376,46869.20082724481,69144.252914782,19468.193822537956,29962.814037810742,34896.023213983244,39983.124216409386,50622.307171721135,25567.946060526367,29104.44468663798,40121.328008642966,45975.2302847549,70887.51342190025,0.0,16888.843986006126,28112.387245225105,10410.41041041041
10450.450450450451,26518.45045045045,44878.45045045045,18629.53368003385,32217.823021770557,46960.48643963077,69210.4091108171,19471.22491177902,30002.555344913635,34944.37848245559,40062.01328227448,50692.53068127998,25584.751625373694,29144.42767135549,40188.16650341808,46023.53224111757,70955.82466143784,0.0,16945.03743558941,28176.313915761944,10450.45045045045
10490.490490490492,26558.49049049049,44918.4904904905,18632.151295638017,32257.95243933529,47051.648184976475,69276.70053250267,19474.238963432905,30042.29997765144,34992.697446759776,40140.91046913011,50762.79608596873,25601.47908186953,29184.44149537824,40254.90555157863,46071.93973412934,71024.17707998722,0.0,17001.162222865598,28240.309248605878,10490.490490490492
10530.530530530532,26598.53053053053,44958.53053053054,18634.759101924283,32298.08041073295,47142.68551642335,69343.12762357209,19477.23613412746,30082.047889157657,35040.98027489626,40219.81569610403,50833.103188897774,25618.12934856247,29224.485437204752,40321.54386546911,46120.4540332718,71092.57049867505,0.0,17057.218491980435,28304.373099611163,10530.530530530532
10570.570570570571,26638.57057057057,44998.57057057058,18637.357177134498,32338.206959400835,47233.59789127996,69409.69082503757,19480.21657846696,30121.799033360232,35089.227134374196,40298.72888336841,50903.451793853645,25634.703326878745,29264.558791013635,40388.08015659293,46169.0764095567,71161.00473938143,0.0,17113.20638917564,28368.505322536075,10570.570570570571
10610.61061061061,26678.61061061061,45038.610610610616,18639.945598528593,32378.332108338294,47324.38477106526,69476.39057512088,19483.180449065345,30161.553364965945,35137.438192207075,40377.649952123465,50973.841705301835,25651.201901430966,29304.660866373324,40454.51313600907,46217.80813511182,71229.47962473848,0.0,17169.126062763706,28432.705769068125,10610.61061061061
10650.650650650652,26718.650650650656,45078.650650650656,18642.524442400776,32418.455880116082,47415.04562155269,69543.22730918371,19486.12789657879,30201.310839445217,35185.61361490878,40456.57882458142,51044.272728389704,25667.625940325524,29344.790987952772,40520.841514743166,46266.65048275328,71297.99497812917,0.0,17224.977663102436,28496.974288849524,10650.650650650654
10690.690690690692,26758.690690690695,45118.690690690695,18645.093784095374,32458.578296885753,47505.57991281463,69610.20145965772,19489.05906973769,30241.07141301718,35233.753568489556,40535.51542395064,51114.744668949075,25683.976295468387,29384.948495233602,40587.06400421302,46315.60472554334,71366.55062368578,0.0,17280.761342569247,28561.31072950283,10690.690690690693
10730.730730730731,26798.730730730735,45158.730730730735,18647.65369802239,32498.699380388545,47595.98711926778,69677.31345597495,19491.974115377972,30280.83504263505,35281.858218452166,40614.45967442026,51185.25733349894,25700.25380286885,29425.132742223883,40653.17931666832,46364.672136334644,71435.14638628863,0.0,17336.477255535334,28625.714936656866,10730.730730730733
10770.77077077077,26838.770770770774,45198.770770770774,18650.204257672736,32538.819151964177,47686.2667197192,69744.56372449777,19494.873178471837,30320.601685971946,35329.927729788076,40693.41150114487,51255.810529247894,25716.459282940985,29465.343097174,40719.186165644685,46413.8539873003,71503.78209156464,0.0,17392.125558339532,28690.18675397278,10770.770770770772
10810.810810810814,26878.81081081081,45238.81081081081,18652.745535633167,32578.937632559562,47776.418197412466,69811.95268844889,19497.756402157887,30360.371301406896,35377.96226697388,40772.370830229636,51326.404064096554,25732.59354080253,29505.578942294615,40785.08326643176,46463.15154945012,71572.45756588582,0.0,17447.706409262086,28754.726023170348,10810.81081081081
10850.850850850853,26918.85085085085,45278.85085085085,18655.277603600916,32619.054842737034,47866.44104007492,69879.48076784139,19500.6239277707,30400.143848011154,35425.96199396766,40851.337588715585,51397.03774664,25748.657366570977,29545.839673477436,40850.869336555494,46512.566092133384,71641.17263636779,0.0,17503.219968498153,28819.3325840544,10850.85085085085
10890.890890890892,26958.89089089089,45318.89089089089,18657.80053239806,32659.17080268255,47956.33473996517,69947.1483794087,19503.475894869785,30439.919285534932,35473.92707420551,40930.311704565254,51467.71138616986,25764.65153565655,29586.12470001851,40916.54309627415,46562.098882527775,71709.92713086834,0.0,17558.666398131187,28884.006274541483,10890.890890890889
10930.930930930932,26998.93093093093,45358.93093093093,18660.314391985587,32699.285532213697,48046.09879392084,70014.95593653453,19506.312441268044,30479.697574394275,35521.857670598176,41009.293106648496,51538.424792676575,25780.57680905203,29626.433444344686,40982.1032690881,46611.75118511497,71778.72087798578,0.0,17614.045862106148,28948.746930686644,10930.930930930928
10970.970970970973,27038.97097097097,45398.97097097097,18662.819251477184,32739.399050787404,48135.73270340728,70082.90384918303,19509.13370305966,30519.47867565832,35569.75394552781,41088.28172472861,51609.177776851444,25796.433933619064,29666.765341743052,41047.54858226298,46661.52426114329,71847.55370705744,0.0,17669.358526202534,29013.554386710384,10970.970970970971
11011.011011011013,27079.01101101101,45439.01101101101,18665.315179152785,32779.51137750757,48225.235974566094,70150.9925238286,19511.93981464743,30559.262551036772,35617.6160608447,41167.27748944865,51679.97015008852,25812.22364237096,29707.11984009377,41112.87776736617,46711.4193680771,71916.42544815806,0.0,17724.6045580073,29078.428475025732,11011.01101101101
11051.051051051052,27119.05105105105,45479.05105105105,18667.80224247184,32819.62253113251,48314.60811826456,70219.22236338635,19514.730908769634,30599.04916286769,35665.444177864265,41246.28033231809,51750.80172448662,25827.94665475176,29747.496399606425,41178.08956081617,46761.43775903382,71985.3359320981,0.0,17779.784126887636,29143.369026265515,11051.05105105105
11091.091091091092,27159.09109109109,45519.09109109109,18670.2805080863,32859.73253008204,48403.84865014493,70287.59376714223,19517.507116526354,30638.83847410549,35713.238457364,41325.29018569961,51821.67231285108,25843.60367691143,29787.89449255987,41243.18270444453,46811.5806822085,72054.28499042221,0.0,17834.897403963598,29208.375869309675,11091.09109109109
11131.131131131133,27199.131131131133,45559.13113113113,18672.750041853404,32899.84139244464,48492.95709067433,70356.10713068329,19520.2685674053,30678.630448309297,35760.999059580594,41404.306982796195,51892.58172869541,25859.195401977133,29828.313603045783,41308.15594607007,46861.8493802864,72123.27245540742,0.0,17889.944562080644,29273.44883131276,11131.131131131133
11171.171171171172,27239.171171171172,45599.17117117117,18675.210908848185,32939.94913598437,48581.932965194756,70424.76284582858,19523.01538930715,30718.42504963143,35808.72614420706,41483.33065763836,51963.52978624304,25874.722510320476,29868.75322671609,41373.00804008498,46912.24508984403,72192.29816006147,0.0,17944.92577578204,29338.587737731475,11171.171171171172
11211.211211211212,27279.21121121121,45639.21121121121,18677.663173375757,32980.05577814746,48670.77580397346,70493.56130055938,19525.747708570456,30758.222242806154,35856.41987039008,41562.36114507177,52034.516300428804,25890.185669820603,29909.21287053416,41437.73774805232,46962.76904073906,72261.36193812113,0.0,17999.841221281225,29403.79241235241,11211.211211211212
11251.251251251251,27319.25125125125,45679.25125125125,18680.10689898335,33020.161336069046,48759.48514225328,70562.50287895059,19528.465649996004,30798.021993138853,35904.080396727324,41641.39838074489,52105.54108690044,25905.585536123173,29949.69205253005,41502.3438393144,47013.422455489446,72330.46362405043,0.0,18054.691076434,29469.06267731975,11251.251251251251
11291.291291291293,27359.291291291294,45719.291291291294,18682.54214847212,33060.26582657942,48848.06052030335,70631.58796110157,19531.169336870782,30837.824266495078,35951.707881264905,41720.44230109702,52176.60396201999,25920.922752895032,29990.190301559596,41566.82509161181,47064.206548642454,72399.60305303882,0.0,18109.475520710716,29534.398353163164,11291.291291291294
11331.331331331332,27399.331331331334,45759.331331331334,18684.968983908744,33100.36926621036,48936.50148346987,70700.8169230677,19533.858890991483,30877.62902929022,35999.30248149492,41799.49284334633,52247.70474286507,25936.197952074694,30030.707157067758,41631.1802917121,47115.12252613398,72468.78006099947,0.0,18164.19473516833,29599.799258825667,11331.331331331334
11371.371371371371,27439.371371371373,45799.37137137137,18687.38746663682,33140.47167120125,49024.80758222687,70770.19013679192,19536.534432687564,30917.43624847909,36046.864354353005,41878.5499454784,52318.843247230165,25951.411754118453,30071.242168855784,41695.40823604792,47166.17158463875,72537.99448456732,0.0,18218.848902422462,29665.265211691658,11371.371371371373
11411.41141141141,27479.411411411413,45839.41141141141,18689.79765728795,33180.57305750504,49112.97837222723,70839.70797003686,19539.196080843874,30957.24589154596,36094.393656216205,41957.6135462347,52390.01929362773,25966.564768242264,30111.79489685276,41759.507731363825,47217.35491091224,72607.24616109737,0.0,18273.438206619332,29730.796027614902,11411.411411411413
11451.451451451452,27519.451451451456,45879.45145145146,18692.19961579277,33220.673440794046,49201.01341435342,70909.37078631703,19541.843952922893,30997.05792649459,36141.89054290058,42036.683585101295,52461.232701289366,25981.65759265919,30152.364910890978,41823.47759537118,47268.67368112464,72676.53492866273,0.0,18327.96283340772,29796.391520946643,11451.451451451456
11491.491491491492,27559.491491491495,45919.4914914915,18694.593401391652,33260.77283646568,49288.9122747686,70979.17894483154,19544.47816498652,31036.872321838622,36189.35516965918,42115.76000229799,52532.483290166645,25996.690814812613,30192.95179048569,41887.31665741016,47320.12906018771,72745.86062605274,0.0,18382.422969910815,29862.051504563664,11491.491491491495
11531.531531531531,27599.531531531535,45959.53153153154,18696.979072645256,33300.87125964798,49376.67452496733,71049.13280039711,19547.09883171749,31076.689046592157,36236.78769117996,42194.8427387673,52603.770880932294,26011.66501160504,30233.555124618786,41951.02375911875,47371.72220107551,72815.22309277115,0.0,18436.818804698123,29927.775789896477,11531.531531531535
11571.571571571574,27639.57157157157,45999.57157157157,18699.35668744488,33340.9687252051,49464.299741826384,71119.2327033815,19549.706066440376,31116.50807026046,36284.18826158388,42273.93173616396,52675.09529498077,26026.58074962266,30274.174511526697,42014.59775510706,47423.45424413904,72884.622169034,0.0,18491.150527757272,29993.564186957447,11571.571571571572
11611.611611611614,27679.61161161161,46039.61161161161,18701.726303022624,33381.06524774253,49551.78750765545,71189.47899963742,19552.29998114225,31156.329362830933,36331.557034422905,42353.02693684429,52746.4563544293,26041.438585355536,30314.809558492434,42078.037513637064,47475.3263164168,72954.05769576784,0.0,18545.41833046588,30059.416504368957,11611.611611611612
11651.651651651653,27719.65165165165,46079.65165165165,18704.08797596131,33421.160841612385,49639.13741024764,71259.87203043692,19554.880686492892,31196.152894764204,36378.89416267835,42432.12828385605,52817.85388211842,26056.23906541356,30355.459881641535,42141.34191730632,47527.33953094069,73023.5295146078,0.0,18599.622405563365,30125.33254939159,11651.651651651651
11691.691691691693,27759.69169169169,46119.69169169169,18706.441762204347,33461.25552091837,49726.34904292974,71330.412132406,19557.448291864723,31235.978636985506,36426.19979875898,42511.23572092824,52889.2877016127,26070.982726738162,30396.125105742274,42204.50986373496,47579.49498603938,73093.03746789535,0.0,18653.762947122796,30191.31212795228,11691.69169169169
11731.731731731734,27799.731731731736,46159.731731731736,18708.787717065272,33501.34929952081,49813.422004612425,71401.09963746017,19560.002905352285,31275.80656087609,36473.474094499514,42590.34919246122,52960.75763720131,26085.67009680977,30436.804864009733,42267.54026625503,47631.79376463918,73162.58139867669,0.0,18707.840150522745,30257.35504467246,11731.731731731734
11771.771771771773,27839.771771771775,46199.771771771775,18711.125895237208,33541.44219104146,49900.35589984007,71471.93487274015,19562.544633791444,31315.636638264947,36520.71720115896,42669.46864351678,53032.26351389849,26100.301693851103,30477.498797914013,42330.432054601326,47684.23693356386,73232.16115070033,0.0,18761.854212419144,30323.461102896177,11771.771771771773
11811.811811811813,27879.811811811815,46239.811811811815,18713.456350802117,33581.5342088682,49987.150338840365,71542.91816054838,19565.073582778205,31355.468841420672,36567.92926941919,42748.5940198088,53103.805157444,26114.878027026316,30518.20655699233,42393.1841756026,47736.825542834296,73301.77656841534,0.0,18815.805330717234,30389.630104718206,11811.811811811813
11851.851851851852,27919.851851851854,46279.851851851854,18715.779137239882,33621.62536615975,50073.804937573615,71614.04981828603,19567.5898566872,31395.303143043424,36615.11044938341,42827.72526769357,53175.382394303524,26129.399596636107,30558.927798664976,42455.795593872186,47789.56062496867,73371.42749696916,0.0,18869.693704543468,30455.86185101209,11851.851851851852
11891.891891891893,27959.891891891893,46319.89189189189,18718.09430743723,33661.71567585011,50160.31931778158,71685.33015839057,19570.093558689834,31435.139516257124,36662.26089057489,42906.862334160614,53246.99505166889,26143.866894308667,30599.662188055285,42518.26529249714,47842.44319428468,73441.11378220559,0.0,18923.519534217525,30522.15614145816,11891.891891891895
11931.931931931933,27999.931931931933,46359.93193193193,18720.401913696536,33701.805150652974,50246.69310703612,71756.75948827404,19572.584790772125,31474.97793460179,36709.3807419357,42986.00516682355,53318.64295745843,26158.28040318671,30640.40939781336,42580.592273724484,47895.474246204394,73510.83527066262,0.0,18977.283021224335,30588.512774571464,11931.931931931935
11971.971971971972,28039.971971971972,46399.97197197197,18722.702007744356,33741.893803066116,50332.92593878732,71828.33811026209,19575.063653752226,31514.818372026042,36756.47015182544,43065.153713911095,53390.32594031704,26172.64059811054,30681.16910794352,42642.77555964399,47948.65475656322,73580.59180957054,0.0,19030.984368186204,30654.931547729717,11971.971971971974
12012.012012012012,28080.012012012012,46440.01201201201,18724.99464073995,33781.98164537552,50419.01745241113,71900.0663215335,19577.530247297604,31554.66080287974,36803.529268020095,43144.307924258304,53462.04382961635,26186.947945797205,30721.941005635603,42704.8141928659,48001.98568092385,73650.3832468495,0.0,19084.62377883496,30721.41225720108,12012.012012012014
12052.052052052055,28120.05205205205,46480.05205205205,18727.279863283526,33822.0686896596,50504.96729325665,71971.94441406048,19579.984669941943,31594.50520190676,36850.55823771107,43223.467747297786,53533.796455454765,26201.202905015816,30762.724785099814,42766.70723719282,48055.46795389611,73720.20943110774,0.0,19138.201457984225,30787.954698171932,12052.052052052051
12092.092092092094,28160.09209209209,46520.09209209209,18729.55772542442,33862.154947793184,50590.775112692885,72043.97267455,19582.42701910175,31634.351544237972,36897.55720750407,43302.63313305132,53605.583648657455,26215.405926759093,30803.520147405412,42828.453778284485,48109.10248846444,73790.0702116391,0.0,19191.717611501717,30854.55866477456,12092.09209209209
12132.132132132134,28200.13213213213,46560.13213213213,18731.82827666911,33902.24043145142,50676.44056815478,72116.15138438533,19584.857391092643,31674.199805384316,36944.52632341823,43381.804032121334,53677.405240776265,26229.557454411184,30844.326800322546,42890.05292431431,48162.89017532355,73859.9654384212,0.0,19245.172446281682,30921.223950114712,12132.13213213213
12172.172172172173,28240.17217217217,46600.17217217217,18734.091565989074,33942.325152113735,50761.96332318908,72188.48081956897,19587.27588114538,31714.049961230026,36991.46573088526,43460.98039568275,53749.26106408961,26243.65792391181,30885.144458168146,42951.503806616485,48216.83188222351,73929.89496211309,0.0,19298.566170217397,30987.950346299116,12172.17217217217
12212.212212212215,28280.212212212213,46640.21221221221,18736.347641828463,33982.40912106755,50847.343047499104,72260.96125066596,19589.682583421585,31753.901988025988,37038.37557474861,43540.16217547484,53821.15095160226,26257.70776391683,30925.972841654864,43012.80558032275,48270.928453325854,73999.85863405297,0.0,19351.898992173796,31054.737644462843,12212.212212212213
12252.252252252254,28320.252252252252,46680.25225225225,18738.596552111812,34022.49234941196,50932.57941698923,72333.59294274825,19592.077591029218,31793.75586238323,37085.255999262714,43619.34932379325,53893.07473704511,26271.707395955244,30966.811677743513,43073.957424987166,48325.18070857133,74069.85630625628,0.0,19405.171121960164,31121.585634796596,12252.252252252252
12292.292292292293,28360.29229229229,46720.29229229229,18740.838344251366,34062.574848061355,51017.67211380882,72406.37615533995,19594.460996037746,31833.61156126658,37132.107148092415,43698.541793482145,53965.032254874866,26285.657234582704,31007.660699498912,43134.95854519831,48379.58944306063,74139.88783141322,0.0,19458.382770302997,31188.49410657388,12292.292292292292
12332.332332332333,28400.33233233233,46760.33233233233,18743.07306515448,34102.656627748955,51102.6208263949,72479.31114236334,19596.83288949309,31873.469061988406,37178.92916431222,43777.73953792657,54037.02334027371,26299.55768753164,31048.519645948913,43195.80817117735,48434.1554264493,74209.95306288677,0.0,19511.534148818955,31255.462848178042,12332.332332332331
12372.372372372374,28440.372372372374,46800.372372372374,18745.300761230796,34142.7376990303,51187.425249514825,72552.39815208592,19599.193361432284,31913.3283422025,37225.722190405875,43856.94251104476,54109.04782914882,26313.409155858022,31089.388261946828,43256.50555936099,48488.87940235817,74280.05185471021,0.0,19564.62546998794,31322.491647129184,12372.372372372374
12412.412412412414,28480.412412412414,46840.412412412414,18747.521478399318,34182.818072286565,51272.08508430777,72625.63742706842,19601.54250089787,31953.18937989803,37272.48636826579,43936.15066728075,54181.10555813203,26327.21203408479,31130.26629803661,43317.049992968095,48543.762087799754,74350.1840615852,0.0,19617.656947126292,31389.58029011095,12412.412412412414
12452.452452452453,28520.452452452453,46880.45245245245,18749.735262095353,34222.8977577279,51356.60003832542,72699.02920411358,19603.8803959521,31993.052153393797,37319.22183919265,44015.36396159702,54253.19636457915,26340.966710342116,31171.153510321645,43377.4407825491,48598.80417262264,74420.34953887922,0.0,19670.628794360186,31456.72856299717,12452.452452452453
12492.492492492493,28560.492492492493,46920.49249249249,18751.942157277357,34262.976765396685,51440.9698255722,72772.57371421621,19606.2071336908,32032.916641332326,37365.92874389505,44094.58234946726,54325.32008656951,26354.67356650442,31212.049660336186,43437.67726651672,48654.00631897415,74490.54814262346,0.0,19723.541226599096,31523.93625087838,12492.492492492493
12532.532532532534,28600.532532532536,46960.53253253254,18754.142208433637,34303.05510517062,51525.194166544345,72846.27118251409,19608.52280025711,32072.782822674308,37412.60722248918,44173.80578686929,54397.4765629053,26368.332978324383,31252.954514919926,43497.75881165725,48709.36916078299,74560.77972951066,0.0,19776.39445950945,31591.203138088156,12532.532532532536
12572.572572572573,28640.572572572575,47000.57257257258,18756.335459588918,34343.13278676591,51609.272788268194,72920.12182823983,19610.827480854885,32112.650676693014,37459.25741449855,44253.03423027808,54469.66563311091,26381.945315563804,31293.867846095513,43557.68481362118,48764.89330326233,74631.04415689259,0.0,19829.188709488422,31658.5290082293,12572.572572572575
12612.612612612613,28680.612612612615,47040.61261261262,18758.521954310905,34383.20981974026,51693.20542433784,72994.12586467406,19613.12125976193,32152.520182968954,37505.87945885379,44332.26763665885,54541.88713743215,26395.510942121567,31334.789430948807,43617.45469739231,48820.579322435035,74701.34128277797,0.0,19881.924193637922,31725.91364419992,12612.612612612615
12652.652652652652,28720.652652652654,47080.65265265266,18760.701735716546,34423.28621349582,51776.99181495146,73068.28349909946,19615.404220342996,32192.391321384453,37552.473493892576,44411.50596346033,54614.14091683556,26409.0302161586,31375.719051512002,43677.06791773411,48876.42776468104,74771.67096583014,0.0,19934.601129738687,31793.356828219272,12652.652652652654
12692.692692692694,28760.692692692697,47120.6926926927,18762.87484647838,34463.36197728211,51860.63170694705,73142.59493275592,19617.676445062534,32232.264072118538,37599.03965735944,44490.749168608134,54686.42681300753,26422.503490220086,31416.65649464952,43736.52395961275,48932.439146309174,74842.03306536464,0.0,19987.219736224608,31860.858341853484,12692.692692692697
12732.732732732733,28800.732732732737,47160.73273273274,18765.04132883067,34503.43712019886,51944.12485383716,73217.06036079698,19619.938015497268,32272.138415641708,37645.5780864058,44569.99721049815,54758.74466835349,26435.931111354745,31457.60155194653,43795.82233859535,48988.61395315266,74912.42744134711,0.0,20039.780232157158,31928.41796604105,12732.732732732737
12772.772772772772,28840.772772772776,47200.772772772776,18767.201224575416,34543.51165119881,52027.47101584231,73291.67997224734,19622.18901234852,32312.014332711078,37692.088917589994,44649.250047990165,54831.09432599691,26449.313421231458,31498.55401960012,43854.96260122345,49044.95264019089,74982.85395439071,0.0,20092.28283720009,31996.035481118233,12772.772772772776
12812.812812812812,28880.812812812816,47240.812812812816,18769.35457508838,34583.58557909036,52110.669959924,73366.45394996132,19624.429515454354,32351.891804365343,37738.57228687724,44728.507640401505,54903.47562977847,26462.65075625319,31539.513698312996,43913.944325359786,49101.455631196775,75053.3124657541,0.0,20144.72777159424,32063.710666844203,12812.812812812816
12852.852852852855,28920.852852852855,47280.852852852855,18771.50142132485,34623.65891254031,52193.721459816166,73441.38247058296,19626.659603801505,32391.77081191998,37785.0283296399,44807.76994750081,54975.888424254925,26475.943447668295,31580.480393189748,43972.76712050864,49158.12331841152,75123.80283733891,0.0,20197.11525613254,32131.44330242602,12852.852852852853
12892.892892892894,28960.892892892894,47320.892892892894,18773.641803825474,34663.73166007646,52276.625296055674,73516.46570450687,19628.8793555371,32431.65133696262,37831.457180657584,44887.036929501905,55048.332554698165,26489.191821679226,31621.45391363556,44031.430628108385,49214.956062246834,75194.32493168736,0.0,20249.445512135255,32199.233166543425,12892.892892892893
12932.932932932934,29000.932932932934,47360.932932932934,18775.775762721845,34703.80383009012,52359.38125601213,73591.70381584056,19631.088847980216,32471.533361348258,37877.85897411734,44966.30854705774,55120.80786709406,26502.39619954872,31662.43407325726,44089.93452179588,49271.95419101557,75264.87861198015,0.0,20301.718761425367,32267.08003737343,12932.932932932932
12972.972972972975,29040.972972972973,47400.97297297297,18777.90333774208,34743.875430838656,52441.9891339161,73667.09696236807,19633.288157633193,32511.41686719484,37924.23384361394,45045.58476125449,55193.31420814138,26515.55689770363,31703.420689766856,44148.27850764207,49329.118000691335,75335.46374203393,0.0,20353.9352263042,32334.983692614725,12972.972972972975
13013.013013013015,29081.013013013013,47441.01301301301,18780.024568216333,34783.94647044789,52524.448730886375,73742.64529551446,19635.4773601928,32551.30183687878,37970.581922150224,45124.86553360567,55265.851425250614,26528.674227836236,31744.413584887123,44206.46232435816,49386.44775469756,75406.08018629898,0.0,20406.0951295272,32402.943909511843,13013.013013013015
13053.053053053054,29121.053053053052,47481.05305305305,18782.13949308211,34824.01695691456,52606.75985495636,73818.34896031224,19637.65653056121,32591.188253030556,38016.90334213745,45204.15082604642,55338.4193665427,26541.748497003246,31785.412584259768,44264.485743471996,49443.94368372644,75476.72780985691,0.0,20458.198694279996,32470.96046487917,13053.053053053054
13093.093093093094,29161.09309309309,47521.09309309309,18784.248150889583,34864.086898108595,52688.922321098886,73894.20809536842,19639.82574285678,32631.07609853046,38063.198235395656,45283.44060092779,55411.017880847874,26554.780007722526,31826.417517355458,44322.34856947426,49501.60598558806,75547.40647841824,0.0,20510.246144154586,32539.033135124697,13093.093093093095
13133.133133133135,29201.13313313314,47561.13313313314,18786.350579806793,34904.156301775496,52770.93595125014,73970.22283283326,19641.985070424656,32670.965356504377,38109.466733154186,45362.73482101127,55483.646817704335,26567.76905806759,31867.428217386278,44380.05063993418,49559.43482509075,75618.11605832004,0.0,20562.237703125807,32607.1616962736,13133.133133133135
13173.173173173174,29241.173173173178,47601.17317317318,18788.446817624754,34944.22517553852,52852.8005743323,74046.39329837033,19644.13458584722,32710.85601031968,38155.7089660521,45442.033449463175,55556.306027356855,26580.715941759878,31908.444521219975,44437.591825584095,49617.43033395151,75688.85641652357,0.0,20614.173595527966,32675.345923991557,13173.173173173174
13213.213213213214,29281.213213213217,47641.21321321322,18790.53690176249,34984.29352690089,52934.51602627495,74122.71961112774,19646.274360954343,32750.74804358116,38201.925064138806,45521.33644984937,55628.99536075562,26593.62094825889,31949.466269296558,44494.97203037348,49675.59261073837,75759.62742061199,0.0,20666.05404603175,32743.585593607895,13213.213213213214
13253.253253253253,29321.253253253257,47681.25325325326,18792.620869271974,35024.36136324804,53016.08215003534,74199.2018837109,19648.404466833483,32790.64144012709,38248.11515687455,45600.643786129855,55701.714669554545,26606.484362850228,31990.493305546668,44552.19119149135,49733.92172084345,75830.42893878781,0.0,20717.879279621287,32811.880480138476,13253.253253253253
13293.293293293296,29361.293293293293,47721.29329329329,18794.698756843045,35064.42869184959,53097.4987956173,74275.84022215653,19650.524973839623,32830.53618402535,38294.27937313114,45679.95542265361,55774.463806110056,26619.306466731643,32031.525477311974,44609.24927935778,49792.41769648771,75901.26083987064,0.0,20769.64952157151,32880.23035830837,13293.293293293293
13333.333333333336,29401.333333333332,47761.33333333333,18796.770600808093,35104.495519861535,53178.76582008897,74352.63472590808,19652.635951605025,32870.43225956955,38340.41784119247,45759.2713241534,55847.24262347956,26632.087537097002,32072.562635267524,44666.146297584,49851.08053675667,75972.12299329479,0.0,20821.364997425684,32948.635002574316,13333.333333333332
13373.373373373375,29441.37337337337,47801.37337337337,18798.836437146856,35144.56185432823,53259.88308759917,74429.5854877926,19654.737469048865,32910.32965127533,38386.53068875538,45838.591455740745,55920.050975419916,26644.827847218414,32113.60463334588,44722.88228290151,49909.91020766762,76043.01526910684,0.0,20873.025932973193,33017.094187146926,13373.373373373372
13413.413413413415,29481.41341341341,47841.41341341341,18800.896301491037,35184.62770218437,53340.85046939261,74506.69259399905,19656.829594386672,32950.228343876704,38432.618042930306,45917.91578290089,55992.8887163859,26657.52766652633,32154.65132866304,44779.4573050601,49968.9066422678,76113.9375379632,0.0,20924.632554227566,33085.60768601267,13413.413413413411
13453.453453453456,29521.453453453454,47881.453453453454,18802.950229128848,35224.693070256966,53421.66784382373,74583.95612405772,19658.912395139625,32990.12832232237,38478.680030242045,45997.244271487936,56065.755701528746,26670.1872606879,32195.70258144622,44835.87146669525,50028.069740763414,76184.88967112794,0.0,20976.185087404738,33154.175272955625,13453.453453453454
13493.493493493495,29561.493493493494,47921.49349349349,18804.998255009494,35264.75796526726,53502.335096369105,74661.37615082161,19660.985938143724,33030.02957177231,38524.71677663065,46076.576887719944,56138.65178669433,26682.80689168343,32236.758254963366,44892.12490316488,50087.399370679166,76255.8715404701,0.0,21027.68375890149,33222.79672157899,13493.493493493494
13533.533533533535,29601.533533533533,47961.53353353353,18807.040413747596,35304.82239383251,53582.85211963882,74738.95274044875,19663.050289558785,33069.93207759418,38570.728407452225,46155.913598174244,56211.57682842178,26695.38681788112,32277.81821545422,44948.21778235614,50146.89536704814,76326.88301846155,0.0,21079.128795274246,33291.47180532636,13533.533533533533
13573.573573573574,29641.573573573573,48001.57357357357,18809.07673962752,35344.88636246797,53663.21881338615,74816.68595238621,19665.10551487731,33109.835825360016,38616.71504747984,46235.25436978268,56284.53068394158,26707.927294110068,32318.882332063207,45004.15030446243,50206.55753263134,76397.92397817438,0.0,21130.52042321799,33360.20029750273,13573.573573573573
13613.613613613616,29681.613613613616,48041.61361361362,18811.10726660769,35384.94987758856,53743.4350845162,74894.57583935565,19667.151678933194,33149.74080084281,38662.6768209045,46314.59916982707,56357.51321117412,26720.428571731543,32359.950476773785,45059.92270173124,50266.38563816645,76468.99429327867,0.0,21181.858869545504,33428.98197129534,13613.613613613616
13653.653653653655,29721.653653653655,48081.65365365366,18813.13202832475,35425.01294551068,53823.50084709293,74972.62244733993,19669.188845910332,33189.64699001328,38708.61385133598,46393.94796593458,56430.52426872774,26732.890898708658,32401.02252434446,45115.535238183234,50326.379422645645,76540.09383803993,0.0,21233.1443611668,33497.81659979417,13653.653653653655
13693.693693693695,29761.693693693695,48121.6936936937,18815.151058097705,35465.07557245394,53903.41602234506,75050.82581557175,19671.21707935103,33229.55437903665,38754.526261803985,46473.300726073314,56503.56371589718,26745.31451967443,32442.098352246223,45170.988209303425,50386.53859362115,76611.2224873169,0.0,21284.377125068848,33566.703956012236,13693.693693693695
13733.733733733734,29801.733733733734,48161.73373373374,18817.16438893203,35505.13776454283,53983.18053867044,75129.18597652338,19673.23644216435,33269.462954269475,38800.41417475906,46552.65741854787,56576.63141266166,26757.69967599822,32483.177840601646,45226.28194170493,50446.8628275386,76682.38011655897,0.0,21335.55738829551,33635.64381290569,13733.733733733734
13773.773773773775,29841.773773773777,48201.77377377378,18819.172053523624,35545.199527808414,54062.794331639,75207.70295589787,19675.246996634276,33309.372702256536,38846.27771207374,46632.018011994965,56649.72721968315,26770.046605850734,32524.260872125233,45281.41679276581,50507.35177009698,76753.56660180388,0.0,21386.68537792774,33704.63594339359,13773.773773773777
13813.813813813815,29881.813813813817,48241.81381381382,18821.174084262835,35585.26086818988,54142.25734399447,75286.37677262191,19677.248804427756,33349.28360972781,38892.11699504354,46711.38247537924,56722.85099830452,26782.355544267415,32565.347332065387,45336.39315024038,50568.005036634495,76824.7818196752,0.0,21437.76132106402,33773.68012037742,13813.813813813817
13853.853853853854,29921.853853853856,48281.853853853856,18823.17051323825,35625.321791536226,54221.56952565459,75365.20743884021,19679.241926602648,33389.19566359549,38937.93214438819,46790.750777989044,56796.00261054773,26794.626723210473,32606.437108147595,45391.21143184515,50628.82221253983,76896.02564738007,0.0,21488.785444801077,33842.77611676049,13853.853853853856
13893.893893893894,29961.893893893895,48321.893893893895,18825.161372240604,35665.38230360775,54300.73083371001,75444.1949599111,19681.22642361551,33429.10885095107,38983.72328025274,46870.12288943221,56869.18191911184,26806.86037162945,32647.53009051909,45445.87208482068,50689.80285368748,76967.29796270665,0.0,21539.75797621481,33911.92370546688,13893.893893893895
13933.933933933935,30001.93393393394,48361.933933933935,18827.146692766462,35705.44241007765,54379.74123242166,75523.33933440392,19683.202355329275,33469.02315906239,39029.49052220875,46949.49877963202,56942.38878737121,26819.056715520368,32688.62617169472,45500.375585470065,50750.946486896515,77038.59864402191,0.0,21590.679142341505,33981.12265946031,13933.933933933939
13973.973973973974,30041.973973973978,48401.973973973974,18829.126506021996,35745.50211653343,54458.60069321674,75602.6405540977,19685.169781020828,33508.93857537089,39075.23398925548,47028.878418823166,57015.62307937348,26831.21597798359,32729.72524650421,45554.72243867511,50812.25261041187,77109.92757026908,0.0,21641.549170159276,34050.372751762654,13973.973973973978
14014.014014014014,30082.014014014017,48442.014014014014,18831.100842926593,35785.561428478446,54537.30919468357,75682.09860398149,19687.12875938842,33548.85508748884,39120.95379982119,47108.26177754787,57088.88465983777,26843.33837928029,32770.82721204061,45608.91317739105,50873.720694406926,77181.28462096518,0.0,21692.36828656978,34119.673755472264,14014.014014014017
14054.054054054053,30122.054054054057,48482.05405405405,18833.069734116456,35825.62035133334,54615.86672256451,75761.71346225598,19689.079348559026,33588.77268319654,39166.650071764394,47187.64882665186,57162.173394152516,26855.424136887654,32811.93196761002,45662.94836212107,50935.350181506714,77252.66967619884,0.0,21743.136718380178,34189.02544378199,14054.054054054057
14094.094094094096,30162.094094094093,48522.09409409409,18835.033209948127,35865.678890437404,54694.273269748024,75841.48510033691,19691.021606095535,33628.69135043973,39212.322922375126,47267.039537280565,57235.489148373614,26867.47346555286,32853.03941468241,45716.82858037129,50997.14048733027,77324.08261662773,0.0,21793.854692285327,34258.42758999696,14094.094094094096
14134.134134134136,30202.134134134132,48562.13413413413,18836.991300501988,35905.73705105006,54772.52883625892,75921.41348285973,19692.95558900386,33668.6110773269,39257.97246837632,47346.43388087541,57308.8317892223,26879.486577345757,32894.14945684372,45770.55444608767,51059.09100105148,77395.52332347618,0.0,21844.522434850292,34327.879967552115,14134.134134134136
14174.174174174175,30242.17417417417,48602.17417417417,18838.944035585682,35945.79483835212,54850.633429247406,76001.49856768566,19694.881353739947,33708.53185212678,39303.59882592514,47425.831829169954,57382.20118408324,26891.463681710396,32935.261999749026,45824.12659907568,51121.20108597701,77466.99167853291,0.0,21895.140172493022,34397.382350029504,14174.174174174175
14214.214214214217,30282.21421421422,48642.21421421421,18840.89144473747,35985.8522574472,54928.587062976636,76081.74030590979,19696.798956216626,33748.45366326576,39349.20211061431,47505.23335418631,57455.597201002296,26903.404985515386,32976.37695107685,45877.545704404096,51183.47008014056,77538.48756414838,0.0,21945.70813146736,34466.93451117529,14214.214214214215
14254.254254254256,30322.254254254258,48682.25425425425,18842.83355722958,36025.90931336295,55006.38975880893,76162.13864186984,19698.708451810424,33788.37649932539,39394.78243747358,47584.63842823151,57529.01970868463,26915.310693103103,33017.49422048449,45930.81245179354,51245.89729691172,77610.0108632327,0.0,21996.226537846254,34536.53622491651,14254.254254254254
14294.294294294295,30362.294294294297,48722.29429429429,18844.770402071455,36065.96601105242,55084.041545190485,76242.69351315714,19700.609895368223,33828.300349040015,39440.33992097119,47664.04702389388,57602.468576492465,26927.181006337723,33058.61371956444,45983.92755499159,51308.48202561894,77681.56145925303,0.0,22046.695617505266,34606.18726537762,14294.294294294294
14334.334334334335,30402.334334334337,48762.33433433433,18846.702008013,36106.02235539526,55161.5424576348,76323.4048506286,19702.503341213836,33868.225201294284,39485.8746750152,47743.45911403962,57675.94367444304,26939.016124652306,33099.735361802,46036.89175113517,51371.22353218532,77753.13923623123,0.0,22097.115596106294,34675.88740689671,14334.334334334333
14374.374374374376,30442.374374374376,48802.374374374376,18848.628403547744,36146.07835119896,55238.89253870465,76404.27257842055,19704.388843154513,33908.15104512092,39531.386812955054,47822.874671809295,57749.44487320648,26950.816245094655,33140.85906253344,46089.7058001012,51434.12105977547,77824.7440787415,0.0,22147.48669908159,34745.63642404154,14374.374374374376
14414.414414414416,30482.414414414416,48842.414414414416,18850.549616915967,36186.134003200124,55316.09183799263,76485.29661396338,19706.266454487264,33948.077869698216,39576.87644758307,47902.29367061437,57822.972044103604,26962.581562372303,33181.984738905696,46142.37048384723,51497.17382945324,77896.37587190804,0.0,22197.809151617974,34815.43409162528,14414.414414414416
14454.454454454455,30522.454454454455,48882.454454454455,18852.46567610776,36226.189316065545,55393.140412100445,76566.47686799851,19708.136228005187,33988.005664347984,39622.343691135895,47981.71608413389,57896.52505910376,26974.31226889633,33223.112309836586,46194.88660574276,51560.38104084857,77968.03450140248,0.0,22248.083178641376,34885.28018472199,14454.454454454455
14494.494494494495,30562.494494494495,48922.494494494495,18854.376608866107,36266.24429439351,55470.03832461666,76647.81324459624,19709.99821600363,34027.934418533194,39667.788655296165,48061.14188631127,57970.1037908227,26986.00855482433,33264.24169597625,46247.25498989236,51623.74187283225,78039.71985344175,0.0,22298.309004801573,34955.17447868191,14494.494494494495
14534.534534534538,30602.534534534534,48962.534534534534,18856.282442689808,36306.29894271477,55546.78564609322,76729.30564117487,19711.8524702863,34067.86412185582,39713.21145119392,48140.57105135088,58043.70811252031,26997.670608102308,33305.37281966925,46299.47648045207,51687.25548419798,78111.43181478561,0.0,22348.486854457195,35025.116749146415,14534.534534534534
14574.574574574577,30642.574574574573,49002.57457457457,18858.183204836474,36346.35326549385,55623.38245402057,76810.95394852196,19713.699042171254,34107.79476405463,39758.61218940832,48220.003553714836,58117.33789809838,27009.298614505737,33346.50560491774,46351.551940939746,51750.9210143501,78183.17027273412,0.0,22398.616951660988,35095.10677206274,14574.574574574573
14614.614614614617,30682.614614614613,49042.61461461461,18860.078922325414,36386.40726713,55699.82883280137,76892.75805081628,19715.53798249682,34147.72633500322,39803.990979969145,48299.43936811999,58190.99302209852,27020.892757679605,33387.63997734539,46403.482253540926,51814.73758399625,78254.93511512547,0.0,22448.69952014532,35165.14432369852,14614.614614614613
14654.654654654656,30722.654654654652,49082.65465465465,18861.969621940472,36426.46095195837,55776.12487372296,76974.71782565149,19717.369341627404,34187.65882470777,39849.34793235846,48378.87846953461,58264.673359699686,27032.453219177652,33428.77586416228,46455.268318410876,51878.704295843534,78326.72623033354,0.0,22498.734783307962,35235.229180655995,14654.654654654652
14694.694694694697,30762.694694694695,49122.6946946947,18863.85533023283,36466.51432425101,55852.270674928426,77056.83314406122,19719.193169459257,34227.59222330508,39894.68315551226,48458.32083317544,58338.378786716145,27043.98017850067,33469.91319413038,46506.91105297406,51942.82023529745,78398.54350726561,0.0,22548.722964198074,35305.36111988601,14694.694694694695
14734.734734734737,30802.734734734735,49162.73473473474,18865.73607352384,36506.56738821794,55928.26634138639,77139.10387054551,19721.0095154261,34267.526521060616,39939.996757822126,48537.76643450459,58412.10917959499,27055.47381313399,33511.051897530146,46558.41139122213,52007.084471162394,78470.38683535974,0.0,22598.664285502462,35375.53991870175,14734.734734734735
14774.774774774776,30842.774774774774,49202.77477477478,18867.611877907697,36546.620148008165,56004.11198485948,77221.52986309853,19722.81842850472,34307.461708366434,39985.28884713683,48617.215249226574,58485.86441541408,27066.934298584114,33552.19190612757,46609.77028301145,52071.496056342774,78542.25610458276,0.0,22648.558969532096,35445.765354792224,14774.774774774774
14814.814814814816,30882.814814814814,49242.81481481482,18869.482769254137,36586.67260771065,56079.80772387152,77304.11097323778,19724.619957220435,34347.39777573936,40030.55953076416,48696.667253285385,58559.64437187954,27078.36180841457,33593.33315314222,46660.98869336085,52136.05402854359,78614.15120542762,0.0,22698.407238208863,35516.03720623558,14814.814814814814
14854.854854854857,30922.854854854857,49282.85485485486,18871.348773211095,36626.72477135538,56155.353683673406,77386.8470460344,19726.414149652504,34387.33471381898,40075.80891547253,48776.12242286156,58633.44892732358,27089.756514280936,33634.47557321595,46712.06760175099,52200.75741096985,78686.07202891138,0.0,22748.209313052554,35586.35525151202,14854.854854854857
14894.894894894896,30962.894894894896,49322.8948948949,18873.209915207353,36666.776642914236,56230.74999620774,77469.73792014514,19728.201053439472,34427.272513365846,40121.03710749267,48855.58073436928,58707.27796070211,27101.118585965134,33675.61910238235,46763.008001425995,52265.6052130234,78758.01846657247,0.0,22797.965415168088,35656.7192695166,14894.894894894896
14934.934934934936,31002.934934934936,49362.934934934936,18875.06622045506,36706.828226301965,56305.9968000723,77552.78342784538,19729.980715784397,34467.211165259636,40166.244212519494,48935.042164453655,58781.13135159245,27112.44819140892,33716.763678036805,46813.8108986983,52330.59643099703,78829.99041046857,0.0,22847.67576523303,35727.12903957178,14934.934934934936
14974.974974974975,31042.974974974975,49402.974974974975,18876.91771395228,36746.87952537714,56381.09424048204,77635.98339506342,19731.75318346003,34507.150660497326,40211.43033571377,49014.50668998781,58855.008980190905,27123.745496746684,33757.909238907385,46864.47731225761,52395.730048763915,78901.9877531743,0.0,22897.340583485286,35797.58434143964,14974.974974974975
15015.015015015017,31083.01501501502,49443.015015015015,18878.76442048553,36786.93054394306,56456.042469230146,77719.33764141635,19733.51850281393,34547.09099019141,40256.59558170387,49093.9742880703,58928.91072731059,27135.01066633751,33799.055725026345,46915.00827248466,52461.00503846283,78974.01038777876,0.0,22946.96008971108,35868.08495533397,15015.015015015018
15055.055055055056,31123.055055055058,49483.055055055054,18880.606364632164,36826.98128574864,56530.84164464775,77802.84598024676,19735.27671977345,34587.03214556823,40301.74005458761,49173.44493602222,59002.83647437881,27146.24386279658,33840.20307770225,46965.404820770964,52526.42036117716,79046.05820788338,0.0,22996.53450323313,35938.63066193204,15055.055055055058
15095.095095095096,31163.095095095097,49523.095095095094,18882.44357076292,36867.03175448926,56605.4919315624,77886.5082186609,19737.02787985072,34626.97411796614,40346.863857934026,49252.91861138474,59076.78610343495,27157.445247025782,33881.351239492775,47015.6680088447,52591.97496760792,79118.1311075994,0.0,23046.064042899125,36009.221242386164,15095.095095095097
15135.135135135135,31203.135135135137,49563.13513513513,18884.276063044188,36907.081953807676,56679.99350125555,77970.32415756826,19738.77202814753,34666.916898833966,40391.967094785185,49332.39529191624,59150.75949712789,27168.614978243786,33922.50015417814,47065.79889810394,52657.66779873931,79190.22898154563,0.0,23095.548927070362,36079.856478335045,15135.135135135137
15175.175175175176,31243.17517517518,49603.17517517518,18886.10386544046,36947.13188729485,56754.34653141872,78054.29359172189,19740.509209360098,34706.860479729236,40437.049867657995,49411.874955590014,59224.756538713715,27179.753214015396,33963.649766735085,47115.79855895772,52723.49778649666,79262.35172484617,0.0,23144.989373610675,36150.53615191486,15175.17517517518
15215.215215215216,31283.21521521522,49643.21521521522,18887.927001716605,36987.18155849077,56828.55120610852,78138.41630976018,19742.239467783853,34746.80485231665,40482.112278546076,49491.357580591415,59298.77711205331,27190.860110280264,34004.80002331155,47165.66807017551,52789.463854395784,79334.49923312817,0.0,23194.385599875553,36221.260045770105,15215.21521521522
15255.255255255255,31323.25525525526,49683.25525525526,18889.745495440176,37027.230970885284,56902.60771570085,78222.69209425,19743.96284731808,34786.75000836641,40527.15442892157,49570.843145315564,59372.821101609916,27201.935821381012,34045.950871201836,47215.408518245975,52855.56491818346,79406.67140251923,0.0,23243.73782270153,36292.02794306424,15255.255255255259
15295.295295295295,31363.2952952953,49723.2952952953,18891.559369983668,37067.2801279189,56976.51625684358,78307.12072173035,19745.679391470545,34826.695939752666,40572.176419737,49650.331628364765,59446.888392446795,27212.980500090744,34087.10225882236,47265.02099674508,52921.79988646807,79478.8681296455,0.0,23293.046258395763,36362.839627490124,15295.295295295298
15335.335335335338,31403.335335335338,49763.33533533534,18893.368648526746,37107.329032983536,57050.277032408456,78391.70196275794,19747.389143362016,34866.64263845201,40617.1783514272,49729.82300854607,59520.978870224724,27223.994297639932,34128.25413568797,47314.50660571476,52988.167661340245,79551.0893116291,0.0,23342.31112272588,36433.69488328013,15335.335335335338
15375.375375375377,31443.375375375377,49803.37537537538,18895.173354058446,37147.37768942336,57123.890251441975,78476.43558195312,19749.09214573075,34906.59009654196,40662.160323911135,49809.31726486885,59595.09242119956,27234.97736374277,34169.40645238877,47363.866451051945,53054.6671389828,79623.33484608599,0.0,23391.532630910002,36504.593495216126,15375.375375375377
15415.415415415417,31483.415415415417,49843.41541541542,18896.97350937932,37187.42610053548,57197.35612911485,78561.32133804745,19750.788440936893,34946.53830619939,40707.12243659381,49888.814376542454,59669.22893221995,27245.92984662296,34210.55916056759,47413.101643908856,53121.297210269535,79695.60463112351,0.0,23440.710997607035,36575.53524863921,15415.415415415417
15455.455455455458,31523.455455455456,49883.45545545546,18898.769137103598,37227.474269570754,57270.67488667107,78646.35898393186,19752.47807096684,34986.48725969916,40752.06478836818,49968.31432297385,59743.38829072472,27256.8518930389,34251.71221289773,47462.213300104966,53188.0567613528,79767.89856533836,0.0,23489.84643690716,36646.51992945922,15455.45545545546
15495.495495495497,31563.495495495496,49923.4954954955,18900.560259661237,37267.52219973448,57343.84675137545,78731.54826670635,19754.161077437522,35026.43694941261,40796.987477617055,50047.817083765294,59817.57038474051,27267.7436483084,34292.8655630615,47511.20253955033,53254.9446742387,79840.21654781405,0.0,23538.93916232253,36717.54732416396,15495.4954954955
15535.535535535537,31603.535535535535,49963.53553553554,18902.34689930007,37307.56989418709,57416.871956460425,78816.88892773012,19755.83750160061,35066.3873678062,40841.89060221503,50127.32263871204,59891.77510287933,27278.605256332834,34334.019165728896,47560.07048568207,53321.959827350554,79912.55847811887,0.0,23587.98938677823,36788.617219828375,15535.535535535539
15575.575575575576,31643.575575575574,50003.57557557558,18904.129078087823,37347.61735604493,57489.750741071926,78902.38070267318,19757.507384346733,35106.33850744008,40886.774259530415,50206.83096780014,59966.002334336095,27289.43685962077,34375.17297653716,47608.81826491248,53389.101096079525,79984.92425630354,0.0,23636.997322603413,36859.72940412331,15575.575575575578
15615.615615615618,31683.61561561562,50043.61561561562,18905.906817914067,37387.66458838093,57562.483350214374,78988.02332156873,19759.170766209518,35146.29036096668,40931.638546427144,50286.34205120416,60040.25196888621,27300.238599311167,34416.32695207037,47657.44700609066,53456.36735332261,80057.31378289888,0.0,23685.963181522653,36930.8836653242,15615.615615615618
15655.655655655657,31723.65565565566,50083.65565565566,18907.68014049231,37427.71159422523,57635.07003469448,79073.81650886626,19760.827687369703,35186.24292112949,40976.483559266766,50365.855869285035,60114.52389688297,27311.010615195988,34457.48104983992,47705.95783997681,53523.757470007506,80129.72695891368,0.0,23734.887174647516,37002.07979231946,15655.655655655657
15695.695695695696,31763.6956956957,50123.6956956957,18909.449067361893,37467.758376565886,57707.51105106473,79159.75998348599,19762.4781876591,35226.19618076158,41021.30939391038,50445.372402587884,60188.81800925524,27321.753045742407,34498.63522826509,47754.35189872994,53591.27031560433,80202.1636858324,0.0,23783.76951246836,37073.31757461873,15695.695695695696
15735.735735735736,31803.73573573574,50163.73573573574,18911.21361988993,37507.80493834959,57779.80666156534,79245.85345887384,19764.12230656454,35266.15013278442,41066.11614572057,50524.8916318399,60263.13419750498,27332.466028114533,34539.78944665419,47802.63031540904,53658.9047586237,80274.62386561293,0.0,23832.610404846313,37144.5968023609,15735.735735735736
15775.775775775779,31843.775775775775,50203.77577577578,18912.97381927323,37547.85128248218,57851.957134066004,79332.09664305746,19765.76008323177,35306.10477020657,41110.903909563436,50604.41353794825,60337.472353704616,27343.14969819469,34580.94366518613,47850.79422348775,53726.659667101645,80347.10740068441,0.0,23881.410061005467,37215.91726632186,15775.775775775775
15815.815815815818,31883.815815815815,50243.81581581582,18914.729686540162,37587.897411829406,57923.962742006435,79418.48923870307,19767.391556469265,35346.06008612235,41155.6727798105,50683.93810199802,60411.83237049478,27353.804190604187,34622.09784489242,47898.84475638285,53794.53390907048,80419.61419394496,0.0,23930.168689525286,37287.27875792216,15815.815815815815
15855.855855855858,31923.855855855854,50283.85585585586,18916.48124255253,37627.94332921749,57995.823764336266,79505.03094317298,19769.016764752017,35386.016073710714,41200.42285034073,50763.465305250036,60486.21414108165,27364.429638723755,34663.2519476395,47946.78304699632,53862.52635301609,80492.14414875947,0.0,23978.886498333202,37358.681069234364,15855.855855855854
15895.895895895897,31963.895895895894,50323.8958958959,18918.228508007393,37667.98903743371,58067.54048545436,79591.72144858401,19770.635746225264,35425.97272623394,41245.15421454251,50842.99512913909,60560.61755923458,27375.0261747135,34704.40593611156,47994.61022727145,53930.63586832147,80564.69716895735,0.0,24027.56369469741,37430.12399299027,15895.895895895894
15935.935935935939,32003.935935935933,50363.93593593594,18919.971503438843,37708.0345392271,58139.11319514699,79678.56044186676,19772.248538708154,35465.930037036465,41289.866965315676,50922.527555271736,60635.04251928358,27385.593929532464,34745.559773793466,48042.32742776277,53998.86132569632,80637.27315883058,0.0,24076.200485219873,37501.60732258793,15935.935935935933
15975.975975975978,32043.975975975973,50403.975975975976,18921.71024921981,37748.079837308906,58210.54218852575,79765.54760482539,19773.855179697388,35505.88799954376,41334.56119507343,51002.062565424465,60709.48891611681,27396.13303295775,34786.71342495464,48089.93577721968,54067.201597592764,80709.87202313103,0.0,24124.79707582952,37573.1308520984,15975.975975975973
16016.016016016018,32084.016016016012,50444.016016016016,18923.444765563843,37788.1249343533,58281.827765964576,79852.68261419833,19775.455706370776,35545.84660726107,41379.23699574442,51081.60014154167,60783.956645178165,27406.643613603283,34827.86685463258,48137.43640218412,54135.6555586074,80782.49366706872,0.0,24173.35367177561,37644.69437627243,16016.016016016012
16056.056056056057,32124.05605605605,50484.056056056055,18925.17507252678,37828.16983299789,58352.970233036125,79939.9651417195,19777.050155590776,35585.80585377235,41423.89445877472,51161.1402657338,60858.445602464686,27417.1257989382,34869.020028617306,48184.830426601955,54204.222085869435,80855.13799630941,0.0,24221.870477621334,37716.297690546824,16056.056056056052
16096.096096096098,32164.0960960961,50524.096096096095,18926.901190008488,37868.21453584422,58423.96990044751,80027.39485418025,19778.638563907967,35625.765732739135,41468.53367512983,51240.68292027549,60932.95568452419,27427.57971530483,34910.17291343586,48232.11897144822,54272.90005941517,80927.8049169725,0.0,24270.347697237565,37787.94059105073,16096.096096096098
16136.136136136138,32204.136136136138,50564.136136136134,18928.62313775457,37908.25904545844,58494.827083975564,80114.97141349211,19780.22096756447,35665.72623789938,41513.15473529673,51320.228087603624,61007.48678845263,27438.00548793629,34951.32547633723,48279.3031543657,54341.68836254875,81000.49433562884,0.0,24318.785533796796,37859.62287461162,16136.136136136138
16176.176176176177,32244.176176176177,50604.17617617617,18930.34093535797,37948.30336437181,58565.542104401386,80202.69447674973,19781.797402497366,35705.68736306645,41557.75772928588,51399.77575031559,61082.03881189179,27448.4032409738,34992.4776852776,48326.38408931761,54410.585882189545,81073.2061592985,0.0,24367.184189767308,37931.34433876122,16176.176176176177
16216.216216216217,32284.216216216217,50644.21621621621,18932.05460226069,37988.34749508112,58636.115287444416,80290.56369629488,19783.367904341998,35745.64910212802,41602.342746633236,51479.325891167406,61156.611653026644,27458.773097483572,35033.6295089059,48373.36288625315,54479.5915092059,81145.94029544876,0.0,24415.543866907465,38003.10478174119,16216.216216216217
16256.256256256258,32324.256256256263,50684.25625625627,18933.7641577553,38028.3914400494,58706.546963696004,80378.5787197806,19784.93250843529,35785.611449045056,41646.90987640227,51558.878493072,61231.20521058297,27469.115179473367,35074.780916549775,48420.24065078673,54548.7041387358,81218.6966519919,0.0,24463.864766260212,38074.90400250857,16256.256256256263
16296.296296296297,32364.296296296303,50724.29629629631,18935.469620986678,38068.4352017063,58776.83746855233,80466.73919023619,19786.491249818973,35825.57439785069,41691.45920718604,51638.43353909736,61305.81938382477,27479.429607908758,35115.931878201634,48467.018483890235,54617.922670494285,81291.4751372829,0.0,24512.147088147743,38146.74180074116,16296.296296296303
16336.336336336337,32404.336336336342,50764.336336336346,18937.171010953418,38108.478782448634,58846.98714214719,80555.04474613245,19788.04416324282,35865.5379426493,41735.9908271092,51717.991012464874,61380.45407255186,27489.71650272904,35157.08236450528,48513.69748159825,54687.24600906795,81364.27566011754,0.0,24560.391032166368,38218.61797684265,16336.336336336342
16376.376376376376,32444.37637637638,50804.376376376385,18938.868346509542,38148.52218464088,58916.99632928388,80643.49502144761,19789.591283167792,35905.50207761549,41780.50482383003,51797.550896547604,61455.10917709735,27499.97598286278,35198.23234674257,48560.278734726104,54756.673064196664,81437.09812973016,0.0,24608.596797181526,38290.532331947616,16376.376376376382
16416.416416416418,32484.41641641642,50844.416416416425,18940.561646365903,38188.56541061569,58986.86537936705,80732.08964573346,19791.132643769168,35945.466796993096,41825.00128454249,51877.11317486857,61529.784598325175,27510.208166243152,35239.381796820606,48606.763328600624,54826.202751042656,81509.9424557915,0.0,24656.764581322972,38362.484667926285,16416.41641641642
16456.456456456457,32524.45645645646,50884.456456456464,18942.250929091806,38228.608462674296,59056.59464633399,80820.82824418221,19792.668278939607,35985.432095094206,41869.480295978276,51956.67783109908,61604.4802376276,27520.413169822852,35280.53068725901,48653.152342803034,54895.83399044715,81582.8085484067,0.0,24704.89458198015,38434.474787389234,16456.45645645646
16496.496496496497,32564.4964964965,50924.496496496504,18943.936213116387,38268.651343087084,59126.18448858555,80909.71043769349,19794.198222292223,36025.3979662982,41913.94194440878,52036.2448490571,61679.1959969227,27530.591109588815,35321.67899117755,48699.44685092439,54965.56570917511,81655.69631811313,0.0,24752.9869957977,38506.5024936918,16496.4964964965
16536.536536536536,32604.53653653654,50964.53653653654,18945.617516730224,38308.69405409397,59195.635268916754,80998.73584294175,19795.72250716352,36065.36440505087,41958.386315647265,52115.814212705605,61753.931778651975,27540.742100576565,35362.82668228409,48745.647920332776,55035.39684014756,81728.6056758782,0.0,24801.04201867118,38578.56759093843,16536.53653653654
16576.57657657658,32644.576576576575,51004.576576576575,18947.294858086643,38348.73659790491,59264.9473544471,81087.90407244422,19797.241166616444,36105.33140586343,42002.81349505078,52195.38590615104,61828.68748577777,27550.866256884332,35403.97373486266,48791.75661195236,55105.32632266263,81801.53653309749,0.0,24849.059845742897,38650.66988398683,16576.57657657658
16616.61661661662,32684.616616616615,51044.616616616615,18948.968255203272,38388.77897670033,59334.12111655051,81177.21473462899,19798.754233443222,36145.29896331166,42047.2235675223,52274.95991364164,61903.46302178088,27560.963691686848,35445.1201237619,48837.77398005374,55175.3531026048,81874.48880159241,0.0,24897.04067139792,38722.809178451935,16616.61661661662
16656.656656656658,32724.656656656654,51084.656656656654,18950.63772596338,38428.82119263156,59403.1569307851,81266.66743390323,19800.26174016825,36185.267072034985,42091.61661751275,52354.53621956593,61978.258290658036,27571.034517248914,35486.26582438379,48883.701072055905,55245.47613264306,81947.46239360826,0.0,24944.98468926026,38794.985280709705,16656.656656656658
16696.6966966967,32764.696696696694,51124.696696696694,18952.30328811731,38468.86324782128,59472.05517682266,81356.26177072225,19801.763719051018,36225.23572673559,42135.992729023,52434.11480845117,62053.0731969194,27581.078844938653,35527.41081267237,48929.53892833895,55315.69437241802,82020.45722181218,0.0,24992.892092189202,38867.19799790089,16696.696696696694
16736.73673673674,32804.73673673673,51164.73673673673,18953.964959283854,38508.905144363926,59540.81623837791,81445.99734165797,19803.260202088808,36265.20492217758,42180.35198560598,52513.69566496185,62127.90764558619,27591.09678524056,35568.55506510301,48975.288582067595,55386.006788718194,82093.47319929104,0.0,25040.763072275753,38939.44713793446,16736.736736736733
16776.77677677678,32844.77677677677,51204.77677677677,18955.622756951605,38548.946884326135,59609.44050313759,81535.87373946856,19804.75122101955,36305.17465318614,42224.69447036872,52593.27877389815,62202.7615421881,27601.088447768234,35609.69855867179,49020.951059025334,55456.41235564591,82166.51023954937,0.0,25088.5978208393,39011.732509491034,16776.776776776773
16816.81681681682,32884.81681681681,51244.81681681681,18957.27669848031,38588.988469747135,59677.92836268932,81625.8905531673,19806.236807324487,36345.14491464664,42269.02026597435,52672.86412019446,62277.63479276095,27611.053941276903,35650.84127088495,49066.52737745866,55526.91005477299,82239.5682565074,0.0,25136.39652842438,39084.05392202607,16816.816816816812
16856.85685685686,32924.85685685686,51284.85685685686,18958.9268011022,38629.029902639195,59746.280212450445,81716.04736809246,19807.716992230933,36385.11570150385,42313.329454644205,52752.45168891798,62352.52730384421,27620.993373675705,35691.98317974889,49112.018547931395,55597.49887528633,82312.64716449883,0.0,25184.159384797607,39156.41118577297,16856.85685685686
16896.8968968969,32964.8968968969,51324.8968968969,18960.57308192325,38669.07118498793,59814.4964515966,81806.34376597674,19809.19180671491,36425.08700876111,42357.62211815981,52832.041465267175,62427.43898247838,27630.906852039698,35733.12426376005,49157.42557318868,55668.17781412391,82385.74687826901,0.0,25231.88657894471,39228.80411174599,16896.8968968969
16936.936936936938,33004.93693693694,51364.93693693694,18962.21555792455,38709.11231875278,59882.577482990324,81896.77932501702,19810.661281503766,36465.0588314796,42401.898337865,52911.63343457042,62502.36973620282,27640.79448262169,35774.264501895224,49202.74944803049,55738.94587610134,82458.86731297284,0.0,25279.578299067798,39301.23251174302,16936.936936936938
16976.976976976977,33044.97697697698,51404.97697697698,18963.854245963536,38749.15330586738,59950.52371310953,81987.35361994445,19812.125447078797,36505.03116477746,42446.15819466792,52991.22758228464,62577.31947305306,27650.656370863806,35815.40387360197,49247.99115919424,55809.80207402918,82532.00838417266,0.0,25327.234732582652,39373.69619834828,16976.976976976977
17017.01701701702,33085.01701701702,51445.01701701702,18965.489162775233,38789.19414823991,60018.33555197588,82078.06622209409,19813.58433367778,36545.00400382904,42490.40176904307,53070.82389399373,62652.288101558486,27660.492621408794,35856.5423587893,49293.151685246274,55880.74542882137,82605.17000783636,0.0,25374.856066116252,39446.1949849348,17017.017017017017
17057.05705705706,33125.057057057056,51485.057057057056,18967.120324973555,38829.23484775348,60086.013413083194,82168.91669947503,19815.037971297537,36584.97734386418,42534.62914103336,53150.422355407405,62727.275530739884,27670.303338111233,35897.67993781847,49338.23199648224,55951.774969595084,82678.35210033535,0.0,25422.442485504384,39518.72868566679,17057.057057057056
17097.0970970971,33165.097097097096,51525.097097097096,18968.74774905246,38869.27540626649,60153.557713325994,82259.90461684053,19816.486389696394,36624.95118016742,42578.84039025214,53230.02295235971,62802.281670106924,27680.08862404839,35938.81659149405,49383.23305483555,56022.88973376213,82751.55457844245,0.0,25469.994175789383,39591.297115501904,17097.097097097096
17137.13713713714,33205.137137137135,51565.137137137135,18970.37145138721,38909.31582561303,60220.96887292767,82351.02953575779,19817.92961839668,36664.92550807728,42623.035595885245,53309.62567080774,62877.30642965588,27689.848581530965,35979.95230105516,49428.155813794205,56094.08876711235,82824.77735933012,0.0,25517.51132121805,39663.90009019336,17137.137137137135
17177.17717717718,33245.17717717718,51605.17717717718,18971.99144823556,38949.35610760318,60288.24731536915,82442.29101467799,19819.367686687132,36704.900322985515,42667.214836693085,53389.23049683029,62952.34971986705,27699.5833121136,36021.0870481669,49473.00121832533,56165.371123888974,82898.02036056829,0.0,25564.994105239643,39736.5374262919,17177.177177177182
17217.217217217218,33285.21721721722,51645.21721721722,18973.60775573892,38989.39625402337,60355.393467317364,82533.68860900647,19820.800623625306,36744.87562033643,42711.37819101256,53468.83741662657,63027.41145170246,27709.292916605158,36062.22081491175,49517.770204807326,56236.73586685657,82971.2835001225,0.0,25612.44271050401,39809.208941147655,17217.21721721722
17257.257257257257,33325.25725725726,51685.25725725726,18975.220389923546,39029.43626663675,60422.4077585538,82625.22187117222,19822.22845803998,36784.85139562614,42755.52573675923,53548.44641651488,63102.49153660333,27718.977495078892,36103.35358378165,49562.463700969514,56308.18206736167,83044.56669635183,0.0,25659.85731885989,39881.91445291189,17257.25725725726
17297.297297297297,33365.2972972973,51725.2972972973,18976.829366701662,39069.47614718352,60489.29062190326,82716.89035069804,19823.651218533436,36824.827644401885,42799.657551429234,53628.05748293142,63177.58988648782,27728.637146882324,36144.48533766974,49607.08262583865,56379.70880538605,83117.86986800701,0.0,25707.238111353283,39954.65378053862,17297.2972972973
17337.33733733734,33405.33733733734,51765.33733733734,18978.43470187265,39109.515897381265,60556.04249316271,82808.6935942701,19825.068933483824,36864.80436226138,42843.77371210141,53707.67060242899,63252.70641374843,27738.271970646994,36185.61605986239,49651.62788969242,56451.31516959367,83191.19293422856,0.0,25754.58526822595,40027.42674378607,17337.33733733734
17377.37737737738,33445.37737737738,51805.37737737738,18980.036411124107,39149.55551892522,60622.663811030245,82900.63114580733,19826.481631047434,36904.781544852085,42887.874295439266,53787.28576167568,63327.8410312498,27747.882064298028,36226.74573403164,49696.10039401952,56523.000257370426,83264.53581454464,0.0,25801.898968914065,40100.23316321807,17377.37737737738
17417.41741741742,33485.41741741742,51845.41741741742,18981.63451003297,39189.595013488695,60689.15501703427,82992.70254653116,19827.88933916093,36944.7591878706,42931.95937769302,53866.9029474538,63402.99365232616,27757.467525063523,36267.87434422759,49740.501031485976,56594.76317485812,83337.89842886927,0.0,25849.17939204694,40173.07286020531,17417.41741741742
17457.457457457458,33525.45745745746,51885.45745745746,18983.229014066674,39229.63438272332,60755.51655546279,83084.9073350345,19829.292085543595,36984.73728706198,42976.02903470161,53946.52214665852,63478.16419077902,27767.028449483714,36309.00187487088,49784.83068590774,56666.603036981985,83411.28069750039,0.0,25896.426715445898,40245.94565692648,17457.457457457458
17497.4974974975,33565.4974974975,51925.4974974975,18984.81993858413,39269.67362825935,60821.748873293036,83177.24504735094,19830.68989769952,37024.71583821908,43020.08334189476,54026.1433462968,63553.3525608748,27776.56493342005,36350.12831074551,49829.09023222903,56738.5189674725,83484.68254111786,0.0,25943.641116123235,40318.85137636926,17497.497497497498
17537.53753753754,33605.53753753754,51965.53753753754,18986.407298836864,39309.712751706065,60887.85242012123,83269.71521702356,19832.082802919802,37064.694837181974,43064.12237429491,54105.76653348615,63628.55867734239,27786.07707206404,36391.253636991714,49873.28053650626,56810.51009888151,83558.10388078171,0.0,25990.822770281313,40391.7898423313,17537.537537537537
17577.57757757758,33645.57757757758,52005.57757757758,18987.99110997007,39349.75175465189,60953.82764809243,83362.31737517353,19833.470828284644,37104.67427983725,43108.146206519305,54185.39169545342,63703.78245537085,27795.564959945954,36432.37783909904,49917.402455897536,56882.57557259295,83631.54463792997,0.0,26037.97185331174,40464.76087942099,17577.577577577576
17617.61761761762,33685.617617617616,52045.617617617616,18989.571387023607,39389.7906386649,61019.67501183109,83455.05105056847,19834.854000665495,37144.654162117506,43152.15491278196,54265.01881953377,63779.02381060696,27805.02869094337,36473.500902899395,49961.45683865734,56954.71453882851,83705.00473437704,0.0,26085.088539794684,40537.764313058164,17617.617617617616
17657.65765765766,33725.65765765766,52085.65765765766,18991.14814493309,39429.82940529296,61085.3949683715,83547.91576969076,19836.23234672716,37184.63448000064,43196.1485668957,54344.64789316947,63854.28265915299,27814.468358289567,36514.622814560455,50005.444524135986,57026.92615664817,83778.4840923118,0.0,26132.173003498257,40610.79996947473,17657.657657657663
17697.6976976977,33765.6976976977,52125.6976976977,18992.721398530797,39469.86805606411,61150.987977088516,83640.91105680508,19837.605892929834,37224.61522950932,43240.1272422741,54424.27890390875,63929.558917564194,27823.88405458174,36555.74356057913,50049.366342783964,57099.20959394597,83851.98263429536,0.0,26179.225417378013,40683.86767571509,17697.697697697702
17737.737737737738,33805.73773773774,52165.73773773774,18994.29116254684,39509.90659248676,61216.45449962891,83734.03643402617,19838.974665531157,37264.596406710356,43284.091011933546,54503.91183940478,64004.85250284661,27833.27587178912,36596.86312777515,50093.223116160945,57171.56402744145,83925.50028325975,0.0,26226.245953576592,40756.96725963663,17737.73773773774
17777.777777777777,33845.77777777778,52205.77777777778,18995.85745160999,39549.94501605001,61281.79499984289,83827.29142138603,19840.338690588236,37304.57800771418,43328.0399484952,54583.54668741443,64080.16333245463,27842.643901260868,36637.98150328467,50137.01565694896,57243.988642666605,83999.03696250558,0.0,26273.234783423388,40830.098549909955,17777.77777777778
17817.81781781782,33885.81781781782,52245.81781781782,18997.420280248756,39589.983328223956,61347.009943715784,83920.67553690058,19841.697993959606,37344.560028674205,43371.97412418697,54663.18343579743,64155.4913242887,27851.988233733897,36679.09867455422,50180.744768969715,57316.4826339486,84072.59259570047,0.0,26320.192077434363,40903.261376019094,17817.81781781782
17857.85785785786,33925.85785785786,52285.85785785786,18998.979662892325,39630.021530459904,61412.0997993004,84014.18829663665,19843.05260130725,37384.54246578635,43415.89361084555,54742.82207251503,64230.83639669298,27861.308959340513,36720.21462933474,50224.41124720601,57389.045204388836,84146.16710687704,0.0,26367.11800531195,40976.45556826163,17857.85785785786
17897.8978978979,33965.8978978979,52325.8978978979,19000.535613871507,39670.05962419065,61477.06503664963,84107.82921477771,19844.40253809847,37424.52531528837,43459.79847991832,54822.46258562917,64306.198468453076,27870.606167615948,36761.32935567549,50268.015877826896,57461.67556583788,84219.76042043115,0.0,26414.012735945023,41049.68095774867,17897.8978978979
17937.93793793794,34005.937937937946,52365.937937937946,19002.088147419687,39710.09761083078,61541.90612774933,84201.59780368989,19845.747829607884,37464.508573459454,43503.68880246538,54902.1049633013,64381.577458793676,27879.87994750572,36802.44284191838,50311.55943821625,57534.37293886718,84293.37246112013,0.0,26460.87643740901,41122.93737640482,17937.937937937946
17977.97797797798,34045.977977977986,52405.977977977986,19003.63727767376,39750.13549177686,61606.623546451854,84295.49357398745,19847.088500919228,37504.492236619546,43547.56464916151,54981.749193791395,64456.9732873762,27889.130387372876,36843.55507669227,50355.04269700499,57607.136552737036,84367.00315406075,0.0,26507.709276966012,41196.224656967934,17977.977977977986
18018.018018018018,34086.018018018025,52446.018018018025,19005.18301867504,39790.17326840772,61671.2177684098,84389.51603459759,19848.424576927333,37544.476301128954,43591.42609029813,55061.39526545702,64532.3858742967,27898.357575005146,36884.666048907464,50398.466414106246,57679.96564536169,84440.65242472755,0.0,26554.511421065123,41269.542632988945,18018.018018018025
18058.058058058057,34126.058058058064,52486.058058058064,19006.72538437019,39830.21094208472,61735.68927101027,84483.66469282513,19849.75608233988,37584.46076338774,43635.27319578526,55141.043166752184,64607.8151400833,27907.56159762192,36925.77574775015,50441.83134075404,57752.859463271045,84514.32019895122,0.0,26601.283035342734,41342.89113883145,18058.058058058064
18098.0980980981,34166.098098098104,52526.098098098104,19008.2643886121,39870.24851415197,61800.03853330968,84577.93905441673,19851.083041679296,37624.44561983521,43679.10603515348,55220.692886226476,64683.26100569416,27916.7425418811,36966.88416267723,50485.1382195443,57825.81726156974,84588.00640291622,0.0,26648.024284622974,41416.27000967133,18098.0980980981
18138.13813813814,34206.13813813814,52566.13813813814,19009.800045160795,39910.285985936636,61864.266035968874,84672.33862362443,19852.405479284513,37664.430866949486,43722.924677555864,55300.344412523984,64758.72339251501,27925.900493885878,37007.99128341086,50528.38778447904,57898.83830389324,84661.71096315977,0.0,26694.735332918222,41489.6790814962,18138.13813813814
18178.17817817818,34246.17817817818,52606.17817817818,19011.332367684296,39950.323358748996,61928.37226118867,84766.86290326894,19853.72341931278,37704.41650124689,43766.72919176995,55379.99773438243,64834.202222357024,27935.035539191358,37049.0970999336,50571.580761013116,57971.92186236162,84735.43380656936,0.0,26741.416343429693,41563.11819110485,18178.17817817818
18218.21821821822,34286.21821821822,52646.21821821822,19012.861369759496,39990.36063388291,61992.35769264628,84861.51139480242,19855.036885741403,37744.40251928158,43810.519646199675,55459.65284063215,64909.697417454496,27944.147762811062,37090.2016024832,50614.71786610308,58045.067217530624,84809.17486038135,0.0,26788.06747854812,41636.587176106535,18218.21821821822
18258.25825825826,34326.258258258255,52686.258258258255,19014.387064872983,40030.39781261589,62056.22281543168,84956.28359837073,19856.34590236951,37784.388917644974,43854.2961088773,55539.309720195175,64985.208900462596,27953.237249223333,37131.304781547646,50657.79980825869,58118.27365834066,84882.9340521792,0.0,26834.688899854493,41710.08587492028,18258.258258258258
18298.2982982983,34366.298298298294,52726.298298298294,19015.90946642198,40070.43489620938,62119.96811598491,85051.17901287523,19857.65049281974,37824.375692965325,43898.058647465354,55618.96836208427,65060.73659445511,27962.304082377625,37172.40662786063,50700.82728759654,58191.54048206343,84956.71130989151,0.0,26881.280768120894,41783.614126774,18298.298298298298
18338.33833833834,34406.33833833833,52766.33833833833,19017.428587715054,40110.47188590898,62183.59408203376,85146.19713603392,19858.950680539983,37864.36284190721,43941.80732925853,55698.62875540207,65136.28042292224,27971.348345700702,37213.507132396466,50743.80099589552,58264.86699424681,85030.50656179052,0.0,26927.843243311378,41857.17177170364,18338.338338338337
18378.37837837838,34446.37837837837,52806.37837837837,19018.944441973043,40150.508782944606,62247.101202531914,85241.3374644423,19860.246488805016,37904.35036117112,43985.542221185664,55778.29088934013,65211.84030976835,27980.37012210269,37254.60628636565,50786.72161665438,58338.252508657475,85104.31973649006,0.0,26974.376484582965,41930.75865055217,18378.378378378377
18418.41841841842,34486.41841841841,52846.41841841841,19020.45704232981,40190.54558853085,62310.48996759775,85336.59949363366,19861.537940718183,37944.33824749298,44029.26338981157,55857.95475317803,65287.41617930975,27989.369493983035,37295.70408121028,50829.5898251509,58411.69634722218,85178.15076294409,0.0,27020.88065028668,42004.37460496857,18418.418418418416
18458.45845845846,34526.45845845845,52886.45845845845,19021.966401833117,40230.582303867,62373.76086845368,85431.98271813849,19862.82505921306,37984.3264976437,44072.97090133901,55937.620336282496,65363.0079562725,27998.346543236425,37336.80050859968,50872.40628850291,58485.19783996689,85251.99957044484,0.0,27067.355897968642,42078.01947740673,18458.458458458455
18498.4984984985,34566.49849849849,52926.49849849849,19023.472533445347,40270.618930137425,62436.91439736595,85527.48663154378,19864.107867055012,38024.3151084287,44116.664821610546,56017.287628106526,65438.61556579019,28007.301351258484,37377.89556042584,50915.17166573066,58558.756324954855,85325.86608862113,0.0,27113.802384371276,42151.693111124216,18498.498498498495
18538.538538538538,34606.53853853853,52966.53853853853,19024.97545004432,40310.65546851163,62499.95104758516,85623.11072655159,19865.386386842863,38064.304076687564,44160.3452161105,56096.95661818855,65514.23893340175,28016.2339989515,37418.98922879937,50957.886607820794,58632.37114822295,85399.7502474366,0.0,27160.22026543454,42225.395350181076,18538.538538538534
18578.57857857858,34646.578578578585,53006.578578578585,19026.47516442411,40350.69192014464,62562.87131328722,85718.85449503695,19866.660641010443,38104.29339929353,44204.01214996679,56176.62729615148,65589.87798504924,28025.144566729956,37460.08150604516,51000.55175779145,58706.041663716824,85473.65197718807,0.0,27206.609696297237,42299.12603943851,18578.57857857858
18618.61861861862,34686.618618618624,53046.618618618624,19027.971689295766,40390.72828617695,62625.675689514996,85814.71742810539,19867.930651828137,38144.28307315304,44247.66568795281,56256.29965170201,65665.53264707574,28034.033134526035,37501.172384698344,51043.167750758774,58779.76723322479,85547.57120850377,0.0,27252.970831298382,42372.88502455748,18618.61861861862
18658.65865865866,34726.65865865866,53086.65865865866,19029.465037288093,40430.764567734965,62688.364672120595,85910.69901614965,19869.196441404456,38184.27309520548,44291.305894489364,56335.973674629626,65741.20284622305,28042.89978179498,37542.26185750022,51085.735214004395,58853.547226310664,85621.5078723417,0.0,27299.303823978673,42446.67215199731,18658.65865865866
18698.6986986987,34766.6986986987,53126.6986986987,19030.955220948406,40470.800765931046,62750.938757708034,86006.79874890603,19870.458031687584,38224.26346242257,44334.93283364647,56415.64935480587,65816.88850962969,28051.744587520418,37583.34991739436,51128.25476704402,58927.38102024546,85695.46189998792,0.0,27345.608827081942,42520.48726901416,18698.6986986987
18738.738738738743,34806.73873873874,53166.73873873874,19032.442252743243,40510.836881863775,62813.39844357674,86103.01611550995,19871.715444466834,38264.25417180814,44378.546569145285,56495.3266821836,65892.58956482861,28060.567630219557,37624.436557522684,51170.72702169695,59001.26799993831,85769.43322305495,0.0,27391.885992556745,42594.33022365949,18738.738738738746
18778.778778778782,34846.77877877878,53206.77877877878,19033.926145059173,40550.872916618086,62875.74422766562,86199.35060455103,19872.96870137418,38304.245220397555,44422.14716435991,56575.005646795966,65968.30593974509,28069.368987948263,37665.52177122165,51213.15258215637,59075.20755786642,85843.42177347996,0.0,27438.135471557944,42668.20086477841,18778.778778778786
18818.81881881882,34886.81881881882,53246.81881881882,19035.406910203434,40590.90887126552,62937.97660849763,86295.8017041275,19874.21782388572,38344.23660525749,44465.73468231928,56654.68623875582,66044.03756269465,28078.148738306183,37706.605552018606,51255.53204506052,59149.19909400435,85917.4274835233,0.0,27484.3574144484,42742.09904200807,18818.818818818825
18858.85885885886,34926.85885885886,53286.85885885886,19036.884560404727,40630.944746864305,63000.09608512518,86392.3689019001,19875.462833323127,38384.22832348541,44509.30918570902,56734.368448254805,66119.78436238083,28086.906958441577,37747.6878936281,51297.86599956436,59223.24201575255,85991.45028576655,0.0,27530.551970800698,42816.02460577589,18858.858858858865
18898.8988988989,34966.8988988989,53326.8988988989,19038.359107813845,40670.98054445961,63062.10315707595,86489.0516851451,19876.703750855108,38424.22037220928,44552.87073687323,56814.052265562656,66195.54626789315,28095.643725056318,37788.76878994832,51340.155027412104,59297.33573786542,86065.49011311124,0.0,27576.719289398905,42889.9774072978,18898.898898898904
18938.93893893894,35006.93893893894,53366.93893893894,19039.830564504457,40711.016265083745,63123.99832429956,86585.84954080697,19877.94059749882,38464.21274858715,44596.41939781639,56893.73768102638,66271.32320870493,28104.359114410567,37829.84823505755,51382.399703009956,59371.479682378624,86139.54689877696,0.0,27622.859518240406,42963.957298576424,18938.938938938943
18978.97897897898,35046.97897897898,53406.97897897898,19041.298942473753,40751.05190975626,63185.78208711467,86682.76195555023,19879.173394121262,38504.205449806745,44639.95523020511,56973.424685069534,66347.11511467125,28113.053202327545,37870.92622321072,51424.60059349962,59445.67327853615,86213.62057629984,0.0,27668.9728045378,43037.964132399145,18978.978978978983
19019.01901901902,35087.01901901902,53447.01901901902,19042.76425364313,40791.087479484144,63247.454946156926,86779.78841581091,19880.402161440696,38544.19847308518,44683.47829537003,57053.1132681914,66422.92191602683,28121.726064198137,37912.0027488361,51466.75825883199,59519.91596271703,86287.71107953083,0.0,27715.0592947208,43111.997762336265,19019.019019019022
19059.059059059062,35127.05905905906,53487.05905905906,19044.226509858912,40831.12297526205,63309.01740232739,86876.92840784692,19881.62692002799,38584.19181566852,44726.98865430757,57132.80342096636,66498.74354338391,28130.377774985493,37953.07780653195,51508.87325184124,59594.20717836141,86361.81834263424,0.0,27761.11913443823,43186.05804273895,19059.059059059062
19099.0990990991,35167.0990990991,53527.0990990991,19045.685722892962,40871.15839807237,63370.469956741836,86974.18141778832,19882.84769030801,38624.185474831516,44770.486367681784,57212.49513404307,66574.57992773023,28139.00840922945,37994.151391063235,51550.94611831916,59668.54637589674,86435.94230008601,0.0,27807.152468560056,43260.14482873725,19099.0990990991
19139.13913913914,35207.13913913914,53567.13913913914,19047.141904443368,40911.19374888544,63431.81311068039,87071.54693168652,19884.064492560952,38664.179447877155,44813.9714958261,57292.188398143764,66650.43100042688,28147.618041050984,38035.2234973586,51592.977397089686,59742.93301266356,86510.082886672,0.0,27853.159441179425,43334.25797623799,19139.13913913914
19179.17917917918,35247.17917917918,53607.17917917918,19048.595066135116,40951.22902865971,63493.047365538136,87169.02443556294,19885.277346923656,38704.17373213637,44857.444098745196,57371.88320406351,66726.29669320634,28156.206744156534,38076.294120506995,51634.96762008364,59817.366552841086,86584.2400374868,0.0,27899.140195614807,43408.39734192273,19179.17917917918
19219.219219219223,35287.219219219216,53647.219219219216,19050.045219520714,40991.26423834194,63554.17322277631,87266.61341545716,19886.486273390954,38744.16832496769,44900.90423611671,57451.57954266959,66802.17693817036,28164.77459184228,38117.36325575483,51676.91731241351,59891.84646737296,86658.41368793172,0.0,27945.09487441214,43482.56278324552,19219.219219219216
19259.259259259263,35327.259259259255,53687.259259259255,19051.492376080852,41031.2993788672,63615.191183873976,87364.31335747425,19887.691291816922,38784.16322375691,44944.35196729306,57531.27740490068,66878.07166778797,28173.321656998363,38158.43089850293,51718.826992448216,59966.372233892616,86732.60377371343,0.0,27991.023619347026,43556.75415843075,19259.259259259255
19299.299299299302,35367.299299299295,53727.299299299295,19052.936547225003,41071.33445115928,63676.10175028066,87462.12374783156,19888.892421916236,38824.15842591673,44987.78735130323,57610.976781766236,66953.98081489332,28181.848012112954,38199.49704430348,51760.697171888045,60040.94333664901,86806.8102308423,0.0,28036.926571426986,43630.971326470906,19299.299299299295
19339.33933933934,35407.33933933934,53767.33933933934,19054.377744292105,41111.36945613061,63736.9054233694,87560.04407290464,19890.08968326536,38864.1539288865,45031.21044685451,57690.67766434582,67029.90431268388,28190.3537292764,38240.56168885733,51802.528355839386,60115.559266432,86881.03299563093,0.0,28082.803870893724,43705.21414712431,19339.33933933934
19379.37937937938,35447.37937937938,53807.37937937938,19055.81597855109,41151.40439468247,63797.60270439062,87658.07381927271,19891.283095303857,38904.14973013178,45074.621312334195,57770.38004378833,67105.84209471813,28198.838880185176,38281.6248280109,51844.32104288939,60190.21952049823,86955.27200469258,0.0,28128.655657225423,43779.482480912724,19379.37937937938
19419.41941941942,35487.41941941942,53847.41941941942,19057.251261201603,41191.43926770527,63858.194094426726,87756.21247376353,19892.47267733559,38944.14582714412,45118.0200058115,57850.083911311434,67181.79409491384,28207.303536145857,38322.68645775371,51886.07572518056,60264.923602496885,87029.52719493947,0.0,28174.48206913916,43853.776189119104,19419.41941941942
19459.45945945946,35527.45945945946,53887.45945945946,19058.68360337453,41231.47407607847,63918.68009434709,87854.45952349721,19893.658448530037,38984.142217440756,45161.40658503916,57929.789258200886,67257.76024754593,28215.74776807899,38363.74657421542,51927.79288848514,60339.6710223957,87103.79850358149,0.0,28220.283244593247,43928.09513378514,19459.45945945946
19499.499499499503,35567.4994994995,53927.4994994995,19060.113016132636,41271.50882067094,63979.06120476409,87952.81445592982,19894.84042792338,39024.1388985642,45204.78110745519,58009.49607580984,67333.74048724442,28224.17164652289,38404.80517366322,51969.47301227929,60414.461296407084,87178.08586812452,0.0,28266.059320789664,44002.43917770884,19499.4994994995
19539.539539539543,35607.53953953954,53967.53953953954,19061.53951047111,41311.54350234094,64039.33792598961,88051.27675889604,19896.018634419797,39064.13586808202,45248.14363018469,58089.20435555819,67409.73474899255,28232.575241637438,38445.862252499275,52011.1165698169,60489.29394691476,87252.38922636886,0.0,28311.810434176536,44076.80818444208,19539.53953953954
19579.579579579582,35647.57957957958,54007.57957957958,19062.963097318225,41351.578121936356,64099.51075799213,88149.84592065119,19897.193086792628,39104.13312358653,45291.494210041485,58168.91408893201,67485.74296812483,28240.95862320775,38486.917807258105,52052.72402820345,60564.16850240037,87326.7085164078,0.0,28357.53672045062,44151.202018288124,19579.57957957958
19619.61961961962,35687.61961961962,54047.61961961962,19064.383787535844,41391.612680294806,64159.580200354736,88248.52142991273,19898.363803685508,39144.13066269446,45334.8329035299,58248.62526748283,67561.765080325,28249.321860647833,38527.97183460397,52094.29584846913,60639.08449737058,87401.0436766262,0.0,28403.2383145598,44225.620544299054,19619.619619619618
19659.65965965966,35727.659659659665,54087.659659659665,19065.801591920037,41431.64717824377,64219.54675223366,88347.30277590087,19899.53080361361,39184.128483046705,45378.15976684645,58328.33788282713,67637.80102162407,28257.665023004185,38569.024331328575,52135.83248564204,60714.041472284465,87475.39464569873,0.0,28448.915350705713,44300.06362827328,19659.659659659665
19699.6996996997,35767.699699699704,54127.699699699704,19067.21652120162,41471.68161660068,64279.41091231748,88446.18944837875,19900.694104964718,39224.126582308,45421.47485588148,58408.05192664557,67713.85072839845,28265.988178959287,38610.07529434853,52177.3343888206,60789.03897348119,87549.7613625886,0.0,28494.567962346242,44374.53113675287,19699.699699699704
19739.73973973974,35807.73973973974,54167.73973973974,19068.628586046736,41511.715996173145,64339.17317878704,88545.1809376918,19901.85372600039,39264.12495816664,45464.778226220995,58487.76739068248,67789.91413736794,28274.291396835128,38651.124720702945,52218.802001246,60864.076553108294,87624.14376654607,0.0,28540.196282198205,44449.02293702102,19739.739739739744
19779.77977977978,35847.77977977978,54207.77977977978,19070.037797057405,41551.75031775904,64398.834049276,88644.27673480648,19903.0096848571,39304.12360833425,45508.06993314822,58567.48426674526,67865.99118559386,28282.57474459661,38692.17260755121,52260.23576037396,60939.15376905017,87698.54179710672,0.0,28585.800442239975,44523.53889709937,19779.779779779783
19819.819819819822,35887.81981981982,54247.81981981982,19071.444164772056,41591.784582146574,64458.39402083216,88743.4763313483,19904.161999547305,39344.122530545435,45551.35003164533,58647.20254670376,67942.08181047709,28290.838289854917,38733.21895217051,52301.63609794605,61014.270184857116,87772.9553940903,0.0,28631.380573714134,44598.07888574533,19819.819819819822
19859.859859859862,35927.85985985986,54287.85985985986,19072.847699666097,41631.81879011452,64517.85358987936,88842.77921963937,19905.31068796061,39384.12172255756,45594.61857639516,58726.92222248969,68018.18594975618,28299.082099870833,38774.26375195381,52343.00344006065,61089.42536967469,87847.38449759914,0.0,28676.936807130187,44672.6427724494,19859.859859859862
19899.8998998999,35967.8998998999,54327.8998998999,19074.24841215241,41671.85294243225,64577.213252179914,88942.18489273495,19906.455767864758,39424.12118215042,45637.8756217828,58806.64328609599,68094.30354150545,28307.306241558035,38815.30700440748,52384.33820724349,61164.61889817384,87921.82904801655,0.0,28722.469272267273,44747.23042743243,19899.8998998999
19939.93993993994,36007.93993993994,54367.93993993994,19075.64631258192,41711.88703985988,64636.47350279812,89041.69284445976,19907.597256906796,39464.12090712609,45681.121221897294,58886.36572957636,68170.43452413309,28315.510781486293,38856.34870714912,52425.64081451743,61239.85035048122,87996.28898600559,0.0,28767.978098176918,44821.84172164291,19939.93993993994
19979.979979979984,36047.97997997998,54407.97997997998,19077.041411244103,41751.92108314846,64695.63483606399,89141.30256944337,19908.73517261411,39504.12089530854,45724.355430533324,58966.089545044626,68246.57883637928,28323.695785884665,38897.388857905535,52466.91167147203,61315.11931211017,88070.76425250748,0.0,28813.463413185793,44896.47652675415,19979.97997997998
20020.020020020023,36088.02002002002,54448.02002002002,19078.433718367494,41791.95507303997,64754.69774553784,89241.01356315476,19909.869532395453,39544.12114454344,45767.578301192756,59045.81472467413,68322.73641731433,28331.861320644603,38938.4274545106,52508.15118233237,61390.42537389221,88145.2547887403,0.0,28858.92534489852,44971.13471516154,20020.02002002002
20060.060060060063,36128.06006006006,54488.06006006006,19079.82324412024,41831.989010267534,64813.66272397562,89340.82532193692,19911.00035354201,39584.12165269789,45810.789887086365,59125.54126069728,68398.9072063368,28340.007451323054,38979.464494903215,52549.359746027505,61465.76813190921,88219.76053619734,0.0,28904.36402020046,45045.81615997972,20060.06006006006
20100.100100100102,36168.1001001001,54528.1001001001,19081.209998610553,41872.02289555547,64872.53026329467,89440.73734303983,19912.127653228406,39624.122417660175,45853.99024113544,59205.26914540494,68475.09114317165,28348.134243145483,39020.49997712531,52590.53775625812,61541.147187425755,88294.2814366459,0.0,28949.77956526058,45120.52073503972,20100.1001001001
20140.14014014014,36208.140140140145,54568.140140140145,19082.593991887235,41912.05672961947,64931.3008545403,89540.7491246537,19913.25144851377,39664.123437339505,45897.179415973405,59284.99837114583,68551.28816786836,28356.241761008867,39061.5338993198,52631.68560156385,61616.562146822565,88368.8174321258,0.0,28995.17210553428,45195.24831488615,20140.140140140145
20180.18018018018,36248.180180180185,54608.180180180185,19083.975233940186,41952.09051316666,64989.97498785309,89640.860165941,19914.37175634264,39704.12470966578,45940.357463947395,59364.728930326106,68627.49822079917,28364.330069484648,39102.566259728745,52672.8036653898,61692.01262153,88443.3684649479,0.0,29040.541765766262,45269.998774774285,20180.180180180185
20220.22022022022,36288.220220220224,54648.220220220224,19085.353734700904,41992.12424689571,65048.55315243649,89741.06996706803,19915.4885935461,39744.126232589384,45983.52443711992,59444.46081540875,68703.7212426572,28372.39923282161,39143.59705669142,52713.89232615281,61767.49822796271,88517.93447769279,0.0,29085.88866999345,45344.77199066722,20220.220220220224
20260.26026026026,36328.260260260264,54688.260260260264,19086.72950404293,42032.15793149698,65107.03583652549,89841.37802923592,19916.601976842645,39784.12800408083,46026.68038727047,59524.19401891304,68779.9571744546,28380.44931494879,39184.62628864241,52754.95195730663,61843.01858745434,88592.51541320939,0.0,29131.212941547867,45419.56783923292,20260.260260260264
20300.300300300303,36368.3003003003,54728.3003003003,19088.10255178236,42072.19156765259,65165.423527355655,89941.78385471093,19917.711922839222,39824.13002213068,46069.82536589702,59603.928533414066,68856.20595752083,28388.480379478264,39225.65395410985,52795.98292740693,61918.57332619328,88667.11121461353,0.0,29176.514703059584,45494.38619784132,20300.300300300303
20340.340340340343,36408.34034034034,54768.34034034034,19089.47288767832,42112.22515603653,65223.7167111328,90042.28694685404,19918.818448032176,39864.13228474921,46112.95942421774,59683.664351542175,68932.46753350076,28396.492489707918,39266.68005171357,52836.985600175416,61994.16207515869,88741.72182528648,0.0,29221.794076459646,45569.22694456138,20340.340340340343
20380.380380380382,36448.38038038038,54808.38038038038,19090.84052143342,42152.25869731482,65281.91587300347,90142.88681015017,19919.921568808197,39904.134789966214,46156.08261317244,59763.40146598252,69008.74184435292,28404.485708624212,39307.70458016341,52877.960334563366,62069.784470057464,88816.3471888738,0.0,29267.05118298303,45644.08995815811,20380.380380380382
20420.42042042042,36488.42042042042,54848.42042042042,19092.20546269425,42192.292192145535,65340.02149702588,90243.58295023648,19921.02130144527,39944.137535830785,46199.19498342426,59843.13986947448,69085.02883234776,28412.460098904885,39348.72753825732,52918.90748481477,62145.44015126166,88890.98724928388,0.0,29312.286143171623,45718.975118089635,20420.42042042042
20460.46046046046,36528.46046046047,54888.46046046047,19093.567721051804,42232.32564117889,65398.03406614147,90344.37487393015,19922.11766211361,39984.14052041103,46242.296585361146,59922.8795548112,69161.32844006582,28420.415722921574,39389.74892487995,52959.827400528375,62221.128763746514,88965.64195068637,0.0,29357.49907687721,45793.882304504186,20460.46046046047
20500.5005005005,36568.50050050051,54928.50050050051,19094.92730604195,42272.35904505746,65455.954062147255,90445.26208925588,19923.210666876566,40024.143741793974,46285.38746909745,60002.62051483912,69237.64061039593,28428.35264274248,39430.768739000676,53000.720426719454,62296.84995702924,89040.31123751118,0.0,29402.690103264442,45868.81139823707,20500.500500500508
20540.54054054054,36608.54054054055,54968.54054054055,19096.284227145898,42312.39240441617,65513.781965668546,90546.2441054721,19924.300331691593,40064.14719808523,46328.467684475465,60082.36274245744,69313.96528653355,28436.27092013495,39471.786979672135,53041.586903880874,62372.60338510839,89114.99505444692,0.0,29447.859340813895,45943.76228080774,20540.540540540547
20580.58058058058,36648.58058058059,55008.58058058059,19097.638493790626,42352.42571988244,65571.51825613252,90647.32043309731,19925.386672411078,40104.150887408825,46371.53728106698,60162.10623061767,69390.30241197898,28444.170616568015,39512.803646028646,53082.427168043396,62448.38870640393,89189.6933464395,0.0,29493.00690732505,46018.734834416704,20580.580580580587
20620.62062062062,36688.620620620626,55048.620620620626,19098.990115349337,42392.45899207626,65629.16341174212,90748.49058393545,19926.46970478328,40144.154807907005,46414.59630817477,60241.850972323155,69466.65193053553,28452.0517932149,39553.81873728452,53123.241550835344,62524.20558369787,89264.4060586911,0.0,29538.132919919353,46093.728941942514,20620.620620620626
20660.660660660666,36728.660660660666,55088.660660660666,19100.339101141868,42432.49222161026,65686.71790945082,90849.75407110038,19927.54944445324,40184.15895774002,46457.64481483418,60321.596960628565,69543.01378630796,28459.914510955517,39594.83225273254,53164.03037954176,62600.05368407567,89339.1331366585,0.0,29583.237495043246,46168.74448693874,20660.660660660662
20700.700700700705,36768.700700700705,55128.700700700705,19101.685460435165,42472.52540908989,65744.18222493785,90951.11040904059,19928.625906963593,40224.16333508591,46500.68284981459,60401.344188639465,69619.38792370065,28467.75883037892,39635.84419174258,53204.79397716264,62675.932678868136,89413.8745260519,0.0,29628.32074847123,46243.781353630875,20700.7007007007
20740.740740740745,36808.740740740745,55168.740740740745,19103.029202443686,42512.558555113406,65801.55683258394,91052.55911356267,19929.699107755474,40264.16793814028,46543.71046162099,60481.09264951186,69695.77428741587,28475.584811785695,39676.854553759935,53245.53266247085,62751.84224359419,89488.63017283377,0.0,29673.382795308913,46318.83942691331,20740.74074074074
20780.780780780784,36848.780780780784,55208.780780780784,19104.37033632981,42552.591660272046,65858.84220544781,91154.09970185425,19930.76906216937,40304.172765116105,46586.72769849537,60560.84233645168,69772.17282245218,28483.392515190324,39717.863338303876,53286.24675006904,62827.78205790414,89563.40002321727,0.0,29718.4237499961,46393.91859234624,20780.78078078078
20820.820820820823,36888.82082082082,55248.82082082082,19105.70887120429,42592.62472515004,65916.0388152431,91255.73169250667,19931.83578544597,40344.177814243616,46629.734608418374,60640.593242714385,69848.58347410256,28491.182000323584,39758.87054496641,53326.93655044614,62903.75180552366,89638.18402366512,0.0,29763.443726309855,46469.018736152604,20820.82082082082
20860.860860860863,36928.86086086086,55288.86086086086,19107.04481612665,42632.657750324775,65973.14713231593,91357.45460553697,19932.89929272702,40384.18308377,46672.731239110646,60720.345361604544,69925.00618795297,28498.953326634815,39799.8761734106,53367.6023700331,62979.751174198405,89712.98212088823,0.0,29808.442837367613,46544.13974521497,20860.86086086086
20900.900900900902,36968.9009009009,55328.9009009009,19108.378180105585,42672.6907363668,66030.16762562309,91459.26796240902,19933.959599056103,40424.18857195927,46715.71763803438,60800.09868647524,70001.44090988042,28506.706553294214,39840.88022336933,53408.244511257995,63055.77985563934,89787.79426184455,0.0,29853.421195630235,46619.28150707246,20900.9009009009
20940.94094094094,37008.94094094094,55368.94094094094,19109.708972099397,42712.72368384004,66087.10076271053,91561.17128605474,19935.01671937953,40464.19427709199,46758.69385239478,60879.85321072787,70077.88758605145,28514.441739195085,39881.88269464402,53448.86327260037,63131.83754546863,89862.62039373752,0.0,29898.378912905162,46694.44390991766,20940.940940940938
20980.980980980985,37048.98098098098,55408.98098098098,19111.037201016366,42752.756593301725,66143.94700969283,91663.16410089399,19936.070668547116,40504.20019746522,46801.65992914158,60959.608927811496,70154.34616292048,28522.158942956074,39922.883587103024,53489.458948645275,63207.923943166345,89937.46046401518,0.0,29943.316100349475,46769.62684259348,20980.980980980985
21021.021021021024,37089.02102102102,55449.02102102102,19112.36287571518,42792.78946530256,66200.70683123279,91765.24593285461,19937.121461312974,40544.20633139223,46844.61591497036,61039.36583122252,70230.81658722807,28529.85822292334,39963.88290068067,53530.03183013604,63284.03875201754,90012.31442036858,0.0,29988.232868473013,46844.83019459006,21021.021021021024
21061.061061061064,37129.06106106106,55489.06106106106,19113.686005005282,42832.82230038676,66257.38069052185,91867.41630939144,19938.16911233634,40584.212677202355,46887.561856324144,61119.123914504264,70307.29880599928,28537.53963717271,40004.88063537564,53570.582204027,63360.18167906037,90087.18221073065,0.0,30033.12932714152,46920.053856041675,21061.061061061064
21101.101101101103,37169.1011011011,55529.1011011011,19115.00659764732,42872.85509909222,66313.96904926088,91969.67475950508,19939.213636182343,40624.2192332408,46930.497799394805,61198.8831712465,70383.79276654216,28545.20324351186,40045.87679124995,53611.110353535325,63436.352435034496,90162.06378327498,0.0,30078.00558557974,46995.29771772357,21101.101101101103
21141.141141141143,37209.14114114114,55569.14114114114,19116.324662353487,42912.887861950534,66370.47236764162,92072.02081376006,19940.255047322822,40664.22599786848,46973.423790124456,61278.6435950851,70460.29841644599,28552.84909948236,40086.8713684276,53651.61655819208,63512.5507343303,90236.95908641448,0.0,30122.86175237454,47070.56167104888,21141.141141141143
21181.181181181182,37249.18118118118,55609.18118118118,19117.640207787917,42952.92058948703,66426.89110432859,92174.45400430239,19941.29336013703,40704.23296946184,47016.339874206904,61358.40517970157,70536.81570357973,28560.477262361776,40127.86436709336,53692.10109389282,63588.77629493882,90311.86806880031,0.0,30167.697935478056,47145.84560806549,21181.181181181182
21221.22122122122,37289.22122122122,55649.22122122122,19118.95324256707,42992.953282220915,66483.22571644149,92276.97386487664,19942.328588912485,40744.240146412645,47059.246097089126,61438.16791882266,70613.34457609041,28568.08778916573,40168.85578749164,53732.56423294754,63665.02883840208,90386.79067932036,0.0,30212.514242210804,47221.14942145286,21221.22122122122
21261.26126126126,37329.26126126126,55689.26126126126,19120.2637752601,43032.98594066531,66539.47665953811,92379.57993084277,19943.36074784566,40784.247527127874,47102.14250397258,61517.93180621995,70689.88498240148,28575.680736649894,40209.84562992517,53773.00624412984,63741.30808976432,90461.72686709836,0.0,30257.310779264822,47296.473004518964,21261.26126126126
21301.301301301304,37369.30130130131,55729.30130130131,19121.571814389223,43073.01856532741,66595.6443875979,92482.27173919202,19944.389851042753,40824.25511002951,47145.029139814695,61597.69683570956,70766.4368712113,28583.256161312027,40250.83389475403,53813.42739272567,63817.613777523686,90536.67658149239,0.0,30302.087652706807,47371.81625119712,21301.301301301308
21341.341341341344,37409.34134134135,55769.34134134135,19122.87736843011,43113.051156708396,66651.7293530058,92585.04882856245,19945.41591252044,40864.26289355437,47187.90604933027,61677.46300115155,70843.00019149148,28590.81411939391,40291.820582394386,53853.827940581265,63893.94563358461,90611.63977209388,0.0,30346.844967981233,47447.179056042805,21341.341341341347
21381.381381381383,37449.38138138139,55809.38138138139,19124.180445812177,43153.08371530365,66707.73200653671,92687.91073925438,19946.438946206603,40904.27087615395,47230.77327699278,61757.230296449685,70919.5748924853,28598.354666883286,40332.80569331747,53894.20814615053,63970.3033932108,90686.61638872621,0.0,30391.582829913514,47522.56131423065,21381.381381381387
21421.421421421423,37489.42142142143,55849.42142142143,19125.48105491905,43193.116241602824,66763.65279734049,92790.85701324475,19947.458965941056,40944.27905629427,47273.6308670359,61836.99871555105,70996.16092370628,28605.877859515822,40373.789228048394,53934.56826454182,64046.68679497889,90761.60638144362,0.0,30436.30134271313,47597.962921551145,21421.421421421426
21461.461461461462,37529.46146146147,55889.46146146147,19126.779204088863,43233.14873608981,66819.4921729273,92893.88719420135,19948.475985476278,40984.28743245571,47316.478863454744,61916.768252445596,71072.75823493645,28613.38375277696,40414.77118716512,53974.9085475641,64123.09558073252,90836.60970053007,0.0,30481.000609976756,47673.38377440764,21461.461461461466
21501.5015015015,37569.50150150151,55929.50150150151,19128.074901614553,43273.18119924288,66875.25057915354,92997.00082749657,19949.49001847808,41024.296003132855,47359.31731000736,61996.53890116578,71149.36677622494,28620.872401903813,40455.75157129747,54015.229243772446,64199.529495537405,90911.62629649785,0.0,30525.680734691414,47748.8237698131,21501.501501501505
21541.54154154154,37609.54154154155,55969.54154154155,19129.36815574434,43313.21363153474,66930.9284602081,93100.19746022054,19950.501078526377,41064.304766834306,47402.146250216,62076.31065578627,71225.9864978863,28628.343861887006,40496.730381125984,54055.53059851308,64275.98828763656,90986.65612008667,0.0,30570.341819237598,47824.28280538703,21541.541541541545
21581.58158158158,37649.58158158159,56009.58158158159,19130.658974681963,43353.24603343262,66986.5262585994,93203.47664119393,19951.509179115837,41104.31372208256,47444.96572736851,62156.08351042346,71302.61735049912,28635.798187472483,40537.70761738099,54095.812853967465,64352.47170840638,91061.69912226219,0.0,30614.983965392403,47899.76077935235,21581.581581581584
21621.621621621627,37689.62162162162,56049.62162162162,19131.947366587086,43393.278405398334,67042.04441514245,93306.83792098028,19952.51433365658,41144.32286741388,47487.775784519705,62235.85745923519,71379.25928490439,28643.23543316334,40578.68328084152,54136.07624919636,64428.979512313366,91136.75525421515,0.0,30659.60727433268,47975.25759053219,21621.62162162162
21661.661661661667,37729.66166166166,56089.66166166166,19133.233339575585,43433.31074788829,67097.48336894668,93410.28085189777,19953.5165554749,41184.332201378085,47530.57646449268,62315.63249642032,71455.91225220401,28650.655653221576,40619.65737233446,54176.321020182746,64505.51145687123,91211.82446735995,0.0,30704.21184663816,48050.77313834683,21661.66166166166
21701.701701701706,37769.7017017017,56129.7017017017,19134.516901719933,43473.34306135364,67152.84355740412,93513.80498803084,19954.51585781387,41224.34172253841,47573.36780988014,62395.408616218425,71532.57620375935,28658.058901669872,40660.62989273345,54216.54739987451,64582.067302598705,91286.90671333368,0.0,30748.79778229457,48126.30732281054,21701.7017017017
21741.741741741745,37809.74174174174,56169.74174174174,19135.798061049496,43513.3753462403,67208.12541617805,93617.4098852409,19955.512253834087,41264.35142947143,47616.14986304578,62475.185812909454,71609.25109118968,28665.445232293292,40701.60084295799,54256.75561822629,64658.64681297797,91362.00194399487,0.0,30793.36518069676,48201.86004452846,21741.74174174174
21781.781781781785,37849.78178178178,56209.78178178178,19137.07682555088,43553.407602989006,67263.3293791919,93721.09510117714,19956.50575661431,41304.36132076684,47658.92266612554,62554.964080813304,71685.9368663707,28672.81469864103,40742.57022397263,54296.9459022411,64735.24975441359,91437.11011142231,0.0,30837.914140651865,48277.43120469348,21781.781781781778
21821.821821821824,37889.82182182182,56249.82182182182,19138.353203168255,43593.43983203539,67318.45587861893,93824.86019528654,19957.496379152075,41344.37139502731,47701.68626102897,62634.74341428952,71762.63348143303,28680.167354028086,40783.538036785845,54337.11847601097,64811.87589619194,91512.23116791405,0.0,30882.444760382372,48353.02070508309,21821.821821821817
21861.861861861864,37929.86186186186,56289.86186186186,19139.62720180365,43633.47203381006,67373.50534487194,93928.70472882365,19958.48413436442,41384.38165086842,47744.4406894405,62714.52380773699,71839.34088876084,28687.50325153694,40824.504282449285,54377.27356075742,64888.52501044134,91587.36506598617,0.0,30926.957137529276,48428.628448056304,21861.861861861857
21901.901901901907,37969.9019019019,56329.9019019019,19140.89882931733,43673.50420873866,67428.47820659372,94032.62826485981,19959.469035088478,41424.39208691843,47787.185992820785,62794.305255593514,71916.05904099024,28694.82244401919,40865.46896205685,54417.41137487101,64965.19687209274,91662.51175837165,0.0,30971.45136915518,48504.25433655053,21901.901901901903
21941.941941941946,38009.94194194194,56369.94194194194,19142.16809352806,43713.53635724186,67483.37489064764,94136.63036829219,19960.451094082124,41464.40270181819,47829.92221240793,62874.087752335516,71992.7878910079,28702.12498409721,40906.43207674387,54457.532133950604,65041.89125884077,91737.6711980192,0.0,31015.927551747387,48579.89827407844,21941.941941941943
21981.981981981986,38049.98198198198,56409.98198198198,19143.435002213428,43753.568479735506,67538.19582210887,94240.7106058521,19961.430324024623,41504.413494221015,47872.64938921887,62953.871292477765,72069.52739194962,28709.410924165728,40947.39362768617,54497.636050842135,65118.60795110546,91812.84333809238,0.0,31060.385781221048,48655.5601647249,21981.981981981982
22022.022022022025,38090.02202202202,56450.02202202202,19144.699563110167,43793.600576630655,67592.94142425584,94344.86854611346,19962.406737517234,41544.424462792536,47915.36756405056,63033.655870572955,72146.27749719885,28716.68031639345,40988.353616099346,54537.72333567645,65195.346731994665,91888.0281319682,0.0,31104.82615292221,48731.23991314386,22022.02202202202
22062.062062062065,38130.06206206206,56490.06206206206,19145.961783914478,43833.63264833359,67647.61211856213,94449.10375950014,19963.380347083857,41584.43560621053,47958.076777481285,63113.44148121143,72223.0381603853,28723.933212724605,41029.31204323784,54577.79419590704,65272.107387266646,91963.22553323623,0.0,31149.24876163095,48806.93742455523,22062.06206206206
22102.102102102104,38170.1021021021,56530.1021021021,19147.221672282274,43873.66469524593,67702.20832468882,94553.41581829352,19964.35116517161,41624.446923164825,48000.777069871954,63193.228119020816,72299.80933538341,28731.169664880515,41070.26891039426,54617.84883634709,65348.88970529343,92038.43549569728,0.0,31193.653701564457,48882.652604741845,22102.1021021021
22142.142142142144,38210.14214214214,56570.14214214214,19148.479235829545,43913.69671776463,67756.73046047706,94657.80429663949,19965.319204151474,41664.45841235723,48043.468481367294,63273.015778665824,72376.59097631105,28738.38972436114,41111.22421889846,54657.887459205915,65425.69347702472,92113.6579733626,0.0,31238.041066380083,48958.38536004634,22142.14214214214
22182.182182182183,38250.18218218218,56610.18218218218,19149.73448213263,43953.72871628215,67811.17894194117,94762.26877055498,19966.284476318866,41704.470072501244,48086.15105189716,63352.804454847705,72453.38303752811,28745.593442446552,41152.17797011685,54697.91026412504,65502.5184959521,92188.89292045255,0.0,31282.41094917847,49034.13559736808,22182.18218218218
22222.222222222226,38290.222222222226,56650.222222222226,19150.987418728495,43993.76069118635,67865.554183262,94866.80881793429,19967.24699389425,41744.48190232214,48128.8248211778,63432.594142304224,72530.18547363495,28752.78087019849,41193.13016545154,54737.91744821365,65579.364558074,92264.14029139567,0.0,31326.76344250659,49109.90322416009,22222.222222222226
22262.262262262266,38330.262262262266,56690.262262262266,19152.23805311506,44033.79264286067,67919.85659678072,94971.42401855491,19968.206769023727,41784.49390055662,48171.48982871292,63512.3848358091,72606.99823947121,28759.952058461786,41234.08080633982,54777.909206083605,65656.23146186092,92339.40004082747,0.0,31371.0986383608,49185.688148425994,22262.262262262266
22302.302302302305,38370.302302302305,56730.302302302305,19153.486392751478,44073.8245716841,67974.08659299288,95076.11395408306,19969.163813779593,41824.50606595291,48214.14611379519,63592.17653017185,72683.8212901143,28767.107057865906,41275.029894253144,54817.88572988397,65733.11900822139,92414.67212358944,0.0,31415.416628189938,49261.49027871698,22302.302302302305
22342.342342342345,38410.342342342345,56770.342342342345,19154.732445058384,44113.85647803133,68028.24458054289,95180.87820807908,19970.118140160987,41864.518397270454,48256.79371550725,63671.96922023741,72760.65458087796,28774.245918826295,41315.97743069655,54857.847209334905,65810.02700046821,92489.9564947281,0.0,31459.717502898347,49337.30952412869,22342.342342342345
22382.382382382384,38450.382382382384,56810.382382382384,19155.97621741825,44153.8883622727,68082.33096621888,95285.71636600209,19971.069760094368,41904.53089327991,48299.432672723,63751.76290088589,72837.49806731116,28781.368691545904,41356.92341720792,54897.79383176142,65886.95524428533,92565.25310949373,0.0,31504.00135284892,49413.14579429823,22382.382382382384
22422.422422422424,38490.42242242242,56850.42242242242,19157.217717175594,44193.920224774316,68136.34615494766,95390.6280152145,19972.018685434134,41944.54355276297,48342.06302410884,63831.557567032214,72914.35170519637,28788.475426016546,41397.867855357385,54937.725782126174,65963.90354769496,92640.56192333944,0.0,31548.268267866144,49488.99899940113,22422.422422422424
22462.462462462463,38530.46246246246,56890.46246246246,19158.456951637298,44233.952065898084,68190.29054979043,95495.6127449865,19972.96492796321,41984.55637451227,48384.68480812483,63911.35321362594,72991.21545054854,28795.566172020317,41438.81074674645,54977.643243062186,66040.87172102566,92715.88289192013,0.0,31592.518337239126,49564.86905014826,22462.462462462463
22502.502502502502,38570.5025025025,56930.5025025025,19159.693928072884,44273.983886001726,68244.16455193829,95600.67014649961,19973.908499393554,42024.569357331304,48427.29806302591,63991.149835650765,73068.08925961348,28802.640979130978,41479.75209300747,55017.54639490497,66117.85957688019,92791.2159710914,0.0,31636.751649724618,49640.75585778289,22502.502502502502
22542.542542542546,38610.54254254255,56970.54254254255,19160.928653714785,44314.01568543892,68297.96856070854,95705.79981285051,19974.84941136673,42064.58250003423,48469.90282686309,64070.947428124506,73144.97308886674,28809.699896715305,41520.69189580297,55057.435415724074,66194.8669301044,92866.56111690853,0.0,31680.968293550024,49716.65933407762,22542.54254254255
22582.582582582585,38650.58258258259,57010.58258258259,19162.161135758583,44354.047464559204,68351.70297354105,95811.0013390541,19975.787675454456,42104.5958014458,48512.49913748461,64150.7459860985,73221.86689501215,28816.742973934473,41561.63015682492,55097.31048135435,66271.89359775632,92941.91828562546,0.0,31725.16835641639,49792.579391331376,22582.58258258259
22622.622622622624,38690.62262262263,57050.62262262263,19163.391381363337,44394.0792237082,68405.36818599491,95916.2743220467,19976.723303159146,42144.609260401296,48555.08703253712,64230.54550465766,73298.77063498052,28823.770259745343,41602.56687779421,55137.17176542669,66348.93939907572,93017.28743369377,0.0,31769.35192550144,49868.51594236644,22622.622622622628
22662.662662662664,38730.66266266267,57090.66266266267,19164.6193976518,44434.11096322751,68458.96459174558,96021.61836068844,19977.65630591443,42184.62287574634,48597.66654946696,64310.345978919904,73375.68426592837,28830.781802901845,41643.502060459876,55177.019439398355,66426.00415545421,93092.66851776172,0.0,31813.519087462537,49944.46890052546,22662.662662662668
22702.702702702703,38770.70270270271,57130.70270270271,19165.845191710705,44474.14268345486,68512.49258258204,96127.03305576593,19978.586695085705,42224.63664633682,48640.23772552111,64390.14740403608,73452.60774523653,28837.77765195624,41684.43570659868,55216.85367258272,66503.08769040553,93168.06149467308,0.0,31857.669928439653,50020.43817966846,22702.702702702707
22742.742742742743,38810.74274274275,57170.74274274275,19167.068770591,44514.17438472408,68565.95254840457,96232.51800999406,19979.514481970637,42264.650571038794,48682.80059774854,64469.949775189554,73529.54103050896,28844.75785526041,41725.36781801432,55256.6746321789,66580.18982953651,93243.46632146629,0.0,31901.804534058367,50096.42369416987,22742.742742742746
22782.782782782782,38850.782782782786,57210.782782782786,19168.290141308156,44554.2060673652,68619.34487722248,96338.07282801809,19980.43967779971,42304.664648728365,48725.35520300124,64549.75308759601,73606.48407957138,28851.722460967172,41766.29839653697,55296.48248330067,66657.31040051847,93318.88295537338,0.0,31945.922989432795,50172.42535891556,22782.782782782786
22822.82282282282,38890.822822822825,57250.822822822825,19169.50931084238,44594.23773170449,68672.66995515247,96443.69711641484,19981.362293736704,42344.678878291576,48767.9015779355,64629.55733650322,73683.43685046994,28858.671517031522,41807.22744402262,55336.27738900497,66734.44923305885,93394.31135381894,0.0,31990.025379168565,50248.44308929991,22822.822822822825
22862.862862862865,38930.86286286287,57290.86286286287,19170.72628613885,44634.269378064426,68725.9281664168,96549.39048369425,19982.28234087926,42384.69325862432,48810.439759012894,64709.362517190646,73760.39930147008,28865.605071211863,41848.15496235251,55376.05951032022,66811.60615887336,93469.75147441923,0.0,32034.111787365753,50324.47680122286,22862.862862862872
22902.902902902904,38970.90290290291,57330.90290290291,19171.941074108046,44674.30100676388,68779.11989334233,96655.15254030027,19983.199830259324,42424.707788632244,48852.96978250149,64789.16862496929,73837.37139105509,28872.523171071276,41889.080953432676,55415.829006274005,66888.78101165839,93545.20327498112,0.0,32078.18229762179,50400.52641108693,22902.90290290291
22942.942942942944,39010.94294294295,57370.94294294295,19173.153681625925,44714.33261811806,68832.24551635922,96760.98289861158,19984.114772843714,42464.722467230604,48895.49168447693,64868.97565518141,73914.35307792504,28879.425863978737,41930.005419193134,55455.58603392049,66965.97362706428,93620.66671350106,0.0,32122.23699303444,50476.5918357944,22942.94294294295
22982.982982982983,39050.98298298299,57410.98298298299,19174.36411553419,44754.36421243851,68885.30541400034,96866.88117294191,19985.027179534518,42504.737293344195,48938.00550082369,64948.78360320022,73991.34432099528,28886.313197110318,41970.92836158768,55495.33074836732,67043.18384266831,93696.14174816429,0.0,32166.27595620465,50552.672992744316,22982.98298298299
23023.023023023023,39091.02302302303,57451.02302302303,19175.572382640523,44794.39579003331,68938.29996290061,96972.84697954067,19985.937061169705,42544.75226590729,48980.51126723597,65028.592464429734,74068.34507939545,28893.185217450373,42011.8497825931,55535.06330280236,67120.41149794868,93771.62833734366,0.0,32210.29926923949,50628.76979982959,23023.02302302303
23063.063063063062,39131.06306306307,57491.06306306307,19176.77848971888,44834.42735120697,68991.22953779688,97078.87993659262,19986.84442852352,42584.76738386348,49023.009019219,65108.40223430433,74145.35531246808,28900.041971792765,42052.76968420875,55574.7838485196,67197.65643425842,93847.12643959887,0.0,32254.307013755046,50704.88217543415,23063.06306306307
23103.1031031031,39171.10310310311,57531.10310310311,19177.982443509638,44874.458896260534,69044.09451152777,97184.97966421758,19987.749292307017,42624.78264616559,49065.49879208999,65188.21290828868,74222.37497976735,28906.88350674198,42093.68806845603,55614.49253494534,67274.91849480006,93922.63601367525,0.0,32298.29927087928,50781.01003843003,23103.10310310311
23143.14314314315,39211.14314314314,57571.14314314314,19179.18425071993,44914.4904254916,69096.89525503403,97291.14578447017,19988.651663168523,42664.7980517756,49107.980620979346,65268.02448187746,74299.40404105792,28913.70986871433,42134.60493737793,55654.18950966319,67352.1975246004,93998.15701850303,0.0,32342.276121254912,50857.15330817453,23143.143143143145
23183.183183183188,39251.18318318318,57611.18318318318,19180.38391802381,44954.52193919442,69149.63213735879,97397.37792133892,19989.551551694087,42704.81359966457,49150.454540831684,65347.836950595025,74376.44245631376,28920.521103939103,42175.520293038346,55693.874918439615,67429.4933704857,94073.68941319635,0.0,32386.23764504228,50933.311904507274,23183.183183183184
23223.223223223227,39291.22322322322,57651.22322322322,19181.581452062514,44994.553437659844,69202.30552564838,97503.6757007454,19990.448968407985,42744.82928881249,49192.920586406915,65427.650309995224,74453.49018571674,28927.31725845966,42216.434137521814,55733.5489052482,67506.8058810574,94149.23315705228,0.0,32430.183921922206,51009.48574774747,23223.223223223224
23263.263263263267,39331.26326326326,57691.26326326326,19182.7768594447,45034.58492117542,69254.91578515325,97610.03875054297,19991.34392377318,42784.84511820825,49235.37879228132,65507.464555661194,74530.54718965566,28934.098378134604,42257.34647293291,55773.21161229431,67584.13490666794,94224.78820954982,0.0,32474.115031098794,51085.674758691,23263.263263263263
23303.303303303306,39371.3033033033,57731.3033033033,19183.97014674664,45074.61639002542,69307.46327922889,97716.46670051556,19992.236428191747,42824.86108684948,49277.82919284867,65587.27968320501,74607.6134287249,28940.864508638842,42298.25730139585,55812.86318003881,67661.48029939721,94300.35453034911,0.0,32518.0310513023,51161.87885860761,23303.303303303303
23343.343343343346,39411.34334334334,57771.34334334334,19185.16132051248,45114.647844490886,69359.94836933736,97822.95918237595,19993.12649200539,42864.87719374254,49320.27182232123,65667.09568826758,74684.6888637233,28947.615695464752,42339.16662505391,55852.503747222,67738.84191302909,94375.93207929033,0.0,32561.932060791936,51238.09796923809,23343.343343343342
23383.383383383385,39451.38338338338,57811.38338338338,19186.35038725449,45154.67928484969,69412.37141504875,97929.51582976399,19994.01412549582,42904.893437902385,49362.70671473083,65746.91256651834,74761.77345565293,28954.3519839232,42380.074446069084,55892.133450886555,67816.21960302842,94451.52081639301,0.0,32605.818137358656,51314.33201279149,23383.38338338338
23423.423423423425,39491.42342342342,57851.42342342342,19187.537353453197,45194.71071137646,69464.73277404284,98036.13627824461,19994.89933888527,42944.90981835246,49405.13390392992,65826.73031365499,74838.86716571791,28961.073419144675,42420.98076662165,55931.75242640085,67893.61322651853,94527.12070185483,0.0,32649.689358327974,51390.58091194229,23423.42342342342
23463.463463463468,39531.46346346347,57891.46346346347,19188.7222255577,45234.742124342774,69517.03280211116,98142.82016530569,19995.782142336884,42984.92633412465,49447.553423592624,65906.54892540337,74915.96995532326,28967.780046080334,42461.88558890958,55971.36080748124,67971.02264225867,94602.73169605096,0.0,32693.54580056275,51466.84458982765,23463.463463463468
23503.503503503507,39571.50350350351,57931.50350350351,19189.90500998583,45274.77352401709,69569.27185315907,98249.56713035559,19996.662545955227,43024.942984259185,49489.965307215745,65986.36839751712,74993.08178607379,28974.471909503063,42502.78891514825,56010.95872621463,68048.4477106221,94678.353759533,0.0,32737.387540465934,51543.122970044584,23503.503503503507
23543.543543543547,39611.54354354355,57971.54354354355,19191.085713124394,45314.804910664796,69621.45027920796,98356.37681472057,19997.54055978661,43064.95976780454,49532.36958811986,66066.18872577747,75070.2026197728,28981.1490540085,42543.69074757002,56050.54631308018,68125.88829357452,94753.98685302804,0.0,32781.21465398335,51619.41597664729,23543.543543543547
23583.583583583586,39651.58358358359,58011.58358358359,19192.264341329384,45354.8362845483,69673.5684303981,98463.24886164218,19998.41619381965,43104.97668381739,49574.76629945027,66146.00990599315,75147.3324184211,28987.811524016128,42584.5910884237,56090.12369697119,68203.34425465252,94829.63093743798,0.0,32825.02721660643,51695.72353414432,23583.583583583586
23623.623623623625,39691.62362362363,58051.62362362363,19193.4409009262,45394.867645926985,69725.62665499082,98570.18291627416,19999.289457985586,43144.99373136244,49617.15547417805,66225.83193399999,75224.47114421568,28994.45936377022,42625.48993997424,56129.6910052162,68280.81545894266,94905.28597383841,0.0,32868.82530337498,51772.045567495894,23623.623623623625
23663.663663663665,39731.66366366367,58091.66366366367,19194.61539820981,45434.89899505732,69777.62529937187,98677.17862567934,20000.16036215879,43185.01090951248,49659.53714510111,66305.65480566079,75301.61875954882,29001.092617340946,42666.38730450235,56169.2483636002,68358.3017730606,94980.9519234779,0.0,32912.60898887986,51848.38200211113,23663.663663663665
23703.703703703704,39771.70370370371,58131.70370370371,19195.787839445038,45474.93033219286,69829.56470805412,98784.23563882653,20001.028916157135,43225.028217348154,49701.91134484511,66385.47851686511,75378.77522700668,29007.711328625293,42707.28318430402,56208.79589638524,68435.8030651309,95056.62874777676,0.0,32956.37834726573,51924.73276384538,23703.703703703704
23743.743743743744,39811.74374374375,58171.74374374375,19196.958230866698,45514.96165758422,69881.44522368096,98891.35360658681,20001.895129742414,43265.04565395803,49744.27810586456,66465.30306352908,75455.94050936837,29014.31554134813,42748.17758169009,56248.333726330806,68513.31920476658,95132.31640832683,0.0,33000.13345223374,52001.09777899749,23743.743743743744
23783.783783783787,39851.78378378379,58211.78378378379,19198.12657867986,45554.99297147928,69933.26718702955,98998.53218173026,20002.759012620776,43305.063218438365,49786.63746044376,66545.12844159505,75533.11456960479,29020.90529906314,42789.07049898609,56287.86197471405,68590.85006304955,95208.01486688989,0.0,33043.87437704423,52077.47697430714,23783.78378378379
23823.823823823826,39891.82382382383,58251.82382382383,19199.29288906002,45595.02427412296,69985.0309370144,99105.77101892178,20003.62057444311,43345.08090989315,49828.989440697755,66624.95464703154,75610.29737087742,29027.480645153828,42829.96193853163,56327.38076134944,68668.39551251089,95283.72408539717,0.0,33087.60119451937,52153.87027695212,23823.82382382383
23863.863863863866,39931.863863863866,58291.863863863866,19200.45716815328,45635.0555657575,70036.73681069109,99213.06977471744,20004.47982480546,43385.09872743399,49871.33407857341,66704.78167583294,75687.48887653742,29034.041622834473,42870.85190268013,56366.89020460847,68745.95542711164,95359.4440259485,0.0,33131.31397704588,52230.277614545725,23863.86386386387
23903.903903903905,39971.903903903905,58331.903903903905,19201.619422076616,45675.08684662239,70088.38514326003,99320.4281075605,20005.33677324945,43425.11667018001,49913.67140585036,66784.60952401934,75764.68905012429,29040.588275151124,42911.74039379849,56406.390421438744,68823.5296822238,95435.17465081127,0.0,33175.012796577656,52306.69891513407,23903.90390390391
23943.943943943945,40011.943943943945,58371.943943943945,19202.779656917995,45715.11811695431,70139.97626807056,99427.84567777687,20006.191429262628,43465.13473725782,49956.0014541419,66864.43818763632,75841.89785536501,29047.12064498246,42952.62741426668,56445.881527383084,68901.11815461171,95510.91592241978,0.0,33218.69772463839,52383.13410719345,23943.94394394395
23983.983983983984,40051.983983983984,58411.983983983984,19203.93787873664,45755.14937698737,70191.51051662496,99535.32214757099,20007.04380227891,43505.15292780138,49998.324254896084,66944.26766275475,75919.1152561728,29053.63877504084,42993.51296647739,56485.363636598035,68978.72072241355,95586.66780337409,0.0,33262.36883232424,52459.58311962772,23983.983983983988
24024.024024024024,40092.024024024024,58452.024024024024,19205.09409356318,45795.180626952926,70242.9882185828,99642.85718102123,20007.893901678945,43545.171240951975,50040.63983939658,67024.09794547057,75996.34121664608,29060.142707873158,43034.39705283577,56524.836861872536,69056.33726512313,95662.43025643955,0.0,33306.02619030641,52536.04588176566,24024.024024024027
24064.064064064063,40132.06406406406,58492.06406406406,19206.24830739987,45835.21186707976,70294.4097017654,99750.45044407534,20008.741736790507,43585.189675858164,50082.94823876371,67103.92903190458,76073.57570106743,29066.632485861795,43075.27967575893,56564.301314645796,69133.96766357216,95738.2032445457,0.0,33349.66986883379,52612.522323358404,24064.064064064067
24104.10410410411,40172.1041041041,58532.1041041041,19207.400526220754,45875.24309759402,70345.7752921602,99858.10160454558,20009.58731688887,43625.20823167565,50125.24948395531,67183.76091820233,76150.81867390247,29073.10815122552,43116.160837675794,56603.75710502535,69211.61179991241,95813.98673078552,0.0,33393.2999377355,52689.01237457681,24104.104104104103
24144.14414414415,40212.14414414414,58572.14414414414,19208.550755971883,45915.27431871935,70397.08531392565,99965.81033210387,20010.43065119721,43665.22690756722,50167.543605767765,67263.5936005338,76228.07009979888,29079.569746020377,43157.04054102667,56643.20434180467,69289.26955759857,95889.78067841457,0.0,33436.91646642353,52765.51596600891,24144.144144144142
24184.18418418419,40252.18418418418,58612.18418418418,19209.699002571484,45955.30553067677,70448.34008939588,100073.57629827678,20011.27174888697,43705.245702702705,50209.83063483684,67343.42707509329,76305.3299435853,29086.017312140648,43197.91878826293,56682.64313248042,69366.94082137095,95965.58505085015,0.0,33480.51952389523,52842.03302865733,24184.18418418418
24224.22422422423,40292.22422422422,58652.22422422422,19210.845271910173,45995.336733684875,70499.53993908565,100181.39917644046,20012.110619078227,43745.2646162589,50252.1106016388,67423.2613380992,76382.59817027023,29092.450891319677,43238.7955818467,56722.073583269725,69444.62547723867,96041.39981167056,0.0,33524.10917873594,52918.56349393673,24224.22422422422
24264.264264264268,40332.26426426426,58692.26426426426,19211.989569851088,46035.36792795969,70550.6851816954,100289.27864181515,20012.947270840064,43785.283647419456,50294.383536491085,67503.09638579385,76459.87474504112,29098.870525130762,43279.67092425062,56761.495799126955,69522.32341246305,96117.22492461416,0.0,33567.685499121486,52995.1072936713,24264.26426426426
24304.304304304307,40372.3043043043,58732.3043043043,19213.131902230125,46075.39911371486,70601.77613411643,100397.21437146007,20013.781713190943,43825.30279537488,50336.64946955346,67582.93221444331,76537.15963326325,29105.27625498805,43320.544817957474,56800.90988376032,69600.03451554128,96193.06035357865,0.0,33611.24855282073,53071.66436009218,24304.3043043043
24344.344344344347,40412.34434434434,58772.34434434434,19214.272274856095,46115.430291161596,70652.81311143619,100505.20604426785,20014.613955099052,43865.3220593224,50378.90843082878,67662.76882033715,76614.45280047867,29111.66812214739,43361.41726545989,56840.315939648375,69677.75867619013,96268.90606262027,0.0,33654.79840719807,53148.23462583496,24344.34434434434
24384.38438438439,40452.384384384386,58812.384384384386,19215.410693510894,46155.46146050867,70703.79642694358,100613.25334095879,20015.444005482714,43905.341438465985,50421.16045016398,67742.60619978835,76691.75421240527,29118.046167707158,43402.288269260054,56879.714068056,69755.49578533022,96344.76201595287,0.0,33698.33512921596,53224.8180239372,24384.384384384386
24424.42442442443,40492.424424424426,58852.424424424426,19216.547163949712,46195.49262196251,70754.72639213447,100721.35594407545,20016.271873210673,43945.36093201618,50463.40555725098,67822.44434913303,76769.06383493572,29124.410432609162,43443.157831869474,56919.104369050445,69833.24573507025,96420.62817794725,0.0,33741.85878543737,53301.41448783591,24424.424424424426
24464.46446446447,40532.464464464465,58892.464464464465,19217.68169190117,46235.52377572722,70805.60331671743,100829.51353797651,20017.09756710248,43985.38053919006,50505.643781627536,67902.2832647303,76846.38163413644,29130.760957639446,43484.025955808625,56958.48694151693,69911.0084186915,96496.50451313026,0.0,33785.36944202833,53378.023951365074,24464.464464464465
24504.504504504508,40572.504504504504,58932.504504504504,19218.814283067546,46275.55492200455,70856.42750861918,100937.72580883124,20017.921095928876,44025.40025921126,50547.87515267818,67982.12294296207,76923.70757624664,29137.09778342914,43524.89264360672,56997.861883174206,69988.78373063284,96572.39098618412,0.0,33828.867164760304,53454.64634875322,24504.504504504504
24544.544544544548,40612.544544544544,58972.544544544544,19219.94494312489,46315.58606099396,70907.19927399064,101045.99244461325,20018.7424684121,44065.420091309825,50590.09969963507,68061.96338023299,77001.0416276773,29143.420950455267,43565.75789780142,57037.22929058963,70066.57156647547,96648.2875619455,0.0,33872.35201901275,53531.281614620886,24544.544544544544
24584.584584584587,40652.58458458458,59012.58458458458,19221.073677723238,46355.6171928927,70957.91891721255,101154.31313509448,20019.561693226224,44105.44003472212,50632.31745157896,68141.80457297004,77078.38375501017,29149.730499041576,43606.62172093856,57076.589259194356,70144.37182292822,96724.19420540478,0.0,33915.824069775466,53607.92968397829,24584.584584584583
24624.624624624626,40692.62462462462,59052.62462462462,19222.200492486765,46395.64831789571,71008.58674090162,101262.68757183898,20020.378778997547,44145.46008869088,50674.52843743996,68221.64651762255,77155.73392499682,29156.026469359364,43647.48411557191,57115.94188329797,70222.18439781306,96800.11088170542,0.0,33959.28338165107,53684.59049222281,24624.624624624623
24664.664664664666,40732.66466466466,59092.66466466466,19223.325393013976,46435.67943619579,71059.20304591664,101371.11544819693,20021.193734304874,44185.480252465015,50716.732685998475,68301.489210662,77233.09210455764,29162.308901428245,43688.345084262895,57155.28725610316,70300.00919005075,96876.03755614294,0.0,34002.730018857386,53761.26397513661,24664.664664664662
24704.70470470471,40772.70470470471,59132.70470470471,19224.44838487782,46475.710547983464,71109.76813136441,101479.59645929786,20022.006567679895,44225.5005252997,50758.93022588612,68381.33264858171,77310.45826078083,29168.57783511699,43729.20462958032,57194.6254697201,70377.84609964653,96951.97419416429,0.0,34046.1640452299,53837.95006888422,24704.70470470471
24744.74474474475,40812.74474474475,59172.74474474475,19225.569473625943,46515.741653447156,71160.28229460616,101588.13030204445,20022.81728760749,44265.52090645615,50801.121085586485,68461.17682789688,77387.83236092149,29174.8333101443,43770.06275410022,57233.9566151806,70455.69502767631,97027.92076136709,0.0,34089.58552422408,53914.648710010166,24744.74474474475
24784.784784784788,40852.78478478479,59212.78478478479,19226.68866478077,46555.77275277312,71210.7458312638,101696.71667510625,20023.62590252608,44305.541395201675,50843.30529343605,68541.02174514427,77465.21437240063,29181.075366079564,43810.91946040545,57273.28078245199,70533.55587627295,97103.87722349876,0.0,34132.994518917796,53991.35983543657,24784.784784784788
24824.824824824827,40892.82482482483,59252.82482482483,19227.8059638397,46595.80384614553,71261.1590352263,101805.35527891261,20024.43242082795,44345.561990809605,50885.48287762502,68620.8673968821,77542.60426280429,29187.304042343683,43851.774751085606,57312.59806045108,70611.42854861266,97179.84354645596,0.0,34176.39109201368,54068.083382460805,24824.824824824827
24864.864864864867,40932.86486486487,59292.86486486487,19228.921376275288,46635.834933746395,71311.5221986561,101914.04581564656,20025.23685085955,44385.5826925592,50927.653866198234,68700.7137796898,77620.00199988241,29193.51937820983,43892.628628736704,57351.90853705746,70689.31294890164,97255.81969628358,0.0,34219.77530584147,54144.81928875313,24864.864864864867
24904.904904904906,40972.904904904906,59332.904904904906,19230.034907535377,46675.866015755746,71361.83561199575,102022.78798923767,20026.03920092185,44425.60349973561,50969.81828705589,68780.56089016801,77697.40755154808,29199.721412804167,43933.481095960946,57391.21229912713,70767.20898236298,97331.80563917421,0.0,34263.147222360356,54221.56749235436,24904.904904904906
24944.944944944946,41012.944944944946,59372.944944944946,19231.14656304326,46715.89709235151,71412.09956397444,102131.5815053555,20026.83947927063,44465.62441162981,51011.97616795449,68860.40872493826,77774.8208858765,29205.910185106648,43974.33215536656,57430.50943250551,70845.11655522365,97407.8013414673,0.0,34306.5069031613,54298.32793167354,24944.944944944946
24984.984984984985,41052.984984984985,59412.984984984985,19232.256348197872,46755.9281637096,71462.31434161469,102240.42607140276,20027.63769411682,44505.645427538584,51054.12753650762,68940.25728064284,77852.24197110406,29212.085733951793,44015.18180956744,57469.80002204049,70923.03557470175,97483.80676964838,0.0,34349.85440946936,54375.1005454856,24984.984984984985
25025.02502502503,41093.02502502503,59453.02502502503,19233.36426837389,46795.95923000394,71512.48023023907,102349.32139650825,20028.433853626797,44545.66654676438,51096.27242018682,69020.10655394476,77929.67077562743,29218.248098029362,44056.03006118311,57509.08415159525,71000.96594899397,97559.82189034848,0.0,34393.189802145986,54451.88527292911,25025.025025025032
25065.065065065068,41133.06506506507,59493.06506506507,19234.470328921936,46835.99029140647,71562.59751347691,102458.26719152002,20029.227965922706,44585.68776861537,51138.410846322346,69099.95654152741,78007.10726800258,29224.397315885137,44096.876912838336,57548.36190406083,71078.90758726298,97635.8466703431,0.0,34436.513141691285,54528.68205350392,25065.06506506507
25105.105105105107,41173.10510510511,59533.10510510511,19235.574535168726,46876.02134808717,71612.66647327138,102567.26316899832,20030.02003908273,44625.70909240529,51180.542842104,69179.80724009458,78084.55141694404,29230.533425921676,44137.72236716303,57587.63336136869,71156.86039962544,97711.88107655183,0.0,34479.824488246355,54605.49082706897,25105.10510510511
25145.145145145147,41213.14514514515,59573.14514514515,19236.676892417167,46916.05240021407,71662.6873898861,102676.30904320841,20030.81008114149,44665.73051745347,51222.668434582054,69259.65864637017,78162.00319132372,29236.656466398992,44178.56642679199,57626.898604502756,71234.8242971398,97787.92507603733,0.0,34523.12390159549,54682.31153383995,25145.14514514515
25185.185185185186,41253.18518518519,59613.18518518519,19237.777405946606,46956.083447953344,71712.66054191237,102785.40453011362,20031.598100090225,44705.752043084714,51264.78765066785,69339.51075709806,78239.46256017027,29242.766475435277,44219.40909436469,57666.15771351181,71312.79919179447,97863.97863600487,0.0,34566.411441168464,54759.144114387105,25185.18518518519
25225.225225225226,41293.22522522523,59653.22522522523,19238.8760810129,46996.11449146922,71762.586206276,102894.54934736804,20032.38410387718,44745.773668629314,51306.900517134825,69419.36356904206,78316.92949266799,29248.863491007673,44260.25037252509,57705.410767521156,71390.78499649605,97940.04172380138,0.0,34609.68716604276,54835.98850963292,25225.22522522523
25265.265265265265,41333.26526526527,59693.26526526527,19239.97292284858,47036.14553092407,71812.46465824444,103003.74321430922,20033.16810040787,44785.79539342291,51349.00706061915,69499.21707898568,78394.40395815598,29254.94755095295,44301.09026392152,57744.65784474449,71468.7816250578,98016.11430691485,0.0,34652.95113494578,54912.844660850016,25265.26526526527
25305.305305305305,41373.30530530531,59733.30530530531,19241.067936663043,47076.17656647844,71862.2961714339,103112.98585195115,20033.950097545385,44825.817216806565,51391.1073076206,69579.07128373193,78471.88592612738,29261.018692968137,44341.92877120628,57783.89902249548,71546.7889921883,98092.19635297362,0.0,34696.203406257104,54989.71250965881,25305.305305305308
25345.345345345348,41413.345345345355,59773.345345345355,19242.16112764263,47116.20759829102,71912.08101781654,103222.27698297656,20034.73010311066,44865.83913812657,51433.20128450333,69658.92618010324,78549.37536622831,29267.07695461135,44382.765897035664,57823.13437719917,71624.8070134802,98168.28782974569,0.0,34739.44403801064,55066.59199802541,25345.345345345355
25385.385385385387,41453.385385385394,59813.385385385394,19243.252500950846,47156.238626518665,71961.81946772752,103331.61633172989,20035.508124882785,44905.861156734485,51475.28901749664,69738.78176494138,78626.87224825707,29273.122373302394,44423.60164406967,57862.363984403215,71702.83560539914,98244.38870513791,0.0,34782.67308789683,55143.483068259346,25385.385385385394
25425.425425425427,41493.425425425434,59853.425425425434,19244.34206172843,47196.269651316536,72011.51178987247,103441.00362420976,20036.284170599338,44945.8832719871,51517.37053269572,69818.63803510711,78704.37654216331,29279.15498632347,44464.43601497182,57901.58791878902,71780.87468527287,98320.49894719543,0.0,34825.890613264826,55220.38566301146,25425.425425425434
25465.465465465466,41533.46546546547,59893.46546546547,19245.42981509356,47236.300672837904,72061.15825133452,103550.4385880614,20037.058247956535,44985.9054832463,51559.4458560626,69898.49498748031,78781.88821804707,29285.174830819873,44505.26901240899,57940.80625418264,71858.92417128044,98396.61852410086,0.0,34869.09667112467,55297.29972527173,25465.465465465473
25505.505505505505,41573.50550550551,59933.50550550551,19246.515766141947,47276.33169123438,72110.7591175818,103659.9209525694,20037.83036460967,45025.92778987915,51601.51501342667,69978.35261895956,78859.40724615802,29291.18194380065,44546.10063905125,57980.01906356565,71936.98398244174,98472.74740417376,0.0,34912.29131814944,55374.22519836709,25505.505505505513
25545.545545545545,41613.54554554555,59973.54554554555,19247.59991994702,47316.362706655826,72160.31465247479,103769.45044865011,20038.600528173305,45065.950191257645,51643.578030485616,70058.21092646221,78936.9335968945,29297.176362139275,44586.93089757165,58019.226419085724,72015.05403860693,98548.88555586973,0.0,34955.474610677345,55451.162025959304,25545.545545545552
25585.585585585584,41653.58558558559,60013.58558558559,19248.682281560006,47356.39371925038,72209.82511827358,103879.02680884399,20039.368746221546,45105.972686758905,51685.63493280615,70138.06990692417,79014.46724080277,29303.158122574303,44627.7597906461,58058.42839206702,72093.13426044617,98625.0329477799,0.0,34998.6466047139,55528.110152042864,25585.58558558559
25625.625625625624,41693.62562562563,60053.62562562563,19249.762856010162,47396.42472916448,72259.29077564536,103988.64976730812,20040.13502628835,45145.99527576498,51727.6857458247,70217.92955729966,79092.00814857607,29309.12726171007,44668.587320953164,58097.62505302082,72171.22456943951,98701.18954863021,0.0,35041.80735593404,55605.06952094285,25625.62562562563
25665.66566566567,41733.66566566567,60093.66566566567,19250.841648304795,47436.455736542885,72308.71188367196,104098.31905980871,20040.899375867823,45186.01795766276,51769.73049484827,70297.78987456132,79169.55629105383,29315.08381601731,44709.4134911739,58136.81647165535,72249.3248878668,98777.35532728065,0.0,35084.95691968418,55682.04007731283,25665.665665665667
25705.70570570571,41773.70570570571,60133.70570570571,19251.9186634295,47476.48674152876,72358.0886998571,104208.03442371316,20041.661802414397,45226.04073184409,51811.769205055076,70377.65085569982,79247.11163922088,29321.0278218338,44750.23830399171,58176.00271688613,72327.43513879791,98853.53025272471,0.0,35128.09535098434,55759.021766132784,25705.705705705706
25745.74574574575,41813.74574574575,60173.74574574575,19252.993906348223,47516.517744263554,72407.42148013411,104317.79559798285,20042.422313343202,45266.06359770559,51853.80190149535,70457.51249772386,79324.67416420649,29326.959315365013,44791.06176209217,58215.1838568457,72405.55524608296,98929.71429408866,0.0,35171.22270453022,55836.01453270702,25745.745745745746
25785.78578578579,41853.78578578579,60213.78578578579,19254.067382003446,47556.54874488715,72456.7104788734,104427.60232316493,20043.180916030266,45306.08655464866,51895.828609092096,70537.37479766,79402.24383728369,29332.87833268481,44831.883868162855,58254.35995889347,72483.68513434276,99005.90742063083,0.0,35214.33903469525,55913.01832266211,25785.785785785785
25825.82582582583,41893.82582582583,60253.82582582583,19255.139095316303,47596.5797435378,72505.95594888992,104537.45434138508,20043.93761781281,45346.10960207943,51937.84935264178,70617.2377525526,79479.82062986834,29338.784909735987,44872.704624893275,58293.53108962542,72561.82472895923,99082.10960174105,0.0,35257.44439553265,55990.03308194483,25825.825825825825
25865.865865865868,41933.86586586587,60293.86586586587,19256.209051186685,47636.61074035221,72555.15814145081,104647.35139633965,20044.692425989502,45386.132739408735,51979.864156815056,70697.10135946354,79557.40451351836,29344.67908233098,44913.52403497457,58332.69731488345,72639.97395606627,99158.32080693993,0.0,35300.53884077746,56067.05875682014,25865.865865865864
25905.905905905907,41973.90590590591,60333.90590590591,19257.277254493405,47676.64173546548,72604.31730628302,104757.29323328767,20045.445347820707,45426.15596605203,52021.87304615753,70776.96561547223,79634.99545993294,29350.56088615241,44954.342101099544,58371.85869976485,72718.13274254042,99234.54100587819,0.0,35343.622423848574,56144.09529386913,25905.905905905904
25945.94594594595,42013.94594594595,60373.94594594595,19258.34371009431,47716.672729011174,72653.43369158078,104867.2795990435,20046.196390528763,45466.179281429366,52063.87604509047,70856.83051767541,79712.5934409517,29356.4303567538,44995.158825962346,58411.015308631584,72796.30101599185,99310.77016833611,0.0,35386.69519785079,56221.142639987054,25945.94594594595
25985.98598598599,42053.985985985986,60413.985985985986,19259.40842282642,47756.70372112132,72702.50754401344,104977.31024196875,20046.945561298227,45506.20268496538,52105.87317791146,70936.696063187,79790.19842855386,29362.28752956014,45035.97421225844,58450.16720511923,72874.47870475541,99387.0082642227,0.0,35429.75721557675,56298.200742381225,25985.98598598599
26026.02602602603,42094.026026026026,60454.026026026026,19260.471397506066,47796.73471192646,72751.5391087329,105087.38491196473,20047.692867276113,45546.22617608919,52147.86446879522,71016.56224913808,79867.81039485757,29368.13243986847,45076.78826268444,58489.31445214614,72952.66573788183,99463.25526357528,0.0,35472.808529508955,56375.26954856913,26026.02602602603
26066.06606606607,42134.066066066065,60494.066066066065,19261.532638928966,47836.76570155561,72800.52862938141,105197.50336046435,20048.43831557218,45586.24975423442,52189.84994179423,71096.42907267663,79945.42931211894,29373.965122848567,45117.600979937946,58528.45711192224,73030.86204512903,99539.51113655863,0.0,35515.8491918218,56452.34900637641,26066.06606606607
26106.10610610611,42174.106106106105,60534.106106106105,19262.592151870413,47876.79669013631,72849.47634809917,105307.66534042466,20049.181913259148,45626.2734188391,52231.82962083945,71176.29653096755,80023.05515273141,29379.785613543452,45158.41236671746,58567.5952459577,73109.06755695351,99615.77585346454,0.0,35558.87925438346,56529.43906393487,26106.10610610611
26146.146146146148,42214.146146146144,60574.146146146144,19263.64994108536,47916.82767779461,72898.38250553199,105417.87060631876,20049.92366737296,45666.29716934567,52273.80352974105,71256.16462119235,80100.68788922486,29385.593946870064,45199.22242572215,58606.72891507165,73187.28220450196,99692.04938471105,0.0,35601.89876875788,56606.53966968056,26146.146146146148
26186.186186186187,42254.18618618618,60614.18618618618,19264.706011308564,47956.85866465519,72947.24734083904,105528.11891412816,20050.663584913043,45706.3210052009,52315.771692189046,71336.03334054921,80178.32749426493,29391.39015761982,45240.031159651895,58645.85817940067,73265.50591960287,99768.33170084184,0.0,35644.90778620675,56683.65077235181,26186.186186186187
26226.226226226227,42294.22622622622,60654.22622622622,19265.760367254694,47996.88965084117,72996.0710917005,105638.41002133477,20051.401672842483,45746.34492585587,52357.73413175408,71415.90268625278,80255.97394065215,29397.174280459214,45280.83857120695,58684.98309840706,73343.73863475843,99844.62277252568,0.0,35687.9063576914,56760.77232098728,26226.226226226227
26266.26626626627,42334.26626626628,60694.26626626628,19266.81301361845,48036.92063647436,73044.8539943253,105748.74368691325,20052.13793808837,45786.368930765995,52399.690871887986,71495.77265553402,80333.62720132127,29402.946349930422,45321.64466308802,58724.10373088726,73421.98028313623,99920.92257055569,0.0,35730.894533874714,56837.9042649241,26266.266266266273
26306.30630630631,42374.30630630632,60734.30630630632,19267.863955074707,48076.95162167512,73093.59628345873,105859.11967132299,20052.87238754196,45826.3930193908,52441.64193592458,71575.64324564015,80411.28724934037,29408.706400451807,45362.44943799596,58763.22013497987,73500.23079856145,99997.23106584878,0.0,35773.872365123054,56915.04655379587,26306.306306306313
26346.34634634635,42414.346346346356,60774.346346346356,19268.913196278616,48116.982606562444,73142.29819239027,105969.53773650041,20053.605028058933,45866.41719119413,52483.58734708028,71655.5144538345,80488.95405791025,29414.454466318588,45403.252898631756,58802.33236817377,73578.49011550883,100073.54822944514,0.0,35816.83990150819,56992.19913753086,26346.346346346352
26386.386386386388,42454.386386386395,60814.386386386395,19269.96074186572,48157.01359125393,73190.95995296126,106079.99764585102,20054.33586645963,45906.4414456439,52525.5271284548,71735.38627739644,80566.6276003636,29420.190581703377,45444.05504769641,58841.44048731601,73656.7581690951,100149.87403250742,0.0,35859.79719280912,57069.36196635005,26386.38638638639
26426.426426426427,42494.426426426435,60854.426426426435,19271.00659645208,48197.04457586583,73239.58179557267,106190.49916424157,20055.064909529297,45946.465782212166,52567.4613030318,71815.25871362112,80644.30785016423,29425.914780656745,45484.855887890815,58880.54454861968,73735.0348950711,100226.20844632023,0.0,35902.74428851399,57146.53499076529,26426.42642642643
26466.466466466467,42534.466466466474,60894.466466466474,19272.0507646344,48237.075560513054,73288.16394919257,106301.04205799234,20055.792164018294,45986.490200375054,52609.389893679574,71895.13175981955,80721.99478090635,29431.627097107747,45525.65542191556,58919.64460767152,73813.32022981436,100302.55144228961,0.0,35945.681237821955,57223.718161577446,26466.46646646647
26506.506506506506,42574.506506506514,60934.506506506514,19273.093250990114,48277.10654530916,73336.70664136425,106411.62609486902,20056.51763664237,46026.51469961278,52651.312923151694,71975.00541331834,80799.68836631386,29437.327564864587,45566.45365247093,58958.74071943971,73891.61411032158,100378.90299194228,0.0,35988.608089645,57300.91142987452,26506.50650650651
26546.546546546546,42614.54654654655,60974.54654654655,19274.134060077533,48317.13753036643,73385.21009821363,106522.25104407514,20057.241334082795,46066.539279409524,52693.230414087695,72054.87967145967,80877.38858023961,29443.01621761507,45607.25058225674,58997.83293828112,73969.91647420125,100455.26306692508,0.0,36031.52489260982,57378.11474702983,26546.54654654655
26586.586586586593,42654.586586586585,61014.586586586585,19275.17319643593,48357.16851579584,73433.67454445704,106632.91667624415,20057.963262986723,46106.563939253414,52735.14238901366,72134.7545316011,80955.0953966646,29448.693088927197,45648.04621397222,59036.921317949,74048.22725966659,100531.63163900454,0.0,36074.4316950596,57455.32806470017,26586.586586586585
26626.626626626632,42694.626626626625,61054.626626626625,19276.210664585702,48397.199501707044,73482.10020340898,106743.62276343144,20058.683429967292,46146.58867863657,52777.048870342966,72214.6299911156,81032.80878969734,29454.358212249732,45688.840550315974,59076.00591160001,74126.54640552803,100608.00868006599,0.0,36117.32854505588,57532.551334824006,26626.626626626625
26666.66666666667,42734.666666666664,61094.666666666664,19277.246469028407,48437.23048820847,73530.4872969898,106854.36907910668,20059.401841603907,46186.61349705495,52818.949880376844,72294.50604739122,81110.52873357308,29460.011620912723,45729.633593985774,59115.08677180168,74204.87385118658,100684.39416211323,0.0,36160.215490380346,57609.78450961966,26666.666666666664
26706.70670670671,42774.706706706704,61134.706706706704,19278.280614246953,48477.261475407264,73578.83604573342,106965.15539814591,20060.11850444247,46226.638394008405,52860.84544130509,72374.38269783117,81188.25520265309,29465.653348128028,45770.42534767851,59154.163950539274,74283.20953662656,100760.78805726781,0.0,36203.09257853658,57687.027541583535,26706.706706706704
26746.74674674675,42814.74674674674,61174.74674674674,19279.31310470564,48517.2924634093,73627.14666879497,107075.98149682384,20060.833424995555,46266.66336900062,52902.73557520663,72454.25993985367,81265.988171424,29471.28342698991,45811.215814090145,59193.237499222974,74361.55340240891,100837.19033776854,0.0,36245.95985675193,57764.28038348831,26746.746746746743
26786.78678678679,42854.78678678678,61214.78678678678,19280.343944850338,48557.32345231932,73675.4193839585,107186.8471528058,20061.546609742647,46306.68842153906,52944.620304050215,72534.13777089177,81343.72761449702,29476.90189047551,45852.004995915515,59232.307468694686,74439.90538966423,100913.60097597074,0.0,36288.81737197919,57841.542988381174,26786.786786786783
26826.82682682683,42894.82682682682,61254.82682682682,19281.373139108528,48597.35444224068,73723.65440764464,107297.75214514024,20062.258065130387,46346.713551134955,52986.499649695,72614.01618839332,81421.47350660729,29482.50877144541,45892.79289584829,59271.373909234986,74518.26544008634,100990.01994434593,0.0,36331.66517089842,57918.81530958206,26826.826826826822
26866.86686686687,42934.86686686686,61294.86686686686,19282.400691889467,48637.385433275726,73771.85195491838,107408.69625425077,20062.96779757274,46386.73875730325,53028.37363389122,72693.89518982083,81499.22582261317,29488.104102644153,45933.579516580874,59310.43687056965,74596.63349592555,101066.44721548092,0.0,36374.50329991868,57996.09730068191,26866.86686686686
26906.906906906912,42974.90690690691,61334.90690690691,19283.426607584253,48677.416425525465,73820.01223949651,107519.67926192834,20063.675813451227,46426.7640395626,53070.2422782808,72773.77477265138,81576.9845374955,29493.687916700797,45974.364860804315,59349.49640187656,74675.00949998214,101142.8827620776,0.0,36417.331805179776,58073.388915540956,26906.90690690691
26946.94694694695,43014.94694694695,61374.94694694695,19284.450890565946,48717.44741908979,73868.13547375546,107630.70095132352,20064.382119115115,46466.78939743527,53112.105604397904,72853.65493437645,81654.74962635698,29499.260246129346,46015.148931208205,59388.552551792,74753.39339560005,101219.32655695209,0.0,36460.15073255394,58150.6901082869,26946.946946946948
26986.98698698699,43054.98698698699,61414.98698698699,19285.473545189714,48757.4784140674,73916.22186873887,107741.76110693897,20065.086720881685,46506.81483044722,53153.963633669664,72933.53567250195,81732.52106442144,29504.821123329355,46055.93173048057,59427.60536841723,74831.78512666047,101295.77857303427,0.0,36502.960127647624,58228.00083331334,26986.986986986987
27027.02702702703,43095.02702702703,61455.02702702703,19286.494575792847,48797.50941055588,73964.27163416511,107852.85951462129,20065.789625036356,46546.84033812796,53195.816387416686,73013.41698454804,81810.29882703314,29510.370580586427,46096.713261307865,59466.654899324894,74910.1846375756,101372.23878336736,0.0,36545.760035803156,58305.32104527793,27027.027027027027
27067.06706706707,43135.067067067066,61495.067067067066,19287.513986694936,48837.540408651636,74012.28497843513,107963.99596155364,20066.49083783295,46586.865920010554,53237.66388685376,73093.298868049,81888.08288965614,29515.90865007269,46137.493526374725,59505.70119156526,74988.5918732826,101448.7071611071,0.0,36588.55050210043,58382.65069910078,27067.067067067066
27107.10710710711,43175.107107107106,61535.107107107106,19288.53178219798,48877.57140844995,74060.26210863974,108075.17023624788,20067.19036549388,46626.891575631635,53279.50615309034,73173.18132055312,81965.87322787366,29521.435363847333,46178.272528364134,59544.74429167243,75067.00677923737,101525.18367952137,0.0,36631.33157135862,58459.9897499627,27107.107107107106
27147.14714714715,43215.147147147145,61575.147147147145,19289.547966586422,48917.602410045,74108.20323056744,108186.38212853685,20067.888214210347,46666.91730453131,53321.343207131256,73253.06433962277,82043.6698173872,29526.95075385711,46219.05026995704,59583.78424567043,75145.42930140867,101601.66831198963,0.0,36674.103288137834,58537.3381533036,27147.147147147145
27187.18718718719,43255.18718718719,61615.18718718719,19290.56254412732,48957.6334135299,74156.10854871193,108297.63142956687,20068.584390142518,46706.94310625315,53363.175069877245,73332.94792283404,82121.47263401622,29532.454851936785,46259.82675383253,59622.82109907938,75223.85938627212,101678.1610320023,0.0,36716.86569674079,58614.69586482079,27187.18718718719
27227.22722722723,43295.22722722723,61655.22722722723,19291.575519070382,48997.66441899654,74203.97826627948,108408.91793178977,20069.278899419798,46746.96898034415,53405.00176212553,73412.83206777684,82199.28165369708,29537.947689809724,46300.601982667584,59661.85489692125,75302.29698080452,101754.66181316029,0.0,36759.61884121444,58692.06284046726,27227.22722722723
27267.26726726727,43335.26726726727,61695.26726726727,19292.586895648154,49037.69542653587,74251.81258519669,108520.24142895562,20069.97174814093,46786.994926354724,53446.82330457052,73492.71677205471,82277.09685248273,29543.429299088293,46341.37595913712,59700.88568372595,75380.74203247786,101831.17062917439,0.0,36802.36276535163,58769.439036450174,27267.26726726727
27307.30730730731,43375.30730730731,61735.30730730731,19293.596678076014,49077.72643623768,74299.61170611797,108631.6017161049,20070.662942374285,46827.02094383869,53488.6397178042,73572.60203328477,82354.91820654192,29548.89971127443,46382.14868591382,59739.91350353697,75459.1944892539,101907.68745386472,0.0,36845.097512692766,58846.824409229164,27307.30730730731
27347.34734734735,43415.34734734735,61775.34734734735,19294.60487055237,49117.75744819079,74347.37582843279,108742.99858956083,20071.352488157958,46867.04703235316,53530.451022316935,73652.48784909763,82432.74569215841,29554.358957760072,46422.92016566811,59778.93839991721,75537.65429957835,101984.21226116031,0.0,36887.82312652736,58924.21891551469,27347.34734734735
27387.38738738739,43455.38738738739,61815.38738738739,19295.611477258688,49157.78846248283,74395.10515027345,108854.43184692194,20072.040391500053,46907.07319145859,53572.25723849786,73732.3742171372,82510.57928573061,29559.80706982765,46463.69040106806,59817.9604159546,75616.12141237548,102060.74502509853,0.0,36930.5396498957,59001.62251226647,27387.38738738739
27427.42742742743,43495.42742742743,61855.42742742743,19296.616502359633,49197.819479200574,74442.79986852242,108965.90128705456,20072.726658378815,46947.09942071874,53614.05838663555,73812.26113506079,82588.41896377067,29565.244078650587,46504.45939477931,59856.97959426763,75694.59577704266,102137.28571982437,0.0,36973.247125590424,59079.03515669186,27427.42742742743
27467.467467467468,43535.46746746747,61895.46746746747,19297.619950003085,49237.85049842961,74490.46017881966,109077.40671008496,20073.411294742844,46987.12571970059,53655.85448691864,73892.14860053873,82666.26470290402,29570.670015293796,46545.227149465056,59895.995977010956,75773.07734344482,102213.83431959015,0.0,37015.94559615812,59156.456806244285,27467.467467467468
27507.50750750751,43575.507507507515,61935.507507507515,19298.62182432038,49277.88152025463,74538.0862755703,109188.94791739224,20074.09430651128,47027.15208797436,53697.645559436205,73972.03661125456,82744.11647986867,29576.084910714082,46585.99366778591,59935.009605880725,75851.56606190943,102290.39079875493,0.0,37058.635103900895,59233.88741862164,27507.507507507515
27547.54754754755,43615.547547547554,61975.547547547554,19299.62212942627,49317.912544759245,74585.6783519517,109300.52471160059,20074.775699574,47067.178525113486,53739.43162417853,74051.92516490481,82821.97427151451,29581.488795760695,46626.75895239985,59974.02052211995,75930.06188322091,102366.9551317839,0.0,37101.31569087794,59311.32695176471,27547.547547547554
27587.58758758759,43655.58758758759,62015.58758758759,19300.62086941906,49357.9435720261,74633.2365999211,109412.13689657168,20075.455479791744,47107.20503069457,53781.21270103754,74131.81425919886,82899.83805480285,29586.881701175746,46667.52300596216,60013.02876652384,76008.5647586158,102443.52729324799,0.0,37143.98739890712,59388.77536385566,27587.587587587594
27627.62762762763,43695.62762762763,62055.62762762763,19301.61804838073,49397.97460213687,74680.76121022284,109523.7842773977,20076.1336529964,47147.23160429733,53822.98880980743,74211.70389185897,82977.70780680564,29592.26365759468,46708.28583112541,60052.03437944509,76087.0746397774,102520.1072578232,0.0,37186.650269566475,59466.232613316424,27627.627627627633
27667.66766766767,43735.66766766767,62095.66766766767,19302.613670376995,49438.00563517225,74728.25237239568,109635.46666039343,20076.810224991095,47187.25824550466,53864.75997018519,74291.59406062013,83055.58350470496,29597.634695546785,46749.04743053932,60091.037400798814,76165.59147883087,102596.69500029026,0.0,37229.3043441958,59543.69865880722,27667.667667667673
27707.70770770771,43775.70770770771,62135.70770770771,19303.60773945743,49478.03667121199,74775.71027478002,109747.1838530891,20077.48520155044,47227.28495390251,53906.5262017711,74371.4847632299,83133.46512579231,29602.994845455552,46789.8078068507,60130.037870067834,76244.11522833823,102673.29049553396,0.0,37271.94966389815,59621.173459224985,27707.707707707712
27747.747747747748,43815.74774774775,62175.74774774775,19304.600259655504,49518.067710334835,74823.13510452551,109858.93566422292,20078.158588420658,47267.31172907987,53948.287524069376,74451.37599744851,83211.35264746807,29608.34413763925,46830.566962703495,60169.03582630761,76322.6458412934,102749.89371854276,0.0,37314.586269541374,59698.65697370187,27747.74774774775
27787.787787787787,43855.78778778779,62215.78778778779,19305.591234988722,49558.09875261864,74870.5270475978,109970.72190373379,20078.830391319796,47307.338570628795,53990.04395648867,74531.26776104858,83289.24604724089,29613.682602311317,46871.32490073856,60208.03130815117,76401.18327111742,102826.50464440821,0.0,37357.214201759605,59776.14916160377,27787.78778778779
27827.82782782783,43895.82782782784,62255.82782782784,19306.5806694587,49598.129798140355,74917.88628878625,110082.54238275389,20079.500615937897,47347.365478144384,54031.79551834258,74611.1600518151,83367.14530272705,29619.010269580787,46912.08162359376,60247.02435381412,76479.72747165375,102903.12324832458,0.0,37399.83350095477,59853.649982528725,27827.827827827838
27867.86786786787,43935.86786786788,62295.86786786788,19307.56856705125,49638.160846975894,74965.21301171074,110194.3969136015,20080.169267937163,47387.39245122464,54073.54222885023,74691.0528675454,83445.05039164981,29624.327169452812,46952.8371339038,60286.01500109925,76558.27839716333,102979.74950558807,0.0,37442.44420729809,59931.159396305535,27867.867867867877
27907.90790790791,43975.90790790792,62335.90790790792,19308.55493173647,49678.1918992004,75012.50739882913,110306.28530977355,20080.836352952138,47427.41948947057,54115.28410713679,74770.94620604898,83522.96129183902,29629.633331829045,46993.591434300215,60325.0032874015,76636.83600232015,103056.38339159658,0.0,37485.046360731525,60008.67736299221,27907.907907907917
27947.94794794795,44015.947947947956,62375.947947947956,19309.539767468843,49718.222954888006,75059.76963144429,110418.20738593863,20081.501876589893,47467.44659248613,54157.021172233945,74850.84006514751,83600.87798123024,29634.928786508102,47034.34452741131,60363.98924971257,76715.40024220652,103133.0248818492,0.0,37527.64000096929,60086.203842874565,27947.947947947956
27987.987987987988,44055.987987987995,62415.987987987995,19310.523078187314,49758.254014112026,75106.99988971118,110530.16295792947,20082.165844430157,47507.47375987814,54198.75344308056,74930.73444267467,83678.80043786441,29640.21356318603,47075.09641586213,60402.97292462557,76793.97107230863,103209.67395194559,0.0,37570.22516749927,60163.738796464706,27987.987987987995
28028.028028028028,44096.028028028035,62456.028028028035,19311.50486781535,49798.28507694484,75154.19835264402,110642.15184273593,20082.828262025534,47547.50099125634,54240.48093852309,75010.62933647614,83756.7286398871,29645.487691456696,47115.84710227435,60441.9543483396,76872.54844851201,103286.3305775855,0.0,37612.80189958452,60241.28218449958,28028.028028028035
28068.068068068067,44136.068068068074,62496.068068068074,19312.485140261095,49838.31614345802,75201.36519812344,110754.17385849784,20083.48913490164,47587.5282862333,54282.2036773161,75090.52474440943,83834.66256554797,29650.751200812276,47156.59658926627,60480.93355666428,76951.13232709715,103362.99473456843,0.0,37655.370236264636,60318.83396793958,28068.068068068074
28108.108108108107,44176.108108108114,62536.108108108114,19313.463899417377,49878.34721372217,75248.50060290324,110866.22882449777,20084.148468557294,47627.55564442444,54323.92167812286,75170.42066434387,83912.6021932002,29656.004120643625,47197.344879452765,60519.91058502416,77029.72266473508,103439.66639879302,0.0,37697.93021635726,60396.39410796707,28108.108108108114
28148.148148148153,44216.148148148146,62576.148148148146,19314.441149161863,49918.37828780714,75295.60474261772,110978.31656115399,20084.806268464672,47667.58306544798,54365.634959515795,75250.31709416048,83990.5475013,29661.246480240774,47238.091975445204,60558.885468463195,77108.31941848315,103516.3455462566,0.0,37740.48187845946,60473.96256598499,28148.14814814815
28188.188188188193,44256.188188188185,62616.188188188185,19315.416893357095,49958.40936578189,75342.67779178855,111090.43689001341,20085.462540069457,47707.61054892491,54407.34353997701,75330.21403175197,84068.4984684058,29666.47830879329,47278.83787985141,60597.85824164905,77186.92254578075,103593.03215305464,0.0,37783.02526094916,60551.53930361541,28188.18818818819
28228.228228228232,44296.228228228225,62656.228228228225,19316.391135850576,49998.44044771455,75389.71992383164,111202.58963374438,20086.11728879104,47747.63809447903,54449.047437898815,75410.11147502257,84146.45507317796,29671.699635390793,47319.58259527564,60636.8289388774,77265.5320044451,103669.72619538044,0.0,37825.56040198651,60629.124282698176,28228.22822822823
28268.26826826827,44336.268268268264,62696.268268268264,19317.36388047487,50038.471533672404,75436.73131106411,111314.77461612994,20086.77052002263,47787.665701736805,54490.74667158416,75490.00942188797,84224.41729437804,29676.910489023263,47360.32612431852,60675.7975940762,77344.1477526671,103746.42764952453,0.0,37868.08733951533,60706.717465289476,28268.268268268268
28308.30830830831,44376.308308308304,62736.308308308304,19318.33513104771,50078.50262372193,75483.71212471137,111426.99166206055,20087.422239131476,47827.69337032746,54532.44125924727,75569.90787027535,84302.38511086832,29682.11089858155,47401.06846957699,60714.76424080977,77422.7697490073,103823.13649187422,0.0,37910.606111264475,60784.31881366045,28308.308308308307
28348.34834834835,44416.34834834834,62776.34834834834,19319.30489137201,50118.53371792881,75530.66253491376,111539.24059752717,20088.072451458997,47867.72109988292,54574.13121901405,75649.80681812303,84380.35850161113,29687.30089285777,47441.80963364428,60753.7289122831,77501.39795239185,103899.8526989131,0.0,37953.116754749186,60861.928290295866,28348.348348348347
28388.38838838839,44456.38838838838,62816.38838838838,19320.273165236,50158.56481635793,75577.5827107334,111651.5212496146,20088.721162320908,47907.7488900377,54615.816568922535,75729.70626338078,84458.33744566843,29692.480500545676,47482.54961910984,60792.69164134565,77580.03232210841,103976.57624722073,0.0,37995.61930727248,60939.545857892685,28388.388388388386
28428.428428428433,44496.42842842844,62856.42842842844,19321.239956413297,50198.59591907334,75624.47282016126,111763.83344649425,20089.368377007442,47947.77674042907,54657.49732692352,75809.60620400941,84536.32192220114,29697.649750241155,47523.28842855933,60831.65246049573,77658.67281780242,104053.30711347198,0.0,38038.113805926514,61017.17147935878,28428.428428428433
28468.468468468473,44536.468468468476,62896.468468468476,19322.205268662998,50238.62702613832,75671.33303012358,111876.17701741747,20090.014100783465,47987.80465069684,54699.17351088094,75889.50663798087,84614.31191046872,29702.808670442533,47564.02606457452,60870.61140188416,77737.31939947302,104130.04527443659,0.0,38080.600287593916,61094.805117811506,28468.468468468473
28508.508508508512,44576.508508508516,62936.508508508516,19323.169105729692,50278.6581376154,75718.16350648893,111988.55179270857,20090.65833888863,48027.832620483445,54740.84513857235,75969.40756327812,84692.30738982855,29707.95728955108,47604.76252973338,60909.568497318345,77815.97202746935,104206.7907069789,0.0,38123.07878894913,61172.44673657641,28508.508508508512
28548.54854854855,44616.548548548555,62976.548548548555,19324.131471343633,50318.68925356633,75764.96441407477,112100.95760375803,20091.301096537572,48067.86064943389,54782.512227689505,76049.30897789504,84770.30833973529,29713.09563587138,47645.49782660985,60948.52377826616,77894.63066248671,104283.54338805721,0.0,38165.54934645976,61250.0962991859,28548.54854854855
28588.58858858859,44656.588588588595,63016.588588588595,19325.092369220758,50358.72037405205,75811.73591665414,112213.39428301601,20091.94237892,48107.88873719575,54824.17479583877,76129.2108798364,84848.3147397406,29718.223737611697,47686.23195777397,60987.47727585968,77973.29526556282,104360.30329472336,0.0,38208.011996387875,61327.7537693779,28588.58858858859
28628.62862862863,44696.628628628634,63056.628628628634,19326.051803062783,50398.75149913284,75858.47817696244,112325.86166398512,20092.58219120089,48147.91688341913,54865.8328605416,76209.1132671178,84926.32656949236,29723.341622884447,47726.96492579174,61026.429020899064,78051.96579807418,104437.07040412232,0.0,38250.46677479132,61405.41911109457,28628.62862862863
28668.66866866867,44736.66866866867,63096.66866866867,19327.00977655728,50438.782628868146,75905.19135670387,112438.35958121408,20093.220538520625,48187.94508775662,54907.486439235,76289.01613776552,85004.34380873427,29728.44931970652,47767.69673322515,61065.37904385626,78130.64222173236,104513.84469349173,0.0,38292.913717525036,61483.09228848097,28668.66866866867
28708.70870870871,44776.70870870871,63136.70870870871,19327.966293377725,50478.81376331673,75951.87561655825,112550.88787029084,20093.857425995157,48227.97334986335,54949.13554927209,76368.91948981647,85082.36643730522,29733.546855999757,47808.42738263208,61104.32737487853,78209.32449858045,104590.62614016145,0.0,38335.35286024236,61560.77326588377,28708.70870870871
28748.748748748752,44816.74874874875,63176.74874874875,19328.921357183648,50518.844902536635,75998.53111618743,112663.44636783606,20094.492858716127,48268.00166939687,54990.78020792242,76448.8233213182,85160.39443513892,29738.634259591257,47849.1568765663,61143.27404379235,78288.0125909895,104667.41472155314,0.0,38377.78423839627,61638.462007849994,28748.748748748756
28788.788788788792,44856.78878878879,63216.78878878879,19329.874971620626,50558.87604658511,76045.15801424181,112776.03491149642,20095.126841751033,48308.030046017186,55032.42043237255,76528.72763032872,85238.42778226326,29743.71155821386,47889.88521757745,61182.21908010675,78366.70646165502,104744.21041517964,0.0,38420.207887240715,61716.158479125676,28788.788788788796
28828.82882882883,44896.82882882883,63256.82882882883,19330.827140320413,50598.907195518776,76091.756468367,112888.653339938,20095.759380143376,48348.05847938678,55074.05623972653,76608.6324149165,85316.46645879978,29748.77877950645,47930.61240821099,61221.16251301713,78445.4060735935,104821.01319864491,0.0,38462.623841831846,61793.862644654655,28828.828828828835
28868.86886886887,44936.86886886887,63296.86886886887,19331.77786690097,50638.93834939348,76138.32663521015,113001.30149283976,20096.390478912806,48388.08696917048,55115.687647006285,76688.5376731604,85394.51044496326,29753.835951014436,47971.33845100813,61260.10437140844,78524.111390139,104897.82304964322,0.0,38505.03213702932,61871.5744695773,28868.868868868874
28908.90890890891,44976.90890890891,63336.90890890891,19332.72715496659,50678.96950826442,76184.86867042641,113113.97921088713,20097.02014305524,48428.11551503557,55157.31467115203,76768.44340314956,85472.55972106109,29758.883100190025,48012.06334850585,61299.044683858876,78602.82237493983,104974.63994595887,0.0,38547.4328074975,61949.29391922924,28908.908908908914
28948.94894894895,45016.94894894895,63376.94894894895,19333.67500810794,50719.00067218606,76231.3827286855,113226.68633576533,20097.64837754306,48468.144116651616,55198.93732902292,76848.34960298329,85550.61426749284,29763.92025439272,48052.78710323687,61337.98347864322,78681.53899195507,105051.4638654658,0.0,38589.82588770675,62027.02095914011,28948.948948948953
28988.98898898899,45056.98898898899,63416.98898898899,19334.621429902098,50759.0318412122,76277.86896367776,113339.4227101529,20098.275187325187,48508.17277369061,55240.55563739728,76928.25627077115,85628.67406474972,29768.94744088961,48093.509717729605,61376.92078373622,78760.26120545139,105128.29478612708,0.0,38632.21141193463,62104.755555032345,28988.988988988993
29029.02902902903,45097.02902902903,63457.02902902903,19335.56642391274,50799.06301539601,76324.3275281208,113452.18817771564,20098.900577327287,48548.2014858268,55282.16961297318,77008.1634046328,85706.73909341411,29773.964686855816,48134.23119450808,61415.856626815876,78838.98897999988,105205.13268599451,0.0,38674.58941426715,62182.49767281994,29029.029029029032
29069.069069069075,45137.06906906907,63497.06906906907,19336.509993690062,50839.09419478986,76370.75857376576,113564.98258309969,20099.524552451843,48588.23025273683,55323.77927236889,77088.07100269786,85784.80933415901,29778.97201937482,48174.95153609201,61454.79103526675,78917.7222804726,105281.97754320821,0.0,38716.95992859999,62260.24727860723,29069.069069069068
29109.109109109115,45177.10910910911,63537.10910910911,19337.45214277098,50879.1253794456,76417.16225140338,113677.8057719256,20100.14711757836,48628.25907409955,55365.38463212322,77167.97906310594,85862.88476774759,29783.969465438877,48215.67074499666,61493.7240361833,78996.46107203963,105358.82933599618,0.0,38759.32298863968,62338.00433868765,29109.109109109108
29149.149149149154,45217.14914914915,63577.14914914915,19338.392874679128,50919.156569414365,76463.53871087052,113790.65759078178,20100.768277563475,48668.28794959613,55406.985708696084,77247.88758400656,85940.96537503265,29788.957051949328,48256.38882373294,61532.65565637293,79075.20532016584,105435.68804267386,0.0,38801.678627904854,62415.7688195426,29149.149149149147
29189.189189189194,45257.18918918919,63617.18918918919,19339.332192924965,50959.18776474657,76509.88810105619,113903.53788721825,20101.38803724108,48708.31687890997,55448.582518468815,77327.79656355907,86019.05113695617,29793.934805717076,48297.10577480722,61571.585922359234,79153.95499060779,105512.55364164378,0.0,38844.0268797274,62493.54068784018,29189.189189189186
29229.229229229233,45297.229229229226,63657.229229229226,19340.27010100578,50999.21896549214,76556.21056990784,114016.44650974039,20102.006401422463,48748.34586172673,55490.17507774476,77407.70599993256,86097.14203454886,29798.902753462848,48337.821600721465,61610.51486038519,79232.71004941074,105589.42611139509,0.0,38886.36777725366,62571.31991043402,29229.229229229226
29269.269269269273,45337.269269269265,63697.269269269265,19341.206602405866,51039.25017170022,76602.50626443744,114129.38330780284,20102.62337489647,48788.37489773424,55531.76340274953,77487.61589130582,86175.23804892955,29803.86092181761,48378.53630397313,61649.44249641615,79311.47046290559,105666.30543050311,0.0,38928.70135344566,62649.10645436215,29269.269269269265
29309.309309309312,45377.309309309305,63737.309309309305,19342.141700596512,51079.2813834194,76648.77533072763,114242.34813180302,20103.238962429605,48828.40398662256,55573.34750963157,77567.52623586735,86253.33916130479,29808.809337322953,48419.24988705508,61688.36885614293,79390.23619770582,105743.19157762903,0.0,38971.02764108217,62726.90028684575,29309.309309309305
29349.34934934935,45417.349349349344,63777.349349349344,19343.075399036086,51119.312600697616,76695.01791393777,114355.34083307523,20103.85316876618,48868.43312808391,55614.92741446249,77647.43703181508,86331.44535296841,29813.74802643141,48459.9623524557,61727.29396498484,79469.0072207047,105820.08453151942,0.0,39013.34667275999,62804.70137528806,29349.349349349344
29389.389389389395,45457.38938938939,63817.38938938939,19344.007701170118,51159.34382358226,76741.23415831014,114468.3612638845,20104.465998628446,48908.46232181268,55656.50313323762,77727.3482773566,86409.55660530101,29818.677015506833,48500.67370265878,61766.21784809261,79547.78349907233,105896.98427100581,0.0,39055.658480895014,62882.50968727316,29389.38938938939
29429.429429429434,45497.42942942943,63857.42942942943,19344.938610431327,51199.37505212,76787.42420717562,114581.40927742017,20105.077456716717,48948.49156750541,55698.07468187624,77807.25997070887,86487.67289976939,29823.596330824777,48541.38394014346,61805.14053035137,79626.56500025271,105973.89077500429,0.0,39097.963097723434,62960.32519056486,29429.42942942943
29469.469469469474,45537.46946946947,63897.46946946947,19345.868130239785,51239.406286356956,76833.58820296015,114694.48472779046,20105.6875477095,48988.52086486074,55739.64207622218,77887.17211009824,86565.7942179262,29828.505998572808,48582.093067384325,61844.062036383584,79705.35169196091,106050.80402251519,0.0,39140.260555302855,63038.14785310556,29469.46946946947
29509.509509509513,45577.50950950951,63937.50950950951,19346.79626400285,51279.43752633869,76879.72628719025,114807.5874700158,20106.29627626365,49028.55021357941,55781.20533204415,77967.08469376036,86643.92054140949,29833.40604485093,48622.8010868513,61882.98239055186,79784.14354218035,106127.72399262265,0.0,39182.550885513425,63115.9776430151,29509.50950950951
29549.549549549552,45617.54954954955,63977.54954954955,19347.72301511534,51319.46877211008,76925.83860049918,114920.7173600232,20106.903647014442,49068.57961336431,55822.76446503617,78046.99771994023,86722.05185194215,29838.296495671857,48663.508001009606,61921.9016169618,79862.94051915995,106204.65066449408,0.0,39224.834120058986,63193.81452858966,29549.54954954955
29589.589589589592,45657.58958958959,64017.58958958959,19348.648386959532,51359.50002371551,76971.92528263276,115033.87425464016,20107.509664575766,49108.60906392033,55864.31949081797,78126.91118689199,86800.1881313315,29843.177376961423,48704.21381231983,61960.8197394648,79941.7425914115,106281.58401737997,0.0,39267.110290468154,63271.65847830061,29589.58958958959
29629.62962962963,45697.62962962963,64057.62962962963,19349.572382905295,51399.531281198746,77017.98647245523,115147.05801158887,20108.114333540198,49148.63856495447,55905.870424935405,78206.82509287892,86878.3293614688,29848.048714558932,48744.91852323785,61999.73678166085,80020.54972770678,106358.52403061336,0.0,39309.37942809547,63349.50946079342,29629.629629629628
29669.669669669674,45737.669669669674,64097.669669669674,19350.49500631007,51439.56254460299,77064.0223079551,115260.26848948024,20108.71765847916,49188.668116175715,55947.41728286091,78286.73943617339,86956.47552432887,29852.910534217423,48785.622136214755,62038.65276690127,80099.36189707507,106435.47068360951,0.0,39351.64156412246,63427.367444886564,29669.669669669674
29709.709709709714,45777.709709709714,64137.709709709714,19351.41626051898,51479.59381397084,77110.03292625093,115373.50554780783,20109.31964394301,49228.69771729512,55988.96007999382,78366.6542150568,87034.62660196953,29857.76286160415,48826.32465369697,62077.567718291284,80178.17906880041,106512.42395586547,0.0,39393.89672955874,63505.2323995704,29709.709709709714
29749.749749749753,45817.74974974975,64177.74974974975,19352.33614886494,51519.62508934439,77156.01846359699,115486.76904694247,20109.920294461226,49268.72736802572,56030.4988316608,78446.56942781952,87112.78257653126,29862.605722300807,48867.02607812612,62116.481658692835,80257.00121241904,106589.38382695973,0.0,39436.14495524316,63583.1042940061,29749.749749749753
29789.789789789793,45857.78978978979,64217.78978978979,19353.254674668613,51559.656370765144,77201.97905538909,115600.05884812612,20110.519614542456,49308.757068082545,56072.03355311634,78526.48507276081,87190.94343023661,29867.43914180393,48907.72641193904,62155.39461072716,80335.8282977168,106666.35027655179,0.0,39478.3862718448,63660.98309752458,29789.789789789793
29829.829829829832,45897.82982982983,64257.82982982983,19354.171841238567,51599.68765827406,77247.91483617034,115713.3748134662,20111.11760867468,49348.78681718258,56113.56425954298,78606.40114818883,87269.10914538996,29872.263145525256,48948.425657567794,62194.306596777446,80414.66029472664,106743.32328438186,0.0,39520.620709864095,63738.86877962541,29829.829829829832
29869.86986986987,45937.86986986987,64297.86986986987,19355.087651871294,51639.718951911556,77293.8259396366,115826.71680592986,20111.714281325338,49388.816615044794,56155.09096605187,78686.3176524204,87347.27970437682,29877.07775879199,48989.12381743963,62233.21763899126,80493.49717372603,106820.30283027032,0.0,39562.84829963388,63816.76130997574,29869.86986986987
29909.90990990991,45977.90990990991,64337.90990990991,19356.002109851263,51679.75025171753,77339.71249864224,115940.08468933852,20112.30963694141,49428.84646139011,56196.61368768303,78766.23458378128,87425.45508966362,29881.883006847216,49029.82089397693,62272.12775928319,80572.33890523456,106897.28889411752,0.0,39605.06907132046,63894.66065840927,29909.90990990991
29949.94994994995,46017.94994994995,64377.94994994995,19356.91521845104,51719.781557731316,77385.57464520578,116053.47832836167,20112.903679949603,49468.87635594131,56238.13243940587,78846.15194060575,87503.63528379721,29886.678914850185,49070.5168895973,62311.036979337456,80651.18546001139,106974.28145590336,0.0,39647.28305492466,63972.56679492519,29949.94994994995
29989.989989989994,46057.98998999,64417.98998999,19357.82698093126,51759.81286999173,77431.41251051528,116166.89758851167,20113.496414756377,49508.906298423164,56279.647236119425,78926.06972123675,87581.82026940428,29891.46550787666,49111.21180671342,62349.94532061019,80730.03680905295,107051.28049568678,0.0,39689.49028028287,64050.47968968711,29989.989989989997
30030.030030030033,46098.03003003004,64458.03003003004,19358.737400540784,51799.84418853709,77477.22622493401,116280.34233613827,20114.08784574815,49548.93628856226,56321.15809265286,79005.98792402579,87660.01002919117,29896.24281091926,49151.90564773312,62388.8528043319,80808.89292359044,107128.2859936055,0.0,39731.69077706807,64128.39931302204,30030.030030030037
30070.070070070073,46138.070070070076,64498.070070070076,19359.646480516672,51839.87551340518,77523.01591800594,116393.81243842261,20114.67797729137,49588.96632608711,56362.66502376587,79085.90654733291,87738.20454594321,29901.01084888778,49192.598415059336,62427.75945151012,80887.75377508749,107205.2979298757,0.0,39773.884574790856,64206.325635419365,30070.070070070076
30110.110110110112,46178.110110110116,64538.110110110116,19360.554224084302,51879.90684463323,77568.78171846109,116507.30776337197,20115.266813732625,49628.9964107281,56404.168044148915,79165.82558952659,87816.40380252444,29905.769646609533,49233.29011109009,62466.66528293156,80966.61933523796,107282.31628479157,0.0,39816.0717028005,64284.25862752984,30110.110110110116
30150.15015015015,46218.150150150155,64578.150150150155,19361.460634457402,51919.938182258054,77614.52375422111,116620.82817981421,20115.8543593988,49669.02654221744,56445.66716842374,79245.74504898375,87894.6077818772,29910.51922882965,49273.98073821852,62505.57031916451,81045.48957596337,107359.34103872484,0.0,39858.25219028594,64362.19826016452,30150.150150150155
30190.19019019019,46258.190190190195,64618.190190190195,19362.365714838135,51959.969526315894,77660.24215240453,116734.37355739233,20116.440618597124,49709.05672028916,56487.162411143676,79325.6649240896,87972.81646702159,29915.259620211433,49314.67029883281,62544.47458056137,81124.36446941081,107436.3721721247,0.0,39900.42606627677,64440.14450429381,30190.190190190195
30230.23023023023,46298.230230230234,64658.230230230234,19363.269468417122,52000.00087684254,77705.93703933226,116847.94376655924,20117.025595615356,49749.08694467913,56528.653786794086,79405.58521323769,88051.02984105513,29919.990845336662,49355.358795316206,62583.378087260644,81203.2439879507,107513.40966551716,0.0,39942.59335964429,64518.09733104641,30230.230230230234
30270.27027027027,46338.27027027027,64698.27027027027,19364.171898373534,52040.03223387329,77751.60854053283,116961.53867857173,20117.609294721842,49789.11721512503,56570.14130979264,79485.50591482979,88129.2478871523,29924.712928705936,49396.04623004701,62622.28085918945,81282.1281041744,107590.45349950482,0.0,39984.75409910246,64596.05671170836,30270.270270270274
30310.310310310313,46378.31031031032,64738.31031031032,19365.073007875104,52080.06359744289,77797.25678074764,117075.15816548589,20118.191720165676,49829.14753136633,56611.6249944898,79565.4270272759,88207.47058856423,29929.425894738928,49436.73260539854,62661.182916065765,81361.01679089217,107667.50365476651,0.0,40026.90831320891,64674.02261772205,30310.31031031032
30350.350350350353,46418.35035035036,64778.35035035036,19365.972800078274,52120.09496758569,77842.88188393647,117188.80210015133,20118.772876176736,49869.17789314423,56653.104855169004,79645.34854899404,88285.69792861812,29934.12976777481,49477.417923739136,62700.084277400434,81439.91002113093,107744.56011205682,0.0,40069.0560303659,64751.995020685164,30350.35035035036
30390.390390390392,46458.3903903904,64818.3903903904,19366.87127812813,52160.12634433555,77888.48397328243,117302.4703562059,20119.35276696589,49909.20830020177,56694.58090604727,79725.27047841047,88363.92989071697,29938.824572072517,49518.10218743218,62738.98496249967,81518.80776813209,107821.62285220591,0.0,40111.19727882136,64829.97389234982,30390.3903903904
30430.43043043043,46498.43043043044,64858.43043043044,19367.76844515856,52200.157727725804,77934.06317119722,117416.16280807054,20119.931396725027,49949.23875228363,56736.05316127535,79805.19281395944,88442.16645833918,29943.510331811005,49558.78539883603,62777.884990467035,81597.71000534944,107898.69185611911,0.0,40153.33208666976,64907.95920462155,30430.43043043044
30470.47047047047,46538.47047047048,64898.47047047048,19368.66430429226,52240.189117789385,77979.61959932663,117529.87933094408,20120.508769627224,49989.26924913632,56777.52163493824,79885.11555408308,88520.40761503798,29948.187071089676,49599.467560304045,62816.78438020559,81676.6167064471,107975.76710477643,0.0,40195.46048185315,64985.950929558276,30470.470470470478
30510.51051051051,46578.51051051052,64938.51051051052,19369.55885864083,52280.22051455872,78025.15337855511,117643.61980079794,20121.08488982678,50029.29979050804,56818.98634105543,79965.0386972316,88598.65334444123,29952.854813928614,49640.14867418459,62855.683150420125,81755.52784529736,108052.84857923238,0.0,40237.58249216209,65063.94903936945,30510.510510510518
30550.55055055055,46618.55055055056,64978.55055055056,19370.452111304756,52320.25191806583,78070.66462901137,117757.3840943708,20121.659761459414,50069.330376148675,56860.44729358133,80044.962241863,88676.9036302509,29957.513584268912,49680.828742820944,62894.58131961922,81834.4433959787,108129.93626061558,0.0,40279.6981452366,65141.95350641506,30550.550550550557
30590.59059059059,46658.5905905906,65018.5905905906,19371.34406537356,52360.28332834222,78116.15347007324,117871.17208916394,20122.233388642304,50109.361005809806,56901.904506405604,80124.88618644317,88755.15845624267,29962.163405972977,49721.50776855142,62933.47890611715,81913.3633327737,108207.03013012826,0.0,40321.807468567094,65219.96430320469,30590.590590590597
30630.630630630636,46698.630630630636,65058.630630630636,19372.23472392576,52400.31474541903,78161.62002037273,117984.98366343563,20122.80577547421,50149.391679244705,56943.3579933535,80204.81052944568,88833.4178062657,29966.804302824883,49762.185753709266,62972.37592803627,81992.28763016712,108284.13016904624,0.0,40363.910489495334,65297.98140239657,30630.630630630632
30670.670670670675,46738.670670670675,65098.670670670675,19373.124090029025,52440.346169326884,78207.06439780103,118098.8186961964,20123.376926035613,50189.4223962083,56984.80776818622,80284.73526935198,88911.68166424193,29971.43629853058,49802.86270062264,63011.272403308714,82071.21626284384,108361.23635871825,0.0,40406.00723521536,65376.00477679666,30670.670670670672
30710.710710710715,46778.710710710715,65138.710710710715,19374.012166740147,52480.377600096,78252.4867195136,118212.67706720383,20123.946844388738,50229.45315645718,57026.25384460124,80364.66040465113,88989.95001416598,29976.059416718355,49843.53861161472,63050.168349678584,82150.1492056869,108438.34868056572,0.0,40448.09773277439,65454.03439935775,30710.71071071071
30750.750750750754,46818.750750750754,65178.750750750754,19374.898957105113,52520.409037756144,78297.887101935,118326.55865695748,20124.515534577775,50269.483959749574,57067.69623623276,80444.58593383976,89068.22284010466,29980.67368093893,49884.21348900353,63089.06378470385,82229.08643377566,108515.46711608252,0.0,40490.18200907376,65532.07024317849,30750.75075075075
30790.790790790794,46858.790790790794,65218.790790790794,19375.784464159202,52560.44048233673,78343.2656607638,118440.46334669423,20125.083000628856,50309.51480584531,57109.134956651884,80524.5118554222,89146.50012619648,29985.27911466593,49924.88733510212,63127.958725758326,82308.02792238382,108592.59164683457,0.0,40532.26009086985,65610.11228150253,30790.79079079079
30830.830830830833,46898.83083083083,65258.83083083083,19376.668690926977,52600.47193386665,78388.62251097764,118554.39101838287,20125.64924655024,50349.54569450585,57150.57001936708,80604.43816791028,89224.78185665152,29989.875741296157,49965.56015221835,63166.853190033646,82386.97364697747,108669.72225445937,0.0,40574.33200477493,65688.16048771756,30830.83083083083
30870.870870870873,46938.87087087087,65298.87087087087,19377.55164042239,52640.50339237443,78433.9577668379,118668.34155471962,20126.2142763324,50389.57662549426,57192.00143782449,80684.36486982334,89303.06801575073,29994.463584149773,50006.23194265511,63205.74719454106,82465.92358321336,108746.85892066592,0.0,40616.39777725814,65766.21483535448,30870.87087087087
30910.910910910916,46978.91091091091,65338.91091091091,19378.433315648796,52680.534857888146,78479.27154189457,118782.31483912302,20126.778093948124,50429.60759857519,57233.429225408225,80764.29195968814,89381.35858784584,29999.042666470785,50046.90270871012,63244.64075611347,82544.87770693695,108824.00162723416,0.0,40658.45743464631,65844.27529808643,30910.910910910916
30950.950950950955,47018.95095095095,65378.95095095095,19379.313719599035,52720.56633043553,78524.56394899116,118896.31075572906,20127.34070335256,50469.63861351482,57274.85339544079,80844.21943603881,89459.65355735875,30003.61301142715,50087.57245267605,63283.53389140716,82623.83599418061,108901.15035601475,0.0,40700.5110031249,65922.34184972796,30950.950950950955
30990.990990990995,47058.99099099099,65418.99099099099,19380.192855255467,52760.59781004379,78569.83510026925,119010.32918938645,20127.902108483406,50509.66967008099,57316.27396118331,80924.14729741692,89537.95290878136,30008.174642111208,50128.24117684043,63322.426616903744,82702.79842116183,108978.30508892873,0.0,40742.55850873884,66000.41446423414,30990.990990990995
31031.031031031034,47099.03103103103,65459.03103103103,19381.070725590012,52800.62929673989,78615.0851071735,119124.37002565176,20128.46231326094,50549.700768042974,57357.69093583596,81004.07554237128,89616.25662667505,30012.727581539937,50168.9088834857,63361.31894891189,82781.76496428142,109055.46580796721,0.0,40784.599977393445,66078.49311569966,31031.031031031034
31071.071071071074,47139.07107107107,65499.07107107107,19381.94733356423,52840.660790550275,78660.31408045613,119238.43315078472,20129.02132158816,50589.73190717171,57399.10433253825,81084.00416945797,89694.56469567037,30017.271852655154,50209.575574889226,63400.210903569256,82860.73560012177,109132.632495191,0.0,40826.635434855256,66156.57777835797,31071.071071071074
31111.111111111113,47179.11111111111,65539.11111111111,19382.82268212936,52880.69229150103,78705.5221301816,119352.51845174358,20129.57913735084,50629.76308723953,57440.51416436926,81163.93317724034,89772.87710046672,30021.807478323986,50250.24125332321,63439.10249684415,82939.71030544506,109209.80513273025,0.0,40868.66490675292,66234.66842658042,31111.111111111113
31151.151151151153,47219.15115115115,65579.15115115115,19383.696774226355,52920.72379961785,78750.70936573154,119466.62581618005,20130.13576441766,50669.79430802038,57481.92044434819,81243.86256428887,89851.19382583184,30026.334481338996,50290.905921054764,63477.99374453728,83018.6890571916,109286.98370278427,0.0,40910.68841857802,66312.76503487544,31151.151151151153
31191.191191191192,47259.19119119119,65619.19119119119,19384.569612785952,52960.755314926035,78795.87589580892,119580.75513243506,20130.69120664029,50709.82556928964,57523.32318543448,81323.7923291811,89929.51485660163,30030.852884418546,50331.56958034587,63516.884662283584,83097.67183247805,109364.16818762108,0.0,40952.70599568597,66390.8675778876,31191.191191191192
31231.231231231235,47299.23123123124,65659.23123123124,19385.441200728732,53000.78683745057,78841.02182844296,119694.90628953392,20131.245467853492,50749.85687082425,57564.722400528175,81403.72247050182,90007.84017767965,30035.362710207093,50372.23223345342,63555.775265553966,83176.65860859581,109441.3585695771,0.0,40994.71766329682,66468.9760303969,31231.23123123124
31271.271271271275,47339.27127127128,65699.27127127128,19386.311540965125,53040.818367215965,78886.14727099359,119809.07917718173,20131.798551875214,50789.88821240257,57606.11810247031,81483.65298684273,90086.16977403683,30039.86398127539,50412.8938826291,63594.66556965688,83255.6493630093,109518.554831057,0.0,41036.72344649611,66547.09036731772,31271.27127127128
31311.311311311314,47379.31131131132,65739.31131131132,19387.1806363955,53080.8499042464,78931.25233015601,119923.27368575867,20132.35046250664,50829.919593804436,57647.510304043215,81563.58387680254,90164.50363071104,30044.35672012088,50453.554530119545,63633.55558974006,83334.64407335433,109595.75695453305,0.0,41078.72337023572,66625.21056369823,31311.311311311318
31351.351351351354,47419.35135135136,65779.35135135136,19388.048489910212,53120.88144856568,78976.33711196507,120037.48970631583,20132.90120353237,50869.95101481118,57688.899017970725,81643.51513898697,90242.8417328069,30048.840949167912,50494.2141781662,63672.445340792285,83413.64271743654,109672.96492254522,0.0,41120.71745933469,66703.33659471938,31351.351351351357
31391.391391391393,47459.3913913914,65819.3913913914,19388.9151043896,53160.91300019727,79021.40172179985,120151.72713057027,20133.450778720435,50909.982475205514,57730.28425691864,81723.44677200855,90321.18406549521,30053.316690768057,50534.87282900543,63711.33483764482,83492.64527322962,109750.17871770047,0.0,41162.70573848003,66781.46843569416,31391.391391391397
31431.431431431432,47499.43143143144,65859.43143143144,19389.78048270414,53200.94455916424,79066.44626438801,120265.98585090076,20133.99919182244,50950.01397477164,57771.66603349493,81803.3787744868,90399.5306140128,30057.783967200317,50575.53048486842,63750.22409497321,83571.65171887388,109827.39832267276,0.0,41204.688232227534,66859.60606206677,31431.431431431436
31471.471471471472,47539.47147147148,65899.47147147148,19390.644627714373,53240.97612548931,79111.47084381041,120380.26576034326,20134.546446573586,50990.04551329516,57813.0443602501,81883.311145048,90477.88136366199,30062.242800671527,50616.18714798124,63789.11312729886,83650.66203267462,109904.62372020257,0.0,41246.66496500264,66937.74944941179,31471.471471471476
31511.51151151151,47579.51151151152,65939.51151151152,19391.50754227102,53281.007699194866,79156.47556350508,120494.56675258657,20135.09254669289,51030.07709056307,57854.41924967748,81963.2438823252,90556.23629981045,30066.693213316474,50656.84282056482,63828.00194899055,83729.6761931006,109981.85489309664,0.0,41288.63596110117,67015.89857343337,31511.511511511515
31551.551551551558,47619.55155155155,65979.55155155156,19392.36922921504,53321.03928030289,79201.46052627201,120608.88872196787,20135.6374958831,51070.1087063638,57895.79071421354,82043.17698495822,90634.59540789068,30071.13522719831,50697.49750483495,63866.890574266006,83808.69417878245,110059.0918242276,0.0,41330.60124469017,67094.05340996449,31551.55155155155
31591.591591591598,47659.59159159159,66019.5915915916,19393.229691377637,53361.07086883504,79246.42583427715,120723.23156346813,20136.18129783096,51110.14036048714,57937.158766238164,82123.11045159356,90712.95867339977,30075.568864308778,50738.151203002264,63905.77901719358,83887.71596851111,110136.3344965338,0.0,41372.56083980872,67172.21393496606,31591.59159159159
31631.631631631637,47699.63163163163,66059.63163163164,19394.088931580314,53401.10246481269,79291.37158905686,120837.59517270829,20136.723956207163,51150.17205272427,57978.523418074976,82203.04428088437,90791.326081899,30079.99414656844,50778.80391727226,63944.66729169369,83966.74154123652,110213.58289301889,0.0,41414.51477036868,67250.38012452621,31631.63163163163
31671.671671671676,47739.67167167167,66099.67167167168,19394.946952634942,53441.1340682568,79336.29789152223,120951.97944594442,20137.265474666503,51190.203782867764,58019.8846819917,82282.97847149048,90869.69761901359,30084.411095827025,50819.4556498453,63983.555411540234,84045.77087606589,110290.83699675155,0.0,41456.463060155496,67328.55195485952,31671.67167167167
31711.711711711716,47779.71171171171,66139.71171171172,19395.8037573438,53481.165679188016,79381.20484196302,121066.38428006376,20137.805856847983,51230.23555071149,58061.24257020034,82362.91302207821,90948.07327043224,30088.81973386366,50860.10640291663,64022.44339036233,84124.80395226239,110368.09679086527,0.0,41498.405732829,67406.72940230614,31711.71171171171
31751.751751751755,47819.75175175175,66179.75175175176,19396.65934849961,53521.19729762662,79426.09254005225,121180.8095725803,20138.345106374836,51270.26735605073,58102.59709485752,82442.84793132049,91026.45302190696,30093.220082387084,50900.75617867632,64061.331241645574,84203.84074924365,110445.36225855787,0.0,41540.34281192414,67484.91244333111,31751.751751751748
31791.791791791795,47859.79179179179,66219.7917917918,19397.513728885555,53561.22892359266,79470.9610848501,121295.25522163066,20138.88322685466,51310.29919868205,58143.94826806485,82522.78319789673,91104.83685925248,30097.612163036072,50941.40497930927,64100.21897873367,84282.88124658028,110522.63338309142,0.0,41582.274320851815,67563.10105452356,31791.791791791788
31831.831831831834,47899.83183183183,66259.83183183183,19398.366901275425,53601.260557105714,79515.81057480819,121409.72112596987,20139.420221879507,51350.33107840337,58185.296101869135,82602.71882049271,91183.22476834623,30101.99599737952,50982.05280699533,64139.10661482978,84361.92542399454,110599.91014779183,0.0,41624.200282899554,67641.29521259593,31831.831831831827
31871.871871871877,47939.871871871874,66299.87187187187,19399.21886843353,53641.29219818517,79560.64110777367,121524.207184967,20139.956095025933,51390.362995013944,58226.64060826272,82682.65479780082,91261.61673512786,30106.37160691686,51022.69966390911,64177.994162997944,84440.97326135884,110677.1925360485,0.0,41666.12072123236,67719.49489438327,31871.871871871874
31911.911911911917,47979.91191191191,66339.91191191191,19400.069633114836,53681.32384685002,79605.45278099335,121638.71329860139,20140.490849855094,51430.39494831427,58267.981799183726,82762.59112851959,91340.0127455988,30110.739013078164,51063.34555222015,64216.88163616465,84520.02473869438,110754.48053131416,0.0,41708.03565889338,67797.70007684236,31911.911911911913
31951.951951951956,48019.95195195195,66379.95195195195,19400.91919806498,53721.355503118946,79650.24569111752,121753.2393674583,20141.024489912863,51470.42693810621,58309.31968651638,82842.5278113541,91418.41278582216,30115.098237224604,51103.990474092854,64255.769047120026,84599.07983616975,110831.7741171045,0.0,41749.94511880474,67875.91073705112,31951.951951951953
31991.991991991996,48059.99199199199,66419.99199199199,19401.76756602032,53761.38716701036,79695.01993420457,121867.78529272473,20141.557018729887,51510.458964192876,58350.65428209132,82922.46484501561,91496.81684192226,30119.44930064856,51144.63443168641,64294.65640851934,84678.13853409974,110909.07327699791,0.0,41791.84912376822,67954.12685220777,31991.991991991992
32032.032032032035,48100.03203203203,66460.03203203203,19402.614739707977,53801.418838542326,79739.77560572424,121982.35097618567,20142.088439821655,51550.49102637866,58391.98559768581,83002.4022282217,91575.22490008437,30123.792224573914,51185.277427154986,64333.54373288442,84757.20081294369,110986.3779946352,0.0,41833.747696466016,68032.34839963008,32032.03203203203
32072.072072072075,48140.07207207207,66500.07207207207,19403.460721845833,53841.45051773256,79784.51280056222,122096.93632021968,20142.618756688622,51590.52312446923,58433.313645024085,83082.33995969614,91653.63694655435,30128.127030156385,51225.91946264753,64372.43103260487,84836.26665330438,111063.68825371927,0.0,41875.64085946149,68110.57535675472,32072.07207207207
32112.112112112114,48180.11211211211,66540.11211211211,19404.305515142696,53881.48220459859,79829.23161302396,122211.54122779533,20143.14797281624,51630.5552582715,58474.63843577764,83162.27803816892,91732.05296763842,30132.453738483633,51266.56054030788,64411.31831993957,84915.33603592665,111141.00403801489,0.0,41917.52863519988,68188.80770113645,32112.11211211211
32152.152152152157,48220.15215215216,66580.15215215215,19405.149122298208,53921.513899157566,79873.93213683827,122326.16560246683,20143.676091675094,51670.58742759364,58515.9599815654,83242.21646237618,91810.47294970267,30136.772370575723,51307.200662274794,64450.205607017866,84994.40894169615,111218.32533134837,0.0,41959.41104600903,68267.04541044743,32152.152152152157
32192.192192192197,48260.1921921922,66620.19219219219,19405.991546002937,53961.54560142629,79918.61446516162,122440.80934837008,20144.203116720928,51710.61963224503,58557.27829395416,83322.15523106007,91888.89687917297,30141.082947385214,51347.83983068184,64489.092905840924,85073.48535163795,111295.65211760724,0.0,42001.28811410009,68345.2884624765,32192.192192192197
32232.232232232236,48300.232232232236,66660.23223223223,19406.832788938504,54001.577311421424,79963.27869058194,122555.47237021939,20144.72905139478,51750.65187203633,58598.59338445877,83402.09434296901,91967.32474253453,30145.385489797423,51388.47804765751,64527.98022828305,85152.5652469153,111372.98438074015,0.0,42043.15986156825,68423.53683512846,32232.232232232236
32272.272272272276,48340.272272272276,66700.27227227227,19407.672853777432,54041.60902915912,80007.92490512232,122670.1545733025,20145.253899123032,51790.68414677939,58639.9052645424,83482.03379685729,92045.75652633153,30149.680018630814,51429.11531532512,64566.867586092965,85231.64860882843,111450.3221047563,0.0,42085.02631039347,68501.79050642336,32272.272272272276
32312.312312312315,48380.312312312315,66740.31231231231,19408.511743183408,54081.64075465548,80052.55320024493,122784.85586347771,20145.777663317458,51830.716456287264,58681.21394561682,83561.97359148532,92124.19221716703,30153.966554637096,51469.75163580292,64605.754990895075,85310.7354188133,111527.66527372552,0.0,42126.88748244112,68580.04945449583,32312.312312312315
32352.352352352355,48420.352352352355,66780.35235235235,19409.349459811194,54121.67248792615,80097.16366685486,122899.57614716962,20146.30034737538,51870.74880037422,58722.519439042735,83641.91372561941,92202.6318017024,30158.245118501593,51510.387011204046,64644.64245419063,85389.82565844027,111605.01387177757,0.0,42168.74339946275,68658.31365759432,32352.352352352355
32392.392392392394,48460.392392392394,66820.39239239239,19410.18600630664,54161.704228986586,80141.75639530376,123014.31533136494,20146.821954679675,51910.7811788557,58763.82175612997,83721.85419803183,92281.07526665721,30162.51573084334,51551.021443636506,64683.52998735922,85468.91930941292,111682.36788310237,0.0,42210.59408309673,68736.58309408044,32392.392392392394
32432.432432432433,48500.43243243243,66860.43243243243,19411.021385306856,54201.73597785189,80186.33147539385,123129.07332360958,20147.342488598904,51950.813591548365,58805.120908137775,83801.7950075007,92359.52259880885,30166.778412215568,51591.65493520319,64722.41760165965,85548.01635356693,111759.72729194927,0.0,42252.43955486899,68814.8577424283,32432.432432432433
32472.472472472477,48540.47247247248,66900.47247247248,19411.855599440147,54241.767734536945,80230.88899638128,123243.85003200406,20147.86195248735,51990.84603826999,58846.41690627513,83881.7361528101,92437.9737849923,30171.033183105716,51632.2874880019,64761.30530823143,85627.11677286879,111837.09208262703,0.0,42294.27983619367,68893.13758122377,32472.47247247248
32512.512512512516,48580.51251251252,66940.51251251252,19412.68865132607,54281.79949905633,80275.42904698005,123358.64536520012,20148.380349685103,52030.87851883958,58887.70976170092,83961.67763274987,92516.42881209964,30175.280063935785,51672.91910412535,64800.19311809586,85706.22054941463,111914.46223950347,0.0,42336.114948373775,68971.42258916378,32512.51251251252
32552.552552552555,48620.55255255256,66980.55255255256,19413.520543575527,54321.83127142435,80319.95171536575,123473.45923239717,20148.897683518167,52070.91103307724,58928.999485524284,84041.61944611561,92594.88766708005,30179.519075062646,51713.549785661155,64839.081042157224,85785.3276654291,111991.83774700522,0.0,42377.94491260193,69049.71274505573,32552.55255255256
32592.592592592595,48660.5925925926,67020.5925925926,19414.35127879074,54361.8630516551,80364.45708917899,123588.29154333819,20149.4139572985,52110.94358080428,58970.28608880482,84121.56159170873,92673.35033693924,30183.750236778116,51754.17953469181,64877.96909120397,85864.43810326417,112069.21858961752,0.0,42419.769749961,69128.0080278168,32592.5925925926
32632.632632632634,48700.63263263264,67060.63263263264,19415.18085956532,54401.89483976233,80408.94525552915,123703.14220830638,20149.929174324105,52150.97616184311,59011.56958255295,84201.50406833636,92751.8168087393,30187.973569309357,51794.808353294735,64916.857275909875,85943.55184539802,112146.60475188383,0.0,42461.58948142474,69206.30841647318,32632.632632632638
32672.672672672674,48740.67267267268,67100.67267267268,19416.009288484318,54441.92663575957,80453.41630099801,123818.01113812154,20150.443337879107,52191.00877601725,59052.849977729944,84281.44687481131,92830.28706959842,30192.18909281908,51835.436243542295,64955.745606835146,86022.6688744339,112223.99621840562,0.0,42503.40412785849,69284.61389015954,32672.672672672677
32712.712712712713,48780.71271271272,67140.71271271272,19416.83656812425,54481.95843966008,80497.87031164319,123932.89824413607,20150.95645123382,52231.0414231514,59094.12728524849,84361.39000995204,92908.76110669054,30196.396827405693,51876.06320750175,64994.63409442773,86101.78917309895,112301.39297384216,0.0,42545.21371001986,69362.92442811829,32712.712712712717
32752.752752752753,48820.752752752756,67180.75275275276,19417.662701053123,54521.99025147688,80542.30737300182,124047.80343823193,20151.468517644797,52271.07410307134,59135.40151597269,84441.33347258267,92987.23890724505,30200.596793103716,51916.689247235314,65033.52274902417,86180.91272424322,112378.79500291013,0.0,42587.0182485593,69441.24000969896,32752.752752752756
32792.792792792796,48860.7927927928,67220.7927927928,19418.487689830516,54562.02207122271,80586.72757009402,124162.72663281676,20151.979540354972,52311.10681560396,59176.672680718475,84521.27726153281,93065.72045854657,30204.78900988381,51957.31436480009,65072.41158085093,86260.03951083841,112456.20229038355,0.0,42628.817764020845,69519.56061435756,32792.7927927928
32832.832832832835,48900.83283283284,67260.83283283284,19419.311537007583,54602.05389891005,80631.13098742627,124277.66774082031,20152.489522593663,52351.13956057724,59217.940790253764,84601.22137563775,93144.20574793464,30208.973497653205,51997.93856224816,65111.30060002536,86339.169515977,112533.61482109335,0.0,42670.61227684266,69597.88622165586,32832.83283283284
32872.872872872875,48940.87287287288,67300.87287287287,19420.134245127076,54642.08573455118,80675.51770899522,124392.62667569096,20152.998467576683,52391.17233782026,59259.205855298766,84681.16581373819,93222.69476280338,30213.15027625581,52038.561841626535,65150.18981655684,86418.3027228709,112611.03257992718,0.0,42712.40180735777,69676.21681126086,32872.87287287288
32912.912912912914,48980.91291291292,67340.91291291291,19420.95581672345,54682.11757815805,80719.8878182907,124507.6033513924,20153.506378506398,52431.20514716317,59300.46788652622,84761.1105746804,93301.18749060133,30217.31936547252,52079.184204977144,65189.07924034797,86497.43911485071,112688.45555182917,0.0,42754.186375794656,69754.5523629441,32912.91291291292
32952.95295295295,49020.95295295296,67380.95295295295,19421.77625432283,54722.14942974249,80764.24139829949,124622.59768239997,20154.013258571802,52471.2379884372,59341.72689456162,84841.05565731609,93379.68391883104,30221.480785021435,52119.80565433694,65227.96888119532,86576.57867536438,112765.88372179962,0.0,42795.966002277884,69832.89285658099,32952.95295295296
32992.99299299299,49060.992992993,67420.992992993,19422.59556044308,54762.181289315966,80808.57853150855,124737.60958369743,20154.519110948575,52511.270861474644,59382.98288998349,84921.00106050237,93458.18403504892,30225.63455455805,52160.426191737766,65266.85874879085,86655.72138797643,112843.31707489488,0.0,42837.74070682875,69911.23827215024,32992.992992993
33033.03303303303,49101.03303303304,67461.03303303303,19423.413737593866,54802.21315688977,80852.89929990846,124852.6389707731,20155.02393879919,52551.30376610885,59424.235883323614,85000.94678310178,93536.68782686479,30229.780693675526,52201.045819206454,65305.7488527227,86734.86723636664,112920.7555962269,0.0,42879.510509365886,69989.58858973323,33033.03303303304
33073.07307307307,49141.07307307308,67501.07307307307,19424.23078827664,54842.245032474944,80897.20378499672,124967.68575961704,20155.5277452729,52591.336702174245,59465.485885067326,85080.89282398217,93615.1952819418,30233.91922190495,52241.6645387648,65344.63920247628,86814.0162043293,112998.19927096312,0.0,42921.275429705885,70067.94378951335,33073.07307307308
33113.11311311312,49181.11311311311,67541.11311311311,19425.046714984703,54882.27691608228,80941.49206778118,125082.7498667174,20156.030533505975,52631.369669506224,59506.73290565366,85160.83918201677,93693.70638799608,30238.050158715516,52282.282352429625,65383.52980743534,86893.16827577195,113075.64808432621,0.0,42963.03548756392,70146.30385177543,33113.11311311311
33153.15315315316,49221.15315315315,67581.15315315315,19425.861520203274,54922.30880772238,80985.7642287832,125197.83120905691,20156.53230662155,52671.402667941285,59547.976955475664,85240.7858560841,93772.22113279636,30242.17352351473,52322.89926221266,65422.42067688302,86972.32343471472,113153.10202159378,0.0,43004.79070255435,70224.66875690511,33153.15315315315
33193.1931931932,49261.19319319319,67621.19319319319,19426.67520640944,54962.34070740557,81030.02034804106,125312.92970410992,20157.033067729877,52711.43569731691,59589.218044880625,85320.7328450679,93850.73950416384,30246.289335648784,52363.51527012066,65461.3118200026,87051.48166528903,113230.5610680981,0.0,43046.54109419135,70303.03848538824,33193.19319319319
33233.23323323324,49301.23323323323,67661.23323323323,19427.487776072318,55002.37261514193,81074.2605051132,125428.04526983874,20157.532819928252,52751.46875747166,59630.4561841703,85400.68014785723,93929.26148997195,30250.39761440258,52404.13037815539,65500.20324587874,87130.64295173672,113308.02520922596,0.0,43088.28668188947,70381.41301781024,33233.23323323323
33273.27327327328,49341.27327327327,67701.27327327327,19428.29923165294,55042.40453094143,81118.48477908134,125543.17782469063,20158.03156630126,52791.50184824504,59671.69138360115,85480.6277633463,94007.78707814592,30254.498379000102,52444.74458831358,65539.0949634984,87209.80727840916,113385.4944304184,0.0,43130.02748496426,70459.79233485556,33273.27327327327
33313.313313313316,49381.31331331331,67741.31331331331,19429.10957560446,55082.43645481371,81162.69324855387,125658.32728759454,20158.529309920625,52831.53496947755,59712.92365338459,85560.57569043449,94086.31625666263,30258.59164860457,52485.35790258701,65577.9869817518,87288.97462976616,113462.96871717034,0.0,43171.76352263288,70538.17641730706,33313.31331331331
33353.353353353355,49421.35335335335,67781.35335335335,19429.918810372037,55122.468386768174,81206.88599166895,125773.49357795759,20159.02605384543,52871.56812101076,59754.15300368723,85640.52392802638,94164.84901355034,30262.677442318774,52525.970322962436,65616.8793094332,87368.1449903752,113540.4480550305,0.0,43213.494814014666,70616.56524604539,33353.35335335335
33393.3933933934,49461.3933933934,67821.3933933934,19430.726938392952,55162.50032681413,81251.06308609765,125888.67661566229,20159.521801122195,52911.60130268719,59795.37944463102,85720.47247503161,94243.3853368884,30266.75577918508,52566.58185142167,65655.77195524218,87447.31834491034,113617.93242960112,0.0,43255.221378131726,70694.95880204847,33393.3933933934
33433.43343343344,49501.43343343344,67861.43343343344,19431.53396209664,55202.53227496054,81295.2246090472,126003.87632106285,20160.01655478478,52951.634514350306,59836.602986293634,85800.4213303649,94321.92521480701,30270.826678185902,52607.19248994153,65694.66492778425,87526.49467815131,113695.42182653761,0.0,43296.94323390949,70773.35706639082,33433.43343343344
33473.47347347348,49541.47347347348,67901.47347347348,19432.33988390467,55242.564231216216,81339.37063726397,126119.09261498254,20160.51031785465,52991.667755844595,59877.82363870859,85880.3704929461,94400.46863548693,30274.890158243754,52647.802240493875,65733.55823557197,87605.67397498275,113772.9162315485,0.0,43338.66040017739,70851.76002024303,33473.47347347348
33513.51351351352,49581.51351351352,67941.51351351352,19433.144706230873,55282.596195589766,81383.50124703672,126234.32541871018,20161.00309334082,53031.70102701552,59919.04141186554,85960.3199617,94479.01558715921,30278.946238221568,52688.41110504561,65772.45188702579,87684.85622039309,113850.41563039501,0.0,43380.372895669294,70930.16764487125,33513.51351351352
33553.55355355356,49621.55355355356,67981.55355355356,19433.94843148131,55322.62816808957,81427.61651419959,126349.57465399729,20161.49488423994,53071.73432770945,59960.25631571039,86040.26973555646,94557.5660581051,30282.99493692282,52729.01908555871,65811.34589047503,87764.04139947379,113927.920008891,0.0,43422.0807390242,71008.57992163647,33553.55355355356
33593.5935935936,49661.5935935936,68021.5935935936,19434.75106205429,55362.66014872381,81471.71651413522,126464.84024305467,20161.985693536357,53111.76765777375,60001.46836014566,86120.21981345028,94636.12003665551,30287.036273091853,52769.62618399015,65850.24025415865,87843.22949741839,114005.42935290252,0.0,43463.783948786724,71086.99683199407,33593.5935935936
33633.63363363364,49701.63363363364,68061.63363363364,19435.552600340452,55402.69213750046,81515.80132177776,126580.12210854952,20162.475524202222,53151.801017056736,60042.677555030656,86200.17019432118,94714.677511191,30291.070265413993,52810.232402292044,65889.13498622618,87922.42049952172,114082.94364834785,0.0,43505.48254340771,71165.4183574932,33633.63363363364
33673.67367367368,49741.67367367368,68101.67367367368,19436.353048722813,55442.72413442727,81559.87101161582,126695.42017360244,20162.964379197518,53191.834405407615,60083.883910181656,86280.12087711382,94793.23847014143,30295.096932515862,52850.83774241152,65928.03009473874,88001.61439117895,114160.46288119696,0.0,43547.17654124476,71243.84447977628,33673.67367367368
33713.71371371372,49781.71371371372,68141.71371371372,19437.152409576753,55482.75613951183,81603.92565769561,126810.73436178445,20163.45226147012,53231.867822676606,60125.08743537221,86360.07186077777,94871.80290198565,30299.11629296556,52891.44220629081,65966.9255876696,88080.81115788475,114237.98703747158,0.0,43588.865960562805,71322.27518057835,33713.71371371372
33753.75375375376,49821.75375375376,68181.75375375376,19437.950685270036,55522.78815276152,81647.96533362377,126926.06459711348,20163.93917395584,53271.90126871475,60166.28814033326,86440.02314426734,94950.3707952514,30303.128365272783,52932.04579586724,66005.82147290545,88160.01078523236,114315.51610324474,0.0,43630.55081953468,71400.71044172661,33753.75375375376
33793.7937937938,49861.7937937938,68221.7937937938,19438.74787816291,55562.8201741835,81691.9901125704,127041.41080405218,20164.425119578562,53311.934743374084,60207.48603475343,86519.97472654183,95028.94213851492,30307.13316788921,52972.64851307322,66044.7177582468,88239.21325891293,114393.05006464064,0.0,43672.2311362416,71479.1502451398,33793.7937937938
33833.833833833836,49901.833833833836,68261.83383383384,19439.543990608123,55602.85220378474,81736.00006727202,127156.77290750433,20164.910101250207,53351.96824650756,60248.68112827926,86599.92660656519,95107.51692040081,30311.130719208602,53013.25035983623,66083.61445140919,88318.41856471454,114470.58890783443,0.0,43713.90692867381,71557.59457282771,33833.833833833836
33873.873873873876,49941.873873873876,68301.87387387388,19440.33902495088,55642.88424157207,81779.99527003446,127272.15083281194,20165.394121870908,53392.001777968966,60289.873430515385,86679.87878330628,95186.09512958175,30315.12103756704,53053.85133807897,66122.51156002382,88397.62668852141,114548.13261905199,0.0,43755.57821473102,71636.04340689062,33873.873873873876
33913.913913913915,49981.913913913915,68341.91391391392,19441.132983529023,55682.916287552056,81823.97579273567,127387.54450575289,20165.877184328936,53432.03533761308,60331.06295102472,86759.83125573855,95264.6767547782,30319.10414124315,53094.45144971914,66161.40909163846,88476.83761631313,114625.6811845696,0.0,43797.24501222302,71714.49672951872,33913.913913913915
33953.953953953955,50021.953953953955,68381.95395395395,19441.925868672886,55722.948341731106,81867.94170682864,127502.95385253716,20166.35929150087,53472.06892529551,60372.24969932875,86839.78402284037,95343.26178475822,30323.080048458272,53135.050696669634,66200.30705371815,88556.05133416379,114703.23459071391,0.0,43838.907338870195,71792.95452299167,33953.953953953955
33993.993993993994,50061.993993993994,68421.993993994,19442.71768270545,55762.980404115486,81911.89308334442,127618.37879980463,20166.840446251656,53512.10254087277,60413.43368490771,86919.73708359458,95421.85020833727,30327.048777376735,53175.649080838426,66239.20545364618,88635.2678282411,114780.7928238615,0.0,43880.56521230403,71871.41676967796,33993.993993993994
34034.03403403404,50102.03403403403,68462.03403403403,19443.50842794239,55803.012474711206,81955.82999289459,127733.81927462203,20167.32065143456,53552.13618420224,60454.61491720076,86999.69043698885,95500.44201437783,30331.010346106017,53216.24660412871,66278.10429872475,88714.4870848059,114858.35587043884,0.0,43922.218650067654,71949.88345203445,34034.03403403403
34074.07407407408,50142.07407407407,68502.07407407407,19444.29810669196,55843.04455352412,81999.75250567446,127849.27520447984,20167.799909891306,53592.16985514219,60495.79340560625,87079.64408201538,95579.0371917893,30334.964772696934,53256.84326843877,66317.00359617578,88793.70909021104,114935.92371692194,0.0,43963.86766961639,72028.35455260584,34074.07407407407
34114.11411411412,50182.11411411411,68542.11411411411,19445.086721255255,55883.076640559935,82043.66069146554,127964.74651728984,20168.278224452195,53632.20355355178,60536.969159481916,87159.59801767107,95657.63572952777,30338.91207514395,53297.43907566207,66355.90335314174,88872.93383090071,115013.4963498362,0.0,44005.51228831822,72106.83005402412,34114.11411411411
34154.15415415416,50222.15415415415,68582.15415415415,19445.874273926012,55923.10873582414,82087.55461963853,128080.2331413821,20168.755597936048,53672.23727929096,60578.142188145066,87239.5522429573,95736.23761659555,30342.85227138529,53338.03402768726,66394.80357668639,88952.1612934098,115091.07375575618,0.0,44047.15252345436,72185.3099390081,34154.15415415415
34194.1941941942,50262.19419419419,68622.19419419419,19446.660766990775,55963.14083932206,82131.43435915599,128195.7350055022,20169.232033150285,53712.27103222059,60619.31250087282,87319.50675688016,95814.84284204134,30346.785379303088,53378.62812639815,66433.70427379553,89031.39146436294,115168.65592130546,0.0,44088.78839221972,72263.79419036285,34194.19419419419
34234.23423423424,50302.23423423423,68662.23423423423,19447.446202728905,56003.172951058856,82175.29997857499,128311.2520388084,20169.707532891065,53752.30481220238,60660.48010690226,87399.46155845009,95893.45139495959,30350.711416723796,53419.22137367373,66472.60545137782,89110.62433047389,115246.2428331562,0.0,44130.419911723475,72342.28279097922,34234.23423423423
34274.27427427428,50342.27427427427,68702.27427427427,19448.230583412595,56043.205071039476,82219.15154605001,128426.78417086926,20170.182099943268,53792.33861909888,60701.64501543071,87479.41664668219,95972.0632644906,30354.630401418177,53459.813771388195,66511.50711626535,89189.8598785448,115323.83447802911,0.0,44172.0470989895,72420.77572383333,34274.27427427427
34314.31431431432,50382.31431431431,68742.31431431431,19449.013911306894,56083.23719926877,82262.98912933553,128542.33133166039,20170.655737080597,53832.37245277344,60742.807235615874,87559.37202059594,96050.67843982003,30358.54235110165,53500.40532141092,66550.40927521471,89269.0980954653,115401.43084269328,0.0,44213.66997095692,72499.27297198602,34314.31431431431
34354.35435435436,50422.35435435436,68782.35435435435,19449.796188669796,56123.26933575133,82306.81279578857,128657.8934515621,20171.12844706559,53872.406313090265,60783.96677657611,87639.32767921535,96129.29691017883,30362.447283434358,53540.99602560656,66589.31193490737,89348.33896821202,115479.03191396582,0.0,44255.28854448062,72577.77451858245,34354.35435435436
34394.394394394396,50462.394394394396,68822.39439439439,19450.57741775216,56163.301480491675,82350.62261237158,128773.47046135654,20171.600232649675,53912.44019991441,60825.123647390545,87719.28362156883,96207.91866484295,30366.345216021524,53581.585885834895,66628.2151019506,89427.58248384763,115556.63767871173,0.0,44296.9028363317,72656.28034685149,34394.394394394396
34434.434434434435,50502.434434434435,68862.43443443443,19451.357600797863,56203.33363349406,82394.41864565501,128889.06229222531,20172.071096573316,53952.474113111704,60866.277857099325,87799.23984668915,96286.54369313318,30370.236166413564,53622.174903950996,66667.11878287818,89506.82862952029,115634.2481238436,0.0,44338.512863198,72734.79044010531,34434.434434434435
34474.474474474475,50542.474474474475,68902.47447447447,19452.136740043716,56243.36579476266,82438.20096181973,129004.66887574625,20172.54104156592,53992.50805254881,60907.429414703816,87879.1963536135,96365.17198441483,30374.120152106236,53662.7630818052,66706.02298415106,89586.0773924628,115711.86323632156,0.0,44380.11864168456,72813.30478173887,34474.474474474475
34514.514514514514,50582.514514514514,68942.5145145145,19452.91483771964,56283.397964301446,82481.96962665998,129120.29014389156,20173.010070346085,54032.5420180932,60948.57832916678,87959.15314138346,96443.80352809757,30377.997190540966,53703.350421243005,66744.92771215805,89665.32875999209,115789.48300315297,0.0,44421.72018831417,72891.82335522937,34514.514514514514
34554.554554554554,50622.554554554554,68982.55455455455,19453.691896048542,56323.43014211422,82525.7247055856,129235.92602902441,20173.478185621447,54072.576009613156,60989.72460941263,88039.1102090449,96522.4383136352,30381.867299104953,53743.93692410524,66783.83297321659,89744.58271950835,115867.10741139221,0.0,44463.317519527765,72970.3461441359,34554.554554554554
34594.59459459459,50662.59459459459,69022.59459459459,19454.467917246424,56363.46232820466,82569.46626362482,129351.57646389707,20173.9453900889,54112.61002697772,61030.86826432751,88119.06755564801,96601.07633052544,30385.73049513138,53784.52259222795,66822.73877357338,89823.83925849441,115944.73644814047,0.0,44504.91065168497,73048.87313209882,34594.59459459459
34634.63463463464,50702.63463463464,69062.63463463464,19455.242903522405,56403.49452257627,82613.19436542678,129467.24138164776,20174.41168643454,54152.644070056784,61072.00930275958,88199.02518024726,96679.71756830966,30389.58679589963,53825.1074274425,66861.64511940508,89903.09836451503,116022.37010054561,0.0,44546.49960106458,73127.40430283934,34634.63463463464
34674.67467467468,50742.67467467468,69102.67467467468,19456.016857078757,56443.5267252324,82656.9090752639,129582.92071579839,20174.877077333804,54192.67813872097,61113.147733519225,88278.98308190139,96758.3620165727,30393.436218635496,53865.69143157549,66900.55201681893,89982.36002521627,116100.00835580184,0.0,44588.08438386496,73205.93964015908,34674.67467467468
34714.71471471472,50782.71471471472,69142.71471471472,19456.789780110907,56483.55893617622,82700.61045703455,129698.61440025191,20175.34156545147,54232.71223284167,61154.28356537918,88358.94125967332,96837.00966494266,30397.27878051129,53906.27460644888,66939.4594718536,90061.62422832486,116177.6512011497,0.0,44629.6650162046,73284.47912793956,34714.71471471472
34754.75475475476,50822.75475475476,69182.75475475476,19457.561674807497,56523.59115541076,82744.2985742655,129814.32236929005,20175.80515344173,54272.746352291135,61195.41680707475,88438.89971263026,96915.6605030907,30401.114498646184,53946.856953879855,66978.36749047952,90140.89096164734,116255.29862387563,0.0,44671.241514122565,73363.02275014171,34754.75475475476
34794.7947947948,50862.7947947948,69222.7947947948,19458.332543350385,56563.62338293899,82787.97349011431,129930.04455757035,20176.267843948226,54312.78049694228,61236.547467303964,88518.85843984356,96994.31452073074,30404.94339010623,53987.43847568099,67017.27607859993,90220.16021306964,116332.95061131197,0.0,44712.8138935789,73441.57049080549,34794.7947947948
34834.83483483484,50902.83483483484,69262.83483483484,19459.102387914703,56603.65561876355,82831.63526737191,130045.780900124,20176.729639604135,54352.81466666883,61277.67555472791,88598.81744038875,97072.9717076194,30408.76547190469,54028.01917366009,67056.18524205124,90299.43197055635,116410.60715083661,0.0,44754.382170455196,73520.12233404932,34834.83483483484
34874.87487487488,50942.87487487488,69302.87487487488,19459.87121066886,56643.68786288714,82875.28396846502,130161.53133235336,20177.19054303218,54392.8488613453,61318.801077970704,88678.77671334546,97151.63205355559,30412.580761002188,54068.59904962042,67095.09498660378,90378.70622214995,116488.26822987293,0.0,44795.94636055494,73598.67826406969,34874.87487487488
34914.914914914916,50982.914914914916,69342.91491491492,19460.639013774577,56683.7201153121,82918.91965545842,130277.2957900295,20177.65055684476,54432.88308084689,61359.92404561982,88758.73625779754,97230.29554838047,30416.38927430683,54109.178105360435,67134.00531796236,90457.98295597042,116565.93383588942,0.0,44837.50647960404,73677.23826514071,34914.914914914916
34954.95495495496,51022.95495495496,69382.95495495497,19461.405799386957,56723.75237604082,82962.54239005748,130393.07420928954,20178.109683643845,54472.91732504961,61401.04446622626,88838.69607283286,97308.96218197719,30420.191028674486,54149.75634267407,67172.91624176707,90537.26216021439,116643.60395639972,0.0,44879.06254325127,73755.80232161362,34954.95495495496
34994.994994995,51062.994994995,69422.99499499501,19462.17156965444,56763.784645075415,83006.15223361056,130508.8665266346,20178.567926021256,54512.95159383015,61442.162348304715,88918.65615754332,97387.63194427057,30423.98604090896,54190.33376335054,67211.82776359367,90616.54382315464,116721.27857896221,0.0,44920.61456706867,73834.37041791633,34994.994994995
35035.03503503504,51103.03503503504,69463.03503503505,19462.936326718867,56803.816922417944,83049.74924711131,130624.67267892705,20179.0252865585,54552.98588706597,61483.277700333696,88998.61651102494,97466.30482522715,30427.774327762138,54230.91036917445,67250.73988895435,90695.82793313937,116798.95769117992,0.0,44962.16256655207,73912.94253855306,35035.03503503504
35075.07507507508,51143.07507507508,69503.07507507509,19463.700072715532,56843.84920807024,83093.3334912011,130740.49260338856,20179.481767826932,54593.020204635264,61524.390530755874,89078.57713237777,97544.98081485464,30431.555905934198,54271.4861619258,67289.65262329835,90775.1144785918,116876.6412807003,0.0,45003.70655712147,73991.51866810377,35075.07507507508
35115.11511511512,51183.11511511512,69543.11511511513,19464.462809773147,56883.881502034084,83136.90502617124,130856.32623759715,20179.93737238781,54633.05454641694,61565.50084797809,89158.5380207058,97623.65990320205,30435.33079207381,54312.06114337996,67328.56597201253,90854.40344800931,116954.32933521504,0.0,45045.24655412151,74070.09879122383,35115.11511511512
35155.15515515516,51223.15515515516,69583.15515515517,19465.224540013944,56923.913804311065,83180.46391196537,130972.17351948537,20180.392102792313,54673.08891229065,61606.608660371596,89238.49917511709,97702.34208035929,30439.099002778334,54352.63531530772,67367.4799404219,90933.69482996302,117032.02184245997,0.0,45086.782572821925,74148.68289264356,35155.15515515516
35195.1951951952,51263.1951951952,69623.1951951952,19465.985265553696,56963.946114902676,83224.01020818179,131088.0343873379,20180.845961581595,54713.12330213673,61647.7139762723,89318.46059472358,97781.02733645696,30442.860554593877,54393.208679475254,67406.3945337903,91012.98861309706,117109.71879021468,0.0,45128.31462841792,74227.27095716767,35195.1951951952
35235.23523523524,51303.23523523524,69663.23523523525,19466.744988501632,57003.978433810196,83267.5439740757,131203.90877978868,20181.298951286815,54753.157715836234,61688.81680398086,89398.42227864123,97859.71566166627,30446.615464015737,54433.781237644165,67445.30975732091,91092.28478612815,117187.42016630244,0.0,45169.84273603066,74305.86296967506,35235.23523523524
35275.27527527528,51343.275275275286,69703.27527527529,19467.503710960613,57044.01076103494,83311.06526856142,131319.79663581942,20181.751074429252,54793.19215327094,61729.91715176287,89478.38422598981,97938.4070461988,30450.363747488293,54474.35299157151,67484.22561615697,91171.58333784487,117265.12595859001,0.0,45211.366910707686,74384.45891511816,35275.275275275286
35315.31531531532,51383.315315315325,69743.31531531533,19468.26143502708,57084.04309657787,83354.57415021479,131435.69789475692,20182.202333520305,54833.2266143233,61771.01502784909,89558.3464358931,98017.10148030616,30454.105421405402,54514.92394300972,67523.14211538219,91250.88425710713,117342.83615498754,0.0,45252.88716742331,74463.05877852265,35315.315315315325
35355.35535535536,51423.355355355365,69783.35535535536,19469.018162791086,57124.075440439985,83398.0706772752,131551.6124962705,20182.652731061535,54873.261098876486,61812.11044043556,89638.30890747864,98095.79895427999,30457.840502110455,54555.49409370671,67562.05926002134,91330.1875328456,117420.55074344805,0.0,45294.40352107908,74541.66254498699,35355.355355355365
35395.3953953954,51463.395395395404,69823.3953953954,19469.773896336344,57164.10779262211,83441.55490764804,131667.5403803705,20183.102269544717,54913.29560681436,61853.203397683785,89718.2716398779,98174.49945845167,30461.569005896636,54596.063445405896,67600.97705504094,91409.49315406119,117498.26971196773,0.0,45335.9159865042,74620.270199682,35395.395395395404
35435.43543543544,51503.435435435444,69863.43543543544,19470.52863774026,57204.1401531249,83485.02689890665,131783.48148740543,20183.55095145192,54953.330138021454,61894.293907721,89798.23463222614,98253.2029831921,30465.290949007067,54636.63199984607,67639.89550534968,91488.80110982442,117575.99304858538,0.0,45377.4245784559,74698.88172785041,35435.435435435444
35475.475475475476,51543.47547547548,69903.47547547548,19471.282389073873,57244.17252194895,83528.48670829477,131899.4357580598,20183.998779255577,54993.36469238296,61935.381978640195,89878.19788366253,98331.90951891163,30469.00634763499,54677.1997587616,67678.81461579906,91568.11138927485,117653.72074138236,0.0,45418.92931161991,74777.49711480652,35475.47547547548
35515.515515515515,51583.51551551552,69943.51551551552,19472.035152402015,57284.20489909471,83571.93439272861,132015.40313335232,20184.445755418412,55033.39926978483,61976.46761850035,89958.16139332988,98410.61905605966,30472.71521792395,54717.766723882276,67717.73439118383,91647.4239816207,117731.45277848239,0.0,45460.430200610834,74856.11634593572,35515.51551551552
35555.555555555555,51623.55555555556,69983.55555555556,19472.78692978325,57324.23728456245,83615.37000879878,132131.3835546333,20184.891882393596,55073.433870113586,62017.55083532668,90038.12516037485,98489.33158512463,30476.41757596796,54758.33289693338,67756.65483624261,91726.73887613801,117809.18914805137,0.0,45501.92725997258,74934.73940669409,35555.55555555556
35595.5955955956,51663.5955955956,70023.5955955956,19473.537723269917,57364.26967835241,83658.7936127728,132247.37696358288,20185.337162624797,55113.468493256514,62058.63163711066,90118.08918394784,98568.04709663379,30480.11343781169,54798.89827963576,67795.57595565845,91806.05606217042,117886.92983829725,0.0,45543.42050417875,75013.36628260805,35595.5955955956
35635.63563563564,51703.63563563564,70063.63563563564,19474.28753490818,57404.30208046466,83702.20526059711,132363.3833022082,20185.78159854617,55153.50313910146,62099.71003181034,90198.05346320299,98646.76558115287,30483.8028194507,54839.462873705714,67834.4977540593,91885.37552912839,117964.67483746973,0.0,45584.90994763306,75091.99695927386,35635.63563563564
35675.67567567568,51743.67567567568,70103.67567567568,19475.036366738022,57444.334490899135,83745.60500789901,132479.4025128422,20186.22519258241,55193.53780753703,62140.7860273504,90278.0179972981,98725.48702928613,30487.48573683145,54880.02668085513,67873.42023601852,91964.69726648877,118042.42413386019,0.0,45626.395604669735,75170.6314223573,35675.67567567568
35715.71571571572,51783.71571571572,70143.71571571572,19475.784220793255,57484.366909655706,83788.99290998888,132595.43453814072,20186.667947148853,55233.572498452406,62181.85963162235,90357.9827853947,98804.211431676,30491.162205851684,54920.58970279141,67912.34340605541,92044.02126379433,118120.17771580147,0.0,45667.87748955393,75249.26965759322,35715.71571571572
35755.75575575576,51823.75575575576,70183.75575575576,19476.53109910163,57524.399336734095,83832.36902186235,132711.47932108073,20187.109864651473,55273.607211737464,62222.93085248473,90437.94782665797,98882.9387790029,30494.83224236046,54961.15194121747,67951.26726863583,92123.34751065314,118197.93557166767,0.0,45709.355616482084,75327.91165078519,35755.75575575576
35795.7957957958,51863.7957957958,70223.7957957958,19477.277003684772,57564.431772133874,83875.73339820222,132827.53680495807,20187.550947486947,55313.64194728272,62263.999697763255,90517.91312025674,98961.66906198514,30498.495862158354,55001.71339783183,67990.19182817252,92202.67599673805,118275.697689874,0.0,45750.82999958234,75406.55738780505,35795.7957957958
35835.83583583584,51903.83583583584,70263.83583583584,19478.021936558223,57604.46421585458,83919.08609338058,132943.60693338574,20187.99119804264,55353.676704979305,62305.06617525093,90597.87866536347,99040.40227137868,30502.153080997698,55042.27407432856,68029.11708902576,92282.00671178638,118353.46405887662,0.0,45792.30065291495,75485.20685459256,35835.83583583584
35875.87587587588,51943.87587587588,70303.87587587588,19478.76589973156,57644.49666789559,83962.42716146084,133059.6896502914,20188.43061869681,55393.711484718995,62346.130292708316,90677.8444611542,99119.13839797696,30505.80391458266,55082.83397239735,68068.04305550373,92361.33964559912,118431.23466717242,0.0,45833.767590472635,75563.86003715501,35875.87587587588
35915.91591591592,51983.91591591592,70343.91591591592,19479.508895208215,57684.52912825619,84005.75665619968,133175.7848999155,20188.869211818448,55433.74628639423,62387.19205786355,90757.81050680863,99197.87743261068,30509.44837856948,55123.39309372338,68106.96973186321,92440.67478804057,118509.00950329888,0.0,45875.23082618099,75642.51692156677,35915.91591591592
35955.95595595596,52023.95595595596,70383.95595595596,19480.250924985747,57724.56159693548,84049.07463104928,133291.89262680928,20189.306979767498,55473.781109898024,62428.25147841266,90837.77680150991,99276.61936614767,30513.086488566594,55163.951439987526,68145.89712230978,92520.01212903799,118586.78855583386,0.0,45916.690373898855,75721.17749396902,35955.95595595596
35995.995995995996,52063.995995995996,70423.995995996,19480.991991055686,57764.5940739326,84092.38113915903,133408.0127758327,20189.743924894756,55513.815955124046,62469.308562019636,90917.74334444485,99355.36418949271,30516.718260134847,55204.50901286624,68184.8252309986,92599.3516585808,118664.57181339551,0.0,45958.14624741872,75799.84174056927,35995.995995995996
36036.036036036036,52104.036036036036,70464.03603603604,19481.732095403655,57804.626559246426,84135.67623337763,133524.14529215248,20190.180049542047,55553.85082196661,62510.36331631655,90997.71013480372,99434.1118935873,30520.34370878767,55245.065814031586,68223.75406203466,92678.69336672034,118742.35926464194,0.0,45999.59846046708,75878.50964764104,36036.036036036036
36076.076076076075,52144.076076076075,70504.07607607607,19482.47124000929,57844.65905287584,84178.95996625518,133640.29012124013,20190.615356042174,55593.885710320574,62551.41574890383,91077.67717178038,99512.86246940953,30523.962849991167,55285.621845151254,68262.68361947333,92758.03724356939,118820.1508982713,0.0,46041.04702670484,75957.1812015234,36076.076076076075
36116.116116116114,52184.116116116114,70544.11611611611,19483.209426846435,57884.691554819554,84222.23239004487,133756.4472088697,20191.049846719012,55633.92062008147,62592.465867350336,91157.64445457203,99591.61590797387,30527.575699164365,55326.177107888594,68301.61390732096,92837.38327930149,118897.94670302127,0.0,46082.49195972762,76035.85638862074,36116.116116116114
36156.156156156154,52224.156156156154,70584.15615615615,19483.946657882967,57924.724065076225,84265.49355670522,133872.61650111637,20191.483523887488,55673.95555114541,62633.51367919352,91237.61198237952,99670.37220033098,30531.182271679376,55366.73160390264,68340.54492953511,92916.73146415061,118975.74666766924,0.0,46123.93327306623,76114.53519540225,36156.156156156154
36196.1961961962,52264.19619619621,70624.19619619621,19484.682935081,57964.75658364436,84308.74351790165,133988.797944354,20191.91638985375,55713.99050340911,62674.55919193963,91317.57975440702,99749.13133756765,30534.78258286152,55407.28533484801,68379.47669002514,92996.0817884107,119053.55078103187,0.0,46165.37098018698,76193.21760840164,36196.19619619621
36236.23623623624,52304.23623623625,70664.23623623625,19485.418260396764,58004.789110522375,84351.98232500878,134104.99148525327,20192.348446915064,55754.02547676989,62715.60241306379,91397.54776986226,99827.89331080644,30538.37664798952,55447.838302375,68418.40919265265,93075.43424243519,119131.35903196505,0.0,46206.80509449201,76271.90361421672,36236.23623623625
36276.27627627628,52344.27627627629,70704.27627627629,19486.152635780694,58044.82164570862,84395.21002911203,134221.19707078004,20192.779697359947,55794.060471125646,62756.64335001021,91477.51602795623,99906.65811120566,30541.964482295672,55488.39050812967,68457.342441232,93154.78881663654,119209.17140936383,0.0,46248.23562931975,76350.5931995091,36276.27627627629
36316.31631631632,52384.316316316326,70744.31631631633,19486.886063177517,58084.854189201295,84438.42668100959,134337.4146481932,20193.210143468154,55834.09548637486,62797.68201019234,91557.48452790346,99985.4257299591,30545.54610096598,55528.94195375372,68496.27643953057,93234.1455014857,119286.98790216194,0.0,46289.6625979452,76429.28635100377,36316.316316316326
36356.35635635636,52424.356356356366,70784.35635635637,19487.61854452612,58124.88674099855,84481.63233121432,134453.6441650428,20193.639787510816,55874.13052241667,62838.71840099299,91637.45326892179,100064.19615829593,30549.121519140375,55569.492640884506,68535.21119126944,93313.50428751184,119364.80849933196,0.0,46331.08601358034,76507.98305548876,36356.356356356366
36396.3963963964,52464.396396396405,70824.3963963964,19488.35008175973,58164.91930109841,84524.82702995566,134569.8855691682,20194.068631750357,55914.165579150686,62879.75252976448,91717.42225023238,100142.96938748048,30552.690751912778,55610.04257115519,68574.14670012363,93392.86516530172,119442.63318988506,0.0,46372.505889374435,76586.68329981476,36396.396396396405
36436.43643643644,52504.436436436445,70864.43643643644,19489.080676805817,58204.9518694988,84568.01082718134,134686.1388086963,20194.496678440613,55954.200656477165,62920.78440382885,91797.39147105988,100221.7454088121,30556.253814331412,55650.59174619462,68613.08296972259,93472.22812549939,119520.46196287061,0.0,46413.92223841447,76665.38707089485,36436.436436436445
36476.47647647648,52544.476476476484,70904.47647647648,19489.810331586203,58244.98444619757,84611.18377255919,134802.40383203945,20194.923929826895,55994.23575429695,62961.81403047795,91877.3609306321,100300.52421362497,30559.810721398826,55691.140167627345,68652.02000365072,93551.59315880563,119598.29480737637,0.0,46455.33507372542,76744.09435570402,36476.476476476484
36516.51651651652,52584.516516516516,70944.51651651652,19490.53904801706,58285.01703119245,84654.3459154792,134918.68058789388,20195.35038814591,56034.27087251142,63002.84141697358,91957.33062818025,100379.30579328795,30563.361488072136,55731.68783707369,68690.95780544766,93630.96025597755,119676.13171252808,0.0,46496.74440827065,76822.8051412789,36516.516516516516
36556.55655655656,52624.556556556556,70984.55655655656,19491.26682800889,58325.04962448111,84697.49730505509,135034.96902523772,20195.776055625975,56074.306011022505,63043.86657054767,92037.30056293885,100458.09013920435,30566.906129263152,55772.23475614974,68729.89637860877,93710.32940782828,119753.9726674894,0.0,46538.150254952256,76901.51941471742,36556.556556556556
36596.5965965966,52664.596596596595,71024.5965965966,19491.993673466597,58365.08222606108,84740.63799012608,135151.26909332926,20196.200934486893,56114.341169732754,63084.88949840244,92117.27073414561,100536.8772428119,30570.444659838493,55812.78092646735,68768.83572658565,93789.70060522635,119831.81766146174,0.0,46579.5526266114,76980.23716317839,36596.596596596595
36636.63663663664,52704.636636636635,71064.63663663664,19492.71958628951,58405.11483592985,84783.7680192589,135267.58074170494,20196.625026940106,56154.376348545215,63125.91020771051,92197.24114104157,100615.66709558244,30573.977094619946,55853.326349634095,68807.77585278629,93869.07383909544,119909.66668368404,0.0,46620.95153602865,77058.95837388127,36636.636636636635
36676.67667667668,52744.676676676674,71104.67667667668,19493.44456837137,58445.14745408482,84826.88744074934,135383.9039201779,20197.048335188687,56194.41154736354,63166.92870561504,92277.21178287093,100694.45968902184,30577.50344838431,55893.871027253415,68846.7167605758,93948.44910041383,119987.51972343275,0.0,46662.34699592435,77137.68303410568,36676.676676676674
36716.71671671672,52784.71671671671,71144.71671671672,19494.168621600387,58485.18008052324,84869.99630262409,135500.23857883585,20197.47086142737,56234.446766091896,63207.94499922998,92357.18265888123,100773.25501466982,30581.023735863826,55934.41496092451,68885.6584532765,94027.82638021401,120065.37677002142,0.0,46703.739018958935,77216.41113119121,36716.71671671671
36756.75675675676,52824.75675675675,71184.75675675676,19494.891747859234,58525.21271524233,84913.09465264248,135616.58466803972,20197.892607842645,56274.48200463502,63248.959095639984,92437.15376832313,100852.05306409977,30584.53797174623,55974.958152242376,68924.60093416861,94107.2056695824,120143.23781280087,0.0,46745.12761773326,77295.142652537,36756.75675675675
36796.7967967968,52864.79679679679,71224.7967967968,19495.613949025086,58565.24535823919,84956.18253829813,135732.94213842155,20198.313576612738,56314.51726289818,63289.97100190082,92517.12511045045,100930.85382891858,30588.046170674865,56015.50060279784,68963.5442064905,94186.58695965877,120221.1028411588,0.0,46786.512804788974,77373.87758560141,36796.79679679679
36836.83683683684,52904.83683683684,71264.83683683684,19496.335226969677,58605.278009510854,84999.2600068209,135849.3109408828,20198.733769907667,56354.5525407872,63330.98072503938,92597.09668452026,101009.65730076656,30591.54834724892,56056.04231417757,69002.48827343892,94265.97024163595,120298.97184451969,0.0,46827.89459260883,77452.6159179017,36836.83683683684
36876.87687687688,52944.87687687688,71304.87687687688,19497.055583559202,58645.310669054285,85042.32710517819,135965.6910265927,20199.1531898893,56394.58783820841,63371.98827205371,92677.06848979273,101088.46347131714,30595.04451602356,56096.583287964044,69041.43313816983,94345.35550675925,120376.84481234459,0.0,46869.27299361697,77531.35763701366,36876.87687687688
36916.91691691692,52984.91691691692,71344.91691691692,19497.775020654517,58685.3433368663,85085.38388007705,136082.08234698675,20199.57183871138,56434.62315506872,63412.99364991344,92757.04052553113,101167.27233227686,30598.53469151001,56137.1235257356,69080.37880379826,94424.74274632643,120454.72173413119,0.0,46910.64802017936,77610.1027305714,36916.91691691692
36956.95695695696,53024.95695695696,71384.95695695696,19498.493540110983,58725.37601294372,85128.43037796556,136198.4848537646,20199.989718519566,56474.65849127551,63453.9968655596,92837.01279100202,101246.08387538504,30602.018888175873,56177.66302906647,69119.32527339912,94504.13195168687,120532.6025994134,0.0,46952.01968460402,77688.85118626685,36956.95695695696
36996.996996997,53064.996996997,71424.996996997,19499.211143778608,58765.408697283194,85171.46664503468,136314.89849888848,20200.406831451473,56514.693846736765,63494.99792590504,92916.98528547485,101324.89809241386,30605.49712044508,56218.20179952669,69158.2725500074,94583.52311424151,120610.48739776129,0.0,46993.38799914139,77767.6029918496,36996.996996997
37037.03703703704,53105.03703703704,71465.03703703704,19499.927833502035,58805.441389881365,85214.49272721983,136431.32323458197,20200.823179636696,56554.729221360896,63535.99683783435,92996.95800822228,101403.714975168,30608.96940269819,56258.73983868224,69197.22063661847,94662.91622544228,120688.37611878103,0.0,47034.75297598466,77846.35813512646,37037.03703703704
37077.077077077076,53145.077077077076,71505.07707707708,19500.643611120548,58845.474090734766,85257.5086702025,136547.75901332757,20201.238765196867,56594.7646150569,63576.99360820414,93076.93095852001,101482.53451548454,30612.435749272547,56299.27714809495,69236.16953618856,94742.31127679182,120766.26875211456,0.0,47076.11462727005,77925.11660396119,37077.077077077076
37117.117117117115,53185.117117117115,71545.11711711712,19501.358478468115,58885.506799839844,85300.51451941194,136664.2057878657,20201.653590245674,56634.800027734265,63617.988243843094,93156.9041356468,101561.35670523284,30615.89617446229,56339.8137293226,69275.11925163513,94821.70825984306,120844.16528743962,0.0,47117.47296507719,78003.87838627415,37117.117117117115
37157.15715715716,53225.15715715716,71585.15715715717,19502.072437373354,58925.53951719297,85343.5103200268,136780.66351119272,20202.067656888954,56674.83545930305,63658.980751552146,93236.87753888447,101640.18153631437,30619.35069251864,56380.34958391882,69314.06978583722,94901.10716619881,120922.0657144695,0.0,47158.82800142939,78082.6434700421,37157.15715715716
37197.1971971972,53265.1971971972,71625.19719719721,19502.785489659647,58965.5722427904,85386.49611697668,136897.13213655926,20202.480967224605,56714.8709096737,63699.971138104636,93316.85116751779,101719.00900066247,30622.79931765004,56420.88471343317,69353.02114163568,94980.50798751143,120999.97002295288,0.0,47200.17974829394,78161.41184329767,37197.1971971972
37237.23723723724,53305.23723723724,71665.23723723725,19503.497637145105,59005.60497662844,85429.47195494364,137013.61161746903,20202.89352334282,56754.90637875727,63740.959410246345,93396.82502083463,101797.8390902424,30626.24206402221,56461.419119411206,69391.97332183376,95059.91071548252,121077.87820267376,0.0,47241.52821758248,78240.18349412923,37237.23723723724
37277.27727727728,53345.27727727728,71705.27727727729,19504.208881642568,59045.63771870317,85472.43787836413,137130.10190767655,20203.30532732585,56794.94186646527,63781.94557469577,93476.79909812575,101876.67179705104,30629.67894575843,56501.952803394364,69430.92632919727,95139.31534186238,121155.7902434512,0.0,47282.87342115129,78318.95841068056,37277.27727727728
37317.31731731732,53385.31731731732,71745.31731731733,19504.91922495968,59085.67046901066,85515.39393143008,137246.60296118614,20203.71638124835,56834.97737270973,63822.92963814412,93556.773398685,101955.50711311669,30633.109976939606,56542.48576692004,69469.88016645508,95218.72185844989,121233.7061351393,0.0,47324.215370801554,78397.73658115041,37317.31731731732
37357.35735735736,53425.35735735736,71785.35735735737,19505.628668898877,59125.70322754691,85558.34015809088,137363.11473225016,20204.12668717721,56875.01289740319,63863.91160725557,93636.74792180912,102034.34503049907,30636.535171604322,56583.018011521664,69508.83483629928,95298.13025709186,121311.62586762701,0.0,47365.554078279725,78476.51799379235,37357.35735735736
37397.3973973974,53465.3973973974,71825.3973973974,19506.337215257394,59165.73599430787,85601.27660205474,137479.63717536704,20204.536247171593,56915.04844045862,63904.891488667294,93716.72266679778,102113.1855412891,30639.954543749278,56623.54953872856,69547.79034138573,95377.54052968297,121389.54943083783,0.0,47406.88955527779,78555.3026369144,37397.3973973974
37437.437437437446,53505.437437437446,71865.43743743745,19507.044865827287,59205.76876928937,85644.20330679014,137596.17024528037,20204.945063283107,56955.08400178955,63945.869288989656,93796.69763295367,102192.02863760866,30643.368107329126,56664.08035006608,69586.74668433427,95456.95266816524,121467.47681472998,0.0,47448.22181343361,78634.09049887872,37437.437437437446
37477.477477477485,53545.477477477485,71905.47747747749,19507.751622395575,59245.80155248718,85687.12031552769,137712.71389697705,20205.35313755572,56995.119581309926,63986.845014806284,93876.67281958225,102270.8743116107,30646.775876256797,56704.610447055515,69625.703867729,95536.36666452768,121545.40800929589,0.0,47489.55086433116,78712.8815681013,37477.477477477485
37517.517517517525,53585.517517517525,71945.51751751752,19508.457486744017,59285.834343897,85730.0276712612,137829.2680856854,20205.760472025817,57035.15517893426,64027.8186726743,93956.64822599202,102349.72255547876,30650.177864403577,56745.139831214256,69664.66189411886,95615.782510806,121623.34300456243,0.0,47530.87671950091,78791.67583305165,37517.517517517525
37557.557557557564,53625.557557557564,71985.55755755756,19509.16246064938,59325.867143514486,85772.9254167496,137945.83276687437,20206.167068722258,57075.190794577466,64068.79026912431,94036.62385149424,102428.57336142706,30653.5740855993,56785.66850405561,69703.62076601766,95695.20019908235,121701.28179059044,0.0,47572.199390420064,78870.47328225263,37557.557557557564
37597.5975975976,53665.5975975976,72025.5975975976,19509.866545883284,59365.899951335174,85815.81359451823,138062.40789625133,20206.57292966645,57115.226428154965,64109.759810660675,94116.59969540314,102507.42672170035,30656.964553632442,56826.196467089,69742.58048590466,95774.61972148468,121779.22435747483,0.0,47613.518888512845,78949.27390427997,37597.5975975976
37637.63763763764,53705.63763763764,72065.63763763764,19510.5697442123,59405.932767354585,85858.69224686027,138178.99342976103,20206.978056872285,57155.26207958267,64150.727303761494,94196.57575703578,102586.2826285736,30660.349282250343,56866.72372181984,69781.54105622465,95854.0410701868,121857.1706953442,0.0,47654.83522515084,79028.07768776208,37637.63763763764
37677.67767767768,53745.67767767768,72105.67767767768,19511.272057397975,59445.96559156814,85901.56141583846,138295.58932358382,20207.38245234626,57195.29774877693,64191.69275487886,94276.55203571203,102665.141074352,30663.72828515917,56907.250269749595,69820.50247938857,95933.46423740772,121935.12079436099,0.0,47696.14841165326,79106.88462137978,37677.67767767768
37717.71771771772,53785.71771771772,72145.71771771772,19511.973487196847,59485.998423971236,85944.42114328632,138412.1955341342,20207.786118087453,57235.33343565459,64232.6561704389,94356.52853075459,102744.0020513708,30667.101576024364,56947.7761123758,69859.46475777346,96012.88921541156,122013.07464472111,0.0,47737.45845928723,79185.69469386594,37717.71771771772
37757.75775775776,53825.75775775777,72185.75775775776,19512.674035360425,59526.03126455913,85987.2714708097,138528.81201805954,20208.189056087605,57275.369140132934,64273.617556841964,94436.50524148898,102822.86555199511,30670.46916847049,56988.30125119206,69898.42789372319,96092.31599650702,122091.03223665383,0.0,47778.765379268065,79264.50789400522,37757.75775775777
37797.7977977978,53865.79779779781,72225.7977977978,19513.373703635225,59566.06411332709,86030.11243978831,138645.43873223837,20208.591268331147,57315.40486212972,64314.57692046266,94516.48216724349,102901.73156861981,30673.831076081482,57028.82568768804,69937.3918895484,96171.74457304712,122168.99356042178,0.0,47820.069182759595,79343.32421063381,37797.79779779781
37837.83783783784,53905.83783783785,72265.83783783784,19514.072493762804,59606.09697027027,86072.94409137701,138762.0756337792,20208.99275679518,57355.440601563154,64355.534267650066,94596.45930734924,102980.6000936694,30677.187312400878,57069.349423349515,69976.356747527,96251.17493742905,122246.95860632062,0.0,47861.36988087441,79422.14363263913,37837.83783783785
37877.87787787788,53945.87787787789,72305.87787787788,19514.770407479817,59646.129835383734,86115.76646650722,138878.72268001863,20209.393523449602,57395.47635835191,64396.48960472784,94676.4366611401,103059.47111959785,30680.537890931835,57109.872459658334,70015.32246990445,96330.60708209353,122324.92736467916,0.0,47902.66748467415,79500.96614895949,37877.87787787789
37917.91791791792,53985.91791791793,72345.91791791792,19515.467446517934,59686.162708662574,86158.57960588868,138995.3798285204,20209.793570257054,57435.51213241512,64437.44293799424,94756.41422795266,103138.34463888848,30683.882825137298,57150.3947980925,70054.28905889408,96410.04099952475,122402.89982585888,0.0,47943.96200516983,79579.79174858394,37917.91791791793
37957.95795795796,54025.957957957966,72385.95795795796,19516.16361260399,59726.195590101765,86201.38355001027,139112.04703707382,20210.19289917298,57475.54792367235,64478.39427372242,94836.39200712627,103217.22064405377,30687.222128440226,57190.916440126086,70093.25651667737,96489.47668224998,122480.87598025409,0.0,47985.253453322024,79658.62042055186,37957.957957957966
37997.997997998,54065.997997998005,72425.997997998,19516.858907459864,59766.228479696205,86244.17833914199,139228.72426369198,20210.5915121457,57515.58373204358,64519.34361816043,94916.36999800299,103296.0991276353,30690.555814223597,57231.43738722937,70132.22484540414,96568.91412283923,122558.85581829166,0.0,48026.54184004123,79737.45215395276,37997.997997998005
38038.03803803804,54106.038038038045,72466.03803803804,19517.553332802585,59806.26137744077,86286.96401333598,139345.41146661088,20210.989411116396,57555.6195574493,64560.29097753131,94996.34819992764,103374.9800822036,30693.883895830604,57271.95764086867,70171.19404719307,96648.35331390497,122636.83933043088,0.0,48067.82717618813,79816.286937926,38038.038038038045
38078.078078078084,54146.07807807808,72506.07807807808,19518.246890344344,59846.29428333026,86329.74061242795,139462.10860428785,20211.386598019162,57595.65539981041,64601.23635803333,95076.32661224769,103453.86350035793,30697.20638656491,57312.47720250654,70210.1641241318,96727.79424810177,122714.82650716344,0.0,48109.10947257381,79895.12476166044,38078.07807807808
38118.118118118124,54186.11811811812,72546.11811811812,19518.93958179251,59886.32719735941,86372.50817603868,139578.8156354,20211.78307478105,57635.691259048224,64642.179765839996,95156.30523431327,103532.7493747262,30700.523299690543,57352.99607360168,70249.13507827731,96807.2369181261,122792.8173390131,0.0,48150.3887399601,79973.96561439427,38118.11811811812
38158.15815815816,54226.158158158156,72586.15815815816,19519.63140884963,59926.36011952287,86415.26674357531,139695.532518843,20212.178843322057,57675.72713508453,64683.12120710027,95236.28406547723,103611.6376979649,30703.834648432236,57393.514255608905,70288.10691165616,96886.68131671594,122870.81181653572,0.0,48191.664989059784,80052.8094854147,38158.158158158156
38198.1981981982,54266.198198198195,72626.1981981982,19520.32237321348,59966.3930498153,86458.01635423259,139812.25921372962,20212.57390555524,57715.763027841516,64724.06068793854,95316.26310509503,103690.52846275887,30707.14044597552,57434.031749979295,70327.0796262648,96966.12743665051,122948.80993031911,0.0,48232.93823053693,80131.65636405768,38198.198198198195
38238.23823823824,54306.238238238235,72666.23823823823,19521.01247657698,60006.42598823127,86500.75704699436,139928.99567938858,20212.968263386647,57755.79893724182,64764.9982144549,95396.24235252483,103769.42166182122,30710.440705466743,57474.548558160066,70366.05322406985,97045.57527075,123026.81167098277,0.0,48274.208475007086,80210.50623970763,38238.238238238235
38278.27827827828,54346.278278278274,72706.27827827827,19521.701720628385,60046.45893476525,86543.48886063481,140045.74187536296,20213.361918715404,57795.8348632085,64805.93379272521,95476.22180712738,103848.31728789321,30713.735440013377,57515.0646815947,70405.02770700841,97125.02481187518,123104.81702917801,0.0,48315.47573303763,80289.3591017972,38278.278278278274
38318.31831831832,54386.318318318314,72746.31831831831,19522.390107051186,60086.491889411715,86586.21183371983,140162.4977614088,20213.754873433776,57835.87080566503,64846.8674288011,95556.20146826602,103927.215333744,30717.024662684114,57555.580121722785,70444.00307698824,97204.47605292729,123182.8259955875,0.0,48356.74001514794,80368.21493980702,38318.318318318314
38358.35835835836,54426.35835835835,72786.35835835835,19523.07763752412,60126.52485216508,86628.92600460825,140279.26329749433,20214.14712942717,57875.9067645353,64887.7991287103,95636.18133530673,104006.11579217069,30720.308386508863,57596.094879980235,70482.9793358881,97283.92898684758,123260.83856092537,0.0,48398.00133180971,80447.07374326536,38358.35835835835
38398.39839839841,54466.39839839841,72826.3983983984,19523.764313721265,60166.55782301968,86671.63141145327,140396.03844379785,20214.538688574088,57915.942739743645,64928.728898456524,95716.16140761806,104085.01865599811,30723.58662447897,57636.60895779916,70521.9564855581,97363.38360661712,123338.85471593705,0.0,48439.25969344725,80525.93550174795,38398.39839839841
38438.43843843845,54506.43843843845,72866.43843843845,19524.45013731198,60206.59080196975,86714.32809220348,140512.82316070702,20214.92955274631,57955.97873121479,64969.656744019776,95796.14168457115,104163.92391807865,30726.859389547495,57677.12235660792,70560.93452781977,97442.8399052564,123416.87445139907,0.0,48480.51511043763,80604.80020487771,38438.43843843845
38478.478478478486,54546.478478478486,72906.47847847849,19525.13510996099,60246.62378900958,86757.01608460465,140629.6174088172,20215.31972380879,57996.01473887386,65010.582671356344,95876.1221655397,104242.83157129222,30730.126694629074,57717.63507783113,70599.91346446649,97522.29787582524,123494.89775811895,0.0,48521.76759311102,80683.66784232443,38478.478478478486
38518.518518518526,54586.518518518526,72946.51851851853,19525.819233328344,60286.656784133374,86799.6954262004,140746.4211489305,20215.70920361981,58036.050762646446,65051.50668639896,95956.10284989994,104321.741608546,30733.388552600314,57758.14712288965,70638.89329726368,97601.75751142236,123572.92462693513,0.0,48563.01715175096,80762.5384038046,38518.518518518526
38558.558558558565,54626.558558558565,72986.55855855856,19526.50250906946,60326.68978733524,86842.36615433388,140863.2343420543,20216.097994030897,58076.08680245847,65092.4287950569,96036.08373703058,104400.65402277451,30736.644976299656,57798.65849320063,70677.8740279491,97681.21880518517,123650.95504871683,0.0,48604.263796594554,80841.41187908113,38558.558558558565
38598.598598598604,54666.598598598604,73026.5985985986,19527.18493883514,60366.722798609226,86885.02830614892,140980.05694939967,20216.486096886874,58116.12285823636,65133.349003216084,96116.06482631303,104479.56880693929,30739.895978527802,57839.169190177534,70716.8556582331,97760.68175028944,123728.98901436377,0.0,48645.50753783275,80920.28825796305,38598.598598598604
38638.638638638644,54706.638638638644,73066.63863863864,19527.86652427166,60406.75581794942,86927.6819185912,141096.8889323809,20216.873514026003,58156.15892990683,65174.26731673924,96196.046117131,104558.48595402879,30743.141572047574,57879.67921523005,70755.83818979879,97840.14633994907,123807.02651480632,0.0,48686.7483856106,80999.16753030532,38638.638638638644
38678.67867867868,54746.67867867868,73106.67867867868,19528.547267020607,60446.78884534975,86970.32702840956,141213.7302526135,20217.260247279824,58196.195017397054,65215.183741465946,96276.02760887088,104637.4054570584,30746.381769584248,57920.18856976427,70794.82162430248,97919.6125674159,123885.06754100519,0.0,48727.986350027495,81078.04968600857,38678.67867867868
38718.71871871872,54786.71871871872,73146.71871871872,19529.227168719073,60486.821880804186,87012.96367215723,141330.58087191315,20217.646298473388,58236.23112063462,65256.098283212734,96356.00930092137,104716.32730907021,30749.616583825573,57960.69725518253,70833.80596337373,97999.0804259792,123963.11208395132,0.0,48769.2214411374,81156.93471501877,38718.71871871872
38758.75875875876,54826.75875875876,73186.75875875876,19529.9062309996,60526.85492430659,87055.591886193,141447.4407522946,20218.031669425138,58276.26723954747,65297.01094777331,96435.9911926738,104795.25150313287,30752.846027421954,58001.205272883475,70872.7912086157,98078.54990896571,124041.16013466573,0.0,48810.45366894914,81235.82260732715,38758.75875875876
38798.7987987988,54866.7987987988,73226.7987987988,19530.584455490178,60566.88797585081,87098.21170668252,141564.3098559705,20218.41636194699,58316.30337406397,65337.92174091849,96515.97328352187,104874.1780323415,30756.070112986483,58041.7126242622,70911.77736160543,98158.02100973917,124119.21168419953,0.0,48851.68304342661,81314.7133529698,38798.7987987988
38838.83883883884,54906.83883883884,73266.83883883884,19531.261843814325,60606.92103543061,87140.82316959939,141681.1881453499,20218.800377844396,58356.33952411284,65378.83066839651,96595.95557286171,104953.10688981757,30759.288853095204,58082.219310709996,70950.76442389397,98237.49372170019,124197.26672363374,0.0,48892.90957448902,81393.60694202752,38838.83883883884
38878.87887887888,54946.87887887888,73306.87887887888,19531.93839759101,60646.9541030398,87183.42631072649,141798.07558303713,20219.183718916276,58396.37568962322,65419.73773593294,96675.938060092,105032.03806870885,30762.50226028718,58122.7253336146,70989.75239700674,98316.96803828576,124275.32524407902,0.0,48934.13327201115,81472.5033646255,38878.87887887888
38918.91891891892,54986.91891891892,73346.91891891892,19532.61411843481,60686.98717867197,87226.02116565699,141914.97213183084,20219.566386955194,58436.41187052463,65460.64294923091,96755.92074461369,105110.97156218908,30765.71034706457,58163.230694360114,71028.74128244366,98396.44395296936,124353.38723667582,0.0,48975.35414582359,81551.40261093318,38918.91891891892
38958.95895895896,55026.95895895896,73386.95895895896,19533.289007955755,60727.02026232084,87268.60776979575,142031.87775472243,20219.948383747243,58476.44806674697,65501.54631397115,96835.90362583027,105189.90736345814,30768.91312589289,58203.73539432698,71067.73108167952,98475.92145926037,124431.45269259397,0.0,49016.57220571296,81630.30467116393,38958.95895895896
38998.998998999006,55066.998998999,73426.998998999,19533.96306775949,60767.053353979994,87311.18615836032,142148.79241489523,20220.329711072176,58516.48427822046,65542.4478358122,96915.88670314752,105268.84546574164,30772.110609200918,58244.23943489207,71106.72179616414,98555.400550704,124509.52160303284,0.0,49057.78746142216,81709.20953557486,38998.998998999
39039.039039039046,55107.03903903904,73467.03903903904,19534.6362994472,60807.086453642965,87353.75636638213,142265.7160757229,20220.710370703353,58556.520504875814,65583.34752039035,96995.86997597372,105347.785862291,30775.302809381123,58284.74281742865,71145.7134273225,98634.88122088101,124587.59395922098,0.0,49098.999922650604,81788.11719446653,39039.03903903904
39079.079079079085,55147.07907907908,73507.07907907908,19535.30870461568,60847.11956130334,87396.3184287077,142382.6487007686,20221.09036440785,58596.556746644026,65624.24537331992,97075.85344371942,105426.7285463833,30778.48973878946,58325.245543306315,71184.70597655517,98714.36346340744,124665.66975241611,0.0,49140.20959905447,81867.02763818277,39079.07907907908
39119.119119119125,55187.11911911912,73547.11911911912,19535.980284857367,60887.15267695451,87438.8723799998,142499.5902537839,20221.469693946427,58636.59300345652,65665.14140019321,97155.83710579757,105505.67351132102,30781.67140974578,58365.74761389117,71223.69944523835,98793.84727193438,124743.74897390502,0.0,49181.41650024689,81945.94085711047,39119.11911911912
39159.159159159164,55227.15915915916,73587.15915915916,19536.651041760233,60927.18580058995,87481.41825473846,142616.54069870722,20221.848361073586,58676.62927524503,65706.0356065807,97235.82096162348,105584.62075043215,30784.84783453375,58406.2490305457,71262.69383472434,98873.33264014765,124821.83161500348,0.0,49222.620635798216,82024.85684167926,39159.15915915916
39199.1991991992,55267.199199199196,73627.1991991992,19537.320976907962,60967.21893220302,87523.9560872222,142733.49999966274,20222.226367537594,58716.665561941714,65746.92799803114,97315.80501061486,105663.57025706989,30788.019025401103,58446.749794628864,71301.68914634146,98952.81956176777,124899.91766705597,0.0,49263.822015236256,82103.77558236134,39199.199199199196
39239.23923923924,55307.239239239236,73667.23923923924,19537.990091879852,61007.25207178713,87566.48591156928,142850.46812095994,20222.603715080506,58756.70186347906,65787.81858007165,97395.7892521916,105742.52202461264,30791.184994559702,58487.249907496,71340.68538139452,99032.30803054947,124978.00712143576,0.0,49305.020648046455,82182.69706967127,39239.239239239236
39279.27927927928,55347.279279279275,73707.27927927928,19538.658388250937,61047.2852193355,87609.0077617185,142967.44502709148,20222.980405438182,58796.73817978994,65828.70735820771,97475.77368577605,105821.4760464638,30794.3457541857,58527.74937049897,71379.68254116488,99111.79804028154,125056.09996954455,0.0,49346.216543672184,82261.62129416564,39279.279279279275
39319.31931931932,55387.31931931932,73747.31931931933,19539.325867591862,61087.31837484144,87651.52167143053,143084.43068273278,20223.356440340336,58836.77451080759,65869.59433792351,97555.75831079276,105900.43231605175,30797.50131641958,58568.24818498608,71418.68062691079,99191.28958478672,125134.19620281275,0.0,49387.40971151492,82340.54824644305,39319.31931931932
39359.35935935936,55427.35935935936,73787.35935935937,19539.992531469026,61127.351538298135,87694.02767428903,143201.42505274064,20223.731821510584,58876.81085646556,65910.47952468178,97635.74312666865,105979.39082682962,30800.651693366413,58608.74635230208,71457.67963986752,99270.78265792134,125212.29581269878,0.0,49428.60016093447,82419.47791714361,39359.35935935936
39399.3993993994,55467.3993993994,73827.39939939941,19540.658381444533,61167.3847096988,87736.52580370154,143318.4281021521,20224.106550666394,58916.84721669782,65951.36292392405,97715.72813283285,106058.35157227529,30803.79689709586,58649.24387378825,71496.67958124758,99350.2772535751,125290.39879068962,0.0,49469.787901249234,82498.41029694898,39399.3993993994
39439.43943943944,55507.43943943944,73867.43943943945,19541.32341907623,61207.417889036595,87779.01609290087,143435.43979618352,20224.48062951919,58956.88359143866,65992.24454107072,97795.71332871684,106137.31454589125,30806.93693964235,58689.74075078235,71535.680452241,99429.77336567076,125368.50512830017,0.0,49510.972941736385,82577.34537658194,39439.43943943944
39479.47947947948,55547.47947947948,73907.47947947949,19541.987645917696,61247.45107630458,87821.4985749459,143552.46010022928,20224.854059774356,58996.91998062272,66033.12438152113,97875.69871375429,106216.2797412044,30810.07183300519,58730.236984618656,71574.68225401551,99509.27098816418,125446.61481707334,0.0,49552.15529163211,82656.28314680634,39479.47947947948
39519.51951951952,55587.51951951952,73947.51951951953,19542.6510635183,61287.48427149587,87863.9732827227,143669.4889798607,20225.226843131248,59036.956384184996,66074.0024506537,97955.68428738115,106295.24715176606,30813.201589148637,58770.732576627925,71613.68498771665,99588.77011504382,125524.72784858008,0.0,49593.334960131804,82735.22359842676,39519.51951951952
39559.55955955956,55627.55955955956,73987.55955955957,19543.313673423196,61327.51747460345,87906.4402489458,143786.5264008254,20225.598981283227,59076.99280206082,66114.87875382596,98035.67004903557,106374.21677115178,30816.32622000215,58811.22752813748,71652.68865446818,99668.27074033061,125602.84421441893,0.0,49634.511956390335,82814.16672228834,39559.55955955956
39599.5995995996,55667.5995995996,74027.5995995996,19543.975477173335,61367.55068562036,87948.89950615898,143903.5723290454,20225.970475917704,59117.029234185895,66155.75329637472,98115.65599815802,106453.18859296126,30819.44573746035,58851.72184047116,71691.69325537204,99747.77285807783,125680.9639062162,0.0,49675.686289522215,82893.11250927659,39599.5995995996
39639.639639639645,55707.639639639645,74067.63963963964,19544.63647630543,61407.58390453951,87991.35108673644,144020.62673061676,20226.34132871614,59157.06568049626,66196.62608361615,98195.6421341911,106532.16261081825,30822.560153383256,58892.21551494938,71730.69879150877,99827.27646237068,125759.08691562575,0.0,49716.85796860183,82972.06095031711,39639.639639639645
39679.679679679684,55747.679679679684,74107.67967967968,19545.296672352146,61447.61713135386,88033.79502288385,144137.6895718086,20226.71154135408,59197.10214092824,66237.49712084583,98275.62845657961,106611.13881837035,30825.66947959634,58932.70855288903,71769.70526393759,99906.78154732627,125837.21323432885,0.0,49758.02700266363,83051.01203637542,39679.679679679684
39719.719719719724,55787.719719719724,74147.71971971972,19545.956066841864,61487.65036605625,88076.23134663937,144254.7608190611,20227.081115501205,59237.1386154186,66278.3664133389,98355.61496477059,106690.1172092891,30828.773727890657,58973.200955603636,71808.71267369665,99986.28810709325,125915.34285403413,0.0,49799.193400702396,83129.96575845678,39719.719719719724
39759.75975975976,55827.75975975976,74187.75975975976,19546.61466129889,61527.6836086396,88118.66008987464,144371.84043898573,20227.450052821303,59277.17510390436,66319.23396635012,98435.60165821319,106769.09777726964,30831.87291002296,59013.692724403285,71847.72102180313,100065.79613585174,125993.4757664775,0.0,49840.357171673415,83208.92210760587,39759.75975975976
39799.7997997998,55867.7997997998,74227.7997997998,19547.272457243394,61567.716859096654,88161.08128429585,144488.92839836312,20227.818354972384,59317.211606322904,66360.09978511398,98515.58853635885,106848.08051603072,30834.96703771586,59054.183860594625,71886.73030925357,100145.30562781286,126071.61196342183,0.0,49881.518324492674,83287.88107490673,39799.7997997998
39839.83983983984,55907.83983983984,74267.83983983984,19547.92945619145,61607.75011742022,88203.49496144467,144606.02466414287,20228.186023606584,59357.24812261194,66400.9638748448,98595.575598661,106927.06541931468,30838.056122657898,59094.67436548094,71925.74053702404,100224.81657721897,126149.75143665717,0.0,49922.67686803709,83366.84265148244,39839.83983983984
39879.87987987988,55947.87987987988,74307.87987987988,19548.585659655015,61647.78338360307,88245.9011526994,144723.1292034419,20228.553060370337,59397.28465270954,66441.82624073685,98675.56284457544,107006.05248088713,30841.14017650366,59135.16424036206,71964.75170607027,100304.32897834296,126227.89417800034,0.0,49963.83281114473,83445.80682849491,39879.87987987988
39919.91991991993,55987.91991991993,74347.91991991992,19549.241069141986,61687.8166576379,88288.29988927585,144840.2419835439,20228.91946690422,59437.321196554054,66482.68688796434,98755.55027355993,107085.04169453701,30844.219210873904,59175.65348653448,72003.76381732777,100383.84282548836,126306.040179295,0.0,50004.98616261499,83524.7735971448,39919.91991991993
39959.95995995997,56027.95995995997,74387.95995995996,19549.895686156204,61727.84993951737,88330.69120222828,144957.36297189796,20229.285244843188,59477.357754084194,66523.54582168159,98835.53788507442,107164.03305407643,30847.293237355683,59216.14210529129,72042.77687171227,100463.35811298901,126384.18943241151,0.0,50046.13693120878,83603.74294867113,39959.95995995997
40000.0,56068.0,74428.0,19550.549512197424,61767.883229234154,88373.07512245062,145074.49213611783,20229.650395816374,59517.39432523896,66564.40304702317,98915.52567858096,107243.02655334055,30850.362267502445,59256.63009792219,72081.79087011966,100542.87483520889,126462.34192924676,0.0,50087.285125648785,83682.71487435121,40000.0
