delta_B,1_A_1_0,1_A_1_1,1_E_0,1_E_1,1_T_1,1_T_2_0,1_T_2_1,3_A_2,3_T_1_0,3_T_1_1,3_T_2
0.0,20.83953488372093,52.938372093023254,13.83953488372093,20.83953488372093,20.83953488372093,13.83953488372093,20.83953488372093,0.0,0.0,15.0,0.0
0.04655818609306982,20.886051281347445,52.966394950627716,13.883151769777925,20.87045725289492,20.87680451133642,13.856775095043096,20.850275741536677,0.08382781370856127,0.0,15.027981069137915,0.037269627615491074
0.09311637218613963,20.932483781198115,52.9945936775619,13.926204660360053,20.90203558909764,20.914120124728846,13.873909197077278,20.861214680194276,0.16770161319405646,0.0,15.056054109829693,0.07458524100791608
0.13967455827920947,20.978831904803123,53.022968238794476,13.968690284209549,20.934272650085724,20.951481467147637,13.890936528174855,20.87235184784121,0.25162114170591554,0.0,15.084218608574202,0.111946583426706
0.18623274437227927,21.025095177443237,53.05151859770481,14.010605676419445,20.967170889426264,20.988888282922854,13.907856446367923,20.88368737510551,0.33558614357420463,0.0,15.112474054031571,0.14935339920192597
0.23279093046534904,21.07127312818045,53.080244716062985,14.051948185479468,21.00073244946164,21.026340317470556,13.924668329622484,20.89522137485328,0.41959636421497315,0.0,15.140819937033898,0.18680543374962433
0.27934911655841893,21.11736528988823,53.10914655400983,14.092715479568238,21.0349591550275,21.063837317297867,13.941371576080574,20.906953941956747,0.5036515501353596,0.0,15.169255750595463,0.22430243357694052
0.3259073026514887,21.163371199281237,53.1382240700369,14.132905552053938,21.069852507961865,21.1013790300079,13.957965604291044,20.91888515307327,0.5877514489384603,0.0,15.197780989922457,0.26184414628697217
0.37246548874455854,21.209290396944613,53.16747722096638,14.172516726169809,21.10541368243886,21.138965204304334,13.974449853428645,20.931015066435464,0.671895809327962,0.0,15.226395152422247,0.29943032058340363
0.4190236748376283,21.255122427362817,53.19690596193119,14.211547658835755,21.14164352115593,21.17659558999584,13.990823783501096,20.943343721652962,0.7560843811125408,0.0,15.255097737712196,0.33706070627491225
0.4655818609306981,21.300866838947943,53.2265102463549,14.249997343602269,21.178542532398257,21.21426993800026,14.007086875543825,20.955871139526003,0.8403169152100302,0.0,15.283888247627967,0.37473505427933135
0.512140047023768,21.346523184067657,53.25629002593174,14.28786511269837,21.21611088799871,21.25198800034854,14.02323863180212,20.968597321871194,0.9245931636513771,0.0,15.312766186231453,0.4124531166276092
0.5586982331168379,21.39209101907253,53.2862452506067,14.325150638170648,21.254348422206267,21.28974953018846,14.039278575900404,20.98152225135967,1.008912879584364,0.0,15.341731059818215,0.450214646467527
0.6052564192099076,21.43756990432304,53.31637586855557,14.36185393210629,21.29325463146999,21.327554281788142,14.055206252998396,20.994645891367977,1.0932758172771184,0.0,15.370782376924513,0.4880193980672111
0.6518146053029774,21.482959404215958,53.34668182616509,14.39797534593875,21.332828675139968,21.36540201053936,14.071021229933903,21.007968185841833,1.177681732121406,0.0,15.399919648333881,0.5258671268184285
0.6983727913960474,21.528259087210362,53.377163068013196,14.433515568840372,21.37306937708086,21.403292472960615,14.08672309535209,21.021489059173092,1.2621303806357318,0.0,15.42914238708332,0.5637575892396842
0.7449309774891171,21.573468525853105,53.40781953684924,14.468475625212184,21.413975228187848,21.44122542670002,14.102311459820934,21.035208416089983,1.346621520468203,0.0,15.458450108469059,0.6016905429790863
0.7914891635821869,21.61858729680383,53.438651173574435,14.502856871286616,21.455544389789328,21.479200630537974,14.117785955932804,21.049126141560954,1.4311549103992283,0.0,15.487842330051897,0.6396657468170414
0.8380473496752566,21.663614980859435,53.4696579172222,14.536660990864279,21.49777469791503,21.517217844389652,14.133146238391939,21.063242100712113,1.5157303103439803,0.0,15.51731857166219,0.6776829606687231
0.8846055357683266,21.708551162978164,53.50083970493875,14.569889990211289,21.540663668403294,21.555276829307292,14.148391984087707,21.077556138758553,1.6003474813546903,0.0,15.5468783554044,0.7157419455863631
0.9311637218613962,21.75339543230305,53.53219647196383,14.602546192148436,21.584208502816114,21.593377347482274,14.163522892153585,21.09206808094957,1.6850061856227407,0.0,15.57652120566129,0.7538424637613452
0.9777219079544662,21.798147382185025,53.56372815161137,14.63463222936807,21.628406095125996,21.631519162247034,14.178538684011682,21.10677773252792,1.7697061864805703,0.0,15.606246649097743,0.7919842785261048
1.024280094047536,21.84280661020539,53.595434675250516,14.666151037018794,21.673253039134792,21.66970203807679,14.193439103402856,21.12168487870319,1.8544472484033967,0.0,15.636054214664187,0.830167154355861
1.0708382801406058,21.88737271819789,53.627315972286596,14.697105844601841,21.718745636580316,21.707925740591083,14.20822391640227,21.136789284639285,1.9392291370107562,0.0,15.665943433599695,0.8683908568701502
1.1173964662336757,21.931845312270188,53.65937197014237,14.727500167226216,21.764879905884015,21.746190036555117,14.222892911420468,21.15209069545609,2.02405161906786,0.0,15.695913839434695,0.906655152834185
1.1639546523267454,21.976224002824953,53.69160259423935,14.75733779627261,21.81165159148936,21.784494693880983,14.237445899189886,21.167588836245336,2.1089144624868,0.0,15.725964967993363,0.9449598101600545
1.2105128384198152,22.020508404580312,53.72400776797932,14.78662278951837,21.85905617373893,21.82283948162865,14.251882712736895,21.18328341210059,2.1938174363275373,0.0,15.75609635739563,0.9833045979077216
1.2570710245128849,22.064698136589907,53.75658741272608,14.81535946077764,21.907088879236014,21.861224170006828,14.266203207339403,21.19917410816137,2.2787603107987846,0.0,15.786307548058911,1.0216892862858986
1.3036292106059548,22.108792822262366,53.789341447787244,14.843552369112086,21.95574469163519,21.89964853037364,14.280407260470053,21.21526058967127,2.3637428572586634,0.0,15.816598082699462,1.0601136466527086
1.3501873966990248,22.15279208938027,53.822269790396355,14.871206307668462,22.00501836280585,21.938112335237154,14.294494771725155,21.23154250205013,2.448764848215249,0.0,15.846967506333423,1.0985774515162248
1.3967455827920947,22.196695570118646,53.8553723556952,14.898326292199592,22.05490442431193,21.97661535825576,14.308465662739469,21.248019470979955,2.5338260573269245,0.0,15.877415366277566,1.1370804745348302
1.4433037688851644,22.2405029010629,53.88864905671615,14.92491754932514,22.105397199151593,22.015157374238367,14.32231987708693,21.26469110250464,2.6189262594026004,0.0,15.907941212149705,1.175622490517436
1.4898619549782341,22.284213723226244,53.92209980436502,14.950985504588047,22.156490813700884,22.053738159144466,14.336057380167517,21.281556983143183,2.7040652304017714,0.0,15.93854459586884,1.2142032754235368
1.5364201410713039,22.32782768206661,53.955724507403836,14.976535770361378,22.208179209806737,22.09235749008406,14.34967815908045,21.298616680016362,2.789242747434432,0.0,15.96922507165495,1.2528226063631274
1.5829783271643738,22.371344427503004,53.98952307243412,15.001574133659025,22.260456156975767,22.131015145317395,14.363182222483854,21.315869740986564,2.87445858876084,0.0,15.99998219602856,1.291480261596466
1.6295365132574435,22.414763613931427,54.023495403880176,15.026106543901859,22.313315264607414,22.169710904254636,14.376569600441199,21.333315694810633,2.9597125337911505,0.0,16.03081552780997,1.3301760205337063
1.6760946993505133,22.458084900240138,54.0576414039728,15.050139100688954,22.36674999422166,22.208444547455308,14.389840344254676,21.35095405130543,3.045004363084892,0.0,16.06172462811824,1.368909663734379
1.7226528854435832,22.5013079498245,54.09196097273317,15.073678041621065,22.42075367163428,22.247215856627673,14.402994526285818,21.368784301525945,3.1303338583503257,0.0,16.092709060369906,1.4076809729067432
1.7692110715366531,22.544432430601244,54.126454007956966,15.096729730221002,22.47531949903488,22.28602461462794,14.41603223976361,21.38680591795562,3.2157008024436635,0.0,16.123768390277366,1.446489730907011
1.8157692576297229,22.587458015022204,54.16112040519883,15.11930064399277,22.53044056692594,22.324870605459353,14.4289535985804,21.40501835470858,3.301104979368145,0.0,16.154902185847124,1.4853357217384222
1.8623274437227924,22.630384380087538,54.195960057757105,15.14139736265844,22.586109865883866,22.363753614271154,14.441758737075924,21.423421047743595,3.386546174273017,0.0,16.186110017377654,1.5242187305502242
1.9088856298158625,22.673211207358403,54.23097285665876,15.163026556608571,22.642320298106267,22.40267342735742,14.45444780980971,21.442013415089264,3.472024173452351,0.0,16.217391457457115,1.5631385436364875
1.9554438159089325,22.715938182969094,54.26615869064477,15.18419497559903,22.69906468871251,22.44162983215577,14.46702099132234,21.46079485708027,3.5575387643437724,0.0,16.24874608096075,1.60209494843484
2.002002002002002,22.758564997638643,54.301517446155636,15.204909437723726,22.75633579676823,22.48062261724598,14.479478475885713,21.47976475660424,3.6430897355270506,0.0,16.280173465048094,1.6410877335250482
2.048560188095072,22.80109134668192,54.33704900731728,15.225176818689768,22.814126326007113,22.51965157234844,14.491820477242907,21.498922479358903,3.728676876722582,0.0,16.311673189159947,1.6801166886275105
2.0951183741881416,22.84351693002009,54.37275325592733,15.245004041418268,22.87242893522682,22.558716488322542,14.504047228337816,21.518267374119134,3.8142999787897565,0.0,16.34324483501509,1.7191816046016144
2.1416765602812116,22.885841452190704,54.4086300714415,15.264398065991008,22.931236248338866,22.59781715716494,14.516158981035094,21.537798773013566,3.89995883372522,0.0,16.3748879866068,1.7582822734440078
2.1882347463742815,22.928064622357056,54.4446793309606,15.2833658799601,22.990540864055223,22.63695337200766,14.52815600583072,21.557515991810323,3.985653234661012,0.0,16.406602230199184,1.7974184882867312
2.2347929324673514,22.970186154317158,54.480900909217596,15.30191448903484,23.050335365197586,22.676124927116216,14.540038591553639,21.577418330211433,4.071382975862634,0.0,16.438387154323213,1.8365900433952829
2.281351118560421,23.012205766512054,54.5172946785652,15.320050908157231,23.110612327617694,22.71533161788746,14.551807045058844,21.597505072155663,4.157147852726955,0.0,16.470242349772647,1.8757967341665336
2.327909304653491,23.054123182033706,54.553860508963695,15.337782152974862,23.17136432872021,22.754573240847535,14.563461690912417,21.617775486129162,4.2429476617800965,0.0,16.50216740959972,1.9150383571266059
2.3744674907465604,23.09593812863222,54.590598267969135,15.355115231717278,23.23258395558174,22.793849593649508,14.57500287106882,21.638228825483637,4.328782200675141,0.0,16.5341619291106,1.9543147099285803
2.4210256768396303,23.13765033872263,54.627507820721895,15.372057137479773,23.294263812662432,22.833160475071104,14.586430944541005,21.65886432876157,4.414651268189804,0.0,16.566225505860714,1.9936255913501735
2.4675838629327003,23.179259549391062,54.66458902993569,15.388614840916057,23.356396529108366,22.87250568501221,14.597746287063696,21.679681220028023,4.500554664223981,0.0,16.59835773964986,2.03297080129128
2.5141420490257698,23.220765502400404,54.70184175588668,15.404795283339366,23.418974765645395,22.91188502449238,14.608949290750308,21.700678709208685,4.586492189797221,0.0,16.63055823251713,2.072350140771451
2.56070023511884,23.262167944195422,54.73926585640329,15.420605370229676,23.4819912210667,22.951298295648193,14.620040363743964,21.72185599243358,4.672463647046099,0.0,16.66282658873568,2.1117634119272597
2.6072584212119096,23.303466625907298,54.77686118685611,15.436051965142864,23.54543863831822,22.99074530173054,14.631019929863033,21.743212252386137,4.758468839221521,0.0,16.695162414807314,2.1512104180096103
2.65381660730498,23.344661303357693,54.81462760014838,15.451141884016199,23.60930981018755,23.03022584710187,14.641888428241636,21.76474665865713,4.8445075706859235,0.0,16.727565319456907,2.1906909633809435
2.7003747933980495,23.38575173706218,54.85256494670671,15.465881889863141,23.673597584603428,23.069739737233284,14.652646312965569,21.78645836810295,4.930579646910403,0.0,16.760034913626658,2.2302048535123546
2.746932979491119,23.426737692233225,54.89067307447229,15.480278687849163,23.73829486955403,23.109286778701595,14.6632940527041,21.808346525207973,5.016684874471784,0.0,16.79257081047021,2.2697518949806645
2.7934911655841894,23.467618938782543,54.92895182889243,15.494338920739262,23.80339463763338,23.14886677918632,14.673832130338058,21.830410262450396,5.10282306104958,0.0,16.825172625346593,2.309331895465392
2.840049351677259,23.508395251322973,54.96740105291249,15.50806916470686,23.868889930226278,23.188479547466567,14.684261042584652,21.852648700671228,5.188994015422898,0.0,16.857839975814016,2.348944663745639
2.886607537770329,23.549066409169786,55.00602058696827,15.52147592549314,23.934773861342588,23.228124893417863,14.694581299619474,21.875060949445928,5.275197547467263,0.0,16.89057248162354,2.388590009696934
2.9331657238633984,23.589632196341437,55.044810268978736,15.534565634904983,24.001039621112863,23.267802628008923,14.704793424696094,21.897646107458353,5.361433468151391,0.0,16.92336976471259,2.4282677442879925
2.9797239099564683,23.63009240155981,55.08376993433918,15.547344647639397,24.067680478957264,23.307512563298335,14.714897953763677,21.92040326287652,5.44770158953387,0.0,16.956231449198334,2.4679776795774013
3.0262820960495382,23.670446818249903,55.122899415914766,15.559819238421724,24.134689786440614,23.34725451243117,14.724895435083052,21.94333149372975,5.534001724759779,0.0,16.989157161370944,2.507719628710241
3.0728402821426077,23.710695244538986,55.16219854403452,15.57199559944474,24.202060979826435,23.387028289635587,14.734786428841604,21.96642986828696,5.620333688057264,0.0,17.022146529686704,2.547493405914655
3.1193984682356777,23.75083748325519,55.20166714648571,15.583879838095449,24.269787582343117,23.426833710219285,14.74457150676745,21.98969744543544,5.70669729473403,0.0,17.05519918476103,2.5872988264983525
3.1659566543287476,23.790873341925636,55.24130504850862,15.595477974956385,24.337863206175545,23.466670590565965,14.754251251743218,22.013133275059964,5.793092361173781,0.0,17.08831475936132,2.6271357068450345
3.2125148404218176,23.830802632773928,55.28111207279183,15.606795942068091,24.406281554195335,23.506538748131714,14.763826257419904,22.036736398421702,5.8795187048326,0.0,17.121492888399747,2.667003864410783
3.259073026514887,23.870625172717208,55.32108803946776,15.617839581439569,24.475036421443072,23.54643800144132,14.773297127831098,22.060505848536653,5.9659761442352774,0.0,17.154733208925894,2.7069031177203904
3.305631212607957,23.910340783362614,55.36123276610883,15.62861464379354,24.544121696375573,23.586368170084555,14.782664477007991,22.084440650553166,6.052464498971582,0.0,17.188035360119294,2.746833286363625
3.3521893987010265,23.94994929100324,55.40154606772385,15.639126787533598,24.61353136189117,23.62632907471238,14.791928928595516,22.108539822128225,6.13898358969248,0.0,17.221398983281876,2.7867941909914524
3.398747584794097,23.989450526613552,55.442027756755024,15.649381577920483,24.683259496145766,23.666320537033126,14.801091115469964,22.132802373802193,6.225533238106292,0.0,17.254823721830295,2.826785653312196
3.4453057708871664,24.02884432584432,55.48267764307519,15.659384486445031,24.75330027317216,23.7063423798086,14.810151679358409,22.15722730937162,6.312113266974834,0.0,17.288309221288166,2.866807496087668
3.491863956980236,24.06813052901696,55.523495533985674,15.669140890385583,24.82364796331473,23.746394426850156,14.81911127046023,22.181813626259846,6.398723500109461,0.0,17.321855129278212,2.906859543129225
3.5384221430733063,24.107308981117395,55.56448123421441,15.678656072538073,24.894296933491407,23.78647650301474,14.827970547071146,22.206560315885024,6.485363762367116,0.0,17.355461095514315,2.9469416192938107
3.5849803291663758,24.146379531789428,55.605634545914604,15.687935221107267,24.965241647294445,23.826588434200854,14.836730175209935,22.231466364025398,6.572033879646301,0.0,17.389126771793475,2.987053550479925
3.6315385152594457,24.185342035327505,55.64695526866382,15.696983429748066,25.03647666494093,23.8667300473445,14.84539082824819,22.256530751181362,6.658733678883014,0.0,17.42285181198769,3.027195163623568
3.678096701352515,24.22419635066907,55.688443199463386,15.705805697746197,25.107996643083936,23.906901170415065,14.853953186543425,22.281752452934192,6.745462988046651,0.0,17.456635872035754,3.067366286694135
3.7246548874455847,24.262942341386342,55.730098132738405,15.714406930327977,25.17979633449444,23.94710163241121,14.862417937075701,22.307130440301133,6.832221636135865,0.0,17.49047860993497,3.1075667486902794
3.7712130735386555,24.301579875677593,55.77191986033806,15.722791939089285,25.25187058762404,23.98733126335666,14.870785773088109,22.332663680086558,6.919009453174386,0.0,17.524379685732807,3.14779637963573
3.817771259631725,24.340108826357966,55.81390817153638,15.730965442534309,25.32421434605772,24.027589894296018,14.879057393731305,22.358351135229,7.005826270206809,0.0,17.558338761518446,3.188055010575084
3.8643294457247954,24.3785290708497,55.85606285303358,15.738932066715016,25.396822647865935,24.067877357290477,14.887233503712325,22.384191765143836,7.09267191929434,0.0,17.5923555014143,3.2283424735695463
3.910887631817865,24.41684049117197,55.89838368895754,15.746696345962812,25.469690624864366,24.10819348541359,14.895314812947918,22.410184526061393,7.179546233510524,0.0,17.626429571567453,3.268658601692659
3.957445817910935,24.45504297393011,55.94087046086601,15.754262723704125,25.542813501789677,24.148538112746902,14.90330203622256,22.436328371360307,7.266449046936906,0.0,17.660560640141004,3.3090032290259703
4.004004004004004,24.49313641030447,55.98352294774913,15.761635553352267,25.616186595399004,24.188911074375632,14.911195892851381,22.462622251895883,7.353380194658708,0.0,17.6947483773054,3.3493761906547035
4.050562190097074,24.53112069603864,56.0263409260323,15.768819099268153,25.68980531350047,24.22931220638431,14.918997106348176,22.489065116323374,7.440339512760456,0.0,17.72899245522969,3.3897773226633805
4.097120376190144,24.56899573142736,56.06932416957966,15.775817537782956,25.76366515392175,24.269741345852353,14.926706404098606,22.51565591141595,7.5273268383215655,0.0,17.763292548072698,3.430206462131421
4.143678562283214,24.606761421303773,56.1124724496978,15.78263495827616,25.83776170342309,24.310198330849627,14.934324517038823,22.542393582377215,7.614342009411911,0.0,17.797648331974184,3.4706634471286972
4.190236748376283,24.644417675026318,56.15578553514007,15.789275364302853,25.91209063656121,24.35068300043203,14.941852179339612,22.569277073148168,7.701384865087386,0.0,17.832059485045917,3.511148116711102
4.236794934469354,24.681964406465102,56.199263192111204,15.79574267476441,25.98664771450957,24.39119519463699,14.949290128096196,22.59630532670843,7.7884552453854115,0.0,17.866525687362767,3.551660310916059
4.283353120562423,24.719401533987824,56.24290518427242,15.802040725117225,26.061428783840693,24.43173475447896,14.956639103023818,22.623477285371674,7.875552991320452,0.0,17.901046620953636,3.592199870758029
4.329911306655493,24.756728980445192,56.28671127274694,15.808173268614281,26.13642977527553,24.472301521944907,14.963899846159185,22.650791891075134,7.962677944879469,0.0,17.935621969792457,3.6327666382239756
4.376469492748563,24.793946673155943,56.330681216125924,15.814143977574918,26.21164670240463,24.51289533998977,14.971073101567928,22.678248085663054,8.049829949017406,0.0,17.970251419789122,3.6733604562688416
4.423027678841632,24.831054543891344,56.374814770474785,15.81995644467822,26.287075660385582,24.5535160525319,14.978159615058082,22.705844811164088,8.137008847652606,0.0,18.00493465878031,3.713981168810972
4.469585864934703,24.86805252885925,56.41911168934002,15.825614184276041,26.3627128246209,24.594163504448474,14.985160133899747,22.733581010062494,8.224214485662245,0.0,18.03967137652038,3.754628620727542
4.516144051027772,24.904940568687753,56.46357172375635,15.831120633721659,26.438554449420113,24.634837541570885,14.9920754065509,22.761455625563094,8.311446708877726,0.0,18.074461264672134,3.795302657849953
4.562702237120842,24.94171860840835,56.508194622254315,15.836479154710634,26.514596866649697,24.675538010680164,14.998906182389511,22.789467601849978,8.398705364080078,0.0,18.109304016797626,3.836003126959236
4.609260423213912,24.978386597438675,56.55298013086832,15.841693034630467,26.590836484374204,24.716264759502334,15.005653211451927,22.817615884338828,8.485990298995315,0.0,18.144199328348897,3.876729875781404
4.655818609306982,25.014944489564815,56.59792799314504,15.846765487916034,26.667269785491488,24.75701763670376,15.012317244177597,22.845899419922944,8.573301362289813,0.0,18.17914689665868,3.9174827529828318
4.702376795400052,25.05139224292317,56.64303795015218,15.851699657408007,26.743893326365015,24.797796491886512,15.018899031160155,22.874317157212822,8.660638403565635,0.0,18.214146420931115,3.9582616081655826
4.748934981493121,25.087729819981913,56.68830974048782,15.856498615711624,26.820703735455773,24.838601175583698,15.025399322904907,22.902868046769367,8.74800127335589,0.0,18.249197602232414,3.9990662918627677
4.795493167586191,25.123957187522,56.73374310028987,15.861165366553452,26.897697711956088,24.879431539254767,15.031818869592641,22.931551041330707,8.835389823120032,0.0,18.28430014348149,4.03989665553384
4.842051353679261,25.160074316617802,56.779337763246254,15.865702846133999,26.974872024427736,24.92028743528087,15.03815842084991,22.960365096032568,8.9228039052392,0.0,18.31945374944062,4.0807525515599385
4.8886095397723315,25.19608118261732,56.8250934606052,15.870113924474097,27.052223509446097,24.9611687169601,15.044418725525613,22.98930916862226,9.0102433730115,0.0,18.35465812670601,4.12163383323917
4.9351677258654005,25.231977765121947,56.87100992118608,15.874401406753357,27.129749070252352,25.002075238502854,15.050600531473998,23.018382219666307,9.097708080647323,0.0,18.389912983698444,4.162540354781923
4.9817259119584705,25.267764047965898,56.91708687139059,15.878568034638958,27.2074456754152,25.04300685502708,15.056704585343985,23.047583212751707,9.18519788326462,0.0,18.425218030653827,4.20347197130615
5.0282840980515395,25.30344001919521,56.96332403521428,15.882616487603343,27.285310357503818,25.083963422553584,15.062731632374797,23.076911114680826,9.272712636884192,0.0,18.46057297961376,4.2444285388326515
5.0748422841446095,25.33900567104637,57.00972113425854,15.88654938422947,27.363340211773117,25.12494479800129,15.06868241619791,23.106364895660064,9.360252198424972,0.0,18.49597754441611,4.285409914280362
5.12140047023768,25.374460999924537,57.05627788774287,15.89036928350237,27.44153239486272,25.165950839182543,15.074557678645194,23.135943529482216,9.447816425699294,0.0,18.53143144068555,4.326415955461615
5.167958656330749,25.409806006381427,57.10299401251761,15.894078686086027,27.519884123510682,25.206981404798352,15.080358159563286,23.165645993702675,9.535405177408174,0.0,18.5669343858241,4.367446521077425
5.214516842423819,25.445040695092775,57.149869223076905,15.897680035584552,27.598392673282806,25.248036354433676,15.086084596634088,23.19547126980944,9.623018313136564,0.0,18.60248609900167,4.4085014707127455
5.261075028516889,25.480165074835497,57.19690323157216,15.901175719786828,27.677055377318503,25.289115548552665,15.091737725201357,23.225418343387084,9.710655693348626,0.0,18.638086301146586,4.449580664831737
5.30763321460996,25.515179158464424,57.24409574782584,15.904568071893909,27.75586962509403,25.33021884849397,15.097318278103314,23.25548620427466,9.798317179382996,0.0,18.673734714936113,4.490683964773038
5.354191400703029,25.550082962888744,57.291446479345474,15.907859371728499,27.83483286120339,25.371346116465944,15.102826985511205,23.285673846717657,9.886002633448046,0.0,18.709431064786997,4.531811232745016
5.400749586796099,25.58487650904806,57.33895513133821,15.911051846926,27.91394258415795,25.41249721554198,15.108264574773782,23.315980269514068,9.973711918617143,0.0,18.74517507684599,4.572962331821045
5.447307772889169,25.619559821888117,57.386621406725595,15.914147674106612,27.993196345204776,25.453672009655694,15.113631770267535,23.346404476154685,10.06144489882393,0.0,18.780966478980357,4.614137125934763
5.493865958982238,25.654132930336193,57.43444500615867,15.917148980028113,28.072591747164424,25.494870363596267,15.118929293252718,23.37694547495758,10.149201438857578,0.0,18.81680500076844,4.655335479875338
5.540424145075309,25.68859586727618,57.48242562803348,15.920057842719036,28.15212644328831,25.536092143003668,15.124157861735002,23.407602279197032,10.23698140435805,0.0,18.852690373490173,4.69655725928274
5.586982331168379,25.72294866952331,57.530562968506885,15.922876292591885,28.231798136135986,25.577337214363936,15.129318190332684,23.438373907226808,10.324784661811384,0.0,18.88862233011763,4.737802330643007
5.633540517261448,25.757191377798602,57.578856721512615,15.925606313536322,28.31160457647257,25.618605445004444,15.134410990149407,23.469259382598036,10.412611078544963,0.0,18.92460060530558,4.779070561283516
5.680098703354518,25.791324036702957,57.627306578777784,15.928249843992075,28.39154356218634,25.659896703089206,15.139436968652241,23.500257734171655,10.500460522722795,0.0,18.960624935382036,4.820361819368277
5.726656889447588,25.825346694690996,57.67591222983959,15.930808778001536,28.471612937226723,25.70121085761413,15.144396829555085,23.531367996225587,10.588332863340787,0.0,18.99669505833881,4.861675973893199
5.773215075540658,25.859259404044582,57.724673362062376,15.933284966241986,28.551810590562642,25.742547778402315,15.149291272707261,23.56258920855671,10.676227970222042,0.0,19.032810713822112,4.9030128946813845
5.819773261633728,25.893062220846026,57.773589660655006,15.93568021703744,28.63213445516127,25.783907336099354,15.15412099398723,23.593920416577756,10.764145714012155,0.0,19.068971643123124,4.944372452378426
5.866331447726797,25.926755204951075,57.822660808688525,15.937996297350166,28.712582506987108,25.825289402168632,15.158886685201296,23.625360671409176,10.852085966174503,0.0,19.105177589168616,4.985754518447705
5.912889633819867,25.960338419961534,57.87188648711405,15.940234933751903,28.79315276402135,25.866693848886626,15.163589033987252,23.656909029966137,10.940048598985564,0.0,19.141428296511524,5.027158965165697
5.959447819912937,25.99381193319772,57.92126637478102,15.942397813374956,28.873843285301465,25.908120549338207,15.168228723722804,23.688564555040674,11.028033485530216,0.0,19.177723511321616,5.068585665617277
6.006006006006007,26.02717581567054,57.97080014845577,15.944486584843233,28.95465216998076,25.949569377411997,15.17280643343874,23.720326315379243,11.116040499697073,0.0,19.214062981376124,5.110034493691067
6.0525641920990765,26.060430142053445,58.02048748284022,15.946502859183402,29.035577556407937,25.991040207795667,15.177322837736684,23.75219338575557,11.204069516173814,0.0,19.2504464560504,5.151505324074738
6.099122378192146,26.093574990653995,58.07032805059094,15.948448210716357,29.116617621226244,26.0325329159713,15.18177860671136,23.78416484703909,11.292120410442516,0.0,19.286873686308596,5.19299803225037
6.1456805642852155,26.126610443385296,58.12032152233848,15.950324177929192,29.197770578492257,26.07404737821072,15.186174405877267,23.81623978625896,11.380193058775008,0.0,19.32334442469437,5.234512494489793
6.192238750378286,26.159536585737104,58.17046756670696,15.952132264327876,29.27903467881387,26.11558347157087,15.190510896099648,23.84841729666381,11.468287338228228,0.0,19.359858425321594,5.276048587849941
6.238796936471355,26.192353506746805,58.220765850333834,15.95387393927092,29.3604082085074,26.157141073889157,15.194788733529647,23.880696477777317,11.556403126639585,0.0,19.396415443865102,5.317606190168229
6.285355122564426,26.22506129897007,58.27121603788998,15.955550638784231,29.44188948877349,26.19872006377886,15.199008569543578,23.913076435449724,11.644540302622358,0.0,19.433015237551444,5.359185180057933
6.331913308657495,26.25766005845136,58.321817792099964,15.957163766357423,29.523476874891575,26.2403203206245,15.203171050686171,23.945556281905336,11.732698745561065,0.0,19.469657565149646,5.400785436903571
6.378471494750566,26.290149884694188,58.37257077376261,15.958714693721904,29.60516875543258,26.281941724577244,15.207276818617695,23.978135135786225,11.820878335606876,0.0,19.50634218696206,5.442406840856311
6.425029680843635,26.3225308806312,58.42347464177177,15.960204761610974,29.686963551489672,26.323584156550325,15.211326510064882,24.010812122192128,11.909078953673026,0.0,19.543068864815147,5.484049272829393
6.471587866936705,26.354803152594048,58.4745290531372,15.961635280502225,29.7688597159267,26.365247498214462,15.21532075677553,24.04358637271669,11.997300481430237,0.0,19.57983736205036,5.525712614493532
6.518146053029774,26.386966810283074,58.52573366300588,15.9630075313426,29.850855732644032,26.406931631993313,15.219260185476676,24.07645702548018,12.085542801302159,0.0,19.616647443515003,5.567396748272385
6.564704239122844,26.419021966736842,58.577088124683335,15.964322766256322,29.932950115861523,26.44863644105892,15.22314541783627,24.109423225158732,12.173805796460838,0.0,19.65349887555314,5.6091015573379925
6.611262425215914,26.450968738301402,58.62859208965525,15.965582209236075,30.015141409418245,26.490361809327162,15.226977070428187,24.142484123010217,12.262089350822144,0.0,19.690391425996545,5.65082692560623
6.657820611308984,26.482807244599545,58.68024520760925,15.966787056817697,30.097428186088766,26.53210762145323,15.230755754700574,24.175638876896905,12.350393349041283,0.0,19.72732486415562,5.692572737732299
6.704378797402053,26.51453760849972,58.73204712645691,15.96793847873878,30.179809046915533,26.57387376282716,15.234482076947346,24.20888665130492,12.438717676508281,0.0,19.7642989608104,5.734338879106227
6.750936983495124,26.54615995608494,58.78399749235597,15.969037618581352,30.262282620557233,26.61566011956929,15.238156638282776,24.242226617360686,12.527062219343485,0.0,19.8013134882016,5.776125235848362
6.797495169588194,26.57767441662143,58.83609594973253,15.97008559439908,30.344847562652557,26.65746657852582,15.241780034619078,24.275657952844366,12.615426864393081,0.0,19.838368220021586,5.817931694804889
6.844053355681264,26.60908112252722,58.88834214130374,15.971083499329293,30.427502555199347,26.69929302726432,15.245352856646894,24.30917984220048,12.703811499224653,0.0,19.875462931405515,5.859758143543389
6.890611541774333,26.640380209340567,58.94073570810036,15.972032402190049,30.510246305948556,26.7411393540693,15.24887568981857,24.342791476545703,12.792216012122704,0.0,19.91259739892241,5.9016044703483725
6.937169727867403,26.671571815688207,58.99327628948968,15.972933348062671,30.593077547812893,26.78300544793778,15.252349114334157,24.376492053674003,12.880640292084255,0.0,19.949771400566302,5.943470564216851
6.983727913960472,26.70265608325359,59.04596352319844,15.973787358860015,30.675995038289688,26.824891198574857,15.255773705130043,24.410280778059185,12.969084228814395,0.0,19.986984715747376,5.985356314853922
7.0302861000535435,26.733633156744894,59.09879704533603,15.974595433880753,30.75899755889785,26.866796496389302,15.259150031870087,24.444156860854974,13.057547712721913,0.0,20.024237125283197,6.027261612668371
7.0768442861466125,26.76450318386298,59.151776490417724,15.975358550350018,30.842083914628372,26.908721232489196,15.262478658939221,24.478119519892555,13.146030634914876,0.0,20.061528411389922,6.069186348768266
7.1234024722396825,26.79526631526928,59.204901491388156,15.976077663946747,30.925252933408366,26.950665298677556,15.265760145439442,24.512167979675993,13.234532887196309,0.0,20.09885835767357,6.1111304149566275
7.1699606583327515,26.825922704553488,59.25817167964477,15.976753709317897,31.008503465578034,26.992628587447967,15.268995045188001,24.54630147137518,13.323054362059786,0.0,20.13622674912132,6.153093703727036
7.2165188444258215,26.856472508201307,59.311586685061535,15.977387600580006,31.091834383380515,27.03461099198026,15.272183906717881,24.580519232816815,13.411594952685151,0.0,20.173633372092837,6.19507610825933
7.263077030518891,26.88691588556196,59.365146136012754,15.977980231808223,31.175244580464163,27.076612406136192,15.275327273280313,24.61482050847318,13.500154552934154,0.0,20.211078014311635,6.237077522415263
7.309635216611961,26.91725299881576,59.41884965939688,15.978532477513244,31.25873297139707,27.118632724455157,15.278425682849369,24.64920454944898,13.588733057346186,0.0,20.248560464856485,6.279097840734224
7.35619340270503,26.947484012941498,59.47269688066056,15.979045193106318,31.342298491193414,27.16067184214986,15.28147966812848,24.683670613466216,13.677330361133965,0.0,20.286080514152836,6.321136958428934
7.4027515887981,26.9776090956839,59.5266874238227,15.979519215352697,31.425940094851573,27.202729655102132,15.284489756558875,24.71821796484729,13.765946360179306,0.0,20.323637953964308,6.363194771381203
7.449309774891169,27.007628417520866,59.58082091149866,15.979955362813742,31.509656756903453,27.244806059858597,15.287456470329778,24.75284587449624,13.854580951028836,0.0,20.361232577384165,6.405271176137665
7.495867960984241,27.037542151630817,59.635096964924486,15.980354436278004,31.593447470974976,27.28690095362649,15.290380326390375,24.787553619878363,13.943234030889801,0.0,20.39886417882688,6.447366069905561
7.542426147077311,27.067350473859893,59.689515203981315,15.980717219181503,31.67731124935737,27.329014234269433,15.293261836463408,24.822340484998158,14.03190549762582,0.0,20.436532554019703,6.489479350548508
7.58898433317038,27.09705356268915,59.74407524721971,15.98104447801753,31.761247122589,27.37114580030326,15.296101507060405,24.85720576037575,14.120595249752714,0.0,20.474237499994288,6.531610916582334
7.63554251926345,27.126651599201747,59.798776711884216,15.981336962736142,31.845254139047498,27.413295550891817,15.298899839498388,24.892148743021803,14.20930318643434,0.0,20.51197881507833,6.573760667170889
7.68210070535652,27.156144767050062,59.85361921393791,15.981595407133703,31.929331364551935,27.45546338584282,15.30165732991808,24.92716873641104,14.29802920747841,0.0,20.549756298887257,6.615928502121888
7.728658891449591,27.18553325242283,59.90860236808692,15.981820529232612,32.01347788197481,27.497649205603715,15.304374469303454,24.962265050454377,14.38677321333237,0.0,20.58756975231597,6.658114321882781
7.77521707754266,27.21481724401226,59.963725787805174,15.982013031651583,32.09769279086352,27.539852911257555,15.307051743502685,24.99743700146976,14.475535105079283,0.0,20.625418977530586,6.700318027536623
7.82177526363573,27.243996932981133,60.018989085359046,15.982173601966586,32.18197520707127,27.582074404518924,15.309689633250285,25.03268391215184,14.564314784433726,0.0,20.663303777960262,6.742539520797997
7.8683334497288,27.273072512929893,60.07439187183211,15.982302913062785,32.2663242623969,27.624313587729844,15.31228861419053,25.068005111540355,14.65311215373771,0.0,20.701223958289027,6.784778704008913
7.91489163582187,27.302044179863785,60.12993375714992,15.982401623477646,32.350739104233725,27.666570363855683,15.314849156901976,25.10339993498753,14.741927115956626,0.0,20.739179324447647,6.827035480134756
7.961449821914939,27.330912132159938,60.185614350104764,15.98247037773545,32.43521889522692,27.70884463648118,15.317371726923106,25.138867724124324,14.830759574675193,0.0,20.777169683605567,6.8693097527602545
8.008008008008009,27.359676570534557,60.24143325838052,15.982509806673434,32.519762812939305,27.751136309806366,15.319856784778997,25.17440782682573,14.919609434093449,0.0,20.81519484416287,6.911601426085438
8.054566194101078,27.388337698010023,60.2973900885775,15.982520527759792,32.60437004952539,27.79344528864259,15.322304786008997,25.21001959717511,15.008476599022742,0.0,20.853254615742248,6.953910404921664
8.101124380194149,27.41689571988212,60.353484446237275,15.982503145403667,32.6890398114134,27.835771478408535,15.324716181195297,25.245702395427614,15.097360974881752,0.0,20.891348809181054,6.996236594687601
8.147682566287218,27.445350843687248,60.409715935867546,15.982458251257455,32.77377131899501,27.878114785126233,15.327091415992442,25.2814555879728,15.186262467692519,0.0,20.929477236523386,7.0385799014053
8.194240752380288,27.473703279169694,60.466084160966965,15.982386424511532,32.8585638063228,27.92047511541717,15.32943093115763,25.317278547296418,15.275180984076524,0.0,20.967639711012183,7.080940231696237
8.240798938473358,27.50195323824891,60.522588724050024,15.982288232181594,32.94341652081502,27.96285237649831,15.331735162581806,25.35317065194145,15.364116431250732,0.0,21.005836047081395,7.123317492777376
8.287357124566428,27.530100934986905,60.57922922667187,15.982164229388895,33.02832872296756,28.005246476178225,15.33400454132155,25.38913128646848,15.453068717023724,0.0,21.044066060348168,7.1657115924572965
8.333915310659497,27.558146585555637,60.636005269453136,15.982014959633446,33.113299686073,28.047657322853226,15.336239493631581,25.425159841415372,15.54203774979179,0.0,21.082329567605086,7.208122439132294
8.380473496752566,27.586090408204463,60.69291645210474,15.98184095506043,33.19832869594645,28.09008482550344,15.338440440997976,25.46125571325633,15.631023438535077,0.0,21.12062638681245,7.250549941782509
8.427031682845636,27.613932623227736,60.74996237345267,15.981642736719998,33.28341505065807,28.132528893689038,15.340607800171991,25.497418304360444,15.720025692813744,0.0,21.15895633709058,7.2929940099681065
8.473589868938708,27.641673452932345,60.80714263146272,15.981420814820604,33.368558060272136,28.174989437546373,15.34274198320444,25.533647022949598,15.809044422764147,0.0,21.19731923871218,7.335454553825442
8.520148055031777,27.669313121605448,60.86445682326524,15.981175688976041,33.45375704659232,28.217466367784183,15.344843397480602,25.569941283055986,15.898079539095027,0.0,21.235714913094725,7.377931484063253
8.566706241124846,27.69685185548222,60.92190454517974,15.980907848446375,33.53901134291326,28.259959595679817,15.34691244575566,25.606300504479126,15.987130953083733,0.0,21.274143182792926,7.420424711958887
8.613264427217915,27.724289882713677,60.97948539273958,15.980617772372893,33.624320293778055,28.302469033075468,15.348949526190564,25.642724112742464,16.076198576572455,0.0,21.312603871491167,7.462934149354541
8.659822613310986,27.751627433334654,61.03719896071656,15.980305930007258,33.709683254741634,28.344994592374444,15.350955032388331,25.679211539049575,16.1652823219645,0.0,21.351096803996043,7.5054597086535155
8.706380799404055,27.778864739231818,61.09504484314537,15.979972780934999,33.795099592139856,28.387536186537428,15.35292935343074,25.715762220240062,16.254382102220553,0.0,21.389621806228938,7.548001302816499
8.752938985497126,27.8060020341118,61.1530226333481,15.979618775293469,33.88056868286411,28.430093729078788,15.354872873915374,25.75237559874508,16.343497830854986,0.0,21.428178705218595,7.590558845357859
8.799497171590195,27.833039553469426,61.21113192395871,15.979244353984477,33.966089914141335,28.472667134062906,15.356785973992988,25.789051122542634,16.432629421932173,0.0,21.466767329093763,7.633132250341976
8.846055357683264,27.859977534556094,61.26937230694724,15.978849948881646,34.051662683319364,28.515256316100505,15.35866902940519,25.82578824511255,16.52177679006284,0.0,21.505387507075884,7.675721432379573
8.892613543776335,27.886816216348176,61.32774337364417,15.97843598303271,34.137286397657306,28.557861190345008,15.360522411522355,25.862586425391324,16.610939850400413,0.0,21.544039069471822,7.718326306624078
8.939171729869406,27.913555839515613,61.386244714764594,15.978002870856844,34.22296047412103,28.60048167248894,15.362346487381805,25.89944512772667,16.700118518637414,0.0,21.582721847666612,7.760946788768009
8.985729915962475,27.94019664639066,61.444875920432274,15.977551018337143,34.308684339183465,28.6431176787603,15.364141619726182,25.936363821831943,16.78931271100185,0.0,21.621435674116267,7.803582795039371
9.032288102055544,27.96673888093662,61.50363658020374,15.977080823208441,34.3944574286296,28.68576912591902,15.365908167042019,25.973341982740475,16.878522344253632,0.0,21.66018038234063,7.846234242198089
9.078846288148615,27.993182788716847,61.56252628309222,15.976592675140495,34.48027918736624,28.72843593125337,15.36764648359845,26.01037909075967,16.967747335681054,0.0,21.69895580691626,7.888901047532438
9.125404474241684,28.01952861686381,61.621544617591404,15.97608695591674,34.566149069236154,28.771118012576444,15.369356919486073,26.047474631425136,17.056987603097202,0.0,21.73776178346935,7.931583128855515
9.171962660334755,28.045776614048314,61.68069117169931,15.97556403960869,34.65206653683661,28.813815288222653,15.371039820655895,26.084628095454654,17.146243064836476,0.0,21.77659814866869,7.974280404501723
9.218520846427824,28.071927030448848,61.73996553294185,15.975024292746097,34.73803106134228,28.85652767704419,15.37269552895841,26.121838978702147,17.235513639751083,0.0,21.815464740218694,8.01699279332326
9.265079032520894,28.097980117721107,61.79936728839641,15.974468074483005,34.82404212233219,28.8992550984076,15.374324382182694,26.15910678211161,17.32479924720756,0.0,21.854361396852447,8.059720214686669
9.311637218613964,28.12393612896763,61.85889602471527,15.97389573675975,34.91009920762083,28.941997472190295,15.375926714095584,26.19643101167104,17.414099807083325,0.0,21.893287958324766,8.102462588469361
9.358195404707034,28.14979531870759,61.918551328148986,15.9733076244611,34.99620181309315,28.984754718777126,15.377502854480856,26.233811178366366,17.503415239763232,0.0,21.932244265405362,8.145219835056198
9.404753590800103,28.17555794284676,61.97833278456953,15.972704075570528,35.08234944254344,29.027526759056983,15.379053129178427,26.271246798135437,17.592745466136158,0.0,21.971230159872007,8.187991875336053
9.451311776893172,28.201224258647652,62.03823997949345,15.972085421320822,35.168541607517945,29.070313514419382,15.380577860123532,26.308737391822053,17.682090407591623,0.0,22.010245484503727,8.23077863069845
9.497869962986242,28.22679452469973,62.09827249810476,15.971451986341036,35.25477782716114,29.113114906751086,15.38207736538589,26.34628248513004,17.7714499860164,0.0,22.04929008307407,8.273580023030155
9.544428149079312,28.25226900088994,62.15842992527797,15.97080408879997,35.34105762806561,29.15593085843279,15.383551959208809,26.383881608577457,17.860824123791172,0.0,22.088363800344407,8.316395974711858
9.590986335172381,28.277647948373218,62.21871184560059,15.97014204054615,35.42738054412533,29.19876129233574,15.38500195204823,26.42153429745086,17.95021274378719,0.0,22.127466482057233,8.359226408614807
9.637544521265452,28.302931629543334,62.27911784339587,15.969466147244528,35.513746116392355,29.241606131818447,15.386427650611695,26.459240091759735,18.039615769362964,0.0,22.166597974929573,8.402071248097513
9.684102707358521,28.32812030800385,62.339647502745244,15.96877670850989,35.60015389293688,29.284465300723383,15.387829357897255,26.496998536190993,18.129033124360976,0.0,22.20575812664639,8.444930417002455
9.730660893451594,28.353214248539192,62.4003004075106,15.968074018037106,35.68660342871036,29.327338723373735,15.389207373232201,26.534809180063675,18.218464733104394,0.0,22.244946785854015,8.487803839652802
9.777219079544663,28.378213717086016,62.4610761413565,15.967358363728271,35.773094285411915,29.370226324570094,15.390561992311762,26.572671577283767,18.307910520393825,0.0,22.284163802153675,8.530691440849166
9.823777265637732,28.40311898070467,62.52197428777225,15.966630027816873,35.85962603135772,29.4131280295873,15.39189350723761,26.610585286299255,18.3973704115041,0.0,22.323409026095003,8.573593145866367
9.870335451730801,28.42793030755086,62.582994430093756,15.96588928698897,35.94619824135332,29.456043764171145,15.393202206556248,26.64854987005524,18.48684433218102,0.0,22.362682309169628,8.616508880450215
9.916893637823872,28.452647966847543,62.64413615152528,15.965136412501547,36.032810496568956,29.498973454535253,15.394488375297234,26.686564895949395,18.576332208638192,0.0,22.401983503804775,8.659438570814322
9.963451823916941,28.47727222885694,62.7053990351611,15.964371670298092,36.11946238441763,29.54191702735786,15.395752295011267,26.72462993578751,18.66583396755387,0.0,22.441312463356923,8.70238214363693
10.01001001001001,28.50180336485283,62.766782664006875,15.963595321121433,36.206153498435945,29.58487440977869,15.396994243808052,26.762744565739315,18.75534953606777,0.0,22.480669042105504,8.745339526057759
10.056568196103079,28.52624164709292,62.82828662100098,15.962807620623932,36.29288343816764,29.62784552939579,15.398214496394012,26.80090836629448,18.844878841777938,0.0,22.52005309524663,8.788310645674857
10.10312638219615,28.55058734879154,62.889910489035664,15.962008819475116,36.37965180904976,29.670830314262446,15.399413324109805,26.839120922218928,18.934421812737664,0.0,22.559464478886873,8.831295430541513
10.149684568289219,28.57484074409246,62.95165385097801,15.961199163466793,36.46645822230135,29.713828692884068,15.400590994967638,26.87738182251128,19.02397837745236,0.0,22.598903050037055,8.874293809163138
10.196242754382292,28.59900210804189,63.01351628969071,15.960378893615706,36.55330229481458,29.75684059421514,15.401747773688344,26.91569066035965,19.113548464876505,0.0,22.638368666606137,8.917305710494212
10.24280094047536,28.62307171656177,63.07549738805284,15.95954824626381,36.640183649048474,29.79986594765614,15.402883921738285,26.954047033098636,19.203132004410566,0.0,22.677861187395063,8.96033106393521
10.28935912656843,28.64704984642316,63.137596728980185,15.95870745317623,36.72710191292478,29.842904683050506,15.40399969736598,26.9924505421666,19.292728925898007,0.0,22.717380472090717,9.003369799329574
10.335917312661499,28.670936775219918,63.199813895445665,15.957856741636922,36.81405671972634,29.885956730681627,15.405095355638553,27.030900793063207,19.382339159622198,0.0,22.756926381259895,9.046421846960698
10.38247549875457,28.694732781342555,63.2621484704995,15.956996334542179,36.90104770799754,29.929022021269862,15.406171148477886,27.06939739530727,19.471962636303502,0.0,22.79649877634329,9.089487137548932
10.429033684847639,28.718438143952298,63.32460003728908,15.95612645049192,36.98807452144713,29.972100485969523,15.40722732469658,27.10793996239483,19.561599287096236,0.0,22.836097519649545,9.132565602248594
10.475591870940708,28.742053142955342,63.387168179078905,15.95524730387893,37.075136808852996,30.015192056365958,15.408264130033633,27.146528111757576,19.65124904358574,0.0,22.87572247434935,9.17565717264503
10.522150057033778,28.76557805897738,63.44985247927012,15.954359104976005,37.16223422396916,30.05829666447258,15.409281807189853,27.18516146472153,19.740911837785433,0.0,22.915373504469525,9.21876178075165
10.568708243126848,28.789013173338276,63.512652521419994,15.953462060021169,37.24936642543478,30.101414242727966,15.410280595863053,27.22383964646604,19.830587602133892,0.0,22.955050474887233,9.26187935900704
10.61526642921992,28.812358768027007,63.57556788926124,15.952556371300858,37.33653307668505,30.144544723992958,15.411260732782939,27.262562285983062,19.920276269491946,0.0,22.994753251324138,9.305009840272028
10.66182461531299,28.835615125676764,63.638598166721046,15.95164223723129,37.42373384586419,30.187688041547744,15.412222451745738,27.301329016036767,20.0099777731398,0.0,23.03448170034064,9.348153157826815
10.708382801406058,28.858782529540374,63.70174293794005,15.950719852437919,37.51096840574017,30.230844129089043,15.41316598364857,27.340139473123465,20.099692046774177,0.0,23.07423568933017,9.391309245368117
10.754940987499127,28.881861263465797,63.765001787291006,15.949789407833135,37.59823643362134,30.27401292072724,15.414091556523525,27.378993297431826,20.189419024505433,0.0,23.114015086513486,9.43447803700631
10.801499173592198,28.904851611871987,63.82837429939741,15.948851090692175,37.6855376112749,30.31719435098354,15.414999395571465,27.417890132803414,20.279158640854806,0.0,23.153819760933022,9.477659467262608
10.848057359685267,28.927753859724866,63.89186005915185,15.947905084727335,37.77287162484706,30.3603883547872,15.41588972319555,27.456829626693583,20.36891083075154,0.0,23.193649582447275,9.52085347106627
10.894615545778338,28.95056829251359,63.955458651734155,15.946951570160493,37.860238164784924,30.40359486747271,15.416762759034457,27.495811430132623,20.45867552953012,0.0,23.233504421725215,9.564059983751777
10.941173731871407,28.97329519622699,64.01916966262938,15.945990723794004,37.94763692576003,30.446813824777013,15.417618719995321,27.534835197687304,20.548452672927493,0.0,23.27338415024077,9.607278941056085
10.987731917964476,28.995934857330287,64.08299267764568,15.945022719080042,38.035067606593586,30.490045162836815,15.418457820286422,27.573900587422735,20.638242197080366,0.0,23.31328864026729,9.650510279115883
11.034290104057547,29.01848756274199,64.14692728293186,15.944047726188309,38.122529910183204,30.533288818185753,15.419280271449495,27.61300726086447,20.728044038522373,0.0,23.353217764872106,9.693753934464826
11.080848290150618,29.040953599811015,64.21097306499486,15.943065912072322,38.210023543431234,30.576544727751777,15.420086282391836,27.652154882961106,20.817858134181463,0.0,23.39317139791108,9.737009844030847
11.127406476243687,29.063333256294126,64.27512961071696,15.942077440534156,38.29754821717461,30.619812828854382,15.420876059418049,27.691343122047023,20.907684421377137,0.0,23.433149414023212,9.780277945133449
11.173964662336758,29.085626820333413,64.33939650737283,15.941082472287778,38.38510364611613,30.66309305920196,15.421649806261527,27.730571649805626,20.99752283781778,0.0,23.473151688625286,9.823558175481024
11.220522848429827,29.107834580434215,64.40377334264635,15.940081165020969,38.47268954875727,30.706385356889122,15.42240772411562,27.769840141232795,21.08737332159802,0.0,23.51317809790656,9.86685047316819
11.267081034522896,29.12995682544311,64.46825970464742,15.939073673455866,38.56030564733233,30.749689660394097,15.423150011664523,27.809148274600773,21.177235811196063,0.0,23.553228518823435,9.910154776673165
11.313639220615965,29.151993844526213,64.5328551819282,15.938060149408194,38.64795166774389,30.793005908576042,15.423876865113835,27.848495731422286,21.26711024547108,0.0,23.59330282909426,9.95347102485511
11.360197406709036,29.17394592714768,64.59755936349961,15.937040741845156,38.735627339499814,30.836334040672487,15.424588478220835,27.887882196415102,21.35699656366059,0.0,23.633400907194073,9.996799156951555
11.406755592802105,29.195813363048444,64.66237183884726,15.93601559694205,38.823332395651335,30.87967399629669,15.425285042324452,27.92730735746683,21.446894705377865,0.0,23.673522632349417,10.040139112575762
11.453313778895176,29.217596442225176,64.72729219794743,15.93498485813772,38.91106657273257,30.92302571543514,15.42596674637496,27.96677090560015,21.536804610609387,0.0,23.713667884533244,10.083490831714212
11.499871964988245,29.239295454909463,64.79232003128271,15.933948666188659,38.99882961070119,30.966389138444924,15.426633776963316,28.006272534938287,21.62672621971224,0.0,23.753836544459737,10.126854254723995
11.546430151081315,29.260910691547277,64.85745492985752,15.93290715922206,39.08662125288041,31.009764206051237,15.42728631835025,28.045811942670905,21.71665947341162,0.0,23.794028493579297,10.170229322330306
11.592988337174384,29.28244244277856,64.92269648521344,15.931860472787633,39.174441245902045,31.053150859344836,15.427924552495028,28.085388829020264,21.806604312798292,0.0,23.834243614073433,10.21361597562391
11.639546523267455,29.303890999417185,64.98804428944428,15.93080873990832,39.262289339650806,31.096549039779568,15.428548659083923,28.12500289720775,21.89656067932609,0.0,23.874481788849817,10.257014156058634
11.686104709360524,29.325256652430994,65.05349793521098,15.92975209112991,39.35016528720975,31.139958689169827,15.42915881555838,28.164653853420752,21.986528514809425,0.0,23.91474290153728,10.300423805448899
11.732662895453593,29.346539692922196,65.11905701575644,15.928690654569568,39.43806884480675,31.183379749688157,15.42975519714289,28.204341406779832,22.076507761420824,0.0,23.955026836480858,10.343844865967228
11.779221081546662,29.367740412107892,65.18472112491989,15.92762455596333,39.52599977176213,31.226812163862725,15.430337976872549,28.244065269306237,22.16649836168846,0.0,23.99533347873693,10.387277280141795
11.825779267639733,29.388859101300916,65.2504898571513,15.926553918712582,39.613957830437315,31.270255874574946,15.430907325620357,28.283825155889804,22.25650025849375,0.0,24.035662714068298,10.430720990854017
11.872337453732802,29.40989605189083,65.31636280752554,15.925478863929502,39.70194278618454,31.31371082505702,15.431463412124163,28.323620784257074,22.346513395068897,0.0,24.07601442893938,10.474175941336094
11.918895639825873,29.43085155532521,65.38233957175625,15.924399510481571,39.78995440729755,31.357176958889564,15.432006403013375,28.36345187493988,22.436537714994508,0.0,24.116388510511392,10.517642075168633
11.965453825918942,29.45172590309109,65.44841974620962,15.923315975035111,39.877992464963285,31.400654219999193,15.432536462835335,28.40331815124411,22.526573162197206,0.0,24.156784846637585,10.561119336278264
12.012012012012015,29.472519386696742,65.51460292791795,15.922228372097877,39.966056733214494,31.444142552656185,15.433053754081412,28.44321933921894,22.616619680947267,0.0,24.197203325858492,10.604607668935254
12.058570198105084,29.493232297653545,65.58088871459294,15.921136814060777,40.05414698888339,31.487641901472088,15.43355843721281,28.483155167626276,22.706677215856235,0.0,24.237643837397226,10.648107017751155
12.105128384198153,29.513864927458194,65.64727670463895,15.920041411238675,40.14226301155615,31.531152211397412,15.43405067068607,28.523125367910605,22.796745711874635,0.0,24.27810627115481,10.691617327676482
12.151686570291222,29.53441756757509,65.71376649716586,15.918942271910346,40.23040458352828,31.57467342771931,15.434530610978317,28.56312967416909,22.886825114289604,0.0,24.318590517705545,10.735138543998383
12.198244756384293,29.554890509418954,65.78035769200191,15.917839502357577,40.318571489760956,31.618205496059268,15.434998412612174,28.603167823122064,22.97691536872263,0.0,24.359096468292375,10.778670612338336
12.244802942477362,29.57528404433765,65.84704988970623,15.916733206903436,40.40676351783812,31.66174836237078,15.43545422818043,28.643239554083767,23.06701642112721,0.0,24.399624014822333,10.822213478649848
12.291361128570431,29.595598463595312,65.91384269158128,15.915623487949755,40.49498045792452,31.70530197293714,15.435898208370388,28.683344608933453,23.15712821778664,0.0,24.440173049861983,10.865767089216208
12.337919314663502,29.61583405835557,65.98073569968503,15.914510446013802,40.58322210272447,31.748866274369135,15.436330501987982,28.723482732086786,23.247250705311707,0.0,24.480743466632905,10.909331390648205
12.384477500756573,29.635991119665125,66.04772851684287,15.913394179764191,40.671488247441474,31.79244121360283,15.436751255981548,28.76365367046754,23.337383830638476,0.0,24.52133515900723,10.9529063298819
12.431035686849642,29.656069938437433,66.11482074665956,15.912274786056063,40.759778689738596,31.83602673789733,15.437160615465384,28.803857173479635,23.42752754102604,0.0,24.561948021503156,10.996491854176401
12.47759387294271,29.676070805436723,66.18201199353075,15.91115235996548,40.848093229699664,31.879622794832574,15.437558723742978,28.84409299297945,23.517681784054353,0.0,24.602581949280573,11.040087911111641
12.52415205903578,29.695994011262126,66.24930186265448,15.910026994823163,40.93643166979111,31.923229332307134,15.437945722330001,28.884360883248494,23.607846507621986,0.0,24.64323683813663,11.083694448586204
12.570710245128852,29.715839846332113,66.31668996004232,15.908898782247475,41.02479381482464,31.966846298536062,15.438321750977002,28.924660600966266,23.69802165994398,0.0,24.683912584501403,11.127311414815127
12.617268431221921,29.7356086008691,66.38417589253056,15.907767812176765,41.11317947192058,32.01047364204867,15.438686947691844,28.964991905183577,23.78820718954966,0.0,24.724609085433563,11.170938758327742
12.66382661731499,29.755300564884283,66.45175926779096,15.906634172901008,41.20158845047191,32.05411131168646,15.439041448761888,29.00535455729604,23.878403045280518,0.0,24.76532623861607,11.21457642796553
12.71038480340806,29.77491602816271,66.51943969434144,15.905497951092805,41.29002056210903,32.097759256600916,15.439385388775863,29.04574832101791,23.968609176288044,0.0,24.80606394235191,11.258224372879987
12.756942989501132,29.794455280248524,66.58721678155666,15.904359231837741,41.378475620665114,32.14141742625143,15.439718900645527,29.086172962356205,24.05882553203163,0.0,24.846822095559876,11.301882542530501
12.803501175594201,29.8139186104305,66.65509013967821,15.903218098664142,41.46695344214224,32.18508577040319,15.440042115627053,29.126628249585135,24.14905206227646,0.0,24.887600597770323,11.345550886682263
12.85005936168727,29.833306307727668,66.7230593798248,15.902074633572157,41.555453844678,32.22876423912508,15.440355163342094,29.167113953220795,24.239288717091416,0.0,24.928399349121026,11.389229355404149
12.89661754778034,29.852618660875297,66.79112411400223,15.900928917062325,41.64397664851288,32.2724527827876,15.440658171798706,29.207629845996163,24.32953544684701,0.0,24.96921825035301,11.432917899066672
12.94317573387341,29.87185595831102,66.85928395511303,15.899781028163513,41.73252167595821,32.31615135206086,15.44095126741192,29.24817570283639,24.419792202213344,0.0,25.01005720280645,11.47661646833993
12.98973391996648,29.891018488161098,66.92753851696614,15.898631044460275,41.821088751364634,32.35985989791245,15.441234575024085,29.28875130083434,24.510058934158003,0.0,25.050916108416565,11.520325014191522
13.036292106059548,29.91010653822704,66.99588741428624,15.89747904211968,41.909677701091276,32.40357837160548,15.441508217924989,29.329356419226425,24.6003355939441,0.0,25.09179486970955,11.564043487884549
13.082850292152617,29.929120395972333,67.06433026272305,15.896325095917593,41.99828835347546,32.447306724696524,15.441772317871708,29.369990839368725,24.690622133128212,0.0,25.132693389798572,11.607771840975595
13.129408478245688,29.948060348509426,67.13286667886022,15.895169279264406,42.0869205388029,32.491044909033654,15.442026995108211,29.41065434471341,24.780918503558414,0.0,25.17361157237976,11.651510025312724
13.175966664338759,29.966926682586813,67.20149628022433,15.894011664230268,42.175574089278555,32.53479287675441,15.442272368384725,29.451346720785338,24.87122465737224,0.0,25.2145493217282,11.69525799303348
13.222524850431828,29.985719684576512,67.27021868529351,15.892852321569777,42.26424883899793,32.57855058028385,15.44250855497685,29.492067755159024,24.96154054699475,0.0,25.25550654269401,11.739015696562921
13.269083036524897,30.004439640461595,67.33903351350594,15.891691320746222,42.35294462391899,32.6223179723326,15.44273567070447,29.532817237435836,25.05186612513657,0.0,25.29648314069845,11.782783088611671
13.315641222617968,30.023086835823957,67.40794038526818,15.890528729955296,42.44166128183451,32.6660950058949,15.442953829950387,29.57359495922145,25.14220134479194,0.0,25.337479021729976,11.826560122173971
13.362199408711037,30.041661555832302,67.47693892196332,15.88936461614834,42.53039865234496,32.70988163424665,15.443163145678708,29.614400714103546,25.232546159236755,0.0,25.378494092340393,11.870346750525718
13.408757594804106,30.060164085230337,67.54602874595902,15.888199045055154,42.619156576831884,32.753677810943515,15.443363729453088,29.65523429762984,25.322900522026696,0.0,25.419528259641066,11.914142927222587
13.455315780897179,30.07859470832511,67.6152094806153,15.8870320812063,42.70793489843178,32.797483489819044,15.44355569145463,29.696095507286277,25.41326438699529,0.0,25.460581431299047,11.957948606098112
13.501873966990248,30.09695370897564,67.68448075029212,15.885863787955016,42.79673346201042,32.84129862498272,15.443739140499654,29.73698414247553,25.503637708252036,0.0,25.50165351553333,12.001763741261788
13.548432153083317,30.115241370581632,67.75384218035695,15.884694227498644,42.885552114137624,32.88512317081813,15.443914184057165,29.77790000449578,25.59402044018052,0.0,25.542744421111088,12.045588287097202
13.594990339176388,30.133457976072467,67.82329339719203,15.883523460899676,42.97439070306251,32.928957081981096,15.444080928266164,29.81884289651964,25.68441253743655,0.0,25.58385405734394,12.089422198260165
13.641548525269458,30.151603807896365,67.89283402820156,15.882351548106353,43.063249078689246,32.972800313397805,15.444239477952692,29.859812623573454,25.77481395494633,0.0,25.624982334084283,12.133265429676872
13.688106711362527,30.169679148009692,67.96246370181858,15.881178547972869,43.15212709255307,33.01665282026297,15.444389936646683,29.900808992516737,25.86522464790457,0.0,25.666129161721553,12.177117936542043
13.734664897455596,30.18768427786654,68.03218204751187,15.88000451827917,43.24102459779692,33.060514558038044,15.44453240659858,29.941831812021913,25.955644571772712,0.0,25.70729445117863,12.220979674317114
13.781223083548666,30.205619478408448,68.10198869579261,15.878829515750397,43.32994144914834,33.10438548244937,15.444666988795788,29.982880892554295,26.04607368227711,0.0,25.748478113908224,12.264850598728446
13.827781269641736,30.223485030054263,68.17188327822088,15.87765359607587,43.41887750289694,33.1482655494864,15.444793782978829,30.023956046352243,26.136511935407214,0.0,25.789680061889218,12.308730665765475
13.874339455734805,30.241281212690303,68.24186542741185,15.876476813927802,43.50783261687202,33.19215471539991,15.444912887657399,30.06505708740762,26.22695928741379,0.0,25.830900207623156,12.35261983167898
13.920897641827874,30.259008305660593,68.31193477704217,15.875299222979553,43.59680665042087,33.23605293670021,15.445024400126107,30.106183831446437,26.31741569480716,0.0,25.872138464130686,12.39651805297928
13.967455827920944,30.276666587757344,68.38209096185582,15.874120875923591,43.685799464387244,33.27996017015541,15.445128416480102,30.147336095909775,26.40788111435543,0.0,25.91339474494802,12.440425286434483
14.014014014014018,30.294256337211582,68.45233361767008,15.872941824489066,43.774810921090264,33.32387637278967,15.445225031630454,30.188513699934866,26.498355503082756,0.0,25.95466896412346,12.484341489068736
14.060572200107087,30.31177783168401,68.52266238138117,15.871762119459087,43.86384088430377,33.36780150188143,15.445314339319337,30.22971646433643,26.588838818267586,0.0,25.99596103621391,12.5282666181605
14.107130386200156,30.329231348255952,68.59307689096985,15.87058181068759,43.95288921923588,33.411735514961734,15.445396432135027,30.270944211588287,26.679331017440962,0.0,26.037270876281454,12.572200631240806
14.153688572293225,30.34661716342057,68.66357678550676,15.86940094711596,44.041955792509064,33.45567836981251,15.445471401526722,30.31219676580508,26.769832058384804,0.0,26.078598399889934,12.616143486091579
14.200246758386296,30.363935553074203,68.73416170515782,15.86821957678928,44.13104047214042,33.49963002446485,15.445539337819111,30.353473952724286,26.860341899130212,0.0,26.119943523101536,12.660095140743918
14.246804944479365,30.381186792507872,68.8048312911891,15.867037746872281,44.22014312752237,33.54359043719733,15.445600330226835,30.394775599688458,26.950860497955762,0.0,26.16130616247343,12.7040555534764
14.293363130572434,30.39837115639902,68.87558518597204,15.865855503665003,44.30926362940373,33.58755956653437,15.445654466868698,30.436101535627603,27.041387813385867,0.0,26.202686235054436,12.748024682813437
14.339921316665503,30.41548891880334,68.94642303298804,15.86467289261811,44.39840184987094,33.63153737124453,15.445701834781707,30.477451591041845,27.1319238041891,0.0,26.24408365838169,12.792002487523597
14.386479502758574,30.432540353146816,69.01734447683329,15.863489958347966,44.4875576623298,33.67552381033889,15.445742519934958,30.518825597984236,27.22246842937653,0.0,26.28549835047734,12.835988926617954
14.433037688851643,30.449525732217936,69.08834916322319,15.86230674465139,44.576730941487405,33.719518843069395,15.445776607243317,30.560223390043827,27.31302164820011,0.0,26.326930229845285,12.879983959348465
14.479595874944714,30.466445328160038,69.15943673899679,15.86112329452012,44.66592156333438,33.763522428927246,15.445804180580899,30.60164480232889,27.40358342015103,0.0,26.36837921546792,12.92398754520632
14.526154061037783,30.483299412463857,69.23060685212101,15.859939650155036,44.75512940512752,33.80753452764128,15.445825322794416,30.64308967145036,27.49415370495813,0.0,26.40984522680291,12.967999643920347
14.572712247130854,30.500088255960225,69.30185915169479,15.85875585298009,44.84435434537261,33.851555099176345,15.445840115716344,30.684557835505494,27.58473246258627,0.0,26.451328183779975,13.012020215455413
14.619270433223923,30.516812128812887,69.37319328795294,15.857571943655973,44.93359626380754,33.89558410373175,15.44584864017788,30.7260491340617,27.675319653234748,0.0,26.492828006797723,13.056049220010822
14.665828619316992,30.533471300511536,69.44460891227013,15.85638796209352,45.02285504138582,33.939621501739666,15.445850976021777,30.767563408140564,27.76591523733573,0.0,26.53434461672048,13.100086618018738
14.71238680541006,30.550066039864987,69.51610567716443,15.855203947466869,45.11213056026023,33.983667253863544,15.445847202114969,30.80910050020206,27.85651917555268,0.0,26.575877934875173,13.144132370142616
14.758944991503132,30.566596614994495,69.58768323630103,15.854019938226388,45.20142270376681,34.0277213209966,15.44583739636107,30.85066025412899,27.9471314287788,0.0,26.617427883048197,13.188186437275666
14.8055031775962,30.583063293327214,69.65934124449551,15.852835972111313,45.29073135640909,34.071783664260195,15.44582163571266,30.892242515211535,28.037751958135473,0.0,26.658994383482337,13.232248780539267
14.85206136368927,30.59946634158986,69.73107935771728,15.851652086162188,45.38005640384264,34.11585424500241,15.445799996183482,30.933847130132072,28.128380724970754,0.0,26.70057735887369,13.276319361281482
14.898619549782339,30.615806025802467,69.80289723309271,15.85046831673306,45.46939773285978,34.15993302479642,15.445772552860397,30.975473946950103,28.219017690857832,0.0,26.74217673236864,13.32039814107549
14.945177735875413,30.632082611272317,69.8747945289081,15.849284699503444,45.55875523137463,34.204019965439045,15.445739379915233,31.017122815087436,28.30966281759352,0.0,26.783792427560805,13.364485081718112
14.991735921968482,30.64829636258804,69.94677090461268,15.848101269490058,45.648128788408336,34.2481150289492,15.44570055061647,31.058793585313445,28.400316067196748,0.0,26.825424368488054,13.40858014522827
15.038294108061551,30.664447543613814,70.01882602082145,15.846918061058368,45.73751829407458,34.292218177566475,15.445656137340771,31.100486109730625,28.49097740190709,0.0,26.867072479629535,13.452683293845542
15.084852294154622,30.680536417483754,70.09095953931775,15.84573510793386,45.826923639565315,34.336329373749585,15.44560621158434,31.142200241760207,28.581646784183278,0.0,26.90873668590269,13.496794490028657
15.131410480247691,30.696563246596398,70.16317112305582,15.844552443213168,45.91634471713671,34.38044858017494,15.445550843974157,31.18393583612803,28.6723241767017,0.0,26.95041691266033,13.540913696454009
15.17796866634076,30.71252829260938,70.23546043616331,15.843370099374964,46.0057814200954,34.424575759735184,15.445490104279067,31.22569274885054,28.763009542355015,0.0,26.99211308568774,13.585040876014252
15.22452685243383,30.728431816434234,70.30782714394356,15.842188108290625,46.09523364278482,34.468710875537724,15.445424061420685,31.267470837220934,28.853702844250623,0.0,27.033825131199755,13.629175991816794
15.2710850385269,30.74427407823128,70.3802709128777,15.84100650123475,46.184701280571915,34.51285389090333,15.445352783484203,31.309269959795554,28.9444040457093,0.0,27.075552975837898,13.673319007182398
15.317643224619971,30.760055337404726,70.45279141062693,15.839825308895454,46.274184229833885,34.55700476936467,15.445276337729025,31.35108997638034,29.035113110263712,0.0,27.117296546667507,13.717469885643737
15.36420141071304,30.77577585259787,70.5253883060343,15.838644561384472,46.363682387945374,34.60116347466492,15.445194790599288,31.39293074801752,29.125830001657036,0.0,27.15905577117495,13.761628590943994
15.410759596806109,30.791435881688432,70.59806126912663,15.83746428824708,46.45319565326565,34.645329970756364,15.445108207734195,31.434792136972426,29.216554683841547,0.0,27.20083057726476,13.805795087035435
15.457317782899182,30.80703568178399,70.67080997111626,15.836284518471844,46.542723925126076,34.68950422179896,15.445016653978275,31.47667400672047,29.30728712097721,0.0,27.242620893256884,13.849969338078031
15.50387596899225,30.822575509217636,70.74363408440267,15.835105280500182,46.632267103817796,34.73368619215899,15.444920193391459,31.51857622193428,29.398027277430312,0.0,27.28442664788388,13.894151308438065
15.55043415508532,30.838055619543642,70.81653328257404,15.833926602235751,46.72182509057961,34.77787584640768,15.444818889259052,31.56049864847099,29.488775117772068,0.0,27.326247770288184,13.938340962686752
15.596992341178389,30.85347626753336,70.88950724040858,15.832748511053657,46.81139778758596,34.82207314931981,15.444712804101542,31.602441153359692,29.57953060677727,0.0,27.36808419001937,13.98253826559888
15.64355052727146,30.86883770717117,70.96255563387592,15.831571033809514,46.90098509793526,34.866278065872386,15.444601999684316,31.644403604788998,29.670293709422918,0.0,27.40993583703146,14.026743182151458
15.690108713364529,30.88414019165061,71.03567814013827,15.830394196848328,46.99058692563825,34.910490561243286,15.444486537027233,31.686385872094807,29.761064390886883,0.0,27.45180264168018,14.070955677522354
15.7366668994576,30.899383973370558,71.10887443755158,15.829218026013205,47.0802031756066,34.954710600809904,15.44436647641405,31.728387825748165,29.851842616546573,0.0,27.493684534720355,14.115175717088976
15.783225085550669,30.914569303931632,71.18214420566642,15.828042546653938,47.16983375364179,34.998938150147865,15.444241877401751,31.770409337343306,29.9426283519776,0.0,27.535581447303194,14.159403266426933
15.82978327164374,30.929696434132627,71.25548712522901,15.826867783635393,47.259478566423915,35.04317317502965,15.444112798829737,31.81245027958582,30.033421562952462,0.0,27.5774933109737,14.203638291308721
15.876341457736808,30.944765613967075,71.32890287818195,15.825693761345788,47.34913752150091,35.08741564142335,15.44397929882892,31.854510526280972,30.12422221543923,0.0,27.61942005766803,14.247880757702418
15.922899643829878,30.959777092620012,71.40239114766496,15.824520503704791,47.438810527277845,35.13166551549132,15.443841434830643,31.896589952322117,30.215030275600267,0.0,27.661361619710902,14.292130631770391
15.969457829922947,30.97473111846472,71.47595161801544,15.823348034171483,47.52849749300636,35.17592276358892,15.443699263575551,31.938688433679342,30.305845709790937,0.0,27.703317929813036,14.33638787986799
16.016016016016017,30.98962793905971,71.54958397476906,15.822176375752182,47.61819832877426,35.220187352263224,15.443552841122278,31.980805847388147,30.39666848455831,0.0,27.745288921068564,14.380652468542293
16.062574202109086,31.00446780114572,71.62328790466007,15.821005551008112,47.70791294549536,35.26445924825173,15.44340222285607,32.02294207153831,30.48749856663989,0.0,27.787274526952515,14.424924364530801
16.109132388202156,31.019250950642906,71.69706309562173,15.81983558206296,47.79764125489934,35.30873841848115,15.443247463497269,32.06509698526287,30.578335922962378,0.0,27.829274681318278,14.469203534760219
16.155690574295225,31.033977632648078,71.77090923678645,15.818666490610282,47.887383169521925,35.353024830066104,15.443088617109693,32.107270468727286,30.6691805206404,0.0,27.871289318395117,14.513489946345171
16.202248760388297,31.048648091432067,71.84482601848607,15.817498297920759,47.97713860269506,35.39731845030791,15.442925737108894,32.149462403118626,30.760032326975278,0.0,27.91331837278566,14.557783566586975
16.248806946481366,31.063262570437214,71.91881313225178,15.81633102484937,48.0669074685373,35.441619246693335,15.44275887627033,32.19167267063498,30.850891309453775,0.0,27.955361779463445,14.602084362972406
16.295365132574435,31.077821312274928,71.99287027081418,15.815164691842385,48.15668968194439,35.48592718689339,15.442588086737398,32.23390115447494,30.941757435746897,0.0,27.99741947377048,14.646392303172458
16.341923318667504,31.092324558723384,72.0669971281031,15.813999318944266,48.24648515857989,35.53024223876208,15.44241342002938,32.27614773882726,31.032630673708653,0.0,28.039491391414785,14.690707355041145
16.388481504760577,31.106772550725296,72.14119339924748,15.812834925804456,48.33629381486599,35.574564370335224,15.442234927049299,32.31841230886057,31.123510991374868,0.0,28.081577468468005,14.735029486614293
16.435039690853646,31.121165528385802,72.215458780575,15.811671531684002,48.42611556797449,35.618893549829245,15.442052658091622,32.36069475071322,31.21439835696196,0.0,28.123677641362985,14.779358666108315
16.481597876946715,31.135503730970477,72.28979296961185,15.810509155462116,48.515950335817884,35.66322974564,15.44186666284993,32.40299495148336,31.305292738865784,0.0,28.165791846891427,14.823694861919071
16.528156063039788,31.149787396903353,72.36419566508211,15.809347815642568,48.60579803704056,35.70757292634156,15.441676990424408,32.44531279921893,31.39619410566042,0.0,28.207920022201478,14.868038042620633
16.574714249132857,31.164016763765137,72.43866656690734,15.808187530360014,48.69565859101014,35.75192306068507,15.441483689329313,32.48764818290798,31.487102426097003,0.0,28.25006210479544,14.912388176964146
16.621272435225926,31.178192068291487,72.51320537620602,15.807028317386177,48.78553191780899,35.79628011759758,15.441286807500292,32.53000099246896,31.578017669102582,0.0,28.292218032527387,14.956745233876658
16.667830621318995,31.192313546371352,72.58781179529272,15.805870194135935,48.875417938225816,35.84064406618088,15.441086392301605,32.57237111874116,31.668939803778944,0.0,28.334387743600903,15.001109182459949
16.714388807412064,31.20638143304544,72.66248552767756,15.804713177673309,48.965316573747366,35.88501487571034,15.440882490533298,32.61475845347531,31.759868799401477,0.0,28.376571176566753,15.045479991989408
16.760946993505133,31.220395962504774,72.73722627806517,15.803557284717323,49.05522774655029,35.92939251563381,15.440675148438228,32.65716288932425,31.85080462541801,0.0,28.41876827032061,15.089857631912874
16.807505179598202,31.234357368089313,72.81203375235388,15.802402531647783,49.145151379493086,35.97377695557043,15.440464411709012,32.69958431983365,31.94174725144771,0.0,28.460978964100796,15.134242071849501
16.85406336569127,31.248265882286695,72.88690765763481,15.801248934510953,49.235087396108234,36.018168165309596,15.440250325494919,32.742022639432996,32.032696647279934,0.0,28.503203197486055,15.178633281588663
16.900621551784347,31.262121736731032,72.9618477021908,15.800096509025135,49.325035720594364,36.062566114809755,15.440032934408618,32.78447774342654,32.123652782873165,0.0,28.545440910393303,15.223031231088823
16.947179737877416,31.275925162201805,73.03685359549519,15.79894527058611,49.41499627780856,36.106970774197336,15.439812282532861,32.8269495279844,32.21461562835382,0.0,28.587692043075396,15.267435890476406
16.993737923970485,31.289676388622873,73.11192504821076,15.797795234272552,49.50496899325876,36.151382113765656,15.439588413427083,32.869437890133746,32.30558515401521,0.0,28.629956536118968,15.311847230044728
17.040296110063554,31.3033756450615,73.18706177218849,15.796646414851304,49.59495379309636,36.19580010397383,15.439361370133913,32.911942727750194,32.39656133031645,0.0,28.672234330442247,15.3562652202529
17.086854296156623,31.31702315972753,73.26226348046615,15.795498826782573,49.68495060410877,36.24022471544567,15.4391311951856,32.954463939549115,32.487544127881364,0.0,28.71452536729286,15.400689831724742
17.133412482249692,31.330619159972606,73.337529887267,15.794352484225044,49.774959353712234,36.28465591896864,15.438897930610347,32.99700142507723,32.5785335174974,0.0,28.75682958824572,15.445121035247707
17.17997066834276,31.344163872289442,73.41286070799835,15.793207401040869,49.864979969944585,36.32909368549273,15.438661617938543,33.03955508470415,32.66952947011456,0.0,28.799146935200827,15.489558801771796
17.22652885443583,31.357657522311282,73.48825565925,15.792063590800645,49.95501238145831,36.37353798612948,15.438422298208986,33.08212481961414,32.760531956844375,0.0,28.84147735038126,15.534003102408548
17.273087040528903,31.37110033481127,73.56371445879277,15.790921066788218,50.0450565175135,36.41798879215086,15.438180011974918,33.124710531797895,32.851540948958835,0.0,28.883820776330957,15.57845390842993
17.319645226621972,31.384492533702048,73.63923682557679,15.789779842005466,50.13511230797104,36.46244607498826,15.437934799310083,33.16731212404446,32.9425564178893,0.0,28.92617715591268,15.622911191267324
17.36620341271504,31.39783434203534,73.71482247972985,15.788639929176984,50.22517968328588,36.50690980623143,15.437686699814636,33.20992949993318,33.03357833522554,0.0,28.96854643230596,15.667374922510499
17.41276159880811,31.411125982001646,73.79047114255563,15.787501340754668,50.31525857450029,36.55137995762748,15.437435752620996,33.252562563825855,33.12460667271466,0.0,29.010928549004987,15.711845073906549
17.459319784901183,31.424367674929968,73.866182536532,15.786364088922245,50.4053489132374,36.59585650107982,15.437181996399621,33.29521122085884,33.215641402260076,0.0,29.053323449816602,15.756321617358891
17.505877970994252,31.437559641287667,73.94195638530901,15.785228185599733,50.49545063169463,36.640339408647186,15.436925469364736,33.33787537693538,33.306682495920505,0.0,29.095731078858257,15.800804524926253
17.55243615708732,31.450702100680342,74.01779241370717,15.784093642447791,50.5855636626374,36.68482865254259,15.43666620927994,33.38055493871793,33.39772992590899,0.0,29.13815138055601,15.845293768821666
17.59899434318039,31.4637952718518,74.09369034771528,15.78296047087202,50.67568793939273,36.72932420513237,15.43640425346375,33.42324981362061,33.488783664591836,0.0,29.1805842996425,15.889789321411445
17.64555252927346,31.476839372684065,74.16964991448857,15.78182868202718,50.765823395843135,36.773826038935155,15.436139638795103,33.46595990980175,33.57984368448769,0.0,29.223029781154988,15.934291155214225
17.69211071536653,31.48983462019749,74.2456708423466,15.780698286821355,50.85596996642041,36.818334126620876,15.435872401718754,33.50868513615647,33.67090995826648,0.0,29.265487770433364,15.978799242899948
17.738668901459597,31.50278123055092,74.32175286077107,15.779569295920023,50.94612758609965,36.86284844100983,15.435602578250622,33.55142540230945,33.761982458748506,0.0,29.307958213118205,16.023313557288905
17.78522708755267,31.515679419041895,74.39789570040378,15.778441719750047,51.0362961903933,36.90736895507167,15.435330203983037,33.59418061860763,33.853061158903415,0.0,29.350441055148817,16.06783407135074
17.831785273645743,31.528529400106972,74.47409909304427,15.777315568503674,51.12647571534526,36.95189564192447,15.435055314089997,33.6369506961132,33.94414603184928,0.0,29.392936242761333,16.11236075820354
17.87834345973881,31.541331387322025,74.55036277164771,15.776190852142337,51.21666609752507,36.996428474833706,15.434777943332204,33.6797355465964,34.035237050851585,0.0,29.435443722486742,16.156893591112777
17.92490164583188,31.5540855934027,74.62668647032243,15.775067580400528,51.30686727402227,37.040967427211406,15.434498126062238,33.72253508252869,34.12633418932235,0.0,29.477963441149058,16.20143254349047
17.97145983192495,31.56679223020484,74.70306992432768,15.773945762789511,51.397079182440685,37.0855124726151,15.434215896229462,33.76534921707578,34.21743742081912,0.0,29.520495345863377,16.245977588894167
18.01801801801802,31.579451508725054,74.77951287007117,15.772825408601008,51.48730176089289,37.13006358474695,15.433931287385024,33.80817786409086,34.30854671904404,0.0,29.563039384034017,16.29052870102602
18.064576204111088,31.592063639101262,74.8560150451067,15.771706526910846,51.57753494799478,37.17462073745281,15.433644332686692,33.85102093810785,34.399662057842974,0.0,29.605595503352674,16.335085853731883
18.111134390204157,31.604628830613365,74.93257618813155,15.770589126582482,51.667778682860096,37.219183904721284,15.433355064903667,33.89387835433475,34.49078341120452,0.0,29.64816365179656,16.379649021000358
18.15769257629723,31.617147291683914,75.00919603898406,15.76947321627053,51.75803290509511,37.263753060682824,15.43306351642133,33.936750028647076,34.58191075325912,0.0,29.690743777626547,16.424218176961887
18.2042507623903,31.62961922987887,75.08587433864102,15.768358804424198,51.84829755479336,37.30832817960878,15.43276971924592,33.97963587758132,34.673044058278144,0.0,29.733335829385393,16.468793295887842
18.250808948483368,31.642044851908416,75.16261082921501,15.767245899290655,51.93857257253046,37.35290923591056,15.432473705009164,34.02253581832858,34.764183300673,0.0,29.775939755895884,16.513374352189622
18.297367134576437,31.654424363627804,75.23940525395192,15.7661345089184,52.028857899358975,37.39749620413869,15.432175504972825,34.065449768728115,34.85532845499419,0.0,29.81855550625908,16.557961320417757
18.34392532066951,31.666757970038244,75.31625735722795,15.765024641160496,52.11915347680338,37.44208905898194,15.431875150033223,34.10837764726115,34.94647949593052,0.0,29.861183029852505,16.602554175261012
18.39048350676258,31.679045875287876,75.39316688454726,15.76391630367779,52.20945924685501,37.486687775266404,15.43157267072564,34.15131937304459,35.03763639830805,0.0,29.903822276328373,16.647152891545478
18.437041692855647,31.6912882826728,75.47013358253888,15.76280950394212,52.29977515196723,37.53129232795468,15.431268097228763,34.194274865824944,35.128799137089395,0.0,29.946473195611848,16.691757444233748
18.483599878948716,31.703485394638076,75.54715719895412,15.76170424923939,52.3901011350505,37.57590269214494,15.430961459368975,34.2372440459722,35.21996768737273,0.0,29.989135737899314,16.736367808424017
18.53015806504179,31.715637412778868,75.6242374826637,15.760600546672633,52.480437139467625,37.62051884307013,15.430652786624638,34.28022683447383,35.31114202439098,0.0,30.0318098536566,16.780983959349197
18.576716251134858,31.727744537841566,75.70137418365475,15.759498403165027,52.57078310902896,37.665140756096996,15.430342108130292,34.32322315292884,35.40232212351092,0.0,30.07449549361727,16.825605872376066
18.623274437227927,31.739806969725,75.77856705302806,15.758397825462872,52.661138987987876,37.709768406725374,15.430029452680868,34.36623292354195,35.493507960232364,0.0,30.11719260878095,16.87023352300444
18.669832623320996,31.751824907481666,75.85581584299513,15.75729882013848,52.751504721035985,37.754401770587236,15.429714848735742,34.40925606911773,35.5846995101873,0.0,30.159901150411603,16.914866886866303
18.71639080941407,31.763798549319006,75.93312030687508,15.756201393593042,52.84188025329872,37.799040823445885,15.429398324422822,34.45229251305488,35.67589674913902,0.0,30.20262107003584,16.959505939724956
18.762948995507138,31.775728092600744,76.01048019909184,15.755105552059458,52.9322655303308,37.84368554119513,15.429079907542562,34.49534217934057,35.76709965298134,0.0,30.245352319441263,17.004150657474202
18.809507181600207,31.78761373384823,76.08789527517096,15.754011301605093,53.02266049811178,37.88833589985843,15.428759625571875,34.53840499254479,35.85830819773771,0.0,30.288094850674803,17.048801016137503
18.856065367693276,31.799455668741892,76.16536529173665,15.752918648134512,53.1130651030417,37.93299187558811,15.428437505668084,34.581480877814855,35.94952235956045,0.0,30.330848616041074,17.093456991867175
18.902623553786345,31.811254092122628,76.24289000650863,15.751827597392147,53.20347929193678,37.97765344466446,15.428113574672729,34.624569760869846,36.04074211472988,0.0,30.373613568100726,17.138118560943532
18.949181739879414,31.82300919799335,76.32046917829909,15.750738154964951,53.29390301202516,38.02232058349505,15.427787859115412,34.66767156799527,36.131967439653536,0.0,30.416389659668827,17.182785699774122
18.995739925972483,31.83472117952045,76.39810256700949,15.749650326284971,53.38433621094263,38.0669932686138,15.42746038521751,34.71078622603761,36.22319831086536,0.0,30.45917684381326,17.22745838489287
19.042298112065556,31.84639022903542,76.47578993362742,15.748564116631911,53.474778836728596,38.11167147668026,15.427131178895898,34.75391366239905,36.31443470502487,0.0,30.501975073853092,17.27213659295932
19.088856298158625,31.858016538036438,76.5535310402234,15.74747953113565,53.56523083782187,38.156355184478755,15.426800265766623,34.79705380503226,36.40567659891645,0.0,30.544784303357023,17.316820300757822
19.135414484251694,31.869600297189965,76.6313256499477,15.746396574778677,53.65569216305665,38.20104436891766,15.426467671148478,34.84020658243515,36.49692396944843,0.0,30.587604486141768,17.36150948519673
19.181972670344763,31.8811416963325,76.70917352702699,15.745315252398562,53.746162761658596,38.245739007028575,15.426133420066613,34.88337192364579,36.588176793652416,0.0,30.630435576270532,17.40620412330765
19.228530856437832,31.89264092447218,76.78707443676124,15.744235568690295,53.836642583240796,38.290439075965544,15.425797537255988,34.926549758237265,36.67943504868245,0.0,30.6732775280514,17.450904192244614
19.275089042530904,31.904098169790643,76.8650281455203,15.743157528208698,53.92713157779992,38.33514455300431,15.425460047164943,34.96974001631277,36.77069871181428,0.0,30.716130296035853,17.495609669283382
19.321647228623974,31.9155136196447,76.94303442074063,15.74208113537066,54.01762969571234,38.3798554155415,15.425120973958512,35.01294262850051,36.86196776044454,0.0,30.75899383501717,17.540320531820573
19.368205414717043,31.926887460568206,77.02109303092199,15.741006394457488,54.108136887730375,38.424571641093934,15.424780341521918,35.056157525948905,36.95324217209004,0.0,30.80186810002896,17.585036757373004
19.41476360081012,31.938219878273866,77.09920374562404,15.73993330961708,54.198653104978504,38.46929320729779,15.424438173463823,35.099384640321645,37.04452192438698,0.0,30.844753046343612,17.629758323576862
19.461321786903188,31.949511057655126,77.17736633546305,15.738861884866166,54.289178298949686,38.51402009190793,15.424094493119707,35.14262390379296,37.13580699509018,0.0,30.88764862947081,17.674485208186997
19.507879972996257,31.96076118278805,77.25558057210841,15.737792124092453,54.379712421501694,38.55875227279707,15.423749323555061,35.18587524904283,37.2270973620724,0.0,30.93055480515603,17.719217389076142
19.554438159089326,31.971970436933287,77.3338462282793,15.736724031056767,54.470255424853505,38.603489727955136,15.42340268756865,35.229138609252296,37.31839300332353,0.0,30.973471529379083,17.763954844234203
19.600996345182395,31.98313900253798,77.4121630777412,15.735657609395131,54.56080726158173,38.648232435488424,15.423054607695647,35.27241391809881,37.409693896949896,0.0,31.0163987583526,17.808697551767498
19.647554531275464,31.994267061237796,77.49053089530248,15.734592862620856,54.651367884617095,38.69298037361897,15.422705106210818,35.315701109751664,37.50100002117351,0.0,31.059336448520614,17.853445489898043
19.694112717368533,32.005354793858906,77.56894945681093,15.733529794126532,54.74193724724097,38.73773352068375,15.422354205131565,35.3590001188674,37.59231135433136,0.0,31.102284556557102,17.89819863696282
19.740670903461602,32.016402380420075,77.64741853915025,15.732468407186063,54.83251530308193,38.782491855134,15.422001926221018,35.40231088058537,37.68362787487467,0.0,31.145243039364523,17.942956971413064
19.787229089554675,32.027410000134665,77.7259379202366,15.7314087049566,54.92310200611234,38.82725535553447,15.421648290991035,35.445633330523236,37.77494956136821,0.0,31.18821185407241,17.987720471813542
19.833787275647744,32.038377831412774,77.80450737901508,15.73035069048049,55.01369731064505,38.87202400056277,15.42129332070519,35.4889674047726,37.86627639248958,0.0,31.23119095803594,18.03248911684184
19.880345461740813,32.04930605186334,77.88312669545618,15.729294366687174,55.10430117133002,38.9167977690086,15.420937036381714,35.532313039894674,37.957608347028476,0.0,31.274180308834527,18.07726288528767
19.926903647833882,32.06019483829628,77.96179565055222,15.728239736395047,55.19491354315111,38.961576639773085,15.420579458796373,35.57567017291591,38.04894540388603,0.0,31.31717986427043,18.122041756052152
19.97346183392695,32.07104436672466,78.04051402631384,15.727186802313334,55.285534381422835,39.00636059186808,15.420220608485392,35.61903874132383,38.140287542074105,0.0,31.360189582367354,18.166825708147154
20.02002002002002,32.081854812366856,78.11928160576642,15.726135567043837,55.376163641787116,39.05114960441548,15.419860505748211,35.66241868306272,38.23163474071456,0.0,31.403209421369066,18.211614720694545
20.06657820611309,32.092626349648825,78.19809817294652,15.725086033082796,55.466801280210206,39.095943656646504,15.419499170650353,35.70580993652956,38.32298697903866,0.0,31.44623933973805,18.25640877292557
20.113136392206158,32.10335915220627,78.27696351289819,15.724038202822578,55.557447252979536,39.14074272790106,15.419136623026125,35.749212440569835,38.414344236386285,0.0,31.489279296154095,18.30120784418013
20.15969457829923,32.11405339288694,78.3558774116695,15.722992078553437,55.64810151670067,39.185546797627055,15.418772882481388,35.79262613447349,38.505706492205356,0.0,31.532329249513012,18.34601191390612
20.2062527643923,32.12470924375287,78.43483965630884,15.721947662465213,55.73876402829418,39.23035584537969,15.418407968396215,35.83605095797087,38.597073726051065,0.0,31.57538915892523,18.390820961658765
20.25281095048537,32.13532687608271,78.51385003486135,15.720904956648988,55.829434744992746,39.27516985082087,15.418041899927585,35.87948685122878,38.688445917585305,0.0,31.61845898371451,18.43563496709994
20.299369136578438,32.14590646037401,78.59290833636523,15.719863963098739,55.92011362433816,39.319988793718444,15.417674696011948,35.922933754846504,38.779823046575956,0.0,31.66153868341659,18.480453909997514
20.345927322671514,32.15644816634554,78.67201435084804,15.718824683712956,56.010800624178316,39.36481265394563,15.417306375367877,35.96639160985187,38.87120509289622,0.0,31.70462821777789,18.5252777702247
20.392485508764583,32.1669521629397,78.75116786932324,15.717787120296242,56.101495702664394,39.409641411480315,15.416936956498589,36.00986035769746,38.962592036523965,0.0,31.747727546754202,18.570106527759386
20.439043694857652,32.17741861832483,78.83036868378639,15.716751274560874,56.19219881824802,39.45447504640445,15.416566457694492,36.053339940256755,39.05398385754117,0.0,31.790836630509393,18.61494016268352
20.48560188095072,32.187847699897596,78.90961658721143,15.715717148128341,56.282909929678354,39.499313538903344,15.416194897035659,36.09683029982032,39.14538053613314,0.0,31.833955429414118,18.659778655182418
20.53216006704379,32.19823957428543,78.98891137354708,15.714684742530872,56.373628995999326,39.5441568692651,15.415822292394296,36.1403313790921,39.23678205258796,0.0,31.877083904044547,18.704621985544165
20.57871825313686,32.20859440734891,79.06825283771323,15.71365405921293,56.46435597654689,39.589005017879906,15.4154486614372,36.18384312118575,39.32818838729584,0.0,31.920222015181093,18.749470134158976
20.62527643922993,32.21891236418423,79.14764077559704,15.712625099532678,56.55509083094627,39.63385796523947,15.415074021628117,36.22736546962089,39.41959952074848,0.0,31.963369723807155,18.794323081518538
20.671834625322997,32.22919360912561,79.22707498404945,15.711597864763439,56.645833519109296,39.67871569193636,15.414698390230157,36.27089836831957,39.51101543353843,0.0,32.006526991107876,18.839180808215435
20.71839281141607,32.23943830574778,79.30655526088134,15.710572356095097,56.73658400123169,39.723578178663395,15.414321784308113,36.314441761602616,39.60243610635854,0.0,32.04969377846887,18.88404329494247
20.76495099750914,32.24964661686848,79.38608140485988,15.709548574635534,56.827342237790496,39.76844540621301,15.413944220730764,36.35799559418613,39.69386152000122,0.0,32.09287004747504,18.928910522492085
20.811509183602208,32.25981870455089,79.4656532157048,15.708526521411974,56.91810818954138,39.81331735547668,15.413565716173197,36.401559811177954,39.78529165535795,0.0,32.13605575990929,18.973782471755747
20.858067369695277,32.26995473010618,79.54527049408465,15.70750619737236,57.00888181751614,39.85819400744425,15.413186287119006,36.44513435807421,39.876726493418595,0.0,32.179250877751365,19.018659123723317
20.904625555788346,32.28005485409603,79.62493304161312,15.706487603386714,57.09966308302012,39.90307534320341,15.412805949862596,36.48871918075588,39.96816601527083,0.0,32.222455363176614,19.063540459482482
20.951183741881415,32.290119236335144,79.70464066084527,15.705470740248394,57.19045194762968,39.94796134393904,15.412424720511305,36.532314225485365,40.05961020209953,0.0,32.26566917855481,19.108426460218116
20.997741927974484,32.300148035893784,79.7843931552738,15.704455608675458,57.281248373189804,39.992851990932635,15.412042614987627,36.575919438903156,40.151059035186194,0.0,32.308892286448916,19.153317107211706
21.044300114067557,32.31014141110033,79.8641903293254,15.703442209311886,57.37205232181151,40.0377472655617,15.41165964903134,36.61953476802449,40.24251249590833,0.0,32.35212464961397,19.198212381840765
21.090858300160626,32.32009951954387,79.9440319883568,15.702430542728871,57.462863755869456,40.08264714929916,15.41127583820163,36.66316016023607,40.333970565738866,0.0,32.39536623099584,19.243112265578237
21.137416486253695,32.33002251807671,80.02391793865128,15.701420609426032,57.553682637999636,40.12755162371283,15.410891197879184,36.706795563292786,40.4254332262456,0.0,32.43861699373011,19.288016739991907
21.183974672346768,32.339910562817025,80.10384798741481,15.700412409832648,57.64450893109687,40.17246067046476,15.410505743268248,36.75044092531451,40.5169004590906,0.0,32.4818769011409,19.332925786743832
21.23053285843984,32.34976380915143,80.18382194277231,15.699405944308845,57.735342598312585,40.21737427131072,15.410119489398696,36.794096194782895,40.60837224602962,0.0,32.525145916739724,19.377839387589784
21.27709104453291,32.35958241173756,80.26383961376385,15.698401213146758,57.826183603052336,40.26229240809955,15.409732451127994,36.83776132053819,40.69984856891153,0.0,32.56842400422432,19.422757524378614
21.32364923062598,32.3693665245067,80.343900810341,15.697398216571735,57.917031908973655,40.30721506277269,15.40934464314325,36.88143625177616,40.791329409677736,0.0,32.61171112747755,19.467680179051765
21.370207416719047,32.379116300666425,80.42400534336308,15.696396954743452,58.00788747998374,40.3521422173636,15.408956079963156,36.92512093804499,40.88281475036171,0.0,32.655007250566285,19.512607333642666
21.416765602812116,32.38883189270319,80.50415302459334,15.695397427757023,58.09875028023718,40.39707385399711,15.408566775939914,36.96881532924217,40.97430457308828,0.0,32.69831233774023,19.55753897027617
21.463323788905186,32.39851345238499,80.58434366669522,15.694399635644144,58.18962027413374,40.44200995488894,15.40817674526118,37.01251937561152,41.0657988600732,0.0,32.74162635343084,19.602475071168016
21.509881974998255,32.408161130764,80.6645770832287,15.69340357837415,58.28049742631623,40.486950502345195,15.407786001951957,37.05623302774016,41.15729759362251,0.0,32.78494926225026,19.64741561862426
21.556440161091324,32.41777507817922,80.74485308864644,15.692409255855093,58.37138170166825,40.531895478761676,15.40739455987644,37.09995623655558,41.24880075613206,0.0,32.828281028990155,19.69236059504074
21.602998347184396,32.42735544425914,80.82517149829012,15.691416667934831,58.46227306531212,40.576844866623475,15.40700243273991,37.143688953322645,41.34030833008694,0.0,32.871621618620686,19.73730998290254
21.649556533277465,32.43690237792441,80.90553212838662,15.690425814402019,58.553171482606686,40.62179864850435,15.406609634090517,37.18743112964073,41.43182029806089,0.0,32.914970996289384,19.782263764783423
21.696114719370534,32.446416027390484,80.98593479604435,15.689436694987176,58.64407691914532,40.66675680706625,15.406216177321117,37.231182717440845,41.52333664271585,0.0,32.9583291273201,19.82722192334532
21.742672905463603,32.4558965401703,81.06637931924942,15.688449309363648,58.73498934075374,40.711719325058695,15.405822075671026,37.274943668982765,41.61485734680137,0.0,33.00169597721193,19.87218444133777
21.789231091556676,32.465344063076984,81.14686551686205,15.687463657148648,58.82590871348806,40.75668618531835,15.4054273422278,37.318713936852234,41.7063823931541,0.0,33.04507151163816,19.917151301597418
21.835789277649745,32.47475874222653,81.22739320861265,15.686479737904191,58.91683500363264,40.80165737076841,15.405031989928963,37.362493473958125,41.797911764697226,0.0,33.08845569644523,19.962122487047484
21.882347463742814,32.48414072304044,81.3079622150982,15.685497551138093,59.00776817769823,40.84663286441816,15.404636031563744,37.406282233529765,41.88944544444005,0.0,33.13184849765165,20.00709798069723
21.928905649835883,32.49349015024851,81.38857235777857,15.684517096304887,59.098708202419864,40.89161264936238,15.40423947977474,37.45008016911413,41.98098341547733,0.0,33.17524988144701,20.052077765641446
21.975463835928952,32.50280716789143,81.46922345897264,15.683538372806767,59.18965504475498,40.936596708780876,15.403842347059618,37.493887234573165,42.072525660988894,0.0,33.21865981419092,20.09706182505994
22.02202202202202,32.512091919323545,81.54991534185463,15.682561379994494,59.28060867188136,40.98158502593793,15.40344464577275,37.537703384081084,42.16407216423902,0.0,33.262078262411976,20.142050142217
22.068580208115094,32.521344547215556,81.63064783045054,15.681586117168347,59.37156905119542,41.02657758418189,15.403046388126889,37.58152857212178,42.25562290857604,0.0,33.305505192806805,20.18704270046095
22.115138394208163,32.53056519355717,81.71142074963416,15.680612583578931,59.46253615031007,41.071574366944496,15.402647586194712,37.62536275348612,42.34717787743173,0.0,33.34894057223897,20.232039483223566
22.161696580301236,32.53975399965992,81.79223392512357,15.679640778428135,59.55350993705303,41.11657535774058,15.40224825191051,37.66920588326942,42.43873705432089,0.0,33.392384367738075,20.27704047401965
22.208254766394305,32.54891110615976,81.87308718347735,15.678670700869937,59.64449037946485,41.1615805401674,15.401848397071673,37.71305791686881,42.53030042284077,0.0,33.43583654649862,20.322045656446463
22.254812952487374,32.55803665301985,81.9539803520909,15.677702350011279,59.73547744579714,41.20658989790421,15.401448033340303,37.756918809980746,42.62186796667065,0.0,33.47929707587919,20.36705501418328
22.301371138580443,32.567130779533244,82.03491325919272,15.676735724912895,59.82647110451074,41.251603414711816,15.401047172244741,37.800788518598445,42.71343966957133,0.0,33.52276592340132,20.412068530990883
22.347929324673515,32.57619362432563,82.1158857338407,15.675770824590138,59.91747132427386,41.296621074432004,15.400645825181073,37.844666999009426,42.80501551538459,0.0,33.56624305674863,20.45708619071107
22.394487510766584,32.58522532535804,82.19689760591851,15.674807648013793,60.00847807396043,41.341642860987115,15.400244003414647,37.88855420779299,42.89659548803276,0.0,33.60972844376578,20.50210797726618
22.441045696859653,32.59422601992955,82.27794870613185,15.673846194110872,60.09949132264822,41.38666875837954,15.399841718081564,37.93245010181788,42.98817957151826,0.0,33.65322205245758,20.547133874658616
22.487603882952723,32.60319584468004,82.35903886600481,15.672886461765387,60.19051103961714,41.43169875069126,15.399438980190105,37.9763546382397,43.079767749923064,0.0,33.69672385098794,20.592163866970335
22.53416206904579,32.612134935592856,82.44016791787614,15.671928449819132,60.28153719434754,41.47673282208334,15.399035800622212,38.02026777449867,43.171360007408204,0.0,33.74023380767902,20.63719793836241
22.58072025513886,32.62104342799761,82.52133569489568,15.67097215707247,60.372569756518494,41.52177095679548,15.39863219013492,38.06418946831718,43.262956328213406,0.0,33.78375189101024,20.682236073074552
22.62727844123193,32.62992145657284,82.60254203102062,15.670017582285036,60.46360869600609,41.566813139145566,15.39822815936175,38.10811967769744,43.354556696656566,0.0,33.827278069617336,20.727278255424633
22.673836627325002,32.638769155348754,82.6837867610119,15.669064724176518,60.5546539828818,41.61185935352916,15.39782371881412,38.1520583609192,43.44616109713323,0.0,33.87081231229146,20.77232446980823
22.72039481341807,32.64758665770996,82.76506972043053,15.66811358142735,60.6457055874108,41.65690958441908,15.397418878882714,38.19600547653737,43.53776951411622,0.0,33.91435458797823,20.81737470069815
22.76695299951114,32.65637409639815,82.84639074563403,15.667164152679462,60.73676348005037,41.70196381636492,15.397013649838858,38.23996098337984,43.62938193215513,0.0,33.95790486577683,20.86242893264399
22.81351118560421,32.66513160351489,82.92774967377261,15.666216436536944,60.82782763144823,41.747022033992586,15.396608041835844,38.283924840545126,43.72099833587587,0.0,34.0014631149391,20.90748715027166
22.86006937169728,32.673859310524236,83.00914634278587,15.665270431566777,60.91889801244099,41.792084222003886,15.396202064910284,38.327897007400196,43.812618709980235,0.0,34.04502930486862,20.952549338282953
22.90662755779035,32.682557348255564,83.09058059139879,15.664326136299502,61.00997459405254,41.83715036517602,15.395795728983423,38.37187744357826,43.904243039245436,0.0,34.08860340511983,20.99761548145509
22.95318574388342,32.691225846906214,83.1720522591185,15.663383549229895,61.101057347492485,41.88222044836119,15.395389043862409,38.415866108976545,43.99587130852368,0.0,34.132185385397094,21.04268556464026
22.99974392997649,32.699864936044186,83.25356118623037,15.662442668817611,61.19214624415462,41.92729445648612,15.394982019241604,38.45986296375414,44.087503502741676,0.0,34.175775215553884,21.087759572765187
23.046302116069562,32.70847474461094,83.33510721379466,15.661503493487883,61.28324125561539,41.97237237455164,15.394574664703857,38.50386796832985,44.179139606900264,0.0,34.21937286559186,21.132837490830706
23.09286030216263,32.717055400924025,83.41669018364276,15.660566021632118,61.37434235363235,42.01745418763223,15.39416698972174,38.54788108338009,44.27077960607393,0.0,34.26297830565997,21.177919303911303
23.1394184882557,32.72560703267982,83.49830993837372,15.65963025160854,61.46544951014266,42.062539880875605,15.393759003658767,38.59190226983674,44.362423485410375,0.0,34.30659150605364,21.22300499715467
23.18597667434877,32.73412976695621,83.57996632135062,15.658696181742833,61.55656269726167,42.107629439502254,15.393350715770662,38.63593148888508,44.45407123013009,0.0,34.35021243721388,21.26809455578132
23.23253486044184,32.74262373021535,83.66165917669707,15.657763810328737,61.647681887281365,42.15272284880505,15.392942135206537,38.67996870196172,44.545722825525964,0.0,34.3938410697264,21.31318796508412
23.27909304653491,32.751089048306305,83.74338834929361,15.656833135628656,61.73880705266893,42.19782009414879,15.392533271010093,38.72401387075258,44.63737825696277,0.0,34.437477374320814,21.358285210427862
23.32565123262798,32.75952584646775,83.82515368477418,15.655904155874255,61.829938166065354,42.2429211609698,15.392124132120802,38.76806695719084,44.72903750987686,0.0,34.48112132186978,21.403386277248877
23.37220941872105,32.7679342493307,83.90695502952263,15.654976869267047,61.92107520028397,42.28802603477551,15.391714727375065,38.8121279234549,44.82070056977563,0.0,34.52477288338812,21.44849115105458
23.418767604814118,32.776314380921185,83.98879223066916,15.65405127397897,62.01221812830906,42.333134701144004,15.391305065507387,38.85619673196651,44.9123674222372,0.0,34.56843203003204,21.49359981742308
23.465325790907187,32.7846663646629,84.07066513608676,15.653127368152939,62.103366923294395,42.37824714572366,15.390895155151478,38.900273345388655,45.00403805290993,0.0,34.61209873309828,21.538712262002733
23.511883977000256,32.79299032337993,84.15257359438779,15.652205149903429,62.19452155856196,42.4233633542327,15.390485004841405,38.944357726623714,45.095712447512014,0.0,34.65577296402327,21.58382847051176
23.558442163093325,32.80128637929943,84.23451745492044,15.651284617317021,62.28568200760052,42.468483312458766,15.39007462301271,38.9884498388115,45.18739059183117,0.0,34.69945469438235,21.62894842873784
23.605000349186398,32.80955465405424,84.3164965677653,15.65036576845293,62.376848244064284,42.5136070062586,15.389664018003472,39.03254964532733,45.279072471724064,0.0,34.74314389588894,21.674072122537673
23.651558535279467,32.81779526868564,84.39851078373177,15.649448601343554,62.46802024177153,42.55873442155754,15.389253198055439,39.076657109780164,45.37075807311607,0.0,34.78684054039375,21.719199537836605
23.698116721372536,32.82600834364595,84.48055995435467,15.648533113994981,62.559197974703316,42.603865544349155,15.388842171315055,39.12077219601071,45.46244738200076,0.0,34.830544599883915,21.76433066062822
23.744674907465605,32.83419399880122,84.56264393189088,15.64761930438755,62.650381417002215,42.649000360694885,15.388430945834562,39.164894868089604,45.554140384439556,0.0,34.87425604648231,21.80946547697395
23.791233093558677,32.842352353433874,84.64476256931565,15.646707170476308,62.741570542970884,42.6941388567236,15.38801952957302,39.20902509031551,45.64583706656135,0.0,34.91797485244667,21.854603973002668
23.837791279651746,32.85048352624537,84.72691572031941,15.645796710191547,62.83276532707089,42.739281018631225,15.387607930397355,39.25316282721334,45.73753741456204,0.0,34.961700990168836,21.899746134910295
23.884349465744815,32.85858763535883,84.80910323930415,15.644887921439274,62.92396574392138,42.784426832680325,15.387196156083364,39.29730804353247,45.829241414704214,0.0,35.00543443217398,21.944891948959395
23.930907651837884,32.86666479832171,84.89132498138018,15.643980802101725,63.01517176829784,42.829576285199785,15.386784214316755,39.34146070424493,45.92094905331674,0.0,35.04917515111982,21.990041401478855
23.977465837930954,32.8747151321084,84.97358080236262,15.643075350037824,63.10638337513085,42.87472936258434,15.386372112694119,39.385620774543604,46.01266031679437,0.0,35.09292311979586,22.035194478863406
24.02402402402403,32.882738753122894,85.05587055876796,15.642171563083679,63.19760053950485,42.91988605129426,15.385959858723943,39.42978821984056,46.10437519159736,0.0,35.136678311122644,22.080351167573337
24.0705822101171,32.89073577720137,85.13819410781082,15.641269439053007,63.288823236656874,42.96504633785494,15.385547459827556,39.47396300576523,46.19609366425111,0.0,35.180440698150925,22.12551145413401
24.117140396210168,32.89870631961485,85.22055130740048,15.640368975737633,63.38005144197539,43.01021020885651,15.385134923340116,39.518145098162734,46.287815721345744,0.0,35.22421025406099,22.17067532513558
24.163698582303237,32.906650495071794,85.30294201613751,15.639470170907916,63.47128513099908,43.055377650953496,15.384722256511562,39.56233446309219,46.3795413495358,0.0,35.2679869521619,22.21584276723257
24.210256768396306,32.91456841772071,85.38536609331048,15.638573022313208,63.56252427941566,43.10054865086443,15.384309466507538,39.60653106682502,46.4712705355398,0.0,35.31177076589069,22.261013767143503
24.256814954489375,32.92246020115273,85.46782339889253,15.637677527682278,63.65376886306067,43.145723195371474,15.383896560410351,39.65073487584321,46.563003266139916,0.0,35.35556166881171,22.306188311650544
24.303373140582444,32.93032595840428,85.55031379353818,15.636783684723758,63.74501885791637,43.19090127132007,15.383483545219875,39.694945856837805,46.65473952818157,0.0,35.39935963461583,22.351366387599136
24.349931326675513,32.938165801959585,85.63283713857982,15.635891491126552,63.83627424011053,43.23608286561855,15.383070427854452,39.73916397670712,46.74647930857312,0.0,35.44316463711971,22.396547981897612
24.396489512768586,32.94597984375329,85.71539329602462,15.635000944560264,63.92753498591531,43.281267965237795,15.382657215151808,39.783389202555185,46.83822259428545,0.0,35.48697665026513,22.441733081516862
24.443047698861655,32.95376819517305,85.79798212855101,15.634112042675598,64.01880107174613,43.32645655721086,15.382243913869928,39.827621501690146,46.929969372351586,0.0,35.53079564811821,22.486921673489935
24.489605884954724,32.96153096706205,85.8806034995056,15.633224783104785,64.11007247416053,43.37164862863266,15.381830530687958,39.87186084162265,47.02171962986646,0.0,35.574621604868746,22.532113744911733
24.536164071047793,32.96926826972167,85.96325727289977,15.632339163461962,64.20134916985715,43.41684416665956,15.381417072207045,39.916107190064274,47.11347335398642,0.0,35.61845449482946,22.577309282938625
24.582722257140862,32.9769802129139,86.04594331340647,15.631455181343568,64.29263113567447,43.46204315850902,15.381003544951202,39.960360514925966,47.20523053192895,0.0,35.66229429243531,22.622508274788085
24.629280443233935,32.98466690586402,86.12866148635692,15.630572834328731,64.38391834858986,43.507245591459295,15.380589955368169,40.004620784316494,47.2969911509723,0.0,35.70614097224281,22.66771070773837
24.675838629327004,32.992328457263035,86.2114116577374,15.629692119979657,64.47521078571847,43.552451452849056,15.380176309830228,40.048887966540896,47.38875519845514,0.0,35.74999450892927,22.712916569128133
24.722396815420073,32.99996497527034,86.2941936941861,15.628813035841999,64.56650842431212,43.59766073007706,15.379762614635062,40.09316203009897,47.48052266177619,0.0,35.79385487729219,22.758125846356126
24.768955001513145,33.00757656751609,86.37700746298977,15.627935579445225,64.6578112417583,43.64287341060176,15.379348876006551,40.13744294368383,47.572293528393985,0.0,35.837722052248516,22.803338526880832
24.815513187606214,33.01516334110386,86.4598528320805,15.627059748302985,64.74911921557906,43.68808948194103,15.378935100095577,40.181730676180244,47.66406778582631,0.0,35.88159600883397,22.84855459822009
24.862071373699283,33.02272540261309,86.54272967003277,15.626185539913466,64.84043232343005,43.733308931671765,15.378521292980848,40.226025196663386,47.755845421650115,0.0,35.92547672220237,22.893774047950828
24.908629559792352,33.03026285810162,86.6256378460599,15.62531295175975,64.93175054309945,43.7785317474296,15.378107460669671,40.270326474397166,47.847626423501026,0.0,35.96936416762498,22.938996863708667
24.95518774588542,33.03777581310815,86.70857723001127,15.624441981310152,65.02307385250693,43.823757916908534,15.377693609098737,40.31463447883292,47.939410779073036,0.0,36.0132583204898,22.984223033187607
25.00174593197849,33.04526437265478,86.79154769236884,15.62357262601857,65.1144022297027,43.86898742786063,15.377279744134896,40.35894917960789,48.031198476118206,0.0,36.057159156300926,23.02945254413971
25.04830411807156,33.052728641249495,86.87454910424418,15.62270488332483,65.20573565286651,43.914220268095676,15.376865871575916,40.40327054654386,48.1229895024463,0.0,36.101066650677915,23.07468538437474
25.09486230416463,33.06016872288858,86.9575813373753,15.62183875065499,65.29707410030656,43.95945642548077,15.376451997151243,40.44759854964568,48.21478384592447,0.0,36.14498077935506,23.119921541759844
25.141420490257705,33.06758472105916,87.04064426412353,15.62097422542169,65.38841755045868,44.00469588794019,15.376038126522747,40.491933159099915,48.30658149447696,0.0,36.1889015181808,23.165161004219257
25.187978676350774,33.074976738741654,87.12373775747035,15.62011130502447,65.47976598188521,44.049938643454844,15.375624265285463,40.53627434527345,48.39838243608468,0.0,36.232828843117055,23.210403759733914
25.234536862443843,33.08234487841219,87.20686169101442,15.619249986850086,65.57111937327419,44.09518468006213,15.37521041896831,40.580622078712125,48.49018665878505,0.0,36.27676273023857,23.255649796341206
25.281095048536912,33.08968924204506,87.29001593896834,15.61839026827282,65.66247770343824,44.14043398585553,15.37479659303482,40.62497633013934,48.58199415067151,0.0,36.320703155732296,23.3008991021346
25.32765323462998,33.09700993111521,87.3732003761557,15.617532146654776,65.7538409513138,44.185686548984286,15.374382792883845,40.66933707045475,48.67380489989334,0.0,36.364650095896735,23.34615166526336
25.37421142072305,33.1043070466006,87.45641487800795,15.616675619346198,65.84520909596002,44.23094235765311,15.373969023850274,40.71370427073291,48.76561889465523,0.0,36.40860352714132,23.39140747393218
25.42076960681612,33.11158068898468,87.5396593205614,15.615820683685776,65.93658211655799,44.27620140012188,15.373555291205712,40.75807790222194,48.85743612321707,0.0,36.45256342598578,23.43666651640095
25.467327792909195,33.118830958258776,87.62293358045416,15.614967337000895,66.0279599924097,44.321463664705306,15.373141600159178,40.802457936342236,48.949256573893564,0.0,36.496529769059556,23.481928780984376
25.513885979002264,33.126057953924516,87.70623753492306,15.614115576607992,66.11934270293725,44.366729139772616,15.372727955857796,40.846844344685174,49.04108023505394,0.0,36.54050253310111,23.52719425605169
25.560444165095333,33.13326177499621,87.78957106180067,15.613265399812775,66.2107302276818,44.411997813747284,15.372314363387444,40.891237099011796,49.13290709512169,0.0,36.58448169495738,23.572462930026358
25.607002351188402,33.14044252000324,87.87293403951247,15.612416803910543,66.30212254630284,44.4572696751067,15.371900827773445,40.935636171251545,49.22473714257417,0.0,36.62846723158314,23.617734791385768
25.65356053728147,33.147600286992486,87.95632634707353,15.611569786186442,66.39351963857723,44.50254471238185,15.3714873539812,40.98004153350102,49.31657036594239,0.0,36.672459120040365,23.663009828660915
25.70011872337454,33.15473517353062,88.0397478640858,15.610724343915747,66.48492148439834,44.547822914157045,15.371073946916857,41.0244531580227,49.40840675381065,0.0,36.716457337497694,23.70828803043612
25.74667690946761,33.16184727670654,88.12319847073502,15.609880474364116,66.57632806377512,44.59310426906963,15.37066061142794,41.068871017243694,49.5002462948163,0.0,36.760461861229786,23.753569385348694
25.79323509556068,33.1689366931337,88.20667804778788,15.60903817478788,66.66773935683138,44.63838876580963,15.37024735230401,41.11329508375457,49.592088977649375,0.0,36.804472668616725,23.798853882088697
25.83979328165375,33.17600351895248,88.29018647658891,15.608197442434275,66.75915534380479,44.68367639311953,15.36983417427726,41.15772533030804,49.683934791052344,0.0,36.848489737143446,23.8441415093986
25.88635146774682,33.18304784983246,88.3737236390577,15.607358274541692,66.85057600504614,44.72896713979391,15.369421082023154,41.20216172981785,49.7757837238198,0.0,36.892513044399145,23.889432256072983
25.93290965383989,33.19006978097486,88.45728941768591,15.606520668339963,66.94200132101847,44.77426099467922,15.369008080161043,41.246604255357504,49.86763576479817,0.0,36.936542568076675,23.934726110958284
25.97946783993296,33.19706940711474,88.5408836955344,15.605684621050568,67.03343127229626,44.81955794667341,15.368595173254752,41.29105288015911,49.95949090288544,0.0,36.980578285972,23.98002306295248
26.026026026026027,33.204046822523445,88.62450635623038,15.604850129886918,67.12486583956458,44.864857984725745,15.368182365813235,41.33550757761223,50.05134912703085,0.0,37.02462017598361,24.02532310100482
26.072584212119096,33.211002121010786,88.70815728396441,15.604017192054563,67.21630500361832,44.910161097836436,15.367769662291087,41.37996832126268,50.1432104262346,0.0,37.06866821611192,24.070626214115507
26.119142398212166,33.217935395927434,88.79183636348765,15.603185804751433,67.30774874536131,44.95546727505638,15.367357067089207,41.42443508481138,50.23507478954761,0.0,37.11272238445873,24.115932391335445
26.165700584305235,33.22484674016714,88.87554348010893,15.602355965168078,67.39919704580565,45.00077650548687,15.366944584555316,41.46890784211318,50.32694220607117,0.0,37.156782659226636,24.161241621765935
26.212258770398307,33.231736246169056,88.95927851969199,15.601527670487913,67.49064988607081,45.04608877827936,15.366532218984595,41.51338656717582,50.41881266495675,0.0,37.20084901871855,24.206553894558432
26.258816956491376,33.23860400592,89.04304136865255,15.600700917887384,67.58210724738285,45.091404082635115,15.366119974620178,41.557871234158675,50.510686155405566,0.0,37.244921441337,24.251869198914186
26.305375142584445,33.245450110956725,89.12683191395558,15.599875704536275,67.67356911107373,45.136722407804996,15.36570785565379,41.60236181737175,50.60256266666852,0.0,37.28899990558368,24.297187524084066
26.351933328677518,33.25227465236812,89.21065004311251,15.599052027597855,67.76503545858044,45.182043743089146,15.365295866226246,41.64685829127453,50.694442188045734,0.0,37.33308439005891,24.342508859368216
26.398491514770587,33.25907772079754,89.29449564417826,15.598229884229115,67.85650627144435,45.22736807783672,15.364884010428009,41.69136063047486,50.78632470888638,0.0,37.37717487346101,24.387833194115796
26.445049700863656,33.26585940644499,89.37836860574868,15.59740927158101,67.94798153131033,45.27269540144567,15.364472292299768,41.73586880972791,50.8782102185884,0.0,37.421271334585825,24.43316051772474
26.491607886956725,33.272619799069325,89.46226881695773,15.59659018679861,68.03946121992612,45.31802570336236,15.364060715832919,41.78038280393508,50.97009870659816,0.0,37.465373752326144,24.478490819641433
26.538166073049794,33.27935898799054,89.54619616747463,15.595772627021354,68.13094531914149,45.36335897308142,15.36364928497014,41.824902588142905,51.06199016241029,0.0,37.50948210567119,24.523824089360488
26.584724259142867,33.28607706209196,89.6301505475012,15.59495658938323,68.22243381090759,45.40869520014541,15.363238003605906,41.869428137542045,51.153884575567346,0.0,37.55359637370609,24.569160316424483
26.631282445235936,33.29277410982237,89.71413184776905,15.594142071012955,68.31392667727614,45.45403437414454,15.362826875586965,41.913959427466175,51.24578193565955,0.0,37.59771653561129,24.614499490423615
26.677840631329005,33.2994502191983,89.798139959537,15.593329069034228,68.40542390039874,45.49937648471649,15.362415904712933,41.95849643339104,51.33768223232456,0.0,37.64184257066212,24.65984160099556
26.724398817422074,33.30610547780618,89.8821747745883,15.592517580565866,68.49692546252626,45.54472152154606,15.36200509473672,42.00303913093333,51.429585455247214,0.0,37.68597445822819,24.705186637825133
26.770957003515143,33.31273997280446,89.9662361852278,15.591707602722003,68.58843134600794,45.59006947436497,15.361594449365075,42.04758749584971,51.52149159415918,0.0,37.73011217777293,24.750534590644037
26.817515189608212,33.31935379092586,90.05032408427955,15.590899132612314,68.67994153329079,45.63542033295155,15.361183972259077,42.0921415040358,51.61340063883883,0.0,37.77425570885302,24.795885449230617
26.86407337570128,33.32594701847948,90.13443836508391,15.590092167342139,68.77145600691892,45.68077408713054,15.360773667034609,42.13670113152517,51.70531257911089,0.0,37.818405031117926,24.841239203409604
26.910631561794357,33.33251974135294,90.21857892149497,15.589286704012736,68.86297474953285,45.7261307267728,15.36036353726287,42.18126635448835,51.79722740484622,0.0,37.86256012430936,24.886595843051865
26.957189747887426,33.339072045014525,90.30274564787786,15.588482739721366,68.9544977438687,45.771490241795036,15.35995358647081,42.225837149231815,51.889145105961525,0.0,37.90672096826077,24.9319553580741
27.003747933980495,33.34560401451534,90.3869384391062,15.58768027156156,69.04602497275766,45.816852622159615,15.359543818141661,42.27041349219707,51.98106567241918,0.0,37.950887542896865,24.977317738438682
27.050306120073564,33.352115734491406,90.47115719055944,15.586879296623252,69.13755641912529,45.86221785787427,15.359134235715365,42.31499535995961,52.0729890942269,0.0,37.99505982823312,25.02268297415334
27.096864306166633,33.358607289165775,90.55540179812023,15.58607981199292,69.22909206599077,45.90758593899184,15.358724842589039,42.35958272922801,52.164915361437544,0.0,38.03923780437519,25.068051055270914
27.143422492259702,33.365078762350635,90.6396721581718,15.585281814753808,69.32063189646632,45.95295685561006,15.358315642117457,42.40417557684297,52.25684446414884,0.0,38.08342145151857,25.113421971889135
27.189980678352775,33.3715302374494,90.7239681675955,15.584485301986051,69.41217589375654,45.998330597871295,15.357906637613489,42.44877387977633,52.34877639250313,0.0,38.127610749947955,25.158795714150365
27.236538864445844,33.377961797458795,90.80828972376807,15.583690270766844,69.50372404115771,46.04370715596228,15.357497832348537,42.49337761513017,52.440711136687185,0.0,38.171805680036854,25.204172272241347
27.283097050538917,33.384373524970954,90.8926367245592,15.582896718170618,69.59527632205722,46.089086520113916,15.357089229553011,42.53798676013591,52.53264868693191,0.0,38.21600622224705,25.249551636392987
27.329655236631986,33.390765502175434,90.9770090683289,15.58210464126917,69.68683271993284,46.134468680601,15.356680832416727,42.58260129215329,52.62458903351206,0.0,38.260212357128154,25.29493379688007
27.376213422725055,33.39713781086133,91.061406653925,15.581314037131834,69.77839321835215,46.17985362774199,15.356272644089367,42.62722118866958,52.71653216674612,0.0,38.304424065317086,25.34031874402107
27.422771608818124,33.4034905324193,91.14582938068065,15.580524902825648,69.86995780097197,46.22524135189881,15.355864667680919,42.67184642729858,52.808478076996,0.0,38.348641327537635,25.385706468177883
27.469329794911193,33.409823747843575,91.23027714841179,15.579737235415449,69.9615264515376,46.27063184347652,15.355456906262049,42.7164769857798,52.90042675466678,0.0,38.39286412459999,25.43109695975559
27.515887981004262,33.41613753773406,91.31474985741463,15.578951031964095,70.05309915388227,46.316025092923184,15.3550493628646,42.76111284197751,52.992378190206516,0.0,38.43709243740025,25.476490209202254
27.56244616709733,33.422431982298285,91.39924740846317,15.578166289532538,70.14467589192661,46.36142109072957,15.354642040481925,42.80575397387988,53.08433237410597,0.0,38.481326246919956,25.521886207008638
27.6090043531904,33.42870716135345,91.48376970280675,15.577383005180009,70.23625664967788,46.40681982742894,15.354234942069354,42.85040035959813,53.17628929689841,0.0,38.52556553422563,25.567284943708014
27.655562539283473,33.43496315432844,91.56831664216757,15.576601175964145,70.32784141122954,46.452221293596835,15.353828070544566,42.89505197736563,53.26824894915939,0.0,38.569810280468346,25.61268640987591
27.702120725376542,33.44120004026579,91.65288812873816,15.57582079894114,70.4194301607605,46.49762547985081,15.353421428788026,42.939708805537066,53.36021132150643,0.0,38.61406046688323,25.658090596129888
27.74867891146961,33.4474178978237,91.73748406517913,15.575041871165842,70.51102288253466,46.543032376850256,15.353015019643337,42.98437082258755,53.45217640459894,0.0,38.65831607478902,25.70349749312932
27.79523709756268,33.453616805277974,91.82210435461653,15.574264389691935,70.60261956090025,46.588441975296085,15.35260884591766,43.02903800711183,53.54414418913784,0.0,38.702577085587635,25.748907091575155
27.84179528365575,33.45979684052404,91.90674890063958,15.573488351572038,70.69422018028925,46.633854265930644,15.352202910382115,43.07371033782343,53.63611466586548,0.0,38.74684348076369,25.794319382209718
27.888353469748818,33.46595808107887,91.9914176072982,15.572713753857844,70.7858247252169,46.67926923953737,15.351797215772127,43.11838779355379,53.728087825565254,0.0,38.79111524188406,25.83973435581644
27.934911655841887,33.47210060408294,92.0761103791006,15.57194059360025,70.87743318028097,46.72468688694062,15.351391764787847,43.16307035325149,53.820063659061574,0.0,38.83539235059748,25.885152003219684
27.981469841934956,33.478224486302175,92.160827121011,15.57116886784947,70.96904553016138,46.77010719900542,15.350986560094483,43.2077579959814,53.91204215721945,0.0,38.87967478863403,25.930572315284493
28.028028028028036,33.48432980412987,92.24556773844711,15.570398573655169,71.06066175961949,46.81553016663733,15.350581604322718,43.252450700923916,54.00402331094443,0.0,38.92396253780477,25.975995282916397
28.074586214121105,33.49041663358865,92.33033213727789,15.569629708066584,71.15228185349763,46.860955780782106,15.350176900069046,43.29714844737406,54.09600711118228,0.0,38.968255580001255,26.021420897061176
28.121144400214174,33.496485050332325,92.41512022382112,15.56886226813263,71.24390579671848,46.906384032425564,15.34977244989614,43.34185121474082,54.18799354891881,0.0,39.01255389719509,26.066849148704637
28.167702586307243,33.50253512964783,92.49993190484116,15.568096250902029,71.33553357428465,46.95181491259334,15.349368256333213,43.38655898254623,54.27998261517965,0.0,39.05685747143758,26.112280028872412
28.214260772400312,33.50856694645716,92.58476708754657,15.567331653423429,71.42716517127798,46.9972484123507,15.348964321876402,43.43127173042469,54.371974301030086,0.0,39.10116628485923,26.157713528629774
28.26081895849338,33.51458057531916,92.66962567958774,15.56656847274549,71.51880057285908,47.04268452280228,15.348560648989062,43.475989438122134,54.463968597574734,0.0,39.14548031966934,26.203149639081353
28.30737714458645,33.5205760904315,92.75450758905471,15.565806705917037,71.61043976426683,47.08812323509194,15.348157240102168,43.520712085495276,54.55596549595746,0.0,39.189799558155585,26.248588351371012
28.353935330679523,33.526553565632504,92.83941272447481,15.56504634998715,71.70208273081784,47.133564540402496,15.347754097614631,43.565439652510825,54.64796498736108,0.0,39.2341239826836,26.294029656681563
28.400493516772592,33.532513074403,92.92434099481034,15.564287402005226,71.79372945790577,47.1790084299555,15.347351223893638,43.61017211924477,54.73996706300716,0.0,39.278453575696545,26.339473546234572
28.44705170286566,33.538454689868196,93.00929230945638,15.563529859021166,71.88537993100108,47.224454895011135,15.346948621274997,43.65490946588161,54.83197171415586,0.0,39.32278831971474,26.384920011290202
28.49360988895873,33.544378484799516,93.09426657823859,15.562773718085428,71.97703413565034,47.26990392686789,15.346546292063476,43.69965167271357,54.92397893210568,0.0,39.36712819733519,26.430369043146957
28.5401680750518,33.550284531616455,93.17926371141077,15.56201897624916,72.06869205747573,47.31535551686245,15.346144238533135,43.74439872013996,55.01598870819331,0.0,39.41147319123123,26.475820633141517
28.586726261144868,33.556172902388354,93.26428361965277,15.561265630564243,72.16035368217456,47.36080965636941,15.345742462927609,43.78915058866634,55.10800103379334,0.0,39.45582328415208,26.52127477264848
28.633284447237937,33.562043668836246,93.34932621406834,15.560513678083451,72.2520189955188,47.406266336801124,15.345340967460485,43.83390725890383,55.20001590031813,0.0,39.50017845892245,26.566731453080198
28.679842633331006,33.56789690233471,93.43439140618264,15.559763115860525,72.34368798335449,47.45172554960751,15.344939754315588,43.87866871156842,55.29203329921758,0.0,39.54453869844215,26.612190665886576
28.72640081942408,33.5737326739136,93.51947910794037,15.559013940950278,72.43536063160136,47.497187286275825,15.34453882564733,43.923434927480244,55.384053221978974,0.0,39.58890398568571,26.657652402554895
28.772959005517148,33.57955105425986,93.60458923170339,15.558266150408661,72.52703692625226,47.54265153833046,15.34413818358097,43.96820588756281,55.47607566012668,0.0,39.63327430370192,26.703116654609534
28.819517191610217,33.58535211371935,93.68972169024855,15.557519741292882,72.6187168533727,47.58811829733279,15.343737830212968,44.01298157284239,55.56810060522208,0.0,39.677649635613506,26.74858341361186
28.866075377703286,33.591135922298555,93.77487639676562,15.556774710661491,72.71040039910035,47.633587554880926,15.343337767611272,44.05776196444729,55.66012804886328,0.0,39.722029964616695,26.794052671159992
28.91263356379636,33.59690254966639,93.86005326485501,15.55603105557447,72.8020875496446,47.67905930260954,15.342937997815618,44.102547043607096,55.75215798268497,0.0,39.766415273980854,26.839524418888605
28.959191749889428,33.60265206515596,93.94525220852573,15.555288773093315,72.89377829128604,47.724533532189675,15.342538522837836,44.147336791652094,55.84419039835817,0.0,39.81080554704807,26.88499864846875
29.005749935982497,33.60838453776627,94.0304731421932,15.55454786028112,72.98547261037604,47.77001023532858,15.342139344662137,44.192131190012525,55.93622528759015,0.0,39.855200767232795,26.930475351607644
29.052308122075566,33.614100036164025,94.11571598067717,15.553808314202673,73.0771704933362,47.81548940376944,15.341740465245408,44.23693022021789,56.02826264212407,0.0,39.89960091802145,26.975954520048504
29.09886630816864,33.619798628685324,94.20098063919956,15.55307013192454,73.16887192665803,47.86097102929128,15.34134188651753,44.281733863896385,56.12030245373899,0.0,39.94400598297206,27.021436145570345
29.145424494261707,33.625480383337376,94.28626703338237,15.552333310515133,73.2605768969023,47.90645510370871,15.3409436103816,44.326542102774106,56.21234471424949,0.0,39.98841594571384,27.066920219987775
29.191982680354776,33.631145367800215,94.37157507924563,15.551597847044777,73.35228539069874,47.95194161887176,15.340545638714266,44.37135491867447,56.304389415505604,0.0,40.03283078994688,27.112406735150824
29.238540866447845,33.63679364942848,94.45690469320526,15.550863738585862,73.44399739474557,47.99743056666571,15.340147973366014,44.416172293517576,56.39643654939263,0.0,40.07725049944173,27.157895682944783
29.285099052540914,33.64242529525299,94.54225579207113,15.55013098221282,73.53571289580896,48.04292193901089,15.339750616161385,44.46099420931947,56.48848610783087,0.0,40.121675058039,27.20338705528996
29.331657238633984,33.64804037198253,94.62762829304475,15.549399575002274,73.62743188072267,48.08841572786247,15.339353568899327,44.50582064819163,56.580538082775526,0.0,40.16610444964909,27.248880844141535
29.378215424727053,33.65363894600549,94.71302211371749,15.548669514033083,73.71915433638758,48.13391192521033,15.338956833353407,44.550651592340195,56.67259246621645,0.0,40.21053865825174,27.294377041489394
29.42477361082012,33.65922108339154,94.7984371720684,15.547940796386408,73.81088024977123,48.179410523078815,15.338560411272075,44.59548702406543,56.76464925017801,0.0,40.25497766789566,27.339875639357885
29.471331796913194,33.66478684989334,94.8838733864623,15.54721341914584,73.90260960790746,48.224911513526656,15.33816430437902,44.64032692576109,56.85670842671892,0.0,40.29942146269825,27.385376629805723
29.517889983006263,33.67033631094811,94.96933067564748,15.546487379397378,73.99434239789589,48.270414888646634,15.337768514373295,44.68517127991372,56.94876998793197,0.0,40.34387002684515,27.430880004925704
29.564448169099332,33.675869531679346,95.05480895875412,15.54576267422959,74.08607860690155,48.31592064056557,15.337373042929691,44.73002006910211,57.04083392594397,0.0,40.38832334458994,27.476385756844643
29.6110063551924,33.68138657689845,95.14030815529195,15.545039300733613,74.17781822215444,48.361428761444024,15.336977891698938,44.77487327599671,57.132900232915496,0.0,40.43278140025378,27.521893877723095
29.65756454128547,33.68688751110633,95.22582818514836,15.544317256003264,74.26956123094911,48.40693924347618,15.33658306230796,44.81973088335893,57.22496890104073,0.0,40.47724417822503,27.567404359755248
29.70412272737854,33.692372398495074,95.31136896858658,15.543596537135096,74.36130762064423,48.45245207888966,15.33618855636016,44.86459287404061,57.317039922547266,0.0,40.52171166295891,27.61291719516873
29.75068091347161,33.69784130294952,95.39693042624347,15.542877141228452,74.45305737866221,48.49796725994533,15.33579437543564,44.90945923098341,57.40911328969601,0.0,40.566183838977175,27.658432376224393
29.797239099564678,33.70329428804887,95.48251247912773,15.542159065385528,74.54481049248876,48.543484778937135,15.335400521091435,44.954329937218155,57.5011889947809,0.0,40.610660690867746,27.70394989521621
29.843797285657757,33.70873141706835,95.56811504861794,15.541442306711463,74.63656694967251,48.58900462819199,15.335006994861812,44.999204975864394,57.5932670301288,0.0,40.655142203284356,27.749469744471057
29.890355471750826,33.714152752980674,95.65373805646057,15.540726862314363,74.72832673782456,48.63452680006946,15.33461379825845,45.04408433012964,57.68534738809936,0.0,40.699628360946235,27.794991916348533
29.936913657843895,33.71955835845777,95.73938142476806,15.54001272930539,74.82008984461814,48.68005128696176,15.334220932770707,45.088967983308926,57.77743006108472,0.0,40.744119148637765,27.84051640324083
29.983471843936965,33.72494829587224,95.825045076017,15.539299904798797,74.91185625778813,48.72557808129346,15.333828399865846,45.13385591878413,57.869515041509494,0.0,40.78861455120811,27.886043197572537
30.030030030030034,33.73032262729901,95.91072893304614,15.538588385912021,75.0036259651308,48.771107175521415,15.333436200989292,45.1787481200235,57.961602321830505,0.0,40.83311455357093,27.93157229180048
30.076588216123103,33.735681414516826,95.99643291905446,15.537878169765705,75.09539895450328,48.816638562134486,15.333044337564832,45.223644570581044,58.053691894536655,0.0,40.87761914070401,27.97710367841356
30.12314640221617,33.74102471900985,96.08215695759944,15.537169253483759,75.1871752138232,48.86217223365348,15.332652810994855,45.26854525409594,58.14578375214872,0.0,40.92212829764894,28.022637349932552
30.169704588309244,33.7463526019692,96.16790097259502,15.536461634193454,75.27895473106844,48.90770818263094,15.332261622660596,45.31345015429205,58.237877887219256,0.0,40.966642009510785,28.068173298910015
30.216262774402313,33.751665124294426,96.25366488830983,15.535755309025426,75.37073749427651,48.953246401650965,15.331870773922331,45.358359254977294,58.32997429233235,0.0,41.01116026145777,28.11371151793004
30.262820960495382,33.756962346595124,96.33944862936535,15.535050275113749,75.4625234915444,48.99878688332908,15.33148026611961,45.403272540043154,58.42207296010353,0.0,41.0556830387209,28.159251999608145
30.30937914658845,33.76224432919239,96.42525212073399,15.534346529595986,75.55431271102806,49.04432962031202,15.331090100571478,45.44818999346412,58.514173883179545,0.0,41.100210326593746,28.204794736591097
30.35593733268152,33.76751113212037,96.51107528773733,15.533644069613265,75.6461051409421,49.089874605277686,15.3307002785767,45.493111599297144,58.60627705423828,0.0,41.14474211043198,28.250339721556752
30.40249551877459,33.772762815127734,96.59691805604423,15.53294289231027,75.73790076955936,49.135421830934824,15.330310801413953,45.5380373416811,58.69838246598848,0.0,41.18927837565319,28.295886947213887
30.44905370486766,33.7779994376792,96.68278035166911,15.53224299483536,75.82969958521062,49.18097129002299,15.329921670342062,45.582967204836265,58.790490111169724,0.0,41.23381910773646,28.341436406302062
30.495611890960728,33.78322105895699,96.76866210097005,15.531544374340559,75.92150157628414,49.22652297531235,15.329532886600184,45.6279011730638,58.88259998255215,0.0,41.27836429222212,28.386988091591423
30.5421700770538,33.78842773786236,96.85456323064703,15.53084702798164,76.01330673122541,49.27207687960354,15.329144451408052,45.672839230745204,58.974712072936406,0.0,41.3229139147114,28.432541995882602
30.58872826314687,33.793619533017015,96.94048366774017,15.530150952918158,76.10511503853668,49.31763299572742,15.328756365966141,45.71778136234183,59.06682637515337,0.0,41.36746796086611,28.47809811200649
30.635286449239942,33.79879650276462,97.02642333962785,15.529456146313496,76.19692648677666,49.36319131654508,15.328368631455893,45.76272755239432,59.15894288206409,0.0,41.41202641640835,28.523656432824147
30.68184463533301,33.803958705172214,97.1123821740252,15.528762605334906,76.2887410645602,49.408751834947545,15.327981249039922,45.80767778552216,59.25106158655962,0.0,41.456589267120215,28.56921695122661
30.72840282142608,33.80910619803172,97.198360098982,15.528070327153559,76.38055876055783,49.45431454385569,15.327594219862203,45.8526320464231,59.343182481560845,0.0,41.50115649884345,28.61477966013476
30.77496100751915,33.81423903886133,97.28435704288115,15.527379308944589,76.47237956349556,49.49987943622008,15.327207545048264,45.89759031987275,59.4353055600183,0.0,41.54572809747915,28.660344552499147
30.821519193612218,33.81935728490698,97.37037293443693,15.526689547887127,76.56420346215444,49.545446505020784,15.326821225705395,45.942552590723956,59.52743081491208,0.0,41.5903040489875,28.705911621299855
30.868077379705287,33.82446099314374,97.45640770269316,15.526001041164362,76.6560304453702,49.59101574326729,15.326435262922837,45.98751884390645,59.619558239251646,0.0,41.634884339387426,28.751480859546355
30.914635565798363,33.82955022027726,97.54246127702162,15.525313785963544,76.74786050203299,49.63658714399827,15.32604965777197,46.03248906442621,59.7116878260757,0.0,41.67946895475632,28.797052260277336
30.961193751891432,33.83462502274519,97.62853358712012,15.524627779476058,76.83969362108694,49.6821607002815,15.325664411306494,46.07746323736508,59.803819568452006,0.0,41.72405788122971,28.84262581656057
31.0077519379845,33.83968545671857,97.71462456301113,15.523943018897441,76.93152979152993,49.72773640521368,15.325279524562628,46.12244134788025,59.895953459477255,0.0,41.76865110500102,28.888201521492753
31.05431012407757,33.84473157810322,97.80073413503976,15.523259501427459,77.02336900241319,49.77331425192033,15.3248949985593,46.16742338120379,59.98808949227696,0.0,41.81324861232123,28.9337793681994
31.10086831017064,33.84976344254114,97.88686223387228,15.522577224270076,77.11521124284103,49.81889423355555,15.3245108342983,46.21240932264216,60.08022766000526,0.0,41.8578503894986,28.97935934983462
31.14742649626371,33.85478110541192,97.97300879049435,15.521896184633556,77.20705650197038,49.86447634330197,15.324127032764506,46.257399157575726,60.17236795584474,0.0,41.902456422898375,29.02494145958104
31.193984682356778,33.85978462183406,98.0591737362094,15.521216379730456,77.29890476901069,49.91006057437057,15.323743594926025,46.30239287145833,60.264510373006416,0.0,41.94706669894251,29.070525690649642
31.240542868449847,33.86477404666638,98.145357002637,15.520537806777686,77.39075603322335,49.95564692000052,15.323360521734397,46.3473904498168,60.35665490472944,0.0,41.99168120410934,29.11611203627959
31.28710105454292,33.86974943450938,98.23155852171111,15.519860462996535,77.4826102839216,50.001235373459075,15.322977814124743,46.39239187825049,60.44880154428107,0.0,42.036299924933374,29.16170048973815
31.33365924063599,33.87471083970656,98.31777822567851,15.519184345612695,77.57446751047006,50.04682592804137,15.322595473015953,46.437397142430804,60.54095028495643,0.0,42.0809228480049,29.207291044320442
31.380217426729057,33.87965831634582,98.40401604709724,15.518509451856321,77.66632770228442,50.09241857707037,15.322213499310882,46.4824062281008,60.63310112007849,0.0,42.12554995996982,29.252883693349442
31.426775612822127,33.88459191826075,98.49027191883482,15.51783577896201,77.75819084883125,50.138013313896636,15.32183189389647,46.52741912107468,60.725254042997825,0.0,42.17018124752928,29.298478430175702
31.4733337989152,33.889511699032006,98.57654577406679,15.517163324168896,77.85005693962758,50.18361013189824,15.32145065764394,46.57243580723734,60.817409047092504,0.0,42.214816697439424,29.344075248177308
31.519891985008268,33.89441771198859,98.66283754627501,15.51649208472065,77.94192596424061,50.22920902448064,15.321069791408988,46.61745627254402,60.909566125767974,0.0,42.25945629651116,29.38967414075971
31.566450171101337,33.89931001020923,98.74914716924609,15.5158220578655,78.03379791228747,50.27480998507649,15.320689296031894,46.662480503019744,61.00172527245689,0.0,42.304100031609785,29.435275101355558
31.61300835719441,33.9041886465236,98.8354745770698,15.515153240856284,78.12567277343481,50.32041300714555,15.320309172337733,46.70750848475895,61.09388648061902,0.0,42.34874788965481,29.480878123424613
31.65956654328748,33.909053673513725,98.92181970413756,15.514485630950432,78.21755053739852,50.36601808417448,15.319929421136479,46.752540203924994,61.18604974374102,0.0,42.39339985761961,29.526483200453544
31.706124729380548,33.913905143515215,99.00818248514072,15.513819225410074,78.30943119394355,50.41162520967681,15.319550043223241,46.79757564674983,61.278215055336425,0.0,42.43805592253121,29.57209032595588
31.752682915473617,33.91874310861858,99.09456285506921,15.513154021501991,78.40131473288348,50.457234377192734,15.319171039378366,46.842614799533486,61.370382408945424,0.0,42.482716071469994,29.617699493471804
31.799241101566686,33.923567620670504,99.1809607492098,15.512490016497692,78.49320114408027,50.50284558028899,15.318792410367614,46.88765764864368,61.46255179813474,0.0,42.52738029156943,29.663310696568058
31.845799287659755,33.92837873127514,99.26737610314463,15.511827207673413,78.58509041744402,50.54845881255872,15.318414156942316,46.93270418051537,61.55472321649754,0.0,42.57204857001582,29.70892392883779
31.892357473752824,33.93317649179534,99.3538088527497,15.511165592310139,78.67698254293256,50.59407406762135,15.318036279839497,46.97775438165038,61.646896657653244,0.0,42.616720894048015,29.75453918390042
31.938915659845893,33.93796095335397,99.44025893419327,15.510505167693651,78.76887751055128,50.63969133912246,15.317658779782073,47.02280823861695,61.739072115247424,0.0,42.661397250957165,29.800156455401527
31.985473845938966,33.94273216683514,99.52672628393447,15.509845931114544,78.86077531035275,50.685310620733645,15.317281657478985,47.06786573804935,61.831249582951685,0.0,42.70607762808646,29.845775737012715
32.032032032032035,33.947490182885446,99.61321083872164,15.509187879868234,78.95267593243655,50.730931906152385,15.316904913625324,47.112926866647406,61.9234290544635,0.0,42.75076201283087,29.891397022431455
32.07859021812511,33.952235051915224,99.69971253559096,15.508531011254997,79.04457936694884,50.77655518910192,15.31652854890251,47.15799161117622,62.0156105235061,0.0,42.79545039263687,29.937020305380987
32.12514840421817,33.956966824099794,99.78623131186478,15.50787532258,79.13648560408225,50.82218046333112,15.316152563978415,47.20305995846565,62.10779398382837,0.0,42.84014275500221,29.982645579610192
32.171706590311246,33.9616855493807,99.87276710515039,15.507220811153305,79.22839463407546,50.86780772261437,15.31577695950753,47.248131895409976,62.199979429204696,0.0,42.88483908747565,30.028272838893447
32.21826477640431,33.966391277466855,99.95931985333831,15.506567474289875,79.32030644721296,50.91343696075141,15.31540173613107,47.29320740896744,62.2921668534348,0.0,42.92953937765665,30.073902077030482
32.264822962497384,33.97108405783588,100.04588949460091,15.505915309309643,79.41222103382485,50.95906817156724,15.315026894477155,47.33828648615994,62.38435625034369,0.0,42.974243613195235,30.11953328784631
32.31138114859045,33.975763939735245,100.13247596739103,15.505264313537497,79.50413838428645,51.00470134891197,15.314652435160932,47.38336911407257,62.4765476137815,0.0,43.01895178179164,30.165166465191046
32.35793933468352,33.980430972183456,100.2190792104404,15.504614484303323,79.59605848901822,51.050336486660754,15.31427835878472,47.428455279853274,62.56874093762337,0.0,43.06366387119613,30.210801602939835
32.404497520776594,33.98508520397128,100.30569916275819,15.50396581894197,79.68798133848516,51.095973578713554,15.313904665938118,47.47354497071241,62.66093621576923,0.0,43.10837986920867,30.25643869499263
32.45105570686966,33.98972668366296,100.39233576362966,15.503318314793361,79.77990692319693,51.14161261899514,15.313531357198185,47.51863817392244,62.75313344214388,0.0,43.15309976367876,30.30207773527421
32.49761389296273,33.994355459597344,100.47898895261476,15.502671969202433,79.87183523370734,51.18725360145488,15.313158433129548,47.563734876817485,62.845332610696694,0.0,43.19782354250517,30.347718717733954
32.5441720790558,33.99897157988911,100.56565866954654,15.50202677951917,79.96376626061414,51.23289652006665,15.312785894284533,47.608835066792984,62.93753371540153,0.0,43.24255119363564,30.393361636345723
32.59073026514887,34.0035750924299,100.65234485452991,15.50138274309866,80.05569999455882,51.27854136882874,15.312413741203303,47.65393873130531,63.02973675025669,0.0,43.28728270506675,30.439006485107807
32.637288451241936,34.00816604488952,100.73904744794015,15.500739857301056,80.14763642622626,51.32418814176366,15.312041974413978,47.699045857871404,63.12194170928468,0.0,43.332018064843524,30.484653258042734
32.68384663733501,34.012744484717075,100.82576639042148,15.500098119491646,80.23957554634458,51.36983683291811,15.311670594432796,47.744156434068415,63.2141485865322,0.0,43.37675726105935,30.53030194919718
32.73040482342809,34.017310459142145,100.91250162288577,15.49945752704083,80.33151734568477,51.4154874363628,15.3112996017642,47.789270447533305,63.30635737606995,0.0,43.42150028185564,30.575952552641866
32.776963009521154,34.02186401517589,100.99925308651106,15.498818077324149,80.42346181506049,51.46113994619232,15.310928996900978,47.834387885962514,63.398568071992536,0.0,43.46624711542163,30.621605062471392
32.82352119561423,34.02640519961225,101.08602072274026,15.498179767722299,80.51540894532789,51.50679435652509,15.31055878032439,47.87950873711158,63.49078066841839,0.0,43.51099774999411,30.66725947280416
32.87007938170729,34.03093405902901,101.1728044732797,15.497542595621152,80.60735872738523,51.5524506615032,15.310188952504303,47.9246329887948,63.582995159489556,0.0,43.555752173857236,30.712915777782264
32.916637567800365,34.035450639789,101.25960428009786,15.496906558411784,80.69931115217277,51.59810885529227,15.309819513899297,47.96976062888488,63.675211539371695,0.0,43.60051037534232,30.758573971571337
32.96319575389343,34.03995498804113,101.34642008542393,15.496271653490409,80.79126621067233,51.64376893208137,15.309450464956772,48.014891645312545,63.767429802253865,0.0,43.64527234282746,30.804234048360446
33.0097539399865,34.04444714972162,101.43325183174656,15.495637878258526,80.88322389390733,51.68943088608293,15.309081806113111,48.06002602606624,63.85964994234849,0.0,43.69003806473749,30.849896002361994
33.056312126079575,34.048927170555004,101.52009946181242,15.495005230122818,80.97518419294228,51.73509471153255,15.308713537793757,48.10516375919175,63.951871953891185,0.0,43.734807529543644,30.895559827811613
33.10287031217264,34.05339509605527,101.6069629186249,15.494373706495205,81.06714709888264,51.78076040268891,15.308345660413353,48.150304832791846,64.04409583114064,0.0,43.77958072576333,30.94122551896799
33.14942849826571,34.057850971527,101.69384214544284,15.49374330479288,81.15911260287464,51.826427953833765,15.30797817437585,48.195449235025976,64.13632156837855,0.0,43.824357641959956,30.986893070112835
33.19598668435878,34.06229484206638,101.78073708577924,15.493114022438265,81.251080696105,51.872097359271635,15.307611080074606,48.2405969541099,64.22854915990949,0.0,43.869138266742645,31.03256247555071
33.24254487045185,34.06672675256237,101.86764768339974,15.49248585685909,81.34305136980066,51.917768613329876,15.307244377892548,48.28574797831537,64.3207786000608,0.0,43.913922588766056,31.07823372960895
33.28910305654492,34.07114674769771,101.95457388232157,15.49185880548836,81.43502461522858,51.96344171035847,15.306878068202236,48.330902295969786,64.41300988318247,0.0,43.958710596730164,31.123906826637544
33.33566124263799,34.075554871950054,102.04151562681211,15.49123286576434,81.5270004236955,52.009116644729914,15.306512151365984,48.37605989545587,64.50524300364698,0.0,44.00350227938,31.169581761008992
33.382219428731055,34.079951169593,102.12847286138766,15.490608035130641,81.61897878654771,52.054793410839174,15.306146627735991,48.42122076521132,64.59747795584931,0.0,44.04829762550545,31.215258527118248
33.42877761482413,34.08433568469717,102.21544553081219,15.489984311036176,81.71095969517087,52.100472003103526,15.305781497654422,48.46638489372849,64.68971473420672,0.0,44.093096623941044,31.26093711938259
33.4753358009172,34.08870846113124,102.30243358009591,15.489361690935178,81.80294314098963,52.1461524159624,15.305416761453545,48.511552269554066,64.78195333315868,0.0,44.13789926356576,31.306617532241475
33.521893987010266,34.093069542563036,102.38943695449416,15.48874017228721,81.89492911546766,52.191834643877435,15.305052419455818,48.55672288128878,64.87419374716677,0.0,44.18270553330273,31.352299760156498
33.56845217310334,34.09741897246054,102.47645559950612,15.488119752557184,81.98691761010716,52.23751868133216,15.304688471973986,48.601896717587,64.96643597071458,0.0,44.22751542211914,31.397983797611236
33.615010359196404,34.10175679409295,102.56348946087356,15.487500429215364,82.07890861644881,52.28320452283209,15.304324919311235,48.647073767156535,65.05867999830757,0.0,44.2723289190259,31.443669639111157
33.66156854528948,34.106083050531694,102.65053848457949,15.486882199737352,82.1709021260715,52.328892162904424,15.303961761761212,48.69225401875817,65.15092582447298,0.0,44.31714601307751,31.489357279183494
33.70812673138254,34.110397784651475,102.7376026168471,15.48626506160414,82.2628981305921,52.374581596098125,15.303598999608209,48.73743746120548,65.24317344375974,0.0,44.36196669337183,31.53504671237719
33.754684917475615,34.1147010391313,102.82468180413835,15.485649012302087,82.35489662166523,52.42027281698367,15.303236633127229,48.78262408336449,65.33542285073835,0.0,44.40679094904986,31.580737933262736
33.801243103568694,34.11899285645546,102.91177599315293,15.485034049322923,82.44689759098314,52.46596582015304,15.302874662584074,48.82781387415331,65.4276740400008,0.0,44.45161876929552,31.626430936432108
33.84780128966176,34.123273278914596,102.99888513082684,15.484420170163776,82.53890103027533,52.51166060021955,15.302513088235473,48.87300682254186,65.51992700616037,0.0,44.49645014333548,31.67212571649862
33.89435947575483,34.127542348606646,103.08600916433127,15.48380737232715,82.63090693130844,52.55735715181779,15.302151910329155,48.91820291755161,65.61218174385168,0.0,44.5412850604389,31.717822268096864
33.9409176618479,34.13180010743789,103.1731480410715,15.483195653320971,82.72291528588609,52.603055469603525,15.301791129103972,48.96340214825519,65.7044382477305,0.0,44.58612350991731,31.7635205858826
33.98747584794097,34.136046597123915,103.26030170868552,15.482585010658555,82.81492608584855,52.64875554825356,15.301430744789966,49.00860450377618,65.79669651247359,0.0,44.630965481124285,31.809220664532624
34.034034034034036,34.140281859190615,103.34747011504298,15.481975441858635,82.90693932307263,52.694457382465636,15.301070757608494,49.053809973288736,65.88895653277874,0.0,44.675810963455376,31.854922498744706
34.08059222012711,34.1445059349752,103.43465320824387,15.481366944445355,82.9989549894714,52.740160966958385,15.3007111677723,49.099018546017355,65.98121830336456,0.0,44.7206599463478,31.90062608323745
34.127150406220174,34.14871886562712,103.52185093661753,15.480759515948284,83.09097307699402,52.78586629647116,15.300351975485619,49.14423021123652,66.0734818189704,0.0,44.76551241928028,31.94633141275023
34.17370859231325,34.15292069210909,103.60906324872123,15.480153153902412,83.1829935776256,52.831573365764,15.299993180944277,49.18944495827047,66.16574707435632,0.0,44.81036837177288,31.99203848204307
34.22026677840632,34.157111455198,103.69629009333923,15.47954785584815,83.27501648338674,52.87728216961745,15.299634784335744,49.234662776492854,66.25801406430284,0.0,44.855227793386724,32.03774728589652
34.266824964499385,34.16129119548595,103.78353141948153,15.478943619331373,83.36704178633379,52.92299270283258,15.299276785839293,49.27988365532647,66.35028278361104,0.0,44.900090673723895,32.08345781911165
34.31338315059246,34.16545995338116,103.87078717638265,15.478340441903349,83.45906947855813,52.968704960230745,15.298919185626021,49.325107584243014,66.44255322710227,0.0,44.94495700242717,32.129170076509816
34.35994133668552,34.16961776910892,103.95805731350062,15.477738321120826,83.5510995521864,53.01441893665361,15.298561983858988,49.3703345527627,66.5348253896182,0.0,44.98982676917983,32.17488405293268
34.406499522778596,34.173764682712545,104.04534178051576,15.477137254545971,83.64313199937997,53.060134626962984,15.29820518069328,49.41556455045411,66.62709926602065,0.0,45.03469996370552,32.220599743242055
34.45305770887166,34.17790073405433,104.13264052732953,15.476537239746424,83.73516681233511,53.105852026040765,15.297848776276103,49.46079756693377,66.71937485119149,0.0,45.079576575768,32.266317142319835
34.49961589496474,34.18202596281646,104.21995350406343,15.475938274295233,83.82720398328233,53.15157112878878,15.297492770746848,49.50603359186598,66.81165214003259,0.0,45.12445659517097,32.31203624506785
34.546174081057806,34.18614040850198,104.30728066105789,15.475340355770939,83.9192435044866,53.19729193012878,15.297137164237224,49.55127261496251,66.90393112746565,0.0,45.169340011757875,32.35775704640784
34.59273226715088,34.19024411043565,104.39462194887113,15.474743481757507,84.01128536824694,53.24301442500224,15.296781956871296,49.59651462598228,66.99621180843218,0.0,45.214226815411735,32.4034795412813
34.639290453243945,34.19433710776495,104.48197731827813,15.474147649844385,84.10332956689635,53.288738608370366,15.296427148765604,49.641759614731185,67.08849417789338,0.0,45.25911699605493,32.449203724649436
34.68584863933702,34.19841943946094,104.5693467202693,15.473552857626446,84.19537609280147,53.334464475213956,15.296072740029206,49.68700757106169,67.18077823083004,0.0,45.30401054364904,32.494929591493026
34.73240682543008,34.20249114431919,104.65673010604971,15.47295910270405,84.28742493836253,53.380192020533286,15.295718730763802,49.732258484872695,67.27306396224245,0.0,45.348907448194645,32.540657136812364
34.778965011523155,34.206552260960684,104.74412742703777,15.472366382683012,84.37947609601312,53.425921239348064,15.295365121063803,49.77751234610919,67.36535136715028,0.0,45.39380769973112,32.58638635562714
34.82552319761622,34.21060282783271,104.83153863486419,15.471774695174586,84.47152955821998,53.471652126697286,15.295011911016365,49.822769144761985,67.45764044059258,0.0,45.438711288336485,32.632117242976356
34.87208138370929,34.214642883209756,104.91896368137094,15.47118403779551,84.56358531748285,53.51738467763918,15.29465910070155,49.86802887086751,67.54993117762754,0.0,45.483618204127204,32.67784979391825
34.918639569802366,34.21867246519443,105.0064025186101,15.470594408167985,84.65564336633425,53.56311888725111,15.29430669019235,49.9132915145075,67.64222357333254,0.0,45.528528437258,32.72358400353018
34.96519775589543,34.22269161171831,105.09385509884298,15.470005803919664,84.7477036973393,53.608854750629476,15.293954679554778,49.95855706580875,67.73451762280399,0.0,45.57344197792167,32.769319866908546
35.011755941988504,34.22670036054285,105.18132137453875,15.469418222683668,84.83976630309563,53.65459226288964,15.293603068847942,50.00382551494285,67.82681332115722,0.0,45.61835881634893,32.815057379168714
35.05831412808157,34.230698749260235,105.26880129837375,15.468831662098578,84.93183117623308,53.70033141916583,15.293251858124135,50.04909685212594,67.91911066352647,0.0,45.66327894280821,32.8607965354449
35.10487231417464,34.234686815294246,105.35629482323007,15.468246119808432,85.02389830941358,53.746072214611,15.292901047428877,50.09437106761848,68.01140964506472,0.0,45.70820234760549,32.90653733089007
35.15143050026771,34.23866459590116,105.44380190219486,15.467661593462735,85.11596769533095,53.791814644396844,15.292550636801035,50.139648151724934,68.10371026094363,0.0,45.75312902108412,32.952279760675914
35.19798868636078,34.242632128170605,105.53132248855897,15.467078080716457,85.20803932671078,53.83755870371362,15.292200626272875,50.184928094793584,68.19601250635347,0.0,45.79805895362461,32.99802381999269
35.24454687245385,34.246589449026374,105.6188565358162,15.466495579230031,85.30011319631022,53.883304387770124,15.291851015870131,50.23021088721625,68.28831637650305,0.0,45.84299213564453,33.043769504049195
35.29110505854692,34.25053659522733,105.70640399766204,15.465914086669326,85.3921892969177,53.92905169179352,15.29150180561208,50.27549651942803,68.38062186661952,0.0,45.88792855759825,33.08951680807259
35.33766324463999,34.254473603368226,105.7939648279928,15.46533360070569,85.48426762135301,53.974800611029345,15.291152995511613,50.320784981907074,68.47292897194842,0.0,45.93286820997683,33.135265727308415
35.38422143073306,34.25840050988052,105.88153898090454,15.464754119015907,85.57634816246684,54.02055114074136,15.290804585575318,50.36607626517436,68.56523768775351,0.0,45.97781108330783,33.181016257020445
35.43077961682613,34.26231735103331,105.96912641069211,15.464175639282244,85.66843091314085,54.06630327621154,15.290456575803546,50.411370359793416,68.65754800931674,0.0,46.02275716815511,33.22676839249062
35.477337802919195,34.26622416293406,106.05672707184804,15.463598159192395,85.76051586628736,54.112057012739875,15.290108966190466,50.45666725637009,68.74985993193816,0.0,46.0677064551187,33.272522129018945
35.52389598901227,34.27012098152945,106.14434091906162,15.463021676439508,85.85260301484924,54.157812345644366,15.289761756724156,50.501966945552326,68.84217345093572,0.0,46.11265893483461,33.318277461923444
35.57045417510534,34.27400784260629,106.23196790721792,15.462446188722188,85.9446923517997,54.203569270260935,15.289414947386645,50.5472694180299,68.93448856164535,0.0,46.15761459797468,33.364034386540006
35.61701236119841,34.27788478179218,106.31960799139678,15.461871693744463,86.03678387014216,54.249327781943315,15.289068538154014,50.592574664534204,69.0268052594208,0.0,46.20257343524636,33.409792898222385
35.663570547291485,34.281751834556495,106.40726112687173,15.46129818921583,86.1288775629101,54.29508787606297,15.288722528996432,50.63788267583802,69.11912353963352,0.0,46.247535437392585,33.455552992342035
35.71012873338455,34.285609036211085,106.4949272691093,15.460725672851215,86.22097342316684,54.340849548009025,15.28837691987825,50.68319344275526,69.21144339767265,0.0,46.29250059519165,33.5013146642881
35.75668691947762,34.2894564219111,106.58260637376765,15.460154142370962,86.31307144400546,54.38661279318821,15.288031710758032,50.72850695614078,69.3037648289449,0.0,46.33746889945694,33.54707790946728
35.80324510557069,34.29329402665581,106.67029839669591,15.45958359550088,86.40517161854854,54.432377607024705,15.28768690158866,50.773823206890064,69.39608782887446,0.0,46.38244034103686,33.592842723303775
35.84980329166376,34.297121885289414,106.75800329393316,15.459014029972181,86.49727393994807,54.47814398496013,15.287342492317373,50.819142185939114,69.48841239290296,0.0,46.42741491081463,33.6386091012392
35.89636147775683,34.3009400325018,106.84572102170735,15.458445443521533,86.58937840138529,54.523911922453415,15.286998482885847,50.864463884264154,69.5807385164893,0.0,46.47239259970814,33.684377038732485
35.9429196638499,34.30474850282934,106.93345153643449,15.457877833890974,86.68148499607051,54.56968141498075,15.286654873230209,50.90978829288138,69.67306619510971,0.0,46.51737339866973,33.73014653125981
35.98947784994297,34.30854733065569,107.02119479471757,15.45731119882802,86.77359371724292,54.61545245803547,15.286311663281184,50.95511540284679,69.76539542425752,0.0,46.56235729868612,33.77591757431455
36.03603603603604,34.312336550212585,107.10895075334585,15.456745536085577,86.86570455817053,54.661225047128056,15.285968852964093,51.00044520525598,69.85772619944316,0.0,46.607344290778215,33.821690163407126
36.08259422212911,34.316116195580534,107.19671936929366,15.45618084342195,86.95781751214992,54.70699917778593,15.285626442198936,51.04577769124383,69.95005851619412,0.0,46.65233436600091,33.867464294065
36.129152408222176,34.319886300689696,107.2845005997196,15.455617118600864,87.04993257250611,54.752774845553496,15.285284430900433,51.09111285198436,70.04239237005474,0.0,46.69732751544295,33.91323996183256
36.17571059431525,34.3236468993206,107.37229440196568,15.455054359391449,87.1420497325925,54.79855204599197,15.284942818978134,51.13645067869056,70.13472775658629,0.0,46.74232373022684,33.95901716227104
36.222268780408314,34.327398025104856,107.46010073355622,15.454492563568207,87.23416898579053,54.844330774679364,15.284601606336405,51.18179116261401,70.22706467136676,0.0,46.78732300150856,34.00479589095844
36.268826966501386,34.33113971152603,107.5479195521971,15.45393172891108,87.32629032550973,54.890111027210395,15.28426079287456,51.227134295044856,70.31940310999086,0.0,46.83232532047755,34.05057614348947
36.31538515259446,34.33487199192027,107.63575081577481,15.453371853205347,87.41841374518744,54.93589279919638,15.283920378486863,51.272480067311434,70.41174306806991,0.0,46.877330678356444,34.09635791547545
36.36194333868753,34.338594899477165,107.72359448235552,15.452812934241702,87.51053923828864,54.981676086265175,15.283580363062626,51.317828470780206,70.50408454123178,0.0,46.922339066400966,34.14214120254425
36.4085015247806,34.34230846724041,107.81145051018413,15.452254969816208,87.60266679830602,55.02746088406111,15.283240746486237,51.363179496855395,70.59642752512079,0.0,46.967350475899764,34.187926000340184
36.45505971087367,34.346012728108605,107.89931885768354,15.451697957730294,87.69479641875952,55.073247188244906,15.28290152863722,51.408533136978924,70.68877201539765,0.0,47.01236489817429,34.233712304523976
36.501617896966735,34.34970771483596,107.98719948345358,15.451141895790775,87.78692809319642,55.1190349944936,15.282562709390339,51.45388938263013,70.78111800773941,0.0,47.057382324578604,34.27950011077267
36.54817608305981,34.353393460033026,108.07509234627022,15.450586781809813,87.87906181519112,55.16482429850046,15.282224288615565,51.499248225325566,70.87346549783935,0.0,47.102402746499266,34.32528941477953
36.59473426915287,34.357069996167446,108.16299740508474,15.450032613604911,87.97119757834494,55.210615095974916,15.281886266178201,51.54460965661878,70.96581448140687,0.0,47.14742615535511,34.37108021225399
36.641292455245946,34.36073735556468,108.25091461902268,15.44947938899897,88.06333537628606,55.256407382642514,15.281548641938922,51.58997366810015,71.05816495416754,0.0,47.192452542597216,34.41687249892158
36.68785064133902,34.364395570408696,108.33884394738315,15.448927105820177,88.15547520266935,55.30220115424477,15.28121141575381,51.6353402513967,71.15051691186285,0.0,47.237481899708655,34.46266627052384
36.73440882743209,34.36804467274272,108.42678534963792,15.448375761902101,88.2476170511762,55.34799640653917,15.280874587474429,51.6807093981718,71.24287035025031,0.0,47.28251421820437,34.50846152281823
36.78096701352516,34.37168469446993,108.51473878543048,15.447825355083626,88.33976091551446,55.39379313529905,15.280538156947859,51.726081100125086,71.33522526510328,0.0,47.327549489631075,34.55425825157812
36.82752519961823,34.37531566735417,108.60270421457528,15.447275883208961,88.43190678941816,55.43959133631357,15.280202124016744,51.77145534899217,71.42758165221086,0.0,47.37258770556706,34.60005645259264
36.874083385711295,34.37893762302069,108.69068159705687,15.446727344127662,88.52405466664756,55.48539100538761,15.27986648851941,51.81683213654452,71.51993950737798,0.0,47.41762885762207,34.64585612166668
36.92064157180437,34.38255059295677,108.7786708930289,15.446179735694551,88.6162045409888,55.53119213834169,15.279531250289793,51.86221145458921,71.61229882642512,0.0,47.462672937437134,34.69165725462075
36.96719975789743,34.386154608512484,108.86667206281359,15.445633055769797,88.70835640625397,55.57699473101187,15.279196409157601,51.90759329496872,71.70465960518838,0.0,47.50771993668445,34.73745984729094
37.013757943990505,34.38974970090139,108.95468506690055,15.44508730221884,88.80051025628077,55.62279877924981,15.278861964948323,51.9529776495608,71.79702183951939,0.0,47.55276984706727,34.78326389552888
37.06031613008358,34.393335901201176,109.04270986594622,15.444542472912444,88.89266608493263,55.66860427892254,15.278527917483256,51.99836451027824,71.88938552528518,0.0,47.597822660319636,34.82906939520161
37.10687431617665,34.39691324035438,109.13074642077284,15.44399856572663,88.98482388609825,55.71441122591245,15.27819426657959,52.04375386906867,71.98175065836817,0.0,47.6428783682064,34.87487634219152
37.153432502269716,34.400481749169096,109.21879469236778,15.443455578542734,89.07698365369181,55.760219616117276,15.277861012050451,52.08914571791439,72.07411723466606,0.0,47.68793696252299,34.920684732396346
37.19999068836279,34.40404145831959,109.30685464188265,15.442913509247338,89.16914538165256,55.80602944544995,15.277528153704932,52.13454004883219,72.16648525009181,0.0,47.732998435095276,34.96649456172902
37.246548874455854,34.40759239834703,109.39492623063246,15.442372355732305,89.26130906394486,55.851840709838584,15.277195691348155,52.17993685387316,72.25885470057351,0.0,47.77806277777945,35.012305826117654
37.29310706054893,34.411134599660095,109.4830094200949,15.441832115894726,89.35347469455793,55.897653405226336,15.276863624781296,52.225336125122446,72.35122558205433,0.0,47.823129982461886,35.058118521505406
37.33966524664199,34.41466809253573,109.57110417190941,15.44129278763698,89.44564226750585,55.943467527571414,15.276531953801664,52.27073785469917,72.44359789049247,0.0,47.868200041058984,35.103932643850484
37.386223432735065,34.418192907119774,109.65921044787657,15.440754368866688,89.53781177682733,55.98928307284701,15.276200678202748,52.3161420347562,72.53597162186114,0.0,47.913272945517086,35.14974818912608
37.43278161882814,34.42170907342754,109.74732820995705,15.440216857496683,89.62998321658559,56.035100037041126,15.275869797774218,52.3615486574799,72.62834677214833,0.0,47.95834868781226,35.195565153320196
37.4793398049212,34.42521662134462,109.83545742027101,15.43968025144504,89.72215658086826,56.08091841615665,15.275539312302008,52.40695771509008,72.72072333735692,0.0,48.00342725995023,35.24138353243572
37.525897991014276,34.42871558062738,109.92359804109728,15.439144548635065,89.81433186378729,56.126738206211165,15.275209221568362,52.4523691998397,72.81310131350452,0.0,48.04850865396621,35.28720332249024
37.57245617710734,34.432205980903774,110.01175003487255,15.438609746995258,89.90650905947874,56.172559403237,15.274879525351864,52.497783104014786,72.90548069662341,0.0,48.09359286192479,35.333024519516066
37.619014363200414,34.43568785167384,110.09991336419056,15.438075844459346,89.99868816210274,56.21838200328104,15.27455022342749,52.54319941993417,72.99786148276051,0.0,48.1386798759198,35.378847119560106
37.66557254929348,34.43916122231044,110.18808799180138,15.437542838966245,90.09086916584324,56.264206002404755,15.274221315566646,52.58861813994937,73.0902436679773,0.0,48.18376968807415,35.42467111868382
37.71213073538655,34.44262612205983,110.27627388061066,15.437010728460045,90.1830520649081,56.31003139668407,15.273892801537201,52.63403925644439,73.18262724834969,0.0,48.22886229053973,35.47049651296314
37.758688921479624,34.44608258004236,110.36447099367871,15.436479510890036,90.27523685352871,56.355858182209374,15.27356468110357,52.67946276183555,73.27501221996808,0.0,48.273957675497265,35.516323298488444
37.80524710757269,34.44953062525308,110.45267929421999,15.435949184210696,90.36742352596006,56.401686355085374,15.27323695402671,52.724888648571344,73.36739857893714,0.0,48.31905583515619,35.562151471364444
37.85180529366576,34.45297028656235,110.54089874560214,15.43541974638163,90.45961207648052,56.44751591143108,15.272909620064185,52.770316909132205,73.45978632137592,0.0,48.36415676175454,35.607981027710146
37.89836347975883,34.456401592716475,110.62912931134532,15.434891195367637,90.55180249939183,56.493346847379726,15.272582678970206,52.815747536030415,73.55217544341764,0.0,48.40926044755876,35.6538119636588
37.9449216658519,34.459824572338334,110.71737095512142,15.43436352913864,90.64399478901878,56.53917915907871,15.272256130495673,52.861180521809835,73.64456594120968,0.0,48.45436688486365,35.69964427535778
37.991479851944966,34.463239253927995,110.80562364075338,15.433836745669714,90.73618893970934,56.585012842689515,15.2719299743882,52.906615859045864,73.73695781091355,0.0,48.4994760659922,35.745477958968586
38.03803803803804,34.46664566586333,110.89388733221435,15.433310842941056,90.8283849458343,56.63084789438768,15.271604210392177,52.95205354034514,73.8293510487048,0.0,48.54458798329546,35.79131301066675
38.08459622413111,34.470043836400635,110.9821619936271,15.432785818938012,90.92058280178738,56.676684310362695,15.2712788382488,52.997493558345475,73.92174565077288,0.0,48.58970262915242,35.837149426641766
38.131154410224184,34.473433793675184,111.07044758926308,15.432261671651009,91.01278250198493,56.72252208681797,15.27095385769611,53.04293590571566,74.01414161332123,0.0,48.634819995969906,35.88298720309704
38.17771259631725,34.47681556570195,111.15874408354193,15.431738399075618,91.10498404086593,56.768361219970764,15.27062926846904,53.08838057515525,74.1065389325671,0.0,48.67994007618242,35.92882633624984
38.22427078241032,34.48018918037604,111.24705144103054,15.431215999212462,91.19718741289176,56.81420170605211,15.27030507029943,53.13382755939448,74.19893760474152,0.0,48.725062862252045,35.97466682233119
38.27082896850339,34.48355466547346,111.3353696264424,15.430694470067296,91.28939261254624,56.86004354130677,15.269981262916092,53.17927685119406,74.29133762608923,0.0,48.77018834666829,36.02050865758584
38.31738715459646,34.4869120486516,111.42369860463705,15.430173809650917,91.3815996343354,56.90588672199316,15.269657846044838,53.22472844334502,74.38373899286869,0.0,48.815316521948006,36.06635183827223
38.363945340689526,34.49026135744988,111.5120383406191,15.429654015979239,91.47380847278741,56.95173124438332,15.269334819408538,53.270182328668575,74.47614170135192,0.0,48.86044738063525,36.11219636066239
38.4105035267826,34.49360261929028,111.60038879953764,15.429135087073185,91.56601912245242,56.99757710476279,15.26901218272709,53.3156385000159,74.56854574782446,0.0,48.90558091530112,36.15804222104186
38.457061712875664,34.496935861478,111.68874994668558,15.42861702095876,91.6582315779025,57.043424299430626,15.268689935717543,53.36109695026804,74.66095112858537,0.0,48.95071711854373,36.203889415709696
38.50361989896874,34.500261111201986,111.77712174749891,15.42809981566702,91.75044583373156,57.08927282469929,15.268368078094085,53.406557672335765,74.7533578399471,0.0,48.995855982987976,36.24973794097836
38.55017808506181,34.50357839553554,111.86550416755598,15.427583469234044,91.84266188455513,57.13512267689459,15.268046609568076,53.45202065915931,74.84576587823547,0.0,49.04099750128552,36.29558779317367
38.59673627115488,34.50688774143685,111.9538971725768,15.427067979700938,91.93487972501039,57.18097385235567,15.26772552984812,53.49748590370834,74.93817523978962,0.0,49.086141666114585,36.34143896863474
38.64329445724795,34.51018917574961,112.04230072842242,15.426553345113817,92.0270993497559,57.22682634743486,15.267404838640044,53.54295339898173,75.03058592096187,0.0,49.1312884701799,36.38729146371393
38.68985264334102,34.513482725203595,112.13071480109419,15.426039563523819,92.11932075347164,57.27268015849773,15.267084535647003,53.588423138007435,75.1229979181178,0.0,49.17643790621257,36.4331452747768
38.736410829434085,34.51676841641515,112.21913935673302,15.425526632987054,92.2115439308588,57.31853528192293,15.266764620569438,53.63389511384233,75.21541122763608,0.0,49.2215899669699,36.479000398202
38.78296901552716,34.52004627588786,112.30757436161888,15.425014551564663,92.30376887663974,57.3643917141022,15.266445093105188,53.679369319572054,75.30782584590841,0.0,49.26674464523537,36.52485683038127
38.82952720162024,34.523316330013,112.39601978216987,15.424503317322719,92.39599558555787,57.41024945144028,15.266125952949453,53.724845748310884,75.40024176933959,0.0,49.31190193381847,36.57071456771935
38.8760853877133,34.52657860507021,112.48447558494182,15.42399292833228,92.48822405237743,57.45610849035486,15.265807199794882,53.77032439320154,75.49265899434722,0.0,49.35706182555456,36.61657360663393
38.922643573806376,34.52983312722794,112.57294173662743,15.423483382669403,92.58045427188365,57.50196882727653,15.265488833331577,53.8158052474151,75.58507751736197,0.0,49.402224313304814,36.6624339435556
38.96920175989944,34.53307992254404,112.66141820405566,15.422974678415017,92.67268623888233,57.54783045864868,15.26517085324713,53.8612883041508,75.6774973348272,0.0,49.447389389956065,36.70829557492775
39.015759945992514,34.53631901696634,112.74990495419107,15.422466813655063,92.76491994820002,57.59369338092754,15.26485325922666,53.9067735566359,75.76991844319912,0.0,49.492557048420714,36.75415849720661
39.06231813208558,34.53955043633314,112.83840195413322,15.421959786480375,92.85715539468364,57.63955759058201,15.264536050952868,53.95226099812559,75.86234083894666,0.0,49.53772728163659,36.800022706861085
39.10887631817865,34.54277420637381,112.92690917111591,15.421453594986726,92.94939257320067,57.6854230840937,15.264219228106002,53.99775062190273,75.95476451855141,0.0,49.58290008256687,36.84588820037276
39.15543450427172,34.54599035270925,113.0154265725066,15.42094823727479,93.04163147863878,57.73128985795676,15.263902790363964,54.04324242127785,76.04718947850755,0.0,49.62807544419996,36.89175497423584
39.20199269036479,34.54919890085252,113.1039541258058,15.420443711450131,93.13387210590587,57.77715790867799,15.263586737402305,54.088736389588895,76.13961571532187,0.0,49.67325335954934,36.93762302495706
39.248550876457855,34.552399876209286,113.1924917986463,15.419940015623238,93.22611444993001,57.823027232776624,15.26327106889426,54.13423252020114,76.23204322551356,0.0,49.718433821653534,36.983492349055695
39.29510906255093,34.55559330407841,113.28103955879264,15.419437147909466,93.31835850565925,57.868897826784355,15.26295578451077,54.179730806507,76.32447200561435,0.0,49.76361682357592,37.029362943063425
39.341667248643994,34.558779209652435,113.36959737414044,15.418935106429029,93.41060426806152,57.91476968724526,15.262640883920543,54.225231241926,76.41690205216833,0.0,49.80880235840468,37.07523480352434
39.388225434737066,34.56195761801814,113.45816521271576,15.418433889307012,93.50285173212455,57.96064281071579,15.262326366790038,54.27073381990447,76.50933336173193,0.0,49.85399041925265,37.12110792699486
39.43478362083013,34.56512855415705,113.5467430426745,15.417933494673365,93.59510089285587,58.00651719376462,15.262012232783537,54.31623853391556,76.60176593087382,0.0,49.89918099925725,37.166982310043686
39.481341806923204,34.56829204294595,113.63533083230178,15.41743392066287,93.68735174528254,58.05239283297269,15.261698481563162,54.36174537745903,76.69419975617497,0.0,49.94437409158032,37.21285794925176
39.52789999301627,34.57144810915737,113.72392855001118,15.416935165415119,93.77960428445111,58.09826972493311,15.261385112788878,54.40725434406108,76.78663483422845,0.0,49.98956968940809,37.25873484121218
39.57445817910935,34.574596777460194,113.81253616434437,15.416437227074562,93.87185850542768,58.14414786625112,15.261072126118572,54.452765427274315,76.87907116163954,0.0,50.034767785951026,37.30461298253019
39.62101636520242,34.577738072420054,113.90115364397023,15.41594010379046,93.9641144032975,58.19002725354399,15.260759521208042,54.498278620677524,76.97150873502547,0.0,50.07996837444371,37.35049236982306
39.66757455129549,34.580872018499896,113.98978095768452,15.415443793716847,94.05637197316523,58.235907883441044,15.260447297711018,54.543793917875576,77.06394755101559,0.0,50.125171448144734,37.396372999720114
39.71413273738856,34.58399864006049,114.07841807440892,15.414948295012568,94.1486312101545,58.28178975258354,15.260135455279245,54.5893113124993,77.15638760625116,0.0,50.17037700033668,37.44225486886261
39.760690923481626,34.58711796136092,114.1670649631908,15.414453605841258,94.24089210940814,58.32767285762469,15.259823993562451,54.63483079820531,77.24882889738537,0.0,50.2155850243259,37.48813797390376
39.8072491095747,34.59023000655906,114.2557215932023,15.413959724371294,94.33315466608774,58.37355719522952,15.259512912208413,54.68035236867592,77.34127142108328,0.0,50.26079551344248,37.534022311508586
39.853807295667764,34.59333479971209,114.34438793373997,15.413466648775842,94.4254188753739,58.41944276207487,15.25920221086296,54.72587601761902,77.43371517402171,0.0,50.30600846104013,37.57990787835394
39.900365481760836,34.596432364777016,114.43306395422404,15.41297437723282,94.51768473246591,58.46532955484936,15.258891889170009,54.771401738767885,77.52616015288926,0.0,50.35122386049604,37.62579467112843
39.9469236678539,34.5995227256111,114.52174962419785,15.412482907924861,94.60995223258176,58.511217570253315,15.258581946771605,54.81692952588111,77.61860635438629,0.0,50.39644170521086,37.671682686532385
39.993481853946975,34.60260590597241,114.61044491332724,15.411992239039357,94.70222137095797,58.55710680499867,15.258272383307933,54.86245937274242,77.71105377522471,0.0,50.441661988608494,37.71757192127774
40.04004004004004,34.605681929520244,114.69914979140007,15.4115023687684,94.7944921428496,58.602997255809,15.257963198417336,54.90799127316061,77.80350241212813,0.0,50.48688470413609,37.76346237208807
40.08659822613311,34.608750819815675,114.78786422832552,15.411013295308805,94.88676454353005,58.648888919419434,15.257654391736363,54.953525220969375,77.89595226183162,0.0,50.53210984526388,37.809354035698505
40.13315641222618,34.611812600321976,114.87658819413352,15.410525016862076,94.97903856829107,58.694781792576585,15.257345962899786,54.99906121002719,77.98840332108182,0.0,50.57733740548512,37.855246908855655
40.17971459831925,34.61486729440512,114.96532165897425,15.410037531634412,95.07131421244263,58.74067587203853,15.2570379115406,55.044599234217195,78.08085558663684,0.0,50.622567378315935,37.90114098831759
40.226272784412316,34.61791492533428,115.05406459311753,15.409550837836692,95.16359147131278,58.78657115457474,15.256730237290093,55.09013928744705,78.17330905526613,0.0,50.66779975729529,37.94703627085381
40.272830970505396,34.620955516282265,115.1428169669522,15.409064933684457,95.25587034024768,58.83246763696607,15.256422939777854,55.13568136364888,78.26576372375054,0.0,50.71303453598489,37.992932753245135
40.31938915659846,34.62398909032599,115.23157875098562,15.408579817397934,95.34815081461136,58.87836531600465,15.256116018631795,55.181225456779025,78.35821958888218,0.0,50.758271707968966,38.03883043228371
40.365947342691534,34.62701567044697,115.32034991584308,15.408095487201946,95.44043288978577,58.92426418849386,15.255809473478143,55.22677156081803,78.45067664746446,0.0,50.80351126685432,38.08472930477293
40.4125055287846,34.63003527953175,115.40913043226719,15.40761194132599,95.5327165611706,58.970164251248306,15.255503303941522,55.27231966977049,78.54313489631198,0.0,50.84875320627015,38.130629367527376
40.45906371487767,34.6330479403724,115.49792027111745,15.407129178004205,95.62500182418331,59.01606550109376,15.255197509644947,55.3178697776649,78.6355943322505,0.0,50.893997519867995,38.17653061737283
40.50562190097074,34.63605367566695,115.58671940336954,15.406647195475278,95.7172886742589,59.061967934867084,15.254892090209838,55.3634218785536,78.72805495211689,0.0,50.93924420132157,38.222433051146155
40.55218008706381,34.639052508019866,115.67552780011492,15.406165991982592,95.80957710684986,59.10787154941623,15.254587045256072,55.40897596651258,78.8205167527591,0.0,50.98449324432678,38.2683366656953
40.598738273156876,34.642044459942475,115.76434543256009,15.40568556577404,95.90186711742619,59.15377634160012,15.254282374401974,55.454532035641385,78.91297973103606,0.0,51.0297446426015,38.31424145787919
40.645296459249955,34.64502955385347,115.85317227202627,15.405205915102167,95.99415870147523,59.1996823082887,15.253978077264383,55.500090080063075,79.00544388381772,0.0,51.07499838988559,38.36014742456777
40.69185464534303,34.648007812079285,115.94200828994863,15.404727038224058,96.08645185450153,59.2455894463628,15.253674153458615,55.54565009392397,79.0979092079849,0.0,51.12025447994072,38.40605456264187
40.738412831436094,34.65097925685461,116.03085345787598,15.40424893340136,96.1787465720269,59.29149775271413,15.253370602598544,55.59121207139363,79.1903757004293,0.0,51.16551290655031,38.4519628689932
40.784971017529166,34.6539439103228,116.11970774747,15.40377159890029,96.27104284959019,59.33740722424524,15.25306742429659,55.63677600666474,79.28284335805348,0.0,51.21077366351946,38.49787234052431
40.83152920362223,34.65690179453634,116.20857113050492,15.403295032991593,96.36334068274734,59.38331785786946,15.252764618163742,55.682341893952945,79.37531217777077,0.0,51.25603674467482,38.54378297414853
40.878087389715304,34.65985293145722,116.29744357886676,15.402819233950547,96.45564006707112,59.42922965051083,15.252462183809604,55.72790972749676,79.4677821565052,0.0,51.301302143864504,38.5896947667899
40.92464557580837,34.66279734295749,116.38632506455306,15.402344200056968,96.54794099815128,59.47514259910412,15.2521601208424,55.77347950155747,79.56025329119156,0.0,51.346569854958005,38.63560771538319
40.97120376190144,34.66573505081956,116.47521555967216,15.401869929595154,96.64024347159426,59.521056700594706,15.25185842886898,55.819051210419,79.6527255787752,0.0,51.391839871846116,38.681521816873776
41.01776194799451,34.66866607673678,116.56411503644276,15.401396420853933,96.73254748302327,59.56697195193859,15.251557107494879,55.864624848387805,79.7451990162122,0.0,51.43711218844083,38.72743706821766
41.06432013408758,34.671590442313715,116.65302346719326,15.400923672126602,96.82485302807805,59.612888350102324,15.251256156324306,55.91020040979276,79.83767360046897,0.0,51.48238679867521,38.773353466381394
41.110878320180646,34.67450816906667,116.74194082436152,15.40045168171094,96.91716010241494,59.65880589206294,15.250955574960168,55.95577788898505,79.93014932852266,0.0,51.52766369650337,38.81927100834201
41.15743650627372,34.67741927842412,116.83086708049414,15.399980447909197,97.00946870170674,59.704724574807955,15.250655363004123,56.00135728033808,80.02262619736075,0.0,51.57294287590034,38.865189691087025
41.203994692366784,34.680323791727076,116.91980220824588,15.39950996902809,97.10177882164257,59.750644395335314,15.25035552005655,56.04693857824731,80.11510420398118,0.0,51.618224330861985,38.911109511614384
41.25055287845986,34.68322173022956,117.00874618037945,15.399040243378776,97.1940904579279,59.796565350653324,15.250056045716605,56.09252177713019,80.20758334539227,0.0,51.66350805540494,38.957030466932395
41.29711106455292,34.686113115098976,117.09769896976458,15.398571269276815,97.28640360628442,59.84248743778061,15.249756939582237,56.138106871426075,80.30006361861261,0.0,51.70879404356644,39.00295255405968
41.343669250645995,34.688997967416576,117.186660549378,15.398103045042266,97.37871826245,59.88841065374612,15.249458201250194,56.183693855596054,80.3925450206712,0.0,51.75408228940437,39.04887577002519
41.390227436739075,34.691876308177825,117.2756308923025,15.397635568999533,97.47103442217848,59.934334995589005,15.249159830316056,56.229282724122875,80.48502754860715,0.0,51.79937278699706,39.09480011186807
41.43678562283214,34.69474815829286,117.3646099717267,15.397168839477448,97.56335208123977,59.98026046035862,15.248861826374247,56.274873471510844,80.57751119946982,0.0,51.84466553044322,39.140725576637685
41.48334380892521,34.69761353858686,117.45359776094445,15.396702854809249,97.65567123541972,60.02618704511448,15.24856418901804,56.32046609228572,80.66999597031877,0.0,51.88996051386191,39.186652161393546
41.52990199501828,34.70047246980049,117.54259423335438,15.396237613332554,97.74799188051996,60.07211474692627,15.248266917839642,56.366060580994606,80.7624818582236,0.0,51.93525773139238,39.23257986320533
41.57646018111135,34.70332497259027,117.63159936245935,15.395773113389348,97.84031401235792,60.11804356287365,15.24797001243011,56.41165693220582,80.85496886026407,0.0,51.98055717719407,39.27850867915271
41.623018367204416,34.706171067529006,117.72061312186601,15.395309353325963,97.93263762676673,60.16397349004636,15.247673472379443,56.457255140508856,80.94745697352982,0.0,52.02585884544643,39.32443860632542
41.66957655329749,34.709010775106165,117.8096354852844,15.394846331493103,98.02496271959514,60.209904525544125,15.247377297276584,56.50285520051417,81.03994619512066,0.0,52.07116273034888,39.37036964182318
41.716134739390554,34.71184411572831,117.89866642652719,15.394384046245786,98.11728928670738,60.25583666647658,15.247081486709423,56.54845710685319,81.13243652214621,0.0,52.116468826120766,39.41630178275565
41.76269292548363,34.714671109719475,117.98770591950952,15.39392249594342,98.20961732398327,60.30176990996335,15.24678604026486,56.5940608541782,81.22492795172604,0.0,52.161777127001194,39.46223502624242
41.80925111157669,34.717491777321534,118.07675393824836,15.393461678949643,98.30194682731792,60.34770425313378,15.246490957528735,56.639666437162134,81.31742048098954,0.0,52.20708762724902,39.50816936941285
41.855809297669765,34.72030613869467,118.165810456862,15.393001593632496,98.39427779262185,60.39363969312717,15.246196238085961,56.68527385049861,81.409914107076,0.0,52.252400321142716,39.55410480940624
41.90236748376283,34.72311421391764,118.25487544956968,15.392542238364221,98.48661021582078,60.439576227092495,15.245901881520425,56.73088308890172,81.5024088271344,0.0,52.29771520298029,39.600041343371565
41.9489256698559,34.72591602298832,118.34394889069104,15.392083611521429,98.57894409285562,60.48551385218852,15.245607887415115,56.77649414710603,81.59490463832348,0.0,52.343032267079266,39.64597896846759
41.99548385594897,34.72871158582396,118.43303075464573,15.391625711484947,98.6712794196824,60.53145256558368,15.245314255352026,56.82210701986638,81.68740153781174,0.0,52.388351507776534,39.69191768186275
42.04204204204204,34.731500922261645,118.52212101595285,15.391168536639922,98.76361619227225,60.577392364456095,15.245020984912285,56.86772170195786,81.77989952277721,0.0,52.43367291942829,39.737857480735165
42.088600228135114,34.734284052058605,118.61121964923063,15.390712085375704,98.8559544066112,60.62333324599345,15.244728075676083,56.91333818817569,81.87239859040764,0.0,52.47899649640994,39.78379836227253
42.13515841422819,34.737060994892715,118.70032662919574,15.390256356085931,98.9482940587002,60.66927520739306,15.244435527222777,56.95895647333516,81.96489873790033,0.0,52.52432223311607,39.829740323672134
42.18171660032125,34.73983177036273,118.78944193066302,15.389801347168438,99.04063514455497,60.7152182458617,15.244143339130785,57.004576552271374,82.05739996246203,0.0,52.5696501239603,39.87568336214078
42.228274786414325,34.74259639798877,118.87856552854504,15.38934705702531,99.13297766020615,60.761162358615735,15.243851510977736,57.0501984198394,82.14990226130914,0.0,52.61498016337527,39.921627474894805
42.27483297250739,34.745354897212614,118.96769739785147,15.388893484062823,99.22532160169892,60.80710754288087,15.243560042340373,57.095822070913975,82.24240563166734,0.0,52.660312345812486,39.96757265915994
42.32139115860046,34.74810728739815,119.0568375136888,15.388440626691468,99.31766696509315,60.85305379589231,15.243268932794654,57.1414475003895,82.33491007077185,0.0,52.70564666574231,40.013518912171385
42.367949344693535,34.75085358783169,119.14598585125987,15.38798848332592,99.41001374646329,60.89900111489461,15.242978181915728,57.18707470317996,82.42741557586723,0.0,52.75098311765383,40.05946623117368
42.4145075307866,34.753593817722376,119.23514238586324,15.38753705238506,99.50236194189824,60.94494949714166,15.242687789277959,57.23270367421875,82.51992214420731,0.0,52.79632169605484,40.10541461342073
42.46106571687968,34.756327996202465,119.32430709289311,15.387086332291894,99.59471154750136,60.990898939896624,15.242397754454911,57.278334408458655,82.61242977305537,0.0,52.8416623954717,40.15136405617569
42.507623902972746,34.75905614232783,119.41347994783841,15.38663632147362,99.68706255939028,61.03684944043195,15.242108077019436,57.323966900871724,82.70493845968376,0.0,52.88700521044928,40.19731455671102
42.55418208906582,34.76177827507816,119.50266092628272,15.386187018361552,99.77941497369703,61.08280099602929,15.241818756543593,57.36960114644916,82.79744820137418,0.0,52.93235013555089,40.243266112308355
42.600740275158884,34.76449441335748,119.59185000390382,15.3857384213912,99.87176878656778,61.12875360397949,15.241529792598763,57.41523714020133,82.88995899541744,0.0,52.977697165358215,40.28921872025856
42.64729846125196,34.767204575994384,119.68104715647296,15.385290529002118,99.96412399416292,61.17470726158252,15.24124118475558,57.460874877157494,82.98247083911353,0.0,53.02304629447122,40.33517237786159
42.69385664734502,34.769908781742465,119.7702523598548,15.384843339638056,100.0564805926569,61.220661966147475,15.240952932584007,57.50651435236591,83.07498372977156,0.0,53.06839751750807,40.381127082426545
42.740414833438095,34.77260704928066,119.85946559000672,15.384396851746855,100.1488385782382,61.26661771499253,15.240665035653334,57.552155560893624,83.16749766470969,0.0,53.11375082910508,40.4270828312716
42.78697301953116,34.775299397213516,119.94868682297843,15.383951063780385,100.24119794710924,61.31257450544481,15.240377493532122,57.59779849782634,83.26001264125503,0.0,53.1591062239166,40.47303962172388
42.83353120562423,34.77798584407171,120.03791603491169,15.38350597419468,100.33355869548639,61.35853233484055,15.24009030578835,57.643443158268504,83.35252865674384,0.0,53.20446369661499,40.51899745111961
42.8800893917173,34.780666408312214,120.12715320203974,15.38306158144981,100.42592081959982,61.40449120052482,15.239803471989319,57.68908953734303,83.44504570852119,0.0,53.249823241890475,40.56495631680389
42.92664757781037,34.7833411083188,120.21639830068692,15.382617884009917,100.51828431569348,61.4504510998517,15.239516991701715,57.73473763019132,83.53756379394113,0.0,53.295184854451165,40.61091621613077
42.97320576390344,34.786009962402254,120.30565130726825,15.382174880343188,100.61064918002499,61.496412030184096,15.239230864491612,57.780387431973146,83.6300829103666,0.0,53.34054852902289,40.65687714646317
43.01976394999651,34.78867298880081,120.39491219828909,15.38173256892188,100.7030154088657,61.542373988893786,15.238945089924494,57.82603893786658,83.72260305516937,0.0,53.38591426034921,40.702839105172856
43.066322136089575,34.79133020568047,120.48418095034457,15.38129094822225,100.79538299850047,61.58833697336136,15.238659667565257,57.87169214306787,83.81512422572999,0.0,53.43128204319125,40.74880208964043
43.11288032218265,34.79398163113528,120.57345754011926,15.380850016724574,100.88775194522768,61.63430098097612,15.238374596978213,57.91734704279137,83.90764641943784,0.0,53.47665187232772,40.79476609725519
43.15943850827571,34.79662728318778,120.6627419443869,15.380409772913168,100.98012224535917,61.680266009136176,15.238089877727147,57.96300363226949,84.00016963369096,0.0,53.522023742554765,40.840731125415246
43.20599669436879,34.79926717978926,120.7520341400097,15.379970215276343,101.07249389522029,61.72623205524831,15.237805509375272,58.008661906752565,84.09269386589618,0.0,53.56739764868596,40.88669717152738
43.252554880461865,34.80190133882008,120.84133410393811,15.379531342306354,101.16486689114952,61.77219911672793,15.237521491485266,58.05432186150874,84.18521911346886,0.0,53.61277358555215,40.932664233007
43.29911306655493,34.804529778090135,120.9306418132105,15.379093152499525,101.25724122949877,61.818167190999155,15.23723782361936,58.09998349182403,84.27774537383316,0.0,53.65815154800151,40.978632307278225
43.345671252648,34.80715251533896,121.01995724495256,15.378655644356051,101.34961690663314,61.8641362754946,15.236954505339163,58.145646793002044,84.37027264442166,0.0,53.70353153089934,41.02460139177367
43.39222943874107,34.809769568236284,121.10928037637706,15.378218816380159,101.44199391893085,61.9101063676555,15.236671536205895,58.19131176036404,84.46280092267564,0.0,53.74891352912807,41.07057148393457
43.43878762483414,34.81238095438222,121.1986111847833,15.377782667079979,101.53437226278321,61.95607746493159,15.236388915780244,58.236978389248804,84.55533020604479,0.0,53.79429753758718,41.11654258121066
43.48534581092721,34.81498669130763,121.28794964755686,15.377347194967601,101.62675193459458,62.00204956478109,15.23610664362244,58.28264667501253,84.64786049198737,0.0,53.83968355119311,41.16251468106016
43.53190399702029,34.81758679647447,121.37729574216924,15.376912398559043,101.71913293078234,62.04802266467068,15.235824719292273,58.32831661302882,84.74039177797003,0.0,53.88507156487922,41.20848778094975
43.57846218311335,34.82018128727607,121.46664944617716,15.376478276374224,101.81151524777668,62.09399676207545,15.235543142349064,58.37398819868847,84.83292406146786,0.0,53.930461573595686,41.25446187835451
43.625020369206425,34.822770181037484,121.55601073722256,15.37604482693698,101.90389888202074,62.13997185447886,15.235261912351737,58.419661427399554,84.92545733996435,0.0,53.97585357230944,41.30043697075793
43.67157855529949,34.82535349501582,121.64537959303205,15.375612048775059,101.99628382997045,62.18594793937275,15.234981028858787,58.46533629458724,85.01799161095131,0.0,54.021247556004155,41.34641305565182
43.71813674139256,34.82793124640048,121.73475599141635,15.375179940420056,102.08867008809445,62.23192501425724,15.234700491428258,58.51101279569366,85.11052687192887,0.0,54.06664351968007,41.39239013053631
43.76469492748563,34.83050345231361,121.82413991027029,15.374748500407483,102.18105765287406,62.27790307664077,15.234420299617883,58.556690926178014,85.20306312040546,0.0,54.11204145835405,41.43836819291983
43.8112531135787,34.83307012981027,121.913531327572,15.374317727276667,102.27344652080325,62.32388212403996,15.234140452984933,58.6023706815163,85.29560035389773,0.0,54.15744136705938,41.48434724031903
43.857811299671766,34.83563129587885,122.00293022138295,15.373887619570857,102.3658366883886,62.369862153979724,15.23386095108635,58.64805205720133,85.38813856993058,0.0,54.20284324084584,41.530327270258795
43.90436948576484,34.83818696744134,122.09233656984722,15.373458175837106,102.45822815214913,62.41584316399312,15.233581793478722,58.69373504874267,85.48067776603703,0.0,54.24824707477953,41.57630828027219
43.950927671857904,34.840737161353616,122.18175035119131,15.373029394626272,102.55062090861631,62.4618251516213,15.233302979718243,58.739419651666445,85.57321793975828,0.0,54.29365286394283,41.62229026790037
43.99748585795098,34.8432818944058,122.27117154372375,15.372601274493109,102.64301495433412,62.50780811441361,15.233024509360812,58.78510586151543,85.66575908864367,0.0,54.33906060343439,41.668273230692684
44.04404404404404,34.845821183322506,122.36060012583467,15.372173813996094,102.73541028585875,62.553792049927424,15.232746381961967,58.83079367384883,85.75830121025055,0.0,54.384470288368945,41.714257166206494
44.090602230137115,34.848355044763224,122.4500360759955,15.371747011697622,102.82780689975878,62.5997769557282,15.232468597076974,58.87648308424232,85.8508443021444,0.0,54.42988191387742,41.760242072007266
44.13716041623019,34.85088349532251,122.53947937275855,15.371320866163762,102.92020479261498,62.64576282938936,15.232191154260736,58.92217408828781,85.94338836189863,0.0,54.47529547510669,41.80622794566843
44.18371860232325,34.853406551530426,122.62892999475667,15.370895375964452,103.0126039610203,62.69174966849238,15.231914053067927,58.96786668159358,86.0359333870947,0.0,54.52071096721964,41.85221478477145
44.230276788416326,34.85592422985269,122.71838792070287,15.37047053967337,103.10500440157985,62.737737470626605,15.231637293052877,59.013560859784015,86.128479375322,0.0,54.56612838539503,41.898202586905676
44.2768349745094,34.85843654669109,122.80785312938998,15.370046355867956,103.19740611091079,62.78372623338937,15.231360873769683,59.05925661849966,86.22102632417784,0.0,54.611547724827474,41.944191349668436
44.32339316060247,34.86094351838371,122.89732559969026,15.369622823129383,103.28980908564226,62.829715954385826,15.231084794772137,59.104953953397036,86.31357423126735,0.0,54.65696898072731,41.99018107066488
44.36995134669554,34.86344516120528,122.98680531055508,15.36919994004261,103.38221332241541,62.87570663122902,15.230809055613822,59.15065286014867,86.40612309420362,0.0,54.70239214832062,42.03617174750808
44.41650953278861,34.8659414913674,123.07629224101453,15.368777705196294,103.47461881788331,62.92169826153981,15.230533655848042,59.19635333444296,86.49867291060748,0.0,54.74781722284914,42.08216337781887
44.463067718881675,34.86843252501893,123.1657863701771,15.368356117182838,103.56702556871087,62.96769084294686,15.230258595027903,59.24205537198413,86.5912236781076,0.0,54.79324419957016,42.12815595922592
44.50962590497475,34.87091827824615,123.25528767722926,15.36793517459832,103.65943357157477,63.01368437308654,15.229983872706239,59.287758968492106,86.68377539434034,0.0,54.83867307375649,42.17414948936561
44.55618409106781,34.87339876707318,123.34479614143522,15.367514876042565,103.75184282316351,63.059678849603046,15.229709488435727,59.33346411970254,86.77632805694992,0.0,54.884103840696405,42.22014396588211
44.602742277160885,34.875874007462166,123.43431174213649,15.367095220119056,103.84425332017726,63.105674270148164,15.229435441768798,59.379170821366635,86.86888166358811,0.0,54.92953649569357,42.26613938642723
44.649300463253965,34.8783440153136,123.5238344587515,15.366676205434965,103.93666505932782,63.15167063238139,15.229161732257683,59.42487906925112,86.9614362119144,0.0,54.97497103406696,42.31213574866046
44.69585864934703,34.88080880646666,123.61336427077538,15.36625783060115,104.0290780373386,63.19766793396987,15.228888359454487,59.47058885913822,87.05399169959597,0.0,55.020407451150845,42.35813305024894
44.7424168354401,34.883268396699386,123.70290115777959,15.365840094232116,104.12149225094456,63.24366617258833,15.228615322911075,59.51630018682549,87.1465481243075,0.0,55.065845742294705,42.4041312888674
44.78897502153317,34.88572280172903,123.79244509941142,15.36542299494601,104.21390769689214,63.28966534591906,15.228342622179166,59.5620130481258,87.23910548373131,0.0,55.111285902863116,42.45013046219813
44.83553320762624,34.88817203721234,123.88199607539389,15.365006531364646,104.30632437193924,63.335665451651955,15.22807025681034,59.60772743886733,87.33166377555726,0.0,55.156727928235796,42.496130567931026
44.88209139371931,34.89061611874579,123.97155406552517,15.364590702113459,104.3987422728552,63.38166648748432,15.227798226356,59.65344335489335,87.4242229974827,0.0,55.202171813807475,42.54213160376339
44.92864957981238,34.893055061865894,124.06111904967848,15.364175505821478,104.49116139642057,63.42766845112103,15.227526530367415,59.69916079206225,87.51678314721245,0.0,55.247617554987805,42.5881335674001
44.975207765905445,34.895488882049484,124.15069100780157,15.363760941121392,104.58358173942732,63.473671340274365,15.227255168395759,59.74487974624752,87.60934422245889,0.0,55.29306514720141,42.634136456553435
45.02176595199852,34.89791759471396,124.24026991991647,15.36334700664945,104.67600329867862,63.519675152664036,15.226984139992043,59.79060021333752,87.70190622094162,0.0,55.3385145858877,42.68014026894311
45.06832413809158,34.90034121521757,124.3298557661191,15.362933701045522,104.76842607098881,63.56567988601717,15.226713444707173,59.83632218923558,87.79446914038783,0.0,55.3839658665009,42.72614500229624
45.114882324184656,34.9027597588597,124.41944852657909,15.362521022953047,104.86085005318343,63.61168553806824,15.226443082091981,59.882045669859835,87.88703297853196,0.0,55.42941898450995,42.77215065434731
45.16144051027772,34.90517324088111,124.5090481815393,15.362108971019023,104.95327524209902,63.657692106559026,15.226173051697156,59.92777065114318,87.97959773311581,0.0,55.47487393539848,42.8181572228381
45.207998696370794,34.90758167646421,124.59865471131543,15.361697543894026,105.0457016345833,63.70369958923866,15.225903353073337,59.97349712903319,88.07216340188853,0.0,55.52033071466467,42.86416470551774
45.25455688246386,34.909985080733364,124.688268096296,15.36128674023218,105.13812922749487,63.749707983863516,15.225633985771065,60.01922509949212,88.16472998260646,0.0,55.56578931782133,42.91017310014259
45.30111506855693,34.9123834687551,124.7778883169417,15.360876558691153,105.23055801770332,63.795717288197245,15.22536494934082,60.06495455849672,88.25729747303325,0.0,55.6112497403957,42.956182404476316
45.347673254650005,34.91477685553843,124.86751535378524,15.36046699793215,105.32298800208919,63.84172750001067,15.225096243333025,60.110685502038315,88.34986587093974,0.0,55.65671197792949,43.00219261628974
45.39423144074308,34.91716525603505,124.95714918743096,15.360058056619883,105.4154191775438,63.887738617081844,15.224827867298035,60.156417926122586,88.44243517410398,0.0,55.70217602597875,43.048203733360914
45.44078962683614,34.91954868513964,125.0467897985546,15.359649733422584,105.50785154096931,63.933750637195956,15.224559820786153,60.202151826769615,88.53500538031116,0.0,55.7476418801139,43.09421575347503
45.487347812929215,34.92192715769013,125.13643716790286,15.359242027011994,105.60028508927866,63.979763558145336,15.224292103347665,60.247887200013786,88.62757648735361,0.0,55.79310953591959,43.14022867442441
45.53390599902228,34.924300688467945,125.22609127629322,15.358834936063355,105.69271981939548,64.02577737772941,15.224024714532819,60.29362404190373,88.72014849303076,0.0,55.83857898899468,43.18624249400849
45.58046418511535,34.926669292198234,125.31575210461348,15.358428459255345,105.78515572825403,64.0717920937547,15.223757653891813,60.33936234850222,88.81272139514911,0.0,55.884050234952184,43.232257210033765
45.62702237120842,34.929032983550194,125.40541963382161,15.358022595270196,105.87759281279929,64.11780770403475,15.223490920974887,60.38510211588618,88.90529519152223,0.0,55.929523269419214,43.278272820313816
45.67358055730149,34.93139177713725,125.4950938449453,15.357617342793539,105.9700310699867,64.16382420639013,15.223224515332229,60.430843340146545,88.99786987997068,0.0,55.974998088036905,43.3242893226692
45.72013874339456,34.933745687517366,125.58477471908179,15.357212700514474,106.06247049678235,64.20984159864842,15.222958436514023,60.476586017388236,89.09044545832205,0.0,56.02047468646041,43.37030671492749
45.76669692948763,34.93609472919325,125.67446223739731,15.356808667125556,106.15491109016268,64.25585987864412,15.222692684070488,60.522330143730116,89.18302192441082,0.0,56.065953060358744,43.416324994923194
45.8132551155807,34.938438916612654,125.76415638112711,15.356405241322783,106.24735284711466,64.30187904421872,15.22242725755185,60.56807571530488,89.2755992760785,0.0,56.111433205414876,43.46234416049779
45.85981330167377,34.94077826416856,125.85385713157491,15.356002421805558,106.3397957646356,64.34789909322058,15.222162156508345,60.613822728259045,89.36817751117341,0.0,56.156915117325525,43.508364209499646
45.90637148776684,34.943112786199485,125.94356447011276,15.355600207276709,106.43223983973317,64.39392002350495,15.221897380490233,60.65957117875282,89.46075662755086,0.0,56.202398791801194,43.55438513978402
45.952929673859906,34.945442496989706,126.03327837818053,15.35519859644248,106.52468506942543,64.43994183293395,15.221632929047836,60.70532106296014,89.55333662307294,0.0,56.24788422456612,43.60040694921302
45.99948785995298,34.94776741076951,126.12299883728583,15.354797588012492,106.6171314507405,64.48596451937651,15.221368801731508,60.75107237706852,89.64591749560854,0.0,56.29337141135816,43.64642963565557
46.046046046046044,34.950087541715405,126.21272582900365,15.354397180699772,106.70957898071694,64.53198808070835,15.221104998091636,60.79682511727901,89.73849924303346,0.0,56.33886034792879,43.69245319698742
46.092604232139124,34.952402903950414,126.30245933497591,15.353997373220706,106.8020276564033,64.578012514812,15.220841517678686,60.842579279806195,89.83108186323018,0.0,56.38435103004302,43.73847763109107
46.13916241823219,34.954713511544306,126.39219933691145,15.353598164295079,106.89447747485835,64.62403781957671,15.220578360043184,60.888334860878054,89.92366535408797,0.0,56.42984345347937,43.784502935855784
46.18572060432526,34.957019378513806,126.48194581658547,15.353199552646016,106.98692843315092,64.67006399289846,15.220315524735717,60.93409185673595,90.0162497135028,0.0,56.475337614029804,43.83052910917753
46.23227879041833,34.95932051882283,126.57169875583934,15.352801536999975,107.07938052835985,64.71609103267991,15.220053011306959,60.979850263634546,90.10883493937732,0.0,56.520833507499646,43.87655614895899
46.2788369765114,34.96161694638277,126.66145813658038,15.352404116086781,107.17183375757403,64.76211893683042,15.219790819307647,61.02561007784177,90.20142102962087,0.0,56.566331129707564,43.92258405310948
46.325395162604465,34.963908675052714,126.7512239407815,15.352007288639593,107.26428811789228,64.80814770326594,15.219528948288652,61.071371295638755,90.29400798214947,0.0,56.61183047648555,43.96861281954501
46.37195334869754,34.96619571863964,126.84099615048086,15.351611053394866,107.35674360642331,64.85417732990908,15.219267397800895,61.11713391331973,90.3865957948857,0.0,56.657331543678765,44.014642446188155
46.41851153479062,34.968478090898685,126.93077474778168,15.351215409092372,107.44920022028568,64.90020781468903,15.219006167395415,61.162897927192034,90.4791844657587,0.0,56.70283432714558,44.060672930968096
46.46506972088368,34.97075580553342,127.02055971485196,15.350820354475205,107.54165795660784,64.94623915554152,15.218745256623372,61.208663333576,90.57177399270427,0.0,56.74833882275751,44.10670427182059
46.51162790697674,34.97302887619598,127.11035103392406,15.350425888289761,107.63411681252796,64.99227135040886,15.218484665036035,61.254430128804934,90.66436437366467,0.0,56.79384502639911,44.15273646668793
