10Dq,1_A_1_0,1_A_1_1,1_A_1_2,1_A_1_3,1_A_1_4,1_A_2_0,1_A_2_1,1_E_0,1_E_1,1_E_2,1_E_3,1_E_4,1_T_1_0,1_T_1_1,1_T_1_2,1_T_1_3,1_T_2_0,1_T_2_1,1_T_2_2,1_T_2_3,1_T_2_4,1_T_2_5,1_T_2_6,3_A_1,3_A_2_0,3_A_2_1,3_E_0,3_E_1,3_E_2,3_T_1_0,3_T_1_1,3_T_1_2,3_T_1_3,3_T_1_4,3_T_1_5,3_T_1_6,3_T_2_0,3_T_2_1,3_T_2_2,3_T_2_3,3_T_2_4,5_E,5_T_2
0.0,37110.000000000015,39839.300496452095,45880.39813693118,71040.69950354789,122549.60186306888,37110.0,53085.0,37109.999999999985,39839.300496452095,47445.37819565667,71040.69950354792,93254.62180434333,37109.99999999999,39839.30049645208,53085.0,71040.69950354788,37110.00000000001,37110.00000000003,39839.30049645211,47445.37819565667,53085.0,71040.69950354792,93254.62180434336,30065.0,28419.23645956478,61980.76354043522,24740.0,30065.0,37520.0,24739.99999999999,24740.0,28321.940277389698,28419.23645956478,30065.000000000007,61980.76354043525,62078.05972261027,24740.000000000004,28419.236459564778,30065.0,37520.0,61980.76354043522,0.0,0.0
40.04004004004004,37094.817758019344,39822.046317573026,45896.62636422212,71080.90530942142,122565.6442908042,37142.015950726985,53093.024089313054,37153.515052208655,39850.63040373247,47488.05516614788,71060.20868195946,93257.71081607162,37102.390100179495,39838.793068881714,53105.036956238226,71068.81991474058,37110.88652242662,37150.68254466122,39886.6186595215,47443.62095961858,53099.724763768565,71034.30593976175,93279.28073036193,30105.04004004004,28452.22379136295,61987.81624867709,24771.99376557587,30084.44759471654,37548.63871978767,24734.887503508187,24776.7075677975,28333.26298628957,28431.49578744907,30093.389327719564,61999.628029874184,62095.74891748209,24745.22889845211,28438.044100865638,30058.812411871273,37527.62559503754,61995.32903381348,40.04004004003946,0.0
80.08008008008008,37078.3882595909,39805.52113081628,45913.27456797398,71121.1565461033,122581.73957559562,37173.999642012124,53101.080438067955,37196.694177633246,39862.20312764179,47530.7380711451,71079.79960913185,93260.80525468828,37094.12415076318,39838.8659299665,53125.1078119337,71096.9821874167,37111.64397033689,37191.15961242034,39934.07795313682,47441.86143394935,53114.53696710037,71027.97445419847,93303.98584909807,30145.08008008008,28485.19723761615,61994.88284246393,24803.91047357586,30103.89517087789,37577.35451570641,24729.458219209548,24812.85318570206,28336.416859435478,28452.00182172787,30122.506421504564,62015.25040094755,62116.75333171318,24750.239484879363,28456.766875364076,30052.840908246362,37535.249406611576,62009.98340497871,80.08008008007891,0.0
120.12012012012013,37060.70909970289,39789.734678140754,45930.33614280907,71161.45243148884,122597.88776797854,37205.95092824663,53109.16919187349,37239.52828365842,39874.028182833645,47573.42613122575,71099.47262633199,93263.90513631055,37085.208337704724,39839.513027859764,53145.21260822717,71125.18614632849,37112.27768390271,37231.43271459747,39981.669722631086,47440.10049651843,53129.43752782886,71021.70507040765,93328.7371444742,30185.12012012012,28518.156766094107,62001.96335402601,24835.749333357562,30123.343979000612,37606.14692788207,24723.712768207966,24848.42898986271,28334.69842605393,28477.458323212013,30152.358178480725,62028.09918497919,62140.60448956388,24755.033611387327,28475.391319706454,30047.09677103013,37542.871999936266,62024.72641805994,120.12012012011837,0.0
160.16016016016016,37041.78029500508,39774.69418520153,45947.804569645086,71201.79219167551,122614.088918633,37237.86966334207,53117.29049681809,37282.00804723023,39886.1153087952,47616.118572098116,71119.22807522156,93267.01047713541,37075.64959201138,39840.727564157736,53165.351387047005,71153.431616944,37112.79270025278,37271.50335239858,40029.38560831372,47438.339036502686,53144.427371400656,71015.49781107344,93353.53460053865,30225.160160160158,28551.102344501498,62009.05781565866,24867.509549510014,30142.795274973894,37635.01549583641,24717.65168311133,24883.42721092078,28330.67683931684,28505.29762924955,30182.950287691558,62038.89678525613,62166.580044934286,24759.613127852466,28493.90341054109,30041.5918415485,37550.493943758454,62039.55783645965,160.16016016015783,0.0
200.2002002002002,37021.60429283521,39760.404351081685,45965.67341704613,71242.1750608552,122630.34307838201,37269.75570073273,53125.44449946747,37324.12392321248,39898.47446162913,47658.814624480816,71139.0662978384,93270.12129343973,37065.45554669853,39842.502036978134,53185.524191077886,71181.71842544561,37113.19377213824,37311.37301476462,40077.21752882663,47436.57795457532,53159.507430805446,71009.3526980259,93378.37820146442,30265.200200200197,28584.03394047801,62016.16625972219,24899.190321976643,30162.250319846476,37663.95975857727,24711.275418459954,24917.8402034114,28325.682403178413,28534.192164257303,30214.287152896373,62048.292723389786,62194.030535007405,24763.97988006783,28512.28855171296,30036.33853517889,37558.11581037006,62054.47742287045,200.2002002001973,0.0
240.24024024024027,37000.185953269094,39746.86736528891,45983.936342284214,71282.60028120791,122646.65029819004,37301.608893378056,53133.63134686218,37365.86615487935,39911.11580369584,47701.5135239864,71158.98763657772,93273.23760158135,37054.63449048806,39844.828287294295,53205.73106373001,71210.04639872785,37113.48538544186,37351.04317631545,40125.15766556392,47434.81816309749,53174.67864650159,71003.26975225286,93403.26793154758,30305.240240240237,28616.95152159831,62023.28871864193,24930.790846184427,30181.710379608667,37692.97925468738,24704.584361074067,24951.6604772323,28320.365020613197,28563.49601204125,30246.37183019178,62056.7559011093,62222.487118458834,24768.135707974005,28530.531564244284,30031.349853109525,37565.73817562066,62069.48493929175,240.24024024024038,0.0
280.2802802802803,36977.53250467895,39734.082951508244,46002.58709213497,71323.06710279704,122663.01062916113,37333.42909376522,53141.85118651506,37407.2247867279,39924.04969093214,47744.21451100843,71178.99243417307,93276.35941799935,37043.19531888306,39847.69754789263,53225.97204910882,71238.41536439573,37113.67177558815,37390.51529538898,40173.19844809611,47433.06058631213,53189.94196633801,70997.24899391163,93428.20377520584,30345.280280280276,28649.8550553721,62030.42522490818,24962.31031317948,30201.176724969453,37722.07352241162,24697.578840296763,24984.88073110196,28315.060007567612,28592.879104620835,30279.20598153126,62064.59688741294,62251.63928830948,24772.0824439756,28548.616679853825,30026.639390474527,37573.36161893004,62084.580147046276,280.28028028027984,0.0
320.3203203203203,36953.65347396427,39722.0484369235,46021.61950343,71363.57478346524,122679.4241225374,37365.21615391169,53150.10416640864,37448.18967979159,39937.28665766525,47786.91683061251,71199.08103367675,93279.48675921487,37031.14748325749,39851.100494314844,53246.24719198505,71266.82515076296,37113.756942913205,37429.79081217641,40221.3325405407,47431.30616054056,53205.298345471616,70991.29044234101,93453.18571697752,30385.320320320323,28682.74450924413,62037.575811076196,24993.747909769147,30220.650631128545,37751.24209974296,24690.259138108482,25017.4938878922,28309.954284901927,28622.161014681587,30312.78984487951,62072.01703018225,62281.28576031506,24775.82191134321,28566.52753886655,30022.22134001325,37580.98672330073,62099.762806796585,320.32032032032294,0.0
360.36036036036035,36928.56059324393,39710.75884529816,46041.02750338815,71404.12258873273,122695.89082969741,37396.96992536794,53158.39043499241,37488.75052962947,39950.837398748394,47829.61973243112,71219.25377844041,93282.61964183167,37018.50093859215,39855.02729715303,53266.55653776528,71295.27558684991,37113.74466705196,37468.87114695302,40269.5528288207,47429.555834381455,53220.74874628073,70985.39411607344,93478.2137415198,30425.360360360362,28715.6198505942,62044.740509766154,25025.102818670643,30240.133377543258,37780.48452450683,24682.625499089285,25049.493131681993,28305.160100112807,28651.237199683605,30347.122221361802,62079.14795362284,62311.294975528785,24779.355922700386,28584.247193463918,30018.11049030387,37588.614075330646,62115.03267856155,360.3603603603624,0.0
400.4004004004004,36902.26768534115,39700.20701146315,46060.80510974533,71444.70979169632,122712.41080215448,37428.69025922025,53166.710141180156,37528.89688715337,39964.712748854276,47872.32247056179,71239.5110120949,93285.75808253691,37005.26609046933,39859.46767508611,53286.900132462986,71323.76650238196,37113.63852040022,37507.75769840441,40317.85240875512,47427.81056891233,53236.294138274105,70979.56003284726,93503.28783360777,30465.400400400402,28748.481046737223,62051.91935366318,25056.374218666482,30259.6262476902,37809.80033444412,24674.67814020482,25080.871946336716,28300.74941924753,28680.044557472043,30382.200479370273,62086.077488077644,62341.579170492216,24782.686278595273,28601.758117320107,30014.322217526773,37596.24426522564,62130.389521732606,400.40040040040185,0.0
440.4404404404405,36874.790530832324,39690.38371442149,46080.94643070188,71485.33567292968,122728.98409155503,37460.37700609351,53175.06343434693,37568.618182440434,39978.92365878055,47915.02430346867,71259.85307853005,93288.90209810161,36991.45374190711,39864.41094807601,53307.27802266986,71352.29772778739,37113.44188070639,37546.451842047056,40366.22457492684,47426.07133789366,53251.93549799541,70973.78820961928,93528.40797813267,30505.44044044044,28781.328064923222,62059.112375517216,25087.561284766656,30279.13052882163,37839.189067292595,24666.417260391936,25111.624155374386,28296.77102011568,28708.544262985204,30418.020575188515,62092.865699883696,62372.07834738192,24785.814766155676,28619.042222754255,30010.872469628222,37603.87788681201,62145.833095090275,440.4404404404413,0.0
480.48048048048054,36846.146719753364,39681.27782595846,46101.44566470625,71525.99952038552,122745.61074967691,37492.03001615422,53183.45046432626,37607.90375165508,39993.48116864255,47957.72449388815,71280.28032187428,93292.05170538137,36977.075040575175,39869.846090181854,53327.6902555276,71380.86909419588,37113.15794284645,37584.95492874236,40414.662810275666,47424.33912797537,53267.67380892334,70968.07866257711,93553.57416010124,30545.48048048048,28814.160872337372,62066.31960814311,25118.663188377694,30298.647511716386,37868.65026086688,24657.84304991963,25141.743962836146,28293.259513111985,28736.712660875903,30454.57708931228,62099.554705228235,62402.75046015729,24788.74315782677,28636.08088659778,30007.777741686652,37611.51553754906,62161.363156820225,480.48048048048076,0.0
520.5205205205206,36816.355491254886,39672.87647144908,46122.29710009055,71566.70062929834,122762.29082842772,37523.64913911345,53191.871381407065,37646.742867176494,40008.396377857265,48000.422308737034,71300.7930864736,93295.20692131719,36962.14142688657,39875.76178149782,53348.136878700134,71409.48043343598,37112.7897298333,37623.268283302605,40463.16077636702,47422.614938906016,53283.51006136691,70962.43140715221,93578.78636463359,30585.52052052052,28846.979436100028,62073.54108442049,25149.679097478744,30318.178490425365,37898.18345313693,24648.955699501163,25171.2259948344,28290.240359208678,28764.53614601024,30491.86327729415,62106.174743577925,62433.56534113501,24791.473210189997,28652.854986019025,30005.05504124055,37619.15781854145,62176.97946452949,520.5205205205202,0.0
560.5605605605606,36785.43756457238,39665.16519948116,46143.49511457472,71607.43830208923,122779.02437984312,37555.23422423002,53200.326336330545,37685.12477099223,40023.68041185834,48043.1170190247,71321.3917168705,93298.36776293592,36946.66458340786,39882.14645877248,53368.61794034633,71438.13157803394,37112.34010310955,37661.393203187305,40511.712304288994,47420.89978374448,53299.445252356236,70956.8464580325,93604.04457696264,30625.56056056056,28879.783723266755,62080.7768372938,25180.608176804704,30337.72476201145,37927.78818230497,24639.755409133268,25200.065341409147,28287.73278930995,28792.00812951711,30529.871133640376,62112.74800893391,62464.50086973791,24794.006662861662,28669.344945555924,30002.72184232872,37626.80533455162,62192.68177526265,560.5605605605597,0.0
600.6006006006007,36753.41496463555,39658.128156955354,46165.03417465316,71648.21184827138,122795.81145608521,37586.78512031364,53208.81548028696,37723.03871137677,40039.34438552322,48085.80789976806,71342.07655778271,93301.534247351,36930.65638597353,39888.98836432303,53389.133489092885,71466.8223612111,37111.81177216961,37699.33095728779,40560.311386133544,47419.194689074146,53315.48038552828,70951.32382917579,93629.34878243272,30665.6006006006,28912.57370082836,62088.026899772245,25211.44958803645,30357.287626283804,37957.46398688095,24630.242396638587,25228.257598283348,28285.751567714837,28819.12714978653,30568.59146704808,62119.29112060976,62495.54050172068,24796.345237469628,28685.53079656984,30000.796027031432,37634.45869401199,62208.4698455177,600.6006006005991,0.0
640.6406406406406,36720.31084549594,39651.74826646926,46186.90883487755,71689.0205843572,122812.65210944074,37618.30167572822,53217.33896491242,37760.47398282414,40055.39936334316,48128.49422990983,71362.84795408143,93304.70639176333,36914.12885683386,39896.27559291621,53409.6835740079,71495.55261688265,37111.20730355549,37737.08278479843,40608.95216702017,47417.500695219656,53331.61647100774,70945.8635338225,93654.6989664979,30705.64064064064,28945.349335710933,62095.291304929706,25242.202489998308,30376.868385526504,37987.210405756465,24620.416905887923,25255.798908072004,28284.308091005103,28845.895639451755,30608.013985099973,62125.816752876766,62526.67163952842,24798.49063670634,28701.392250237546,29999.295813397435,37642.11850903712,62224.34343126218,640.6406406406422,0.0
680.6806806806808,36686.149314520284,39646.007403026,46209.11373704827,71729.86383376653,122829.5463923196,37649.78373839523,53225.89694228545,37797.41996914764,40071.85631642353,48171.17529223995,71383.7062507692,93307.88421346173,36897.09412010649,39903.99613634458,53430.2682445745,71524.32217965514,37110.52912926753,37774.6498941717,40657.62893762259,47415.81885646623,53347.85452528301,70940.46558450958,93680.09511472142,30745.680680680678,28978.11059477587,62102.57008590481,25272.866038862783,30396.468344221397,38017.02697827718,24610.279214679562,25282.68600046874,28283.411090439808,28872.319082755675,30648.1273864339,62132.33473345454,62557.88453380986,24800.444543456153,28716.90878503256,29998.239668807393,37649.78539543564,62240.30228794894,680.6806806806817,0.0
720.7207207207207,36650.95525999846,39640.88656740678,46231.64360932617,71770.74092673635,122846.4943572529,37681.231155797184,53234.48956492354,37833.86618959727,40088.726076463456,48213.85037331987,71404.65179295787,93311.06772982368,36879.564359746786,39912.13792548403,53450.88755066511,71553.13088482474,37109.7795546289,37812.03346215508,40706.3361271625,47414.15024128143,53364.19557107675,70935.12999308355,93705.53721277398,30785.720720720718,29010.85744481993,62109.86327590079,25303.43938836255,30416.088808765206,38046.91324431368,24599.82964225355,25308.91623091024,28283.067090257387,28898.405413434524,30688.919458374326,62138.85279930224,62589.17152762995,24802.208619994995,28732.05974939939,29997.64620807232,37657.459972722114,62256.34617053189,720.7207207207211,0.0
760.7607607607608,36614.75418446891,39636.36605389398,46254.493265275094,71811.65120023137,122863.4960568914,37712.64377498114,53243.11698577962,37869.80234777686,40106.019286933355,48256.51876340997,71425.68492584587,93314.25695831617,36861.55178019687,39920.68886967229,53471.54154251618,71581.97856837545,37108.96076564074,37849.23463290712,40755.06829683596,47412.49593253955,53380.64063721165,70929.85677071442,93731.02524643282,30825.76076076076,29043.589852575264,62117.17090818549,25333.921690009873,30435.73108718079,38076.86874433086,24589.068556420018,25334.487617202947,28283.280711774776,28924.16456574329,30730.377178049042,62145.377126637104,62620.52652645513,24803.784507260374,28746.82447998719,29997.534075902673,37665.142864128655,62272.47483348187,760.7607607607606,0.0
800.8008008008007,36577.572045691246,39632.42561040496,46277.65760284467,71852.59399785615,122880.55154400383,37744.0214425624,53251.779358238404,37905.21838306971,40123.746351741116,48299.17975639977,71446.80599469543,93317.45191649637,36843.068569823125,39929.636893298135,53492.2302707028,71610.86506697677,37108.07483586225,37886.254517190246,40803.82013364107,47410.85702774853,53397.190758470395,70924.64592790963,93756.55920158028,30865.8008008008,29076.30778470945,62124.49301609135,25364.312093323333,30455.396488822527,38106.89301945574,24577.99638028168,25359.39887359041,28284.05487810058,28949.608126230603,30772.48681510734,62151.91270923507,62651.944619856746,24805.173824189238,28761.182435376813,29997.921813816338,37672.83469661629,62288.68803080211,800.8008008008001,0.0
840.840840840841,36539.43510681436,39629.04458948028,46301.131603302994,71893.56866976821,122897.66087147505,37775.3640047282,53260.47683611263,37940.10452420625,40141.91738175368,48341.83264974097,71468.01534480939,93320.65262201215,36824.12686720543,39938.969969539,53512.95378611426,71639.79021798212,37107.123732847474,37923.094191637174,40852.58644457739,47409.23463927917,53413.846975450564,70919.49747452773,93782.13906420307,30905.84084084084,29109.01120782556,62131.82963301528,25394.60974606205,30475.08632407582,38136.98561154381,24566.61359853219,25383.649441744015,28285.390953926046,28974.749054077347,30815.23403429764,62158.463632866,62683.421807079314,24806.378167121744,28775.1133447085,29998.82771208045,37680.53610088623,62304.985516043904,840.8408408408395,0.0
880.880880880881,36500.36979691166,39626.2020889455,46324.91033012663,71934.57457259268,122914.82409230445,37806.67130724156,53269.20957363932,37974.45134452945,40160.542139618774,48384.47674438334,71489.31332150781,93323.85909260329,36804.738730298996,39948.676151225445,53533.71213992969,71668.7538594267,37106.10932416939,37959.7546980888,40901.362151190064,47407.629894597136,53430.61033441392,70914.41141979277,93807.76482039058,30945.88088088088,29141.700088462174,62139.1807924187,25424.813794467264,30494.80190405067,38167.146063243825,24554.92076331362,25407.23951817534,28287.288842676826,28999.60144979815,30858.603996340415,62165.03327738207,62714.95479495621,24807.39910926849,28788.59737000525,30000.26964789444,37688.24771139071,62321.36704232199,880.880880880879,0.0
920.920920920921,36460.40258269975,39623.877081423474,46348.98892785584,71975.61106933774,122932.04125960408,37837.94319544518,53277.977725475735,38008.24981843791,40179.62998340587,48427.11134471324,71510.70027010428,93327.0713461015,36784.91610845288,39958.7435988485,53554.505383594056,71697.75583002546,37105.03338305897,37996.23704300029,40950.14228443353,47406.04393649719,53447.48188712999,70909.38777230858,93833.43645633421,30985.92092092092,29174.374393093454,62146.546527827464,25454.92338351138,30514.544540269377,38197.37391806108,24542.918499618052,25430.17007759617,28289.747055809166,29024.180359372112,30902.581455735915,62171.62446759644,62746.54084703492,24808.238200238837,28801.615280305385,30002.264911703078,37695.970166343635,62337.832362329966,920.9209209209184,0.0
960.9609609609611,36419.55985192937,39622.04853220165,46373.362620921325,72016.67752931145,122949.31242659714,37869.179514265474,53286.78144669549,38041.49137841452,40199.1898096598,48469.73575849489,71532.1765358818,93330.28940043191,36764.67081723684,39969.16060575847,53575.33356879449,71726.79596917116,37103.897593685295,38032.54219691306,40998.92197983136,47404.47792333993,53464.46269071414,70904.42654007304,93859.15395832603,31025.96096096096,29207.034088129174,62153.92687283179,25484.93765715447,30534.31554434824,38227.66872041922,24530.60751022052,25452.442891790895,28292.762764291096,29048.501605352267,30947.150854364183,62178.23958736945,62778.17766949447,24808.89696562811,28814.148634995814,30004.830024250507,37703.70410773097,62354.381228355545,960.9609609609615,0.0
1001.0010010010011,36377.867808645635,39620.69550525051,46398.026712449035,72057.77332803972,122966.63764661615,37900.38010821666,53295.62089278434,38074.16797198264,40219.22999652424,48512.34929681415,71553.74246406867,93333.51327361332,36744.0145160011,39979.91562063036,53596.196747437185,71755.87411693236,37102.70355610151,38068.671093989266,41047.69647291087,47402.93302929096,53481.5538074598,70899.52773049293,93884.9173127577,31066.001001001,29239.679139914773,62161.32186108623,25514.85575860811,30554.116227673403,38258.03001572049,24517.988580132496,25474.06054361771,28296.331839230414,29072.58163930744,30992.296409956783,62184.88066689306,62809.86332386507,24809.376906661182,28826.179973011345,30007.980547712075,37711.45018132059,62371.0133922958,1001.001001001001,0.0
1041.0410410410411,36335.3523802639,39619.797257442435,46422.976583048265,72098.89784718539,122984.01697310101,37931.544821404976,53304.496219636065,38106.27211787546,40239.758347649855,48554.95127402489,71575.39839981362,93336.74298375935,36722.958688071085,39990.99726729409,53617.094971624356,71784.9901140515,37101.4527908788,38104.624631606566,41096.46109489291,47401.410444562345,53498.75630466456,70894.69135039867,93910.72650611924,31106.04104104104,29272.309514731423,62168.73152630962,25544.676830606695,30573.94790107084,38288.457350404555,24505.062580567545,25495.026435816133,28300.448886559578,29096.437411719737,31038.002198737377,62191.54945019897,62841.596159523804,24809.679499890186,28837.693003883163,30011.730894923472,37719.20903667199,62387.72860567223,1041.0410410410404,0.0
1081.081081081081,36292.03913619601,39619.333321230646,46448.207689588344,72140.05047446862,123001.45045959752,37962.67349753297,53313.40758354811,38137.79696066026,40260.78203764515,48597.54100769777,71597.14468816134,93339.97854907872,36701.51462346112,40002.39436204547,53638.02829363175,71814.14380194273,37100.14674345005,38140.40367001017,41145.21126861806,47399.91137565658,53516.07125445087,70889.91740605907,93936.58152499844,31146.08108108108,29304.92517879606,62176.15590228502,25574.400015686017,30593.811874470393,38318.95027200576,24491.83047241316,25515.34479436971,28305.10727928353,29120.086256585644,31084.252231734223,62198.247447899346,62873.37476095764,24809.806196943933,28848.672796033683,30016.0941413123,37726.98132714546,62404.5266196457,1081.0810810810835,0.0
1121.1211211211212,36247.95321759203,39619.28357621818,46473.71556396746,72181.2306035879,123018.9381597556,37993.7659799039,53322.35514121722,38168.736323031306,40282.307559856854,48640.117818571685,71618.9816740269,93343.21998787666,36679.6934039775,40014.0959285671,53658.996765886404,71843.33502269012,37098.78678818233,38176.009032019465,41193.94250469297,47398.43704561273,53533.4997335802,70885.20590319659,93962.48235607904,31186.12112112112,29337.526098261467,62183.595022859656,25604.024456469182,30613.70945656409,38349.50832920897,24478.293309205514,25535.020666252578,28310.299189808273,29143.54578868556,31131.030524457135,62204.975978777795,62905.197906176516,24809.758424326697,28859.10595728106,30021.081844570945,37734.767709910855,62421.40718503157,1121.121121121123,0.0
1161.1611611611613,36203.11927763194,39619.62831018001,46499.495811879024,72222.43763414287,123036.48012732735,38024.822111426256,53331.3390497349,38199.084754973126,40304.34067727742,48682.68103050717,71640.90970217067,93346.46731855511,36657.505890571236,40026.09121059984,53680.00044094471,71872.56361904534,37097.37423219703,38211.44150278655,41242.65039784095,47396.98869425485,53551.042823261174,70880.55684700253,93988.42898614044,31226.161161161162,29370.11223921629,62191.04892194487,25633.549295959747,30633.64195445865,38380.13107190393,24464.45223960614,25554.059911473527,28316.015624151594,29166.833811946188,31178.321159799525,62211.73620287425,62937.06453363227,24809.53758326422,28868.980802288555,30026.703877338234,37742.568845955924,62438.37005231425,1161.1611611611625,0.0
1201.2012012012015,36157.56143170461,39620.34827019562,46525.54411157767,72263.67097155776,123054.07641616554,38055.841734618305,53340.3594665829,38228.837579005674,40326.88637736898,48725.229970442655,71662.92911717237,93349.72055961392,36634.9627127943,40038.36968251002,53701.03937147092,71901.82943442595,37095.91031895414,38246.70182960408,41291.33062344262,47395.56757844244,53568.701608951815,70875.97024215243,94014.42140205612,31266.201201201202,29402.683567685148,62198.51763351606,25662.973677841965,30653.610673322335,38410.81805123811,24450.308509382554,25572.46918942066,28322.246459303395,29189.968237616882,31226.108344172673,62218.52914801786,62968.9737156896,24809.145049594314,28878.287501713472,30032.968278137174,37750.385400094114,62455.41497166213,1201.201201201202,0.0
1241.2412412412414,36111.30321674824,39621.42470461635,46551.85621264903,72304.93002700603,123071.72708022158,38086.82469161283,53349.41654962841,38257.99093075171,40349.94883156287,48767.76396835243,71685.04026340524,93352.9797296515,36612.07426020956,40050.921057902735,53722.11361021589,71931.1323129131,37094.396231616935,38281.79072176,41339.97893425365,47394.17497232348,53586.47718015511,70871.44609282166,94040.45959079289,31306.24124124124,29435.240049628654,62206.00119161259,25692.29674678813,30673.616916026174,38441.56881966818,24435.863462897254,25590.25593960044,28328.98048459249,29212.967011175206,31274.37645700141,62225.355731267555,63000.924637189324,24808.582173700273,28887.018208106747,30039.881125520158,37758.218040971915,62472.541692942126,1241.2412412412414,0.0
1281.2812812812813,36064.36755898867,39622.83939662714,46578.42793478542,72346.21421733612,123089.43217354396,38117.770824161926,53358.51045711936,38286.54179411837,40373.53136014285,48810.28235720741,71707.24348500956,93356.2448473656,36588.85067560374,40063.73529643184,53743.22320999609,71960.4720992496,37092.833096211536,38316.70885043655,41388.59115728739,47392.81216758907,53604.37063020853,70866.98440270111,94066.5435394097,31346.28128128128,29467.7816509435,62213.49963033778,25721.517648772846,30693.661982779704,38472.38293101001,24421.11854411224,25607.42835695445,28336.205447593948,29235.84804700858,31323.11009381004,62232.21677636099,63032.9165780036,24807.850280484523,28895.167154194092,30047.446439792864,37766.06744107555,62489.74996573424,1281.2812812812808,0.0
1321.3213213213214,36016.77674929872,39624.57469017799,46605.255166570176,72387.52296499809,123107.19175027637,38148.67997364186,53367.64134767946,38314.48803045715,40397.63640314861,48852.78447293762,71729.53912586629,93359.51593155431,36565.301849853895,40076.80260895623,53764.36822367322,71989.84863883795,37091.221984594944,38351.45684865096,41437.16319085093,47391.480473730204,53622.38305606697,70862.58517501308,94092.67323505686,31386.32132132132,29500.308337462506,62221.01298385881,25750.635531394124,30713.747170761293,38503.25994048722,24406.07529711875,25623.995362022917,28343.908104851,29258.629170012948,31372.29410320452,62239.11302800967,63064.948898744165,24806.95066938054,28902.73072001583,30055.666115841886,37773.93427673714,62507.0395393459,1321.3213213213203,0.0
1361.3613613613616,35968.5524254062,39626.61350905489,46632.33386427272,72428.85569797162,123125.00586465595,38179.551981058125,53376.80938030324,38341.82840115801,40422.265497842374,48895.26965439695,71751.92752957005,93362.79300111669,36541.43741830079,40090.11346118868,53785.548704133646,72019.26177773825,37089.563917244566,38386.03531123615,41485.691001725114,47390.18121829669,53640.5155580793,70858.24841252729,94118.84866497497,31426.361361361363,29532.82007495471,62228.54128640665,25779.649544201162,30733.873773743195,38534.19940477837,24390.735366204408,25639.966566304243,28352.074277473435,29281.328063322133,31421.913618114315,62246.04516368421,63097.02102898136,24805.88461440093,28909.707466473777,30064.539889519998,37781.81922814026,62524.41016282638,1361.3613613613597,0.0
1401.4014014014015,35919.71556019869,39628.939369840446,46659.66005065599,72470.21184969481,123142.8745710114,38210.38668705051,53386.014714350895,38368.56258324388,40447.419263174204,48937.73724333016,71774.40903940222,93366.0760750538,36517.26675848724,40103.65857597951,53806.764704268746,72048.71136266593,37087.85986588074,38420.44479485842,41534.17062247818,47388.915747157516,53658.76923975845,70853.97411757713,94145.06981649381,31466.401401401403,29565.316829125408,62236.08457227599,25808.55883902866,30754.04308171146,38565.20088206268,24375.100495472296,25655.352233230617,28360.688911499612,29303.962221443035,31471.954081696356,62253.01380338758,63129.132457474756,24804.653364219514,28916.09813406571,30074.065338810426,37789.72297932465,62541.86158498108,1401.4014014013992,0.0
1441.4414414414414,35870.28645540436,39631.53638948351,46687.229813798076,72511.59085899396,123160.79792376145,38241.18393189832,53395.257509543124,38394.691177655215,40473.09739155481,48980.18658434163,71796.9839983033,93369.36517246938,36492.79898912499,40117.42893437148,53828.01627695501,72078.19724098998,37086.110755933325,38454.6858180705,41582.59814890499,47387.68542476334,53677.14520754465,70849.76229207605,94171.33667703153,31506.441441441442,29597.798565616245,62243.64287582519,25837.36257033753,30774.256380480896,38596.26393206445,24359.17252802871,25670.163235242362,28369.73614276547,29326.548908128807,31522.401268327238,62260.01951780465,63161.282724027056,24803.25814228571,28921.905606900917,30084.237919678802,37797.64621819053,62559.3935543855,1441.4414414414387,0.0
1481.4814814814815,35820.28473996791,39634.38928815733,46715.039305928876,72552.99217001456,123178.77597741279,38271.94355552569,53404.53792595579,38420.215710049044,40499.29864811263,49022.61702486634,71819.6527488455,93372.66031257086,36468.04297016031,40131.41577555556,53849.30347503483,72107.71926073081,37084.31746886273,38488.75886139792,41630.969737583524,47386.49163441032,53695.64457056245,70845.61293753392,94197.64923409364,31546.48148148148,29630.265250005283,62251.216231476195,25866.05989556175,30794.514951305147,38627.38811609606,24342.953404758387,25684.411007492392,28379.19936590631,29349.105118376858,31573.241300119695,62267.062835134275,63193.47141265652,24801.70014696884,28927.134843395586,30095.051035215918,37805.58963650188,62577.00581939925,1481.4814814814818,0.0
1521.5215215215217,35769.72937248593,39637.48338804065,46743.08474228369,72594.41523215294,123196.80878655831,38302.66539750702,53413.8561240145,38445.13862407802,40526.02087746891,49065.027915142695,71842.41563320466,93375.96151467026,36443.00730381547,40145.61059585058,53870.62635129744,72137.277270558,37082.48084434465,38522.66436745632,41679.281603541414,47385.335778505556,53714.268440370586,70841.52605507389,94224.00747527223,31586.52152152152,29662.716847807074,62258.80467371445,25894.64997546125,30814.82007048222,38658.57299709957,24326.44516270793,25698.10749875041,28389.061307022785,29371.647543995005,31624.46065939898,62274.14424684438,63225.69814584507,24799.98055173096,28931.79277625647,30106.49613546481,37813.553929889065,62594.69812818019,1521.5215215215212,0.0
1561.5615615615616,35718.63864711497,39640.80460860789,46771.36239997387,72635.85949998943,123214.89640587542,38333.34929707247,53423.21226448909,38469.463267257255,40553.261017923374,49107.41860818718,71865.272993132,93379.2687981849,36417.700336490896,40160.00514682196,53891.98495846015,72166.87111978856,37080.601682327455,38556.402741098405,41727.53001802554,47384.21927883393,53733.01793070552,70837.5016454491,94250.41138824474,31626.56156156156,29695.15332447273,62266.40823708883,25923.131974480537,30835.17300895551,38689.81813968707,24309.649933099627,25711.265120100405,28399.30409946917,29394.192542235578,31676.046197565316,62281.26421254364,63257.96257967096,24798.100505326038,28935.888185397802,30118.56284428899,37821.53979785066,62612.470228698054,1561.5615615615607,0.0
1601.6016016016015,35667.03020241561,39644.339458964234,46799.868616875756,72677.32443322189,123233.03889012414,38363.995093113626,53432.60650848798,38493.19386966547,40581.01512280417,49149.78845977092,71888.22516992583,93382.58218263842,36392.130161420464,40174.59143264679,53913.37934914988,72196.50065838444,37078.68074497049,38589.97434958831,41775.71130636861,47383.14357682626,53751.89415721806,70833.53970905977,94276.86096077338,31666.601601601604,29727.574645390014,62274.0269562116,25951.505061112883,30855.575031910652,38721.12311017967,24292.56993899957,25723.89669203599,28409.909362166967,29416.756107056248,31727.98514075238,62288.42316412288,63290.26439967076,24796.061132024028,28939.431548240173,30131.239108834983,37829.54794375433,62630.32186874811,1601.6016016016038,0.0
1641.6416416416419,35614.92103264591,39648.07502771148,46828.59979053839,72718.80949660059,123251.23629414529,38394.602624189225,53442.039017452415,38516.33551585814,40609.278388604165,49192.13682839823,71911.27250440273,93385.90168766167,36366.30462198039,40189.36170682535,53934.80957588507,72226.16573695083,37076.71875847076,38623.37952280181,41823.82184594673,47382.11013382823,53770.89823720307,70829.64024597031,94303.35618070402,31706.641641641643,29759.98077588341,62281.66086575824,25979.768408269796,30876.027398368373,38752.487476645125,24275.20749266486,25736.01539055643,28420.85827980978,29439.35384262449,31780.26509267061,62295.62150929139,63322.603317307396,24793.863531857813,28942.434872373306,30144.511366608822,37837.57907483684,62648.25279596489,1641.6416416416432,0.0
1681.681681681682,35562.327501067295,39651.9989707815,46857.55237711032,72760.31415986393,123269.4886728587,38425.171728531015,53451.50995315067,38538.89411048874,40638.04518940758,49234.46307528662,71934.41533686851,93389.22733299366,36340.23131555965,40204.30846833049,53956.27569105776,72255.86620673377,37074.716414785464,38656.618553451204,41871.858064222884,47381.12043137076,53790.03128932271,70825.8032559267,94329.89703596539,31746.681681681683,29792.371681214216,62289.31000046748,26007.921193655544,30896.5313607736,38783.910808934226,24257.564992595955,25747.63469285251,28432.131684302967,29462.00093874323,31832.874034999997,62302.859634608,63354.979066942426,24791.508780891854,28944.911515815955,30158.364724935196,37845.63390220312,62666.26275783556,1681.6816816816827,0.0
1721.721721721722,35509.26535487282,39656.09949762683,46886.72289028588,72801.83789767498,123287.79608126123,38455.7022440497,53461.01947767202,38560.87633823698,40667.30911700807,49276.7665643487,71957.65400708899,93392.55913848247,36313.91759790783,40219.42445727959,53977.777746916036,72285.60191961826,37072.67437325646,38689.69169733265,41919.81643687107,47380.17597144057,53809.29443332247,70822.02873837383,94356.48351456817,31786.721721721722,29824.74732658061,62296.97439514112,26035.962600146388,30917.088164581102,38815.39267871596,24239.644920320774,25758.768323146614,28443.71013677358,29484.712147933125,31885.800325670018,62310.13790808956,63387.39140323149,24788.997931510516,28946.87600008542,30172.783147588038,37853.7131408243,62684.35150171345,1721.7217217217221,0.0
1761.761761761762,35455.749741392436,39660.365356113456,46916.107900271476,72843.38018955909,123306.15857442534,38486.194008341045,53470.56775342071,38582.28961872712,40697.0630260357,49319.04666217584,71980.98885426056,93395.89712408606,36287.370587883175,40234.70265020573,53999.31579554676,72315.37272812608,37070.59326214338,38722.5991735952,41967.693485976764,47379.278276751764,53828.688789740656,70818.31669247337,94383.1156046042,31826.76176176176,29857.107677117758,62304.654084644004,26063.891816174335,30937.699047837938,38846.93265951125,24221.449836937605,25769.430199217033,28455.57400949006,29507.501763964447,31939.03269533678,62317.456681463926,63419.840098875415,24786.332012724928,28948.34382102887,30187.749643642102,37861.81750953473,62702.518774831144,1761.7617617617616,0.0
1801.801801801802,35401.795225272224,39664.785816419215,46945.70403277133,72884.94051984235,123324.57620749672,38516.646858692024,53480.15494310978,38603.142057182384,40727.29908334571,49361.302738023456,72004.4202169804,93399.24130987343,36260.597172531336,40250.136254998244,54020.88988885849,72345.17848541374,37068.47368007091,38755.341165029975,42015.48577830937,47378.42889101738,53848.215479610895,70814.6671171214,94409.79329424557,31866.801801801805,29889.452697897894,62312.34910390391,26091.708036114946,30958.365240762978,38878.53032672568,24202.98237944434,25779.634380094623,28467.70356704588,29530.383601687423,31992.56024233965,62324.8162921223,63452.32494267123,24783.512030496702,28949.331261912776,30203.246454050735,37869.94773102791,62720.76432431367,1801.801801801801,0.0
1841.841841841842,35347.415806362435,39669.35065420216,46975.507967993624,72926.51837759094,123343.04903569272,38547.06063208711,53489.78120975473,38623.44239160398,40758.008820881994,49403.53416379761,72027.94843321643,93402.59171602553,36233.60401243129,40265.71870557548,54042.500078564844,72375.01904527027,37066.316197395325,38787.917818378104,42063.18992366265,47377.6293792213,53867.87562415788,70811.08001096649,94436.51657174376,31906.841841841844,29921.782353930394,62320.05948791145,26119.410460679046,30979.087965323888,38910.18525768075,24184.24525688133,25789.39501537111,28480.07904618515,29553.370978060626,32046.37242639206,62332.217064817174,63484.845737818105,24780.53896807735,28949.855212669107,30219.255232052485,37878.104531851226,62739.08789719165,1841.8418418418405,0.0
1881.881881881882,35292.6249380854,39674.05013326873,47005.51643967592,72968.11325655131,123361.57711430054,38577.43516521473,53499.44671666715,38643.19993728251,40789.183191206415,49445.74031404366,72051.57384027704,93405.94836283605,36206.397547251945,40281.44365634681,54064.146416167925,72404.8942621152,37064.12135749589,38820.32924465675,42110.80257326002,47376.88132788995,53887.67034448626,70807.55537242781,94463.28542542894,31946.881881881884,29954.096610161905,62327.78527171997,26146.998297307822,30999.86843481179,38941.89703164415,24165.241246315163,25798.726296506007,28492.680733679703,29576.476694326702,32100.459061234502,62339.65931314349,63517.40230044014,24777.41378636183,28949.93299851263,30235.757214193673,37886.28864239956,62757.48924041419,1881.8818818818836,0.0
1921.9219219219221,35237.435546085915,39678.87498793856,47035.72623413081,73009.72465509131,123380.16049867535,38607.77029447371,53509.15162744821,38662.42452944985,40820.81262488653,49487.920565936176,72075.2967747806,93409.31127071255,36178.984001468336,40297.30497651477,54085.8289529423,72434.80399099653,37061.88967799512,38852.57551950163,42158.32041822036,47376.18634536349,53907.60076126276,70804.09319971343,94490.09984370896,31986.921921921923,29986.3954314764,62335.52649044551,26174.470760571097,31020.70785341405,38973.6652298587,24145.973188690117,25807.6424104628,28505.48904170483,29599.713019326806,32154.810306452753,62347.14334083465,63549.99445829382,24774.137424255277,28949.58222042443,30252.733379473066,37894.500796907625,62775.9681008615,1921.921921921923,0.0
1961.961961961962,35181.86004699622,39683.81640527448,47066.134189310906,73051.35207614215,123398.7992442382,38638.06585597998,53518.896105981985,38681.12646485905,40852.88708895397,49530.07429927036,72099.11757262483,93412.68046017764,36151.369390192194,40313.29674426244,54107.54773991894,72464.74808758839,37059.621651912705,38884.65668352541,42205.74018808242,47375.54606206634,53927.667994391435,70800.6934908388,94516.9598150688,32026.961961961963,30018.6787826953,62343.283179266655,26201.82707256827,31041.6074157855,39005.489435570154,24126.44398457354,25816.15749594869,28518.484580203803,29623.091673984924,32209.41665864053,62354.669442899874,63582.62204963452,24770.71079905137,28948.82060928736,30270.164594824193,37902.74173344104,62794.52422535796,1961.9619619619625,0.0
2002.0020020020022,35125.91036717311,39688.86600731994,47096.73719389326,73092.99502714117,123417.49340647455,38668.321685573246,53528.680316428756,38699.316443043506,40885.396145682345,49572.20089645498,72123.03656895566,93416.05595186951,36123.559525076795,40329.41324086635,54129.3028278696,72494.72640818922,37057.31774875688,38916.572742691096,42253.058649383944,47374.96213077681,53947.87316268241,70797.35624364536,94543.8653280695,32067.002002002002,30050.946628577567,62351.05537342443,26229.066463331626,31062.568306618443,39037.369234053935,24106.656589820625,25824.285602475047,28531.64822577798,29646.623817024614,32264.268942063343,62362.237906625116,63615.2849222193,24767.13480682152,28947.665894795486,30288.031745814507,37911.01219388603,62813.15736068445,2002.002002002002,0.0
2042.042042042042,35069.59796128839,39694.01583346332,47127.53218638288,73134.65301997545,123436.24304093205,38698.53761882393,53538.50442321811,38717.005507955255,40918.32901098466,49614.29974250675,72147.05409813607,93419.4377665434,36095.56002026053,40345.64894477054,54151.09426729157,72524.73880971938,37054.97841555724,38948.32366869949,42300.272604293445,47374.43622689528,53968.21738351369,70794.08145581938,94570.81637134761,32107.04204204204,30083.1989338198,62358.84310822224,26256.18817123158,31083.591700211902,39069.3042126406,24086.61401118312,25832.040652401218,28544.961186689092,29670.320032008025,32319.35829896119,62369.84901245644,63647.98293242701,24763.410322813503,28946.135689666397,30306.31585203356,37919.31292393776,62831.867253590826,2042.0420420420414,0.0
2082.0820820820823,35012.93383067386,39699.25832302792,47158.516154235054,73176.3255709264,123455.0482032188,38728.713491040064,53548.36859104202,38734.20499062013,40951.674611793016,49656.37022504599,72171.17049371473,93422.8259250724,36067.37629831822,40361.99852565229,54172.922108392355,72554.78514971922,37052.60407784228,38979.909399389915,42347.37888929192,47373.970048710384,53988.70177248646,70790.86912491097,94597.81293361433,32147.08208208208,30115.435663056334,62366.64641902574,26283.19144338342,31104.67876004043,39101.29396074031,24066.319301885447,25839.436406071494,28558.405063612634,29694.1903158067,32374.67617960777,62377.50303478126,63680.71594448091,24759.538201858744,28944.247389178865,30324.998167148893,37927.64467308717,62850.65365080838,2082.082082082081,0.0
2122.122122122122,34955.928541340276,39704.58629816896,47189.68613299641,73218.01220061489,123473.90894900159,38758.84913727445,53558.272984847674,38750.92645337614,40985.42164185362,49698.411734293884,72195.38608839415,93426.2204484486,36039.013596193116,40378.45683850722,54194.786401074976,72584.8652863468,37050.19514056516,39011.32983915373,42394.37437390222,47373.56531766371,54009.327443073795,70787.71924835311,94624.85500365472,32187.12212212212,30147.656780859375,62374.46534126274,26310.07553605511,31125.83063832298,39133.33806986615,24045.7755571905,25846.486430106244,28571.96190583416,29718.244068626478,32430.214332228403,62385.20024262159,63713.48382975899,24755.51927878704,28942.018085644773,30344.060264021737,37936.00819460643,62869.51629906212,2122.1221221221203,0.0
2162.162162162162,34898.592241605045,39709.992947142375,47221.03920546367,73259.71243394734,123492.82533400372,38788.94439233181,53568.21776983034,38767.18163618577,41019.55861544699,49740.423663070746,72219.70121399898,93429.62135778395,36010.476971086086,40395.018917776775,54216.6871949233,72614.97907837595,37047.75198898064,39042.58485936,42441.255959463844,47373.22377861108,54030.09550626291,70784.63182348105,94651.94257032695,32227.16216216216,30179.86225173906,62382.2999104231,26336.839715075745,31147.04847559217,39165.4361336564,24024.985909976294,25853.204068863786,28585.614262635416,29742.490085716345,32485.964792863215,62392.94090025006,63746.286466181366,24751.354368847966,28939.464497103836,30363.48410559493,37944.40424553264,62888.45494508279,2162.16216216216,0.0
2202.2022022022024,34840.934679277656,39715.47180799786,47252.57250086064,73301.42580006257,123511.79741400345,38818.99909077615,53578.203111426046,38782.98240543339,41054.07391862175,49782.405406795966,72244.11620144374,93433.0286743117,35981.771306281866,40411.679971538484,54238.62453918772,72645.1263851941,37045.274989476224,39073.674298792655,42488.020577951735,47372.94720008156,54051.007070190986,70781.60684755174,94679.07562256171,32267.202202202207,30212.05204014361,62390.15016205859,26363.48325624417,31168.333400264517,39197.587747895726,24003.953526342968,25859.60241904897,28599.34522967159,29766.93655089019,32541.919875248863,62400.725267739166,63779.12373766489,24747.044268137975,28936.602909296573,30383.252102498678,37952.83358665013,62907.469335618865,2202.202202202203,0.0
2242.2422422422424,34782.96521836292,39721.01675273541,47284.28319403247,73343.1518322796,123530.82524483182,38849.01306693819,53588.229175304055,38798.34070554056,41088.955857609675,49824.35636348874,72268.63138070065,93436.44241938705,35952.90131689519,40428.435375776,54260.59848277108,72675.30706679999,37042.764490359994,39104.59796409865,42534.66519083631,47372.737374532386,54072.0632397745,70778.64431776357,94706.25414936138,32307.242242242246,30244.22611045941,62398.01613178283,26390.005445737246,31189.686528211896,39229.79251053535,23982.681601268476,25865.69430740979,28613.138490195837,29791.5910319848,32598.072160780146,62408.55360145148,63811.99553363623,24742.589754032284,28933.44912981611,30403.347158474346,37961.296982470914,62926.559217448565,2242.2422422422424,0.0
2282.2822822822827,34724.69285525297,39726.62197195576,47316.16850465688,73384.89006804585,123549.90888237084,38878.986154922895,53598.29612735938,38813.26851365475,41124.19270416619,49866.27593377048,72293.24708076689,93439.86261448855,35923.871555522346,40445.28066874352,54282.60907421478,72705.52098380166,37040.22082260776,39135.355630247155,42581.18678798393,47372.59611860019,54093.26511633271,70775.74423127597,94733.47813979922,32347.282282282285,30276.384427011137,62405.89785527115,26416.405580517414,31211.108962334943,39262.05002171221,23961.17335432988,25871.492271432955,28626.97835104124,29816.460478365214,32654.41448860234,62416.42615447871,63844.90174859652,24737.99158562099,28930.01845325195,30423.75270480413,37969.79520121358,62945.72433739166,2282.2822822822855,0.0
2322.3223223223226,34666.12623438688,39732.28196002532,47348.22569647212,73426.6400488863,123569.04838255174,38908.9181886172,53608.40413370513,38827.777797594186,41159.77273765368,49908.16352086817,72317.96362963194,93443.28928121903,35894.686417785895,40462.211545436774,54304.65636168525,72735.76799741441,37037.64430057202,39165.94704099872,42627.58238659598,47372.52527334733,54114.61379720461,70772.90658522966,94760.74758301875,32387.322322322325,30308.526954061883,62413.79536826044,26442.682968738885,31232.60179213863,39294.35988376713,23939.432025505408,25877.00854292408,28640.84977332364,29841.551220571484,32710.93994587595,62424.3431770353,63877.84228173112,24733.25050414826,28926.325636106503,30444.452724966504,37978.32901478017,62964.96444232089,2322.322322322325,0.0
2362.3623623623625,34607.27366336501,39737.99150076991,47380.45207652113,73468.40132035356,123588.24380135276,38938.809001697744,53618.55336066462,38841.88047716371,41195.6842837529,49950.018530618945,72342.7813542448,93446.72244130682,35865.35014776286,40479.22385218038,54326.740392960564,72766.04796945857,37035.03522265459,39196.37190938465,42673.84903018488,47372.526704502925,54136.11037536019,70770.13137676666,94788.06246823315,32427.362362362364,30340.653655813265,62421.7087065491,26468.8369301521,31254.16609331066,39326.721701261966,23917.46087107121,25882.255034337944,28654.73839788002,29866.868972179207,32767.64185824727,62432.304916812165,63910.817036559296,24728.367233454304,28922.38488027698,30465.431770725805,37986.89919873146,62984.27927917382,2362.3623623623644,0.0
2402.402402402403,34548.14312751047,39743.74565370445,47412.8449944115,73510.17343197842,123607.49519479749,38968.658427638846,53628.74397476355,38855.5883888954,41231.91574974876,49991.84037147577,72367.70058048051,93450.16211660673,35835.86684328806,40496.31358133964,54348.861215417404,72796.36076235729,37032.39387194538,39226.62991819628,42719.983787586265,47372.60230269813,54157.75593900589,70767.41860305076,94815.42278472455,32467.402402402404,30372.764496405533,62429.637905996875,26494.86679650587,31275.802927303077,39359.13508099586,23895.26315960516,25887.243327708275,28668.630565507046,29892.418833921,32824.51378055127,62440.311619295346,63943.825920619114,24723.342480419127,28918.209823939567,30486.674970819513,37995.50653226017,63003.66859496401,2402.402402402404,0.0
2442.442442442443,34488.74230387612,39749.53974080118,47445.40184159091,73551.9559372213,123626.8026189529,38998.466299720494,53638.97614272195,38868.91325421277,41268.45565639132,50033.628454514415,72392.72163310711,93453.60832910165,35806.24046112645,40513.476866163284,54371.01887601809,72826.70623913463,37029.720516828835,39256.720720483616,42765.983752005646,47372.75398369441,54179.55157118398,70764.76826128771,94842.82852184316,32507.442442442443,30404.85943991772,62437.58300252473,26520.7719119467,31297.513340917692,39391.599632020494,23872.84216810863,25891.98466601503,28682.513332111026,29918.20530008841,32881.54948776747,62448.36352805335,63976.86884518339,24718.1769354075,28913.813538741226,30508.168033338898,38004.15179816227,63023.13213679254,2442.4424424424433,0.0
2482.4824824824827,34429.078574699204,39755.3693337944,47478.12005063752,73593.74839342418,123646.16612992722,39028.2324510365,53649.25003144598,38881.86665097088,41305.29266638041,50075.38219344118,72417.84483575198,93457.06110090303,35776.47482200947,40530.709975761776,54393.21342129808,72857.08426341315,37027.015411560234,39286.64394006345,42811.846040099146,47372.983688604596,54201.498349366884,70762.1803487463,94870.2796690068,32547.482482482483,30436.938450367747,62445.54403211473,26546.55163341478,31319.298365895706,39424.11496565448,23850.201178255593,25896.489946819172,28696.37447892491,29944.23226720382,32938.74296624372,62456.460884996886,64009.94572500335,24712.871272714707,28909.20853228752,30529.89724281507,38012.83578280618,63042.669651859,2482.4824824824827,0.0
2522.5225225225226,34369.1590403098,39761.23024201607,47510.997094564875,73635.55036176342,123665.58578386834,39057.95671450279,53659.56580801973,38894.45998828411,41342.415609560965,50117.101004601915,72443.0705108681,93460.52045425246,35746.57361553195,40548.00931022498,54415.4448973535,72887.49469941208,37024.278796813356,39316.39917203701,42857.567791086665,47373.29338410546,54223.597345045746,70759.65486277906,94897.77621570023,32587.522522522522,30469.00149171256,62453.52103080996,26572.205331036093,31341.159018512153,39456.6806954968,23827.34347277731,25900.769717990624,28710.202517988186,29970.50304492187,32996.08840519891,62464.60393061402,64043.05647807666,24707.42615101212,28904.40675500737,30551.849452930244,38021.55927610003,63062.28088747275,2522.522522522522,0.0
2562.5625625625626,34308.99053150179,39767.11850075419,47544.03048614151,73677.36140720347,123685.06163696157,39087.63892286578,53669.923639696775,38906.70448452139,41379.81350495112,50158.78430699202,72468.39897970026,93463.98641152291,35716.54040490718,40565.371395881404,54437.71334982912,72917.93741194488,37021.510900201,39345.98598331659,42903.14616589737,47373.68506264106,54245.849623314,70757.1918008432,94925.3181514745,32627.56256256256,30501.048527848245,62461.51403471432,26597.73238851013,31363.096299175617,39489.29643743938,23804.272331989174,25904.834175353797,28723.98669312224,29997.020369090016,33053.58018851155,62472.79290418346,64076.201025437505,24701.842213792548,28899.41961057121,30574.01207567844,38030.3230714566,63081.96559106376,2562.5625625625617,0.0
2602.602602602603,34248.57962137751,39773.030360122706,47577.21777722378,73719.18109845083,123704.59374542777,39117.2789087109,53680.3236938917,38918.611148321994,41417.4755797478,50200.431522267405,72493.83056225083,93467.45899521977,35686.3786315787,40582.79288070033,54460.018823906255,72948.4122664173,37018.71193677013,39375.40391316145,42948.57834634645,47374.16074261586,54268.25624244596,70754.79116052194,94952.90546594611,32667.6026026026,30533.079522610187,62469.52307999242,26623.132203492627,31385.111192033743,39521.96180967883,23780.991030465306,25908.69316207606,28737.716976665688,30023.786416868723,33111.21288679779,62481.02804396826,64109.37929096604,24696.120089814398,28894.257969134123,30596.373067704502,38039.12796575615,63101.723510193435,2602.602602602601,0.0
2642.642642642643,34187.93263667912,39778.9622744307,47610.55655810225,73761.00900790887,123724.18216552169,39146.87650447119,53690.76613817145,38930.190762466314,41455.3912854774,50242.04207475629,72519.36557724583,93470.93822798206,35656.09161968842,40600.27052983765,54482.3613642913,72978.91912882523,37015.88210947283,39404.652473722876,42993.86153434255,47374.72246857673,54290.81825347031,70752.45293954585,94980.53814879683,32707.64264264264,30565.094439773176,62477.54820286947,26648.404187972876,31407.2046645851,39554.67643272731,23757.50283386513,25912.35616962816,28751.384062261663,30050.802823785107,33168.98124978037,62489.30958739222,64142.591201215306,24690.26039354438,28888.932182767505,30618.92091445841,38047.974759306955,63121.5543925654,2642.6426426426406,0.0
2682.6826826826828,34127.05566862108,39784.91089203679,47644.04445686177,73802.84471163357,123743.82695352954,39176.43154243611,53701.25114024656,38941.453870421035,41493.55031147072,50283.61539147228,72545.00434210023,93474.42413258376,35625.68258040119,40617.8012213248,54504.74101520414,73009.45786575254,37013.02160961449,39433.73115059868,43038.99295112588,47375.37231138235,54313.53669973955,70750.1771358145,95008.21618977259,32747.68268268268,30597.09324305156,62485.58943963112,26673.547768644945,31429.37766729787,39587.439929422544,23733.81099591498,25915.832340150548,28764.97935401127,30078.070702570127,33226.88019894709,62497.637771200374,64175.836685253664,24684.263725598354,28883.452102529263,30641.644612715558,38056.864255803404,63141.45798603609,2682.68268268268,0.0
2722.722722722723,34065.95458323911,39790.87304567362,47677.67913875324,73844.68778928937,123763.52816576739,39205.94385476038,53711.77886796235,38952.41076537016,41531.942595851506,50325.1509021279,72570.74717288357,93477.91673193505,35595.15461608687,40635.38194190002,54527.15782036701,73040.02834436884,37010.13061728042,39462.63940339664,43083.96983653598,47376.112368359194,54336.41261649455,70747.96374741821,95035.93957868328,32787.72272272272,30629.075896099384,62493.646826623335,26698.562387272403,31451.631133235926,39620.25192493711,23709.91875554696,25919.130470066142,28778.49495232438,30105.5906636078,33284.904820495845,62506.012831605745,64209.11567452132,24678.1306731797,28877.8270967023,30664.533651933667,38065.79726228184,63161.434038625215,2722.722722722723,0.0
2762.762762762763,34004.63503127194,39796.84574322662,47711.45830557875,73886.53782410637,123783.28585857914,39235.41327347294,53722.349489289816,38963.07148153837,41570.558334231886,50366.6480391494,72596.59438428524,93481.41604908342,35564.51072436119,40653.00978298066,54549.611822993385,73070.63043242748,37007.20930174205,39491.37666630732,43128.78944830974,47376.94476344246,54359.447030425115,70745.81277265977,95063.70830540184,32827.76276276276,30661.042362510518,62501.72040025225,26723.447501045874,31473.96597769278,39653.11204678687,23685.829334195954,25922.259014787956,28791.92363681102,30133.362836808967,33343.050358561915,62514.435004423205,64242.428102699254,24671.86181051495,28872.066069803674,30687.57799484423,38074.774589073815,63181.48229852608,2762.7627627627626,0.0
2802.802802802803,33943.10245759236,39802.8261589507,47745.37969508784,73928.39440283747,123803.10008833438,39264.83963048616,53732.963172316646,38973.44578761272,41609.38798630878,50408.10623769219,72622.54628957958,93484.92210721517,35533.75380198758,40670.68193677436,54572.10306577741,73101.26399826344,37004.25782184387,39519.942348686716,43173.44906140902,47377.871647300926,54382.64095922705,70743.7242100769,95091.52235986394,32867.802802802806,30692.992605818814,62509.81019698399,26748.20258293303,31496.383097833954,39686.01992483861,23661.545933255085,25925.22609437821,28805.258846562905,30161.38689470849,33401.312208721705,62522.90452519229,64275.77390558976,24665.45769928629,28866.177482031984,30710.768057611735,38083.797049756875,63201.602514115904,2802.802802802802,0.0
2842.842842842843,33881.36211020475,39808.81162510844,47779.4410803862,73970.25711571668,123822.9709114268,39294.22275760496,53743.62008523788,38983.54318207085,41648.42228055293,50449.52493565716,72648.60320059105,93488.43492965649,35502.88664864183,40688.395692526814,54594.631590883175,73131.92891079102,37001.27632637206,39548.33583564784,43217.945967378124,47378.89519744394,54405.99541115509,70741.69805846436,95119.38173206724,32907.842842842845,30724.92658949826,62517.91625334459,26772.827122020382,31518.883372348235,39718.97519131708,23637.071731688917,25928.039500024788,28818.494658176325,30189.66207657604,33459.68591176644,62531.42162928943,64309.15302100663,24658.9188890605,28860.169368877992,30734.094689835816,38092.86546110263,63221.7944339659,2842.842842842845,0.0
2882.8828828828828,33819.41904882585,39814.79962401274,47813.640269354946,74012.12555641761,123842.89838427171,39323.56248653626,53754.32039634662,38993.37289022911,41687.652217177674,50490.903573707896,72674.76542765892,93491.95453987502,35471.91197054277,40706.14843290379,54617.19743993444,73162.62503950186,36998.264954405844,39576.556488662485,43262.27747373158,47380.017618308964,54429.51138457273,70739.73431689641,95147.2864120707,32947.882882882885,30756.8442769631,62526.03860591979,26797.32062384637,31541.467661108356,39751.97748081104,23612.409883802942,25930.706701210103,28831.62576186429,30218.187213326608,33518.16714773827,62539.9865520313,64342.56538867517,24652.245917714015,28854.04936067413,30757.549154621098,38101.98064302236,63242.05780685127,2882.8828828828846,0.0
2922.922922922923,33757.278153065985,39820.787780457715,47847.975104081685,74053.99932201301,123862.88256330455,39352.85864889842,53765.0642740245,39002.94386283079,41727.06906956642,50532.24159528847,72701.03327960218,93495.4809614809,35440.832383951456,40723.93763050414,54639.80065400458,73193.35225446275,36995.22383565243,39604.60364617267,43306.44090337218,47381.241141328355,54453.18986749907,70737.83298474958,95175.23638999446,32987.922922922924,30788.745631568007,62534.17729135492,26821.682610725336,31564.13680484162,39785.0264302789,23587.563517167368,25933.23485345709,28844.64743599815,30246.960753015475,33576.75173022117,62548.59952876948,64376.01095014006,24645.439311853952,28847.82470190242,30781.12310889575,38111.14341850969,63262.39238176112,2922.922922922924,0.0
2962.962962962963,33694.944130227545,39826.773854520834,47882.44346030153,74095.87801293458,123882.9235049785,39382.11107623084,53775.851886732125,39012.264776003,41766.66438433128,50573.53844664213,72727.40706368415,93499.01421822835,35409.65041854208,40741.76084450072,54662.44127360665,73224.1104263135,36992.15309076645,39632.47662421213,43350.43359404009,47382.568024973036,54477.0318371528,70735.99406172564,95203.23165601885,33027.96296296296,30820.63061660824,62542.33234635473,26845.912622061707,31586.891624810865,39818.12167905335,23562.535730692387,25935.630806546153,28857.5555204071,30275.98078670652,33635.43560087807,62557.26079497776,64409.489648680916,24638.499587234448,28841.502270117897,30804.808584121834,38120.35461358054,63282.79790790824,2962.9629629629635,0.0
3003.003003003003,33632.42152273711,39832.755734720406,47917.04324684919,74137.76123293347,123903.02126576287,39411.31960000368,53786.683402999326,39021.34403242077,41806.42998016374,50614.79357683081,72753.88708557692,93502.55433401675,35378.36852064802,40759.61571740644,54685.119338683755,73254.8994262648,36989.052831654604,39660.17471703773,43394.25289779333,47384.00055477142,54501.0382594937,70734.21754787426,95231.272200384,33068.003003003,30852.49919531978,62550.50380768323,26870.01021465403,31609.732922506366,39851.26286884562,23537.329592851842,25937.901113106705,28870.34638874898,30305.24507450863,33694.2148242258,62565.970586332376,64443.00142923469,24631.427249168522,28835.08859437712,30828.597967508373,38129.61505721032,63303.27413473866,3003.003003003003,0.0
3043.0430430430433,33569.71471522764,39838.73143151245,47951.77240512079,74179.64858904135,123923.17590214079,39440.48405162772,53797.55899141533,39030.189763526505,41846.35794562922,50656.00643775506,72780.47364932597,93506.10133289234,35346.98905638621,40777.49997196128,54707.834888599464,73285.71912609608,36985.92316176645,39687.697197771835,43437.89618052101,47385.54104330166,54525.21008876205,70732.5034436168,95259.35801338937,33108.04304304304,30884.351330879505,62558.691712163534,26893.974962988323,31632.661479349023,39884.44964374875,23511.948140051503,25940.052037495312,28883.01692024753,30334.751071585313,33753.085582639134,62574.72913878622,64476.546238324096,24624.22279293468,28828.58987308811,30852.483983810886,38138.925581268,63323.82081194136,3043.0430430430424,0.0
3083.0830830830832,33506.82794128636,39844.69907111118,47986.628908545754,74221.53969153235,123943.3874706074,39469.604262464294,53808.478820618795,39038.80983266427,41886.44063604631,50697.176484175,72807.16705731425,93509.65523904946,35315.514314663495,40795.41140813741,54730.58796212875,73316.56939815343,36982.7641763718,39715.04331905452,43481.360821489536,47387.19183015464,54549.54826701633,70730.85174976934,95287.48908539314,33148.08308308308,30916.18698640535,62566.89609667772,26917.806459520267,31655.678056405384,39917.68165024051,23486.39437513794,25942.089564881746,28895.564471070793,30364.49595395443,33812.04417157515,62583.53668863719,64510.12402399197,24616.88670417847,28822.01199122144,30876.459677778297,38148.28702044738,63344.43768945748,3083.083083083082,0.0
3123.123123123123,33443.76528988384,39850.65688961848,48021.6107620681,74263.43415388487,123963.65602766782,39498.68006383541,53819.44305928772,39047.21183899902,41926.67066958048,50738.30317373147,72833.96761022655,93513.21607683181,35283.946510068374,40813.347900258574,54753.3785974488,73347.45011534741,36979.57596282572,39742.212313707125,43524.64421292354,47388.95528186549,54574.05372366923,70729.26246756656,95315.66540681176,33188.12312312312,30948.006124956464,62575.11699816666,26941.50431494581,31678.783394114893,39950.95853718554,23460.671266043595,25944.019410472014,28907.986845603293,30394.47664390957,33871.08699500917,62592.39347259136,64543.73473574042,24609.419459308494,28815.360536840803,30900.51839728884,38157.70021219521,63365.12451748978,3123.123123123125,0.0
3163.163163163163,33380.53071149893,39856.603227447216,48056.71600163712,74305.33159274483,123983.98162983514,39527.711287033926,53830.45187612924,39055.403122101525,41967.04092267157,50779.38596696846,72860.87560701376,93516.78387073423,35252.287785651904,40831.30739423013,54776.20683213025,73378.36115115091,36976.35860082142,39769.203395406395,43567.74375962264,47390.83379181153,54598.72737502273,70727.73559868532,95343.88696811943,33228.16316316316,30979.808709533372,62583.354453629785,26965.068158459704,31701.97821202977,39984.27995583686,23434.781744563326,25945.847028805478,28920.282267840776,30424.68983491027,33930.21056107357,62601.299727821344,64577.37832447472,24601.82152588668,28808.64081692723,30924.65377720135,38167.16599663621,63385.881046511684,3163.1631631631644,0.0
3203.203203203203,33317.12802395411,39862.53652402492,48091.94269370736,74347.23162788863,124004.36433362817,39556.69776333388,53841.505439869325,39063.390767090474,42007.54452490345,50820.42432735549,72887.89134485654,93520.35864540367,35220.54021560114,40849.287904876415,54799.07270312858,73409.30237959704,36973.11216263198,39796.015759369926,43610.65687861535,47392.82978007343,54623.57012380236,70726.2711452691,95372.15375984748,33268.2032032032,31011.594703078157,62591.60850012505,26988.497638001616,31725.263208567987,40017.645559836805,23408.728705257632,25947.577623070498,28932.449353112577,30455.132015805313,33989.411477891,62610.255692020815,64611.05474245176,24594.093363012827,28801.85787248388,30948.859723935042,38176.68521649498,63406.70702727647,3203.203203203204,0.0
3243.243243243244,33253.56091797497,39868.45531276362,48127.28893474723,74389.13388218744,124024.80419556999,39585.63932400095,53852.60391924229,39071.18161023364,42048.174853414115,50861.41772131098,72915.01511912976,93523.9404256413,35188.705807808816,40867.28751338163,54821.976246775645,73440.27367527717,36969.83671334112,39822.64858305278,43653.38099885208,47394.94569325683,54648.58285869099,70724.86910995176,95400.46577258408,33308.24324324324,31043.364068474617,62599.879174768634,27011.79242048932,31748.63906077966,40051.05500521751,23382.51500447737,25949.216154389702,28944.487080311883,30485.799494270897,34048.68644959363,62619.26160345429,64644.763943231985,24586.235421702946,28795.016492918745,30973.130400780836,38186.2587170146,63427.602210826095,3243.2432432432433,0.0
3283.2832832832837,33189.832962487104,39874.35821628334,48162.75285075619,74431.03798157127,124045.3012721854,39614.535800303,53863.74748298029,39078.782244919305,42088.92552693514,50902.365618226046,72942.24722336612,93527.52923640319,35156.78650634286,40885.30436483052,54844.91749877145,73471.27491333842,36966.53231106401,39849.101026855904,43695.91356093908,47397.18400427209,54673.76645386277,70723.52949588235,95428.82299697367,33348.28328328328,31075.116768548454,62608.166514734825,27034.952192038698,31772.106424127276,40084.507950400584,23356.143459504856,25950.767351032442,28956.394764790395,30516.688419363192,34108.03227252021,62628.317701003776,64678.50588163498,24578.24814526149,28788.121229710734,30997.460213938954,38195.88734587196,63448.56634850016,3283.283283283283,0.0
3323.323323323324,33125.94760966307,39880.2439418763,48198.33259679057,74472.94355499421,124065.85561999917,39643.387023520765,53874.93629980255,39086.19902791881,42129.79039953934,50943.26749048899,72969.5879492202,93531.12510280263,35124.7841938191,40903.336665845985,54867.896494176275,73502.30596948194,36963.19900715807,39875.37223484568,43738.25201691519,47399.54721206794,54699.121768517274,70722.25230674948,95457.22542371637,33388.32332332332,31106.852766067434,62616.47055725589,27057.976658170068,31795.66593228007,40118.0040561965,23329.616847806097,25952.23571751771,28968.172032050166,30547.794803102188,34167.44583158304,62637.42422421211,64712.28051369864,24570.131969647096,28781.176409371223,31021.84379927081,38205.571953089784,63469.59919194438,3323.3233233233223,0.0
3363.363363363364,33061.90819973192,39886.11127720027,48234.026356497496,74514.8502343998,124086.46729553392,39672.192824958685,53886.17053840467,39093.43808586955,42170.76355416755,50984.12281350987,72997.0375864321,93534.72805011104,35092.70069368083,40921.38268231933,54890.91326740265,73533.36671996053,36959.836846424805,39901.461335485816,43780.393830074005,47402.03784131688,54724.649646414444,70721.03754680636,95485.67304356777,33428.36336336336,31138.57202374157,62624.79133962179,27080.865544000597,31819.31819692291,40151.542985803215,23302.9379063888,25953.625543576163,28979.818792342936,30579.114541021132,34226.92409679718,62646.581413323,64746.08779664089,24561.887323831932,28774.186145718064,31046.27600974859,38215.313390945215,63490.70049311954,3363.3633633633617,0.0
3403.403403403404,32997.71796556263,39891.95908618902,48269.832341656656,74556.75765468701,124107.13635530806,39700.95303595579,53897.450367447615,39100.5053219159,42211.839295996906,51024.93106574628,73024.5964227914,93538.33810375968,35060.53777238843,40939.44073723045,54913.9678522079,73564.45704157665,36956.44586730261,39927.36744238125,43822.336474833864,47404.65844204776,54750.350915410876,70719.88522089575,95514.16584733818,33468.403403403405,31170.274504223322,62633.12889918008,27103.618594422405,31843.063807579958,40185.12440480445,23276.109331260854,25954.940912944745,28991.335216266067,30610.64343163144,34286.46411996453,62655.7895093183,64779.92768882431,24553.514630154255,28767.15435148291,31070.75190358171,38225.112513874934,63511.87000430959,3403.403403403405,0.0
3443.443443443444,32933.38003703275,39897.78630516967,48305.74879173016,74598.66545367683,124127.86285583396,39729.667487896746,53908.775955546706,39107.40642245297,42253.012145706234,51065.691728728896,73052.26474410071,93541.95528934154,35028.29714152255,40957.509208554045,54937.060281686674,73595.57681168016,36953.02610205137,39953.089655033415,43864.07743665819,47407.41158922241,54776.22638699741,70718.79533447523,95542.70382589236,33508.443443443444,31201.96017010775,62641.483273335696,27126.23557426615,31866.903331453388,40218.747981167355,23249.13377698399,25956.18571197175,29002.721711424092,30642.377194768906,34346.06303150541,62665.048753952826,64813.8001497234,24545.0143046643,28760.084749275324,31095.26673299681,38234.97017837675,63533.10747813026,3443.4434434434443,0.0
3483.4834834834837,32868.89744519298,39903.59193917571,48341.77397341996,74640.57327207926,124148.64685361565,39758.33601222302,53920.147471260454,39114.14686392507,42294.27683268565,51106.404287087906,73080.04283413953,93545.57963261224,34995.98045980399,40975.58652724933,54960.19058826378,73626.72590816641,36949.577576929136,39978.6270596089,43905.61421202952,47410.299882252315,54802.27685583889,70717.76789364262,95571.28697014911,33548.483483483484,31233.62898393272,62649.85449955077,27148.7162684497,31890.837313277472,40252.4133852398,23222.01385631744,25957.36363801417,29013.97890020675,30674.31148880047,34405.718037431005,62674.35938978655,64847.70513989408,24536.386757463206,28752.980881929263,31119.81593364613,38244.88724290767,63554.41266753722,3483.4834834834837,0.0
3523.523523523524,32804.27312623763,39909.375058446254,48377.90618023212,74682.4807534606,124169.48840514693,39786.9584404442,53931.565083079324,39120.73191963682,42335.62828823367,51147.06822857974,73107.93097462789,93549.21115949244,34963.58933503353,40993.6711753291,54983.35880368699,73657.9042094739,36946.100312361086,40003.978729719245,43946.94430848013,47413.32594445119,54828.503099316295,70716.8029051619,95599.91527108077,33588.52352352352,31265.280908179084,62658.24261534444,27171.060482111807,31914.866275188193,40286.12028974705,23194.752139946344,25958.478207612723,29025.10759871756,30706.441926684052,34465.42641644993,62683.72166021482,64881.64262094515,24527.632393034994,28745.84612225848,31144.3951146175,38254.86456777835,63575.78532583421,3523.523523523523,0.0
3563.563563563564,32739.50992529082,39915.13479510207,48414.14373204965,74724.38754421187,124190.3875669092,39815.53460414928,53943.02895941428,39127.166666541045,42377.06163877674,51187.68304411427,73135.92944518992,93552.84989606874,34931.12532595471,41011.76168400602,55006.56495902041,73689.11159458238,36942.59432310144,40029.14372721421,43988.06524468287,47416.49242241917,54854.90587707178,70715.90037648872,95628.58871971251,33628.56356356356,31296.915905270893,62666.64765829268,27193.26804073041,31938.990716608616,40319.8683697881,23167.351156289813,25959.53276443306,29036.108796872173,30738.764090884786,34525.18551720253,62693.13580949628,64915.612555512074,24518.751610571508,28738.68368224832,31169.00004901892,38264.903015043754,63597.225206681054,3563.5635635635663,0.0
3603.603603603604,32674.610600017433,39920.87033998873,48450.48497471101,74766.29329351673,124211.34439536967,39844.06433501828,53954.53926858533,39133.45599197204,42418.57219914313,51228.248227782155,73164.0385233177,93556.49586859578,34898.589944042666,41029.85663191252,55029.80908463779,73720.34794301062,36939.05961838837,40054.121102986624,44028.974550605664,47419.80198535397,54881.48593055679,70715.06031579679,95657.30730712262,33668.60360360361,31328.533937575565,62675.069666028045,27215.338790225484,31963.211114150195,40353.65730283153,23139.813391383825,25960.530486964628,29046.983639672337,30771.273547161858,34584.99275561704,62702.60208277901,64949.61490723213,24509.744804290087,28731.49662171135,31193.626665110223,38275.00344839034,63618.73206410161,3603.6036036036057,0.0
3643.6436436436443,32609.57782406782,39926.58093967925,48486.92827959657,74808.19765332087,124232.3589469791,39872.5474648338,53966.09617880985,39139.6046002982,42460.15546591711,51268.76327688305,73192.2584843348,93560.14910349777,34865.98465522187,41047.954643391604,55053.09121021591,73751.61313481425,36935.49620209249,40078.90989779034,44069.66976773381,47423.257324284634,54908.24398258413,70714.28273200421,95686.0710244414,33708.64364364365,31360.13496740408,62683.508676239566,27237.27259704621,31987.527921530193,40387.48676871089,23112.14128883397,25961.474395970974,29057.733409649813,30803.965857248077,34644.845612381476,62712.120726124966,64983.6496407217,24500.612363744098,28724.28785643435,31218.27103795448,38285.16673301921,63640.305652491516,3643.643643643645,0.0
3683.683683683684,32544.414190364194,39932.26589362719,48523.47204322142,74850.10027830108,124253.43127816977,39900.98382549277,53977.69985819092,39145.6170194716,42501.80711089569,51309.22769195367,73220.58960136006,93563.80962736998,34833.31088151559,41066.054386855816,55076.41136472852,73782.90705058376,36931.90407285907,40103.50914307025,44110.14844936412,47426.86115122275,54935.18073688411,70713.56763479987,95714.87986285094,33748.68368368369,31391.718957011217,62691.96472667247,27259.069348242374,32011.94156950525,40421.35644961975,23084.337249833417,25962.36736168764,29068.359510464605,30836.836590452054,34704.74163052611,62721.69198653248,65017.71672155472,24491.354674126185,28717.060165843628,31242.929381562324,38295.39373552572,63661.945726625825,3683.6836836836846,0.0
3723.723723723724,32479.122214237046,39937.92455146306,48560.114686835004,74892.00082583525,124274.56144535338,39929.373249018325,53989.350474705396,39151.497607456346,42543.52297466624,51349.64097679645,73249.03214527121,93567.47746698096,34800.57000262977,41084.15457321141,55099.76957644014,73814.22957144238,36928.28322424434,40127.917861805094,44150.408160975116,47430.61619822617,54962.29687766513,70712.91503467032,95743.73381358504,33788.72372372373,31423.285868595718,62700.43785512801,27280.72895151988,32036.452465821323,40455.26603010624,23056.403633241614,25963.21211076552,29078.86345163345,30869.881334219102,34764.678413110974,62731.316111957676,65051.81611624283,24481.972116564117,28709.816200215027,31267.59804150284,38305.68532377509,63683.65204166667,3723.723723723724,0.0
3763.763763763764,32413.704336418705,39943.55631042629,48596.854656027055,74933.89895597269,124295.74950491905,39957.715567571766,54001.048196192,39157.25055852041,42585.29906032041,51390.00263850838,73277.58638466863,93571.15264927351,34767.76335747416,41102.25395434545,55123.165872900216,73845.58057904392,36924.6336448461,40152.135069362375,44190.446480678045,47434.525216369904,54989.593069179624,70712.3249429269,95772.63286792836,33828.76376376377,31454.835664300506,62708.92809946326,27302.25133528025,32061.060995179934,40489.215197067344,23028.342755719186,25964.011232959394,29089.246834357473,30903.095703691237,34824.65362101329,62740.99335133403,65085.947792216655,24472.46506840925,28702.558487454284,31292.2734879555,38316.04236677411,63705.42435317061,3763.7637637637636,0.0
3803.803803803804,32348.16292590137,39949.16061292611,48633.69042034023,74975.79433140464,124316.99551323144,39986.01061346459,54012.79319033922,39162.87990937874,42627.13152731609,51430.31218751028,73306.25258583915,93574.83520136712,34734.89224562284,41120.35132167282,55146.60028093735,73876.95995557075,36920.95531842895,40176.15977436576,44230.26099975346,47438.59097461898,55017.06995529514,70711.7973717327,95801.57701721645,33868.80380380381,31486.368306212906,62717.4354975909,27323.636448644123,32085.76751922084,40523.20363974264,23000.15689191498,25964.767187562804,29099.511338412285,30936.475350311648,34884.66497081047,62750.723954590794,65120.11171780846,24462.833903517618,28695.289439472355,31316.952309178567,38326.46573453918,63727.26241709607,3803.803803803803,0.0
3843.8438438438443,32282.50028266642,39954.73694422454,48670.620472888884,75017.68661743577,124338.2995266282,40014.258219170755,54024.58562467309,39168.38954517829,42669.01668549754,51470.5691375763,73335.03101271985,93578.52515055952,34701.95792871706,41138.44550474124,55170.07282665388,73908.36758373168,36917.24822404443,40199.99097957456,44269.84932327815,47442.816258597544,55044.728159071674,70711.33233413025,95830.56625283492,33908.843843843846,31517.883756364834,62725.96008747901,27344.88426145872,32110.572376521108,40557.23104970786,22971.848274701108,25965.482309591374,29109.65871005938,30970.015969520307,34944.71023275347,62760.50817267014,65154.30786223578,24453.078992523504,28688.01135817951,31341.631205370228,38336.95629796009,63749.165989810535,3843.8438438438425,0.0
3883.883883883884,32216.718640291085,39960.28483023505,48707.643329983766,75059.5754819555,124359.66160141848,40042.45821733891,54036.42566654498,39173.78320531747,42710.95098928045,51510.77300586345,73363.92192686193,93582.2225243283,34668.961631812424,41156.53536989137,55193.58353542037,73939.80334675976,36913.51233614618,40223.62768277525,44309.20907084795,47447.20386924849,55072.56828234507,70710.92984406913,95859.60056621963,33948.883883883886,31549.38197673302,62734.501907150865,27365.994764289266,32135.475882610564,40591.29712086794,22943.419095452144,25966.158815718132,29119.690750934293,31003.713307590817,35004.78722882667,62770.34625754321,65188.53619558637,24443.20070310556,28680.7264411208,31366.30698289993,38347.51492866006,63771.13482809752,3883.883883883882,0.0
3923.923923923924,32150.82016843903,39965.8038354314,48744.757530762916,75101.46059541019,124381.08179388038,40070.61044080484,54048.313483119084,39179.06448909471,42752.93103200772,51550.923312941784,73392.92558739465,93585.92735033293,34635.9045446728,41174.619818970255,55217.13243187055,73971.26712841031,36909.74762470048,40247.06887768473,44348.33787740128,47451.75662137809,55100.59090531762,70710.58991643396,95888.67994885569,33988.923923923925,31580.862929239236,62743.06099468469,27386.967968394398,32160.4783300036,40625.401549449845,22914.871504364728,25966.798809965025,29129.609307864535,31037.563167658613,35064.89383089003,62780.23846222491,65222.79668880391,24433.19940024539,28673.436786774593,31390.97654888829,38358.14249885177,63793.168689163875,3923.923923923925,0.0
3963.9639639639645,32084.806975240193,39971.293560860584,48781.96163682864,75143.34163077553,124402.56016025902,40098.714722603974,54060.24924135999,39184.2368611827,42794.953540479124,51591.01958282439,73422.04225098922,93589.63965641643,34602.78782301322,41192.69778809548,55240.71953989638,74002.7588129589,36905.95405529227,40270.31355486514,44387.23339414932,47456.47734207953,55128.79658615556,70710.31256707244,95917.8043922777,34028.963963963964,31612.326575750503,62751.63738821346,27407.803905685694,32185.57998824722,40659.54403399501,22886.207610814174,25967.404289155485,29139.416263568935,31071.56141499157,35125.02795889934,62790.18504078777,65257.089313674616,24423.075446478695,28666.14439953462,31415.636906114993,38368.8398811893,63815.26733064636,3963.9639639639645,0.0
4004.0040040040044,32018.681109565594,39976.753642254684,48819.25423188972,75185.2182635293,124424.09675676469,40126.77089598401,54072.233108019995,39189.303656926,42837.01536965753,51631.06134299781,73451.27217182313,93593.35947060751,34569.6125896937,41210.76824646823,55264.344882642996,74034.27828519905,36902.13158922694,40293.36070265013,44425.893289617816,47461.36886902957,55157.18586059456,70710.097812824,95946.97388806907,34069.004004004004,31643.772878079304,62760.2311259247,27428.50262867132,32210.78110398521,40693.72427535147,22857.429483744512,25967.977148133763,29149.113528189046,31105.703981553936,35185.18757920113,62800.18624837474,65291.41404281488,24412.82920213881,28658.851194395116,31440.285148235344,38379.607948616045,63837.430510618666,4004.004004004004,0.0
4044.0440440440443,31952.444563202196,39982.1837482366,48856.63392140998,75227.09017162482,124445.6916395704,40154.77879441765,54084.26524962639,39194.26808746136,42879.11349755185,51671.048124452616,73480.61560154404,93597.0868211223,34536.37993586624,41228.830195233044,55288.008482504374,74065.82543044038,36898.28018362809,40316.20930808178,44464.31525080695,47466.4340486523,55185.7592415532,70709.94567154822,95976.18842786155,34109.04404404404,31675.201797983827,62768.842246060216,27449.064210384,32236.081901038368,40727.941976665716,22828.539152088993,25968.519184756973,29158.703031603243,31139.98686991344,35245.37070289867,62810.24234121123,65325.77084965956,24402.46102559284,28651.559001357447,31464.91845528697,38390.44757420877,63859.65798759802,4044.0440440440434,0.0
4084.084084084084,31886.09927293276,39987.58357861496,48894.09933226186,75268.9570354645,124467.34486481009,40182.73825161542,54096.345832468665,39199.13324466099,42921.24502027706,51710.97946171403,73510.07278923415,93600.82173636608,34503.09092207672,41246.88266638245,55311.71036111859,74097.40013450633,36894.39979153136,40338.85835785839,44502.49698447378,47471.675734144315,55214.51721875512,70709.85616215397,96005.44800333535,34149.08408408408,31706.61329716819,62777.4707869159,27469.48874429342,32261.482580500546,40762.196843374215,22799.538605217967,25969.032104666294,29168.18671647455,31174.40615654084,35305.57538428537,62820.35357661618,65360.15970845107,24391.971273470186,28644.269569575546,31489.534089469314,38401.35963101738,63881.94952055166,4084.0840840840865,0.0
4124.124124124124,31819.647122525308,39992.95286276315,48931.64911238571,75310.8185378738,124489.05648857614,40210.64910153861,54108.47502258552,39203.9021058999,42963.40714728944,51750.8548928728,73539.64398137468,93604.56424493555,34469.74657932362,41264.924721704614,55335.45053936369,74129.00228373222,36890.4903619744,40361.30683929197,44540.43621854401,47477.09678335514,55243.46025836009,70709.82930462845,96034.75260621836,34189.12412412412,31738.00733728266,62786.11678684148,27489.77634420327,32286.98332085031,40796.48858319467,22770.429793411146,25969.51752584403,29177.566531983783,31208.957994549248,35365.79971934289,62830.52021301215,65394.58059422912,24381.36030088373,28636.98457125668,31514.129391179442,38412.344991900805,63904.30486890348,4124.124124124126,0.0
4164.1641641641645,31753.089944636682,39998.29135807906,48969.281930454716,75352.67436407585,124510.82656691788,40238.51117841236,54120.65298575181,39208.577538649544,43005.59719679595,51790.673959616106,73569.32942181018,93608.31437562079,34436.34791007556,41282.95545177202,55359.22903735348,74160.63176496311,36886.55184008372,40383.55374127612,44578.13070365781,47482.70005651782,55272.58880260456,70709.86512006648,96064.10222828605,34229.16416416416,31769.38387992389,62794.780284240274,27509.927144133108,32312.584278078168,40830.816906117056,22741.214628351845,25969.97698296348,29186.84442820127,31243.638615919197,35426.0418443005,62840.74250993504,65429.03348282118,24370.62846164342,28629.70560533292,31538.70177528882,38423.40452935883,63926.72379254017,4164.164164164165,0.0
4204.204204204205,31686.42952263428,40003.59884852046,49006.99647554438,75394.52420166609,124532.65515583899,40266.32431673871,54132.87988746549,39213.16230490004,43047.812591333815,51830.43620725868,73599.12935171323,93612.07215740684,34402.895889249005,41300.973974969806,55383.04587443358,74192.2884655518,36882.58416715761,40405.59805526248,44615.57821485543,47488.48841382347,55301.903269452116,70709.96363070041,96093.4968613611,34269.2042042042,31800.742886635177,62803.46131756903,27529.941298185287,32338.285585828824,40865.1815243943,22711.894983640406,25970.411931538547,29196.022351051397,31278.44433325337,35486.29993425296,62851.02072804257,65463.51835083334,24359.77610846252,28622.43420091781,31563.24872764634,38434.539115359774,63949.20605181773,4204.204204204205,0.0
4244.244244244244,31619.66759234007,40008.875143212936,49044.79145680813,75436.36774058767,124554.54231129546,40294.08835130997,54145.15589293427,39217.659065414664,43090.050853518645,51870.141184773944,73629.04400954916,93615.83761947637,34369.39146514813,41318.97943656173,55406.90106917769,74223.97227335669,36878.58728074637,40427.4387762461,44652.7765534078,47494.4647128354,55331.40405225398,70710.12485993005,96122.93649731317,34309.24424424424,31832.084318906665,62812.15992533759,27549.818980397224,32364.087355558477,40899.58215253279,22682.472695324574,25970.823751880347,29205.102237826213,31313.371541102657,35546.5722018343,62861.35512912253,65498.03517564213,24348.80359315646,28615.171820561933,31587.767801794107,38445.749621164374,63971.75140756738,4244.244244244244,0.0
4284.284284284285,31552.805843700422,40014.12007512618,49082.66560315716,75478.2046731068,124576.48808919378,40321.803117221934,54157.481167062346,39222.07038381971,43132.3096019561,51909.78844482514,73659.07363104088,93619.61079121106,34335.8355603682,41336.971007792454,55430.79463938382,74255.68307673982,36874.56111472889,40449.074903758694,44689.72354879693,47500.63180573714,55361.09151942037,70710.3488323525,96152.42112805828,34349.28428428428,31863.40813817561,62820.87614610868,27569.56038457924,32389.989676706708,40934.01850728261,22652.949562444563,25971.213752867796,29214.086013206237,31348.41671690334,35606.85689594468,62871.74597609989,65532.583935386356,24337.711266834292,28607.919863320105,31612.25661588292,38457.03691714532,63994.359621101656,4284.284284284284,0.0
4324.324324324324,31485.845922385604,40019.333499815555,49120.61766294592,75520.03469378877,124598.49254538852,40349.46844988741,54169.85587443691,39226.39873053402,43174.58654731402,51949.37754379671,73689.21844913397,93623.39170219419,34302.229072664064,41354.94788502464,55454.726602070994,74287.42076456461,36870.5055993868,40470.5054428698,44726.41706085075,47506.99253641063,55390.96601410277,70710.6355737932,96181.95074555908,34389.32432432433,31894.714305826627,62829.6100184977,27589.16572413835,32415.992616882722,40968.49030762758,22623.327347590694,25971.583175539497,29222.975585748383,31383.576421562782,35667.15230052805,62882.1935330437,65567.16460895988,24326.49948008288,28600.679667642267,31636.712849775617,38468.401872603165,64017.03045422038,4324.324324324323,0.0
4364.3643643643645,31418.789431322082,40024.51529422536,49158.646403662264,75561.8574994743,124620.55573568033,40377.08418504971,54182.28017931465,39230.64648654253,43216.87948855052,51988.90804182559,73719.47869396188,93627.18038221255,34268.572875785256,41372.90928890918,55478.696973475824,74319.18522619412,36866.42066147546,40491.72940519353,44762.854982036384,47513.5497373401,55421.02785388752,70710.98511133617,96211.52534182387,34429.364364364366,31926.00278319192,62838.361581172445,27608.63523188827,32442.096222065487,41002.99727477497,22593.60777747171,25971.933196513724,29231.77284480318,31418.847299728506,35727.45673339825,62892.69806517313,65601.77717600459,24315.16858314379,28593.45251409922,31661.134242326774,38479.845355577985,64039.7636692166,4364.364364364363,0.0
4404.404404404405,31351.637932160902,40029.66535555092,49196.7506116225,75603.67278925606,124642.677715814,40404.650158796285,54194.75424560812,39234.815947017865,43259.18630929331,52028.37950283238,73749.85459281111,93630.97686125855,34234.86782027896,41390.85446358734,55502.705769049426,74350.97635148869,36862.30622429236,40512.74580990268,44799.035239915815,47520.30622633876,55451.27733050141,70711.39747335522,96241.14490890698,34469.404404404406,31957.273531551557,62847.13087285285,27627.969159845998,32468.30051681761,41037.539132145204,22563.79254349191,25972.264931243782,29240.47965782553,31454.226079774002,35787.768545111176,62903.25983886291,65636.42161690391,24303.71892608304,28586.239627953873,31685.518588828174,38491.36823265729,64062.55902888204,4404.404404404406,0.0
4444.444444444444,31284.392946685228,40034.783600156254,49234.929091671176,75645.48026445584,124664.85854147597,40432.166207572445,54207.27823687199,39238.909324794986,43301.50497436612,52067.79149455285,73780.34637008695,93634.78116953235,34201.11473426235,41408.782675923634,55526.75300345438,74382.79403080409,36858.16220774298,40533.55368474673,44834.95579976615,47527.264803095284,55481.714709529086,70711.87268954527,96270.80943890786,34509.444444444445,31988.5265121337,62855.91793231075,27647.1677790154,32494.605504512347,41072.11560536115,22533.883302335416,25972.57943711523,29249.097868045283,31489.709573531214,35848.08611788116,62913.87912164832,65671.0979127767,24292.15085895365,28579.04218158769,31709.86373861021,38502.97136877993,64085.416296512965,4444.444444444445,0.0
4484.484484484485,31217.055958159883,40039.86996254482,49273.180666885644,75687.27962860162,124687.0982682925,40459.632168195196,54219.85231628928,39242.92875370347,43343.83352645743,52107.14358856918,73810.95424727917,93638.59333744427,34167.314424165386,41426.693214767685,55550.83869056203,74414.63815498938,36853.98852840404,40554.15206707503,44870.614667367525,47534.42824553864,55512.340230143105,70712.41079095374,96300.51892397137,34549.484484484485,32019.761686114874,62864.72279836961,27666.231379158085,32521.01116757354,41106.72642223735,22503.881676556026,25972.877716392057,29257.629292466117,31525.294675798803,35908.407864539324,62924.55618222957,65705.80604547155,24280.464731951168,28571.861296791692,31734.167592789756,38514.65562703623,64108.33523591564,4484.484484484485,0.0
4524.524524524525,31149.62841262561,40044.92439438056,49311.504178285235,75729.07058740553,124709.39695182754,40487.0478778671,54232.47664665742,39246.87629176207,43386.170082926044,52146.43536034116,73841.67844292766,93642.41339561669,34133.46767544541,41444.58539024446,55574.96284344965,74446.508615385,36849.78509958464,40574.54000486297,44906.00989195939,47541.79930602019,55543.15410484673,70713.01181001266,96330.27335628703,34589.524524524524,32050.979014620236,62873.54550990429,27685.160268552092,32547.51746772793,41141.37131276903,22473.789255171174,25973.160719018044,29266.075720163244,31560.978363651942,35968.73222753215,62935.29129047568,65740.54599756135,24268.660895562134,28564.698046930636,31758.428102155794,38526.42186846429,64131.31561141166,4524.524524524524,0.0
4564.564564564565,31082.111720140638,40049.94686355673,49349.89848454499,75770.85284874162,124731.75464758054,40514.41317419028,54245.15139037428,39250.7539242405,43428.51283274015,52185.6663892375,73872.51917258889,93646.24137488667,34099.57525327472,41462.4585330712,55599.1254743981,74478.40530382055,36845.55183138487,40594.71655774073,44941.1395693656,47549.380707313154,55574.15651922961,70713.67578057057,96360.07272808913,34629.56456456456,32082.178458723818,62882.38610584075,27703.95477373872,32574.12434626949,41176.05000912092,22443.60759425862,25973.42934527984,29274.43891085234,31596.7576955782,36029.057677958444,62946.0847174278,65775.31775233842,24256.739700705686,28557.553458988274,31782.643265184633,38538.270951842525,64154.35718784343,4564.564564564564,0.0
4604.604604604605,31014.507255972072,40054.93735331006,49388.36246171376,75812.62612262445,124754.17141098427,40541.727895180506,54257.87670942409,39254.56356659315,43470.86003354372,52224.836258567055,73903.47664880203,93650.0773063079,34065.63790320215,41480.311993900264,55623.326594889346,74510.32811261284,36841.288630752446,40614.6807980238,44976.00184528786,47557.17513843121,55605.34763173724,70714.4027379251,96389.91703165616,34669.6046046046,32113.359979448807,62891.2446251558,27722.615239257968,32600.831724335294,41210.762245615944,22413.33821755475,25973.684448338066,29282.720593704304,31632.629810461905,36089.382714643005,62956.93673530214,65810.12129380964,24244.701498868257,28550.428515501495,31806.81112617702,38550.203733478585,64177.45973057924,4604.604604604603,0.0
4644.644644644645,30946.816361739307,40059.89586137821,49426.89500293697,75854.39012118739,124776.64729740279,40568.99187928134,54270.65276536331,39258.30706726939,43513.2100088461,52263.94455560972,73934.55108105548,93653.9212211532,34031.65635178979,41498.145142686546,55647.566215604296,74542.27693456401,36836.99540153728,40634.431811743496,45010.59491876508,47565.18525026823,55636.72757345349,70715.19271885559,96419.80625931079,34709.64464464465,32144.52353776782,62900.12110687683,27741.142027373087,32627.63950319249,41245.50775872372,22382.98261705313,25973.92683663203,29290.922466382028,31668.591926437046,36149.705863245355,62967.8476174922,65844.95660669215,24232.546642231526,28543.32415639017,31830.92977350992,38562.22106699456,64200.62300551847,4644.644644644646,0.0
4684.684684684686,30879.04034651187,40064.82239919806,49465.4950181835,75896.144558662,124799.18236212927,40596.20496537836,54283.47971930633,39261.986210405186,43555.5611453304,52302.990871647664,73965.74267575378,93657.77315091698,33997.63130722582,41515.95736807881,55671.844346420796,74574.25166295927,36832.672044543884,40653.968699677425,45044.91704579571,47573.41365106377,55668.29644789759,70716.04576165616,96449.74040341955,34749.68468468469,32175.669094603138,62909.01559008155,27759.535517784636,32654.547564535853,41280.28628704889,22352.542253602503,25974.157276164464,29299.046194277347,31704.641339627804,36210.02567540176,62978.81763857097,65879.82367640924,24220.275483793677,28536.241280689377,31854.99733799624,38574.323803108775,64223.846779096646,4684.684684684686,0.0
4724.724724724725,30811.180487863574,40069.716991143316,49504.1614339769,75937.8891513571,124821.77666038382,40623.366992813506,54296.35773191122,39265.60271840077,43597.91189027571,52341.97480199598,73997.05163618442,93661.63312731727,33963.56345991459,41533.748076833544,55696.160996411585,74606.25219156503,36828.31845758223,40673.290578378,45078.96654311801,47581.86290169958,55700.05433083486,70716.96190616908,96479.71945639246,34789.72472472473,32206.79661082703,62917.928113897695,27777.796107334554,32681.555770795494,41315.097571319406,22322.01855750309,25974.376492671403,29307.093409927955,31740.7754227936,36270.34072789972,62989.84707429203,65914.72248908639,24207.8883774841,28529.18074819022,31879.011991346186,38586.51278941404,64247.130818290185,4724.724724724729,0.0
4764.7647647647655,30743.23803288512,40074.5796737987,49542.89319313099,75979.62361763837,124844.43024731163,40650.477801399444,54309.28696336533,39269.15825438857,43640.26074908841,52380.89594603358,74028.47816248529,93665.50118229845,33929.45348304462,41551.51669325061,55720.516173842734,74638.27841462678,36823.93453551649,40692.396581198285,45112.74179214185,47590.535510834554,55732.001270101966,70717.94119381827,96509.74341068299,34829.76476476477,32237.90604726201,62926.85871750276,27795.92420970076,32708.6639654542,41349.941354374576,22291.41292910034,25974.585173682746,29315.06571259563,31776.991623894064,36330.64962188266,63000.93620159101,65949.6530315479,24195.38567827162,28522.143380994865,31902.97194472425,38598.788870152566,64270.47489062148,4764.764764764768,0.0
4804.804804804806,30675.21419915702,40079.41049526982,49581.68925448933,76021.34767790837,124867.14317798031,40677.537231434064,54322.267573370744,39272.65442459602,43682.60628293904,52419.75390723381,74060.02245161198,93669.37734803358,33895.30203313561,41569.262658629974,55744.909886171896,74670.33022686731,36819.52017031215,40711.28585931356,45146.24124302405,47599.43392988679,55764.13728544675,70718.98366764354,96539.81225878757,34869.80480480481,32268.997364681112,62935.807440123695,27813.920255082725,32735.871973373865,41384.81738115303,22260.72673937545,25974.783970478853,29322.964667988745,31813.28746458805,36390.950982084294,63012.08529858582,65984.6152913132,24182.767742266195,28515.129964991236,31926.875447396364,38611.15288598757,64293.878764163455,4804.804804804808,0.0
4844.844844844845,30607.110175684596,40084.20951452636,49620.54859266899,76063.06105458655,124889.91550737833,40704.54512371504,54335.299721129806,39276.09278060753,43724.94710649959,52458.54829319483,74091.68469730575,93673.26165692683,33861.10975056535,41586.98543074824,55769.342140046865,74702.40752348438,36815.07525108169,40729.95758273828,45179.46341887726,47608.56054787453,55796.46236838271,70720.08937233442,96569.92599324576,34909.84484484485,32300.07052380819,62944.77432103666,27831.784689878565,32763.17960113059,41419.725398680544,22229.961330531733,25974.973499948002,29330.791808113292,31849.66053867943,36451.24345609092,63023.2946445771,66019.60925659405,24170.03492681449,28508.141251252433,31950.720785461875,38623.60567377182,64317.34220754424,4844.844844844847,0.0
4884.884884884886,30538.927123796762,40088.97680077719,49659.4701978084,76104.76347209013,124912.74729041242,40731.50131955437,54348.383565330514,39279.47482152959,43767.28188577741,52497.27871566999,74123.46509006151,93677.15414161619,33826.87726007715,41604.684483354424,55793.81294130431,74734.51020014897,36810.599664128276,40748.41094133578,45212.40692010039,47617.91768612718,55828.976482058504,70721.25835426504,96600.0846066395,34949.88488488489,32331.125485318178,62953.75939956671,27849.517976354146,32790.58663735783,41454.66515605779,22199.118016576318,25975.15434634956,29338.548631238184,31886.10851052081,36511.525713630515,63034.56452004783,66054.63491629148,24157.187590589187,28501.177957365453,31974.506280665555,38636.14806631293,64340.86498995174,4884.884884884887,0.0
4924.924924924925,30470.666178010237,40093.71243287565,49698.45307531886,76146.45465681441,124935.63858190575,40758.405660793156,54361.51926413177,39282.80199606341,43809.60933604167,52535.94479059791,74155.36381709602,93681.05483497574,33792.60517126879,41622.35930568438,55818.322294968515,74766.63815300322,36806.09329298833,40766.64514582105,45245.07042881702,47627.50759288357,55861.6795611424,70722.49066152907,96630.28809159335,34989.924924924926,32362.162209837414,62962.76271508751,27867.120592304702,32818.09285309718,41489.63640444797,22168.198083896557,25975.32706298745,29346.236601961613,31922.62911338576,36571.79644588784,63045.89520666268,66089.69225999288,24144.226093672172,28494.24076869368,31998.23028928493,38648.78089213599,64364.446881138145,4924.924924924926,0.0
4964.9649649649655,30402.32844686073,40098.416498753904,49737.496245640374,76188.13433711429,124958.58943659562,40785.257989816295,54374.70697514867,39286.07570448857,43851.92821983872,52574.54613813237,74187.38106231671,93684.96377011851,33758.29407906365,41640.009401992516,55842.87020525044,74798.79127865833,36801.556018472445,40784.65942875387,45277.45271340567,47637.33243779224,55894.57151172194,70723.78634397473,96660.53644077404,35029.964964964965,32393.180657943914,62971.78430702105,27884.593030709526,32845.6980021561,41524.6388970643,22137.20279183056,25975.492173798346,29353.85715136657,31959.2201478184,36632.054364843905,63057.28698726721,66124.78127796992,24131.15079763187,28487.330339577205,32021.89120108874,38661.50497524304,64388.087651424095,4964.9649649649655,0.0
5005.005005005006,30333.91501370259,40103.08909488463,49776.59874400109,76229.80224328539,124981.59990913137,40812.05814956731,54387.946855437694,39289.29730056178,43894.23734509174,52613.08238267207,74219.51700629044,93688.88098039897,33723.94456416463,41657.634291100876,55867.4566755467,74830.9694741928,36796.98771870506,40802.45304552189,45309.552633103915,47647.39430633443,55927.65221121894,70725.14545324055,96690.8296468903,35070.005005005005,32424.180790167673,62980.82421483733,27901.935799380215,32873.40182147233,41559.672389157466,22106.13337323138,25975.650174858878,29361.4116772547,31995.87947996892,36692.298202639235,63068.74014588617,66159.90196117578,24117.9620655946,28480.44729447481,32045.487438362317,38674.321134870144,64411.78707170312,5005.005005005005,0.0
5045.045045045045,30265.426937478143,40107.73032576869,49815.759620180324,76271.45810754571,125004.67005407216,40838.80598356323,54401.239061481814,39292.468093334384,43936.53556328225,52651.55315289004,74251.77182621289,93692.80649941562,33689.557193491826,41675.23350596412,55892.08170843896,74863.17263715014,36792.38826916266,40820.0252753121,45341.369142666386,47657.6951941906,55960.92150831966,70726.56804279119,96721.16770269256,35110.045045045044,32455.162566990963,62989.88247805408,27919.149420602993,32901.20403148414,41594.736638002956,22074.991035024515,25975.80153581566,29368.901544448378,32032.605039921702,36752.52671095989,63080.25496772181,66195.05430124316,24104.66026231027,28473.59222905112,32069.01745499611,38687.23018524176,64435.54491344578,5045.045045045044,0.0
5085.085085085086,30196.865253458334,40112.34030344793,49854.977938276104,76313.1016640177,125027.79992588502,40865.50133590955,54414.58374917554,39295.58934889196,43978.821767708796,52689.95808176285,74284.14569587779,93696.74036101387,33655.13252060433,41692.806593250396,55916.74530569314,74895.40066553722,36787.75754271088,40837.37542206896,45372.901297054304,47668.23700157383,55994.3792229207,70728.05416795361,96751.55060097297,35150.085085085084,32486.125948848647,62998.95913623644,27936.23443077567,32929.10433650615,41629.83140288835,22043.776958758208,25975.94670124223,29376.328085152403,32069.394820023284,36812.73866044495,63091.83173915184,66230.23829048235,24091.245754212443,28466.76571121242,32092.47973563378,38700.23293532274,64459.36094870368,5085.085085085084,0.0
5125.125125125125,30128.230973955637,40116.91914704128,49894.25277647549,76354.73264871036,125050.98957894238,40892.144051315176,54427.98107380995,39298.66229201946,44021.09489182032,52728.29680659973,74316.63878564717,93700.68259928862,33620.67108610698,41710.353112937024,55941.44746825906,74927.65345782205,36783.09540964033,40854.50281543819,45404.14825613196,47679.021527555844,56028.02514608996,70729.60388595393,96781.97833456514,35190.12512512512,32517.070896128465,63008.05422899666,27953.1913800397,32957.102425110075,41664.95644510047,22012.492301146347,25976.086091926478,29383.692599366794,32106.246873214975,36872.932840115085,63103.47074772656,66265.45392187913,24077.718909472893,28459.968282094072,32115.872794876537,38713.3301885681,64483.2349501135,5125.125125125123,0.0
5165.165165165166,30059.525089010618,40121.46698230366,49933.58322682897,76396.35079950161,125074.23906752034,40918.73397510753,54441.431190057636,39301.68810779533,44063.35390762045,52766.568969071144,74349.25126242131,93704.63324858728,33586.17341804253,41727.872637920635,55966.18819627003,74959.93091293199,36778.40173770127,40871.40681169504,45435.10928934431,47690.05046441367,56061.859040043404,70731.21725595414,96812.45089634365,35230.16516516516,32547.997369171364,63017.1677959938,27970.02083190792,32985.19797050986,41700.11152791255,21981.13819460356,25976.22010609199,29390.996355343617,32143.159311375795,36933.108056821016,63115.172282166146,66300.70118909341,24064.08009805077,28453.200457002516,32139.19517654029,38726.52274267061,64507.16669090096,5165.165165165163,0.0
5205.205205205206,29990.74856705323,40125.98394120611,49972.9683950286,76437.95585612129,125097.54844579604,40945.27095324761,54454.934251957595,39304.66794311749,44105.59782413946,52804.77421523729,74381.98328960928,93708.5923435121,33551.64003226994,41745.364753641035,55990.96748904264,74992.23293025157,36773.6763921373,40888.08679465493,45465.78378034691,47701.325392025814,56095.88063813704,70732.89433908937,96842.96827922428,35270.2052052052,32578.905328271794,63026.29987693341,27986.723362888406,33013.390630950744,41735.29641657125,21949.715747772352,25976.3491205568,29398.24059008111,32180.13030367965,36993.263134711204,63126.93663235725,66335.98008645726,24050.32969173657,28446.462726314665,32162.445452962842,38739.811389306626,64531.15594488448,5205.205205205202,0.0
5245.245245245246,29921.90235553991,40130.47016153645,50012.407400189186,76479.54756013377,125120.91776784598,40971.75483234518,54468.49041290007,39307.60290816428,44147.825685971715,52842.912195576224,74414.83502709989,93712.55991892357,33517.07143282929,41762.82905771847,56015.78534507664,75024.55940962084,36768.91923571782,40904.54217656572,45496.17123155834,47712.84777235007,56130.08964487446,70734.63519850577,96873.53047616353,35310.24524524524,32609.794733678045,63035.4505115672,28003.299562105036,33041.68005010176,41770.5108782837,21918.226046042,25976.4734918326,29405.426509849138,32217.1580749708,37053.396914717945,63138.76408934944,66371.29060897384,24036.468064190936,28439.75555633707,32185.622224358234,38753.196913879925,64555.20248647907,5245.245245245245,0.0
5285.285285285286,29852.987381567524,40134.925786519205,50051.89937463359,76521.12565492146,125144.3470876435,40998.18545967392,54482.09982561137,39310.494077793344,44190.036571874676,52880.98256501177,74447.80663123299,93716.53600994305,33482.468112293755,41780.26515960341,56040.64176205501,75056.9102513331,36764.130128769684,40920.772398980116,45526.271268603625,47724.6189440157,56164.485735929746,70736.43989939836,96904.13748015866,35350.28528528528,32640.66554559254,63044.619739692745,28019.750030915173,33070.06585745098,41805.754682204424,21886.670152059112,25976.59355716752,29412.55529074063,32254.240904160575,37113.50825406119,63150.65494535096,66406.63275231587,24022.495590978488,28433.079390127405,32208.72411821538,38766.680095264164,64579.30609069984,5285.285285285285,0.0
5325.325325325326,29784.004552465158,40139.35096445428,50091.4434636807,76562.6898856683,125167.8364590569,41024.562683186734,54495.762642138594,39313.342492881085,44232.229593427415,52918.98498294091,74480.89825477086,93720.52065195574,33447.83055210933,41797.67268023871,56065.53673684409,75089.28535613317,36759.30892920778,40936.776933606416,45556.08364461525,47736.64011706416,56199.068558185594,70738.30850904953,96934.78928424724,35390.32532532533,32671.517724172187,63053.80760115314,28036.075382525065,33098.54766870335,41841.02759942223,21855.04910622954,25976.70963553533,29419.628079244183,32291.377122648442,37173.59602576945,63162.60949372449,66442.00651282458,24008.41264959679,28426.4346482803,32231.74978873873,38780.26170554386,64603.46653316564,5325.325325325328,0.0
5365.3653653653655,29714.95475636462,40143.74584837287,50131.03882543747,76604.23999934334,125191.3859358471,41050.886351530964,54509.47901383441,39316.14916160533,44274.40389374575,52956.91911326109,74514.11004687038,93724.5138806136,33413.15922292262,41815.05125173346,56090.47026549394,75121.68462521536,36754.455492564855,40952.55528313697,45585.60824435811,47748.912367874516,56233.83772978671,70740.24109686779,96965.48588150721,35430.36536536537,32702.351229528664,63063.0141358367,28052.276241603337,33127.125086180255,41876.32940294714,21823.36392721176,25976.822028573784,29426.6459928335,32328.565112769422,37233.65911821681,63174.62802898236,66477.41188750844,23994.21961950056,28419.82172967984,32254.697916328292,38793.94250975419,64627.683590102504,5365.365365365367,0.0
5405.405405405407,29645.838862750697,40148.110595710576,50170.684630593925,76645.77574468478,125214.99557166545,41077.15631406376,54523.24909134164,39318.91506067387,44316.558646251535,52994.784624397056,74547.44215305534,93728.51573183842,33378.45458489728,41832.40051704797,56115.44234323863,75154.10796022149,36749.569672020174,40968.10698205208,45614.845088143,47761.436634309095,56268.792840208334,70742.23773442693,96996.22726505669,35470.40540540541,32733.1660217288,63072.2393836766,28068.353243893158,33155.79769922048,41911.65986769718,21791.61561240142,25976.931021474804,29433.610120569887,32365.803306270274,37293.69643467601,63186.71084678135,66512.84887404252,23979.916882121328,28413.241012220416,32277.567207096927,38807.723265619796,64651.95703834694,5405.405405405407,0.0
5445.445445445446,29576.657722991826,40152.4453679961,50210.38006222142,76687.29687218436,125238.6654200518,41103.37242086745,54537.073024578,39321.6411365012,44358.693053493604,53032.58118932732,74580.89471518905,93732.52624182512,33343.71708801946,41849.72012968989,56140.45296449696,75186.55526323915,36744.65131842791,40983.43159739906,45643.79433549354,47774.21371111728,56303.933450339566,70744.2984955055,97027.0134280536,35510.445445445446,32763.962060794867,63081.48338465058,28084.307035823465,33184.565084582326,41947.0187704851,21759.805138407093,25977.036883828794,29440.521523714226,32403.09018281545,37353.706892886235,63198.85824391726,66548.31747076729,23965.50482088262,28406.692853497978,32300.356392422695,38821.60472329274,64676.28665534941,5445.445445445446,0.0
5485.485485485487,29507.412170852098,40156.750330555435,50250.12431557433,76728.80313407145,125262.39553443219,41129.53452276485,54550.95096272063,39324.32830633578,44400.80634601813,53070.30848561038,74614.4678714477,93736.54544704445,33308.94717239278,41867.009753420374,56165.5021228729,75219.02643679942,36739.700280344085,40998.52872954414,45672.45628853067,47787.24424563319,56339.259092581706,70746.42345612685,97057.84436369578,35550.485485485486,32794.73930670493,63090.74617878055,28100.13827411976,33213.42680684592,41982.40589000529,21727.93346151718,25977.139870425766,29447.381236345554,32440.42426852494,37413.68942463588,63211.070518319044,66583.81767668817,23950.983821210764,28400.177591473195,32323.064228534186,38835.58762508999,64700.67221917736,5485.485485485486,0.0
5525.525525525526,29438.103022985393,40161.025652230484,50289.91659789477,76770.29428429822,125286.18596811673,41155.64247133481,54564.883054190715,39326.977459340036,44442.89778128608,53107.96619541039,74648.1617562937,93740.57338424638,33274.1452685231,41884.26906197046,56190.589811156555,75251.5213838754,36734.71640405333,41013.39801289688,45700.831395039764,47800.5287338053,56374.76927096107,70748.61269459953,97088.72006522072,35590.525525525525,32825.49771939319,63100.02780613233,28115.847625414877,33242.38241881576,42017.82100682042,21696.001518157904,25977.240222015083,29454.1902659834,32477.804134544203,37473.64297535889,63223.347969042545,66619.34949147457,23936.35427054153,28393.695545108207,32345.689496126877,38849.67270523043,64725.11350851848,5525.525525525525,0.0
5565.565565565566,29368.731079412264,40165.27150511137,50329.75612822053,76811.77007852407,125310.03677429733,41181.696118927546,54578.869446638026,39329.58945762522,44484.96664263596,53145.55400552254,74681.97650044961,93744.61009046336,33239.31179759365,41901.497738767066,56215.716021324944,75284.04000787987,36729.69953359462,41028.03911660492,45728.92025118531,47814.06751659265,56410.46346125614,70750.86629155776,97119.64052590528,35630.565565565565,32856.23725875031,63109.32830681525,28131.435765860235,33271.43146192274,42053.26390334817,21664.01022534243,25977.338166026362,29460.949594211594,32515.228395647682,37533.566503744856,63235.69089626412,66654.91291545963,23921.61655832276,28387.247014978475,32368.231000008862,38863.860689571804,64749.61030268368,5565.565565565568,0.0
5605.605605605606,29299.29712398041,40169.48806428216,50369.642137196046,76853.23027410125,125333.9480060458,41207.69531868017,54592.91028692544,39332.165137243224,44527.012238289346,53183.07160739809,74715.91223087272,93748.65560301344,33204.44717173076,41918.69547666803,56240.880744543116,75316.58221266372,36724.64951078653,41042.45174521874,45756.72360384015,47827.86077676354,56446.34111113925,70753.1843300029,97150.60573906575,35670.605605605604,32886.957884623786,63118.64772098181,28146.903380737862,33300.573466625356,42088.734363847994,21631.960481111084,25977.43391725329,29467.660177301317,32552.695708876126,37593.45898136195,63248.0996012735,66690.50794963953,23906.771076012967,28380.832283861026,32390.687568773872,38878.15229534768,64774.16238161008,5605.605605605608,0.0
5645.645645645646,29229.801924809224,40173.67550757878,50409.57386688647,76894.67463005988,125357.91971631134,41233.63992453217,54607.00572111347,39334.7053091371,44569.0339003977,53220.518697169,74749.96907072954,93752.7099595036,33169.55179426058,41935.86197770618,56266.083971165164,75349.1479025137,36719.5661752517,41056.6356393248,45784.24235249708,47841.90853612948,56482.401640331715,70755.5668953447,97181.61569805755,35710.64564564565,32917.65955681828,63127.98608882737,28162.25116407377,33329.80795280973,42124.2321744078,21599.85316496273,25977.527678502305,29474.322946831715,32590.20477220801,37653.319392292324,63260.574386466644,66726.1345956732,23891.818217076223,28374.451617300492,32413.058054500198,38892.54823090484,64798.769525863885,5645.645645645647,0.0
5685.685685685686,29160.246234719365,40177.83401535932,50449.550570594554,76936.10290709359,125381.95195791885,41259.52979124096,54621.15589444473,39337.21076005238,44611.03098412838,53257.89497567192,74784.14713937121,93756.77319783314,33134.6260599572,41952.996952842,56291.32569073561,75381.73698215088,36714.449364440836,41070.590576145914,45811.477550733034,47856.21065324546,56518.64444077324,70758.01407544359,97212.67039627503,35750.68568568569,32948.34223509596,63137.34345058972,28177.4798182529,33359.13443018784,42159.75712293063,21567.689138277332,25977.619641208123,29480.938810306296,32627.754323265795,37713.146732779605,63273.11555533801,66761.79285588193,23876.758376973383,28368.10526415406,32435.34133247385,38907.0491954411,64823.43151664331,5685.685685685687,0.0
5725.725725725726,29090.63079164753,40181.96377028534,50489.57151268098,76977.51486754564,125406.04478356618,41285.36477439731,54635.36095132842,39339.68225341066,44653.00286678827,53295.20014847203,74818.44655230913,93760.84535619711,33099.67035528239,41970.10012172425,56316.60589199062,75414.34935672847,36709.298913656115,41084.31637010821,45838.43040719845,47870.76682160562,56555.06887680433,70760.52596065284,97243.76982715164,35790.72572572573,32979.00587917689,63146.71984654883,28192.59005363621,33388.55239869388,42195.308999121364,21535.469244729746,25977.709986017573,29487.508651763805,32665.34313805635,37772.94001088802,63285.723412472566,66797.48273324915,23861.591953149742,28361.793457116528,32457.53630093437,38921.655878744,64848.1481357811,5725.725725725726,0.0
5765.7657657657655,29020.95631904744,40186.06495711427,50529.63596838689,77018.91027539448,125430.19824582263,41311.14473044098,54649.62103532479,39342.120530147404,44694.948946983175,53332.433925886304,74852.86742119087,93764.92647308955,33064.6850586174,41987.17121245868,56341.92456285958,75446.98493183005,36704.114656073965,41097.812873373194,45865.10228610752,47885.57656835964,56591.674285362,70763.10264386152,97274.91398415947,35830.76576576577,33009.650448739354,63156.115317026415,28207.58258818005,33418.061348878065,42230.88759447342,21503.19431069481,25977.798883343632,29494.033332382325,32702.97002974619,37832.69824617254,63298.39826353744,66833.20423142036,23846.31934501937,28355.516413226564,32479.641880841904,38936.3689609306,64872.91916574733,5765.7657657657655,0.0
5805.805805805807,28951.223526277267,40190.137762502105,50569.743223659956,77060.28889624035,125454.41239712613,41336.869516676205,54663.93628912959,39344.526309515386,44736.86864381148,53369.596023006365,74887.40985377683,93769.01658730733,33029.67054048697,42004.209961384404,56367.28169046661,75479.64361346778,36698.89642276751,41111.07997633439,45891.49470720791,47900.63925357224,56628.45997618839,70765.74422053774,97306.10286080923,35870.80580580581,33040.275903420246,63165.52990238556,28222.458147058394,33447.660762297775,42266.49270225544,21470.86514564385,25977.88649389105,29500.51369107556,32740.63384747082,37892.42046935996,63311.14041527324,66868.95735470296,23830.94095394612,28349.274334355014,32501.657015664183,38951.18911218846,64897.74438965201,5805.805805805805,0.0
5845.845845845846,28881.433108974208,40194.18237481588,50609.892574982594,77101.6504972915,125478.6872897816,41362.53899128728,54678.306854558556,39346.90028985539,44778.761396090624,53406.68615972086,74922.07395391726,93773.11573795341,32994.627163776015,42021.21611285722,56392.677261132325,75512.32530808028,36693.644042728396,41124.117608077344,45917.6093452129,47915.95407004465,56665.42523205167,70768.45078877236,97337.33645065023,35910.84584584585,33070.88220281541,63174.96364303044,28237.21746228812,33477.35011190554,42302.124117498024,21438.482542532594,25977.97296915501,29506.950545080424,32778.333475178246,37952.1057220403,63323.9501754848,66904.74210806614,23815.457183221617,28343.067407676426,32523.58067118207,38966.11699251828,64922.62359124744,5845.845845845844,0.0
5885.885885885887,28811.585749416663,40198.19898395572,50650.083329203866,77142.994847351,125503.02297595865,41388.153013354065,54692.73287253182,39349.24314933556,44820.62666161459,53443.70406073735,74956.85982152965,93777.22396444055,32959.5552839391,42038.18941904033,56418.11126037552,75545.02992253093,36688.357342888215,41136.92573680266,45943.44802868225,47931.52004371207,56702.569308979466,70771.22244932316,97368.6147472699,35950.88588588589,33101.46930648004,63184.41657940585,28251.861272357724,33507.12886243365,42337.781636980406,21406.047278180704,25978.05845189444,29513.344690535174,32816.06783050603,38011.753056368296,63336.82785303184,66940.55849714117,23799.868438040165,28336.89580612437,32545.41183531234,38981.15325147821,64947.5565549308,5885.885885885888,0.0
5925.925925925926,28741.682116874545,40202.18778118571,50690.314803373076,77184.32171680337,125527.41950768919,41413.711442867585,54707.21448305834,39351.55554666083,44862.46391644172,53480.649455603765,74991.76755257661,93781.3413064949,32924.45524920312,42055.12963970167,56443.58367291518,75577.75736410596,36683.03614813957,41149.504370210685,45969.01273834297,47947.33603462737,56739.89143650365,70774.05930565941,97399.93774429418,35990.92592592593,33132.03717392901,63193.888751996914,28266.390321859733,33536.9964707749,42373.465059217226,21373.56011364289,25978.143076580986,29519.69690304742,32853.83586369173,38071.36153477443,63349.77375781909,66976.40652822124,23784.175125470807,28330.759688831626,32567.14951794663,38996.2985279305,64972.54306574638,5925.925925925927,0.0
5965.9659659659665,28671.72286794806,40206.148958973434,50730.58632457697,77225.6308776019,125551.87693686553,41439.21414074552,54721.751825220446,39353.83812175381,44904.27265421051,53517.52207872944,75026.7972390442,93785.46780415991,32889.32740076327,42072.03654201767,56469.09448267242,75610.5075405126,36677.68028135668,41161.853555847876,45994.30560484565,47963.40073853679,56777.39081791702,70776.961464007,97431.3054353869,36030.96596596597,33162.58576463732,63203.38020132865,28280.805361127193,33566.952386359495,42409.174184445255,21341.021794571865,25978.22696982518,29526.007938251583,32891.63655651591,38130.93022968551,63362.7882007861,67012.2862082618,23768.37765442677,28324.6592015559,32588.792750805267,39011.553449790146,64997.582909387886,5965.9659659659665,0.0
6006.006006006006,28601.70864689553,40210.08271083752,50770.89722977902,77266.92210325565,125576.39531523833,41464.660968847784,54736.34503715822,39356.09149640828,44946.052385483374,53554.3216694054,75061.94896892096,93789.60349779995,32854.17207297275,42088.90990038344,56494.64367277264,75643.28035987719,36672.28956341566,41173.9733814137,46019.32890595653,47979.712689047374,56815.06663054075,70779.92903339403,97462.71781425003,36071.006006006006,33193.115038040385,63212.89096796563,28295.107145874405,33596.99605152742,42444.90881461019,21308.433051573145,25978.310250780803,29532.278532355278,32929.46892127749,38190.45822325421,63375.87149389647,67048.19754488068,23752.476435632176,28318.594477091694,32610.34058730498,39026.91863377645,65022.67587220069,6006.006006006006,0.0
6046.046046046047,28531.64008595062,40213.98923120313,50811.24686566139,77308.19516881698,125600.97469441398,41490.05178999202,54750.99425605402,39358.31627491652,44987.80263711583,53591.04797182459,75097.2228261771,93793.74842810404,32818.989593526276,42105.74949622882,56520.23122554761,75676.07573074337,36666.863813214426,41185.86397502801,46044.085063190396,47996.27026038275,56852.91802600262,70782.96212569659,97494.17487462336,36111.046046046045,33223.62495353448,63222.42109251156,28309.29643684221,33627.126901896445,42480.668753353435,21275.794600551828,25978.393031528685,29538.509402674325,32967.331999800546,38249.944607097175,63389.02395012718,67084.14054635841,23736.471881586356,28312.565635669172,32631.792102439347,39042.39468516722,65047.821741183965,6046.046046046049,0.0
6086.086086086087,28461.51780562939,40217.86871526474,50851.634588469955,77349.44985086919,125625.61512585281,41515.38646796913,54765.69961811695,39360.51304467179,45029.52295165114,53627.700735101054,75132.61889074434,93797.90263608994,32783.78028363768,42122.55511784031,56545.85712253797,75708.8935620701,36661.40284769232,41197.52550545811,46068.57663789496,48013.07167071735,56890.944130525546,70786.06085568556,97525.67661028451,36151.086086086085,33254.11547047714,63231.970615608945,28323.37399944814,33657.34436672513,42516.453805998906,21243.107143051493,25978.475417440888,29544.70124815621,33005.22486247211,38309.3884820418,63402.245883457144,67120.11522163868,23720.36440652582,28306.572785340504,32653.146392670904,39057.98219755622,65073.02030399263,6086.0860860860885,0.0
6126.126126126127,28391.342415027575,40221.721358856084,50892.05976386115,77390.68592751425,125650.31666086707,41540.664867558706,54780.46125856742,39362.68237674674,45071.212886738445,53664.27971328901,75168.13723849625,93802.06616310796,32748.54445821184,42139.32656018864,56571.52134449549,75741.73376323014,36655.90648184945,41208.95818230545,46092.80632680081,48030.11498607492,56929.14404522591,70789.22534107327,97557.2230150486,36191.126126126124,33284.58654818747,63241.53957793865,28337.340603441506,33687.64786927083,42552.26377953992,21210.37136658536,25978.557507526475,29550.854749891638,33043.14660731024,38368.78895788105,63415.53760885525,67156.12158032838,23704.15442638401,28300.616022354352,32674.40257583423,39073.681752614066,65098.27134893946,6126.126126126128,0.0
6166.1661661661665,28321.11451210836,40225.54735832667,50932.521766751895,77431.90317836092,125675.07935061835,41565.88685454456,54795.279311621605,39364.82482644916,45112.87201457407,53700.784665401356,75203.77794122897,93806.23905084492,32713.28242601114,42156.06362476166,56597.22387138562,75774.5962440078,36650.37452876574,41220.16225615155,46116.77695705758,48047.398124772604,56967.5168464214,70792.45570256119,97588.81408276851,36231.166166166164,33315.03814594664,63251.12802021953,28351.197022563814,33718.036827142496,42588.098482626025,21177.587944959807,25978.639394759557,29556.970571614213,33081.09635906169,38428.14515313605,63428.899442268674,67192.15963269855,23687.84235874893,28294.695431519,32695.559791048625,39089.493919852575,65123.574664997046,6166.166166166167,0.0
6206.206206206207,28250.8346839812,40229.34691042498,50973.019981171616,77473.10138451275,125699.90324611566,41591.052295730115,54810.15391047609,39366.9409338558,45154.499921364346,53737.21535542731,75239.54106664265,93810.42134132847,32677.994489816614,42172.76611940222,56622.964682390026,75807.48091459731,36644.806799619684,41231.13801866304,46140.49148077957,48064.91886238643,57006.061585947784,70795.75206388778,97620.44980733431,36271.2062062062,33345.47022299819,63260.73598320802,28364.944034214586,33748.51065264786,42623.957725549975,21144.75753859039,25978.721166390802,29563.049360188154,33119.07326832841,38487.45619482659,63442.33170060998,67228.22938968432,23671.428622818832,28288.811086554684,32716.61719863986,39105.4192563934,65148.93004179942,6206.206206206207,0.0
6246.246246246246,28180.503507171816,40233.1202121876,51013.553800116904,77514.28032855655,125724.78839821336,41616.16105895384,54825.0851872924,39369.03122432525,45196.096206809365,53773.57155235008,75275.42667832319,93814.61307693084,32642.68094658402,42189.433858151606,56648.74375590939,75840.38768560125,36639.20310370707,41241.88580265579,46163.95296913035,48082.674837210725,57044.77729148428,70799.11455187696,97652.13018267366,36311.24624624624,33375.882738548506,63270.363507697744,28378.582419122824,33779.06875313504,42659.84132023463,21111.88079481047,25978.802904243046,29569.09174608388,33157.076510722305,38546.72121824865,63455.834701744534,67264.33086288586,23654.91363935607,28282.9630504356,32737.573980069952,39121.45830674048,65174.33726964415,6246.246246246246,0.0
6286.286286286287,28110.12154788379,40236.86746083423,51054.122625408476,77555.43979455088,125749.73485760891,41641.213013104585,54840.0732731817,39371.09620899093,45237.66048360673,53809.85303016336,75311.43483572447,93818.81430037331,32607.342087594978,42206.0666610971,56674.56106956609,75873.3164680281,36633.563248459155,41252.4059821177,46187.164605978134,48100.66355617855,57083.66296688702,70802.54329648701,97683.85520275126,36351.28628628628,33406.275651767166,63280.010634519116,28392.11296102427,33809.71053132834,42695.74908021996,21078.95834817266,25978.884684991986,29575.098343841702,33195.10528604734,38605.93936675934,63469.40876447708,67300.46406456875,23638.297830639152,28277.151375721958,32758.429337874106,39137.61160255733,65199.79613949373,6286.286286286286,0.0
6326.326326326326,28039.689362252153,40240.58885366836,51094.72586755044,77596.5795680148,125774.74267484059,41666.208028136956,54855.118298189365,39373.136385234946,45279.192376974475,53846.0595678878,75347.56559415134,93823.02505473042,32571.97819860341,42222.66435422466,56700.41660020714,75906.26717329111,36627.887039461144,41262.698972191385,46210.12968115839,48118.88240120863,57122.717592530316,70806.03843086015,97715.62486156903,36391.32632632632,33436.6489217874,63289.677404538925,28405.53644634463,33840.43538565789,42731.68082065013,21045.990820743118,25978.96658043263,29581.0697525235,33233.158817508425,38665.10979156858,63483.0542085381,67336.62900766465,23621.581620413235,28271.376104882653,32779.182495604146,39153.87966244872,65225.30644297756,6326.326326326325,0.0
6366.3663663663665,27969.20749658902,40244.284587983166,51135.36294559194,77637.69943591655,125799.81190028565,41691.14597508659,54870.22039127977,39375.15223714353,45320.69152419212,53882.19094958656,75383.81900474275,93827.24538343408,32536.5895599774,42239.22676927583,56726.310323907135,75939.239713206,36622.174280469924,41272.76522911517,46232.8515833827,48137.32863593808,57161.94012565489,70809.60009137241,97747.43915316593,36431.36636636637,33467.002507706435,63299.36385865993,28418.853663888884,33871.24271058336,42767.63635826048,21012.978822388915,25979.048657732208,29587.00655615254,33271.236350946136,38724.23165153767,63496.7713545697,67372.82570577192,23604.76543383909,28265.6372706088,32799.83269777756,39170.262991747644,65250.86797239329,6366.366366366365,0.0
6406.406406406406,27898.676487621877,40247.954860972524,51176.033286991165,77678.79918666293,125824.94258415795,41716.0267260854,54885.37968032101,39377.144235945176,45362.15757415936,53918.24696438054,75420.19511445583,93831.47533027828,32501.176446836653,42255.7537436091,56752.24221597121,75972.23399998943,36616.42477343225,41282.60525012447,46255.333792836245,48155.99941280097,57201.32950072318,70813.22841768422,97779.29807161784,36471.40640640641,33497.33636858598,63309.07003782043,28432.065404536843,33902.13189691127,42803.61551136471,20979.922951058557,25979.130979670386,29592.909324141594,33309.33715409694,38783.30411298406,63510.56052411125,67409.05417315647,23587.849697440655,28259.93489611863,32820.379209831444,39186.7620823073,65276.48052070838,6406.406406406404,0.0
6446.446446446447,27828.09686272446,40251.59986964689,51216.73632748118,77719.87861008804,125850.13477650587,41740.85015437676,54900.596292069684,39379.112840431786,45403.59018697128,53954.22740646292,75456.69396605011,93835.71493942323,32465.739129185702,42272.24512006529,56778.2122509383,76005.24994625716,36610.63831850231,41292.21957331271,46277.57987350763,48174.891780407124,57240.8846297806,70816.92355279144,97811.20161103751,36511.44644644645,33527.650463452606,63318.79598299384,28445.172460945003,33933.102332105875,42839.61809984201,20946.823793055846,25979.213604867247,29598.778611709393,33347.46051587755,38842.326349492636,63524.42203958439,67445.31442475229,23570.834839051335,28254.268995453996,32840.82131808069,39203.377412298796,65302.14388156162,6446.446446446447,0.0
6486.486486486488,27757.469140140787,40255.21981075371,51257.47151093872,77760.9374974432,125875.3885272101,41765.61613433071,54915.870352155776,39381.058497363956,45444.98903350992,53990.1320751131,75493.31559807237,93839.96425540012,32430.277872043043,42288.70074683707,56804.22040258433,76038.28746502203,36604.81471405952,41301.60877745243,46299.593465296806,48194.0026911764,57280.60440282291,70820.6856430769,97843.14976557446,36551.48648648649,33557.944751298164,63328.54173518832,28458.175627254917,33964.15340059373,42875.64394512433,20913.68192330714,25979.296587999866,29604.61496028569,33385.60574569344,38901.29754173305,63538.35622427785,67481.60647616241,23553.721287759097,28248.639573768884,32861.15832967964,39220.10944601434,65327.857849264525,6486.486486486487,0.0
6526.526526526527,27686.79382920239,40258.814880702266,51298.23828925423,77801.97564138586,125900.70388598173,41790.32454145897,54931.20198506756,39382.98164186077,45486.35379505076,54025.96077471017,75530.06004484228,93844.22332311558,32394.792935566304,42305.12047734218,56830.26664392541,76071.3464696926,36598.95375672608,41310.773481777775,46321.37827594856,48213.329009180954,57320.487688168745,70824.51483836258,97875.14252941491,36591.526526526526,33588.21919108023,63338.3073354463,28471.07569880799,33995.28448406149,42911.69287018357,20880.497905622287,25979.37998000787,29610.41889790501,33423.772172770245,38960.216877282866,63552.36340233169,67517.93034365965,23536.509473850492,28243.046627610194,32881.389572586544,39236.95863367673,65353.62221880255,6526.526526526526,0.0
6566.566566566567,27616.07143053906,40262.38527549281,51339.03612220492,77842.99283596991,125926.08090235988,41814.97525243003,54946.591314136545,39384.88269777501,45527.6841628845,54061.713314745764,75566.92733643815,93848.49218785627,32359.284575173602,42321.5041701006,56856.350947221385,76104.426874071,36593.05524138447,41319.7143457278,46342.938072858284,48232.86751814817,57360.53333283723,70828.41129196214,97907.17989678161,36631.56656656657,33618.47374172252,63348.09282484406,28483.873471866966,34026.49496174721,42947.76469951897,20847.272292949147,25979.463828288677,29616.190939589353,33461.95914550749,39019.08355045653,63566.44389872116,67554.28604418739,23519.199828753695,28237.490145191132,32901.5143955304,39253.925411254815,65379.436785836515,6566.566566566569,0.0
6606.606606606607,27545.30243628334,40265.93119064952,51379.86447732919,77883.98887663495,125951.51962570958,41839.568145084064,54962.03846152255,39386.76207805406,45568.97983795216,54097.38950983616,75603.91749868353,93852.77089529396,32323.75304166122,42337.851688614945,56882.47328397918,76137.5285923513,36587.11896119496,41328.43206865247,46364.276674798064,48252.61492957629,57400.74016292983,70832.37516073436,97939.26186193389,36671.60660660661,33648.70836211532,63357.89824449128,28496.56974334403,34057.784210724785,42983.85925914441,20814.005627622108,25979.54817688289,29621.93158772,33500.166030854074,39077.89676213984,63580.59803924034,67590.67359536061,23501.792784980684,28231.97010665741,32921.532167979254,39271.01020028557,65405.30134670371,6606.606606606609,0.0
6646.646646646648,27474.487330269014,40269.452821157465,51420.72282980368,77924.9635601967,125977.02010521981,41864.10309844788,54977.543548198766,39388.62018508763,45610.24053049435,54132.989179734126,75641.03055313407,93857.0594914898,32288.198581317756,42354.162901254866,56908.63362495632,76170.65153911767,36581.14470761299,41336.92738948112,46385.397943609656,48272.56789091577,57441.10698401627,70836.40660513676,97971.3884191674,36711.64664664665,33678.92301111595,63367.723635530696,28509.165310535645,34089.15160618174,43019.97637657591,20780.698441604487,25979.633066650393,29627.641332398685,33538.39221370482,39136.655719629845,63594.826150484994,67627.09301546676,23484.288776068624,28226.486484346584,32941.44228010962,39288.21340770289,65431.21569841892,6646.646646646648,0.0
6686.686686686688,27403.626588223677,40272.950361403025,51461.61066232192,77965.91668483692,126002.58238990113,41888.57999274973,54993.10669393696,39390.4574110422,45651.465959713125,54168.51214933979,75678.26651706529,93861.35802289966,32252.621436034817,42370.43768114428,56934.83194016466,76203.79562934293,36575.13227040668,41345.20108635484,46406.30577591079,48292.72299376963,57481.632581523954,70840.50578927991,98003.5595628143,36751.68668668669,33709.11764754916,63377.569039137525,28521.660970864144,34120.59652169017,43056.11588081906,20747.351256725142,25979.718535437572,29633.32065179832,33576.6370963172,39195.35963647991,63609.12855983533,67663.5443234666,23466.688236520582,28221.039243040723,32961.24414277637,39305.53542567312,65457.179638675865,6686.686686686688,0.0
6726.726726726728,27332.720677955796,40276.42400511797,51502.527464975356,78006.84805009376,126028.20652858383,41912.99870943403,55008.7280172927,39392.274138183384,45692.65585344624,54203.95824871121,75715.62540346039,93865.66653637894,32217.0218434144,42386.67590605204,56961.06819887404,76236.96077838627,36569.08143767408,41353.25397622334,46427.00409485896,48313.076782067976,57522.31572113046,70844.67288098247,98035.7752872429,36791.72672672673,33739.292230207604,63387.43449651913,28534.057521626095,34152.118329470766,43092.27760235659,20713.964584909238,25979.8046182361,29638.970012503483,33614.90009774786,39254.007732349964,63623.50559543817,67700.02753899537,23448.99160174563,28215.628340212665,32980.93718748256,39322.976631438025,65483.19296584786,6726.726726726727,0.0
6766.766766766767,27261.770059536248,40279.87394532664,51543.4727351361,78047.7574568523,126053.89256991555,41937.35913117608,55024.40763559067,39394.070739186136,45733.80994785329,54239.32731307423,75753.1072209991,93869.98507918758,32181.400036873132,42402.87745828581,56987.3423696159,76270.14690199193,36562.99199586085,41361.08691440746,46447.49684201564,48333.625760173614,57563.155149158425,70848.90805182664,98068.03558685767,36831.76676676677,33769.4467178523,63397.320048914466,28546.35575974748,34183.7164006501,43128.46137313596,20680.538928403465,25979.891347333774,29644.589869840962,33653.18065330801,39312.59923286168,63637.957586188786,67736.54268236368,23431.199307998413,28210.253726265993,33000.520866348656,39340.537387164746,65509.25547898894,6766.7667667667665,0.0
6806.806806806808,27190.77518547468,40283.30037429649,51584.44597734156,78088.64470733491,126079.64056235917,41961.661141896635,55040.145664910175,39395.847577433786,45774.927987113275,54274.61918283152,75790.71197404667,93874.3136989951,32145.756245743338,42419.042224588775,57013.654420187435,76303.35391628723,36556.863729777426,41368.70079412802,46467.787969351266,48354.36640087728,57604.1495929729,70853.21147721416,98100.34045609938,36871.80680680681,33799.581069213025,63407.22573759378,28558.556481545675,34215.3901055109,43164.667026557036,20647.074779995746,25979.978752457842,29650.180668200555,33691.47821403745,39371.13336945822,63652.484861712044,67773.08977455858,23413.311792318385,28204.91534476914,33019.9946520809,39358.21803980358,65535.3669778348,6806.806806806806,0.0
6846.846846846847,27119.736500890787,40286.703483491445,51625.44670318137,78129.50960509224,126105.45055419103,41985.90462677635,55055.9422200705,39397.605007306105,45816.009723133175,54309.83370357154,75828.43966264372,93878.65244388605,32110.090695371207,42435.17009603943,57040.004317655184,76336.58173778102,36550.69642261675,41376.09654600262,46487.88143142896,48375.295153244486,57645.297761380076,70857.583336423,98132.68988944468,36911.84684684685,33829.695242988826,63417.151603858016,28570.66048249826,34247.13881373564,43200.89439745979,20613.57262322963,25980.06686091103,29655.742841346335,33729.79224619623,39429.60937926906,63667.08775234362,67809.66883724461,23395.3294924686,28199.613132683484,33039.35803793789,39376.0189209533,65561.52726280356,6846.846846846845,0.0
6886.886886886888,27048.654443680665,40290.08346352833,51666.47443118569,78170.35195499385,126131.32259349835,42010.08947227028,55071.79741461661,39399.343374456796,45857.054915266504,54344.97072607618,75866.29028249622,93883.00136236497,32074.403607212036,42451.26096795393,57066.392028359216,76369.8302833617,36544.48985597172,41383.2751375109,46507.78117780216,48396.40845027752,57686.5983450274,70862.02381266472,98165.08388140626,36951.88688688689,33859.789197848455,63427.09768903843,28582.668557018587,34278.96189464306,43237.143322112126,20580.03293261331,25980.155697700837,29661.27681271868,33768.12223077362,39488.026504978945,63681.76658911025,67846.27989276499,23377.252846874308,28194.347020585963,33058.61053769545,39393.94034673453,65587.73613499662,6886.8868868868885,0.0
6926.926926926927,26977.529444678552,40293.440504135855,51707.52868671571,78211.17156321938,126157.25672817741,42034.21556612216,55087.711360804766,39401.06301608107,45898.063330042634,54380.030106328486,75904.26382496645,93887.3605033621,32038.69519892271,42467.31473979137,57092.81751791708,76403.09947029574,36538.24380985284,41390.237572430015,46527.49114565776,48417.70271636083,57728.050016804555,70866.53309314212,98197.52242653268,36991.92692692693,33889.86289243082,63437.0640344961,28594.58149823817,34310.85871741797,43273.413638197715,20546.456173823703,25980.245285662302,29666.78299572727,33806.467663013565,39546.383994701486,63696.52170370985,67882.92296414266,23359.08229456137,28189.116932886103,33077.75168560904,39411.982617671005,65613.99339619942,6926.926926926928,0.0
6966.966966966967,26906.361927813847,40296.77479411625,51748.60900185591,78251.96823724963,126183.25300593137,42058.282797378604,55103.68416958836,39402.7642611736,45939.034740905234,54415.011705519326,75942.36027706423,93891.72991623853,32002.96568445146,42483.331315061674,57119.280751227976,76436.38921622584,36531.958062705984,41396.984890241045,46547.01525273419,48439.17437445882,57769.65143224472,70871.11136910775,98230.00551940843,37031.96696696697,33919.916285345476,63447.05068162149,28606.4000977958,34342.82865133423,43309.7051848039,20512.842803905387,25980.335645574658,29672.261794035257,33844.82805195635,39604.681101856884,63711.35342849094,67919.59807508148,23340.818275094527,28183.922788037777,33096.78103637339,39430.14601857928,65640.298848882,6966.966966966967,0.0
7007.007007007007,26835.15231026389,40300.086521309524,51789.714915307835,78292.7417858578,126209.311474268,42082.29105640321,55119.71595060379,39404.447430777116,45979.96892795987,54449.91539005341,75980.57962143874,93896.10965079193,31967.215274125094,42499.31060123583,57145.781692476936,76469.69943916914,36525.63239143016,41403.518165508045,46566.35739053935,48460.819853040935,57811.40122992577,70875.75883592307,98262.53315465368,37072.00700700701,33949.94933517308,63457.05767183393,28618.12514563337,34374.87106597093,43346.01780240971,20479.19327146478,25980.42679627213,29677.713601834967,33883.20291999576,39662.917085054105,63726.26209643201,67956.30524996732,23322.46122851568,28178.764498745797,33115.698165079055,39448.430818466644,65666.65229619983,7007.007007007007,0.0
7047.047047047048,26763.90100260233,40303.37587255981,51830.84597228603,78333.49201910099,126235.43218049787,42106.24023489061,55135.80681215643,39406.11283822226,46020.86567773094,54484.741031555066,76018.92183637086,93900.49975726203,31931.444174733617,42515.252509658734,57172.320305138994,76503.03005751573,36519.26657139547,41409.8385072308,46585.521417890865,48482.63559271041,57853.29803187125,70880.475693118,98295.10532692437,37112.04704704705,33979.962000465835,63467.0850465812,28629.7574297984,34406.98533142178,43382.351332873906,20445.508016859465,25980.518754749184,29683.13880411518,33921.59180245115,39721.091207976766,63741.24804112004,67993.04451386936,23304.011595282187,28173.641972167494,33134.50266716546,39466.837270437725,65693.05354199416,7047.047047047046,0.0
7087.087087087088,26692.60840894353,40306.64303368431,51872.001724415495,78374.21874831167,126261.6151717321,42130.130225880326,55151.95686120675,39407.76078935887,46061.72478292664,54519.488506873044,76057.38689576618,93904.90028633655,31895.65258961253,42531.156955464234,57198.896551983635,76536.38099002662,36512.860376461205,41415.94705817261,46604.511154797045,48504.618052517,57895.34044395019,70885.26214445122,98327.72203091196,37152.087087087086,34009.95423974805,63477.13284733903,28641.29773625315,34439.170818497936,43418.70561942308,20411.78747238291,25980.61153626056,29688.537776920402,33959.99424715414,39779.202739273096,63756.31159672879,68029.81589254136,23285.46981620524,28168.55511010935,33153.19415837011,39485.36561160955,65719.5023907928,7087.087087087086,0.0
7127.127127127128,26621.27492708285,40309.888189444115,51913.1817296308,78414.92178608928,126287.86049488006,42153.96092377056,55168.166203356566,39409.391582779135,46102.54604221236,54554.1576980848,76095.9747691483,93909.31128915677,31859.8407187227,42547.02385749283,57225.510395079036,76569.7521558326,36506.41357899395,41421.84499416465,46623.330376694226,48526.76371593779,57937.52705627599,70890.11839797103,98360.3832613438,37192.127127127125,34039.9260115165,63487.201115610624,28652.746848690313,34471.42689892403,43455.08050663991,20378.032062444687,25980.705154416177,29693.91088760225,33998.40981404903,39837.250952449926,63771.453097996564,68066.61941242275,23266.836332388484,28163.50380921898,33171.77227467367,39504.0160630356,65745.9986478104,7127.127127127129,0.0
7167.1671671671675,26549.900948633138,40313.11152351717,51954.3855520769,78455.60094629214,126314.1681966478,42177.73222433187,55184.434942835294,39411.00551003286,46143.32925999188,54588.748492500235,76134.68542165292,93913.7328173237,31824.008758727974,42562.853138210885,57252.16179579652,76603.14347443178,36499.92594988606,41427.533523388156,46641.98280905203,48549.06909651265,57979.85644360336,70895.04466607698,98393.0890129823,37232.167167167165,34069.87727424103,63497.289892926136,28664.105548355197,34503.75294552782,43491.47584045132,20344.242203746195,25980.79962127146,29699.25849506318,34036.83807480701,39895.23512577017,63786.672880203434,68103.45510064006,23248.111585166745,28158.48796117235,33190.23667224064,39522.78882963855,65772.54211894888,7167.167167167168,0.0
7207.207207207208,26478.48685915753,40316.31321847323,51995.61276201173,78496.25604402935,126340.5383235354,42201.444024720695,55200.76318248651,39412.60285583529,46184.0742461959,54623.26078266462,76173.5188140221,93918.16492290371,31788.15690307066,42578.64472363278,57278.850714815155,76636.55486568862,36493.39725857413,41433.01388563587,46660.47212235586,48571.53074312463,58022.3271657236,70900.04116558185,98425.8392806257,37272.20720720721,34099.807986364955,63507.39922084226,28675.374613874366,34536.14833242313,43527.891468116926,20310.41830545217,25980.894947413053,29704.58094999286,34075.27861245325,39953.15454215411,63801.97127914817,68140.32298500802,23229.296016045177,28153.50745285663,33208.58702735536,39541.68410015207,65799.13261079798,7207.2072072072115,0.0
7247.247247247247,26407.033038298614,40319.49345575064,52036.862935710196,78536.8868956528,126366.97092183497,42225.09622349277,55217.15102375447,39414.18389826759,46224.780816078186,54657.69446636127,76212.47490259964,93922.60765843507,31752.285342044805,42594.39854324451,57305.57711212612,76669.98624983183,36486.82727305766,41438.2873515543,46678.801927471985,48594.145244918516,58064.9377678572,70905.1081177746,98458.6340591075,37312.24724724725,34129.71810630559,63517.52914094166,28686.5548210906,34568.61243518655,43564.327238217345,20276.560769357886,25980.991142040228,29709.878595097325,34113.73102100646,40011.00848908414,63817.34863112459,68177.22309403113,23210.39006663865,28148.562166548483,33226.823036353,39560.70204707175,65825.76993063538,7247.247247247251,0.0
7287.287287287289,26335.53985990406,40322.65241563484,52078.13565536999,78577.49331874927,126393.46603762913,42248.688720616425,55233.598566670866,39415.7489089705,46265.448790018214,54692.04944661305,76251.55363932633,93927.06107693384,31716.39426286745,42610.11452992959,57332.3409470374,76703.43754745286,36480.21575991794,41443.35522186799,46696.975771398196,48616.90923585347,58107.68678104399,70910.24574848365,98491.47334329659,37352.28728728729,34159.60759245474,63527.67969483255,28697.64694290415,34601.14463102768,43600.78300064275,20242.669990052305,25981.08821304231,29715.15176532111,34152.19490513083,40068.79625851311,63832.80527289744,68214.15545690476,23191.3941786116,28143.6519800882,33244.9444155455,39579.842826614964,65852.45388642701,7287.28728728729,0.0
7327.327327327328,26264.007692148993,40325.79027723867,52119.43050901877,78618.0751321328,126420.02371678813,42272.22141748569,55250.10590984164,39417.2981533312,46306.07799333074,54726.32563168369,76290.75497173607,93931.52523190029,31680.483849747918,42625.7926198967,57359.142178178576,76736.90867950412,36473.56248433725,41448.218826587574,46714.99713340039,48639.81939888869,58150.57272253012,70915.45428814097,98524.35712809706,37392.32732732733,34189.47640317919,63537.85092414814,28708.651749120185,34633.74429895312,43637.25860658135,20208.746355077274,25981.18616707214,29720.40078806269,34190.66987979944,40126.51714677596,63848.341541677866,68251.12010351665,23172.308793618286,28138.776767049516,33262.95090114194,39599.106578690065,65879.18428682751,7327.32732732733,0.0
7367.367367367368,26192.43689765498,40328.90721848414,52160.74709042293,78658.63215583701,126446.64400496829,42295.69421693337,55266.673150434,39418.83189066393,46346.66825608193,54760.52293507838,76330.07884295264,93936.00017732522,31644.554283955138,42641.43275260944,57385.98076350521,76770.39956729751,36466.86721011795,41452.87952420264,46732.869421532094,48662.87246980289,58193.59409615148,70920.73397184678,98557.28540844828,37432.36736736737,34219.32449682123,63548.04287054614,28719.570006302354,34666.410819924306,43673.753908508086,20174.790245082673,25981.28500961596,29725.625983383296,34229.15556996912,40184.170454504594,63863.9577750983,68288.11706444816,23153.13435324358,28133.936396905417,33280.84224916358,39618.49342687476,65905.96094118003,7367.367367367369,0.0
7407.407407407408,26120.827833605956,40332.0034160859,52202.084998998005,78699.16421110768,126473.32694760985,42319.10702324386,55283.30038416355,39420.35037438425,46387.219412911174,54794.64127554362,76369.52519168652,93940.48596769663,31608.60574388316,42657.03487071763,57412.856660303965,76803.91013250264,36460.12969970222,41457.338700861415,46750.59596953309,48686.06524065198,58236.749392713835,70926.08503943493,98590.25817932482,37472.40740740741,34249.15183169912,63558.25557570829,28730.402477632317,34699.14357700925,43710.26876017325,20140.802033977965,25981.384745059702,29730.82766420939,34267.65161026617,40241.75548654618,63879.65431118696,68325.14637097587,23133.871298944257,28129.130735189887,33298.61823535289,39638.003478403734,65932.78365951663,7407.407407407409,0.0
7447.447447447448,26049.180851861034,40335.07904553593,52243.44383972045,78739.67112039536,126500.07258993469,42342.4597421659,55299.98770528154,39421.85385217754,46427.73130285935,54828.68057706657,76409.09395223274,93944.98265800615,31572.638405114794,42672.59891999044,57439.7698251971,76837.44029714512,36453.349714191616,41461.59776953813,46768.18003409955,48709.39456286951,58280.03709036858,70931.50773553865,98623.27543573633,37512.44744744745,34278.95836610765,63568.489081339794,28741.149922775247,34731.941955528324,43746.80301659134,20106.782089079832,25981.48537675207,29736.00613652896,34306.15764468255,40299.27155188435,63895.4314883419,68362.20805507268,23114.52007199094,28124.359643655745,33316.27865507693,39657.6368241655,65959.65225255834,7447.447447447448,0.0
7487.487487487488,25977.49629906432,40338.13428108989,52284.823223040796,78780.15270734797,126526.8809769445,42365.75228092514,55316.73520656235,39423.34256616172,46468.20376920231,54862.640768873636,76448.78505446888,93949.49030375585,31536.652440483587,42688.124849251326,57466.72021414756,76870.98998360502,36446.5270133672,41465.65816918984,46785.62479251766,48732.85735001843,58323.455654984304,70937.0023096575,98656.33717272754,37552.48748748749,34308.7440583186,63578.743429168884,28751.813097751114,34764.80534319405,43783.35653402981,20072.73077125635,25981.58690706435,29741.161699581826,34344.673326282275,40356.71796356362,63911.2896453045,68399.30214940954,23095.081113410586,28119.62298042869,33333.82332322452,39677.39353870865,65986.56653171504,7487.487487487488,0.0
7527.527527527528,25905.774516751968,40341.16929575453,52326.22276479848,78820.60879680383,126553.75215341875,42388.984548236556,55333.54297929097,39424.81675304455,46508.63665929037,54896.521785428675,76488.59842385373,93954.00896096522,31500.648020134064,42703.61261031445,57493.70778246372,76904.55911461526,36439.66135570974,41469.52136390412,46802.93334064992,48756.450580202356,58367.0035405139,70942.5690162244,98689.44338537818,37592.52752752753,34338.50886658131,63589.01866094622,28762.392754811677,34797.73313024528,43819.9291699981,20038.648435067567,25981.689337447337,29746.29464604418,34383.19831691764,40414.094038616815,63927.2291211324,68436.42868735665,23075.554863929712,28114.920600157526,33351.252074097334,39697.27368025727,66013.52630908568,7527.527527527527,0.0
7567.5675675675675,25834.01584145635,40344.18426127656,52367.642086137894,78861.03921478451,126580.6861639123,42412.156454316726,55350.41111325084,39426.27664427561,46549.029824392506,54930.32356643037,76528.53398142642,93958.5386861778,31464.625311580327,42719.06215792283,57520.73248480449,76938.1476132599,36432.75249842016,41473.18884203884,46820.10869126294,48780.171298147645,58410.67918935659,70948.2081146736,98722.59406880292,37632.56756756757,34368.25274912316,63599.31481844441,28772.88964232311,34830.72470957547,43856.520783236556,20004.535428902658,25981.79266848533,29751.40526220747,34421.73228695473,40471.39909799531,63943.25025517209,68473.58770298514,23055.9417639183,28110.252354160806,33368.56476129477,39717.277290735656,66040.53139745803,7567.567567567567,0.0
7607.607607607608,25762.220604807564,40347.17934813256,52409.08081342588,78901.4437884879,126607.68305275371,42435.26791089594,55367.33969671167,39427.722466193314,46589.38311954604,54964.04605680898,76568.59164380602,93963.07953646849,31428.584479763103,42734.47344968777,57547.79427518418,76971.75540297256,36425.80019744042,41476.662115355604,46837.153772683334,48804.01661696778,58454.48103271498,70953.91986950937,98755.78921815137,37672.607607607606,34397.975664150115,63609.63194345749,28783.30450465411,34863.77947685559,43893.13123370552,19970.392095113726,25981.896899947456,29756.493828151863,34460.27491500825,40528.63246650219,63959.35338703106,68510.77923106827,23036.24225333442,28105.61809056978,33385.761257592465,39737.40439580222,66067.5816103087,7607.607607607606,0.0
7647.647647647647,25690.389133632412,40350.15472552016,52450.53857817066,78941.8223462814,126634.74286404309,42458.318831230106,55384.32881641754,39429.15444016687,46629.69640341091,54997.689206722695,76608.77132319173,93967.63156945069,31392.525687105248,42749.84644603008,57574.89310697756,77005.38240753474,36418.804207474495,41479.94271814799,46854.07142776808,48827.983719622556,58498.40749094682,70959.70455037494,98789.02882860803,37712.647647647645,34427.67756984725,63619.970077800404,28793.638082069396,34896.89683065139,43929.7603825745,19936.2187701464,25982.002030836436,29761.560617914452,34498.82588768501,40585.793472728226,63975.5388565492,68548.00330708321,23016.456771669666,28101.017654467905,33402.8414548144,39757.65500489264,66094.67676180303,7647.6476476476455,0.0
7687.687687687689,25618.521750050666,40353.1105613501,52492.01501694192,78982.1747176951,126661.86564164989,42481.30913011258,55401.37855757511,39430.57278273384,46669.96953812901,55031.25297155313,76649.07292736336,93972.19484328368,31356.449093565738,42765.18111012255,57602.02893292502,77039.02855107436,36411.76428200979,41483.03220636625,46870.86441317453,48852.069860086616,58542.456973911045,70965.56243212274,98822.31289539211,37752.687687687685,34457.35842437927,63630.32926330841,28803.891110628505,34930.076172535475,43966.408092211386,19902.015784667143,25982.10805943485,29766.60589965235,34537.3848993359,40642.881448990585,63991.80700376992,68585.25996721233,22996.58575789536,28096.45088802692,33419.80526369861,39778.029111271986,66121.81666679478,7687.687687687685,0.0
7727.727727727729,25546.618771569076,40356.04702223962,52533.50977129252,79022.50073341529,126689.0514292112,42504.23872388571,55418.48900384201,39431.977705732876,46710.202389187536,55064.73731190042,76689.49635968258,93976.76941667977,31320.35485669226,42780.47740783387,57629.20170513766,77072.69375806398,36404.68017333878,41485.93215673931,46887.53539891461,48876.2723642403,58586.627881308064,70971.4937948845,98855.64141375765,37792.72772772773,34487.01818589108,63640.70954183665,28814.064322089747,34963.31690719396,44003.07422617174,19867.783463687556,25982.214983349142,29771.62993580082,34575.951651816074,40699.89573127404,64008.15816891074,68622.5492483448,22976.629650409595,28091.91763063942,33436.652613756494,39798.52669209617,66149.00114082603,7727.727727727728,0.0
7767.767767767768,25474.68051117289,40358.96427350643,52575.02248768125,79062.80022527782,126716.30027012936,42527.10753045231,55435.66023731546,39433.36941643233,46750.39482528703,55098.14219357744,76730.04151909427,93981.3553489122,31284.243131672385,42795.73530767381,57656.41137510233,77106.37795331924,36397.55163258087,41488.644165895814,46904.0869681775,48900.58863049894,58630.91860301405,70977.49892414287,98889.01437899329,37832.76776776777,34516.65681250827,63651.1109552595,28824.158443819204,34996.61844252813,44039.758649188196,19833.522126685646,25982.322799551377,29776.632983226635,34614.52585425312,40756.83565917512,64024.59269233329,68659.8711880781,22956.588886985133,28087.417719048277,33453.3834531255,39819.14770848198,66176.23000012687,7767.7677677677675,0.0
7807.807807807809,25402.70727741511,40361.86247916402,52616.55281739682,79103.07302626167,126743.61220757022,42549.91546928688,55452.892338520935,39434.74811765465,46790.54671821369,55131.467587603736,76770.70830012874,93985.95269982265,31248.114071383396,42810.95478073995,57683.65789368702,77140.0810619974,36390.37840970489,41491.16984948503,46920.521617404636,48925.01613019456,58675.327519408995,70983.5781108028,98922.43178642252,37872.80780780781,34546.27426233773,63661.53354547008,28834.174198704695,35029.98018975102,44076.46122715991,19799.2320877241,25982.431504418873,29781.61529337683,34653.10722282259,40813.70057584849,64041.11091451293,68697.22582471962,22936.463904718174,28082.95098747273,33469.997748415495,39839.89210558629,66203.50306161512,7807.807807807811,0.0
7847.847847847848,25330.699374503456,40364.74180191742,52658.10041648337,79143.31897048262,126770.98728446096,42572.66246144667,55470.18538640118,39436.11400789663,46830.65794271524,55164.71347019868,76811.49659290406,93990.56152982896,31211.9678264408,42826.13580066539,57710.941211145975,77173.80300959571,36383.16025355146,41493.51084129918,46936.84175660085,48949.55240772611,58719.8530016985,70989.73165126429,98955.89363140323,37912.84784784785,34575.870493468115,63671.97735437975,28844.112305074523,35063.40156347908,44113.18182714211,19764.91365556576,25982.54109377189,29786.577112422936,34691.695480531154,40870.489827955964,64057.71317600782,68734.61319728805,22916.25513997804,28078.51726773128,33486.495484548606,39860.75981269396,66230.82014289596,7847.84784784785,0.0
7887.8878878878895,25258.657102385274,40367.60240316024,52699.664945667195,79183.53789318708,126798.42554348809,42595.348429582606,55487.539458305284,39437.46728144598,46870.72837638127,55197.87982277397,76852.40628312914,93995.18189993329,31175.804545245577,42841.278343567785,57738.261277125,77207.54372194957,36375.89691185606,41495.66879239793,46953.04970986494,48974.19508049266,58764.49341222871,70995.95984749537,98989.39990932801,37952.88788788789,34605.445463970456,63682.442423917426,28853.973476620995,35096.881981819126,44149.92031733565,19730.567133786266,25982.651562909392,29791.518681400852,34730.29035700667,40927.202765618014,64074.399817427344,68772.03334551517,22895.96302835777,28074.116389361534,33502.87666459271,39881.75074331431,66258.18106226157,7887.8878878878895,0.0
7927.927927927929,25186.580756830223,40370.44444297213,52741.24607028419,79223.72963074586,126825.92702709557,42617.97329794991,55504.95462997802,39438.808128494,46910.757899526885,55230.96663192575,76893.43725210706,93999.81387173009,31139.624374030205,42856.38238799971,57765.61804066674,77241.30312523131,36368.58813127235,41497.64537023666,46969.147716124266,48998.941838625906,58809.247104794966,71002.2630071058,99022.95061562386,37992.92792792793,34634.999131898716,63692.92879602921,28863.758422328494,35130.42086645056,44186.67656707681,19696.192820883978,25982.762906642984,29796.440236346578,34768.89158829514,40983.838742367545,64091.171179400364,68809.48630984721,22875.588004625664,28069.74817973693,33519.14130958846,39902.86479528617,66285.5856386907,7927.927927927929,0.0
7967.967967967969,25114.47062951102,40373.26808011716,52782.84346020904,79263.8940206481,126853.4917774826,42640.53699241866,55522.43097554931,39440.13673524474,46950.74639508012,55263.973889425906,76934.58937673888,94004.45750741428,31103.427456903482,42871.447914899996,57793.01145021607,77275.08114594841,36361.233657395656,41499.44225779902,46985.13793005644,49023.79044453566,58854.11242494329,71008.64144342151,99056.54574575229,38032.96796796797,34664.5314552903,63703.43651267767,28873.467846405998,35164.017642702995,44223.450446826944,19661.791010387256,25982.87511932915,29801.34200842782,34807.49891666429,41040.39711510613,64108.02760254267,68846.9721314466,22855.130502677745,28065.41246418048,33535.28945837018,39924.10185089129,66313.03369184828,7967.967967967968,0.0
8008.008008008009,25042.327008082088,40376.07347204292,52824.45678978575,79304.03090149543,126881.11983660185,42663.03944048409,55539.968567523916,39441.453284020674,46990.693748472826,55296.901592212904,76975.86252952795,94009.1128697897,31067.21393589418,42886.47490754628,57820.44145362542,77308.87771094214,36353.83323478703,41501.061152735296,47001.02242318325,49048.73873228464,58899.087710264896,71015.0954755597,99090.18529520924,38073.00800800801,34694.04239216667,63713.96561584134,28883.102448224043,35197.67173962956,44260.24182816242,19627.361990959194,25982.988194899855,29806.224224071677,34846.11209041352,41096.87724406237,64124.969427423945,68884.4908521935,22834.590955491243,28061.10906607562,33551.32116738035,39945.46177697604,66340.52504208477,8008.008008008008,0.0
8048.048048048049,24970.15017625642,40378.86077488017,52866.0857377582,79344.14011299593,126908.81124615735,42685.480571276654,55557.56747677139,39442.757953365035,47030.59984753486,55329.74974238212,77017.25657858461,94013.78002227751,31030.983950993595,42901.46335150857,57847.907998160204,77342.69274738566,36346.38660699762,41502.503766507216,47016.80318512069,49073.784606805726,58944.17129068384,71021.62542850414,99123.86925952496,38113.04804804805,34723.53190053387,63724.51614751418,28892.66292225585,35231.38259007578,44297.050583764474,19592.906046499724,25983.10212689159,29811.08710508849,34884.73086368977,41153.27849275277,64141.99699453445,68922.04251468737,22813.96979507902,28056.83780697407,33567.23651047815,39966.94442508104,66368.05951043576,8048.048048048051,0.0
8088.088088088089,24897.94041388049,40381.63014344335,52907.72998720337,79384.22149595845,126936.5660476024,42707.860315572005,55575.2277725161,39444.050918140994,47070.46458239162,55362.518347175355,77058.77138763136,94018.45902892493,30994.737640197018,42916.41323460403,57875.41103050423,77376.52618278284,36338.89351659326,41503.77182354038,47032.48212497108,49098.926042976695,58989.36148873711,71028.23163318177,99157.59763426404,38153.08808808809,34752.999938383124,63735.08814970497,28902.149958022637,35265.149630744294,44333.87658740924,19558.423456245422,25983.216908472918,29815.93086879206,34923.35499630978,41209.60022794454,64159.11064425095,68959.62716224862,22793.26745244503,28052.59850670095,33583.035578741794,39988.54963157886,66395.63691862143,8088.08808808809,0.0
8128.128128128129,24825.697997007355,40384.38173123142,52949.389225464576,79424.27489228697,126964.38428213786,42730.17860580059,55592.949522327544,39445.33234962757,47110.28784536447,55395.20741897011,77100.40681600831,94023.14995441395,30958.475139544098,42931.324546852455,57902.950496765094,77410.37794496646,36331.35370517977,41504.867060384975,47048.06107284187,49124.16108456546,59034.65661984778,71034.91442653927,99191.3704150253,38193.128128128126,34782.44646369139,63745.681664436735,28911.564240042902,35298.97230225548,44370.71971395788,19523.914494866774,25983.332532470653,29820.755728116223,34961.98425358758,41265.84181962066,64176.310716802254,68997.24483892026,22772.4843575407,28048.390983457124,33598.718480265146,40010.27721781929,66423.25708904587,8128.12812812813,0.0
8168.168168168168,24753.423197968044,40387.115690429506,52991.0631440859,79464.30014497471,126992.26599070999,42752.435376057256,55610.73279211091,39446.602415612775,47150.06953087429,55427.81697526788,77142.1627186791,94027.85286407046,30922.19658315825,42946.19728043323,57930.526342479876,77444.24796209682,36323.76691342815,41505.791224885805,47063.541781478285,49149.48784305927,59080.05499259042,71041.67415162075,99225.18759744191,38233.168168168166,34811.87143442197,63756.2967337462,28920.90644778565,35332.85004920408,44407.57983934661,19489.379432563237,25983.448991394704,29825.561891727993,35000.61840616779,41322.00264094714,64193.59755223419,69034.8955894695,22751.620939222445,28044.21505391876,33614.28533994839,40032.12699028224,66450.91984479633,8168.168168168169,0.0
8208.208208208209,24681.116285441207,40389.83217191092,53032.751438748564,79504.29709809893,127020.2112140085,42774.63056211046,55628.57764609775,39447.86128048371,47189.809535348075,55460.34703868232,77184.03894623742,94032.56782387308,30885.902103285025,42961.031429642724,57958.138512620346,77478.1361626601,36316.132881100675,41506.54607536229,47078.92592799553,49174.90449639029,59125.55490894933,71048.51115764554,99259.04917718099,38273.208208208205,34841.27480852504,63766.93339968317,28930.17725562736,35366.782320211976,44444.456840577084,19454.81853515595,25983.566277461523,29830.349564137374,35039.257229864146,41378.082068242125,64210.97149037417,69072.57945938932,22730.677625210083,28040.070533334252,33629.73629928314,40054.098740737856,66478.62500964287,8208.208208208209,0.0
8248.248248248248,24608.777524521098,40392.53132523985,53074.45380920716,79544.26559681544,127048.21999246464,42796.76410141135,55646.484146836905,39449.10910531397,47229.50775712804,55492.79763692661,77226.03534491346,94037.29490046266,30849.591830329515,42975.82699085303,57985.78695159876,77512.0424754669,36308.451347076996,41507.1333797993,47094.21511569875,49200.40928756954,59171.15466456908,71055.42580008712,99292.95514994393,38313.248248248245,34870.65654393829,63777.59170430996,28939.377332812688,35400.76856797721,44481.35059570659,19420.232064178286,25983.68438261659,29835.118945803908,35077.900505503174,41434.079480947315,64228.432870795164,69110.29649490032,22709.654842046355,28035.957235618534,33645.071516132084,40076.192246413935,66506.37240803736,8248.248248248248,0.0
8288.28828828829,24536.40717678398,40395.21329867433,53116.16995922778,79584.20548735296,127076.29236624921,42818.8359331026,55664.452355185684,39450.34604794827,47269.16409638351,55525.16880280025,77268.15175658122,94042.03416115159,30813.26589289285,42990.583962471355,58013.47160327327,77545.9668296508,36300.72204938082,41507.55491504937,47109.410875978036,49226.00052324088,59216.852548997456,71062.41844075202,99326.90551146628,38353.288288288284,34900.01659858747,63788.27168970082,28948.507343418652,35434.808249319394,44518.260983838525,19385.62027696419,25983.803298555435,29839.87023324008,35116.548018772795,41489.99426160113,64245.98203277908,69148.04674295214,22688.553015057423,28031.874973444817,33660.29116450319,40098.40727017006,66534.16186511278,8288.288288288288,0.0
8328.328328328329,24464.005500352963,40397.87823916986,53157.89959652674,79624.11661700801,127104.42837527076,42840.845998027115,55682.48233030121,39451.57226308463,47308.778455025546,55557.460574175435,77310.38801876595,94046.78567393347,30776.924417807768,43005.30234490042,58041.19241095355,77579.90915466657,36292.944725206995,41507.81246604711,47124.514670267265,49251.67657216547,59262.64684592099,71069.48944785981,99360.90025751738,38393.32832832832,34929.354930387,63798.97339794133,28957.567946322357,35468.90082522151,44555.18788511278,19350.98342673453,25983.923016743865,29844.603619111724,35155.19956007581,41545.82579581396,64263.61931527991,69185.83025122518,22667.372568314444,28027.823558333785,33675.39543431888,40120.74356067854,66561.99320668267,8328.328328328327,0.0
8368.36836836837,24391.572749961284,40400.52629238334,53199.64243271062,79663.9988341399,127132.62805917326,42862.79423873632,55700.57412963205,39452.78790235394,47348.35073662386,55589.67299398272,77352.74396465186,94051.54950749266,30740.56753017328,43019.98214049968,58068.94931740638,77613.86938028905,36285.119110948915,41507.90782503624,47139.52789205607,49277.435863647406,59308.53583339245,71076.63919612337,99394.93938390067,38433.36836836837,34958.671497240575,63809.696871127795,28966.559795172,35503.045760868394,44592.13118069634,19316.321762681247,25984.04352843694,29849.319292335447,35193.85492438789,41601.57347224519,64281.34505688599,69223.64706813238,22646.113924596117,28023.802800740334,33690.38453118007,40143.200852611815,66589.86625924005,8368.36836836837,0.0
8408.40840840841,24319.109177014136,40403.157602677486,53241.398183216894,79703.85198816519,127160.89145733477,42884.68059949844,55718.72780890997,39453.99311439714,47387.88084632643,55621.80611019657,77395.21942309044,94056.32573121463,30704.195353388535,43034.62335354737,58096.74226486128,77647.84743661119,36277.24494222636,41507.84279081001,47154.451868944656,49303.27688590988,59354.51778405123,71083.86806682956,99429.02288645355,38473.40840840841,34987.96625704174,63820.44215136667,28975.483538361128,35537.242525681795,44629.09075277389,19281.635530049683,25984.164824697014,29854.01743817321,35232.513911120055,41657.23668258234,64299.159595782105,69261.49724282081,22624.77750535231,28019.81251013791,33705.25867612548,40165.77886683598,66617.78084995676,8408.40840840841,0.0
8448.44844844845,24246.615029649052,40405.772313125504,53283.166567255976,79743.67592955308,127189.2186088649,42906.50502630639,55736.94342214206,39455.18804494012,47427.368690781106,55653.85997581965,77437.81421860884,94061.11441519565,30667.808009185785,43049.22599020339,58124.57119501615,77681.84325404312,36269.32195391385,41507.619167965306,47169.287864731974,49329.19818443066,59400.59096533552,71091.17644792091,99463.1507610472,38513.44844844845,35017.23916767454,63831.20928077391,28984.339819006065,35571.49059335233,44666.06648453851,19246.924970218817,25984.286896410893,29858.698238324203,35271.17632398556,41712.814821521795,64317.06326971086,69299.38082517323,22603.36373066871,28015.852495100436,33720.01810538638,40188.47731061048,66645.73680668246,8448.44844844845,0.0
8488.488488488489,24174.090552794965,40408.37056551631,53324.947307753835,79783.47050981998,127217.60955260342,42928.26746688555,55755.22102160294,39456.372836866365,47466.81417805973,55685.834648867385,77480.52817141887,94065.91563025315,30631.40561766263,43063.790058472885,58152.436049042866,77715.85676331009,36261.349880169335,41507.23876617097,47184.03708152822,49355.19836024605,59446.75363968701,71098.5647340772,99497.3230035867,38553.48848848849,35046.49018701407,63841.99830147442,28993.129274926305,35605.789441868255,44703.05826018243,19212.190320779733,25984.409734306017,29863.36187101398,35309.84197087077,41768.30728675144,64335.05641593359,69337.29786580993,22581.87301923249,28011.922563381915,33734.66307013681,40211.29587779335,66673.73395794393,8488.488488488489,0.0
8528.52852852853,24101.535988229767,40410.95250035988,53366.74013129587,79823.23558152505,127246.06432711796,42949.967870701206,55773.56065782733,39457.54763028737,47506.217217584344,55717.730192351424,77523.36109742601,94070.72944793644,30594.988297313368,43078.31556817073,58180.33676759308,77749.88789545136,36253.328454463204,41506.7033994509,47198.70066188382,49381.27606823064,59493.0040647481,71106.0333267981,99531.53961001089,38593.52852852853,35075.71927292711,63852.809255601416,29001.852538627878,35640.13855354126,44740.065964887915,19177.43181561216,25984.533328965816,29868.00851108106,35348.510663710185,41823.7134789351,64353.139371190926,69375.24841609036,22560.305788299,28008.022521993757,33749.1938362397,40234.234249052155,66701.77213294394,8528.528528528528,0.0
8568.56856856857,24028.951574636667,40413.518256893134,53408.54476807136,79862.97099826505,127274.58297070241,42971.60618896584,55791.96237960273,39458.712562611065,47545.577720055524,55749.546674262965,77566.31280823905,94075.55594053713,30558.556165059683,43092.802530886576,58208.273290803736,77783.93658181859,36245.25740960799,41506.014885481985,47213.2796909265,49407.43001536011,59539.34049355113,71113.5826344857,99565.80057629227,38633.56856856857,35104.926383272774,63863.642185295794,29010.51023728952,35674.53741502947,44777.08948481815,19142.649684959266,25984.657670844284,29872.638330061032,35387.182218365204,41879.03280169862,64371.312471662575,69413.23252811475,22538.66245365949,28004.15217727988,33763.61068398885,40257.29209207998,66729.85116156036,8568.568568568568,0.0
8608.608608608609,23956.337547659215,40416.06797308587,53450.36095181913,79902.67661466972,127303.1655213747,42993.182374646116,55810.42623396249,39459.86776860811,47584.895597382754,55781.28416755536,77609.38311117966,94080.39518109997,30522.109336280537,43107.25095995083,58236.2455583029,77818.00275407435,36237.13647778827,41505.17504490765,47227.77519850017,49433.65895896426,59585.761174700216,71121.21307252819,99600.10589843715,38673.608608608614,35134.11147590308,63874.49713270553,29019.10299275156,35708.98551735737,44814.12870710829,19107.844155500672,25984.78275027972,29877.251496268196,35425.856454506844,41934.264661617766,64389.57605292676,69451.25025472589,22516.943429609877,28000.311334989583,33777.91390784733,40280.469061816526,66757.97087434531,8608.60860860861,0.0
8648.648648648648,23883.69413995515,40418.60178564723,53492.188419773964,79942.35228639703,127331.81201687522,43014.69638246969,55828.95226617896,39461.0133804763,47624.17076261662,55812.94275012624,77652.57180929265,94085.2472434341,30485.647924841353,43121.6608704011,58264.253509215414,77852.08634419073,36228.96539059105,41504.18570066678,47242.18816129827,49459.961704976035,59632.264352545535,71128.92506338308,99634.45557248525,38713.648648648654,35163.2745086636,63885.37413998505,29027.631421507445,35743.48235593336,44851.183519856495,19073.01545042381,25984.908557507762,29881.848174874893,35464.53319550179,41989.40846820768,64407.93044991929,69489.30164951077,22495.149128920453,27996.499800348272,33792.1038161821,40303.76480067395,66786.13110252388,8648.64864864865,0.0
8688.68868868869,23811.021581248886,40421.119830032265,53534.026912613954,79981.99787012875,127360.5224946648,43036.1481689317,55847.54051975699,39462.14952790317,47663.40312988325,55844.52250479939,77695.87870135612,94090.11220212403,30449.172043122515,43136.03227894961,58292.29708216863,77886.1872844479,36220.74387903665,41503.04867733869,47256.5195049865,49486.337106182735,59678.84826734972,71136.71903666176,99668.84959451007,38753.68868868869,35192.41543939407,63896.27324929462,29036.0961346978,35778.0274305645,44888.25381211509,19038.163789493545,25985.03508267376,29886.42852798857,35503.21226830219,42044.463633914085,64426.37599689176,69527.38676680217,22473.27996280668,27992.717378126144,33806.18073099547,40327.17893876706,66814.33167799334,8688.68868868869,0.0
8728.728728728729,23738.320098382985,40423.62224044877,53575.876174408506,80021.61322356558,127389.29699192292,43057.53769230108,55866.19103642765,39463.27633812651,47702.59261432025,55876.02351930586,77739.30358189228,94094.99013254131,30412.681802047184,43150.3652039509,58320.376215298194,77920.30550743244,36212.47167360993,41501.7658005042,47270.77010630841,49512.78406048412,59725.511155447275,71144.59542921378,99703.28796061844,38793.72872872873,35221.53422592904,63907.19450279969,29044.4977381069,35812.62024546877,44925.339473881795,19003.289389120262,25985.16231584442,29890.992714726613,35541.89350333864,42099.429574106034,64444.91302736972,69565.50566168051,22451.33634090092,27988.963872704688,33820.144987653344,40350.71109414782,66842.57243332194,8728.728728728729,0.0
8768.76876876877,23665.589915368375,40426.109149864395,53617.73595256744,80061.19820542284,127418.13554554572,43078.864912626595,55884.90385614217,39464.39393599344,47741.739132014365,55907.44588626468,77782.84624117802,94099.88111085579,30376.17731110842,43164.65966537052,58348.49084625364,77954.4409460362,36204.148504292156,41500.33889612294,47284.94079516991,49539.30150916256,59772.2512493962,71152.55468521181,99737.77066695079,38833.76876876877,35250.6308260985,63918.13794267027,29052.836832161523,35847.26030928496,44962.44039609106,18968.39246242632,25985.290247018842,29895.5408912891,35580.57673441651,42154.305707070176,64463.541874109906,69603.65838997548,22429.318671225206,27985.239088141258,33833.996934610666,40374.36087304374,66870.85320174787,8768.768768768768,0.0
8808.80880880881,23592.8312534335,40428.58069001394,53659.60599779105,80100.75267542618,127447.03819214419,43100.12979174264,55903.67901706617,39465.502444017606,47780.842599941374,55938.7897031632,77826.50646525619,94104.78521404808,30339.658678395732,43178.91568475419,58376.64091220434,77988.59353345458,36195.77410059289,41498.769789927006,47299.03235669741,49565.88843516925,59819.066778122324,71160.59725623668,99772.29770968083,38873.80880880881,35279.7051977285,63929.1036110803,29061.11401193202,35881.94713508023,44999.55647060537,18933.473219310952,25985.418866138934,29900.073211029427,35619.2617986154,42209.091454006746,64482.26286905738,69641.84500826764,22407.227360164954,27981.54282823165,33847.73693313413,40398.12787009997,66899.17381717809,8808.808808808808,0.0
8848.84884884885,23520.044331072342,40431.036991406836,53701.486064020246,80140.27649430704,127476.00496804246,43121.33229327474,55922.51655557411,39466.601982434695,47819.90293590703,55970.05507233697,77870.28403594691,94109.702519921,30303.126010620916,43193.1332851975,58404.82634984511,78022.76320318528,36187.348191582874,41497.0603068313,47313.04553326615,49592.54386143096,59865.95596705648,71168.72360136305,99806.86908501573,38913.84884884885,35308.757298641845,63940.091550207006,29069.329867135577,35916.68024035533,45036.68759020679,18898.53186651379,25985.548163099338,29904.589824522995,35657.948536191594,42263.786239026915,64501.076343301764,69680.06557389017,22385.062812443663,27977.87489657066,33861.365357022565,40422.01166862476,66927.53411418722,8848.848848848851,0.0
8888.888888888889,23447.229364091436,40433.47818333483,53743.37590838851,80179.76952379834,127505.03590927573,43142.47238264489,55941.416506244,39467.69266925649,47858.92005848996,56001.24210094895,77914.17873085901,94114.63310711228,30266.579413143383,43207.31249131654,58433.04709540207,78056.9498890269,36178.8705059268,41495.21227036022,47326.98102649467,49619.26684917978,59912.9170382643,71176.93418724499,99841.4847891959,38953.88888888889,35337.78708665865,63951.10180223024,29077.48498214156,35951.45914704783,45073.833648588385,18863.568607676727,25985.678127756655,29909.090879633946,35696.63679048356,42318.38948915175,64519.982627033416,69718.32014493065,22362.825431098587,27974.235096610904,33874.882592325084,40446.01184083803,66955.93392801625,8888.88888888889,0.0
8928.92892892893,23374.386565655834,40435.904393879835,53785.27529117404,80219.23162663047,127534.13105158875,43163.55002707655,55960.37890185238,39468.77462032335,47897.893886985956,56032.350900968726,77958.1903234018,94119.57705510693,30230.01898999481,43221.453329218464,58461.303084638384,78091.15352507727,36170.34077191698,41493.22750209118,47340.83949920239,49646.05649631009,59959.948210569106,71185.2294882022,99876.14481849494,38993.92892892893,35366.79451959709,63962.13440933184,29085.57993597882,35986.283381533125,45110.9945403459,18828.58364340457,25985.808749938315,29913.57652158,35735.326407820045,42372.90063431251,64538.98204949886,69756.60878023252,22340.515617457346,27970.623231719565,33888.289037057366,40470.12794812295,66984.3730945717,8928.92892892893,0.0
8968.96896896897,23301.516146333997,40438.31574992197,53827.183975752385,80258.66266652691,127563.2904304337,43184.565195599454,55979.403773369515,39469.847949355055,47936.82434135409,56063.381589150755,78002.31858279702,94124.53444425002,30193.44484390327,43235.55582647343,58489.59425285998,78125.37404573231,36161.75871750718,41491.10782111449,47354.62157732752,49672.91193576472,60007.04769966758,71193.60998630582,99910.84916921958,39033.96896896897,35395.779555273984,63973.189413694985,29093.61530234497,36021.15247462357,45148.1701609694,18793.577171324152,25985.940019450827,29918.046892995502,35774.0172374312,42427.31910735256,64558.07493895573,69794.93153939699,22318.13377111548,27967.039105233496,33901.585100916156,40494.359541279926,67012.85145042388,8968.96896896897,0.0
9009.009009009009,23228.618314141888,40440.7123771476,53869.101728550726,80298.06250820024,127592.51408096848,43205.517859054075,55998.491149954934,39470.912768000504,47975.7113421636,56094.33428701253,78046.56327409088,94129.50535575952,30156.857076316814,43249.62001208635,58517.92053492143,78159.6113856844,36153.12407034694,41488.85504351016,47368.3278518029,49699.83233395315,60054.21371823873,71202.07617146528,99945.59783770991,39074.00900900901,35424.742151505474,63984.266857503535,29101.59164961742,36056.065961565604,45185.360406834996,18758.549386142156,25986.071926087658,29922.50213399272,35812.70913136217,42481.64434403049,64577.261622627426,69833.28848278444,22295.680289914948,27963.48252051249,33914.77120499235,40518.70616078314,67041.36883280607,9009.009009009009,0.0
9049.04904904905,23155.69327458589,40443.094400057824,53911.02831900219,80337.43101734808,127621.80203805512,43226.40799009595,56017.641058953115,39471.96918588564,48014.55481054309,56125.20912081232,78090.92415816637,94134.48987173972,30120.255787426457,43263.64591646973,58546.28186523169,78193.8654799212,36144.43655781644,41486.4709818408,47381.95888038722,49726.816889203685,60101.4444760459,71210.62854151435,99980.39082033878,39114.04904904905,35453.6822661077,63995.36678294136,29109.50954086626,36091.02338203514,45222.565175196694,18723.50047970164,25986.204459636545,29926.94238222139,35851.40194438923,42535.87578302479,64596.54242665712,69871.67967151647,22273.155569923514,27959.953280990732,33927.847781482844,40543.167337038925,67069.92507961304,9049.049049049052,0.0
9089.08908908909,23082.741230704956,40445.461941976646,53952.963519500925,80376.76806064902,127651.15433625752,43247.23556319959,56036.8535258895,39473.01731066049,48053.35466813027,56156.0062215263,78135.40099175567,94139.4880751945,30083.64107618866,43277.63357141661,58574.67817775982,78228.13626372398,36135.69590706168,41483.9574446614,47395.515189450365,49753.86483025151,60148.73818003219,71219.26760229796,100015.22811351219,39154.08908908909,35482.59985689743,64006.489232191656,29117.369533868714,36126.024280131205,45259.78436417827,18688.43064103722,25986.337609886534,29931.367772926664,35890.09553393853,42590.012865939825,64615.91767606135,69910.1051674772,22250.56000541505,27956.451190226653,33940.8152734014,40567.742590646216,67098.52002939979,9089.089089089091,0.0
9129.12912912913,23009.762383111836,40447.8151250597,53994.90710535849,80416.07350575888,127680.57100984025,43268.00055466232,56056.12857446681,39474.05724804443,48092.11083702352,56186.725724825505,78179.99352745267,94144.50005004124,30047.01304034735,43291.58301007435,58603.10940604091,78262.42367266648,36126.90184503014,41481.3162360452,47408.99727571108,49780.97541476402,60196.09303440926,71227.99386775873,100050.10971366904,39194.12912912913,35511.494881692764,64017.63424743636,29125.172181125294,36161.068204367766,45297.01787276521,18653.340056429028,25986.471366634487,29935.77843900541,35928.789760007036,42644.0550373131,64635.38769468322,69948.56503331511,22227.893988850745,27952.97605195104,33953.6741342887,40592.431432658355,67127.15352138029,9129.12912912913,0.0
9169.16916916917,22936.756930033334,40450.154070302764,54036.85885476024,80455.34722130666,127710.0520927662,43288.70294260768,56075.4662265615,39475.08910187053,48130.82323973458,56217.36777105227,78224.70151372557,94149.52588112457,30010.371776455362,43305.49426691868,58631.57548318173,78296.7276426134,36118.05409850687,41478.54915512581,47422.40560792547,49808.147927905025,60243.5072407398,71236.8078600235,100085.03561728106,39234.16916916917,35540.36729831378,64028.80187085539,29132.918029877437,36196.15470766413,45334.265600796774,18618.228909455527,25986.605719691248,29940.17451106104,35967.484485085995,42698.00174462393,64654.952805145105,69987.05933244462,22205.15791086119,27949.527670113574,33966.42482792193,40617.23336484636,67155.82539542612,9169.16916916917,0.0
9209.20920920921,22863.725067349857,40452.47889755052,54078.818548722746,80494.58907689077,127739.59761869532,43309.34270698861,56094.8665022206,39476.11297412853,48169.49179914246,56247.93250519619,78269.52469492982,94154.56565423065,29973.71737989545,43319.36737772824,58660.07634186656,78331.04810971896,36109.1523941511,41475.657995655536,47435.740628525964,49835.38168093856,60290.97899801357,71245.71010949006,100120.00582085288,39274.209209209206,35569.21706458323,64039.99214462598,29140.607622126605,36231.28334733372,45371.52744895809,18583.09738104496,25986.740658887473,29944.556117456705,36006.17957408645,42751.852438303285,64674.61332880086,70025.58812904792,22182.35216022931,27946.105848927706,33979.067828024,40642.14787996315,67184.53549206504,9209.20920920921,0.0
9249.24924924925,22790.666988633988,40454.78972550533,54120.78597105201,80533.7989430754,127769.20762098249,43329.919829590486,56114.32941965877,39477.12896500669,48208.1164384485,56278.420076869996,78314.4628113208,94159.61945610176,29937.049944900784,43333.20237955982,58688.61191436301,78365.38501042564,36100.19645853311,41472.644545579446,47449.00275520922,49862.67600987338,60338.50650271746,71254.70115491345,100155.02032092169,39314.249249249246,35598.04413832719,64051.20511092206,29148.24149465478,36266.453685071414,45408.803318772305,18547.945649525824,25986.87617407906,29948.92338436716,36044.87489426692,42805.60657174498,64694.3695856876,70064.15148807624,22159.477123874167,27942.710392914032,33991.60361797272,40667.174462008574,67213.28365247973,9249.24924924925,0.0
9289.28928928929,22717.58288518832,40457.086671736164,54162.76090830217,80572.97669138663,127798.88213267608,43350.43429403369,56133.854995255606,39478.137172932395,48246.697081132785,56308.830640284694,78359.51559906696,94164.68737445101,29900.36956457503,43346.99931072378,58717.18213252773,78399.73828146276,36091.18601817161,41469.51058662524,47462.192382473186,49890.030274148594,60386.08794889937,71263.78154349234,100190.07911405755,39354.28928928929,35626.84847737578,64062.440811913504,29155.8201790463,36301.665286939446,45446.09311259283,18512.773890676086,25987.012255152265,29953.27643582914,36083.57031516328,42859.26360131803,64714.2218944771,70102.74947525194,22136.533186835553,27939.34110694211,34004.03269051013,40692.31258649515,67242.06971850633,9289.289289289289,0.0
9329.32932932933,22644.472946082522,40459.369852687465,54204.743149734655,80612.12219430882,127828.62118651584,43370.88608577606,56153.443243553265,39479.13769461187,48285.23365091151,56339.16435422472,78404.68279026267,94169.7694979772,29863.67633091195,43360.75821076007,58745.78692781222,78434.10785984511,36082.120799571625,41466.25789390869,47475.30988310209,49917.44385536121,60433.721528226364,71272.95183095502,100225.18219686297,39394.32932932933,35655.630039563825,64073.699289765515,29163.34420171092,36336.91772335203,45483.3967335957,18477.58227777138,25987.14889202857,29957.61539379041,36122.26570852072,42912.82298638039,64734.17057242681,70141.38215706973,22113.520732259505,27935.997796270793,34016.3555474521,40717.5617207139,67270.89353263302,9329.329329329328,0.0
9369.369369369371,22571.337358189518,40461.63938368825,54246.732487278816,80651.23532528113,127858.4248149316,43391.27519211506,56173.094177254316,39480.13062506849,48323.72607169548,56369.421382022396,78449.96411294134,94174.86591638037,29826.970334814578,43374.47912041453,58774.426231268655,78468.49368287157,36073.00052926263,41462.888235554215,47488.35560960024,49944.91615603558,60481.40543003696,71282.21258164548,100260.32956597306,39434.36936936937,35684.388782731534,64084.98058663783,29170.814083908128,36372.21056905872,45520.71408577189,18442.37098163207,25987.28607466909,29961.940378157444,36160.960948227235,42966.284189293554,64754.21593533017,70180.04960079855,22090.44014138453,27932.680266587136,34028.572699398625,40742.92132400052,67299.75493799857,9369.369369369371,0.0
9409.40940940941,22498.176306221103,40463.89537896107,54288.728715492034,80690.31595869386,127888.29305004129,43411.60160218958,56192.80780721983,39481.116057680425,48362.17426754967,56399.60189153228,78495.3592910885,94179.9767203773,29790.251666113985,43388.16208161601,58803.0999735555,78502.89568812391,36063.82493383724,41459.40337233068,47501.32989557355,49972.44659843479,60529.13784138809,71291.56436860857,100295.52121805536,39474.40940940941,35713.12466472525,64096.28474468416,29178.230341772527,36407.543403126496,45558.0450739198,18407.1401706693,25987.42379307891,29966.25150684185,36199.655910249574,43019.64667543868,64774.35829746688,70218.75187448306,22067.291793528664,27929.38832404383,34040.68466544477,40768.39084800133,67328.65377839081,9409.40940940941,0.0
9449.44944944945,22424.98997276262,40466.137951631186,54330.73163152145,80729.36396988503,127918.2259236492,43431.86530698157,56212.58414246788,39482.094084216966,48400.57816265383,56429.706055105096,78540.868044655,94185.1020017174,29753.520413587583,43401.80713745326,58831.80808494342,78537.3138134652,36054.59373999022,41455.80505730192,47514.2330570599,50000.03462341466,60576.916947096586,71301.00777367527,100330.75714980983,39514.44944944945,35741.837643398074,64107.61180605137,29185.59348634036,36442.91580892079,45595.389603637755,18371.890010929987,25987.562037310938,29970.548895805565,36238.350472570586,43072.90991323363,64794.59797155243,70257.48904694521,22044.07606607731,27926.12177529529,34052.6919728927,40793.9697369387,67357.58989824545,9449.44944944945,0.0
9489.48948948949,22351.778538307055,40468.36721373563,54372.741035065614,80768.37923513673,127948.22346724448,43452.066299317376,56232.42319017211,39483.064794874124,48438.937681264186,56459.73404956132,78586.4900895699,94190.24185319897,29716.7766649771,43415.4143321529,58860.55049532095,78571.74799703856,36045.306674557985,41452.09503549186,47527.06539380785,50027.679689319324,60624.74092977529,71310.54338754748,100366.03735796871,39554.48948948949,35770.527676610625,64118.96181287887,29192.904023576986,36478.32737408536,45632.747581316624,18336.620666140887,25987.70079746969,29974.832659104748,36277.044515128466,43126.07337415118,64814.93526868759,70296.26118778595,22020.79333447184,27922.880427532382,34064.59515696483,40819.65742787627,67386.56314264415,9489.48948948949,0.0
9529.529529529531,22278.542181288394,40470.58327623247,54414.75672833736,80807.36163167203,127978.28571199931,43472.20457386879,56252.32495566075,39484.02827830903,48477.25274767579,56489.68605616443,78632.2251377539,94195.39636868547,29680.02050700609,43428.983711057255,58889.32713420027,78606.1981772659,36035.96346455837,41448.275043563866,47539.82719050467,50055.38127091884,60672.607969864475,71320.1718098819,100401.36183929646,39594.52952952953,35799.194722231696,64130.334807297826,29200.1624544054,36513.77769052121,45670.11891413246,18301.332297751585,25987.840063714644,29979.102908932622,36315.73791975774,43179.136532738354,64835.370498307006,70335.06836738663,21997.44397219894,27919.66408851581,34076.39476051837,40845.45335098302,67415.57335731338,9529.52952952953,0.0
9569.56956956957,22205.281078114338,40472.78624900993,54456.77851602664,80846.3110376514,128008.41268876733,43492.28012715379,56272.289442415786,39484.98462167365,48515.52328618622,56519.562260594044,78678.07289713206,94200.56564312277,29643.252025397112,43442.515320602935,58918.13793072289,78640.66429284663,36026.563837230984,41444.34680951419,47552.51871795393,50083.13885838812,60720.51624565807,71329.89364937367,100436.73059058981,39634.56956956957,35827.83873813903,64141.73083143054,29207.369274735596,36549.26635436437,45707.50351003917,18266.025064976642,25987.97982626358,29983.3597556611,36354.43057013194,43232.098866636836,64855.90396812791,70373.91065691072,21974.02835078071,27916.47256660822,34088.09133376143,40871.356929796595,67444.62038862258,9569.569569569569,0.0
9609.609609609612,22131.99540319825,40474.9762408956,54498.80620526461,80885.22733216942,128038.60442808179,43512.29295753712,56292.31665207249,39485.93391064752,48553.7492210599,56549.36285291839,78724.0330716472,94205.7497725558,29606.471304888517,43456.00920829954,58946.98281366541,78675.14628275612,36017.107520077654,41440.31205237896,47565.14023420334,50110.95195632686,60768.463933325394,71339.70952383924,100472.14360867743,39674.609609609615,35856.459682219946,64153.14992738967,29214.52497549481,36584.79296596303,45744.90127776138,18230.69912483674,25988.120075395454,29987.603307881313,36393.1223517076,43284.95985660437,64876.53598409812,70412.78812830526,21950.54683976542,27913.30567080507,34099.685433970866,40897.36758148529,67473.70408358297,9609.609609609612,0.0
9649.649649649651,22058.68532899057,40477.1533596657,54540.839605587535,80924.11039525166,128068.8609601542,43532.24306523051,56312.406584419135,39486.876229469606,48591.93047649354,56579.08802756689,78770.1053612725,94210.94885414651,29569.678429250856,43469.46542270895,58975.8617114453,78709.64408624455,36007.594240903636,41436.1724819549,47577.69198562359,50138.820082819904,60816.4492069285,71349.62006029836,100507.60089042007,39714.649649649655,35885.05751237212,64164.592137277534,29221.63004265857,36620.35712985345,45782.31212678728,18195.354632198974,25988.260801453267,29991.833672443074,36431.813151670205,43337.71898653725,64897.266850343854,70451.70085430238,21926.99980671906,27910.16321076421,34111.17762521205,40923.48471710879,67502.82428984555,9649.649649649651,0.0
9689.68968968969,21985.35102600955,40479.31771205435,54582.87852890217,80962.96010785137,128099.1823148723,43552.13045229261,56332.55923739709,39487.811660969244,48630.06697658199,56608.737983302024,78816.28946202461,94216.16298619118,29532.873481302995,43482.88401342471,59004.77455212638,78744.15764283563,35998.02372785883,41431.929798532816,47590.174207939126,50166.74276853762,60864.47023843485,71359.62589505542,100543.1024327105,39754.689689689694,35913.63218650429,64176.0575031854,29228.68495728252,36655.9584547354,45819.735967361456,18159.99173981623,25988.401994846638,29996.050954493334,36470.50285888127,43390.37574349379,64918.096869116955,70490.6489084209,21903.3876172175,27907.044996834356,34122.56847806072,40949.707741877224,67531.98085569989,9689.689689689694,0.0
9729.72972972973,21911.992662871427,40481.469403762676,54624.92278945068,81001.77635184617,128129.56852179882,43571.9551226287,56352.77460710103,39488.74028659659,48668.15864528564,56638.312923191435,78862.58506597654,94221.39226813902,29496.0565429278,43496.265031052055,59033.7212634248,78778.68689232509,35988.395709479635,41427.585692644105,47602.587127211285,50194.719555874995,60912.52519772628,71369.72767377991,100578.64823247309,39794.729729729734,35942.18366253697,64187.546067192765,29235.690195534917,36691.59655344656,45857.17271047799,18124.610598365725,25988.54364605416,30000.255257513578,36509.19136382708,43442.92961771879,64939.02634074215,70529.63236496775,21879.710634839375,27903.950840082292,34133.85856932717,40976.03605540855,67561.17363007234,9729.729729729734,0.0
9769.769769769771,21838.610406319833,40483.60853946818,54666.97220377694,81040.55901003523,128160.01961016959,43591.717081990166,56373.05268777961,39489.662186451846,48706.205406397814,56667.81305457928,78908.99186127009,94226.63680061033,29459.22769508756,43509.60852718808,59062.701772714514,78813.2317747796,35978.70991473089,41423.1418448198,47614.93096077543,50222.749998129846,60960.61225260391,71379.92605158532,100614.23828666417,39834.76976976977,35970.711898403155,64199.05787136662,29242.64622872982,36727.27104293628,45894.62226787344,18089.211356486714,25988.685745625724,30004.446683356276,36547.87855856875,43495.38010266888,64960.05556356347,70568.65129903953,21855.969221159605,27900.880552319035,34145.0484817827,41002.46905198398,67590.40246252446,9769.769769769773,0.0
9809.80980980981,21765.204421254813,40485.73522283392,54709.02659069312,81079.30796613594,128190.53560889201,43611.4163379736,56393.393471836214,39490.57743931409,48744.207183513725,56697.23858905761,78955.50953212855,94231.89668541552,29422.387017839053,43522.914554402334,59091.71600703304,78847.79223053536,35968.96607304854,41418.59992536163,47627.20591813237,50250.83365871805,61008.729568789364,71390.22169310786,100649.8725922716,39874.80980980981,35999.21685204912,64210.592957760695,29249.55352336091,36762.98154423875,45932.08455201996,18053.794160817364,25988.82828418442,30008.62533228036,36586.5643366936,43547.72669503905,64981.18483389078,70607.70578652385,21832.163735743547,27897.83394612478,34156.13880388879,41029.0061208013,67619.66720325139,9809.809809809813,0.0
9849.84984984985,21691.774870761183,40487.84955651775,54751.08577124648,81118.02310478095,128221.1165465435,43631.052900019684,56413.79694983017,39491.486122669114,48782.16389999964,56726.58974243738,79002.13775886917,94237.17202557425,29385.53459034828,43536.183166217685,59120.76389308698,78882.3682001969,35959.16391438222,41413.96159412514,47639.412201795654,50278.97011042603,61056.87530992236,71400.61527258309,100685.55114631509,39914.84984984985,36027.69848143507,64222.15136841478,29256.412541135836,36798.72768244535,45969.55947611851,18018.35915603085,25988.97125242856,30012.79130298581,36625.24859326796,43599.96889478973,65002.41444594568,70646.79590410099,21808.294536141788,27894.810834872915,34167.130129528894,41055.64664622606,67648.96770308018,9849.849849849852,0.0
9889.88988988989,21618.321916136338,40489.95164218146,54793.14956868709,81156.70431151515,128251.76245136987,43650.62677941182,56434.263110478074,39492.38831273683,48820.075478963015,56755.8667347193,79048.8762179153,94242.4629253352,29348.670490904933,43549.414417091524,59149.845357257844,78916.95962463561,35949.303169238454,41409.22850031418,47651.5500080954,50307.158934699066,61105.04763755532,71411.10747392179,100721.27394584543,39954.88988988989,36056.15674453594,64233.73314535395,29263.223739011155,36834.50908667656,46007.046954092075,17982.906484870633,25989.11464113332,30016.944692647317,36663.93122479103,43652.10620517502,65023.74469180726,70685.92172924508,21784.36197788556,27891.811032752783,34178.023057743165,41082.39000804018,67678.3038134682,9889.889889889891,0.0
9929.929929929931,21544.84571691749,40492.0415805001,54835.21780843601,81195.35147279277,128282.47335128361,43670.13798927447,56454.79194065546,39493.284084497594,48857.941843223394,56785.069790064386,79095.72458180855,94247.76949019583,29311.79479693649,43562.608362397266,59178.96032560751,78951.56644498867,35939.38356872406,41404.40228228686,47663.619527940195,50335.39972096456,61153.244711144696,71421.69899078419,100757.04098794522,39994.92992992993,36084.59159934211,64245.33833058782,29269.98756922773,36870.32539005318,46044.54690057895,17947.43628818504,25989.25844115238,30021.08559694709,36702.612129150235,43704.138132771826,65045.175861357486,70725.08334022576,21760.366414482738,27888.834354791627,34188.81819246605,41109.23558168817,67707.67538650133,9929.929929929931,0.0
9969.96996996997,21471.346430908416,40494.11947117104,54877.29031805361,81233.96447597432,128313.24927386266,43689.586544571226,56475.383425398744,39494.17351171824,48895.76291528388,56814.19913676428,79142.68251922063,94253.09182692287,29274.9075850221,43575.76505840629,59208.10872388393,78986.18860265768,35929.404844589895,41399.48456737218,47675.62094753781,50363.69206598982,61201.46468803937,71432.39052665274,100792.8522697281,40034.96996996997,36113.00300386014,64256.96696610983,29276.704479346616,36906.17622966717,46082.059230926156,17911.94870496106,25989.402643419326,30025.21411010682,36741.2912055775,43756.06418750958,65066.70824222628,70764.28081610936,21736.308197414404,27885.880616875347,34199.51614226717,41136.18273852057,67737.08227489248,9969.96996996997,0.0
10010.010010010012,21397.824214205666,40496.185412923085,54919.36692720886,81272.54320932386,128344.0902463485,43708.972462102596,56496.037547907414,39495.05666697724,48933.53861730339,56843.25500721144,79189.74969496502,94258.43004357303,29238.00893090612,43588.88456226989,59237.290477526614,79020.82603930734,35919.36672927496,41394.476971697426,47687.55444907612,50392.035573272544,61249.70572346678,71443.18279490324,100828.70778833906,40075.01001001001,36141.390916113545,64268.619093896465,29283.374912285326,36942.061246551864,46119.58386118282,17876.443872357428,25989.547238949013,30029.33032491883,36779.968354606855,43807.88388270107,65088.34211973644,70803.51423676041,21712.187676132016,27882.949635768477,34210.117520095235,41163.23084603464,67766.52433197963,10010.01001001001,0.0
10050.050050050051,21324.27922122427,40498.23950352578,54961.44746764903,81311.08756200614,128374.99629564489,43728.29576050355,56516.7542895465,39495.933621689204,48971.26887106949,56872.23763786894,79236.92577000841,94263.78424951411,29201.09890951138,43601.96693200194,59266.50551167235,79055.47869686439,35909.268955950545,41389.38110002579,47699.42021136533,50420.42985246406,61297.9659705162,71454.07651887414,100864.60754095412,40115.05005005005,36169.755294143535,64280.294755906514,29289.999306354533,36977.98008565185,46157.12070809372,17840.921925737013,25989.692218838725,30033.434332776407,36818.643478033104,43859.59673507397,65110.077776847975,70842.78368284296,21688.00519805511,27880.041229133014,34220.62294302552,41190.37926811202,67796.0014117244,10050.05005005005,0.0
10090.09009009009,21250.711604722947,40500.28183979826,55003.531773169234,81349.5974240836,128405.96744831605,43747.55646024078,56537.533629849306,39496.804446128976,49008.953597972126,56901.147269240326,79284.21040148186,94269.15455544693,29164.177594952198,43615.01222646128,59295.753751160526,79090.14651751608,35899.11125856506,41384.19854560398,47711.21841044289,50448.874518823475,61346.243580120274,71465.07243193421,100900.5515247804,40155.09009009009,36198.09609600974,64291.99399408034,29296.578095295074,37013.93239579235,46194.669689092756,17805.382998698522,25989.837574269248,30037.52622370339,36857.316478871486,43911.20226480307,65131.91549410268,70882.08923582187,21663.761108569528,27877.15521554649,34231.033032010564,41217.627365253495,67825.51336871002,10090.09009009009,0.0
10130.13013013013,21177.12151582881,40502.31251761851,55045.6196795835,81388.07268651381,128437.00373058543,43766.75458360973,56558.3755465204,39497.669209454965,49046.59271897768,56929.98414583909,79331.60324269165,94274.54107342701,29127.245060547117,43628.02050533498,59325.03512053885,79124.82944370917,35888.89337188877,41378.93089001938,47722.94922014185,50477.369192702376,61394.53670103424,71476.1712775479,100936.53973705598,40195.13013013013,36226.41327979104,64303.716850339086,29303.1117083153,37049.91782964831,46232.23072229665,17769.827223107506,25989.983296505845,30041.606086383013,36895.987261318485,43962.69999554343,65153.85554956796,70921.43097796416,21639.455751026187,27874.29141451905,34241.34841163465,41244.97449481038,67855.06005813982,10130.13013013013,0.0
10170.170170170171,21103.509104061653,40504.33163193222,55087.711024695425,81426.51324114675,128468.10516833409,43785.89015473127,56579.280015438904,39498.5279797318,49084.18615460361,56958.7485161579,79379.10394313015,94279.94391688704,29090.30137883137,43640.99182912147,59354.34954406885,79159.52741814847,35878.615031558904,41373.57970306669,47734.61281262437,50505.91349905863,61442.84347981376,71487.37380933866,100972.57217504951,40235.17017017017,36254.70680358625,64315.46336658392,29309.600570128725,37085.936043713045,46269.803726498576,17734.254729126722,25990.129376899098,30045.674008185964,36934.655730713595,44014.089454464134,65175.89821878077,70960.80899234023,21615.089466740348,27871.449646509733,34251.5697098718,41272.4200112128,67884.64133583548,10170.17017017017,0.0
10210.21021021021,21029.87451735771,40506.33927676186,55129.805648269656,81464.91898072185,128499.27178709915,43804.9631995482,56600.24701066201,39499.38082395275,49121.73382489418,56987.440632637954,79426.71214848573,94285.36320066,29053.3466215691,43653.9262591141,59383.69694573125,79194.24038379575,35868.275974125056,41368.146542623545,47746.20935888142,50534.50706699871,61491.162060791095,71498.68079115015,101008.64883606072,40275.21021021021,36282.976625514915,64327.23358469529,29316.04510099188,37121.98669826667,46307.38862116187,17698.66564524589,25990.275806885682,30049.73007519782,36973.32179350205,44065.37017228282,65198.04377469114,71000.22336282526,21590.662594991387,27868.62973294182,34261.69755784747,41299.96326619451,67914.257058235,10210.210210210209,0.0
10250.25025025025,20956.217902093005,40508.33554521558,55171.9033920037,81503.28979886566,128530.50361207228,43823.97374582148,56621.27650442877,39500.22780806124,49159.23564939624,57016.060751637764,79474.42750065314,94290.79904100233,29016.38085976534,43666.82385738488,59413.07724923149,79228.96828386851,35857.87593709477,41362.63295453483,47757.73902919942,50563.149529347094,61539.490586050146,71510.0929971048,101044.76971741968,40315.25025025025,36311.222703718115,64339.02754653213,29322.445716742455,37158.06945734419,46344.985326413866,17663.060098310765,25990.422577988986,30053.774372245713,37011.985357198515,44116.541683300966,65220.29248760562,71039.67417410019,21566.17547302304,27865.831496217423,34271.7325896042,41327.6036090143,67943.90708239128,10250.25025025025,0.0
10290.29029029029,20882.539403106286,40510.32052949616,55214.00409950047,81541.62559008895,128561.80066809844,43842.921823126104,56642.36846716418,39501.06899697209,49196.69154713585,57044.60913340213,79522.24963774279,94296.25155561802,28979.404163677737,43679.68468676865,59442.49037800526,79263.71106183862,35847.41465897936,41357.040472505425,47769.20199359594,50591.84052224246,61587.82719540056,71521.61121166006,101080.93481648713,40355.290290290286,36339.44499635916,64350.845293931125,29328.802828837586,37194.183988703255,46382.59376303973,17627.438213551664,25990.56968181972,30057.806982924416,37050.64633035171,44167.60352543974,65242.64462513042,71079.16151165316,21541.62843604411,27863.054759731272,34281.67544187105,41355.34038667381,67973.59126597003,10290.29029029029,0.0
10330.330330330333,20808.839163721415,40512.29432090976,55256.107616240726,81579.92624978427,128593.16297967416,43861.80746284686,56663.52286748347,39501.90445459204,49234.1014365953,57073.08604203079,79570.17819409033,94301.72086368248,28942.416602828056,43692.50881084721,59471.93625522379,79298.46866143127,35836.89187933983,41351.37061800112,47780.59842222462,50620.57968475869,61636.17002635106,71533.23622966165,101117.14413065411,40395.33033033033,36367.64346162445,64362.686868705874,29335.116844392367,37230.329963791926,46420.21385247637,17591.80011461135,25990.717110076374,30061.82798962169,37089.30462250988,44218.555240276604,65265.10045211448,71118.68546178062,21517.02181722964,27860.29934788369,34291.526753836995,41383.17294413179,68003.30946724823,10330.330330330333,0.0
10370.370370370372,20735.117325769497,40514.257009874826,55298.213789556365,81618.1916742233,128624.5905709464,43880.6306981737,56684.73967219668,39502.73424384001,49271.465235691045,57101.49174544685,79618.21280026539,94307.20708586783,28905.41824601344,43705.296293934,59501.414803799344,79333.24102662358,35826.3073388332,41345.62490015741,47791.92848575132,50649.366658550905,61684.51721408227,71544.96885639423,101153.39765734186,40435.37037037037,36395.818057724195,64374.55231264618,29341.388166218436,37266.50705771591,46457.845516806396,17556.14592357232,25990.864854545613,30065.83747354305,37127.96014418711,44269.39637308241,65287.660230592184,71158.24611158839,21492.35594772252,27857.565086092836,34301.2871669284,41411.10062451457,68033.06154511202,10370.370370370372,0.0
10410.410410410412,20661.37402961047,40516.20868593076,55340.32246860418,81656.42176055445,128656.08346571063,43899.39156409692,56706.0188463135,39503.558426666605,49308.782861751504,57129.82651536525,79666.35308308,94312.71034436778,28868.409161317446,43718.04720105887,59530.92594639058,79368.02810164352,35815.66077925866,41339.80481569568,47803.19235570212,50678.201087524314,61732.86689141969,71556.8099076288,101189.69539400196,40475.41041041041,36423.96874289322,64386.441667517196,29347.617192862763,37302.714949205925,46495.48867875214,17520.47576098362,25991.01290710263,30069.835514735947,37166.612806830584,44320.12647285931,65310.3242197263,71197.84354899291,21467.631156635533,27854.851800806216,34310.9573245905,41439.12276932287,68062.8473590553,10410.410410410412,0.0
10450.450450450451,20587.609414154365,40518.14943774667,55382.43350433929,81694.61640680008,128687.6416874101,43918.09009740208,56727.360353048374,39504.37706407337,49346.05423149625,57158.090627261045,79714.5986655968,94318.23076292388,28831.38941612089,43730.76159795303,59560.46960540788,79402.8298309686,35804.95194360429,41333.91184884689,47814.39020478454,50707.08261752628,61781.217188806084,71568.76020966734,101226.03733811597,40515.45045045045,36452.09547539175,64398.3549750587,29353.804318646467,37338.9533205847,46533.14326166974,17484.789745886985,25991.16125971138,30073.82219211327,37205.26252278837,44370.74509237899,65333.09267575026,71237.47786272212,21442.84777105375,27852.15931951147,34320.53787207306,41467.23871863475,68092.6667691774,10450.450450450451,0.0
10490.490490490492,20513.823616882124,40520.079353130015,55424.546749490284,81732.77551185434,128719.2652591337,43936.72633666465,56748.76415382585,39505.19021613139,49383.279261014795,57186.28436033744,79762.94916713647,94323.76846685138,28794.359077112415,43743.43955103442,59590.045703018724,79437.64615932493,35794.18057609355,41327.94747128207,47825.52220718302,50736.01089605932,61829.56623427493,71580.82059938325,101262.42348719538,40555.49049049049,36480.1982135062,64410.2922769843,29359.94993370375,37375.22185773392,46570.80918954331,17449.087995842536,25991.30990442475,30077.79758347637,37243.909205278396,44421.25178822181,65355.96585191079,71277.1491423168,21418.006116037446,27849.487470746484,34330.02945622022,41495.44781130465,68122.51963618168,10490.490490490492,0.0
10530.530530530532,20440.016773866115,40521.99851903517,55466.66205853344,81770.89897548064,128750.95420361517,43955.30032224441,56770.23020828613,39505.997941999674,49420.45786574663,57214.407997493836,79811.40420328498,94329.32358306646,28757.318210298945,43756.081127393045,59619.654161153,79472.47703168551,35783.34642223216,41321.913142049656,47836.58853882985,50764.98557201524,61877.91215342394,71592.99192425927,101298.85383878146,40595.53053053053,36508.27691554994,64422.2536149806,29366.05442402085,37411.52025006113,46608.486386979086,17413.370626953903,25991.458833384728,30081.76176553743,37282.552768357855,44471.6461208161,65378.94399841019,71316.85747813141,21393.106514625288,27846.836084108807,34339.432725264414,41523.749385158604,68152.40582137342,10530.530530530532,0.0
10570.570570570571,20366.189019790138,40523.90702157203,55508.77928766803,81808.986698309,128782.70854323133,43973.8120962796,56791.75847429097,39506.80029994289,49457.58996046129,57242.46182529373,79859.96338590025,94334.89624011348,28720.26688101584,43768.6863947769,59649.29490150823,79507.32239326963,35772.44922885497,41315.81030751927,47847.58937765256,50794.00629542899,61926.25306938976,71605.27504242102,101335.32839044521,40635.57057057057,36536.33153986416,64434.23903070642,29372.11817147507,37447.84819046638,46646.17477919969,17377.63775389282,25991.608038822393,30085.71481394137,37321.19312689335,44521.92765447832,65402.02736234847,71356.60296133505,21368.149287837943,27844.204990264465,34348.74832862473,41552.14277718541,68182.32518665802,10570.570570570571,0.0
10610.61061061061,20292.340487969203,40525.80494601442,55550.89829479199,81847.03858183406,128814.52830000097,43992.26170268086,56813.34890792976,39507.59734734877,49494.67545923915,57270.44613393258,79908.6263231183,94340.48656819305,28683.205153936888,43781.25542157763,59678.96784555484,79542.18218954126,35761.48874417284,41309.640401331664,47858.52490379881,50823.072717250965,61974.5871028237,71617.67082266675,101371.84713978712,40675.61061061061,36564.36204481858,64446.24856579203,29378.141553873756,37484.205375309015,46683.87429203844,17341.88948992323,25991.757513057957,30089.656803287147,37359.830196531904,44572.0959574534,65425.216187665676,71396.38568391252,21343.13475468207,27841.59402095607,34357.97691670938,41580.62732372385,68212.27759453925,10610.61061061061,0.0
10650.650650650652,20218.471310368852,40527.69237680854,55593.01893947768,81885.05452841244,128846.41349558314,44010.649187124814,56835.00146352584,39508.389140745065,49531.71427545238,57298.361217205325,79957.39261935865,94346.09469919048,28646.13309308414,43793.788276816915,59708.67291454156,79577.05636620805,35750.4647178198,41303.40484435472,47869.39529983983,50852.184489138235,62022.91237186889,71630.18014449313,101408.41008443736,40715.650650650656,36592.368388812334,64458.28226183831,29384.124944993324,37520.591504374235,46721.584851933745,17306.125946924964,25991.907248500735,30093.5878071486,37398.463893672684,44622.15060195592,65448.510715083845,71436.20573866523,21318.063232154607,27839.003009010394,34367.119140722534,41609.202360645955,68242.26290811713,10650.650650650652,0.0
10690.690690690692,20144.581617624204,40529.5693975814,55635.14108294836,81923.03444126045,128878.36415127633,44028.97459704756,56856.71609364313,39509.17573581624,49568.70632174687,57326.20737247419,80006.26187532971,94351.72076670502,28609.0507618375,43806.28503013273,59738.41002950033,79611.94486922013,35739.376900900184,41297.10504464506,47880.20075095356,50881.34126326212,62071.22699213939,71642.80389811676,101445.01722205503,40755.690690690695,36620.35053027472,64470.34016041597,29390.068714618224,37557.00628083975,46759.30638592341,17270.347235416764,25992.05723764898,30097.507898094755,37437.094135439096,44672.091164211306,65471.91118204914,71476.06321921205,21292.935035247472,27836.431788345326,34376.17565247544,41637.86722353603,68272.2809910864,10690.690690690692,0.0
10730.730730730731,20070.67153905858,40531.436091149015,55677.264588054604,81960.97822445186,128910.38028801665,44047.23798163779,56878.49274909294,39509.95718741955,49605.651510023985,57353.984900636,80055.23368803305,94357.36490607965,28571.95822294417,43818.74575176585,59768.179111251724,79646.84764476896,35728.225046035644,41290.742397415204,47890.9414450883,50910.54269213264,62119.52907670093,71655.54298449088,101481.6685503287,40795.730730730735,36648.308427666016,64482.42230306471,29395.97322857989,37593.44941124235,46797.038821639224,17234.553464579105,25992.20747308978,30101.417147709653,37475.72083965176,44721.917224497905,65495.41782267389,71515.95821999009,21267.750476952515,27833.880193976194,34385.147104201875,41666.62124786587,68302.33170773427,10730.730730730731,0.0
10770.77077077077,19996.741202701876,40533.29253952475,55719.38931925167,81998.88578291569,128942.46192637681,44065.43939182973,56900.331378941046,39510.733549600904,49642.549751423154,57381.694106089824,80104.30765076727,94363.02725443113,28534.855538527863,43831.17051254668,59797.980080409994,79681.76463928624,35717.00890741241,41284.31828500595,47901.61757310763,50939.78842843835,62167.816736054214,71668.39831531786,101518.36406697586,40835.770770770774,36676.24203947833,64494.528731292434,29401.83884879558,37629.92060544454,46834.78208730141,17198.74474227627,25992.357947498826,30105.315626611715,37514.34392480217,44771.6283671891,65519.030867678506,71555.89083625574,21242.50986826683,27831.348062021654,34394.034148377905,41695.46376916567,68332.4149229387,10770.77077077077,0.0
10810.810810810814,19922.790735308514,40535.13882392744,55761.51514257641,82036.75702243377,128974.60908656471,44083.57888029585,56922.231930514965,39511.50487561035,49679.400956305006,57409.335296704245,80153.48335313139,94368.70795068139,28497.74277009791,43843.559383882195,59827.81285738825,79716.69579944243,35705.7282408286,41277.83407686384,47912.2293289184,50969.07812490135,62216.088078121036,71681.37081305633,101555.10376974294,40875.81081081081,36704.15132423639,64506.65948657443,29407.665933307235,37666.41957660114,46872.53611171325,17162.921175078183,25992.508653640205,30109.203404472606,37552.963310026666,44821.22418079602,65542.75054433364,71595.8611640851,21217.21351819835,27828.835229708908,34402.837437546004,41724.394123191014,68362.53050216654,10810.810810810814,0.0
10850.850850850853,19848.820262375164,40536.97502478957,55803.641925625365,82074.59184963864,129006.82178842215,44101.6565014393,56944.194349411555,39512.27121791711,49716.205034234416,57436.90878378459,80202.76038102744,94374.40713558905,28460.619978558138,43855.91243774319,59857.67736240348,79751.64107214606,35694.3828037411,41271.29112952317,47922.77690958127,50998.41143414567,62264.34120823272,71694.46141092348,101591.88765640507,40915.85085085085,36732.03624049831,64518.81461035254,29413.454836320103,37702.94604112599,46910.30082425561,17127.082868281697,25992.65958436611,30113.080550035716,37591.57891508129,44870.70425801056,65566.57707640219,71635.869300375,21191.86173377175,27826.341535378502,34411.55762414346,41753.41164608564,68392.6783114715,10850.850850850853,0.0
10890.890890890892,19774.829908158103,40538.80122176526,55845.76953753263,82112.39017201136,129039.10005142356,44119.67231138615,56966.21857950474,39513.03262822432,49752.961893964355,57464.41488204027,80252.13831666227,94380.12495178141,28423.4872242156,43868.22974665141,59887.5735154817,79786.60040454217,35682.972355312944,41264.69078659305,47933.260515406364,51027.78800857991,62312.57422912239,71707.67105289188,101628.71572476611,40955.89089089089,36759.89674685654,64530.994144034354,29419.205908241405,37739.499718658655,46948.076154881725,17091.229925931548,25992.810732616483,30116.94713113414,37630.190660317,44920.06819574868,65590.51068408132,71675.91534284357,21166.45482003464,27823.866818488565,34420.19536033516,41782.51567454022,68422.85821749229,10890.890890890892,0.0
10930.930930930932,19700.819795690226,40540.61749373833,55887.89784894825,82150.15189787935,129071.44389467474,44137.62636797737,56988.30456295356,39513.78915748355,49789.671443420215,57491.85390955202,80301.61673854907,94385.86154378793,28386.344566789143,43880.5113836673,59917.50123646294,79821.57374401155,35671.49665646031,41258.03437874839,47943.68035003317,51057.20750029158,62360.78524092027,71721.00069368065,101665.58797265842,40995.93093093093,36787.73280193855,64543.19812899238,29424.919495718794,37776.08033203119,46985.86203411188,17055.362450840767,25992.962091418714,30120.803214708252,37668.798466655484,44969.3155951941,65614.5515839447,71715.99939003083,21140.99308006397,27821.41091961859,34428.75129785063,41811.70554594703,68453.0700874507,10930.930930930932,0.0
10970.970970970973,19626.7900467979,40542.4239188302,55930.02673201701,82187.87693641408,129103.8533369118,44155.51873076061,57010.45224021036,39514.540855908715,49826.3335896842,57519.22618773894,80351.19522150772,94391.61705807332,28349.192065417803,43892.75742237767,59947.46044500626,79856.5610381692,35659.95546989953,41251.32322372534,47954.03662049715,51086.66956095414,62408.97234115331,71734.45129874098,101702.50439794251,41035.97097097097,36815.54436440777,64555.426606563204,29430.595941678694,37812.68760723506,47023.65839302819,17019.4805446108,25993.11365388725,30124.648866822903,37707.4022555656,45018.44606184225,65638.69998888466,71756.12154129948,21115.476814972786,27818.973680472685,34437.2260878254,41840.98059855041,68483.31378914969,10970.970970970973,0.0
11011.011011011013,19552.74078211736,40544.22057440775,55972.15606035733,82225.56519762913,129136.32839649948,44173.34946098173,57032.66155002928,39515.28777298992,49862.94823898034,57546.53204132557,80400.87333666472,94397.39164307257,28312.029778669053,43904.96793688359,59977.451060594765,79891.56223486361,35648.348560194034,41244.55862632062,47964.32953728247,51116.17384174479,62457.13362474841,71748.02384423552,101739.46499850729,41076.01101101101,36843.331392964334,64567.679618046684,29436.235585364524,37849.32127338809,47061.465163269415,16983.58430765116,25993.265413223126,30128.484152684163,37746.001949040234,45067.45920554451,65662.95610805466,71796.28189683522,21089.906323917166,27816.554943882496,34445.62038064665,41870.34017159338,68513.58919097131,11011.011011011013,0.0
11051.051051051052,19478.672121110856,40546.00753709114,56014.28570904062,82263.21659237801,129168.86909143045,44191.118621576126,57054.932429474924,39516.02995750694,49899.51529665974,57573.77179830904,80450.65065145219,94403.18544922522,28274.857764546898,43917.1430017884,60007.47300254053,79926.57728217523,35636.675693801175,41237.74187839471,47974.559314362516,51145.719993273255,62505.267184040575,71761.71931701139,101776.46977226948,41116.05105105105,36871.093846345975,64579.957204705075,29441.838762374737,37885.98106270149,47099.28227702587,16947.67383919874,25993.417362713582,30132.309136655676,37784.5974695736,45116.35464055261,65687.32014681157,71836.48055764742,21064.281904103424,27814.154553809498,34453.93482580313,41899.78360546005,68543.89616187493,11051.051051051052,0.0
11091.091091091092,19404.584182082628,40547.784882761545,56056.41555457124,82300.83103235209,129201.4754393236,44208.82627715983,57077.26481393126,39516.76745754226,49936.0346671866,57600.94578992609,80500.52672960624,94408.99862901212,28237.6760804998,43929.2826921861,60037.52618998948,79961.60612841573,35624.93663911895,41230.87425887866,47984.72616922874,51175.30766552045,62553.371108785606,71775.53871456685,101813.51871717404,41156.09109109109,36898.83168332883,64592.259407762256,29447.4058047007,37922.66671044713,47137.109667034354,16911.74923733664,25993.569495731557,30136.123882274696,37823.18874013918,45165.13198556341,65711.79230665824,71876.71762556955,21038.60385079554,27811.772355347057,34462.17007173927,41929.310241813946,68574.23457139527,11091.091091091092,0.0
11131.131131131133,19330.47708219448,40549.552686568786,56098.545474865954,82338.40843007845,129234.14745742345,44226.4724940204,57099.658637110726,39517.50032049397,49972.50625412394,57628.05435061999,80550.5011311643,94414.83133699113,28200.484783428503,43941.38708364969,60067.61054192632,79996.6487221266,35613.13116653245,41223.9570337843,47994.83032290814,51204.93650778636,62601.44348617802,71789.48304501091,101850.61183119321,41196.13113113113,36926.54486272831,64604.58626840282,29452.9370407644,37959.37795492478,47174.9472665731,16875.81059901281,25993.72180573519,30139.928452267675,37861.77568416794,45213.79086376377,65736.37278518648,71916.99320325957,21012.872457322817,27809.408194721924,34470.32676571352,41958.91942373257,68604.6042896403,11131.131131131133,0.0
11171.171171171172,19256.350937481126,40551.31102293899,56140.675349234596,82375.94869891813,129266.88516259834,44244.05734010758,57122.113831063594,39518.22859308839,50008.929960120346,57655.097818007634,80600.57341246186,94420.68372983526,28163.28392969364,43953.456252219854,60097.72597717946,80031.70501207816,35601.2590484604,41216.99145621778,48004.87199997068,51234.60616864725,62649.48240087414,71803.55332701611,101887.7491123272,41236.17117117117,36954.2333433999,64616.93782777127,29458.432795455967,37996.11453742959,47212.795009456786,16839.858020058113,25993.874286267303,30143.72290856552,37900.358225527176,45262.33090287556,65761.06177601956,71957.30739420032,20987.088015087724,27807.061919295436,34478.40555366091,41988.61049583767,68635.00518728941,11171.171171171172,0.0
11211.211211211212,19182.20586286528,40553.0599655821,56182.80505836053,82413.45175306365,129299.68857133965,44261.58088502374,57144.63032618747,39518.95232139217,50045.30568689662,57682.076532846375,80650.74312612823,94426.55596637024,28126.073575123282,43965.49027439364,60127.87241442576,80066.77494726854,35589.320059401165,41209.9787663962,48014.85142852691,51264.31629592055,62697.48593502144,71817.75058976404,101924.93055860332,41276.21121121121,36981.89708424004,64629.31412697117,29463.893390171004,38032.87620221973,47250.652830031686,16803.891595204208,25994.02693095487,30147.507312318525,37938.93628849967,45310.7517352009,65785.85946875562,71997.66030269986,20961.250813574,27804.733377564284,34486.40708005965,42018.382804421824,68665.43713559146,11211.211211211212,0.0
11251.251251251251,19108.041972172512,40554.799587499314,56224.93448428137,82450.91750753735,129332.55769976068,44279.0432000142,57167.20805123705,39519.67155082447,50081.63333523306,57708.9908390011,80701.00982108136,94432.44820761375,28088.853775020278,43977.489227113416,60158.049772195256,80101.85847692228,35577.31397597888,41202.92019166734,48024.76884021665,51294.06653663826,62745.45216829347,71832.07587288282,101962.15616807633,41316.25125125125,37009.53604418695,64641.7152070643,29469.319142847675,38069.6626964841,47288.520663170726,16767.911418100957,25994.179733508423,30151.281723910906,37977.509797763356,45359.05299766762,65810.76604891088,72038.05203389164,20935.361140354868,27802.42241916091,34494.331987801896,42048.23569757091,68695.90000636267,11251.251251251251,0.0
11291.291291291293,19033.85937814574,40556.52996099057,56267.06351037033,82488.34587818943,129365.49256359515,44296.44435795718,57189.84693333411,39520.38632616858,50117.912804956984,57735.841083411025,80751.3730425218,94438.36061681545,28051.624584169516,43989.45318775604,60188.25796887606,80136.9555504897,35565.24057698912,41195.816946532046,48034.62447018898,51323.85653702671,62793.37917793157,71846.53022637748,101999.42593882798,41356.291291291294,37037.150182221514,64654.14110906978,29474.710368003638,38106.473770310266,47326.39844426868,16731.917581333615,25994.332687721504,30155.04620297507,38016.078678371225,45407.23433187451,65835.7816978631,72078.48269373486,20909.41928110152,27800.12889485357,34502.1809180686,42078.16852528278,68726.39367198481,11291.291291291293,0.0
11331.331331331332,18959.658192459658,40558.251157661754,56309.19202131742,82525.73678169577,129398.49317819666,44313.784433353736,57212.5468979776,39521.09669158344,50154.14399493062,57762.62761605687,80801.83233192585,94444.29335949721,28014.386056845018,44001.382234121935,60218.49692271907,80172.0661176453,35553.09964344443,41188.670232669356,48044.41855707482,51353.68594249396,62841.26503879309,71861.11471055142,102036.73986896692,41396.331331331334,37064.73945736811,64666.591873963225,29480.067376772706,38143.30917665259,47364.286109237364,16695.91017643956,25994.48578747004,30158.80080840548,38054.642855731974,45455.29538413707,65860.90659279539,72118.95238901449,20883.425519591714,27797.85265654604,34509.954510208365,42108.18063958209,68756.91800540313,11331.331331331332,0.0
11371.371371371371,18885.438525734724,40559.963248432134,56351.31990311136,82563.09013555614,129431.55955853697,44331.06350231735,57235.30786905403,39521.802690614895,50190.32680303932,57789.35078992743,80852.38722703748,94450.24660349498,27977.138246816918,44013.27644442476,60248.766551842586,80207.19012828713,35540.89095861955,41181.481238964196,48054.15134295181,51383.55439762274,62889.10782340692,71875.83039592026,102074.09795662863,41436.37137137137,37092.30382869545,64679.067542675926,29485.390476941313,38180.16867130049,47402.18359450095,16659.889293924778,25994.639026711728,30162.54559837228,38093.202255590586,45503.23580553294,65886.14090664039,72159.46122734145,20857.38013771856,27795.59355727697,34517.65340162017,42138.27139463129,68787.47288012438,11371.371371371371,0.0
11411.41141141141,18811.20048755106,40561.666303541395,56393.44704302143,82600.40585809216,129464.69171920541,44348.28164256341,57258.129768848004,39522.50436620659,50226.46112618013,57816.010960986896,80903.03726185948,94456.22051900119,27939.881207358314,44025.13589728069,60279.06677423706,80242.32753253533,35528.61430809637,41174.25114153754,48063.823073302745,51413.46154616994,62936.90560203623,71890.67836311639,102111.50019997504,41476.41141141141,37119.8432553175,64691.56815609391,29490.679972984726,38217.05201284689,47440.09083699119,16623.855023280055,25994.792399485417,30166.280630334557,38131.75680400958,45551.05525194762,65911.48480802437,72200.00931715265,20831.28341549948,27793.351451218994,34525.27822764023,42168.44014683788,68818.05817021485,11411.41141141141,0.0
11451.451451451452,18736.944186462042,40563.36039255691,56435.573329579594,82637.68386844553,129497.88967440737,44365.43893339847,57281.01251805298,39523.201760710755,50262.54686025073,57842.60848814157,80953.78196664345,94462.21527860782,27902.614991251998,44036.96067169837,60309.39750776966,80277.47828073142,35516.26947980854,41166.98110377867,48073.43399696768,51443.40703107074,62984.65644274931,71905.65970278495,102148.9465971945,41516.45145145145,37147.35769639428,64704.09375505717,29495.93616610302,38253.95896265698,47478.007774142905,16587.807452996727,25994.945899910457,30170.00596105334,38170.30642735062,45598.753384120166,65936.93846121203,72240.59676771102,20805.135631085304,27791.126193677395,34532.829621432546,42198.686254957836,68848.67375029837,11451.451451451452,0.0
11491.491491491492,18662.669730007678,40565.045584380685,56477.6986525633,82674.92408657607,129531.15343796369,44382.53545570934,57303.956035782154,39523.89491589874,50298.58390013875,57869.1437332069,81004.62086787875,94468.2310573514,27865.339650797072,44048.75084706857,60339.75867018895,80312.64232343688,35503.85626408579,41159.672276379795,48082.98436609036,51473.390494448526,63032.35841149801,71920.77551547038,102186.43714650162,41556.49149149149,37174.847111132774,64716.64438035872,29501.15935425682,38290.88928483694,47515.934343889225,16551.74667058231,25995.09952218603,30173.72164660429,38208.8510522563,45646.32986768866,65962.5020260516,72281.22368910527,20778.937060769524,27788.917641088647,34540.308213883385,42229.00908019563,68879.31949555431,11491.491491491492,0.0
11531.531531531531,18588.3772247278,40566.72194725649,56519.822902978034,82712.1264332599,129564.4830233093,44399.57129195192,57326.96023957961,39524.58387297124,50334.572139711054,57895.61706087441,81055.55348828057,94474.26803275736,27828.05523781542,44060.50650315434,60370.150179129385,80347.81961143235,35491.3744536979,41152.325797372665,48092.47443605933,51503.41157762878,63080.00957220529,71936.02691149364,102223.97184613699,41596.53153153153,37202.31145878777,64729.22007274376,29506.34983220275,38327.84274620316,47553.87048465715,16515.672762575694,25995.25326059051,30177.427742390097,38247.39060563244,45693.784373236034,65988.17565791987,72321.89019225,20752.68797899764,27786.725651018496,34547.71463349953,42259.40798630026,68909.99528171559,11531.531531531531,0.0
11571.571571571574,18514.06677617493,40568.389548776686,56561.945973040274,82749.29083008744,129597.8784434923,44416.54652614001,57350.02504543157,39525.26867256838,50370.5114718041,57922.02883867873,81106.57934677652,94480.32638488703,27790.761803658115,44072.22772008111,60400.571952115904,80383.01009571644,35478.82384389812,41144.94279216704,48101.90446544449,51533.469921157586,63127.607986860894,71951.4150108195,102261.55069436708,41636.57157157158,37229.750698662756,64741.82087290882,29511.507891528687,38364.81911625144,47591.81613536302,16479.585814562055,25995.407109480748,30181.12430315263,38285.92501463057,45741.116576335364,66013.95950766806,72362.59638888533,20726.38865837672,27784.550082159938,34555.049506310184,42289.882339658005,68940.70098506671,11571.571571571574,0.0
11611.611611611614,18439.73848892706,40570.04845588912,56604.06775616088,82786.41719946175,129631.33971117281,44433.46124383372,57373.15036777789,39525.94935477953,50406.40178821371,57948.37943696458,81157.69795849237,94486.40629638464,27753.45939921165,44083.914578326905,60431.02390656831,80418.21372750473,35466.20423246656,41137.52437359118,48111.274715928885,51563.5651648239,63175.15171562659,71966.94094291382,102299.1736894839,41676.61161161162,37257.164790110764,64754.44682150085,29516.63382068868,38401.81816712655,47629.771235408,16443.48591118761,25995.56106329141,30184.811382984757,38324.454206630755,45788.32615759555,66039.85372156803,72403.34239157672,20700.039369685,27782.39079433078,34562.313455772666,42320.43150938146,68971.43648244168,11611.611611611614,0.0
11651.651651651653,18365.392466600184,40571.698734903955,56646.18814692863,82823.5054645965,129664.86683862234,44450.31553212795,57396.336119523694,39526.62595915294,50442.24297968604,57974.66922885387,81208.9088347366,94492.50795252559,27716.148074904115,44095.56715871295,60461.5059598059,80453.43045822871,35453.51541975276,41130.071641933784,48120.58545223694,51593.696947685276,63222.638816950755,71982.60584659038,102336.84082980508,41716.65165165166,37284.55369253528,64767.09795911638,29521.727905037656,38438.83967359194,47667.73572467372,16407.373136173897,25995.71511653428,30188.48903534201,38362.97810922494,45835.412802706545,66065.85844125862,72444.12831371473,20673.64038188163,27780.247648471053,34569.50710268158,42351.05486739529,69002.20165122212,11651.651651651653,0.0
11691.691691691693,18291.02881186055,40573.3404515004,56688.307041093896,82860.55554951452,129698.45983772232,44467.109479640494,57419.5822120512,39527.29852470519,50478.03493590797,58000.89859021268,81260.21148298349,94498.63154126574,27678.827880711237,44107.185542394014,60492.01802905185,80488.66023953457,35440.75720871811,41122.58568498794,48129.83694205881,51623.86490809697,63270.06734769272,71998.41086984714,102374.5521136734,41756.691691691696,37311.9173653911,64779.7743263006,29526.790426865842,38475.88341299969,47705.70954351785,16371.247572331991,25995.869263797522,30192.157313053864,38401.49665020005,45882.376202484695,66091.9738036926,72484.95426951439,20647.191962116558,27778.120506640145,34576.631065081616,42381.75178851833,69032.99636933506,11691.691691691693,0.0
11731.731731731734,18216.64762643676,40574.97367073332,56730.42433555265,82897.56737904553,129732.11871996343,44483.843176500086,57442.88855523165,39527.96708993038,50513.777545498786,58027.067899618356,81311.60540685538,94504.77725329231,27641.498866162307,44118.76981084931,60522.560031437504,80523.90302328263,35427.92940497765,41115.06757809626,48139.029455971846,51654.0686837439,63317.43536325713,72014.35716969162,102412.30753945677,41796.731731731736,37339.25576818524,64792.47596354649,29531.821665432886,38512.94916526078,47743.69263276979,16335.109301576267,25996.023499745024,30195.816268334856,38440.00975752217,45929.216052917654,66118.1999410842,72525.82037401505,20620.69437574046,27776.009232013686,34583.68595818386,42412.52165054255,69063.82051525115,11731.731731731734,0.0
11771.771771771773,18142.249011131782,40576.598457039894,56772.539928330676,82934.54087882469,129765.84349644471,44500.51671433426,57466.255057437505,39528.631692809206,50549.47069600137,58053.17753832672,81363.0901061032,94510.94528207484,27604.16108034604,44130.32004587323,60553.13188400678,80559.15876154571,35415.03181684154,41107.518384197785,48148.163267358905,51684.30791167513,63364.74091773921,72030.44591195477,102450.10710554803,41836.771771771775,37366.56886047778,64805.20291129399,29536.821897001744,38550.03671281544,47781.68493372636,16298.958404938041,25996.177819115655,30199.465952795435,38478.51735932019,45975.93205520947,66144.5369808568,72566.72674307971,20594.147886314808,27773.913688880253,34590.67239428547,42443.363834308584,69094.67396798263,11771.771771771773,0.0
11811.811811811813,18067.833065834544,40578.21487424615,56814.653718568065,82971.47597529076,129799.63417787231,44517.13018625706,57489.681625554746,39529.292370817675,50585.11427387405,58079.2278902391,81414.66507658621,94517.1358239184,27566.814571916293,44141.83632956633,60583.73350372068,80594.42740660853,35402.06425535577,41099.93915387602,48157.23865232433,51714.58222834079,63411.98206408018,72046.67827109386,102487.95081036449,41876.811811811815,37393.85660188279,64817.955209929016,29541.79139487223,38587.14584060383,47819.68638814756,16262.794962578899,25996.332216722516,30203.106417452567,38517.01938387027,46022.52391582523,66170.98504559157,72607.6734933944,20567.55275562202,27771.833742637817,34597.5909826928,42474.277723778054,69125.5566070811,11811.811811811813,0.0
11851.851851851852,17993.399889531513,40579.822985573395,56856.76560650383,83008.3725956843,129833.49077455883,44533.68368685656,57513.16816499529,39529.94916093594,50620.70816448286,58105.219341869626,81466.32981024991,94523.3490780172,27529.459389097716,44153.31874432639,60614.36480746127,80629.70891096647,35389.02653434266,41092.330925408474,48166.25588960779,51744.89126963122,63459.156854234214,72063.05542998301,102525.8386523482,41916.851851851854,37421.11895206919,64830.732899782655,29546.73042941434,38624.27633603701,47857.69693825235,16226.61905380374,25996.48668745225,30206.737712740116,38555.51575958032,46068.99134653543,66197.54425297605,72648.66074246763,20540.90924367567,27769.769259789977,34604.442329647725,42505.2627061027,69156.46831263578,11851.851851851852,0.0
11891.891891891893,17918.949580317996,40581.422853644675,56898.8754934609,83045.23066804587,129867.41329642241,44550.17731218228,57536.71457970962,39530.6020996566,50656.25225209385,58131.15228231238,81518.08379510288,94529.58524650995,27492.095579691275,44164.7673728397,60645.02571203622,80665.0032273247,35375.918470440665,41084.694724817324,48175.215260495905,51775.234670917605,63506.26333934684,72079.57857969208,102563.77062996526,41956.89189189189,37448.355870761676,64843.53602113022,29551.639268101244,38661.42798896806,47895.71652671448,16190.430757073687,25996.641226264313,30210.359888519,38594.006414974785,46115.334064460476,66224.2147157538,72689.6886086296,20514.217608730796,27767.720107942107,34611.22703825737,42536.31817169039,69187.40896527124,11891.891891891893,0.0
11931.931931931933,17844.482235409374,40583.01454049104,56940.98328183123,83082.05012121456,129901.40175298571,44566.611159732376,57560.32077219956,39531.25122299309,50691.74641986585,58157.02710320871,81569.9265151922,94535.84453453588,27454.723191079724,44176.182298072374,60675.71613418282,80700.31030859702,35362.73988314356,41077.031565921294,48184.11704873264,51805.61206709461,63553.299569944764,72096.24891925305,102601.74674170594,41996.93193193193,37475.56731774157,64856.36461419036,29556.51817554201,38698.600591663475,47933.74509665837,16154.230150018631,25996.795828190225,30213.97299408712,38632.49127867971,46161.55179211442,66250.99654167434,72730.75721103139,20487.478107294308,27765.686155797142,34617.94570842685,42567.443514268045,69218.37844614557,11931.931931931933,0.0
11971.971971971972,17769.997951152,40584.59810755789,56983.088875061076,83118.83088482599,129935.45615337501,44582.98532844083,57583.98664353114,39531.89656648779,50727.190549843646,58182.84419871456,81621.85745057737,94542.12715029254,27417.342270232934,44187.56360326179,60706.43599057228,80735.63010790493,35349.49059483913,41069.34245038853,48192.96154042808,51836.023092624106,63600.263596138044,72113.06765541383,102639.7669860843,42036.97197197197,37502.75325284776,64869.21871912421,29561.36741351404,38735.79393877488,47971.782591655036,16118.017309449626,25996.950488332834,30217.57707818909,38670.97027940783,46207.64425744872,66277.88983344365,72771.86666964415,20460.690994135373,27763.667273151306,34624.598936795315,42598.638130941574,69249.37663694836,11971.971971971972,0.0
12012.012012012012,17695.496823034016,40586.173615711145,57025.192177636636,83155.57288931066,129969.57650631956,44599.29991866432,57607.71209334769,39532.53816521994,50762.58452295113,58208.60396546771,81673.8760773026,94548.4333050946,27379.952863713163,44198.911371908245,60737.18519781389,80770.96257857668,35336.170430847276,41061.62836779063,48201.749023966164,51866.46738158031,63647.15346783446,72130.03600237927,102677.8313616379,42077.01201201201,37529.91363597759,64882.098376034424,29566.187240995194,38773.00782731086,48009.828955717974,16081.792311371037,25997.105201865586,30221.17218902574,38709.44334594437,46253.611193895784,66304.89468867549,72813.01710525804,20433.85652229598,27761.66333088967,34631.187316674885,42629.901422252864,69280.40341989859,12012.012012012012,0.0
12052.052052052055,17620.97894569599,40587.74112524341,57067.29309506969,83192.27606589245,130003.76282015051,44615.55503216907,57631.49701988298,39533.176053813484,50797.92821898527,58234.30680255531,81725.98186736801,94554.7632134341,27342.55501768023,44210.22568776659,60767.96367245905,80806.30767414616,35322.77921945748,41053.890295657635,48210.479789911595,51896.94456769571,63693.96723496655,72147.15518153917,102715.939866928,42117.05205205205,37557.048427087735,64895.00362496432,29570.97791419563,38810.242056609226,48047.88413329925,16045.555230992446,25997.259964031793,30224.75837426343,38747.91040713238,46299.452340411786,66332.01119984302,72854.20863948134,20406.974943101457,27759.674200981477,34637.71143799265,42661.23279223389,69311.4586777426,12052.052052052055,0.0
12092.092092092094,17546.444412941404,40589.300695880054,57109.391533883696,83228.94034658669,130038.01510280026,44631.750772117535,57655.341319974556,39533.810266444634,50833.221516609716,58259.953111481154,81778.17428869878,94561.117093042,27305.148777896604,44221.50663483818,60798.77133100544,80841.66534835189,35309.316791965495,41046.129199533876,48219.15413091605,51927.454284408,63740.70294773155,72164.42642118252,102754.0925005388,42157.09209209209,37584.157586195135,64907.934505896956,29575.73968658937,38847.49642830936,48085.948069285456,16009.306142740365,25997.414770143885,30228.335681043158,38786.37139185882,46345.16744151947,66359.23945423143,72895.4413947392,20380.046506171093,27757.699756475333,34644.171887235665,42692.63164845791,69342.54229375209,12092.092092092094,0.0
12132.132132132134,17471.893317746875,40590.852386785205,57151.48740159994,83265.56566419863,130072.33336180152,44647.887243054996,57679.24488907714,39534.44083684939,50868.464293349454,58285.54329613336,81830.45280511309,94567.4951649511,27267.734189732397,44232.754297362604,60829.60808990099,80877.03555513613,35295.78298270964,41038.3460330347,48227.77234162389,51957.99616490743,63787.358656844575,72181.85095619867,102792.28926107755,42197.13213213213,37611.2410733779,64920.89105875423,29580.472808945524,38884.77074632494,48124.020708993805,15973.045120269717,25997.569615582674,30231.904155989465,38824.826229040686,46390.756247350495,66386.57953389084,72936.71549427256,20353.071459428807,27755.73987149432,34650.56924739869,42724.09740208807,69373.65415172226,12132.132132132134,0.0
12172.172172172173,17397.325752272354,40592.39625656778,57193.580606723786,83302.15195232174,130106.71760428655,44663.96455089591,57703.20762127626,39535.06779833088,50903.656425585155,58311.077762751636,81882.81687628827,94573.89765356065,27230.311298170294,44243.96875981,60860.47386554796,80912.41824864395,35282.17762910619,41030.54173790408,48236.33471857771,51988.569842184916,63833.932413805145,72199.4300277643,102830.53014717415,42237.17217217217,37638.29884877621,64933.87332339596,29585.177529359244,38922.06481681685,48162.101998168255,15936.772236475077,25997.724495796603,30235.463845219172,38863.27484761121,46436.218513687316,66414.03151559034,72978.03106213684,20326.050049113826,27753.794421230872,34656.9040979348,42755.62946792316,69404.7941359695,12172.172172172173,0.0
12212.212212212215,17322.74180787106,40593.932363287255,57235.671058731445,83338.69914533608,130141.16783698642,44679.98280291031,57727.22940930191,39535.69118376644,50938.79778854813,58336.55691989513,81935.26595772525,94580.32478670169,27192.880147810374,44255.150106873,60891.36857430682,80947.813383222,35268.5005716842,41022.717244072934,48244.84156012388,52019.174949080225,63880.42227117759,72217.16488301678,102868.81515748109,42277.21221221222,37665.33087259323,64946.881339618994,29589.854093282393,38959.37844816643,48200.1918829756,15900.487563501858,25997.87940630102,30239.01479434992,38901.7171765064,46481.5540020046,66441.59547077228,73019.38822320056,20298.982519791443,27751.86328194156,34663.17701470875,42787.2272644408,69435.96213132968,12212.212212212215,0.0
12252.252252252254,17248.14157509934,40595.46076445964,57277.7586680565,83375.20717840665,130175.68406623021,44695.94210770994,57751.31014454232,39536.31102561473,50973.888256315666,58361.98117840984,81987.79950071147,94586.77679570513,27155.440782874874,44266.298423459215,60922.29213250033,80983.22091341781,35254.75165411945,41014.87346971821,48253.29316631789,52049.8111183304,63926.82628288516,72235.0567747126,102907.14429067311,42317.252252252256,37692.33710509599,64959.915147156265,29594.50274355388,38996.711450948875,48238.29031000176,15864.191172757031,25998.03434267747,30242.557048508537,38940.1531446517,46526.76247951045,66469.27146550763,73060.78710314396,20271.869114363762,27749.946330941762,34669.38856995295,42818.89021383799,69467.15802315579,12252.252252252254,0.0
12292.292292292293,17173.525143726256,40596.98151706312,57319.84334607703,83411.67598748175,130210.2662979442,44711.84257523433,57775.44971705796,39536.92735592261,51008.927701806315,58387.35095139632,82040.41695228172,94593.25391546996,27117.993247212857,44277.413794683496,60953.244456417284,81018.64079397864,35240.93072326794,41007.01132132265,48261.68983883027,52080.47798261844,63973.142504518524,72253.10696087217,102945.51754544688,42357.292292292295,37719.31750661639,64972.974785675906,29599.123720429725,39034.06363790703,48276.397226247835,15827.883134919903,25998.18930057286,30246.090652339215,38978.58268094875,46571.843719186814,66497.05956045186,73102.22782845746,20244.710074080496,27748.043446600186,34675.53933222611,42850.61774206928,69498.38169731622,12292.292292292293,0.0
12332.332332332333,17098.89260274316,40598.49467754389,57361.925005102705,83448.10550929129,130244.91453765133,44727.684316736835,57799.6480155955,39537.54020633183,51043.91599677583,58412.66665417746,82093.11775517766,94599.7563845342,27080.53758430483,44288.49630586045,60984.225462316506,81054.07297985055,35227.0376291983,40999.1316937352,48270.031880852825,52111.17517462166,64019.36899365859,72271.31670440939,102983.93492052106,42397.332332332335,37746.272037552015,64986.06029478032,29603.717261612812,39071.434823925294,48314.51257912656,15791.563519952597,25998.344275698866,30249.615650011518,39017.005714262545,46616.79749982973,66524.95981080178,73143.71052643997,20217.505638549796,27746.154508333264,34681.6298663744,42882.40927888224,69529.63304019265,12332.332332332333,0.0
12372.372372372374,17024.24404037303,40600.00030182169,57404.00355836208,83484.49568134532,130279.62879047028,44743.4674447704,57823.904927601965,39538.149608085696,51078.85301181342,58437.9287042661,82145.9013478051,94606.28444514681,27043.07383726724,44299.546042497066,61015.235066430556,81089.51742617751,35213.072225223776,40991.23547023203,48278.31959700526,52141.902327060125,64065.50381021366,72289.68727274674,103022.3964146356,42437.372372372374,37773.200658367125,64999.17171400525,29608.283602282336,39108.82482600397,48352.63631645845,15755.232397110276,25998.49926383107,30253.13208522825,39055.42217340846,46661.623606088775,66552.97226625297,73185.23532519735,20190.256045749073,27744.279396599515,34687.66073349509,42914.26425785079,69560.91193867792,12372.372372372374,0.0
12412.412412412414,16949.579544079737,40601.49844529545,57446.07891999003,83520.84644193237,130314.40906111486,44759.19207317341,57848.220339239,39538.7555920355,51113.73861633787,58463.13752133299,82198.7671641894,94612.83834334146,27005.602048856956,44310.56309028546,61046.27318496963,81124.97408830034,35199.03436793299,40983.3235225782,48286.55329324265,52172.65907274435,64111.54501677177,72308.21993741543,103060.90202655189,42477.412412412414,37800.10332959354,65012.30908281887,29612.82297512297,39146.23346323369,48390.76838646816,15718.889834951342,25998.6542608083,30256.640001233132,39093.83198713954,46706.32182850629,66581.09697095817,73226.80235364047,20162.961532035875,27742.41799289371,34693.632490902666,42946.18211640609,69592.21828017407,12412.412412412414,0.0
12452.452452452453,16874.89920057702,40602.98916284884,57488.15100501548,83557.15773011776,130349.25535389336,44774.85831705529,57872.59413539716,39539.35818864695,51148.5726785946,58488.29352717444,82251.71463392935,94619.41832901198,26968.122261475626,44321.54753509567,61077.3397341253,81160.44292175585,35184.923917220476,40975.396711089794,48294.733276763545,52203.44504462345,64157.49067896753,72326.91597364022,103099.45175505237,42517.45245245245,37826.98001183159,65025.47244062086,29617.335610353723,39183.66055677025,48428.908737780934,15682.53590134732,25998.809262531908,30260.139440818326,39132.23508413421,46750.89196355571,66609.33396348656,73268.41174148337,20135.622332158724,27740.570179740982,34699.54569209719,42978.16229586507,69623.5519525905,12452.452452452453,0.0
12492.492492492493,16800.203095837554,40604.47250885565,57530.2197293494,83593.42948574212,130384.16767270779,44790.466292782105,57897.026199710395,39539.95742800628,51183.355065652606,58513.397145680414,82304.74318214861,94626.02465598956,26930.634517173978,44332.499462968524,61108.43463007413,81195.92388227585,35170.74073631581,40967.45588469659,48302.85985591913,52234.25987583181,64203.33886586424,72345.77665990955,103138.04559894036,42557.49249249249,37853.83066575102,65038.661826741474,29621.82173575648,39221.105929809586,48467.05731941892,15646.170663492601,25998.964264965012,30263.63044633179,39170.631392983516,46795.33381367974,66637.6832767835,73310.06361924135,20108.23867926801,27738.735840690868,34705.40088673508,43010.204241456915,69654.9128443416,12492.492492492493,0.0
12532.532532532534,16725.49131510162,40605.94853718536,57572.28500977253,83629.66164941978,130419.14602105322,44806.01611796202,57921.51641457052,39540.55333982644,51218.08564340169,58538.44880280224,82357.85222944545,94632.65758212174,26893.13885765607,44343.41896010879,61139.55778898152,81231.41692578616,35156.48469181238,40959.5018810054,48310.93334012321,52265.103199736215,64249.0876503511,72364.80327752983,103176.68355703946,42597.53253253253,37880.65525209192,65051.87728044061,29626.281576704292,39258.56940756316,48505.21408079761,15609.794187914038,25999.119264131765,30267.11305968454,39209.02084217922,46839.647187327486,66666.14493813175,73351.75811822881,20080.810804926856,27736.914860311226,34711.19862060208,43042.30740234728,69686.30084434507,12532.532532532534,0.0
12572.572572572573,16650.763942885904,40607.417301208276,57614.34676392382,83665.85416253714,130454.19040201743,44821.50791143072,57946.06466114185,39541.14595345309,51252.7642765504,58563.4489265207,82411.04119184008,94639.31736935342,26855.635324283485,44354.30611287811,61170.70912700522,81266.92200840573,35142.15565369495,40951.53552636353,48318.95403976333,52295.974649981414,64294.735109555695,72383.99711016494,103215.36562819385,42637.57257257257,37907.45373166568,65065.118840906885,29630.71535618933,39296.05081723343,48543.37897172239,15573.40654048042,25999.274256116703,30270.58732235767,39247.40336010147,46883.83189899142,66694.71896911298,73393.4953705571,20053.33893912202,27735.107124182075,34716.939435588356,43074.47123166037,69717.71584201977,12572.572572572573,0.0
12612.612612612613,16576.02106299193,40608.87885380104,57656.40491028867,83702.00696725119,130489.30081827982,44836.941793236714,57970.6708193759,39541.735297870335,51287.3908286238,58588.39794681404,82464.30948072039,94646.00428380929,26818.12395807937,44365.16100778847,61201.88856029903,81302.43908644578,35127.753495366655,40943.5576359231,48326.92226611312,52326.873860535896,64340.27932527183,72403.35944335972,103254.09181126756,42677.61261261261,37934.2260653559,65078.38654725671,29635.123294850535,39333.549987989754,48581.55194238493,15537.007786411563,25999.42923706396,30274.05327540932,39285.77887500689,46927.8877692433,66723.40538557046,73435.27550913238,20025.823310274744,27733.31251888939,34722.623869665746,43106.69518649915,69749.15772728354,12612.612612612613,0.0
12652.652652652652,16501.26275851454,40610.33324735169,57698.45936818744,83738.12000648782,130524.47727211114,44852.31788462652,57995.33476802612,39542.32140170669,51321.965161961896,58613.29629562587,82517.6565027849,94652.71859587856,26780.604799732522,44375.98373149521,61233.09600501633,81337.96811640858,35113.278093674846,40935.56901370549,48334.838331245744,52357.80046573607,64385.7183844028,72422.89156404865,103292.8621051444,42717.65265265265,37960.972214119305,65091.680438533345,29639.505611001015,39371.06675094443,48619.73294335985,15500.597990287557,25999.584203176597,30277.510959481428,39324.147315016635,46971.81462476982,66752.2041975729,73477.09866765303,19998.264145251655,27731.530932018803,34728.25245686716,43138.97872796342,69780.6263905516,12652.652652652652,0.0
12692.692692692694,16426.489111850085,40611.780533765006,57740.510057764186,83774.19322394044,130559.719765373,44867.636308029905,58020.056384662785,39542.9042932405,51356.4871377183,58638.14440683348,82571.08165998396,94659.46058030186,26743.077889601354,44386.77437079072,61264.3313773136,81373.509054987,35098.72932893634,40927.57045266633,48342.702547948735,52388.75410033048,64431.05037941986,72442.59476004858,103331.67650872775,42757.6926926927,37987.692138986735,65105.00055370596,29643.862520655126,39408.60093912905,48657.92192560121,15464.177216057615,25999.73915071588,30280.960414806406,39362.50860810476,47015.61229840734,66781.11540937869,73518.96498060736,19970.66166937561,27729.76225214923,34733.825727267744,43171.32132116598,69812.12172273413,12692.692692692694,0.0
12732.732732732733,16351.700204704699,40613.22076446745,57782.556899975505,83810.22656406835,130595.02829951675,44882.89718704489,58044.83554568785,39543.48400040556,51390.95661585897,58662.94271621568,82624.58434945851,94666.23051625943,26705.54326771779,44397.533012597785,61295.594593354006,81409.0618590631,35084.10708496149,40919.5627347609,48350.51522964023,52419.73439952241,64476.273408836554,72462.47031953646,103370.53502094014,42797.73273273274,38014.385801064025,65118.34693166871,29648.19423755523,39446.152387471106,48696.11884043913,15427.745527048817,25999.89407600059,30284.401681213654,39400.86268208648,47059.28062917602,66810.13901940166,73560.87458327101,19943.01610643657,27728.006368846447,34739.34420696827,43203.722435247066,69843.64361523435,12732.732732732733,0.0
12772.772772772772,16276.896118102228,40614.65399041239,57824.599816579444,83846.21997209502,130630.40287558368,44898.10064642278,58069.672126349986,39544.060550796596,51425.373455161825,58687.69166142116,82678.16396347634,94673.02868746237,26668.00097379112,44408.25974396327,61326.88556931084,81444.62648570756,35069.41124907756,40911.54663100984,48358.27669028651,52450.74099901207,64521.38557769802,72482.51953051129,103409.43764072307,42837.772772772776,38041.05316153298,65131.719611239794,29652.50097319822,39483.72093277086,48734.32363957646,15391.302985974784,26000.048975406316,30287.834798135886,39439.2094646066,47102.81946231329,66839.2750201772,73602.82761170424,19915.327678702437,27726.263172656632,34744.80841808015,43236.181543386716,69875.19195994681,12772.772772772772,0.0
12812.812812812812,16202.076932392212,40616.080262085,57866.63873012481,83882.17339400682,130665.84349420396,44913.24681205323,58094.56600075959,39544.63397167448,51459.737513215994,58712.39168193657,82731.8198893663,94679.8553822451,26630.451047211795,44418.95465205167,61358.204221370805,81480.20289217854,35054.64171215088,40903.52290156523,48365.98724432108,52481.77353503775,64566.38499808571,72502.74368024107,103448.3843670367,42877.812812812816,38067.69418165232,65145.1186311605,29656.782936861713,39521.30641367847,48772.53627508545,15354.849654944104,26000.203845364755,30291.259804615478,39477.54888312819,47146.22864930649,66868.52339833029,73644.82420274915,19887.59660692986,27724.532555099817,34750.218878712454,43268.69812281568,69906.766649255,12812.812812812812,0.0
12852.852852852855,16127.242727257648,40617.49962950735,57908.67356394026,83918.08677655144,130701.35015559617,44928.33581094895,58119.517041903906,39545.2042899715,51494.048646421914,58737.043219054685,82785.55150944983,94686.71089366071,26592.893527055156,44429.61782413913,61389.55046573766,81515.7910359209,35039.7983686085,40895.492295777105,48373.647206565256,52512.83164441578,64611.269789637794,72523.14405469445,103487.37519885969,42917.852852852855,38094.30882275858,65158.54403009427,29661.040335629954,39558.90867067133,48810.75669940442,15318.385595468657,26000.35868236306,30294.67673931052,39515.88086492119,47189.50804792495,66897.88413454336,73686.86449402684,19859.82311037506,27722.81440866327,34755.5761029606,43301.2716548244,69938.36757602952,12852.852852852855,0.0
12892.892892892894,16052.393581722637,40618.912142243105,57950.70424212392,83953.9600672362,130736.92285956703,44943.3677712307,58144.52512166219,39545.77153229646,51528.306709991506,58761.64671584267,82839.35820096986,94693.59551957819,26555.328452085065,44440.24934760707,61420.92421863538,81551.39087456538,35024.8811164585,40887.455552260166,48381.25689215031,52543.914964579846,64656.038080083876,72543.72193795737,103526.41013518862,42957.892892892894,38120.8970462671,65171.995846625796,29665.273374419467,39596.527546031764,48848.98486533456,15281.910868471814,26000.513482943134,30298.085640500853,39554.205337051164,47232.65752225108,66927.35720352634,73728.94862393432,19832.00740680463,27721.10862679496,34760.88060089682,43333.90162477038,69969.99463362612,12892.892892892894,0.0
12932.932932932934,15977.52957416007,40620.31784940259,57992.73068953288,83989.79321432661,130772.56160551078,44958.34282211204,58169.59011082089,39546.33572493972,51562.51155794889,58786.202617110386,82893.2393360177,94700.50956278211,26517.75586075759,44450.84930993637,61452.325396311586,81587.00236592739,35009.889857309536,40879.41339896099,48388.81661644114,52575.023133618946,64700.688005795644,72564.47861163458,103565.489175038,42997.932932932934,38147.45881367295,65185.474119259976,29669.482256004376,39634.16288382486,48887.22072603663,15245.425534296432,26000.668243700922,30301.48654609396,39592.5222263681,47275.67694271094,66956.94257398689,73771.07673164156,19804.149712506256,27719.415103896794,34766.13287856223,43366.58752208405,70001.64771588359,12932.932932932934,0.0
12972.972972972975,15902.650782298919,40621.71679964743,58034.75283177299,84025.5861668449,130808.26639240871,44973.26109388404,58194.711879088936,39546.89689387808,51596.66304313106,58810.71136937855,82947.19428145661,94707.45333107465,26480.175791224487,44461.41779870123,61483.75391504078,81622.62546800646,34994.824496389265,40871.36655322535,48396.326694961535,52606.15579031441,64745.21771235157,72585.41535423687,103604.61231743994,43037.97297297297,38173.99408655187,65198.9788864211,29673.667181041474,39671.81452987665,48925.46423502783,15208.929652712786,26000.82296128578,30304.879493630717,39630.83145949542,47318.56618610381,66986.64020860223,73813.24895708822,19776.250242299495,27717.73373531796,34771.33343796059,43399.32884027303,70033.32671712188,12972.972972972975,0.0
13013.013013013015,15827.757283231722,40623.10904119535,58076.770595188806,84061.33887456844,130844.03721882867,44988.12271789998,58219.89029511304,39547.45506477966,51630.76101718929,58835.17342084713,83001.22239884315,94714.4271373798,26442.58828133677,44471.95490156344,61515.20969112759,81658.2601389852,34979.68494256215,40863.31572186602,48403.78744332127,52637.31257417599,64789.62535511659,72606.53344055334,103643.77956144368,43078.01301301301,38200.50282656125,65212.51018645178,29677.828348095005,39709.48233175244,48963.71534617859,15172.423282926316,26000.97763239983,30308.26452029108,39669.13296281897,47361.32513563111,67016.45006399168,73855.4654409801,19748.309209546445,27716.0644173482,34776.482777053505,43432.12507692486,70065.03153214001,13013.013013013015,0.0
13053.053053053054,15752.849153421765,40624.49462182489,58118.78390685341,84097.0512880283,130879.87408292473,45002.92782656006,58245.12522649299,39548.01026300856,51664.805330590694,58859.58922136354,83055.32304434557,94721.43129985077,26404.993368648105,44482.46070626654,61546.69264091004,81693.90633722839,34964.47110834567,40855.26160123077,48411.199177144554,52668.4931254766,64833.909099836135,72627.83414101,103682.99090611545,43118.05305305305,38226.98499544102,65226.068057612036,29681.96595366114,39747.16613873553,49001.97401370945,15135.906483585259,26001.132253797212,30311.641662899598,39707.426662475984,47403.95368092443,67046.37209069062,73897.72632478611,19720.326826162458,27714.407047210992,34781.58138975726,43464.97573370823,70096.76205621411,13053.053053053054,0.0
13093.093093093094,15677.92646871018,40625.873588879986,58160.792694558666,84132.72335850763,130915.77698243664,45017.676553295954,58270.41653979714,39548.56251362962,51698.795832620104,58883.95922239103,83109.49556865946,94728.46614197905,26367.391090418223,44492.93530063011,61578.20268076271,81729.56402128203,34949.18290992614,40847.20487727066,48418.56221200036,52699.69708528608,64878.06712324396,72649.31872101391,103722.2463505382,43158.09309309309,38253.440555014684,65239.652538078415,29686.080192192214,39784.865801806016,49040.240192187965,15099.379312788136,26001.286822283513,30315.010957930866,39745.71248434443,47446.45171807271,67076.4062331253,73940.03175073431,19692.303302626755,27712.761523056826,34786.629765941,43497.880316373026,70128.51818509548,13093.093093093094,0.0
13133.133133133135,15602.989304323028,40627.24598927458,58202.79688680568,84168.3550380402,130951.74591468964,45032.369032555434,58295.7641005777,39549.111841412814,51732.73237138233,58908.283876976966,83163.73931692052,94735.53199270673,26329.781483616283,44503.37877254424,61609.73972709982,81765.23314987277,34933.8202671732,40839.1462256087,48425.876863334386,52730.9240955039,64922.09761368403,72670.98844028416,103761.54589381105,43198.13313313313,38279.8694671902,65253.26366594294,29690.171256120648,39822.58117362004,49078.513836525584,15062.841828091157,26001.441334715102,30318.37244151486,39783.99035403214,47488.81914964867,67106.55242958895,73982.38186180858,19664.238847993045,27711.127743956316,34791.62839142639,43530.83833474884,70160.29981500856,13133.133133133135,0.0
13173.173173173174,15528.037734878224,40628.611869497145,58244.796412794974,84203.94627940899,130987.78087659384,45047.00539978693,58321.167773386245,39549.658270838,51766.61479380475,58932.56363972118,83218.05362861427,94742.62918654126,26292.164584924132,44513.79120996395,61641.30369637841,81800.91368190668,34918.38310365331,40831.08631160864,48433.14344640258,52762.17379889065,64965.99877174552,72692.84455216951,103800.88953504937,43238.17317317317,38306.27169396097,65266.9014792122,29694.239335882627,39860.312108489015,49116.79490197471,15026.294086515407,26001.59578799841,30321.72614944214,39822.26019686598,47531.055884734225,67136.81061221895,74024.77680174443,19636.133669900104,27709.50560989341,34796.57774798862,43563.849302742216,70192.10684264882,13173.173173173174,0.0
13213.213213213214,15453.071834392334,40629.97127561522,58286.79120241717,84239.49703614453,131023.88186464399,45061.58579142403,58346.62742178918,39550.20182609898,51800.44294564037,58956.79896674422,83272.43783748295,94749.7580636731,26254.540430739573,44524.17270090369,61672.89450510136,81836.60557646863,34902.87134664242,40823.025790444124,48440.36227620657,52793.44583909835,65009.768810910886,72714.88830295317,103840.27727338411,43278.21321321321,38332.64719740678,65280.56601580643,29698.28461994149,39898.0584623594,49155.083344125545,14989.736144554052,26001.75017908941,30325.07211716901,39860.52193788141,47573.16183894519,67167.18070697511,74067.21671502547,19607.987974582316,27707.89502175852,34801.478313358646,43596.9127383326,70223.93916518113,13213.213213213214,0.0
13253.253253253253,15378.091676287297,40631.32425327974,58328.78118624367,84275.0072625235,131060.04887491903,45076.11034487003,58372.14290838322,39550.74253110808,51834.21667147098,58980.990315655836,83326.89127142893,94756.91897009591,26216.90905717955,44534.523333432066,61704.5120698205,81872.30879282115,34887.28492713732,40814.96530716807,48447.533667430675,52824.739860699876,65053.405958216565,72737.12093114552,103879.70910796178,43318.25325325325,38358.995939694796,65294.25731355845,29702.30729481084,39935.82009279244,49193.37911890323,14953.168058179283,26001.904504992883,30328.410379822508,39898.77550181176,47615.136934454975,67197.66263361921,74109.70174687915,19579.801966880153,27706.295881341666,34806.330561226845,43630.02816356718,70255.79668023743,13253.253253253253,0.0
13293.293293293296,15303.097333397112,40632.6708477295,58370.766295517475,84310.47691356725,131096.28190308195,45090.57919848239,58397.7140948109,39551.28040950022,51867.935814710945,59005.13814552308,83381.41325241551,94764.11225773016,26179.27050008329,44544.843195666515,61736.15630713956,81908.02329040391,34871.62377986624,40806.90549678239,48454.65793438046,52856.055509216894,65096.90845492543,72759.54366676466,103919.18503794385,43358.293293293296,38385.31788308045,65307.97541021284,29706.307545077412,39973.59685894438,49231.6821825648,14916.589882849226,26002.058762761855,30331.740972205364,39937.02081307769,47656.98110001747,67228.25630569574,74152.23204327255,19551.575850250636,27704.708091325552,34811.13496124773,43663.19510455449,70287.67928591487,13293.293293293296,0.0
13333.333333333336,15228.088877974298,40634.011103795514,58412.74646214405,84345.90594504026,131132.5809443793,45104.992491557234,58423.34084177611,39551.81548463719,51901.60021761105,59029.24291683878,83436.00309636386,94771.3382845491,26141.62479501541,44555.132375768095,61767.82713371706,81943.74902883277,34855.88784329825,40798.84698430778,48461.735390923364,52887.39243114703,65140.2745572112,72782.15773060573,103958.70506250669,43398.333333333336,38411.61298990846,65321.72034342487,29710.28555342365,40011.3886215467,49269.99249169632,14880.001673514704,26002.21294949692,30335.063928800806,39975.25779577668,47698.6942709889,67258.96163051369,74194.80775090828,19523.309826777753,27703.131555278735,34815.891979045955,43696.41309145695,70319.58688077399,13333.333333333336,0.0
13373.373373373375,15153.066381696432,40635.345065905174,58454.72161868242,84381.29431344854,131168.9459936408,45119.35036431379,58449.02300905959,39552.34777961162,51935.209721263134,59053.305091489754,83490.66011304705,94778.59741470861,26103.971977268964,44565.39096193634,61799.524466269446,81979.48596789862,34840.07705965179,40790.79038485393,48468.76635043054,52918.7502739896,65183.50253685338,72804.96433349978,103998.26918084113,43438.373373373375,38437.88122261377,65335.49215075961,29714.241500650027,40049.19524288678,49308.31000320995,14843.403484625955,26002.36706234569,30338.379283777333,40013.48637367269,47740.27638934891,67289.77850912964,74237.42901721993,19495.00409718282,27701.566177648685,34820.60207622333,43729.681658482106,70351.51936383641,13373.373373373375,0.0
13413.413413413415,15078.029915672381,40636.67277808662,58496.69169833647,84416.64197603846,131205.3770452794,45133.65295787888,58474.76045553453,39552.87731725103,51968.7641656045,59077.32513272508,83545.38360598049,94785.8900186792,26066.312081868447,44575.61904240426,61831.248221573755,82015.23406756695,34824.19137490188,40782.73630368992,48475.75112572077,52950.12868627052,65226.59068194304,72827.96467556206,104037.87739215212,43478.413413413415,38464.1225437225,65349.290869690914,29718.175565697107,40087.01658678865,49346.634674341076,14806.795370139062,26002.521098502137,30341.68707099333,40051.706470185614,47781.72740372061,67320.70683633207,74280.09599036741,19466.65886083481,27700.011863754917,34825.26571036712,43763.0003438732,70383.47663458335,13413.413413413415,0.0
13453.453453453456,15002.979550448683,40637.99428397292,58538.656634946165,84451.94889079499,131241.8740932907,45147.90041427135,58500.5530391821,39553.4041201218,52002.26338942333,59101.30350512433,83600.17287230902,94793.21647338188,26028.645143572758,44585.8167054332,61862.99831647065,82050.99328797683,34808.23073878664,40774.6853363148,48482.690029005855,52981.52731756578,65269.53729759775,72851.15994543117,104077.52969565842,43518.453453453454,38490.336915852924,65363.11653760053,29722.08792566734,40124.85251859408,49384.96646264549,14770.177383522516,26002.675055205997,30344.987324001653,40089.918008381,47823.047269389615,67351.74650062696,74322.80881923261,19438.274315760616,27698.468519782073,34829.88333505915,43796.3686898984,70415.45859295322,13453.453453453456,0.0
13493.493493493495,14927.915356015654,40639.309626806076,58580.61636297872,84487.21501644014,131278.4371312529,45162.09287638651,58526.40061710698,39553.92821053297,52035.70723036399,59125.240674565866,83655.02720269014,94800.5771623275,25990.971196878134,44595.98403930821,61894.77466786714,82086.76358944003,34792.19510481253,40766.63806852847,48489.583371837565,53012.945818524146,65312.34070668621,72874.55131949925,104117.22609059227,43558.49349349349,38516.52430171643,65376.96919177706,29725.97875584662,40162.702905143815,49423.30532599655,14733.549577763479,26002.828929742183,30348.280076054118,40128.120910959675,47864.23594832237,67382.89738422446,74365.56765341425,19409.85065865529,27696.936052773013,34834.45539988609,43829.78624283924,70447.46513933988,13493.493493493495,0.0
13533.533533533535,14852.837401813482,40640.61884944129,58622.57081752064,84522.44031243183,131315.0661523263,45176.23048798062,58552.30304555292,39554.44961054004,52069.095524932956,59149.137108194955,83709.94588117398,94807.97247575875,25953.290276021,44606.12113233295,61926.57719273944,82122.54493244013,34776.08443025864,40758.59507650279,48496.43146505655,53044.38384088852,65354.999250560686,72898.13996113418,104156.96657619925,43598.53353353353,38542.68466411848,65390.84886941505,29729.848229725536,40200.567614759115,49461.65122258241,14696.91200537405,26002.982719440188,30351.565360105837,40166.31510024741,47905.29340918318,67414.15936302688,74408.37264322306,19381.38808489221,27695.414370621947,34838.98235045062,43863.2525529781,70479.49617459065,13533.533533533535,0.0
13573.573573573574,14777.74575673823,40641.92199435091,58664.519934268945,84557.62473896207,131351.76114925343,45190.31339365529,58578.26017991828,39554.968341948705,52102.42810850491,59172.99327439194,83764.92818507894,94815.40281079631,25915.602414980833,44616.228072825055,61958.40580813568,82158.337277632,34759.89867617991,40750.55692685288,48503.23461874246,53075.84103751634,65397.511289797265,72921.92701989441,104196.7511517375,43638.57357357357,38568.81796595958,65404.755607613995,29733.696519020446,40238.446517223434,49500.00411090326,14660.264718397368,26003.13642167351,30354.8432088196,40204.50049818483,47946.21962735059,67445.53230661807,74451.22393967677,19352.886788533207,27693.903382067536,34843.46462838359,43896.767174584806,70511.55160000442,13573.573573573574,0.0
13613.613613613616,14702.640489147767,40643.2191036285,58706.46364952308,84592.76825695556,131388.52211435873,45204.341738842035,58604.271874771584,39555.48442631854,52135.70481532947,59196.809642740336,83819.9733848643,94822.86857158822,25877.90764748291,44626.304949111436,61990.26043117865,82194.14058584062,34743.63780740931,40742.52417670863,48509.993142166015,53107.317062398884,65439.87520494284,72945.91363073749,104236.57981647775,43678.61361361362,38594.92417023623,65418.68944337739,29737.52379369423,40276.339483764445,49538.363949768565,14623.60776841365,26003.29003385904,30358.11365457003,40242.67702631693,47987.01458493255,67477.01607825399,74494.12169449471,19324.346962338645,27692.402996685985,34847.902671356984,43930.32966590239,70543.6313173296,13613.613613613616,0.0
13653.653653653655,14627.521666867595,40644.51021899273,58748.40190017683,84627.87082806838,131425.3490395481,45218.31566978665,58630.33798386701,39555.99788496649,52168.925478538236,59220.586683994974,83875.08074399803,94830.37016946328,25840.206007001107,44636.351849523635,62022.140979068485,82229.95481806042,34727.30179255909,40734.49737378653,48516.70734374248,53138.81157067953,65482.089397267926,72970.10091322253,104276.45256970287,43718.65365365366,38621.0032400419,65432.65041361175,29741.330221976816,40314.246387036095,49576.73069829439,14586.94120654613,26003.44355345655,30361.37672944779,40280.84460578297,48027.6782707806,67508.61053485426,74537.06606009268,19295.768797777437,27690.913124884188,34852.29691309779,43963.93958913199,70575.73522876223,13653.653653653655,0.0
13693.693693693695,14552.389357196602,40645.79538179135,58790.33462371026,84662.93241468626,131462.24191630923,45232.2353335338,58656.4583601599,39556.508738970515,52202.08993015193,59244.32487004981,83930.24951882119,94837.9080230876,25802.497526760588,44646.36886239333,62054.04736908532,82265.77993545447,34710.89060402075,40726.477056461605,48523.377530986785,53170.32421867099,65524.15228952466,72994.4899707087,104316.36941070756,43758.6936936937,38647.05513856803,65446.63855512566,29745.115970385505,40352.167101101164,49615.104315900724,14550.265083466886,26003.596977968038,30364.632465263614,40319.003157306324,48068.21068050328,67540.31552699563,74580.05718957732,19267.15248503702,27689.433677892896,34856.64778340266,43997.59651041701,70607.86323694413,13693.693693693695,0.0
13733.733733733734,14477.243626912701,40647.07463300502,58832.26175818169,84697.9529799232,131499.2007357111,45246.10087791145,58682.63285582228,39557.01700917298,52235.19800108849,59268.02467390621,83985.47895840791,94845.48255862563,25764.782239740474,44656.35607604777,62085.979518591914,82301.61589935358,34694.404217964286,40718.463753839635,48530.00401047016,53201.85466387147,65566.06232670878,73019.08188954896,104356.33033879794,43798.73373373374,38673.07982910493,65460.6539046288,29748.88120374497,40390.10150141372,49653.48476230877,14513.579449402563,26003.750304937268,30367.880893552327,40357.15260118421,48108.611816478326,67572.13089890609,74623.09523674042,19238.498213033243,27687.964567759784,34860.955708153386,44031.299999826624,70640.01524496067,13733.733733733734,0.0
13773.773773773775,14402.084542278506,40648.34801325119,58874.183242220155,84732.93248762006,131536.22548840387,45259.91245151547,58708.86132225831,39557.522716184045,52268.24952117085,59291.68656964053,84040.76830442113,94853.09420990475,25727.06017867647,44666.313578805435,62117.937345036225,82337.46267125563,34677.84261433605,40710.45798582948,48536.58708777826,53233.40256497984,65607.81797682492,73043.87773828165,104396.33535329116,43838.77377377378,38699.07727504281,65474.69649873097,29752.62608520709,40428.04946480204,49691.871997538416,14476.884354140046,26003.903531949138,30371.12204557674,40395.29285727757,48148.88168786381,67604.0564884608,74666.18035605326,19209.806169420273,27686.505707342727,34865.2211093331,44065.04963133834,70672.19115633934,13773.773773773775,0.0
13813.813813813815,14326.912169046778,40649.61556278781,58916.099015017404,84767.87090234295,131573.31616461888,45273.67020369413,58735.14361011969,39558.025880385045,52301.24431913593,59315.31103237219,84096.11679096421,94860.74341858408,25689.331376063514,44676.24145897174,62149.920765953946,82373.32021282462,34661.205776856004,40702.460263215835,48543.12706747082,53264.96758190989,65649.41773165388,73068.87856681983,104436.3844535152,43878.81381381382,38725.0474398727,65488.766373941115,29756.35077627048,40466.01086945163,49730.26598190552,14440.179847031994,26004.056656629153,30374.355952331523,40433.423845000885,48189.020310608445,67636.09212717878,74709.31270266068,19181.076540600334,27685.05701030288,34869.444405043134,44098.844982820156,70704.3908750473,13813.813813813815,0.0
13853.853853853854,14251.7265724659,40650.87732151716,58958.00901632039,84802.76818938182,131610.4727541686,45287.37428453272,58761.479569321134,39558.52652193178,52334.18222264321,59338.898538231224,84151.52364442789,94868.43063432752,25651.595864158247,44686.1398048346,62181.92969897105,82409.18848588993,34644.49369301361,40694.4710877319,48549.624253042944,53296.54937580358,65690.86010752132,73094.08540563994,104476.47763880834,43918.853853853856,38750.990287187466,65502.86356666639,29760.05543679985,40503.98559488847,49768.66667601939,14403.465977002308,26004.209676642888,30377.58264454696,40471.545483312046,48229.02770746082,67668.23764022169,74752.49243237487,19152.3095117335,27683.61839109794,34873.62600952065,44132.68563601191,70736.61430548984,13853.853853853854,0.0
13893.893893893894,14176.527817285212,40652.13332898944,58999.913186423924,84837.62431474893,131647.69524644638,45301.02484483818,58787.86904905571,39559.02466075767,52367.06305828426,59362.44956432616,84206.98808333272,94876.15631498091,25613.853674981612,44696.00870466039,62213.96406180634,82445.06745244554,34627.706354062786,40686.49095213248,48556.078946887545,53328.14760904315,65732.14364606625,73119.49926497063,104516.61490851891,43958.893893893895,38776.90578068275,65516.98811321115,29763.74022504506,40541.973521962485,49807.074040780244,14366.74279255151,26004.36258969546,30380.80215269269,40509.65769070226,48268.90390797747,67700.49284639297,74795.71970166932,19123.50526674735,27682.189764975363,34877.76633315687,44166.571176506055,70768.86135250825,13893.893893893894,0.0
13933.933933933935,14101.315967760349,40653.38362440655,59041.8114661631,84872.43924517746,131684.98363042646,45314.62203612371,58814.31189781023,39559.52031657701,52399.886651592584,59385.96458871154,84262.50931816715,94883.92092675349,25576.104840321295,44705.84824668968,62246.02377227373,82480.95707464925,34610.843755015965,40678.52034026718,48562.49145025942,53359.76194526274,65773.26691500883,73145.12113398282,104556.79626200485,43998.933933933935,38802.79388415794,65531.140049776,29767.405297660018,40579.97453283119,49845.48803737666,14330.010341762056,26004.515393530983,30384.014506981297,40547.760385185786,48308.6489485301,67732.85755813912,74838.99466767246,19094.663988346605,27680.771047965576,34881.86578251592,44200.50119372779,70801.13192137805,13933.933933933935,0.0
13973.973973973974,14026.091087658438,40654.628246625594,59083.70379690599,84907.21294811986,131722.3378946641,45328.16601059346,58840.80796338052,39560.013508888,52432.65282705381,59409.444090355406,84318.0865512203,94891.72494440438,25538.349391734213,44715.658519133205,62278.1087482848,82516.85731482174,34593.905894637035,40670.55972715379,48568.8620632408,53391.392049358474,65814.22850891593,73170.9519799824,104597.0216986335,44038.973973973974,38828.65456151716,65545.31941245681,29771.050809721266,40617.988510943615,49883.90862728306,14293.268672303502,26004.668085932055,30387.21973737194,40585.85348428999,48348.26287231168,67765.33158155193,74882.31748816086,19065.785858022704,27679.362156875253,34885.92476035424,44234.475280914856,70833.42591780692,13973.973973973974,0.0
14014.014014014014,13950.853240263252,40655.86723416254,59125.590120546505,84941.94539174647,131759.7580272952,45341.6569211273,58867.35709288671,39560.50425697588,52465.36140811605,59432.88854910685,84373.71897641031,94899.56885143294,25500.587360548892,44725.43961016789,62310.218907851144,82552.76813544607,34576.892775433356,40662.609579051874,48575.19108470796,53423.03758749837,65855.02704996336,73196.99274760613,104637.29121778096,44079.014014014014,38854.487776770235,65559.52623724379,29774.67691474641,40656.015341024366,49922.335772257255,14256.517831437684,26004.820664719184,30390.417873573802,40623.93690504495,48387.74572934142,67797.91471637198,74925.688321553,19036.871056063304,27677.96300928062,34889.94366564063,44268.49303509646,70865.74324793299,14014.014014014014,0.0
14054.054054054053,13875.602488380327,40657.10062519569,59167.47037949732,84976.63654494411,131797.2440160366,45355.094921265554,58893.9591327885,39560.99257991584,52498.012217201205,59456.298445663226,84429.40577910756,94907.45314027433,25462.818777867884,44735.19160793279,62342.35416908676,82588.68949916659,34559.80440364664,40654.67035353656,48581.47881229968,53454.69822713068,65895.661188694,73223.24435802267,104677.60481883195,44119.05405405405,38880.29349403363,65573.76056002043,29778.283764712283,40694.05490905785,49960.76943433797,14219.757866023683,26004.97312775039,30393.608945049607,40662.01056397366,48427.09757646901,67830.60675599374,74969.10732690213,19007.919761561716,27676.573523520747,34893.92289357676,44302.554057072004,70898.0838183228,14054.054054054053,0.0
14094.094094094096,13800.338894341869,40658.32845756921,59209.34451668262,85011.28637731438,131834.79584818598,45368.48016519379,58920.61392890031,39561.47849657609,52530.6050757163,59479.67426153746,84485.14613595259,94915.3783124999,25425.0436745701,44744.914600525364,62374.51445021029,82624.62136878833,34542.64078924312,40646.7424995725,48587.725542386426,53486.37363699182,65936.12960476991,73249.7077081392,104717.96250117934,44159.09409409409,38906.07167753147,65588.02241656263,29781.87151007291,40732.10710227284,49999.20957584244,14182.988822522882,26005.125472920576,30396.792981018916,40700.07437708152,48466.31847737732,67863.40748747173,75012.57466388936,18978.93215242631,27675.193618690893,34897.862835618136,44336.65795138924,70930.4475359695,14094.094094094096,0.0
14134.134134134136,13725.062520011852,40659.55076879658,59251.21247553153,85045.89485917233,131872.41351062182,45381.81280772772,58947.32132640642,39561.96202562064,52563.13980406529,59503.01647902514,84540.93921466911,94923.34487902226,25387.262081313114,44754.60867599743,62406.69966954735,82660.56370727625,34525.40194590246,40638.82645758792,48593.93157004143,53518.06348711335,65976.4310077182,73276.38366981538,104758.36426422371,44199.13413413413,38931.822291596494,65602.31184253765,29785.440299777216,40770.171809127096,50037.65615936396,14146.210747003759,26005.277698161113,30399.97001046153,40738.12825984647,48505.408502584614,67896.31669152834,75056.09049281661,18949.908405389833,27673.82321463589,34901.76387949567,44370.804326321886,70962.83430829087,14134.134134134136,0.0
14174.174174174175,13649.773426790758,40660.76759606402,59293.07419997088,85080.4619615449,131910.09698980363,45395.09300429809,58974.08116987608,39562.44318551225,52595.616221661505,59526.32558117158,84596.7841738713,94931.35336030592,25349.474028535475,44764.273922351575,62438.90974553276,82696.51647775435,34508.08789100585,40630.92265954903,48600.09718901256,53549.76744882817,66016.56413766833,73303.27308908555,104798.81010737308,44239.17417417417,38957.54530067101,65616.62887350317,29788.990281286577,40808.24891929226,50076.109147769515,14109.423685146776,26005.4298014393,30403.1400621207,40776.172127208636,48544.367729445294,67929.33414256254,75099.65497459928,18920.848696018656,27672.462231943493,34905.62640923761,44404.99279384695,70995.24404312746,14174.174174174175,0.0
14214.214214214217,13574.471675620478,40661.978976233804,59334.929634418804,85114.98765616943,131947.8462717717,45408.32091093565,59000.89330327857,39562.92199451519,52628.03414694031,59549.60205173869,84652.68016286587,94939.40428658263,25311.67954645895,44773.91042753737,62471.1445967129,82732.479643505,34490.69864562319,40623.03152903438,48606.22269169583,53581.4851947757,66056.5277660806,73330.37678539053,104839.30003004246,44279.21421421422,38983.240669307874,65630.97354490634,29792.521600592096,40846.338323638876,50114.568504197465,14072.62768224906,26005.58178075788,30406.303164506353,40814.20589356028,48583.19624214984,67962.45960866041,75143.26827075884,18891.75319872202,27671.110591937864,34909.45080519188,44439.22296962162,71027.6766487408,14214.214214214217,0.0
14254.254254254256,13499.157326989049,40663.18494584772,59376.77872377779,85149.47191549222,131985.66134214748,45421.49668425615,59027.75756999811,39563.39847069795,52660.39339737216,59572.846375171735,84708.6263214483,94947.4981980726,25273.87866509073,44783.518279447715,62503.40414174771,82768.45316796811,34473.23423449916,40615.1534813095,48612.30836910977,53613.216398906654,66096.32069646388,73357.69555082025,104879.8340316536,44319.25425425426,39008.908362171496,65645.34589208277,29796.034402231682,40884.439914221686,50153.034192055144,14035.822783229087,26005.733634154574,30409.45934589823,40852.22947273551,48621.89413172359,67995.69285160671,75186.9305434151,18862.62208676112,27669.768216672986,34913.23744404887,44473.49447295978,71060.13203381149,14254.254254254256,0.0
14294.294294294295,13423.8304409353,40664.38554113025,59418.62141342834,85183.91471266698,132023.54218613348,45434.62048144545,59054.67381284885,39563.87263193607,52692.69378947654,59596.05903656606,84764.62177969345,94955.63564521077,25236.07141422565,44793.09756591528,62535.6882994129,82804.43701474046,34455.69468603857,40607.28892340171,48618.3545108713,53644.96073648677,66135.94176508191,73385.23014936844,104920.41211163424,44359.2942942943,39034.54834403875,65659.74595025554,29799.528829306957,40922.5535842651,50191.50617501653,13999.009032631275,26005.885359701595,30412.608634348988,40890.24277800012,48660.461496024516,68029.03362689786,75230.64195527861,18833.455532258213,27668.435028926167,34916.98669886459,44507.80692680814,71092.61010743718,14294.294294294295,0.0
14334.334334334335,13348.491077053519,40665.580797991846,59460.45764922224,85218.31602155324,132061.4887885135,45447.69246024462,59081.64187408971,39564.34449591467,52724.935138835644,59619.240521633474,84820.66565774023,94963.81718887901,25198.257823448326,44802.64837470896,62567.9969886022,82840.43114757484,34438.080032290585,40599.43825417498,48624.361405172545,53676.71788409997,66175.38984164626,73412.9813162006,104961.0342694181,44399.33433433434,39060.1605798,65674.17375453433,29803.005023499896,40960.679228148714,50229.98441702006,13962.18647463046,26006.036955505162,30415.75105768722,40928.24572204133,48698.89843973999,68062.48168375618,75274.40266964266,18804.25370620563,27667.110952191546,34920.69893908413,44542.15995772204,71125.11077913098,14334.334334334335,0.0
14374.374374374376,13273.139294497993,40666.77075203229,59502.287377476336,85252.67581671504,132099.50113365267,45460.712778935165,59108.661595439204,39564.81408013111,52757.1172601091,59642.39131666877,84876.75706557023,94972.04340064389,25160.437922135297,44812.1707935304,62600.3301283293,82876.43553037943,34420.39030893221,40591.601864404984,48630.32933875895,53708.48751965056,66214.66382999525,73440.94975693687,105001.70050444428,44439.374374374376,39085.74503446005,65688.62933991433,29806.463125089296,40998.816741393246,50268.468882266214,13925.35515303638,26006.18841970506,30418.88664352045,40966.23821695756,48737.20507438254,68096.03676514594,75318.21285037519,18775.016778474706,27665.79591067367,34924.37453056554,44576.55319584112,71157.63395881935,14374.374374374376,0.0
14414.414414414416,13197.775151987542,40667.955438543715,59544.110544966155,85286.99407341931,132137.5792054977,45473.681596324284,59135.73281809013,39565.28140189767,52789.23996704888,59665.511908515924,84932.89510278005,94980.31486300069,25122.611739457123,44821.66491001051,62632.68763772998,82912.4501272168,34402.625555250816,40583.780136854315,48636.258596908374,53740.26932236527,66253.76266875757,73469.13614695004,105042.41081615684,44479.414414414416,39111.30167313911,65703.11274127531,29809.90327296704,41036.96602064644,50306.959535215356,13888.515111298075,26006.33975047416,30422.01541923806,41004.220174248134,48775.381518284375,68129.69860778993,75362.07266191056,18745.744917824704,27664.489829281065,34928.01383560388,44610.98627486441,71190.17955684033,14414.414414414416,0.0
14454.454454454455,13122.39870780989,40669.134892513845,59585.92709891967,85321.27076763425,132175.7229875768,45486.599071730176,59162.85538272429,39565.746478343885,52821.30307251477,59688.60278453416,84989.07885834754,94988.63216962302,25084.779304380467,44831.130811706265,62665.06943606425,82948.47490230348,34384.78581412565,40575.97344634769,48642.14946341133,53772.062972793894,66292.6853319987,73497.54113068146,105083.16520400465,44519.454454454455,39136.83046107377,65717.6239933807,29813.325604654143,41075.12696366927,50345.4563405855,13851.666392508116,26006.490946017944,30425.137412014163,41042.191504802904,48813.427896591165,68163.46694218801,75405.98226924107,18716.438291911603,27663.192633619856,34931.61721295573,44645.4588320254,71222.74748394183,14454.454454454455,0.0
14494.494494494495,13047.010019826166,40670.309148629065,59627.736987011,85355.50587602814,132213.93246300015,45499.46536496746,59190.02912952704,39566.20932641917,52853.30638849003,59711.66443256386,85045.30741039132,94996.9959256191,25046.940645670136,44840.568586097215,62697.475442718045,82984.5098200091,34366.87113200879,40568.18215984755,48648.0022205524,53803.86815280987,66331.43082984975,73526.16532097464,105123.9636674405,44559.494494494495,39162.33136361798,65732.16313087652,29816.73025631662,41113.2994693223,50383.95926335007,13814.809039406933,26006.642004574132,30428.252648810438,41080.1521188921,48851.34434125461,68197.34149263683,75449.94183790851,18687.09706729685,27661.904249987427,34935.18501786381,44679.97050806673,71255.33765127965,14494.494494494495,0.0
14534.534534534538,12971.609145475139,40671.47824127758,59669.54015735445,85389.69937596741,132252.20761445997,45512.28063633267,59217.253898201874,39566.669962895256,52885.2497260979,59734.697340892366,85101.57982592392,95005.40674779414,25009.095791891094,44849.97832058231,62729.905577205616,83020.5548448555,34348.88155890486,40560.40663652942,48653.817149092385,53835.684545610035,66369.99820911707,73555.00929842867,105164.8062059212,44599.53453453454,39187.804346244026,65746.73018829052,29820.117362781137,41151.48343755221,50422.46826873573,13777.943094386936,26006.79292441212,30431.361156378905,41118.10192615568,48889.130991024045,68231.32197725077,75493.95153399519,18657.721409456106,27660.62460536613,34938.717602081946,44714.52094721478,71287.94997041558,14534.534534534538,0.0
14574.574574574577,12896.196141777513,40672.64220455241,59711.33655849855,85423.85124551547,132290.5484242306,45525.04504658973,59244.52952798484,39567.12840436852,52917.132895618444,59757.70199821965,85157.89516059775,95013.86526491935,24971.24477141047,44859.36010247677,62762.35975917114,83056.6099415162,34330.8171483503,40552.64722785763,48659.59452825182,53867.511835713536,66408.38655387136,73584.07361077234,105205.69281890678,44639.57457457458,39213.24937454346,65761.32520003112,29823.487057550483,41189.67876937847,50460.9833222202,13741.068599496675,26006.943703832672,30434.462961264657,41156.0408355932,48926.78799143701,68265.40810798423,75538.01152411528,18628.3114827878,27659.353627416996,34942.21531390021,44749.10979715391,71320.58435331569,14574.574574574577,0.0
14614.614614614617,12820.77106534015,40673.801072254384,59753.12613942006,85457.96146343104,132328.95487416897,45537.75875695569,59271.85585765893,39567.58466726244,52948.9557065056,59780.67889362367,85214.25245844465,95022.37211800754,24933.38761239951,44868.714019008796,62794.83790839071,83092.67507481563,34312.67795739142,40544.904277661066,48665.33463569509,53899.349708960595,66446.59498601526,73613.35877226004,105246.62350586039,44679.61461461462,39238.66641422814,65775.94820038648,29826.839472818836,41227.88536688025,50499.50438953015,13704.185596444844,26007.094341167376,30437.558089808543,41193.96875555323,48964.31549480888,68299.59959065543,75582.12197540555,18598.867450621787,27658.091244473522,34945.6784981703,44783.736709000594,71353.2407123484,14614.614614614617,0.0
14654.654654654656,12745.333972360266,40674.95487789517,59794.90884951793,85492.0300091666,132367.42694571472,45550.4219290863,59299.23272556836,39568.03876782985,52980.71796740494,59803.6285165257,85270.65075160787,95030.9279605956,24895.524342835506,44878.040157316515,62827.339944774365,83128.75020972826,34294.46404656195,40537.178122208905,48671.03774751595,53931.19785251028,66484.62266582844,73642.86526309093,105287.5982662476,44719.65465465466,39264.05543113111,65790.59922352355,29830.174739486858,41266.10313318339,50538.03143663907,13667.29412660434,26007.244834778285,30440.646568149812,41231.88559372294,49001.713660221285,68333.89612497124,75626.2830555161,18569.389475227763,27656.83738553547,34949.1074963311,44818.4013372774,71385.91896028293,14654.654654654656,0.0
14694.694694694697,12669.88491862946,40676.103654700186,59836.68463860791,85526.05686286688,132405.96461989032,45563.034725061865,59326.659969632834,39568.49072215525,53012.41948617209,59826.551356655385,85327.08906006714,95039.53345903428,24857.65499050373,44887.338604445096,62859.86578836777,83164.83531137808,34276.17547985964,40529.469090286584,48676.70413822348,53963.055954838,66522.46879248842,73672.59352885201,105328.61709953603,44759.6946946947,39289.41639120765,65805.27830348705,29833.49298717658,41304.33197244771,50576.56442976511,13630.394231016107,26007.39518305746,30443.728422228683,41269.79125711747,49038.982653509884,68368.29740455342,75670.49493260105,18539.877717823758,27655.5919802627,34952.50264643443,44853.10333988677,71418.61901028705,14694.694694694697,0.0
14734.734734734737,12594.42395953788,40677.24743561152,59878.45345691632,85560.0420053674,132444.5678773016,45575.59730737311,59354.13742736163,39568.940546157086,53044.06006989108,59849.44790401569,85383.56639135588,95048.18929278447,24819.77958299932,44896.60944734355,62892.41535935408,83200.93034503779,34257.81232472207,40521.77750327171,48682.334080729386,53994.92370573232,66560.1326045669,73702.54397998666,105369.6800051952,44799.73473473474,39314.749260536206,65819.98547419853,29836.79434424612,41342.57178985432,50615.10333536904,13593.485950393097,26007.545384426583,30446.803677788925,41307.68565206957,49076.122647250835,68402.80311696648,75714.75777530877,18510.332338584492,27654.354958969085,34955.864283170915,44887.84237808466,71451.3407759256,14734.734734734737,0.0
14774.774774774776,12518.951150078114,40678.386253290795,59920.21525507501,85593.9854181929,132483.23669813795,45588.10983890707,59381.66493586771,39569.38825558996,53075.63952489368,59872.318648847606,85440.08174027147,95056.8961547216,24781.89814772912,44905.85277286185,62924.98857805579,83237.03527612804,34239.374652001876,40514.10367521015,48687.92784633588,54026.80079629134,66597.61338049996,73732.71699128953,105410.78698269569,44839.77477477478,39340.05400531934,65834.72076945544,29840.078937804188,41380.822491593135,50653.64812015223,13556.569325124005,26007.695437336508,30449.87236038033,41345.56868421883,49113.133820746356,68437.41294374602,75759.07175277232,18480.753496649682,27653.12625261641,34959.19273789604,44922.618116454076,71484.08417115855,14774.774774774776,0.0
14814.814814814816,12443.466544849201,40679.52014012206,59961.96998411527,85627.88708355572,132521.97106217258,45600.57248293321,59409.24233188161,39569.83386604671,53107.15765677896,59895.16408159466,85496.63408857715,95065.65475144697,24744.010711913546,44915.06866774808,62957.585364936436,83273.15007021678,34220.86253594091,40506.44791289201,48693.485704724495,54058.686918918414,66634.91043903114,73763.11290142863,105451.93803150894,44879.81481481482,39365.33059188474,65849.48422293007,29843.346893724472,41419.08398485063,50692.19875105453,13519.644395277099,26007.84534026688,30452.93449536119,41383.44025850108,49150.01636000954,68472.12656042949,75803.43703459916,18451.141350132304,27651.905792808346,34962.48833865632,44957.43022287855,71516.84911033933,14814.814814814816,0.0
14854.854854854857,12367.970198060557,40680.64912821453,60003.717595462615,85661.74698435434,132560.7709487628,45612.98540308946,59436.8694517654,39570.2773929607,53138.614270433376,59917.98469286725,85553.22240469613,95074.46580360708,24706.117302588376,44924.257218645624,62990.20564060232,83309.27469301852,34202.276054144,40498.81051592782,48699.007923945814,54090.58176731762,66672.02313962692,73793.73201249566,105493.13315110674,44919.85485485486,39390.57898668616,65864.2758681687,29846.59833665977,41457.35617779769,50730.75519525225,13482.71120060384,26007.995091725737,30455.990107900718,41421.30027913781,49186.77045774783,68506.94363658715,75847.8537908615,18421.496056126736,27650.69351178445,34965.751410215555,44992.27836851537,71549.63550821273,14854.854854854857,0.0
14894.894894894896,12292.462163535763,40681.773249405465,60045.458040931226,85695.56510417188,132599.63633685058,45625.348763368456,59464.54613152644,39570.7188516078,53170.009170051446,59940.780973406836,85609.84564339794,95083.33004622064,24668.21794660656,44933.41851209029,63022.84932580433,83345.40911039371,34183.61528755181,40491.19177682465,48704.49477040994,54122.485036488695,66708.9508828628,73824.57458958584,105534.37234096098,44959.8948948949,39415.79915630437,65879.09573859052,29849.83339005598,41495.63897957757,50769.31742015624,13445.769780542641,26008.144690249093,30459.039222981417,41459.14864962528,49223.39631334582,68541.86383585504,75892.32219208544,18391.817770716927,27649.48934241424,34968.9822740812,45027.162227768975,71582.44327991351,14894.894894894896,0.0
14934.934934934936,12216.942494716432,40682.892535262814,60087.19127271866,85729.34142727443,132638.5672049626,45637.662728103875,59492.27220683106,39571.15825710856,53201.34215915665,59963.55341404978,85666.50274547607,95092.24822901381,24630.312670639978,44942.552634507636,63055.51634143948,83381.55328834784,34164.88032041299,40483.59198106224,48709.94650887769,54154.39642272121,66745.69311078018,73855.64086040764,105575.6556005429,44999.934934934936,39440.991067448165,65893.94386748677,29853.052176165944,41533.93230029413,50807.88539340979,13408.820174222274,26008.294134400545,30462.08186540141,41496.98527272376,49259.894132847054,68576.88681596878,75936.84240924098,18362.106648984423,27648.293218191226,34972.18124853088,45062.081478263965,71615.27234096445,14934.934934934936,0.0
14974.974974974975,12141.411244665891,40684.00701708806,60128.91724340056,85763.07593860959,132677.56353121094,45649.92746195677,59520.0475130182,39571.59562443015,53232.61304062305,59986.30250569113,85723.1926374172,95101.22111676338,24592.40150118118,44951.6596722102,63088.206608552566,83417.70719303102,34146.07124025577,40476.011407169266,48715.36340245267,54186.315623588904,66782.24930721229,73886.93101492329,105616.98292932272,45039.974974974975,39466.15468695528,65908.82028801969,29856.25481606306,41572.236051000145,50846.459082886744,13371.862420465653,26008.443422770928,30465.118059776778,41534.810050446766,49296.26412893486,68612.01222879889,75981.41461373106,18332.362845016323,27647.105073227103,34975.34864863881,45097.03580081838,71648.12260727436,14974.974974974975,0.0
15015.015015015017,12065.868466072974,40685.11672591871,60170.63590592533,85796.76862380483,132716.62529329315,45662.1431299021,59547.871885112916,39572.03096838843,53263.821616697416,60009.02873924809,85779.91423106214,95110.24948964891,24554.48446454511,44960.73971139491,63120.92004833793,83453.87079073706,34127.18813785883,40468.450326799386,48720.745712573975,54218.242337943055,66818.61899807898,73918.44520502131,105658.35432676953,45080.015015015015,39491.28998179338,65923.72503322164,29859.441429654773,41610.55014368574,50885.03845668952,13334.896557793105,26008.592553977884,30468.147830543774,41572.622884050084,49332.50652091228,68647.23972038715,76026.03897738075,18302.586511913276,27645.924842245866,34978.4847863025,45132.02487941675,71680.99399513661,15015.015015015017,0.0
15055.055055055056,11990.31421125563,40686.22169253125,60212.34721360907,85830.41946916605,132755.75246849304,45674.309897215295,59575.74515783976,39572.46430364993,53294.96768902175,60031.73260562334,85836.66642325757,95119.33414361255,24516.561586870812,44969.79283814052,63153.656582140866,83490.04404790286,34108.23110722149,40460.9090048075,48726.093699009696,54250.17626590573,66854.80175164939,73950.1835442211,105699.76979235031,45120.055055055054,39516.39691906101,65938.65813599405,29862.612135695854,41648.874491267066,50923.62348314719,13297.922624425904,26008.741526665526,30471.171201961075,41610.42367402093,49368.62153468098,68682.56893098431,76070.71567242645,18272.777801797296,27644.752460578075,34981.5899702693,45167.04840118308,71713.8864212273,15055.055055055056,0.0
15095.095095095096,11914.748532164536,40687.32194744347,60254.05112013042,85864.02846167592,132794.9450336807,45686.42792945893,59603.667165636165,39572.89564473378,53326.051058656056,60054.414595668095,85893.44809549881,95128.47589072856,24478.632894123108,44978.81913840494,63186.41613145933,83526.22693110775,34089.20024553328,40453.38769932582,48731.407619851074,54282.117108862614,66890.79717877205,73982.14610741062,105741.22932552987,45160.095095095094,39541.47546598855,65953.61962910654,29865.76705180157,41687.20900757507,50962.214130813554,13260.940658289632,26008.89033950402,30474.188198111944,41648.21232006671,49404.609402719536,68717.99949508908,76115.44487150438,18242.936865819567,27643.58786415505,34984.6645061631,45202.106056353994,71746.79980260337,15095.095095095096,0.0
15135.135135135135,11839.171480386725,40688.41752091728,60295.747579525596,85897.59558899232,132834.20296531325,45698.49739246954,59631.637742665596,39573.32500601357,53357.07152610217,60077.075200144885,85950.25811356364,95137.67555958116,24440.698412094243,44987.81869802282,63219.198617945345,83562.41940707271,34070.0956531431,40445.88666184005,48736.68773150728,54314.06456945548,66926.60493307166,74014.33293061769,105782.73292577018,45200.13513513513,39566.525589939214,65968.60954519591,29868.906294460627,41725.55360734437,51000.81036846527,13223.950697017548,26009.038991189267,30477.1988429064,41685.98872110418,49440.47036406053,68753.53104148804,76160.22674763942,18213.063854168184,27642.43098950325,34987.70869651101,45237.19753825176,71779.73405670092,15135.135135135135,0.0
15175.175175175176,11763.583107149021,40689.5084429611,60337.43654618312,85931.12083944675,132873.52623943513,45710.51845234445,59659.656722830725,39573.75240171927,53388.02889132757,60099.71490969025,86007.09532713653,95146.9339956519,24402.758166405514,44996.79160270307,63252.00396340667,83598.6214426599,34050.9174335274,40438.40613726537,48741.934288700955,54346.01835157417,66962.22471111215,74046.74401081546,105824.28059253006,45240.17517517517,39591.54725840993,65983.62791676524,29872.029979048002,41763.908206202395,51039.41216509996,13186.952777953818,26009.18748044251,30480.203160083336,41723.75277524827,49476.204664266945,68789.1631932971,76205.06147423353,18183.158916075816,27641.281773738512,34990.72284077004,45272.32254325721,71812.68910133361,15175.175175175176,0.0
15215.215215215216,11687.983463321594,40690.59474333262,60379.11797483953,85964.60420204287,132912.91483167862,45722.4912754288,59687.72393978642,39574.17784593915,53418.922953789996,60122.3342147771,86063.95856942338,95156.25206171599,24364.812182508926,45005.73793802643,63284.832089808115,83634.83300487173,34031.66569325823,40430.946364022464,48747.14754446426,54377.978160348524,66997.6562525255,74079.37930576215,105865.87232526459,45280.21521521521,39616.54043903237,65998.67477618284,29875.13821983758,41802.2727206585,51078.019489934355,13149.946938156825,26009.335806009985,30483.201173212572,41761.504379800754,49511.812555407734,68824.89556800394,76249.94922505386,18153.222199827338,27640.14015456054,34993.70723535382,45307.48077078294,71845.66485469056,15215.215215215216,0.0
15255.255255255255,11612.372599421371,40691.676451541105,60420.79182057372,85998.04566645474,132952.3687172643,45734.4160283026,59715.83922695265,39574.60135262147,53449.7535124623,60144.93360567689,86120.84665675648,95165.63063824861,24326.860485688732,45014.65778944307,63317.68291927311,83671.05406085034,34012.34054197036,40423.507574113515,48752.32775013563,54409.94370213961,67032.89934010609,74112.23873387594,105907.50812342472,45320.25525525525,39641.50509957385,66013.75015568141,29878.23113001465,41840.647068093385,51116.63231240248,13112.933214402245,26009.48396666257,30486.192905696913,41799.24343123913,49547.29429603239,68860.72777751149,76294.89017422104,18123.253852767353,27639.006070247226,34996.6621736593,45342.67192324634,71878.66123533506,15255.255255255255,0.0
15295.295295295295,11536.750565615443,40692.75359684998,60462.45803880277,86031.44522302541,132991.88787100167,45746.29287776795,59744.00241752735,39575.02293557636,53480.52036585804,60167.51357242145,86177.7583881896,95175.07062384041,24288.903101063035,45023.5512422703,63350.55637408511,83707.28457787682,33992.94209232822,40416.08999319796,48757.47515535708,54441.91468453096,67067.95379987016,74145.32217414475,105949.18798645677,45360.29529529529,39666.44120793833,66028.85408735696,29881.308821688242,41879.03116674857,51155.25060215377,13075.911643186328,26009.631961195442,30489.178380774167,41836.96982520527,49582.65015114477,68896.65942818299,76339.88449619693,18093.254021307686,27637.879459649223,34999.58794609335,45377.89570604261,71911.6781622024,15295.295295295295,0.0
15335.335335335338,11461.117411724386,40693.8262082793,60504.11658527699,86064.80286276517,133031.47226728953,45758.12199083627,59772.21334449906,39575.44260847757,53511.223312057395,60190.07460476478,86234.69254508294,95184.57293562335,24250.940053585335,45032.41838169025,63383.45237668896,83743.52452337072,33973.47045999211,40408.69384066834,48762.59000807206,54473.89081631943,67102.81950108014,74178.62946607205,105990.91191380192,45400.33533533534,39691.348732167346,66043.98660316798,29884.37140590331,41917.42493571601,51193.87432905135,13038.882260728882,26009.779788427724,30492.157621519116,41874.68345649397,49617.8803921762,68932.69012088775,76384.93236577239,18063.22285093481,27636.760262184387,35002.48484009948,45413.1518275181,71944.7155545985,15335.335335335338,0.0
15375.375375375377,11385.473187225634,40694.89431460811,60545.76741607517,86098.11857735,133071.1218801165,45769.903534715806,59800.471840659564,39575.860384864194,53541.86214873371,60212.617192144404,86291.64789067773,95194.1385097061,24212.971368046066,45041.25929274772,63416.37084969229,83779.7738648893,33953.92576358379,40401.31932972596,48767.67255452389,54505.871807505726,67137.49635623372,74212.16040965723,106032.67990489588,45440.37537537538,39716.22764044093,66059.14773493445,29887.41899265274,41955.82829492782,51232.503463170186,13001.845102976427,26009.92744720213,30495.130650845458,41912.38421904155,49652.985296957544,68968.81945104821,76430.03395805482,18033.16048621721,27635.648417832355,35005.3531401844,45448.43999894333,71977.77333219806,15375.375375375377,0.0
15415.415415415417,11309.817941256693,40695.95794437692,60587.41048759998,86131.39235912012,133110.8366830617,45781.63767679904,59828.77773861638,39576.27627814239,53572.43667318033,60235.14182364255,86348.62316966048,95203.76830162056,24174.99706907412,45050.07406034771,63449.31171586686,83816.0325701267,33934.308124652096,40393.96666745637,48772.72303925468,54537.85736928455,67171.98432101784,74245.91476541256,106074.49195916821,45480.41541541542,39741.07790107859,66074.33751433682,29890.451690889273,41994.24116514623,51271.13797479533,12964.800205605115,26010.074936384695,30498.097491507728,41950.07200591426,49687.965149690746,69005.04700868824,76475.18944845548,18003.067070812664,27634.543867129138,35008.19312794456,45483.759934486305,72010.85141504272,15415.415415415417,0.0
15455.455455455458,11234.151722618422,40697.01712588998,60629.045756573505,86164.62420107817,133150.61664929538,45793.32458465034,59857.13087080512,39576.69030158704,53602.946682338224,60257.64898794722,86405.61710771636,95213.46328677749,24137.017181138322,45058.862769253625,63482.27489814993,83852.3006069136,33914.61766763747,40386.6360549049,48777.741705104854,54569.847214034875,67206.28339422698,74279.8922544154,106116.34807604193,45520.45545545546,39765.89948254029,66089.55597291517,29893.46960853719,42032.66346795357,51309.777834420165,12927.74760402376,26010.222254864355,30501.058166103187,41987.74670929674,49722.820240919435,69041.37237848222,76520.39901267672,17972.942747475496,27633.44655116179,35011.0050820927,45519.111351185944,72043.94972353952,15455.455455455458,0.0
15495.495495495497,11158.474579778172,40698.07188721779,60670.67318003275,86197.81409688764,133190.46175157916,45804.964425993705,59885.53106950179,39577.102468343466,53633.39197282387,60280.13917331272,86462.62841107209,95223.22446093433,24099.03172854891,45067.625504084834,63515.260319645444,83888.5779432163,33894.85451983661,40379.32768715185,48782.72879321311,54601.84105530949,67240.3936176465,74314.0925583958,106158.24825493318,45560.4954954955,39790.6923534273,66104.8031420682,29896.472852503917,42071.095125742424,51348.42301274466,12890.68733337674,26010.369401552696,30504.01269707366,42025.4082204803,49757.55086749878,69077.7951398055,76565.66282669884,17942.78765806376,27632.356411563043,35013.789278484226,45554.49396892529,72077.06817845917,15495.495495495497,0.0
15535.535535535537,11082.786560873014,40699.12225619923,60712.29271532486,86230.96204087148,133230.37196226697,45816.55736870059,59913.978166834946,39577.51279142894,53663.772340957556,60302.61286752022,86519.65576602737,95233.05284067249,24061.040735459028,45076.36234931485,63548.26790362547,83924.86454713621,33875.018811366346,40372.04175338769,48787.68454301681,54633.83860782473,67274.31507590089,74348.51531985983,106200.19249525043,45600.53553553554,39815.456482483234,66120.0790530523,29899.46152869146,42109.53606170594,51387.07348067367,12853.619428546892,26010.516375383584,30506.96110670737,42063.05642985115,49792.15733256476,69114.3148667858,76610.98106676704,17912.601943546324,27631.273390506103,35016.54599014364,45589.90751040519,72110.20670093429,15535.535535535537,0.0
15575.575575575576,11007.087713712768,40700.168260444,60753.9043201032,86264.06802801012,133270.34725330552,45828.10358077784,59942.47199479774,39577.9212837345,53694.087582792636,60325.07055783797,86576.69783847556,95242.94946388609,24023.044225866113,45085.073389269004,63581.29757353128,83961.16038690915,33855.11067512729,40364.778436987974,48792.609192252945,54665.83958744967,67308.0478962668,74383.16014224787,106242.18079639423,45640.57557557558,39840.19183859494,66135.38373698063,29902.435742007703,42147.9861998282,51425.72920931525,12816.543924158332,26010.663175312875,30509.90341714073,42100.691226878625,49826.639945502495,69150.9311283557,76656.35390937798,17882.385744009967,27630.19743069936,35019.27548729077,45625.351701117674,72143.36521245776,15575.575575575576,0.0
15615.615615615618,10931.378085783123,40701.209927334814,60795.507952322616,86297.13205394016,133310.3875962349,45839.60323035577,59971.01238525985,39578.32795802628,53724.337494144565,60347.51273098115,86633.75327341272,95252.91539028213,23985.042223613375,45093.75870812277,63614.34925297469,83997.4654309048,33835.130246767054,40357.53791558823,48797.5029769595,54697.843711195426,67341.59224845204,74418.026590128,106284.21315775662,45680.61561561562,39864.89839079345,66150.71722482216,29905.39559637756,42186.445464874814,51464.39016997887,12779.460854579273,26010.809800318097,30512.839650360103,42138.312500103224,49860.99902191406,69187.64348830597,76701.78153126614,17852.139198666337,27629.12847538127,35021.97803736704,45660.82626931982,72176.54363488116,15615.615615615618,0.0
15655.655655655657,10855.657724248726,40702.24728402967,60837.10357023527,86330.1541149525,133350.49296218948,45851.05648567632,59999.59916997932,39578.73282694726,53754.521870621116,60369.939873071686,86690.82069443537,95262.95170189148,23947.034752391148,45102.41838989946,63647.42286573915,84033.7796476259,33815.077664643126,40350.32036115852,48802.36613147711,54729.850697204005,67374.94834433983,74453.11418942365,106326.2895787207,45720.65565565566,39889.57610825492,66166.07954740073,29908.341194753975,42224.9137823835,51503.056334173845,12742.370253924804,26010.95624939813,30515.76982820355,42175.920137124594,49895.23488358548,69224.4515053402,76747.26410939023,17821.862445858904,27628.066468315137,35024.65390506152,45696.33094600731,72209.74189041278,15655.655655655657,0.0
15695.695695695696,10779.926675956121,40703.28035746407,60878.69113238644,86363.13420799095,133390.66332189814,45862.4635150814,60028.2321806143,39579.1359030187,53784.640507652635,60392.35246959764,86747.89870322653,95273.0595035916,23909.021835738327,45111.05251846864,63680.51833578102,84070.10300570773,33794.953069785435,40343.12594007781,48807.198888451414,54761.86026473702,67408.11643769954,74488.42242767574,106368.41005866011,45760.6956956957,39914.22496030157,66181.47073539412,29911.272639128834,42263.39107865492,51541.727673607646,12705.272156059596,26011.102521572906,30518.69397236253,42213.51402458956,49929.3478584532,69261.35473313017,76792.80182091918,17791.555623069846,27627.011353784095,35027.30335233701,45731.8654648885,72242.95990161628,15695.695695695696,0.0
15735.735735735736,10704.184987436714,40704.3091743532,60920.27059761027,86396.07233065034,133430.89864568523,45873.824487001184,60056.911248734556,39579.5371986417,53814.69320052293,60414.75100537237,86804.98587902969,95283.23992364055,23871.003497043705,45119.66117754392,63713.63558723072,84106.43547391739,33774.756605858594,40335.954813208285,48812.001478835526,54793.87213416434,67441.09682386418,74523.95075433789,106410.5745969384,45800.73573573574,39938.84491640261,66196.89081933313,29914.190030543672,42301.87728074356,51580.40416018423,12668.166594600569,26011.248615883134,30521.61210438358,42251.09404817984,49963.33828056966,69298.35272037247,76838.39484321795,17761.218866926843,27625.96307658599,35029.926638455894,45767.42956235823,72276.19759140877,15735.735735735736,0.0
15775.775775775779,10628.432704909734,40705.33376119413,60961.84192502563,86428.96848117508,133471.19890347123,45885.13956994273,60085.63620583305,39579.93672609863,53844.67974440062,60437.13596449357,86862.08077811147,95293.49411422308,23832.979759547354,45128.24445068133,63746.7745443937,84142.77702115336,33754.488419123736,40328.80713596924,48816.77413189307,54825.8860269525,67473.88983937512,74559.69858110501,106452.78319290874,45840.77577577578,39963.43594617517,66212.33982960062,29917.093469100302,42340.37231644879,51619.08576600246,12631.053602919601,26011.394531389957,30524.524245669993,42288.66009259999,49997.206490068595,69335.44501084583,76884.0433538334,17730.85231320985,27624.921582028423,35032.524020006014,45803.02297747206,72309.4548830594,15775.775775775779,0.0
15815.815815815818,10552.66987428514,40706.3541442679,61003.40507403189,86461.82265845733,133511.56406477353,45896.40893247859,60114.40688333723,39580.33449755468,53874.59993437104,60459.507830301955,86919.18193321154,95303.82325200827,23794.95064634194,45136.802421277476,63779.93513175175,84179.12761644466,33734.1486584003,40321.68305841087,48821.5170752015,54857.90166565294,67506.49586159455,74595.66528227407,106495.03584591323,45880.81581581582,39987.998019385224,66227.8177964306,29919.983053971275,42378.87611430592,51657.77246335444,12593.933214146064,26011.540267174685,30527.43041748342,42326.21204156479,50030.95283312935,69372.6311434694,76929.74753047976,17700.456096857793,27623.886815923746,35035.09575092631,45838.64545192043,72342.73170018752,15815.815815815818,0.0
15855.855855855858,10476.896541166483,40707.37034964172,61044.960004305205,86494.63486203557,133551.9940987069,45907.63274323552,60143.22311262034,39580.73052505918,53904.453565468415,60481.86708533954,86976.28785298092,95314.22853871947,23756.916180374064,45145.33517256763,63813.11727396392,84215.48722895022,33713.737475027345,40314.58272528776,48826.230534655755,54889.9187738902,67538.9153082871,74631.85019513691,106537.33255528254,45920.85585585586,40012.53110594854,66243.32474990733,29922.858883410237,42417.3886035775,51696.464224723975,12556.805461169448,26011.68582233852,30530.330640945496,42363.749777787176,50064.57766194095,69409.91065236216,76975.50755102387,17670.030351975205,27622.858724584163,35037.64208253243,45874.29673000302,72376.02796676103,15855.855855855858,0.0
15895.895895895897,10401.112750853688,40708.38240317102,61086.50667579408,86527.4050920927,133592.48897398444,45918.811170883404,60172.08472501249,39581.12482054718,53934.24043270877,60504.21421130809,87033.39702140764,95324.7112017159,23718.876384445557,45153.84278762419,63846.320895867626,84251.85582795856,33693.25502282473,40307.50627613213,48830.9147344724,54921.93707634993,67571.14863717025,74668.25262040304,106579.67332033525,45960.8958958959,40037.035175931574,66258.86071996432,29925.72105476214,42455.909714244706,51735.161022784945,12519.67037664191,26011.831196002233,30533.2249370394,42401.27318296544,50098.08133466517,69447.28306690305,77021.32359347053,17639.57521183881,27621.837254816834,35040.163263542156,45909.976558603215,72409.34360709488,15895.895895895897,0.0
15935.935935935939,10325.318548345887,40709.39033050151,61128.04504871572,86560.13334945455,133633.04865891827,45929.9443841242,60200.991551811734,39581.51739584072,53963.9603311232,60526.549689026964,87090.50789723024,95335.27249458665,23680.83128121477,45162.32534935477,63879.54592247973,84288.23338288668,33672.701458054034,40300.45384532682,48835.56989719383,54953.9562987666,67603.19634543537,74704.87182265366,106622.05814037751,46000.93593593594,40061.510199552424,66274.4257363835,29928.56966447332,42494.43937699879,51773.86283039976,12482.527992980746,26011.976387305924,30536.113326611423,42438.78213777086,50131.464215399596,69484.74791179199,77067.19583594732,17609.090808904064,27620.822353919044,35042.65954010075,45945.684687162786,72442.67854584931,15935.935935935939,0.0
15975.975975975978,10249.513978344221,40710.39415707125,61169.575083552016,86592.81963558812,133673.67312142038,45941.03255168107,60229.94342429491,39581.90826265022,53993.613055791284,60548.87399839063,87147.61891333875,95345.91369775712,23642.780893197883,45170.7829405007,63912.79227899744,84324.61986328001,33652.076939379316,40293.425562177945,48840.196243693106,54985.97616791157,67635.05896923973,74741.70703082398,106664.48701470238,46040.975975975976,40085.95614718171,66290.01982879426,29931.404808101488,42532.97752323264,51812.569620617825,12445.378342370865,26012.12139540873,30538.995830372507,42476.27652183491,50164.72667413956,69522.30470711186,77113.12445668952,17578.577274811607,27619.813969673403,35045.13115580614,45981.42086765658,72476.03270802824,15975.975975975978,0.0
16016.016016016018,10173.699085254484,40711.39390811271,61211.096741045636,86625.46395259994,133714.36232900323,45952.07584228758,60258.940173728435,39582.29743257589,54023.19840187556,60571.18761832641,87204.72847616317,95356.63611910699,23604.72524277011,45179.2156436353,63946.05989079938,84361.0152388112,33631.381627827635,40286.42155098733,48844.793993178755,55017.99641158033,67666.7370831705,74778.75743871418,106706.95994258931,46081.016016016016,40110.37298934352,66305.6430266725,29934.226580325525,42571.52408503256,51851.281366673946,12408.221456767249,26012.266219488523,30541.87246889973,42513.75621373651,50197.86908674004,69559.95296839121,77159.10963402482,17548.03474039367,27618.812050343113,35047.57835173397,46017.18485456751,72509.40601897772,16016.016016016018,0.0
16056.056056056057,10097.87391318987,40712.38960865475,61252.60998219639,86658.06630323443,133755.1162487807,45963.07442467708,60287.98163137898,39582.68491710909,54052.71616465615,60593.49102675162,87261.8349650495,95367.44109460185,23566.66435216698,45187.62354116235,63979.34868344655,84397.41947928016,33610.61568674945,40279.44193112462,48849.363363200224,55050.01675858056,67698.23129968187,74816.02220552776,106749.47692330371,46121.056056056055,40134.76069671634,66321.29535933971,29937.035074955245,42610.078995169984,51889.99804198688,12371.05736789732,26012.41085874168,30544.74326263781,42551.22109098914,50230.891834876806,69597.69220666797,77205.15154635746,17517.463335680466,27617.816544667236,35050.00136646252,46052.97640486152,72542.79840438432,16056.056056056057,0.0
16096.096096096098,10022.038505973658,40713.38128352458,61294.11476825709,86690.62669087207,133795.9348474687,45974.028467572134,60317.06762852396,39583.0707276335,54082.166139565525,60615.78470053037,87318.93673162317,95378.32998893576,23528.598243485547,45196.006715314456,64012.658582683194,84433.83255461289,33589.77928177885,40272.48681709894,48853.90456965321,55082.03693871924,67729.54226850587,74853.50045643578,106792.03795609638,46161.096096096095,40159.1192401339,66336.97685596219,29939.830384940946,42648.64218709347,51928.71962015778,12333.886107263334,26012.555312382814,30547.608231900555,42588.671030027996,50263.7953060071,69635.52192855361,77251.25037215288,17486.863189906435,27616.82740185603,35052.40043609747,46088.79527796287,72576.20979027331,16096.096096096098,0.0
16136.136136136138,9946.192907141813,40714.36895734974,61335.61106073024,86723.14511952794,133836.81809138643,45984.9381396741,60346.19799646204,39583.454875426585,54111.548122224296,60638.06911543056,87376.03209913988,95389.30419618712,23490.526938685653,45204.36524815156,64045.98951443777,84470.25443486118,33568.87258079366,40265.55631863049,48858.41782678565,55114.05668279009,67760.67067603886,74891.19128316667,106834.64304020302,46201.136136136134,40183.44859058615,66352.68754554998,29942.612602382927,42687.21359492064,51967.446074968706,12296.707706144778,26012.69957964448,30550.4673968723,42626.10590619677,50296.57989332995,69673.4416362985,77297.40628992162,17456.234431516554,27615.844571586334,35054.77579429652,46124.641235729396,72609.64010300738,16136.136136136138,0.0
16176.176176176177,9870.3371599456,40715.35265456006,61377.09882136404,86755.62159384975,133877.76594645676,45995.80360965287,60375.372566523314,39583.837371660804,54140.861908477,60660.34474608017,87433.11936182395,95400.36514048654,23452.450459591066,45212.699221559385,64079.341404823856,84506.68509020188,33547.895753875455,40258.6505407216,48862.90334720361,55146.07572256113,67791.61724470346,74929.09374461978,106877.29217484352,46241.17617617617,40207.74871922015,66368.42745695604,29945.381818540816,42725.79315343039,52006.17738038114,12259.522195600523,26012.843659776947,30553.320777609322,42663.52559373463,50329.24599574602,69711.45082785789,77343.61947820325,17425.577188172465,27614.868003996977,35057.12767229386,46160.51404242821,72643.08926928468,16176.176176176177,0.0
16216.216216216217,9794.471307354142,40716.33239938958,61418.57801214892,86788.0561191164,133918.77837820718,46006.62504613663,60404.591170079584,39584.21822740489,54170.10729442866,60682.61206592372,87490.19678419438,95411.51427669704,23414.3688278907,45221.00871724808,64112.714180140945,84543.12449093646,33526.84897326939,40251.76958372739,48867.36134187765,55178.093790761646,67822.38273228848,74967.2068675023,106919.98535922178,46281.21621621621,40232.01959734094,66384.19661887527,29948.138123842826,42764.380798055034,52044.91351053458,12222.329606471223,26012.987552047904,30556.168394041266,42700.9299657629,50361.794017816996,69749.54899695818,77389.89011555021,17394.891586758633,27613.897649684233,35059.456298924495,46196.41346471118,72676.55721613765,16216.216216216217,0.0
16256.256256256258,9718.595392057014,40717.308215878365,61460.04859531383,86820.44870123616,133959.8553517709,46017.4026177019,60433.85363855437,39584.59745362499,54199.28407648123,60704.87154717817,87547.26260037808,95422.75309110628,23376.282065139796,45229.29381675073,64146.107766875466,84579.57260749026,33505.73241334414,40244.91354342639,48871.7920201494,55210.11062106959,67852.96793126687,75005.52964698758,106962.72259252483,46321.25625625626,40256.26119641249,66399.99505984377,29950.881607894873,42802.976464872685,52083.65443974496,12185.129969381545,26013.13125574228,30559.01026597247,42738.31889427178,50394.224369724514,69787.73563316489,77436.21838051133,17364.17775338846,27612.93345969735,35061.76190064842,46232.339271590914,72710.04387093111,16256.256256256258,0.0
16296.296296296297,9642.709456466706,40718.2801278745,61501.51053332265,86852.79934674484,134000.99683188758,46028.13649286347,60463.15980343282,39584.975061186065,54228.3920513712,60727.12366078886,87604.31501341143,95434.08310213135,23338.190192761063,45237.554601421885,64179.52209170138,84616.02941041195,33484.54625055151,40238.08251109029,48876.19558973815,55242.12594809869,67883.37366809355,75044.06104739424,107005.50387392245,46361.2962962963,40280.473488058546,66415.82280823775,29953.612359489613,42841.580090599644,52122.400142503335,12147.923314742358,26013.274770161905,30561.846413083353,42775.69225010684,50426.53746722892,69826.01022195023,77482.60445161533,17333.435813410244,27611.975385534042,35064.04470157457,46268.291234416705,72743.54916136074,16296.296296296297,0.0
16336.336336336337,9566.81354272115,40719.24815903591,61542.963788870846,86885.10806280436,134042.2027829041,46038.826840064736,60492.50949627161,39585.35106085293,54257.43101620702,60749.36887638503,87661.35219452919,95445.50586103485,23300.093232045838,45245.791152436286,64212.957081481174,84652.49487037302,33463.29066338632,40231.27657355384,48880.57225674799,55274.13950738561,67913.60080248408,75082.80000288467,107048.32920256653,46401.33633633634,40304.65644406358,66431.67989227276,29956.330466615305,42880.19161258295,52161.15059347442,12110.70967275291,26013.418094625347,30564.676854931735,42813.04990295551,50458.73373162751,69864.37224476214,77529.0485073539,17302.66589141322,27611.02337913612,35066.30492348469,46304.269126850704,72777.0730154516,16336.336336336337,0.0
16376.376376376376,9490.907692686142,40720.21233283213,61584.40832488173,86917.37485720069,134083.47316877564,46049.473827667854,60521.90254870853,39585.72546329156,54286.40076850704,60771.60766223539,87718.37228244185,95457.02295265332,23261.99120415521,45254.003550787544,64246.41266326657,84688.96895816702,33441.965832345915,40224.49581328392,48884.92222567482,55306.151035376875,67943.65022667541,75121.74541818145,107091.19857759075,46441.37637637638,40328.81003637363,66447.56634000276,29959.036016464648,42918.810968793,52199.90576749511,12073.489073402972,26013.561228467588,30567.501610954154,42850.39172133347,50490.813589712365,69902.82117909357,77575.550726165,17271.868111233423,27610.077392885083,35068.54278585703,46340.27272484435,72810.6153615565,16376.376376376376,0.0
16416.416416416418,9414.991947957755,40721.17267254617,61625.8441045033,86949.59973834245,134124.80795306672,46060.07762394428,60551.33879247215,39586.09827907019,54315.30110623814,60793.84048520311,87775.37338260117,95468.63599613667,23223.884130121158,45262.19187728676,64279.888764299314,84725.45164470919,33420.57193989001,40217.7403084485,48889.24569941371,55338.16026941615,67973.52286467011,75160.896169301,107134.11199810982,46481.41641641642,40352.93423709722,66463.4821793192,29961.729095443425,42957.43809781621,52238.6656395732,12036.261546475056,26013.704171039877,30570.32070046716,42887.71757257079,50522.77747372813,69941.3564985526,77622.11128641563,17241.042595959596,27609.137379597792,35070.7585058898,46376.30180661478,72844.17612835445,16416.416416416418,0.0
16456.456456456457,9339.06634986484,40722.12920127633,61667.27109110457,86981.78271525895,134166.20709895177,46070.63839706526,60580.8180593912,39586.46951866048,54344.13182785442,60816.06781070098,87832.3535664541,95480.3466456994,23185.772030847627,45270.35621256121,64313.38531201193,84761.94290103565,33399.10917040025,40211.01013298501,48893.54287926649,55370.16694773105,68003.21967146517,75200.25110430247,107177.06946321897,46521.45645645646,40377.02901850624,66479.42743795022,29964.409789179117,42996.07293884793,52277.43018488587,11999.027121546369,26013.846921709417,30573.13414266858,42925.02732279826,50554.62582132919,69979.97767293305,77668.73036638452,17210.18946793898,27608.203292522183,35072.95229852455,46412.35615262162,72877.7552448491,16456.456456456457,0.0
16496.496496496497,9263.130939471288,40723.08194193794,61708.68924827235,87013.92379759852,134207.67056921643,46081.15631509255,60610.340181403946,39586.83919243864,54372.89273233637,60838.29010264617,87889.31087068593,95492.1565913824,23147.65492711166,45278.496637053286,64346.902234028355,84798.44269830319,33377.57771013996,40204.30535666844,48897.813964949346,55402.170809420335,68032.74163226664,75239.80904405129,107220.0709719935,46561.4964964965,40401.09435303682,66495.40214345968,29967.078182529334,43034.71543168525,52316.199378778416,11961.785827991007,26013.989479859174,30575.941956638784,42962.32083693321,50586.35907553676,70018.68416828557,77715.40814424498,17179.308848783097,27607.275085333014,35075.124376469306,46448.435545543805,72911.35264036729,16496.496496496497,0.0
16536.536536536536,9187.185757578442,40724.030917265125,61750.09853980786,87046.02299562679,134249.1983262583,46091.63154596915,60639.90499056739,39587.207310686645,54401.583619230456,60860.50782341485,87946.24329645245,95504.06755982523,23109.532839564436,45286.61323101907,64380.43945816487,84834.95100778819,33355.97774721393,40197.62604517883,48902.05915460075,55434.17159444082,68062.08976169166,75279.56878299554,107263.11652348808,46601.536536536536,40425.1302132902,66511.40632324634,29969.734359590217,43073.36551672005,52354.97319676282,11924.537694981933,26014.13184488763,30578.744161341914,42999.597978665624,50617.97768469578,70057.47544698973,77762.14479804697,17148.400859373418,27606.35271212763,35077.27495022157,46484.53977025666,72944.96824455727,16536.536536536536,0.0
16576.57657657658,9111.230844727354,40724.97614981257,61791.49892972363,87078.080320225,134290.79033208807,46102.06425751024,60669.51231906633,39587.573883593184,54430.204288689,60882.721433796614,88003.14880860187,95516.08131504904,23071.405788732387,45294.70607452724,64413.99691243043,84871.46780088647,33334.30947152809,40190.97226016846,48906.27864478949,55466.16904359436,68091.26510295869,75319.52908995432,107306.2061167364,46641.57657657658,40449.13657203365,66527.44000454294,29972.37840370467,43112.02313493205,52393.751614516426,11887.282751492996,26014.274016208576,30581.54077562711,43036.85861044397,50649.48210243121,70096.35096782619,77808.94050569972,17117.465619867093,27605.43612742182,35079.40422809117,46520.668613809125,72978.60198738737,16576.57657657658,0.0
16616.61661661662,9035.266241201152,40725.91766195718,61832.89038223984,87110.09578288802,134332.44654833042,46112.45461739425,60699.16199922237,39587.93892125487,54458.75454151046,60904.93139294881,88060.02533488693,95528.19965924881,23033.273795018227,45302.775247457976,64447.57452502781,84907.99304911261,33312.57307474951,40184.344059328585,48910.47263052265,55498.162898514856,68120.26872706755,75359.68870891632,107349.33975075035,46681.61661661662,40473.11340220126,66543.50321441535,29975.010397470545,43150.688227882056,52432.53460788063,11850.02102630095,26014.415993250866,30584.331818229697,43074.102593460775,50680.87278760465,70135.31018604942,77855.79544495353,17086.50324970248,27604.525286145654,35081.51241622286,46556.821865401114,73012.25379914451,16616.61661661662,0.0
16656.656656656658,8959.291987027307,40726.85547589982,61874.2728617815,87142.06939572292,134374.1669362251,46122.80279315394,60728.85386350271,39588.302433677265,54487.234179179984,60927.13815835056,88116.87076516765,95540.42443359447,22995.136878702,45310.82082950167,64481.17222435375,84944.52672409924,33290.76875026618,40177.74149645562,48914.64130525419,55530.15290165541,68149.10173197075,75400.04635984817,107392.51742451967,46721.65665665666,40497.060676894915,66559.59597976174,29977.630422748683,43189.36073770511,52471.322152859524,11812.752547987402,26014.557775458194,30587.117307772383,43111.32978763844,50712.15020427027,70174.35255346139,77902.70979338192,17055.51386760478,27603.62014363939,35083.599718618825,46592.99931636118,73045.92361043245,16656.656656656658,0.0
16696.6966966967,8883.308121979775,40727.78961366702,61915.64633297511,87174.00117144697,134415.9514566278,46133.108952167764,60758.58774452894,39588.664430775905,54515.64300391044,60949.34218575683,88173.68295060554,95552.75751904138,22956.99505994212,45318.84290015799,64514.78993899992,84981.06879759666,33268.89669314716,40171.16462151692,48918.784860893094,55562.13879627511,68177.76524173646,75440.60073951008,107435.73913701133,46761.6966966967,40520.97836938506,66575.71832731164,29980.238560670896,43228.040607103954,52510.11422561854,11775.477344940704,26014.69936228894,30589.89726276641,43148.54005161462,50743.31482163085,70213.47751848516,77949.68372836345,17024.49759159148,27602.720655649453,35085.66633716095,46629.20076012429,73079.61135217051,16696.6966966967,0.0
16736.73673673674,8807.314685581357,40728.72009711253,61957.010760645426,87205.89112338595,134457.80007001146,46143.37326165116,60788.36347508557,39589.02492237744,54543.98081868354,60971.54392915216,88230.45970284956,95565.20083714752,22918.84835877639,45326.8415387347,64548.42759775343,85017.61924147217,33246.95710010267,40164.6134807161,48922.903487812044,55594.12032642611,68206.26040570562,75481.35052227872,107479.00488716897,46801.73673673674,40544.866453111616,66591.87028362512,29982.834891647806,43266.727779342385,52548.91080248328,11738.195445357978,26014.84075321586,30592.671701612715,43185.7332427277,50774.367113993605,70252.68452623922,77996.71742706318,16993.454538977865,27601.82677832437,35087.71247163291,46665.425992209675,73113.31695559193,16736.73673673674,0.0
16776.77677677678,8731.31171710576,40729.646947919086,61998.36610981256,87237.73926547231,134499.71273646705,46153.59588864818,60818.18088812859,39589.383918220534,54572.24742729144,60993.74384070432,88287.19879321526,95577.75635089881,22880.69679512301,45334.81682434664,64582.08512959741,85054.1780277097,33224.95016944433,40158.08811655787,48926.99737485613,55626.097236941,68234.58839764338,75522.29436097552,107522.31467391216,46841.77677677678,40568.72490168484,66608.05187509194,29985.41949537663,43305.422198238826,52587.71185993809,11700.906877246867,26014.981947725937,30595.440642603044,43222.90921700207,50805.30756072578,70291.9730186123,78043.81106641438,16962.384826382382,27600.938468210818,35089.73831974218,46701.67481019909,73147.0403522423,16776.77677677678,0.0
16816.81681681682,8655.299255579888,40730.57018759997,62039.71234568868,87269.54561224363,134541.68941570466,46163.77700002306,60848.03981679375,39589.74142795699,54600.44263437853,61015.94237071788,88343.89795185703,95590.42606554001,22842.540388781592,45342.76883591476,64615.76246371158,85090.74512840892,33202.87610104561,40151.588567912244,48931.06670935149,55658.0692734193,68262.75041488654,75563.43088769904,107565.66849613626,46881.81681681682,40592.55368888613,66624.26312793068,29987.992450848844,43344.12380815993,52626.51737462486,11663.61166842746,26015.122945320152,30598.204103921096,43260.06782913326,50836.1366462103,70331.34243433835,78090.96482309983,16931.288569732038,27600.05568224969,35091.74407714168,46737.94701371511,73180.78147397832,16816.81681681682,0.0
16856.85685685686,8579.277339785815,40731.48983750069,62081.04943367514,87301.31017884046,134583.73006705477,46173.91676245196,60877.9400944049,39590.09746115267,54628.56624548365,61038.13996758764,88400.55486693537,95603.2120294112,22804.379159434102,45350.69765216497,64649.45952947279,85127.32051578503,33180.73509630229,40145.11487007854,48935.1116771143,55690.036182215204,68290.74767748827,75604.75871466062,107609.06635271138,46921.85685685686,40616.35278866895,66640.50406818792,29990.553836357758,43382.83255401421,52665.32732334174,11626.309846534172,26015.263745513315,30600.96210364359,43297.20893247318,50866.854859801155,70370.79220907226,78138.1788735329,16900.16588426769,27599.17837777217,35093.72993745143,46774.24240439962,73214.54025296595,16856.85685685686,0.0
16896.8968968969,8503.246008263162,40732.40591880039,62122.37733935933,87333.03298100484,134625.83464946915,46184.01534241491,60907.88155448199,39590.452027288535,54656.618067082425,61060.337077751916,88457.1671837795,95616.11633478828,22766.21312664592,45358.60335162735,64683.176256455656,85163.90416216795,33158.527358093255,40138.66705484857,48939.13246245961,55721.99771042423,68318.58142736093,75646.276435022,107652.50824248213,46961.8968968969,40640.12217515959,66656.77472173731,29993.10372950601,43421.548381245884,52704.141683041904,11589.001439017531,26015.404347833814,30603.714659741367,43334.332379014886,50897.46269577878,70410.32177546548,78185.45339383886,16869.016884549328,27598.306512495878,35095.69609227988,46810.560785892514,73248.31662167925,16896.8968968969,0.0
16936.936936936938,8427.205299310895,40733.31845251366,62163.6960285118,87364.7140350784,134668.00312152208,46194.072906187735,60937.8640307492,39590.80513576157,54684.59790662988,61082.53414564581,88513.7325040466,95629.14111872694,22728.042309866716,45366.486012635214,64716.912574432936,85200.49604000205,33136.25309074132,40132.24515056949,48943.12924821058,55753.95360587079,68346.25292741846,75687.98262373346,107695.9941642668,47001.93693693694,40663.86182265809,66673.07511427885,29995.642207212943,43460.27123582866,52742.960430832274,11551.686473145892,26015.5447518234,30606.461790080448,43371.43801937753,50927.96065330539,70449.9305632425,78232.78855983568,16837.841684461277,27597.44004452107,35097.64273124516,46846.90196381058,73282.11051289884,16936.936936936938,0.0
16976.976976976977,8351.155250989643,40734.22745949193,62205.00546708338,87396.35335800062,134710.23544141138,46204.0896198342,60967.887357142776,39591.15679588576,54712.50557260336,61104.73161365419,88570.24838487919,95642.28856390837,22689.86672843147,45374.34571332402,64750.66841337613,85237.09612184536,33113.91249997425,40125.84918220609,48947.10221570737,55785.903617095006,68373.76346071926,75729.87583837197,107739.524116857,47041.97697697698,40687.57170563902,66689.40527133796,29998.16934572193,43499.00106425971,52781.78354397231,11514.364976007335,26015.68495703709,30609.203512423097,43408.5257027911,50958.34923638028,70489.6179992773,78280.18454701474,16806.640397217365,27596.578932326807,35099.570041996056,46883.265745726596,73315.92185971014,16976.976976976977,0.0
17017.01701701702,8275.095901123601,40735.13296042508,62246.30562120202,87427.95096730681,134752.53156695957,46214.065649198266,60997.95136781875,39591.507016893076,54740.34087454576,61126.929922065,88626.71233806174,95655.56089948547,22651.686401561376,45382.18253163058,64784.4437034559,85273.70438036913,33091.50579288608,40119.47917140254,48951.05154481664,55817.847493340494,68401.11432961063,75771.95461997768,107783.098099017,47082.01701701702,40711.251798752346,66705.76521826467,30000.68522060756,43537.73781355366,52820.61099987283,11477.036974511295,26015.824963042855,30611.93984442885,43445.595277081135,50988.62895379507,70529.3835076701,78327.64153052175,16775.41313536607,27595.723134767228,35101.478210232875,46919.65194114858,73349.75059550228,17017.01701701702,0.0
17057.05705705706,8199.027287302637,40736.03497584292,62287.59645717004,87459.50688112664,134794.89145561482,46224.001159896405,61028.05589716065,39591.85580793428,54768.10362310866,61149.12950902201,88683.1218291779,95668.96040192834,22613.501348364796,45389.996545292284,64818.238375042616,85310.32078835735,33069.033177898535,40113.135136543686,48954.9774139406,55849.78498454121,68428.30685487605,75814.21749388802,107826.71610948312,47122.057057057056,40734.90207682423,66722.15498023282,30003.189906782784,43576.48143123665,52859.44277609469,11439.702495390342,26015.964769421516,30614.670803655546,43482.64658865312,51018.800319088994,70569.22650982463,78375.15968513704,16744.160010795567,27594.872611067836,35103.367419728114,46956.06036149917,73383.59665396641,17057.05705705706,0.0
17097.0970970971,8122.949446884235,40736.933526116714,62328.87794146147,87491.02111818203,134837.31506445262,46233.896317310064,61058.20077978703,39592.20317807999,54795.79363009597,61171.33081047776,88739.4742767702,95682.48939586738,22575.3115878382,45397.7878318461,64852.0523587067,85346.94531870609,33046.49486472277,40106.81709281562,48958.88000002643,55881.7158413092,68455.34237488592,75856.66297056832,107870.37814696309,47162.097097097096,40758.522514857905,66738.57458223919,30005.683478505947,43615.23186534052,52898.278850347735,11402.36156520191,26016.104375766496,30617.39640756031,43519.67948247693,51048.86385050407,70609.14642452542,78422.73918525619,16712.881134738796,27594.0273208218,35105.23785234689,46992.49082009535,73417.45996909426,17097.0970970971,0.0
17137.13713713714,8046.862416995566,40737.82863146069,62370.15004071901,87522.49369778563,134879.8023501763,46243.75128657829,61088.38585055884,39592.5491363215,54823.41070850771,61193.53426014671,88795.76705150373,95696.15025493178,22537.11713886704,45405.55646862788,64885.88558521914,85383.57794442307,33023.891064321186,40100.52505226594,48962.75947857578,55913.63981492174,68482.2222447532,75899.28954643788,107914.08421013571,47202.137137137135,40782.11308803444,66755.02404910269,30008.166009387736,43653.98906439703,52937.11920048951,11365.014210329922,26016.243781683675,30620.116673500594,43556.693802071175,51078.8200709406,70649.14266801538,78470.3802048701,16681.57661777841,27593.187223986322,35107.08968806725,47028.9431321282,73451.34047517693,17137.13713713714,0.0
17177.17717717718,7970.766234535306,40738.720311933466,62411.412721751105,87553.92463983866,134922.35326911864,46253.56623259043,61118.610944586755,39592.893691571684,54850.9546725838,61215.7402894578,88851.99747533588,95709.94540258235,22498.918020226694,45413.30253277148,64919.73798555185,85420.21863862712,33001.22198886963,40094.2590238633,48966.616023654075,55945.55665730921,68508.94783549453,75942.0957046909,107957.83429764994,47242.17717717718,40805.67377171359,66771.50340546359,30010.63757239806,43692.75297743219,52975.96380452411,11327.660456986458,26016.382986791163,30622.8316187351,43593.68938948733,51108.66950791238,70689.21465407376,78518.08291754535,16650.246569851726,27592.352280879073,35108.9231050003,47065.41711464297,73485.23810680312,17177.177177177182,0.0
17217.217217217218,7894.660936175762,40739.60858743956,62452.66595152959,87585.31396482933,134964.967777243,46263.34131997888,61148.87589723834,39593.236852665905,54878.425337848195,61237.94932750752,88908.16282069377,95723.87731293625,22460.714250583325,45421.02610120812,64953.60949087812,85456.86737454767,32978.48785171978,40088.01901355646,48970.44980790015,55977.466121042264,68535.5205331978,75985.0799161107,108001.62840812455,47282.21721721722,40829.20454143461,66788.01267578261,30013.098239872816,43731.5235539606,53014.81264060103,11290.300331213424,26016.52199071917,30625.541260424798,43630.66608529392,51138.412693502236,70729.36179409397,78565.84749640421,16618.891100255656,27591.52245217453,35110.738279410056,47101.91258651913,73519.15279885783,17217.21721721722,0.0
17257.257257257257,7818.54655836464,40740.49347773079,62493.909697186675,87616.66169383095,135007.64583014423,46273.07671311213,61179.18054414513,39593.578628362826,54905.82252115303,61260.16180101267,88964.26030966207,95737.94851158117,22422.505848494802,45428.72725066544,64987.50003257297,85493.52412552407,32955.68886736184,40081.805024332745,48974.26100253574,56009.36795931972,68561.94173819727,76028.24063987704,108045.46654014745,47322.25725725726,40852.705372917044,66804.55188434021,30015.548083520604,43770.30074397992,53053.665687014,11252.933858884146,26016.660793109808,30628.245615633834,43667.62372856028,51168.05016431752,70769.5834971618,78613.67411410445,16587.510317651504,27590.69769890055,35112.53538573327,47138.42936845096,73553.08448652101,17257.25725725726,0.0
17297.297297297297,7742.423137326983,40741.37500240776,62535.1439260123,87647.9678485,135050.38738305023,46282.77257608774,61209.52472120957,39593.91902734535,54933.14604072293,61282.37813426324,89020.28711318289,95752.16157637746,22384.292832411542,45436.40605766696,65021.40954221347,85530.18886500534,32932.825251387396,40075.61705627609,48978.04977737511,56041.26192595629,68588.21286425677,76071.57632436522,108089.34869227505,47362.2972972973,40876.17624206154,66821.12105523577,30017.987174429352,43809.084497965414,53092.52292219983,11215.56106570494,26016.799393616875,30630.944701330507,43704.56215684062,51197.58246144576,70809.87917013383,78661.56294281938,16556.104330069822,27589.87798243476,35114.31459659889,47174.96728292789,73587.03310526596,17297.2972972973,0.0
17337.33733733734,7666.290709067078,40742.2531809212,62576.368605451484,87679.23245107452,135093.19239082307,46292.429072725514,61239.90826461183,39594.25805822134,54960.39571619949,61304.598749075354,89076.24035027096,95766.51913824485,22346.07522067739,45444.06259853133,65055.33795157918,85566.8615665494,32909.89722045266,40069.45510662416,48981.81630083469,56073.147775370155,68614.33533776192,76115.08540793664,108133.27486303177,47402.33733733734,40899.617124950666,66837.72021238667,30020.41558307284,43847.874766864494,53131.384324737344,11178.181977216755,26016.93779190575,30633.638534388163,43741.48120615767,51227.01013041042,70850.24821771585,78709.51415421741,16524.673244915135,27589.063264501194,35116.07608284752,47211.52615421536,73620.9985908581,17337.33733733734,0.0
17377.37737737738,7590.149309370325,40743.12803257337,62617.58370310161,87710.45552437197,135136.0608079601,46302.04636656081,61270.33101081657,39594.595729524604,54987.57136868576,61326.82406474417,89132.1170872461,95781.02388193147,22307.8530315305,45451.69694937163,65089.285192652445,85603.54220382281,32886.90499224193,40063.31916982538,48985.56073994271,56105.02526257119,68640.31059692212,76158.76631971954,108177.24505090936,47442.37737737738,40923.027997849684,66854.3493795277,30022.833379317184,43886.671502091434,53170.24987334614,11140.79661879666,26017.075987653167,30636.327131586142,43778.38071098632,51256.33372112688,70890.69004254122,78757.52791944177,16493.217168970703,27588.253507166806,35117.82001355053,47248.10580833585,73654.9808793535,17377.37737737738,0.0
17417.41741741742,7513.998973804995,40743.99957651949,62658.78918671005,87741.63709178759,135178.9925885953,46311.62462083793,61300.792796579495,39594.93204971557,55014.6728207909,61349.05449799693,89187.91433698637,95795.67854676255,22269.62628310413,45459.30918609466,65123.251197618694,85640.23075059992,32863.848785431335,40057.20923759495,48989.283260348864,56136.8941431484,68666.14009098284,76202.61748037956,108221.25925436628,47482.41741741742,40946.40883720734,66871.00858021008,30025.240632427194,43925.47465552206,53209.11954688559,11103.40501565945,26017.213980547083,30639.01050961065,43815.260504237085,51285.55378785831,70931.20404524976,78805.60440908995,16461.736208403163,27587.448672838065,35119.54655602912,47284.70607304973,73688.97990709734,17417.41741741742,0.0
17457.457457457458,7437.839737724138,40744.86783176904,62699.98502417114,87772.77717729252,135221.98768650065,46321.16399850359,61331.29345895387,39595.2670271822,55041.699896674574,61371.290462945966,89243.62905820439,95810.48592736517,22231.39499342751,45466.8993844005,65157.23589886668,85676.92718076271,32840.72881965305,40051.12529897062,48992.98402633415,56168.75417325858,68691.82527944923,76246.6373028795,108265.3174718273,47522.45745745746,40969.75961965665,66887.6978378008,30027.637411072694,43964.284179488575,53247.99332435364,11066.007192859095,26017.351770286463,30641.688685055648,43852.120417239596,51314.67088917218,70971.78962456621,78853.7437931932,16430.230468767182,27586.64872425763,35121.2558758731,47321.32677783683,73722.99561072272,17457.457457457458,0.0
17497.4974974975,7361.671636267318,40745.73281718724,62741.1711835241,87803.87580543183,135265.04605508706,46330.66466220058,61361.83283529691,39595.600670240754,55068.65242209207,61393.532371041976,89299.258154751,95825.44887436667,22193.159180426694,45474.467619781695,65191.239228989,85713.63146830013,32817.5453154595,40045.067340367576,48996.66320082042,56200.60510961381,68717.36763132128,76290.82419322737,108309.41970168258,47562.4974974975,40993.0803220157,66904.4171754818,30030.023783334756,44003.100026774395,53286.871184885844,11028.603175290289,26017.48935658118,30644.36167442376,43888.9602797259,51343.68558789648,71012.446177379,78901.94624119592,16398.700055010057,27585.853624501004,35122.948136959574,47357.96775387779,73757.0279271491,17497.497497497498,0.0
17537.53753753754,7285.49470436242,40746.59455149618,62782.34763295014,87834.93300132279,135308.167647406,46340.126774261495,61392.41076327604,39595.932987136555,55095.530224438655,61415.78063102719,89354.79847494833,95840.57029506187,22154.918861925325,45482.0139675227,65225.26112078204,85750.34358730746,32794.29849428819,40039.03534563302,49000.32094538027,56232.44670947019,68742.7686243413,76335.17655121234,108353.56594228727,47602.53753753754,41016.37092128841,66921.16661624913,30032.399816711855,44041.92215060906,53325.75310775416,10991.192987689905,26017.62673915179,30647.02949412709,43925.77991981353,51372.59845107646,71053.1730988191,78950.21192193471,16367.145071476265,27585.063336973246,35124.62350147136,47394.62883403569,73791.07679358094,17537.537537537537,0.0
17577.57757757758,7209.308976727418,40747.45305327633,62823.51434077022,87865.94879065294,135351.35241615062,46349.55049670255,61423.02708087502,39596.2639860448,55122.333132794345,61438.03564888882,89410.24681095741,95855.8531540473,22116.674055645497,45489.53850269948,65259.30150724653,85787.06351198608,32770.98857842666,40033.02929609998,49003.95742024676,56264.27873061574,68768.02974425437,76379.69277112826,108397.75619196102,47642.57757757758,41039.63139466529,66937.94618291229,30034.765578125927,44080.75050466331,53364.63907236591,10953.776654638474,26017.763917729444,30649.692160488125,43962.57916398875,51401.41004993148,71093.96978233875,78998.5410036177,16335.565621911961,27584.277825405683,35126.28212991532,47431.309852838036,73825.14214750654,17577.577577577576,0.0
17617.61761761762,7133.114487872095,40748.30834096777,62864.671275442284,87896.92319967823,135394.6003136572,46358.93599121756,61453.68162640005,39596.593675071315,55149.06097796879,61460.29782781256,89465.59989818317,95871.300473817,22078.424779208537,45497.04130017872,65293.36032158758,85823.79121664274,32747.615790977932,40027.049170640574,49007.57278432313,56296.10093135909,68793.15248408166,76424.37124248345,108441.99044898707,47682.617617617616,41062.86171952422,66954.7558980934,30037.121133928413,44119.585043044055,53403.529058262764,10916.354200561665,26017.900892055644,30652.349689740528,43999.35783708938,51430.12095981209,71134.83561978987,79046.93365380366,16303.96180946947,27583.49705385272,35127.92418114042,47468.01064645864,73859.22392669636,17617.617617617616,0.0
17657.65765765766,7056.91127209974,40749.16043287146,62905.81840555917,87927.85625522114,135437.91129190614,46368.283419171996,61484.37423848566,39596.92206225329,55175.713592545704,61482.56756813634,89520.85441472146,95886.91533531615,22040.171050135792,45504.52243461754,65327.437497215076,85860.52667568928,32724.18035582604,40021.09494571872,49011.16719519262,56327.91307051768,68818.13834340834,76469.21035069771,108486.26871161179,47722.65765765766,41086.06187343123,66971.59578422643,30039.46654990616,44158.425720289495,53442.42304511966,10878.925649731584,26018.037661882146,30655.002098030003,44036.115762287765,51458.73176015739,71175.77000150317,79095.39003938093,16272.333736711704,27582.720986688637,35129.54981235566,47504.731052699986,73893.32206920168,17657.65765765766,0.0
17697.6976976977,6980.6993635089275,40750.00934715059,62946.95569984568,87958.7479846688,135481.2853025237,46377.592941597155,61515.10475610054,39597.24915556008,55202.29081092762,61504.84526730409,89576.00698085225,95902.70087844899,22001.912885849422,45511.98198046271,65361.53296774367,85897.2698636419,32700.68249760229,40015.16659544221,49014.7408091283,56359.714907406764,68842.9888276849,76514.20847778441,108530.59097804426,47762.6976976977,41109.23183414122,66988.46586355648,30041.80189128732,44197.27249136435,53481.32101274373,10841.491026268315,26018.17422697079,30657.649401415092,44072.85276107349,51487.24303445265,71216.77231636639,79143.9103265464,16240.681505616543,27581.94958860438,35131.15917914785,47541.47091097543,73927.4365133535,17697.6976976977,0.0
17737.737737737738,6904.478795995161,40750.855101831796,62988.083127156686,87989.59841597111,135524.72229678294,46386.86471918445,61545.873018553284,39597.574962893865,55228.79246938038,61527.13131981989,89631.05415858368,95918.66030253543,21963.650303673207,45519.42001195048,65395.64666699324,85934.02075512082,32677.12244165141,40009.26409161417,49018.29378110265,56391.50620182768,68867.7054475434,76559.36400301874,108574.95724645526,47802.73773773774,41132.37157959874,67005.366158139,30044.127222747105,44236.12531165508,53520.2229410733,10804.05035414128,26018.310587093365,30660.291615867995,44109.56865323603,51515.65537018722,71257.84195190307,79192.4946807843,16209.00521758122,27581.182824604504,35132.752435499155,47578.23006229193,73961.56719776092,17737.737737737738,0.0
17777.777777777777,6828.249603252505,40751.6977148064,63029.2006564745,88020.40757763892,135568.22222560548,46396.098912279806,61576.678865497975,39597.89949209046,55255.218406077474,61549.426117202136,89685.99245125146,95934.79686671178,21925.383320833254,45526.83660310584,65429.778528988914,85970.77932484975,32653.500413998445,40003.38740378396,49021.82626479752,56423.286714056754,68892.28971812871,76604.67530359101,108619.36751497694,47842.77777777778,41155.48108793871,67022.29668983907,30046.44260841355,44274.98413696518,53559.12881017683,10766.603657170614,26018.44674203143,30662.92875727536,44146.263256847255,51543.96935881269,71298.97829435089,79241.14326684517,16177.304973426599,27580.420660004016,35134.32973380451,47615.008349232725,73995.71406130989,17777.777777777777,0.0
17817.81781781782,6752.011818775303,40752.53720383169,63070.30825690644,88051.17549874194,135611.78503956244,46405.29568087812,61607.522136939704,39598.22275091997,55281.56846114461,61571.730047938065,89740.81830317942,95951.11389027139,21887.111954458825,45534.23182774224,65463.92848796127,86007.54554765552,32629.816641315796,39997.53649929748,49025.33841261387,56455.05620483447,68916.74315844472,76650.14075524485,108663.82178170227,47882.81781781782,41178.560337487186,67039.25748033063,30048.748111873134,44313.84892351052,53598.03860025198,10729.150959028451,26018.582691576183,30665.56084143906,44182.93638824401,51572.18559570143,71340.1807287398,79289.85624872457,16145.580873401475,27579.66306042533,35135.89122488881,47651.80561594022,74029.87704316196,17817.81781781782,0.0
17857.85785785786,6675.765475859767,40753.37358653217,63111.40589768268,88081.90220890714,135655.41068887615,46414.455184617924,61638.402673239936,39598.54474708754,55307.84247670375,61594.0434974385,89795.52809940548,95967.61475293835,21848.83622158304,45541.60575946109,65498.09647834647,86044.3193984673,32606.071350890685,39991.71134334683,49028.83037568137,56486.81443535409,68941.06729071621,76695.75873290021,108708.32004468418,47922.85785785786,41201.6093067621,67056.24855109576,30051.04379617641,44352.71962791482,53636.95229162449,10691.692283240405,26018.718435528335,30668.187884076997,44219.58786201032,51600.30468010535,71381.44863897048,79338.63378964171,16113.833017186773,27578.909991795215,35137.43705802396,47688.62170809916,74064.05608275278,17857.85785785786,0.0
17897.8978978979,6599.510607605596,40754.206880400685,63152.49354815387,88112.5877383166,135699.0991234212,46423.57758277604,61669.32031512186,39598.86548823397,55334.040296917025,61616.36684799277,89850.11816547962,95984.30289507027,21810.556139143657,45548.958471651305,65532.282434786495,86081.10085231642,32582.264770592923,39985.911899019404,49032.30230386834,56518.561167251115,68965.26363976636,76741.52761126058,108752.86230193509,47962.8978978979,41224.62797447393,67073.26992342397,30053.32972384348,44391.59620720504,53675.86986474728,10654.227653186757,26018.85397369792,30670.80990082384,44256.21749095972,51628.32721511513,71422.78140789215,79387.47605201819,16082.061503899775,27578.161420341818,35138.967380945774,47725.45647291986,74098.25111979067,17897.8978978979,0.0
17937.93793793794,6523.247246917592,40755.03710279968,63193.57117778873,88143.23211770567,135742.85029272625,46432.663034262434,61700.27490367551,39599.18498193656,55360.161768031,61638.700478724124,89904.58476733882,96001.18181778335,21772.27172398379,45556.29003748906,65566.48629212925,86117.8898843358,32558.39712884318,39980.13812734632,49035.754345791225,56550.29616259213,68989.33373241003,76787.44576540476,108797.44855142619,48002.93793793794,41247.616319526525,67090.32161841141,30055.60595686949,44430.47861880699,53714.7913001994,10616.757092103853,26018.98930590418,30673.426907231773,44292.82508611735,51656.253807619694,71464.17841738038,79436.38319745661,16050.266432098268,27577.41731259166,35140.48233987065,47762.30975912165,74132.46209425577,17937.93793793794,0.0
17977.97797797798,6446.9754265072625,40755.86427096244,63234.63875617205,88173.83537836123,135786.664145975,46441.7116976151,61731.26628036288,39599.503235709606,55386.20673841986,61661.04476554507,89958.92411126538,96018.25508299407,21733.98299285267,45563.6005299373,65600.7079854286,86154.68646975941,32534.468654581542,39974.38998735037,49039.186648824616,56582.0191838646,69013.27909686338,76833.51157136247,108842.07879108701,48042.97797797798,41270.57432101774,67107.40365696025,30057.87255673,44469.366820540905,53753.71657868507,10579.280623085408,26019.124431975466,30676.03891877128,44329.41045670204,51684.08506826594,71505.63904841471,79485.35538671912,16018.447899784673,27576.6776353667,35141.98207951209,47799.18141691648,74166.68894639802,17977.97797797798,0.0
18018.018018018018,6370.695178894341,40756.68840199415,63275.69625300226,88204.39755211947,135830.54063200785,46450.72373099512,61762.2942870229,39599.82025700522,55412.17505862928,61683.400081113454,90013.13234393485,96035.52631337127,21695.689962406323,45570.890021745385,65634.94744994454,86191.49058392174,32510.47957723641,39968.66743609322,49042.5993591106,56613.72999396593,69037.10126216935,76879.72340667387,108886.75301880464,48083.01801801802,41293.50195824017,67124.51605977784,30060.12958438632,44508.260770617024,53792.6456810327,10541.798269083676,26019.259351749013,30678.645950831837,44365.97341010823,51711.821611419175,71547.16268115616,79534.39277970599,15986.606004410114,27575.942355781455,35143.46674309707,47836.07129799273,74200.93161673662,18018.018018018018,0.0
18058.058058058057,6294.406536408318,40757.509512873134,63316.743638089174,88234.91867136431,135874.4796993232,46459.69929218176,61793.35876587631,39600.13605321394,55438.066581419494,61705.766794788564,90067.20555256013,96052.99919219206,21657.392649208312,45578.15858544881,65669.20462114326,86228.30220225765,32486.430126693933,39962.97042872216,49045.99262156872,56645.4283561933,69060.80175763958,76926.07965093337,108931.47123242317,48123.05805805806,41316.3992106819,67141.65884737617,30062.377100290774,44547.1604276314,53831.57858819395,10504.310052910867,26019.39406507088,30681.24801872265,44402.51375188785,51739.464055123535,71588.7486950243,79583.49553543412,15954.740842878473,27575.211441240033,35144.93647238224,47872.97925549922,74235.1900460581,18058.058058058057,0.0
18098.0980980981,6218.109531190075,40758.32762045197,63357.780881351864,88265.39876902515,135918.481296079,46468.63853856767,61824.45955953043,39600.450631665306,55463.88116180821,61728.145272587775,90121.13976513801,96070.67746309492,21619.091069730453,45585.40629336878,65703.47943469736,86265.1213003015,32462.32053326757,39957.298918516026,49049.36657990534,56677.114034233164,69084.38211231265,76972.57868631657,108976.23342974295,48163.0980980981,41339.26605802713,67158.83204007096,30064.61516439189,44586.06575056153,53870.515281242784,10466.815997240246,26019.528571795796,30683.845137673405,44439.031285732104,51767.01302106309,71630.39646877417,79632.6638120155,15922.852511550394,27574.48485943336,35146.391407669915,47909.90514402917,74269.46417541527,18098.0980980981,0.0
18138.13813813814,6141.804195193305,40759.14274145872,63398.80795281667,88295.83787857532,135962.5453700941,46477.54162715431,61855.59651098383,39600.763999628674,55489.61865711346,61750.535877143506,90174.93095080563,96088.56492972311,21580.7852403535,45592.63321761209,65737.77182648565,86301.94785368688,32438.151027668388,39951.65285693084,49052.7213766235,56708.78679215123,69107.84385442863,77019.21889809163,109021.03960852022,48203.138138138136,41362.10248015697,67176.03565798116,30066.84383613956,44624.97669876227,53909.45574137445,10429.316124607503,26019.66287178699,30686.43732283491,44475.5258134531,51794.469134523126,71672.10538057295,79681.89776663587,15890.941106247268,27573.762578336326,35147.83168782393,47946.84881960471,74303.7539461259,18138.13813813814,0.0
18178.17817817818,6065.490560186048,40759.954892497895,63439.824822614624,88326.23603402979,136006.6718688498,46486.408714547244,61886.76946363093,39601.076164313665,55515.27892699583,61772.938967660426,90228.57502031351,96106.66545525113,21542.475177367844,45599.83943007064,65772.08173259352,86338.78183814618,32413.92184097537,39946.03219364448,49056.057153032336,56740.44639438226,69131.18851092005,77065.9986751139,109065.88976646615,48243.178178178176,41384.90845715005,67193.26972102813,30069.063174490107,44663.89323196162,53948.39994990463,10391.81045741187,26019.79696491613,30689.02458927986,44511.997134965524,51821.83302435203,71713.8748080763,79731.19755553287,15859.006722255172,27573.044566204968,35149.25745028534,47983.81013966122,74338.0592997715,18178.17817817818,0.0
18218.21821821822,5989.168657752212,40760.76409005173,63480.831460979796,88356.59326994352,136050.86073949095,46495.23995695177,61917.97826126644,39601.387132870936,55540.86183350067,61795.35489987339,90282.06782662257,96124.98296178707,21504.16089697421,45607.02500242127,65806.40908931267,86375.62322951006,32389.633204606424,39940.43687660111,49059.37404925668,56772.092605720245,69154.41760691922,77112.91641030447,109110.78390124658,48283.218218218215,41407.68396928322,67210.534248935,30071.273237911304,44702.815310256665,53987.34788826847,10354.299017917398,26019.930851063138,30691.606952003465,44548.445048268004,51849.105322923424,71755.7041285044,79780.56333397485,15827.049454328753,27572.33079157373,35150.66883108796,48020.78896303192,74372.38017819583,18218.21821821822,0.0
18258.25825825826,5912.838519292982,40761.57035048117,63521.827838246805,88386.90962140936,136095.11192882797,46504.03551016851,61949.22274808975,39601.696912392734,55566.3672410998,61817.78402600556,90335.40516563275,96143.52142964397,21465.842415284314,45614.19000612549,65840.75383314147,86412.47200370696,32365.285350289672,39934.86685205467,49062.67220424654,56803.725191308404,69177.53266528179,77159.97050111266,109155.72201048103,48323.25825825826,41430.42899703228,67227.82926122598,30073.474084387337,44741.74289410951,54026.29953801967,10316.78182825404,26020.064530116077,30694.184425924173,44584.86934942475,51876.2866660989,71797.59271871773,79829.99525623907,15795.06939669513,27571.62122325271,35152.06596487366,48057.78514993278,74406.71652350394,18258.25825825826,0.0
18298.2982982983,5836.500176028283,40762.37369002703,63562.81392484894,88417.18512405618,136139.4253833379,46512.7955295891,61980.50276870919,39602.00550991351,55591.79501673287,61840.22669472701,90388.58277705027,96162.2848964713,21427.519748321578,45621.33451242929,65875.11590078467,86449.32813676278,32340.878510035083,39929.3220646121,49065.95175578677,56835.343916629776,69200.53520612666,77207.15934996214,109200.7040917424,48363.2982982983,41453.143521072576,67245.15477722572,30075.665771423704,44780.67594434334,54065.25488082956,10279.258910419012,26020.198001971068,30696.757025884333,44621.26983254672,51903.377693191025,71839.53995529248,79879.49347559028,15763.066643057695,27570.915830324957,35153.44898490765,48094.798561947406,74441.06827806061,18298.2982982983,0.0
18338.33833833834,5760.153658998293,40763.17412481108,63603.78969131601,88447.41981404694,136183.801049166,46521.520170192074,62011.81816814627,39602.31293241058,55617.145029848354,61862.683251113835,90441.59634540165,96181.27745624064,21389.192912021746,45628.458592362746,65909.49522915365,86486.19160480017,32316.412916106565,39923.80245727565,49069.212840506225,56866.94854749733,69223.42674639201,77254.48136468123,109245.73014255604,48403.33833833834,41475.82752227976,67262.51081605858,30077.848356052065,44819.61442213842,54104.213898486196,10241.73028627778,26020.331266532085,30699.32476665083,44657.64628977294,51930.37904692682,71881.5452145954,79929.05814425918,15731.041286599937,27570.214582143766,35154.818023093394,48131.82906201218,74475.43538448907,18338.33833833834,0.0
18378.37837837838,5683.798999064817,40763.97167083707,63644.75510827235,88477.61372807677,136228.23887212743,46530.2095865387,62043.16879183968,39602.61918680462,55642.41715244419,61885.154036607884,90494.44150120206,96200.50325807641,21350.86192223359,45635.56231674007,65943.89175536628,86523.06238403847,32291.888800994486,39918.307971484835,49072.455593887455,56898.538850044795,69246.20879940724,77301.93495891709,109290.80016039938,48443.37837837838,41498.480981730354,67279.89739664803,30080.021894835027,44858.55828902823,54143.1765728935,10204.195977565269,26020.464323710927,30701.887662915775,44693.9985112517,51957.29137341179,71923.60787285876,79978.68941342091,15698.993419989185,27569.517448330054,35156.173209987595,48168.87651440153,74509.81778567002,18378.37837837838,0.0
18418.41841841842,5607.436226912683,40764.76634399178,63685.71014643467,88507.76690337095,136272.73879770833,46538.86393276907,62074.55448564935,39602.92427996033,55667.61125910793,61907.639388976735,90547.11382228551,96219.96650492481,21312.526794719513,45642.645756159196,65978.30541674691,86559.94045079281,32267.30639738849,39912.838547157684,49075.68015027582,56930.114590717174,69268.88287448097,77349.51855253414,109335.91414270102,48483.41841841842,41521.10388070249,67297.31453771592,30082.18644387087,44897.50750689565,54182.142886070316,10166.656005887071,26020.59717342702,30704.445729297124,44730.32628512176,51984.115322094396,71965.72730625438,80028.38743317354,15666.923135380363,27568.824398769717,35157.51467481486,48205.94078471329,74544.21542474016,18418.41841841842,0.0
18458.45845845846,5531.065373051191,40765.55816004616,63726.65477661028,88537.87937768301,136317.30077106782,46547.483362598134,62105.975095860325,39603.22821868703,55692.727227056384,61930.139642274415,90599.60883530483,96239.67145205272,21274.18754515626,45649.70898100171,66012.7361508265,86596.82578147398,32242.66593815086,39907.39412273138,49078.88664288912,56961.6755362617,69291.45047650477,77397.23057199713,109381.07208684046,48523.45845845846,41543.696200676495,67314.76225778196,30084.34205879822,44936.46203796913,54221.11282014957,10129.110392720406,26020.729815607345,30706.99898033933,44766.62939749326,52010.85154573082,72007.90289096761,80078.15235251663,15634.83052441967,27568.135403611024,35158.84254548225,48243.02173985449,74578.628245091,18458.45845845846,0.0
18498.4984984985,5454.686467815416,40766.34713465624,63767.588969694814,88567.9511892928,136361.92473703917,46556.06802931195,62137.430469186555,39603.53100973916,55717.76493617505,61952.65512680259,90651.92201740925,96259.62240536948,21235.84418913549,45656.75206143272,66047.18389534234,86633.71835258792,32217.967656290195,39901.974635202416,49082.07520382663,56993.22145371868,69313.91310557231,77445.06945073814,109426.27399014717,48563.4984984985,41566.257923335594,67332.2405751629,30086.488794800684,44975.42184481895,54260.08635737736,10091.559159415465,26020.862250186314,30709.54743051397,44802.90763242885,52037.50070035034,72050.13400327084,80127.98431932976,15602.715678248258,27567.45043326203,35160.15694859371,48280.11924802695,74613.05619036756,18498.4984984985,0.0
18538.538538538538,5378.299541367691,40767.13328336429,63808.51269667054,88597.98237700455,136406.61064013152,46564.618085763934,62168.920452774604,39603.83265981691,55742.7242690567,61975.186169072316,90704.04879810661,96279.82371956308,21197.49674216447,45663.77506740064,66081.64858823825,86670.61814073517,32193.211784935436,39896.58002016604,49085.24596407848,57024.75211041269,69336.27225661419,77493.0336295088,109471.51984990004,48603.53853853854,41588.789030566484,67349.74950797205,30088.626706611405,45014.386890353526,54299.06348011215,10054.002327196209,26020.99447710564,30712.091094220355,44839.16077192455,52064.0634452213,72092.42001959642,80177.88348035119,15570.57868750586,27566.769458388084,35161.45800946425,48317.23317871317,74647.49920446717,18538.538538538538,0.0
18578.57857857858,5301.90462369884,40767.916621599674,63849.4259286041,88627.97298014477,136451.35842453118,46573.13368437126,62200.44489420732,39604.133175566756,55767.60511103974,61997.73309176641,90755.9845613183,96300.27979604455,21159.145219666665,45670.77806863704,66116.13016766435,86707.52512261055,32168.398557310426,39891.21021185518,49088.39905353487,57056.26727394377,69358.52941904761,77541.12155671725,109516.80966332671,48643.578578578585,41611.28950446002,67367.28907411857,30090.75584851758,45053.35713781574,54338.04417082384,10016.439917161788,26021.126496314242,30714.62998578616,44875.38859589064,52090.54044281716,72134.76031660929,80227.8499811565,15538.419642334386,27566.092449909247,35162.74585213415,48354.36340266251,74681.95723153828,18578.57857857858,0.0
18618.61861861862,5225.501744629648,40768.69716468002,63890.32863664494,88657.92303856055,136496.16803410355,46581.61497711134,62232.00364150728,39604.43256358203,55792.40735024586,62020.29621370242,90807.72464763353,96320.995080692,21120.789636982383,45677.761134656605,66150.62857197701,86744.4392750026,32143.5282067088,39885.86514317879,49091.534600995175,57087.76671217868,69380.68607644146,77589.33168874995,109562.14342760306,48683.618618618624,41633.759327311825,67384.8592913068,30092.876274364917,45092.33255077933,54377.028412093,9978.871950287292,26021.258307768127,30717.164119468016,44911.59088213252,52116.932358783604,72177.1542712791,80277.88396613719,15506.238632381506,27565.41937899781,35164.020599382755,48391.50979187735,74716.4302159792,18618.61861861862,0.0
18658.65865865866,5149.090933812069,40769.4749278121,63931.22079202294,88687.8325926173,136541.03941239425,46590.06211551834,62263.59654314032,39604.730830403394,55817.130877617354,62042.875849796255,90859.26435677026,96341.9740613887,21082.430009369353,45684.72433475705,66185.14373973892,86781.36057479332,32118.600966469312,39880.54474575962,49094.65273417711,57119.25019324265,69402.74370619557,77637.66249027936,109607.52113985238,48723.65865865866,41656.19848162287,67402.4601770358,30094.98803756205,45131.313093145334,54416.01618660994,9941.298447425092,26021.389911430277,30719.69350945212,44947.76740633148,52143.23986190549,72219.6012609519,80327.98557847965,15474.035746804171,27564.750217075856,35165.28237274239,48428.672219599415,74750.91810243679,18658.65865865866,0.0
18698.6986986987,5072.672220730616,40770.24992609283,63972.10236604714,88717.70168319713,136585.97250263105,46598.4752506799,62295.223448018805,39605.027982519525,55841.77558695359,62065.47231102639,90910.59895024906,96363.22126534753,21044.06635200339,45691.667738018914,66219.67560971883,86818.28899895755,32093.617069951462,39875.24894997134,49097.7535797258,57150.71748551077,69424.7037792351,77686.11243455662,109652.94279714505,48763.6986986987,41678.60695010016,67420.09174859854,30097.09119108488,45170.29872913861,54455.00747717391,9903.719429305678,26021.521307270552,30722.218169854816,44983.917942025364,52169.4636240749,72262.10066342112,80378.1549601437,15441.81107427212,27564.08493581278,35166.53129251192,48465.85056029639,74785.42083580547,18698.6986986987,0.0
18738.738738738743,4996.245634703668,40771.02217451034,64012.973330103094,88747.5303516965,136630.9672477252,46606.85453323378,62326.88420550496,39605.32402636748,55866.34137494702,62088.08590439873,90961.72365428632,96384.74125621666,21005.698679978937,45698.59141330559,66254.22412089157,86855.22452456264,32068.576750511704,39869.97768497522,49100.837263222755,57182.16835759995,69446.56775971879,77734.6800036904,109698.40839649746,48803.73873873874,41700.984715657265,67437.75402308148,30099.185787480914,45209.289423304224,54494.00226669235,9866.13491653878,26021.65249526555,30724.738114723175,45020.04226058937,52195.60432025922,72304.65185699842,80428.3922518417,15409.564702971364,27563.423507122898,35167.767477770256,48503.04468964845,74819.93836122578,18738.738738738743,0.0
18778.778778778782,4919.811204884696,40771.79168794477,64053.8336556517,88777.3186400246,136676.02359027305,46615.20011336479,62358.578665413996,39605.61896833332,55890.82814121875,62110.716932912306,91012.63366291228,96406.5386309597,20967.32700830973,45705.49542926319,66288.78921243784,86892.16712876802,32043.480241479938,39864.73087875611,49103.90390919492,57213.60257836072,69468.33710476125,77783.36368891175,109743.91793487169,48843.77877877878,41723.33176141497,67455.44701736383,30101.27187887349,45248.285140504195,54533.000538179884,9828.544929614432,26021.783475398555,30727.253358035592,45056.14013121668,52221.66262847,72347.25422058377,80478.69759301734,15377.29672060763,27562.76590316303,35168.99104638971,48540.25448453521,74854.47062408322,18778.778778778782,0.0
18818.81881881882,4843.3689602635895,40772.558481169384,64094.683314227004,88807.06659060116,136721.14147255768,46623.5121408016,62390.30667801722,39605.91281475263,55915.23578835299,62133.36569552553,91063.32414131897,96428.61801650628,20928.951351929343,45712.37985432056,66323.37082374419,86929.11678882473,32018.327776136353,39859.508458157885,49106.95364112357,57245.01991686939,69490.01326416919,77832.16199082526,109789.47140917485,48883.81881881882,41745.648070701835,67473.17074811699,30103.349516965995,45287.28584591393,54572.00227475772,9790.94948890392,26021.9142476594,30729.76391370233,45092.211320899005,52247.63922973219,72389.90713373479,80529.07112182483,15345.007214409761,27562.11209633015,35170.20211504916,48577.47982302257,74889.01757000718,18818.81881881882,0.0
18858.85885885886,4766.918929667943,40773.32256885142,64135.52227743442,88836.77424635459,136766.32083655053,46631.79076481379,62422.06809404507,39606.205571911,55939.564221931614,62156.03248712313,91113.79022944259,96450.98406616817,20890.57172569177,45719.244756689295,66357.96889440282,86966.073482075,31993.11958768883,39854.31034891844,49109.98658145314,57276.42014242028,69511.59768019084,77881.07341964685,109835.0688162582,48923.85885885886,41767.93362705482,67490.92523180404,30105.418753046037,45326.291505019006,54611.00745965268,9753.34861466079,26022.04481204435,30732.269795566102,45128.255594407354,52273.534808053824,72432.60997673625,80579.51297510794,15312.696271133109,27561.462059259044,35171.40079924714,48614.720584349954,74923.5791448696,18858.85885885886,0.0
18898.8988988989,4690.46114176423,40774.08396555304,64176.35051694883,88866.4416507199,136811.56162391286,46640.036134208945,62453.862764689955,39606.49724604454,55963.81335056723,62178.71759848406,91164.027045784,96473.64145581689,20852.188144372027,45726.090204363456,66392.58336421158,87003.03718595178,31967.85590925061,39849.136475703985,49113.00285160014,57307.803024517896,69533.09178727872,77930.09649542844,109880.71015291687,48963.8988988989,41790.188414219825,67508.71048467909,30107.479637989538,45365.30208361175,54650.016076196516,9715.742327021875,26022.17516855603,30734.771017402607,45164.27271427245,52299.35005039642,72475.36213066822,80630.02328837913,15280.363977062882,27560.81576481997,35172.5872133147,48651.976648917385,74958.15529478392,18898.8988988989,0.0
18938.93893893894,4613.995625059106,40774.84268573231,64217.168004513165,88896.0688476369,136856.8637759975,46648.24839732976,62485.69054160918,39606.78784334035,55987.98308593605,62201.421316249856,91214.02969146988,96496.59487982068,20813.800622666746,45732.916265119944,66427.21417317359,87040.00787797861,31942.536973818456,39843.986762142784,49116.00257196186,57339.16833286971,69554.49701186523,77979.22974826983,109926.39541588898,49003.93893893894,41812.41241615228,67526.52652278668,30109.532222264803,45404.31754778805,54689.02810782503,9678.130646008201,26022.305317203332,30737.2675929211,45200.26244076549,52325.08564664566,72518.16297747406,80680.60219579903,15248.010418017482,27560.17318611638,35173.76147042821,48689.24789827304,74992.74596610382,18938.93893893894,0.0
18978.97897897898,4537.52240790064,40775.59874374397,64257.974711936025,88925.65588154798,136902.22723385043,46656.427702051304,62517.551276927676,39607.07736993709,56012.07334281002,62224.143922894065,91263.79325455701,96519.84904673876,20775.409175194683,45739.723006518216,66461.86126149734,87076.98553576873,31917.163014251077,39838.86113085848,49118.9858619251,57370.515837378596,69575.81477215081,78028.47171851798,109972.12460185494,49043.97897897898,41834.60561701771,67544.37336196128,30111.576555936543,45443.33786394408,54728.043538077334,9640.51359152608,26022.435258001264,30739.759535764904,45236.22453187851,52350.74228958263,72561.0119000279,80731.24983015566,15215.635679351772,27559.534296482656,35174.92368262194,48726.53421510065,75027.35110542196,18978.97897897898,0.0
19019.01901901902,4461.041518479447,40776.35215384053,64298.770611090506,88955.20279739634,136947.65193821216,46664.57419577839,62549.44482324063,39607.365831925374,56036.08403908808,62246.88569669222,91313.31281458,96543.40867477137,20737.013816497347,45746.51049590038,66496.52456959634,87113.97013702497,31891.734263248152,39833.75950350278,49121.952839874866,57401.84530813571,69597.04647790443,78077.82095695421,110017.89770743699,49084.01901901902,41856.76800119231,67562.25101782671,30113.612688669844,45482.36299877312,54767.06235059507,9602.891183367949,26022.564990970925,30742.246859511994,45272.15874330513,52376.320674855626,72603.90828220124,80781.96632284422,15183.239845960368,27558.89906948182,35176.0739608006,48763.83548320728,75061.97065956896,19019.01901901902,0.0
19059.059059059062,4384.5529848300175,40777.10293017306,64339.55567391221,88984.70964062391,136993.13782951992,46672.68802544293,62581.37103361614,39607.65323534833,56060.01509582675,62269.64691169279,91362.58344734265,96567.27848696674,20698.614561039518,45753.27880039122,66531.20403808905,87150.96165953929,31866.250953329447,39828.68180078748,49124.90362320295,57433.1565154134,69618.19353027605,78127.27602496938,110063.71472919846,49124.05905905906,41878.899553263465,67580.1595057956,30115.64066973408,45521.3929192624,54806.084529121654,9565.263441213341,26022.69451613935,30744.729577675465,45308.06482842103,52401.82150095247,72646.85150892913,80832.75180384642,15150.823002280866,27558.26747890339,35177.2124147516,48801.15158751108,75096.60457561213,19059.059059059062,0.0
19099.0990990991,4308.0568348317975,40777.85108679202,64380.32987239733,89014.17645716942,137038.6848479086,46680.76933750142,62613.32976159768,39607.939586202025,56083.866437269855,62292.42783768888,91411.60022995116,96591.4632061853,20660.211423209796,45760.02798689832,66565.89960779867,87187.96008119232,31840.71331681473,39823.62794251629,49127.838328316546,57464.449229658494,69639.25732162072,78176.83549472742,110109.57566364322,49164.0990990991,41901.00025803032,67598.09884106879,30117.660548006803,45560.427592689986,54845.11005750141,9527.63038462989,26022.823833539453,30747.207703704105,45343.94253826452,52427.245469173125,72689.8409662758,80883.60640171038,15118.38523229704,27557.63949876108,35178.33915315735,48838.48241402919,75131.25280085442,19099.0990990991,0.0
19139.13913913914,4231.55309621042,40778.596637648334,64421.09317860121,89043.60329346631,137084.2929332129,46688.81827793256,62645.32086120658,39608.22489043598,56107.637990877825,62315.228740190745,91460.35824608714,96615.96754982574,20621.804417321204,45766.758122112,66600.61121975294,87224.96537995299,31815.121585803674,39818.59784761567,49130.75707064661,57495.72322148508,69660.23923533416,78226.4979493174,110155.48050721487,49204.13913913914,41923.07010050432,67616.06903863483,30119.672371977587,45599.466986621694,54884.138919679,9489.99203307417,26022.952943209915,30749.681250982874,45379.79162151725,52452.59328360316,72732.87604149945,80934.53024353062,15085.926619542026,27557.0151032907,35179.45428360726,48875.82784986593,75165.91528283322,19139.13913913914,0.0
19179.17917917918,4155.041796538859,40779.33959659401,64461.845564636606,89072.99019644094,137129.9620249688,46696.83499223483,62677.34418694435,39608.50915395357,56131.329687355494,62338.04988039927,91508.85259151517,96640.7962243141,20583.393557611642,45773.4692725054,66635.33881518398,87261.97753387813,31789.47599215637,39813.591434165544,49133.65996465657,57526.97826166854,69681.1406456993,78276.26198289501,110201.42925629622,49244.17917917918,41945.109065909724,67634.07011326945,30121.6761897518,45638.511068908076,54923.17109969848,9452.348405892648,26023.08184519511,30752.150232833454,45415.61182448471,52477.86565108724,72775.95612311651,80985.52345492788,15053.447247101496,27556.39426694797,35180.5579126097,48913.18778320095,75200.59196931908,19179.17917917918,0.0
19219.219219219223,4078.5229632386,40780.07997738321,64502.587002671935,89102.33721351031,137175.69206241515,46704.81962542425,62709.399593794966,39608.79238261255,56154.94146067993,62360.89151518015,91557.07837982052,96665.95391936449,20544.97885824452,45780.161504334625,66670.08233552804,87298.996521112,31763.77676747426,39808.60861942924,49136.54712385045,57558.21412113863,69701.96291774366,78326.12620081283,110247.42190720863,49284.219219219216,41967.11713968414,67652.10207953508,30123.672049054367,45677.559807681406,54962.206581702674,9414.69952232263,26023.210539544976,30754.614662514712,45451.402891076956,52503.063281203635,72819.08060096538,81036.58616002942,15020.947197616759,27555.776964406385,35181.65014560384,48950.562103277494,75235.28280831476,19219.219219219223,0.0
19259.259259259263,4001.9966235807915,40780.81779367294,64543.31746492957,89131.64439258039,137221.48298449558,46712.772322032164,62741.48693722709,39609.07458222545,56178.4732481268,62383.75389703925,91605.03074836948,96691.44530201681,20506.560333309222,45786.83488363873,66704.84172242536,87336.02231988595,31738.02414308124,39803.649319883014,49139.418660781375,57589.430570973374,69722.70740710705,78376.08921974046,110293.4584562113,49324.259259259255,41989.094307479056,67670.1649517802,30125.659997233466,45716.613171352656,55001.24534993239,9377.045401493018,26023.339026314967,30757.074553223214,45487.16456278931,52528.18688623882,72862.2488662692,81087.7184814493,14988.426553287853,27555.163170555104,35182.73108697122,48987.950700391084,75269.987748054,19259.259259259263,0.0
19299.299299299302,3925.462804687355,40781.55305902406,64584.03692368434,89160.91178204391,137267.33472985966,46720.693226103096,62773.606073196206,39609.355758560065,56201.92499029616,62406.63727409848,91652.7048644831,96717.2750104601,20468.13799682165,45793.489476239934,66739.6169177198,87373.05490851794,31712.218350005336,39798.71345124497,49142.27468705979,57620.62738239288,69743.37545991968,78426.14966777452,110339.53889950077,49364.299299299295,42011.04055516033,67688.25874413896,30127.640081264202,45755.671128608694,55040.2873887257,9339.386062425383,26023.46730556595,30759.529918093725,45522.89657868305,52553.23718116261,72905.46031169842,81138.92054026875,14955.885395876634,27554.55286049688,35183.80084004742,49025.353465877975,75304.70673700036,19299.299299299302,0.0
19339.33933933934,3848.921533532084,40782.285786901935,64624.745351261605,89190.13943077836,137313.2472368653,46728.582481192716,62805.75685814662,39609.63591733985,56225.29663113735,62429.541890072855,91700.09593181482,96743.44764765307,20429.711862724776,45800.12534774355,66774.40786345882,87410.09426541218,31686.359618960665,39793.8009285036,49145.11531336169,57651.80432675344,69763.96841268984,78476.30618453883,110385.66323321,49404.33933933934,42032.95586880871,67706.38347053064,30129.612347752216,45794.73364840925,55079.33268251722,9301.72152403471,26023.59537736413,30761.98077019969,45558.59867536633,52578.214883604,72948.7143314321,81190.19245601706,14923.32380670982,27553.94600954595,35184.85950713338,49062.77029210392,75339.43972384626,19339.33933933934,0.0
19379.37937937938,3772.3728369418386,40783.01599067745,64665.44272003608,89219.32738814426,137359.22044357975,46736.44023036586,62837.939149013524,39609.91506424447,56248.58811797296,62452.467984248535,91747.19919691933,96769.9677747528,20391.28194488911,45806.74256353834,66809.21450189308,87447.14036905883,31660.448180329895,39788.91166594568,49147.940649436765,57682.96117554156,69784.48759220113,78526.557421275,110431.83145340814,49444.37937937938,42054.84023472031,67724.53914465908,30131.576842937273,45833.80069998413,55118.38121583735,9264.051805130312,26023.723241780943,30764.427122553712,45594.270586974955,52603.12071382724,72992.01032121903,81241.53434665196,14890.741866681976,27553.342593226054,35185.907189506695,49100.201072453056,75374.1866575116,19379.37937937938,0.0
19419.41941941942,3695.8167415975695,40783.74368362763,64706.12900242982,89248.47570398283,137405.25428778154,46744.26661619457,62870.152803224846,39610.19320491004,56271.79940152196,62475.41579146145,91794.0099559989,96796.8399043659,20352.848257113244,45813.34118879646,66844.03677547623,87484.19319803352,31634.4842641468,39784.045577183744,49150.75080411664,57714.097700368475,69804.93431541913,78576.90204092399,110478.04355609952,49484.41941941942,42076.69363940711,67742.72578001232,30133.533612696807,45872.87225283039,55157.43297331164,9226.376924416687,26023.85089889299,30766.86898810802,45629.9120451533,52627.95539470848,73035.34767843797,81292.94632854083,14858.139656258547,27552.742587268353,35186.94398743282,49137.645701316884,75408.94748714282,19419.41941941942,0.0
19459.45945945946,3619.253274035462,40784.46887893662,64746.80417091084,89277.58442861418,137451.34870696237,46752.06178075634,62902.39767870311,39610.470344929716,56294.93043592188,62498.3855420773,91840.5235618116,96824.06849363781,20314.41081312437,45819.92128847361,66878.87462686472,87521.2527309968,31608.468100079575,39779.20257518305,49153.54588532272,57745.2136729646,69825.30988940691,78627.33871819849,110524.29953722304,49524.45945945946,42098.51606959746,67760.943389862,30135.482702549405,45911.94827670953,55196.487939659986,9188.69690049435,26023.978348781915,30769.306379754962,45665.52277903543,52652.71965171282,73078.72580215705,81344.4285164419,14825.5172554788,27552.14596760945,35187.97000017604,49175.10407408346,75443.72216211174,19459.45945945946,0.0
19499.499499499503,3542.682460647975,40785.191589696384,64787.46819799138,89306.65361283525,137497.5036383286,46759.82586563226,62934.67363386724,39610.746489854064,56317.98117875015,62521.3774619724,91886.73543072423,96851.65793719767,20275.96962657875,45826.48292730927,66913.72799891749,87558.31894669402,31582.39991741412,39774.382572288014,49156.32600007436,57776.30886517396,69845.61561124896,78677.86613964726,110570.59939265183,49564.49949949951,42120.307512236526,67779.19198726298,30137.42415765828,45951.02874164472,55235.54609969602,9151.011751860613,26024.10559153439,30771.73931032743,45701.10251522618,52677.41421287188,73122.14409319265,81395.9810234854,14792.874743958766,27551.55271038941,35188.98532601042,49212.57608712642,75478.51063201447,19499.499499499503,0.0
19539.539539539543,3466.104327684916,40785.91182890754,64828.12105622649,89335.6833079179,137543.7190188028,46767.55901190538,62966.98052763416,39611.021645191446,56340.95159104436,62544.39177251512,91932.64104989014,96879.61255997756,20237.52471106225,45833.0261698268,66948.59683469571,87595.39182395481,31556.279945037997,39769.58548024821,49159.091254496736,57807.38304894942,69865.85276798371,78728.48300371037,110616.94311819226,49604.539539539546,42142.067954486774,67797.47158505277,30139.358022834687,45990.11361791806,55274.60743832633,9113.321496910608,26024.23262724199,30774.167792599357,45736.65097778228,52702.039808761765,73165.60195416759,81447.60396115502,14760.212200894142,27550.962791949787,35189.99006223054,49250.06163779469,75513.31284667036,19539.539539539543,0.0
19579.579579579582,3389.518901254556,40786.629609480115,64868.76271821237,89364.67356560679,137589.99478502574,46775.26136015906,62999.31821942053,39611.29581640843,56363.84163732175,62567.428690549124,91978.2359845318,96907.93660992758,20199.076080090796,45839.55108033362,66983.48107746255,87632.47134169262,31530.108411424553,39764.811210243846,49161.841753828674,57838.43599634723,69886.02263654406,78779.18802076706,110663.3307095834,49644.579579579586,42163.7973837284,67815.78219585118,30141.284342541312,46029.202876068,55313.67194054985,9075.626153937861,26024.359456001115,30776.591839286157,45772.16788819388,52726.597172481546,73209.09878956835,81499.29743926984,14727.529705063213,27550.376188831702,35190.98430516224,49287.56062440164,75548.12875612077,19579.579579579582,0.0
19619.61961961962,3312.9262073245955,40787.344944234384,64909.39315658503,89393.62443811753,137636.33087335812,46782.93305047536,63031.686569144265,39611.569008930324,56386.65128559763,62590.48842837669,92023.5158853049,96936.63425064934,20160.623747110883,45846.057722921425,67018.38067068275,87669.55747890455,31503.88554461748,39760.059672910735,49164.577602430574,57869.4674795225,69906.12648370556,78829.97991317554,110709.76216249651,49684.619619619625,42185.495787559834,67834.12383205979,30143.203160895606,46068.296486886524,55352.73959145712,9037.9257411353,26024.486077912927,30779.011463045157,45807.65296536578,52751.08703963192,73252.63400580178,81551.06156596605,14694.827334829673,27549.792877773907,35191.968150173045,49325.07294621487,75582.95831062814,19619.61961961962,0.0
19659.65965965966,3236.326271723283,40788.05784590158,64950.0123440184,89422.53597813452,137682.72721988193,46790.574222433635,63064.08543722603,39611.84122814135,56409.38050740287,62613.57119374373,92068.47649571975,96965.70955397125,20122.16772550009,45852.54616146629,67053.2955580226,87706.65021467069,31477.61157221579,39755.3307783649,49167.298903792136,57900.477270724325,69926.16556604211,78880.85741530554,110756.23747253421,49724.659659659665,42207.163153798145,67852.49650586152,30145.114521673095,46107.39442141661,55391.81037622962,9000.220276595923,26024.61249308325,30781.42667647607,45843.10592559914,52775.51014829472,73296.20701125081,81602.89644767913,14662.105168145488,27549.212835710867,35192.94169168272,49362.598503445886,75617.8014606747,19659.659659659665,0.0
19699.6996996997,3159.719120140402,40788.76832712463,64990.62025322311,89451.40823880899,137729.18376040258,46798.18501510903,63096.51468459067,39612.11247938523,56432.02927780038,62636.67718982557,92113.11365959469,96995.16649249324,20083.708028567507,45859.01645962892,67088.22568334936,87743.74952815394,31451.286721358916,39750.62443622663,49170.00576054002,57931.46514229135,69946.14112988889,78931.81927356333,110802.75663522998,49764.699699699704,42228.79947047949,67870.90022922022,30147.018468310653,46146.496650949615,55430.884280139144,8962.50977831367,26024.738701622504,30783.83749212138,45878.52648257323,52799.86723901234,73339.81721632992,81654.80218912612,14629.363282553722,27548.636039770932,35193.905023173436,49400.137197239965,75652.65815696165,19699.699699699704,0.0
19739.73973973974,3083.1047781282723,40789.47640045901,65031.21685694497,89480.24127375716,137775.70043045038,46805.76556707116,63128.97417266858,39612.38276796551,56454.597575400636,62659.8066152136,92157.4233285134,97025.00893212612,20045.24466955423,45865.468680854814,67123.17099073117,87780.85539859955,31424.91121871248,39745.94055564405,49172.69827444553,57962.430866647366,69966.05441131222,78982.8642464103,110849.31964604736,49804.73973973974,42250.40472585955,67889.33501388019,30148.915043909736,46185.6031470227,55469.96128854704,8924.794264184195,26024.86470364566,30786.243922466856,45913.9143473272,52824.15905476801,73383.46403353922,81706.77889328814,14596.601755191296,27548.06246727442,35194.85823720009,49437.68892966606,75687.52835040788,19739.739739739744,0.0
19779.77977977978,3006.4832711028394,40790.1820783734,65071.802127963245,89509.035137058,137822.27716528228,46813.31601638277,63161.46376339701,39612.65209914587,56477.08538237627,62682.95966390342,92201.40156925813,97055.24062465563,20006.777661633856,45871.90288837455,67158.13142443662,87817.96780533475,31398.48529045412,39741.279045316245,49175.376546432206,57993.37421629698,69985.90663608589,79033.99110437451,110895.92650037947,49844.77977977978,42271.97890841396,67907.80087136582,30150.804291239572,46224.71388141633,55509.04138690366,8887.073752005632,26024.990499272128,30788.645979941903,45949.2692282422,52848.386340966084,73427.14687751816,81758.82666139326,14563.820662791768,27547.492095731795,35195.801425400256,49475.25360370694,75722.41199214902,19779.779779779783,0.0
19819.819819819822,2929.854624344549,40790.885373250465,65112.37603908954,89537.78988325145,137868.9138998838,46820.83650059853,63193.98331922129,39612.920478150736,56499.49268447553,62706.13652528341,92245.04457118927,97085.86520036047,19968.307017912903,45878.319145203975,67193.10692893455,87855.08672776836,31372.00916225977,39736.63981351609,49178.04067658333,58024.29496382183,70005.69901967418,79085.19863005597,110942.5771935483,49884.81981981982,42293.5220068387,67926.29781298112,30152.686252740325,46263.82882615169,55548.12456074763,8849.348259479331,26025.11608862567,30791.043676920017,45984.590831023655,52872.54984541299,73470.86516509828,81810.9455928995,14531.02008168808,27546.924902841874,35196.73467850423,49512.831123249285,75757.30903353634,19819.819819819822,0.0
19859.859859859862,2853.2188629995107,40791.586297387614,65152.93856316603,89566.50556733621,137915.61056897056,46828.327156763844,63226.53270309602,39613.18791016539,56521.8194710348,62729.33738412502,92288.34865353975,97116.88616071465,19929.832751431342,45884.717514144424,67228.09744889356,87892.21214539051,31345.483059290353,39732.022768112336,49180.69076414949,58055.19288187659,70025.4327672208,79136.48561812604,110989.271720804,49924.85985985986,42315.03401005051,67944.82584980935,30154.560970526225,46302.9479534883,55587.2107957052,8811.61780421072,26025.241471834386,30793.43702571922,46019.87885868356,52896.65031829835,73514.61831535553,81863.13578547785,14498.200087815278,27546.360866489966,35197.65808634484,49550.42139307412,75792.21942613566,19859.859859859862,0.0
19899.8998998999,2776.576012080288,40792.28486299757,65193.4896730641,89595.18224476787,137962.36710699004,46835.78812141373,63259.11177848617,39613.45440033647,56544.065734990014,62752.5624205735,92331.3102725934,97148.30687120633,19891.35487516298,45891.09805778293,67263.10292918188,87929.3440377721,31318.90720617867,39727.42781659154,49183.326907555806,58086.0677431853,70045.10907354373,79187.85087532047,111036.01007732426,49964.8998998999,42336.51490718731,67963.38499271258,30156.42848638865,46342.071235921496,55626.30007748966,8773.882403709937,26025.366649030562,30795.826038602434,46055.133011523125,52920.68851217652,73558.40574966121,81915.39733499596,14465.360756713191,27545.799964746122,35198.5717378672,49588.02431884705,75827.14312172635,19899.8998998999,0.0
19939.93993993994,2699.9260964670284,40792.98108220937,65234.02934168307,89623.81997145698,138009.1834481235,46843.21953057181,63291.72040936813,39613.71995377238,56566.23147288726,62775.8118101402,92373.92602871524,97180.13055430475,19852.873402015954,45897.46083849254,67298.12331486693,87966.48238456453,31292.28182701666,39722.85486607933,49185.949204409466,58116.91932053769,70064.72912313558,79239.2932204273,111082.79225821384,50004.93993993994,42357.96468760858,67981.97525233135,30158.28884179919,46381.198646180055,55665.392391900634,8736.142075392647,26025.49162035071,30798.21072777792,46090.352987115635,52944.6651819485,73602.22689173266,81967.73033550176,14432.502163529138,27545.24217586338,35199.47572113826,49625.63980710897,75862.08007230016,19939.93993993994,0.0
19979.979979979984,2623.2691409083454,40793.67496706877,65274.55754194848,89652.4188037668,138056.05952628757,46850.62151974924,63324.35846023074,39613.98457554354,56588.31668489211,62799.0857236956,92416.19267320077,97212.36028260787,19814.388344833198,45903.805918432496,67333.15855121493,88003.62716549938,31265.607145343078,39718.30382336146,49188.5577515069,58147.747386786104,70084.29409016969,79290.81148426901,111129.6182585037,50044.97997997998,42379.383340895736,68000.59663908425,30160.14207791266,46420.33015722379,55704.48772482351,8698.396836580803,26025.616385935395,30800.59110539968,46125.53848028965,52968.5810848441,73646.08116768286,82020.13487920752,14399.624383020522,27544.687478275988,35200.37012335642,49663.26776526654,75897.03023006048,19979.97997997998,0.0
20020.020020020023,2546.605170022296,40794.366529539184,65315.0742468108,89680.97879851164,138102.99527513608,46857.99422394385,63357.02579607617,39614.248270682874,56610.32137479799,62822.38432746359,92458.1071149121,97244.9989722035,19775.89971639285,45910.133359548585,67368.20858369066,88040.77836038789,31238.883384131314,39713.77459490421,49191.152644841175,58178.55171484215,70103.80513851088,79342.40450967991,111176.48807315048,50085.02002002002,42400.77085685252,68019.2491631675,30161.98823557011,46459.46574224117,55743.58606222876,8660.646704503237,26025.74094592919,30802.967183567816,46160.68918311195,52992.43698040455,73689.96800606945,82072.61105647386,14366.72748955752,27544.135850597686,35201.255030860884,49700.90810158296,75931.99354742096,20020.02002002002,0.0
20060.060060060063,2469.9342082973744,40795.05578150221,65355.579429244244,89709.50001295445,138149.99062806182,46865.337777639244,63389.722282420815,39614.51104418603,56632.24555003359,62845.70778301676,92499.66642666818,97278.04937627562,19737.40752940873,45916.443223573355,67403.27335795716,88077.93594912079,31212.1107657777,39709.26708687458,49193.733979608936,58209.33207767364,70123.26342173145,79394.07115147807,111223.4016970358,50125.06006006006,42422.127225505355,68037.9328345547,30163.82735530175,46498.60537464704,55782.68739017133,8622.891696296603,26025.86530048068,30805.338974329003,46195.80478487154,53016.233630465096,73733.88683794267,82125.1589557946,14333.811557125642,27543.587271620007,35202.13052914092,49738.560725168856,75966.96997700463,20060.06006006006,0.0
20100.100100100102,2393.2562800933047,40795.742734758445,65396.07306224497,89737.98250480522,138197.04551819814,46872.652314803934,63422.447785296165,39614.77290101186,56654.089221669085,62869.05624727271,92540.86785135767,97311.51407898896,19698.911796530756,45922.73557202639,67438.35281987517,88115.09991166776,31185.289512090072,39704.781205159874,49196.30185021776,58240.0882483019,70142.6700831318,79445.81027643321,111270.35912496567,50165.1001001001,42443.452437103726,68056.64766299637,30165.659477329893,46537.749028080245,55821.79169479006,8585.131829005884,26025.989449742283,30807.70648967681,46230.884972063155,53039.971799138264,73777.83709689279,82177.77866378114,14300.876659328342,27543.041720310543,35202.99670284514,49776.22554597321,76001.95947164285,20100.1001001001,0.0
20140.14014014014,2316.5714096421107,40796.427401028086,65436.55511883002,89766.42633221875,138244.15987842114,46879.93796889066,63455.202171249475,39615.033846082726,56675.85240442149,62892.42987249172,92581.7088077425,97345.39548968199,19660.412530345362,45929.01046621464,67473.44691550298,88152.27022807716,31158.419844276566,39700.316855387064,49198.85635029306,58270.819999799016,70162.0262557654,79497.6207632295,111317.36035166979,50205.14014014014,42464.74648212053,68075.3936580196,30167.484641571846,46576.89667640142,55860.89896230702,8547.367119585218,26026.11339387028,30810.069741552106,46265.92942837153,53063.65225279718,73821.8182190964,82230.47026514774,14267.92286938955,27542.499175811325,35203.853635790496,49813.9024747744,76036.96198437439,20140.14014014014,0.0
20180.18018018018,2239.879621049062,40797.10979195167,65477.02557203582,89794.83155379267,138291.33364135094,46887.19487283563,63487.98530734455,39615.29388428474,56697.535116658706,62915.828806275094,92622.18689592226,97379.69583739979,19621.909743375993,45935.26796723264,67508.55559109594,88189.44687847557,31131.50198293485,39695.87394294156,49201.39757268523,58301.527105285364,70181.3330624681,79549.50150242442,111364.40537180105,50245.18018018018,42486.00935125238,68094.1708289278,30169.302887642752,46616.048293690656,55900.00917902695,8509.597584898569,26026.237133024708,30812.42874184346,46300.93783465577,53087.27576005901,73865.82964336225,82283.23384269678,14234.950260156247,27541.95961743712,35204.70141097132,49851.59142317129,76071.97746844421,20180.18018018018,0.0
20220.22022022022,2163.180938293419,40797.78991909065,65517.48439491683,89823.19822856557,138338.56673935376,46894.42315905787,63520.797061162346,39615.5530204683,56719.137380402724,62939.25319156488,92662.29990242998,97414.41716579473,19583.40344808346,45941.50813596293,67543.6787931061,88226.62984306773,31104.53614804155,39691.45237298572,49203.92560947641,58332.209337927205,70200.59161589138,79601.45139640375,111411.49417993471,50285.22022022022,42507.241035420026,68112.97918480019,30171.114254858447,46655.20385424538,55939.12233133661,8471.823241720384,26026.360667369278,30814.78350238751,46335.90986893421,53110.843091768955,73909.87081117608,82336.06947730429,14201.958904100957,27541.4230246738,35205.54011056818,49889.29230357465,76107.00587730261,20220.22022022022,0.0
20260.26026026026,2086.4753852294743,40798.46779392817,65557.93156054418,89851.52641601479,138385.8591045436,46901.62295945865,63553.63730080161,39615.811259448266,56740.65922133182,62962.70316664467,92702.04580493216,97449.56132842384,19544.8936568664,45947.73103307621,67578.81646818193,88263.81910213566,31077.522558942022,39687.05205047694,49206.44055198756,58362.86647093479,70219.80301853953,79653.46935933214,111458.6267705678,50325.26026026026,42528.4415257686,68131.81873449165,30172.918782238223,46694.363332578054,55978.23840570424,8434.044106736324,26026.483997071344,30817.13403496931,46370.84520636931,53134.35502098419,73953.94116674436,82388.97724790592,14168.94887332424,27540.88937717674,35206.369815956685,49927.00502919832,76142.04716460424,20260.26026026026,0.0
20300.300300300303,2009.762985587393,40799.14342786964,65598.36704200444,89879.81617605468,138433.2106687842,46908.79440542091,63586.5058948794,39616.06860600432,56762.10066878139,62986.17886514125,92741.42277650653,97485.12998446738,19506.380382061696,45953.93671903186,67613.96856316784,88301.0146360389,31050.461434340446,39682.67288018528,49208.94249078519,58393.498277560146,70238.9683628105,79705.55431710073,111505.8031381186,50365.3003003003,42549.61081366798,68150.68948663231,30174.716508507612,46733.526703414056,56017.35738867894,8396.260196543957,26026.607122301866,30819.48035132275,46405.74351925333,53157.81232295802,73998.04015703792,82441.95723148309,14135.920239557196,27540.358654769167,35207.19060771611,49964.72951405085,76177.10128420699,20300.300300300303,0.0
20340.340340340343,1933.0437629741282,40799.81683224342,65638.79081239812,89908.0675690343,138480.62136369038,46915.93762780879,63619.40271253155,39616.325064881414,56783.46175574398,63009.6804160277,92780.42918947453,97521.12459489347,19467.86363594488,45960.12525407801,67649.13502510378,88338.21642521366,31023.35299229013,39678.31476671081,49211.43151568822,58424.10453109542,70258.08873103991,79757.70520727057,111553.02327692602,50405.34034034034,42570.74889071312,68169.59144962722,30176.507472101115,46772.693941689526,56056.47926689005,8358.471527653346,26026.73004323527,30821.82246313088,46440.60447699383,53181.215775124365,74042.1672318339,82495.00950304943,14102.87307416389,27539.83083744062,35208.002565638024,50002.465672926875,76212.16819017095,20340.340340340343,0.0
20380.380380380382,1856.3177408743068,40800.4880183014,65679.2028448385,89936.28065573581,138528.0911206304,46923.0527569672,63652.32762341319,39616.58064078992,56804.7425188682,63033.207943627174,92819.06361876611,97557.54641908972,19429.343430730547,45966.29669825207,67684.31580122495,88375.42445017281,30996.197450184172,39673.977614500494,49213.90771577455,58454.68500487124,70277.16519554866,79809.92097901336,111600.28718124864,50445.38038038038,42591.85574872431,68188.52463165607,30178.29171116491,46811.86502254922,56095.60402704663,8320.678116487823,26026.85276004945,30824.16038202629,46475.42774610018,53204.566157082234,74086.32184375756,82548.13413563764,14069.807448143798,27539.305905345325,35208.805768734754,50040.21342139887,76247.24783675763,20380.380380380382,0.0
20420.42042042042,1779.584942651003,40801.15699721983,65719.60311245016,89964.45549737207,138575.61987072733,46930.13992272137,63685.28049769906,39616.83533840602,56825.9429984567,63056.761567618145,92857.32484479909,97594.39651198132,19390.819778572775,45972.45111138103,67719.51083896133,88412.63869150529,30968.99502474637,39669.66132786478,49216.37117938788,58485.239472255365,70296.1988186934,79862.20059304891,111647.59484526454,50485.42042042042,42612.93137974751,68207.48904067291,30180.069263559533,46851.03992134445,56134.73165593686,8282.879979384532,26026.975272925687,30826.49411959146,46510.212990169915,53227.86425058043,74130.50344832278,82601.33120028645,14036.723432134226,27538.78383880068,35209.60029524778,50077.97267580891,76282.3401784288,20420.42042042042,0.0
20460.46046046046,1702.8453915467435,40801.82378009963,65759.9915883681,89992.59215558496,138623.20754486104,46937.199254376574,63718.26120608389,39617.08916237211,56847.063238462746,63080.34140304044,92895.2118558549,97631.67572165122,19352.29269156552,45978.58855308171,67754.72008593731,88449.85912987591,30941.745932022404,39665.36581099371,49218.82199414424,58515.76770665133,70315.19065291998,79914.54302157937,111694.9462630704,50525.46046046047,42633.97577605463,68226.48468440583,30181.840166862505,46890.21861363096,56173.862140427475,8245.077132595186,26027.097582048606,30828.823687359134,46544.95986987589,53251.11083950227,74174.71150397207,82654.60076602826,14003.621096412695,27538.26461828567,35210.386222656,50115.74335326051,76317.44516984558,20460.46046046046,0.0
20500.5005005005,1626.0991106842848,40802.48837796733,65800.3682457357,90020.69069244321,138670.85407366994,46944.23088071783,63751.26961978267,39617.34211729702,56868.10328648612,63103.94756030243,92932.72384993886,97669.38468747705,19313.762181743004,45984.709082761234,67789.94348997122,88487.08574602501,30914.450387371387,39661.09096797283,49221.26024693854,58546.269481497446,70334.14174081945,79966.94724822119,111742.34142868072,50565.50050050051,42654.988930143794,68245.5115703567,30183.604458370966,46929.401075166905,56212.99546746314,8207.269592286651,26027.2196876061,30831.149096812627,46579.668042953665,53274.30670985047,74218.9454721155,82707.94289987654,13970.500510899317,27537.74822443939,35211.163627683934,50153.52537161042,76352.5627658674,20500.5005005005,0.0
20540.54054054054,1549.3461230674984,40803.1508017755,65840.73305770432,90048.75117044049,138718.55938755276,46951.2349300096,63784.30561053094,39617.59420775629,56889.06319376785,63127.580145189495,92969.86023611363,97707.52383879441,19275.228261080156,45990.812759617256,67825.1809990751,88524.31852076799,30887.108605457463,39656.83670279856,49223.6860239511,58576.74457026594,70353.05311518688,80019.41226793415,111789.78033602766,50605.54054054055,42675.97083473966,68264.56970580088,30185.362175104266,46968.587281910826,56252.131624065994,8169.457374541573,26027.341589789256,30833.47035938622,46614.33716418947,53297.45264973215,74263.2048171689,82761.35766681409,13937.36174515916,27537.234638059497,35211.93258630985,50191.318649460896,76387.69292155115,20540.54054054054,0.0
20580.58058058058,1472.5864515820795,40803.81106240343,65881.08599743132,90076.7736524934,138766.3234166704,46958.21152999567,63817.36905058491,39617.845438292556,56909.94301518373,63151.23925887312,93006.62063529818,97746.09339409418,19236.69094149296,45996.899642638484,67860.43256145401,88561.55743499513,30859.720800241877,39652.60291939336,49226.09941065404,58607.19274646221,70371.92579908238,80071.93708694809,111837.26297895981,50645.58058058059,42696.92148279362,68283.65909778696,30187.113353806504,47007.77721001966,56291.27059733501,8131.640495359075,26027.46328879237,30835.787486465484,46648.96688540859,53320.5494493437,74307.48900659115,82814.84512978139,13904.204868404551,27536.72384010072,35212.69317377371,50229.123106151616,76422.83559215,20580.58058058058,0.0
20620.62062062062,1395.8201189965876,40804.4691706577,65921.42703807921,90104.75820193948,138814.14609094773,46965.16080789895,63850.459812721674,39618.09581341587,56930.742809237156,63174.92499792154,93043.00488052853,97785.09336075872,19198.150234838846,46002.96979060481,67895.69812550583,88598.8024696711,30832.287184975365,39648.389521620455,49228.500491817744,58637.61378362439,70390.76080589446,80124.52072268729,111884.7893512422,50685.620620620626,42717.84086748412,68302.77975313649,30188.858030949094,47046.97083584669,56330.412374445455,8093.818970655284,26027.584784812807,30838.100489387605,46683.55685546431,53343.59790095585,74351.79751092082,82868.4053496652,13871.029949497424,27536.215811673403,35213.44546458516,50266.93866175198,76457.99073311269,20620.62062062062,0.0
20660.660660660666,1319.0471479631524,40805.12513727281,65961.75615281417,90132.70488253518,138862.02734007532,46972.08289042139,63883.57777023927,39618.34533760394,56951.46263805052,63198.637454311116,93079.01301667938,97824.52353533701,19159.606152917146,46009.02326208802,67930.97763982082,88636.0536058347,30804.807972190447,39644.19641329832,49230.88935151705,58668.00745532292,70409.55913940532,80177.16220369277,111932.3594465552,50725.660660660666,42738.728982216875,68321.9316784438,30190.596242733234,47086.16813593969,56369.5569426484,8055.992816264094,26027.706078051,30840.40937944173,46718.10672022727,53366.5987988986,74396.12980381167,82922.03838528763,13837.837056951612,27535.710534042017,35214.18953253129,50304.765237053376,76493.15830008237,20660.660660660666,0.0
20700.700700700705,1242.2675610182232,40805.77897291181,66002.07331480522,90160.6137584541,138909.9670935114,46978.97790374392,63916.72279695678,39618.594015302384,56972.10256735596,63222.376715438746,93114.64529964732,97864.38350435771,19121.05870746936,46015.06011545179,67966.27105318103,88673.31082459848,30777.283373694412,39640.02349821468,49233.2660731377,58698.37353516049,70428.32179385838,80229.8605695425,111979.97325849402,50765.700700700705,42759.58582062511,68341.11488007559,30192.328025092414,47125.36908703892,56408.70428927008,8018.162047937607,26027.82716871038,30842.71416786931,46752.61612257552,53389.552939546295,74440.48536206753,82975.74429339552,13804.626258935077,27535.20798862372,35214.92545068442,50342.60275356166,76528.33824889583,20700.700700700705,0.0
20740.740740740745,1165.4813805835329,40806.43068816677,66042.37849722235,90188.48489428461,138957.9652804835,46985.84597352644,63949.894767214304,39618.84185092515,56992.66266648467,63246.14286413562,93149.90219500312,97904.67264567362,19082.507910179665,46021.08040885243,68001.57831456015,88710.57410714857,30749.713600562212,39635.87068014027,49235.630739382366,58728.711796772055,70447.0497540273,80282.61487076996,112027.63078056808,50805.740740740745,42780.4113765698,68360.32936417093,30194.053413694844,47164.57366607521,56447.85440171143,7980.32668134684,26027.9480569973,30845.01486586442,46787.084702384986,53412.46112130241,74484.86366567622,83029.5231286501,13771.397623272256,27534.708156986937,35215.65329140971,50380.45113348951,76563.53053558237,20740.740740740745,0.0
20780.780780780784,1088.6886289668328,40807.08029355948,66082.67167323585,90216.31835502821,139006.02182999035,46992.68722490782,63983.09355587296,39619.088848854735,57013.14300835581,63269.93597868162,93184.78437612002,97945.39013033014,19043.953772675188,46027.08420023894,68036.8993731227,88747.84343474396,30722.09886312984,39631.737862842376,49237.98343227702,58759.02201382507,70465.74399528684,80335.42416878071,112075.33200620057,50845.780780780784,42801.20564413991,68379.57513664087,30195.772443945898,47203.78185016811,56487.00726744756,7942.486732082343,26028.068743121035,30847.31148457407,46821.51209652063,53435.32414458446,74529.26419784277,83083.37494361703,13738.151217446211,27534.21102084991,35216.373126372724,50418.31029974902,76598.73511636292,20780.780780780784,0.0
20820.820820820823,1011.8893283626567,40807.727799542,66122.95281601488,90244.11420609744,139054.13667080385,46999.501782506035,64016.31903831479,39619.33501344244,57033.5436694637,63293.75613282108,93219.29272178994,97986.53492494533,19005.39630652646,46033.07154735369,68072.23417822397,88785.11878871667,30694.4393709878,39627.624950097794,49240.32423317682,58789.303960019824,70484.40548368529,80388.28753576748,112123.0769287275,50885.82082082082,42821.96861765259,68398.85220316824,30197.4851509905,47242.99361662402,56526.162874027126,7904.642215654749,26028.189227293686,30849.60403509856,46855.897938828275,53458.142811808735,74573.68644502157,83137.29978875694,13704.887108600906,27533.71656207933,35217.08502654694,50456.18017594447,76633.95194764916,20820.820820820823,0.0
20860.860860860863,935.0835008531321,40808.37321649721,66163.2218987263,90271.87251331384,139102.30973147042,47006.28977041822,64049.571090442645,39619.580349008706,57053.86472986458,63317.603395779195,93253.4283133423,98028.1057945877,18966.83552324771,46039.042507732695,68107.58267940934,88822.40015047112,30666.73533297483,39623.5318457057,49242.65322277239,58819.55740909025,70503.03517601811,80441.20405462394,112170.86554139745,50925.86086086086,42842.70029165337,68418.1605692075,30199.191569715502,47282.2089429343,56565.321209071924,7866.793147495322,26028.30950973013,30851.89252849175,46890.24186012677,53480.917927374874,74618.12989694785,83191.29771241594,13671.605363543378,27533.224762688915,35217.78906222108,50494.06068636486,76669.1809860426,20860.860860860863,0.0
20900.900900900902,858.2711684087772,40809.01655473931,66203.47889453336,90299.59334290611,139150.5409403134,47013.05131222084,64082.84958868006,39619.82485984337,57074.10627316209,63341.477832279925,93287.19243128304,98070.10130613422,18928.271434297312,46044.99713870601,68142.94482641394,88859.68750148366,30638.986957171983,39619.458453500134,49244.97048109562,58849.78213480446,70521.6340199032,80494.17281885678,112218.69783737054,50965.9009009009,42863.400660916406,68437.50023998451,30200.891734752033,47321.427806773456,56604.482260276316,7828.939542956668,26028.42959064801,30854.176975761424,46924.54348820122,53503.65029765031,74662.59404666832,83245.36876081681,13638.30604874594,27532.73560483805,35218.48530300647,50531.95175597693,76704.4221883335,20900.900900900902,0.0
20940.94094094094,781.4523528892059,40809.65782451457,66243.72377659469,90327.27676150796,139198.83022543442,47019.78653096995,64116.15440997099,39620.06855020598,57094.26838649188,63365.37950256428,93320.58655147202,98112.51983208864,18889.704051078093,46050.93549739813,68178.32056916211,88896.98082330261,30611.19445089677,39615.40467736211,49247.27608752578,58879.97791096597,70540.20295385708,80547.192932497,112266.57380971819,51005.94094094094,42884.069720444626,68456.87122049631,30202.585680477816,47360.650185997394,56643.64601540667,7791.081417313188,26028.549470267644,30856.45738786958,46958.802447796515,53526.34073095455,74707.07839057082,83299.51297805051,13604.989230348347,27532.24907083044,35219.173817844196,50569.85331041788,76739.67551150006,20940.94094094094,0.0
20980.980980980985,704.6270760440493,40810.29703600172,66283.95651806326,90354.92283615642,139247.17751471553,47026.49554920132,64149.48543177966,39620.31142432599,57114.35116050529,63389.30846241017,93353.61234086336,98155.35955483813,18851.133384937682,46056.85764072846,68213.70985776708,88934.28009754776,30583.358020697662,39611.37042123155,49249.570120795295,58910.14451141469,70558.7429073721,80600.26351000939,112314.49345142226,51045.98098098098,42904.70746546995,68476.27351551103,30204.273441019464,47399.87605864157,56682.812462300935,7753.218785761688,26028.66914881199,30858.733775732733,46993.01836061198,53548.990037543175,74751.58242841339,83353.73040606802,13571.654974159894,27531.76514311273,35219.854675012306,50607.76527598849,76774.94091270756,20980.980980980985,0.0
21021.021021021024,627.7953595135186,40810.934199312534,66324.17709208475,90382.53163428945,139295.58273582076,47033.178488930804,64182.84253209022,39620.553486403114,57134.35468935191,63413.26476315283,93386.27165283123,98198.61847132398,18812.559447168976,46062.76362541177,68249.11264253035,88971.58530590995,30555.47787234875,39607.35558911886,49251.852658995675,58940.281710028496,70577.25480099494,80653.38367620192,112362.4567553745,51086.02102102102,42925.31389145344,68495.70712956757,30205.955050254765,47439.1054029192,56721.981588868075,7715.351663421996,26028.788626506604,30861.00615022222,47027.19084529628,53571.59902959174,74796.10566335198,83408.02108467229,13538.303345661683,27531.28380427321,35220.527942132816,50645.68757964605,76810.21834930728,21021.021021021024,0.0
21061.061061061064,550.9572248293662,40811.56932449239,66364.38547179672,90410.10322374443,139344.0458161982,47039.83547165463,64216.22558940644,39620.79474060755,57154.27907066145,63437.24845170635,93418.56652210795,98242.29439809988,18773.98224901035,46068.653507958465,68284.52887394138,89008.89643015085,30527.554210844573,39603.36008511616,49254.12377958323,58970.38928072443,70595.73954640562,80706.55256613318,112410.463714376,51126.06106106106,42945.888994085464,68515.17206697559,30207.630541814917,47478.33819721962,56761.153383087585,7677.48006533743,26028.907903579573,30863.274522164527,47061.31951744344,53594.16852117916,74840.64760196806,83462.38505151102,13504.934410008551,27530.80503704046,35221.1936861787,50683.620148997696,76845.50777883564,21061.061061061064,0.0
21101.101101101103,474.1126934154163,40812.20242152084,66404.58163032754,90437.63767275587,139392.56668308147,47046.46661834972,64249.63448275138,39621.03519108024,57174.12440552448,63461.25957058616,93450.49915936273,98286.38497674972,18735.401801646105,46074.52734467521,68319.95850267707,89046.21345210273,30499.58724039537,39599.383813408334,49256.38355938487,59000.46699746084,70614.19804649742,80759.76932501992,112458.51432113655,51166.1011011011,42966.432769285864,68534.66833181525,30209.29994908675,47517.57442010649,56800.32783300897,7639.604006475449,26029.0269802615,30865.538902341556,47095.403989589526,53616.699328271,74885.20775429484,83516.82234206947,13471.548232031313,27530.328824282053,35221.851973480814,50721.56291229345,76880.80915901346,21101.101101101103,0.0
21141.141141141143,397.26178658844947,40812.83350031207,66444.765540795,90465.13504995363,139441.14526349204,47053.07204947414,64283.06909166701,39621.274841933155,57193.890798472334,63485.29815793237,93482.0719454496,98330.88767963601,18696.818116206796,46080.38519166521,68355.40147960125,89083.53635366789,30471.57716442229,39595.42667828374,49258.63207460378,59030.51463423917,70632.6311954574,80813.03310814314,112506.60856827395,51206.14114114114,42986.94521320411,68554.19592793702,30210.963305214947,47556.81405031607,56839.504926751266,7601.723501728116,26029.14585678543,30867.799301490933,47129.4438712101,53639.19226870244,74929.78563384275,83571.3329896637,13438.144876238774,27529.855149003284,35222.50286973464,50759.51579841957,76916.12244774486,21141.141141141143,0.0
21181.181181181182,320.4045255589335,40813.46257071553,66484.93717630525,90492.59542436086,139489.78148424067,47059.651884967476,64316.52929621371,39621.51369724958,57213.57835745612,63509.364247534075,93513.28742535549,98375.7998159483,18658.231203769545,46086.227104828744,68390.85775576424,89120.86511681866,30443.524185552913,39591.488584144565,49260.86940082503,59060.53196510602,70651.03987884772,80866.3430807539,112554.74644831344,51246.18118118118,43007.42632221946,68573.75485896174,30212.6206431042,47596.05706675559,56878.684652502576,7563.838565912676,26029.26453338683,30870.055730306318,47163.43876871856,53661.648162160694,74974.38075762423,83625.91702543426,13404.724406819787,27529.383994345884,35223.14644000711,50797.47873689199,76951.44760311638,21181.181181181182,0.0
21221.22122122122,243.5409314316421,40814.08964251638,66525.0965099519,90520.01886539214,139538.47527192923,47066.20624425132,64350.0149769699,39621.75176108426,57233.18719382478,63533.457868854624,93544.14830187967,98421.1185380203,18619.641075358435,46092.05313986356,68426.32728240246,89158.19972359673,30415.42850561706,39587.56943551716,49263.095613021156,59090.51876415546,70669.42497368708,80919.6984179786,112602.9279536872,51286.22122122122,43027.87609294102,68593.3451282802,30214.271995421375,47635.30344850157,56917.86699851951,7525.949213772117,26029.383010303478,30872.30819943766,47197.38828546538,53684.06783016719,75018.99264617765,83680.57447834022,13371.286887645347,27528.915343586716,35223.7827487432,50835.4516578497,76986.78458339631,21221.22122122122,0.0
21261.26126126126,166.67102520651315,40814.71472543599,66565.24351481462,90547.40544285136,139587.22655295284,47072.73524622978,64383.52601503148,39621.9890374638,57252.71742230246,63557.57904705756,93574.65742907612,98466.84084788384,18581.047741944843,46097.8633522654,68461.81001093783,89195.54015611319,30387.290325642625,39583.66913706173,49265.310785557755,59120.47480553179,70687.78734853276,80973.09830472353,112651.15307673364,51326.26126126126,43048.294522207965,68612.9667390533,30215.91739459763,47674.553174798115,56957.05195312678,7488.055459975727,26029.50128777554,30874.55671949152,47231.292021738045,53706.45209605925,75063.6208235902,83735.30537515352,13337.832382270572,27528.449180136577,35224.41185977252,50873.43449204824,77022.13334703333,21261.26126126126,0.0
21301.301301301304,89.79482777932935,40815.33782913252,66605.37816395803,90574.75522693002,139636.0352535014,47079.23900928997,64417.06229201133,39622.225530386815,57272.169160964666,63581.72780303377,93604.81780549107,98512.96360402758,18542.451214447734,46103.65779732828,68497.30589297734,89232.88639654798,30359.10984585184,39579.787593582194,49267.51499219891,59150.39986343194,70706.12786356302,81026.5419355793,112699.42180969677,51366.301301301304,43068.68160708958,68632.61969421172,30217.55687283055,47713.80622505541,56996.23950471665,7450.157319119502,26029.619366045405,30876.801301031333,47265.149574762225,53728.80178497142,75108.26481752032,83790.10974045371,13304.360953936724,27527.98548753894,35225.03383631588,50911.42717085352,77057.49385265622,21301.301301301304,0.0
21341.341341341344,12.91235994231829,40815.958963201476,66645.5004304309,90602.06828820503,139684.9012995616,47085.71765130265,64450.623690038694,39622.461243824226,57291.542531214,63605.90415342909,93634.63256722833,98559.48352832848,18503.851503734033,46109.43653014513,68532.81488031257,89270.23842714958,30330.88726565745,39575.92471003534,49269.70830611261,59180.29371210859,70724.4473706597,81080.0285147246,112747.73414472569,51406.341341341344,43089.03734488542,68652.30399645591,30219.190462086208,47753.062578847945,57035.42964174853,7412.254805726778,26029.737245357705,30879.041954577704,47298.96053870358,53751.11772381613,75152.92415921889,83844.98759662326,13270.87266557325,27527.524249468683,35225.64874099167,50949.42962623514,77092.86605907258,21341.341341341344,0.0
21381.381381381383,0.0,40880.5544947911,66749.58664487983,90693.32105525202,139797.80097453354,47156.14764723777,64548.18644937368,39686.67253933445,57374.814015369804,63694.084468288056,93728.0813384886,98670.37357073839,18529.224978233997,46179.17596322327,68632.31328253432,89371.57258784994,30366.59914127437,39636.05674915515,49335.8671574913,59274.13248348837,70806.72307110605,81197.53361344522,112860.06643148893,51510.35773899642,43173.33809074039,68735.99600587104,30284.79455171627,47856.298573528096,57138.59871036348,7438.324291863784,26093.8312835743,30945.2550482237,47396.700862285754,53837.37709887896,75261.574741165,83963.91532145791,13301.343937414716,27591.041807345988,35290.23299343727,51051.418148375524,77192.22628288304,21445.357738996416,63.97635761503261
21421.421421421423,0.0,40958.06666483306,66866.57901177832,90797.45583087331,139923.67643546307,47239.47134539528,64658.6926846367,39763.80165229392,57470.9259728722,63795.21098731366,93834.10974061533,98794.57243269566,18567.513880171628,46261.81838271479,68744.74328326207,89485.83109249405,30415.187901946454,39709.12584769169,49414.933849787114,59380.85818340495,70901.8980318995,81327.99868626741,112985.36089340408,51627.2927257267,43270.52607387501,68832.63795615698,30363.311404690157,47972.45642045461,57254.68893061391,7477.308023370188,26170.843712404345,31024.38282386525,47507.31236502436,53936.52297202848,75383.15833331572,84095.83516439283,13344.717063232954,27667.480376565185,35367.728886545425,51166.33490189359,77304.51671471065,21562.2927257267,140.8713043052776
21461.461461461462,0.0,41035.583102309276,66983.56512369201,90901.56030636252,140049.61522730958,47322.77648167209,64769.22989907414,39840.936206163504,57566.96615452148,63896.37133416356,93939.80889909762,98919.16408865011,18605.80583983134,46344.451462683646,68857.19245440993,89600.10154310608,30463.741364209673,39782.21953068608,49493.99607398365,59487.55820586921,70997.06070010117,81458.51058512783,113110.70514190345,51744.23392110385,43367.68891185176,68929.31746889447,30441.82867186338,48088.623719257346,57370.78791072934,7516.293634126036,26247.862151670553,31103.512911467762,47617.882251498406,54035.64379496162,75504.76209739149,84227.83476076522,13388.079724605315,27743.927560759905,35445.22410073686,51281.26744010513,77416.82493346618,21679.233921103845,217.77245964238318
21501.5015015015,0.0,41113.10379618401,67100.54493320931,91005.63453343399,140175.6172548795,47406.063151494396,64879.79795648922,39918.07618442046,57662.93467438212,63997.565488413165,94045.18240819185,99044.14476530223,18644.10084748989,46427.07523703747,68969.66072811779,89714.38390182059,30512.259703820826,39855.337683410544,49573.053880532774,59594.23230500436,71092.21187485005,81589.06853120837,113236.09914836496,51861.18130474256,43464.82658250678,69026.03452547685,30520.346363911136,48204.80042976737,57486.895619047675,7555.281117983723,26324.886581240768,31182.645300997938,47728.410083287716,54134.740381113654,75626.38555882561,84359.91410374253,13431.431962848168,27820.383323733502,35522.71867589792,51396.21567694825,77529.15087827893,21796.18130474256,294.67980324105883
21541.54154154154,0.0,41190.62873546126,67217.51839299717,91109.67856427791,140301.68242288518,47489.33144987526,64990.39672129827,39995.22157061535,57758.831649811094,64098.79342564405,94150.23396364773,99169.51058898632,18682.398893473586,46509.68973958507,69082.14803680753,89828.67813093936,30560.743095811635,39928.48019143334,49652.10731941668,59700.880235106844,71187.3523475029,81719.67175489642,113361.54288416878,51978.13485635753,43561.93906400686,69122.78910716668,30598.864491387212,48320.986512072326,57603.01202407153,7594.270468825511,26401.916981084836,31261.779982481003,47838.89541903707,54233.81354569303,75748.02824683872,84492.07318437645,13474.773819075755,27896.847629514814,35600.21265144365,51511.17952703443,77641.49448855285,21913.134856357534,371.5933148159929
21581.58158158158,0.0,41268.15790918456,67334.48545579925,91213.69245155777,140427.81063594596,47572.58147141476,65101.02605852921,40072.37234837194,57854.6572014282,64200.05511747603,94254.96735538651,99295.25759298798,18720.69996815795,46592.29500403626,69194.65431318212,89942.98419293,30609.191714485583,40001.6469406261,49731.156440152365,59807.50175064959,71282.48290171612,81850.31949568763,113487.03632069573,52095.09455576277,43659.02633484882,69219.58119509516,30677.38306472527,48437.181926514284,57719.137094467194,7633.261680563319,26478.953331273933,31340.916946000307,47949.337814463695,54332.864105657645,75869.68969445453,84624.31199159972,13518.105334201442,27973.320442356315,35677.70606632311,51626.158905641845,77753.85570396484,22030.094555762775,448.5129741811943
21621.621621621627,0.0,41345.691306436885,67451.44607443463,91317.67624840773,140554.00179858948,47655.81331030016,65211.6858338203,40149.528501386616,57950.411453085544,64301.350531599855,94359.38646021391,99421.38172482602,18759.0040619675,46674.89106400175,69307.17949022441,90057.30205042561,30657.60573341479,40074.837817171,49810.20129179626,59914.09660628604,71377.60431352764,81981.01100208882,113612.57942932624,52212.060382871045,43756.088373858984,69316.41077026147,30755.90209424021,48553.386633687674,57835.27079906361,7672.254747138661,26555.99561197988,31420.056181696968,48059.73682236619,54431.89287969068,75991.36943851509,84756.63051222338,13561.42654893902,28049.801726732443,35755.19895902467,51741.15372870906,77866.2344644635,22147.060382871045,525.4387612494174
21661.661661661667,0.0,41423.22891634042,67568.40020179568,91421.63000843002,140680.2558152526,47739.02706030606,65322.37591341845,40226.690013427986,58046.094531836134,64402.67963181046,94463.49523459285,99547.87885347471,18797.31116537527,46757.47795299285,69419.72350119591,90171.63166622333,30705.985325437134,40148.05270756736,49889.24192294841,60020.66455685353,71472.71735143827,82111.74553152101,113738.17218143925,52329.0323176931,43853.12516019249,69413.27781353203,30834.421590129376,48669.60059443707,57951.41310685116,7711.24966252235,26633.043803474437,31499.197679769462,48170.09199263426,54530.90068817549,76113.06701969475,84889.02873093424,13604.737503803863,28126.29144733769,35832.69136758128,51856.16391282846,77978.63071026753,22264.032317693094,602.3706560314276
21701.701701701706,0.0,41500.77072805636,67685.3477908466,91525.55378569246,140806.57259028286,47822.2228147945,65433.096164177856,40303.856868336356,58141.706567902016,64504.04237804109,94567.29770749985,99674.7447765024,18835.6212689025,46840.05570442138,69532.28627963562,90285.97300328348,30754.330662653447,40221.29149863834,49968.278381756856,60127.205357377694,71567.82277649308,82242.52235022244,113863.81454841064,52446.01034033703,43950.13667333266,69510.1823056397,30912.941562473745,48785.823769855066,58067.56398698056,7750.246420714353,26710.09788612857,31578.341430473145,48280.402872259976,54629.88835316966,76234.78198251389,85021.50663029279,13648.038239114048,28202.78956908485,35910.18332957549,51971.18937523983,78091.04438186409,22381.010340337027,679.3086386353207
21741.741741741745,0.0,41578.31673078468,67802.28879462153,91629.44763472577,140932.9520279394,47905.40066671521,65543.84645355839,40381.02905002344,58237.24769464159,64605.43872639798,94670.79797338674,99801.97522710511,18873.934363118307,46922.62435159948,69644.8677593589,90400.3260247288,30802.64191642489,40294.55407753723,50047.31071592197,60233.718763076315,71662.9213423621,82373.34073315217,113989.50650161208,52562.994431007675,44047.12289309037,69607.12422718323,30991.462021239222,48902.05612128025,58183.7234087618,7789.245015743669,26787.157840411808,31657.48742411996,48390.66900534992,54728.856698378215,76356.51387535155,85154.06419073162,13691.32879499167,28279.296057103278,35987.674882144616,52086.2300338243,78203.47542000754,22497.994431007675,756.2526892659298
21781.781781781785,0.0,41655.8669137641,67919.22316622328,91733.31161052111,141059.39403239434,47988.56070860599,65654.62664962422,40458.206542471875,58332.71804851657,64706.86862919592,94774.00018526748,99929.56588101461,18912.250438639396,47005.18392773952,69757.46787445637,90514.69069384334,30850.919257370726,40367.84033175379,50126.33897270085,60340.2045293643,71758.01379542093,82504.19996389416,114115.24801241013,52679.984570005996,44144.08379960354,69704.10355862667,31069.982976277897,49018.29761029515,58299.891341663155,7828.245441668154,26864.223646891616,31736.63565107805,48500.889933139304,54827.80654912631,76478.26225045728,85286.70139055415,13734.609211364037,28355.810876737192,36065.166061985845,52201.28580709791,78315.92376571786,22614.984570006,833.2027882242146
21821.821821821824,0.0,41733.421266271704,68036.15085882117,91837.14576852748,141185.8985077338,48071.70303259278,65765.43662104195,40535.389329734724,58428.11776905776,64808.332034993946,94876.90854794842,100057.5123632629,18950.569486129545,47087.734465953836,69870.0865592927,90629.06697407155,30899.16285536578,40441.15014912005,50205.36319891119,60446.66241185776,71853.10087483069,82635.09933456074,114241.03905216452,52796.980737728285,44241.01937333627,69801.12028029846,31148.504437329055,49134.548198724035,58416.06775530992,7867.247692574128,26941.29528623249,31815.78610177119,48611.06519400659,54926.73873233033,76600.02666396236,85419.41820593362,13777.879527964662,28432.333993543805,36142.65690536096,52316.356614205564,78428.3893602791,22731.98073772828,910.158915906457
21861.861861861864,0.0,41810.97977762288,68153.07182564981,91940.95016464926,141312.46535795924,48154.82773039017,65876.27623707941,40612.57739593524,58523.44699883096,64909.82888863247,94979.52731141966,100185.81025478657,18988.89149629955,47170.27599925475,69982.72374850552,90743.45482901747,30947.372879538554,40514.483417816155,50284.38344093585,60553.092166379254,71948.18331261762,82766.0381456977,114366.87959222747,52913.98291466573,44337.92959507846,69898.17437239112,31227.026414020627,49250.8078486311,58532.25261948358,7906.251762576638,27018.37273919563,31894.93876667869,48721.19432348994,55025.654076468694,76721.80667589024,85552.21461091281,13821.139784334671,28508.865373291836,36220.147448101576,52431.44237491496,78540.87214523814,22848.982914665725,987.121052803861
21901.901901901907,0.0,41888.54243717119,68269.98602000726,92044.72485524358,141439.09448698862,48237.93489330165,65987.14536760375,40689.77072526629,58618.70588340158,65011.359131270096,95081.86076442065,100314.45509885589,19027.216459906645,47252.80856055433,70095.3793770042,90857.85422244374,30995.549498269156,40587.840026376,50363.39974472682,60659.49354896273,72043.26183375224,82897.015706189,114492.76960394206,53030.99108140365,44434.814445945,69995.26581496041,31305.548915870153,49367.076522318355,58648.44590412054,7945.257645818885,27095.455986638008,31974.093636334772,48831.276854305084,55124.55341155136,76843.6018501661,85685.09057740372,13864.390019823804,28585.40498195964,36297.63772561372,52546.543009610505,78653.37206240301,22965.991081403652,1064.089179501745
21941.941941941946,0.0,41966.10923430798,68386.8933952534,92148.46989711789,141565.7857986574,48321.024612219975,66098.04388307987,40766.96930198996,58713.894571299184,65112.92270042174,95183.91322819437,100443.44240731528,19065.544367754286,47335.33218266431,70208.05337996873,90972.26511827041,31043.69287918745,40661.21986369243,50442.41215580928,60765.86631585867,72138.33715622748,83028.03133316203,114618.70905864115,53148.00521862089,44531.67390737512,70092.39458792472,31384.071952285994,49483.35418232355,58764.6475793112,7984.2653364721955,27172.545009511767,32053.25070132826,48941.31231636432,55223.43756908825,76965.41175462563,85818.04607518806,13907.630273591545,28661.952785733552,36375.127772882726,52661.65843928739,78765.88905384146,23083.005218620896,1141.0632766789495
21981.981981981986,0.0,42043.680158462455,68503.79390480855,92252.1853475275,141692.53919672014,48404.09697762767,66208.97165456897,40844.17311043727,58809.01321398136,65214.51952999697,95285.6890504419,100572.76766662521,19103.875210691884,47417.84689829603,70320.7456928487,91086.68748057474,31091.803189171547,40734.62281902271,50521.42071928581,60872.2102235398,72233.40999113725,83159.08435189375,114744.69792764651,53265.025307089316,44628.507961131916,70189.56067106474,31462.595532568583,49599.64079141845,58880.85761529893,8023.2748287360155,27249.639788863697,32132.4099523023,49051.300236797266,55322.307382056824,77087.23596102354,85951.08107191767,13950.860584608417,28738.50875100638,36452.617624478065,52776.78858554583,78878.42306187996,23200.02530708932,1218.0433251073337
22022.022022022025,0.0,42121.25519910126,68620.68750215159,92355.87126417273,141819.35458485124,48487.15207959732,66319.92855372666,40921.38213500756,58904.06196579685,65316.149550338756,95387.1925994849,100702.42634369292,19142.208979614294,47500.3527400602,70433.456251362,91201.12127358938,31139.88059434605,40808.04878199329,50600.42547984018,60978.52502870654,72328.48104275306,83290.17409571672,114870.73618226704,53382.05132767299,44725.31658930147,70286.76404402251,31541.11966591136,49715.93631260662,58997.075982478986,8062.2861168374,27326.740305834373,32211.57137995379,49161.24013997274,55421.16368486834,77209.0740450404,86084.19553311588,13994.08099165692,28815.07284437551,36530.10731455783,52891.93337058503,78990.97402910158,23317.051327672998,1295.0293056509727
22062.062062062065,0.0,42198.83434572855,68737.57414081851,92459.52770519715,141946.23186664667,48570.19000779221,66430.9144528014,40998.59636016837,58999.04098394852,65417.812688263235,95488.42825864743,100832.4138914875,19180.545665461766,47582.84974046705,70546.18499149386,91315.56646170243,31187.925260080938,40881.49764260485,50679.426481741706,61084.81048829306,72423.5510086013,83421.29990592645,114996.82379379834,53499.08326132783,44822.099774292416,70384.00468630118,31619.644361402134,49832.24070912175,59113.302651397564,8101.299195031188,27403.84654165776,32290.73497503326,49271.13154752266,55520.00731333316,77330.92558628977,86217.3894221788,14037.291533332853,28891.645032641565,36607.59687687357,53007.09271719771,79103.54189834523,23434.083261327836,1372.0211992657714
22102.102102102104,0.0,42276.41758788563,68854.45377440091,92563.15472918429,142073.1709456246,48653.21085146669,66541.92922463274,41075.81577045475,59093.95042845563,65519.508867099416,95589.40042086071,100962.72575442914,19218.885259219376,47665.33793192601,70658.93184949558,91430.02300945578,31235.937350990047,40954.96929123676,50758.42376884885,61191.06635947322,72518.6205795388,83552.46113168848,115122.96073352081,53616.121089100765,44918.85749883513,70481.2825772643,31698.16962802397,49948.55394442554,59229.53759275068,8140.31405759964,27480.95847766037,32369.900728344266,49380.97397836691,55618.839104624785,77452.79016832387,86350.66270037711,14080.492248046226,28968.22528280654,36685.086344774725,53122.266548764135,79216.1266127038,23551.121089100765,1449.0189869986607
22142.142142142144,0.0,42354.004915150756,68971.32635654428,92666.75239515564,142200.1717252272,48736.21469946671,66652.9727426497,41153.04035046908,59188.79046211565,65621.2380067297,95690.11348349758,101093.3573735501,19257.227751916857,47747.81734674571,70771.69676188348,91544.49088154461,31283.917030930148,41028.46361865176,50837.41738461329,61297.292399666956,72613.69043982835,83683.65712994676,115249.14697269915,53733.164792129275,45015.58974598114,70578.59769613527,31776.695474656422,50064.875982205966,59345.78077738329,8179.33069885234,27558.076095260756,32449.068630743182,49490.76694874032,55717.65989724257,77574.66737863881,86484.01532685838,14123.683174022528,29044.81356207238,36762.57575121324,53237.45478924668,79328.72811552299,23668.164792129275,1526.0226499871314
22182.182182182183,0.0,42431.596317139214,69088.1918409465,92770.32076256818,142327.23410882146,48819.20164023049,66764.04488086895,41230.27008488057,59283.56125046576,65723.00002363074,95790.57184344021,101224.30419142245,19295.573134628314,47830.288017133986,70884.47966543789,91658.97004281654,31331.8644629999,41101.98051600016,50916.40737208382,61403.48836654684,72708.76126721337,83814.88726533225,115375.38248258071,53850.21435164081,45112.29649910248,70675.95002199696,31855.221910076605,50181.206786375384,59462.032176288274,8218.34911312602,27635.199375968878,32528.2386731388,49600.50997222091,55816.470530973544,77696.5568086792,86617.44725864966,14166.864349303774,29121.409837839346,36840.06512874798,53352.657363184204,79441.34635040001,23785.214351640814,1603.032169458631
22222.222222222226,0.0,42509.191783502836,69205.05018135654,92873.85989131167,142454.35799970053,48902.171761788864,66875.14551389308,41307.504958424804,59378.26296174372,65824.79483091475,95890.77989238258,101355.5616568501,19333.921398471735,47912.74997519761,70997.28049720176,91773.4604582705,31379.77980953889,41175.519874824015,50995.39377391012,61509.654018044464,72803.83373299135,83946.15091007222,115501.66723439466,53967.26974895209,45208.977741890936,70773.33953379102,31933.748942960152,50297.546321068556,59578.29176060532,8257.3692947844,27712.328301385365,32607.41084649188,49710.20255975982,55915.27184685228,77818.45805384163,86750.95845066031,14210.035811749513,29198.014077704363,36917.55450954908,53467.8741956866,79553.98126118195,23902.269748952087,1680.0475267298607
22262.262262262266,0.0,42586.79130392997,69321.90133157253,92977.36984170653,142581.54330108484,48985.125151766086,66986.27451690883,41384.74495590358,59472.89576684857,65926.62233837118,95990.7420123702,101487.12522932488,19372.272534608906,47995.2032529426,71110.09919447982,91887.96209305621,31427.66323212708,41249.08158706112,51074.376632346546,61615.78911235778,72898.90850208746,84077.44744390028,115628.00119935075,54084.33096546859,45305.63345835746,70870.76621031747,32012.276581882394,50413.89455064098,59694.55950162012,8296.391238218002,27789.462853201047,32686.585141814914,49819.844219713144,56014.06468712024,77940.37071347813,86884.54885568557,14253.197599038012,29274.62624945957,36995.043925402475,53583.10521242921,79666.6327919646,24019.330965468587,1757.0687032063215
22302.302302302305,0.0,42664.39486814542,69438.74524544063,93080.85067450118,142708.78991612376,49068.061897380394,67097.43176568538,41461.990062184304,59567.459839300886,66028.48245250885,96090.46257157586,101618.99038324563,19410.626534245,48077.64788227375,71222.93569483739,92002.47491247309,31475.51489158407,41322.6655450489,51153.355989256044,61721.893407957985,72993.98623312649,84208.77625396728,115754.38434863827,54201.39798268404,45402.26363283149,70968.23003023426,32090.80483531941,50530.25143966707,59810.83537076333,8335.414937844067,27866.603013196323,32765.761550171756,49929.434457875315,56112.84989518324,78062.29439089811,87018.21842441018,14296.34974866734,29351.2463210908,37072.5334077141,53698.35033964767,79779.30088709103,24136.397982684037,1834.0956803817317
22342.342342342345,0.0,42742.002465910075,69555.58187685313,93184.3024508697,142836.09774789627,49150.982085444615,67208.61713657246,41539.24026219971,59661.95535520249,66130.37507659856,96189.94592031094,101751.1526119021,19448.983388628258,48160.08389499488,71335.78993609917,92116.99888196946,31523.334947968593,41396.271641527994,51232.33188611366,61827.96666359669,73089.0675785045,84340.13673475242,115880.81665342476,54318.470782179706,45498.868249960244,71065.73097205683,32169.333711648967,50646.616952938224,59927.11933960958,8374.440388106294,27943.74876324048,32844.9400626772,50038.97277751413,56211.62831556748,78184.22869337053,87151.96710541245,14339.492297956316,29427.87426077596,37150.022987514145,53813.60950413238,79891.98549115035,24253.470782179706,1911.128439837361
22382.382382382384,0.0,42819.614087020775,69672.41117974737,93287.72523240943,142963.4666994125,49233.88580236685,67319.83050649859,41616.49554094741,59756.382493196055,66232.3001107157,96289.19638727033,101883.60743122525,19487.343089049726,48242.5113228087,71448.6618563483,92231.53396714176,31571.123560578177,41469.89976964582,51311.30436401036,61934.00863831375,73184.15318445931,84471.52828797544,116007.29808485502,54435.54934562391,45595.44729470803,71163.26901415741,32247.8632191516,50762.991055461214,60043.41137987655,8413.467583474758,28020.900085291156,32924.12067049666,50148.45867940773,56310.4007938745,78306.17323212432,87285.79484516873,14382.625284045673,29504.510036883585,37227.5126954613,53928.88263322337,80004.68654897608,24370.549345623913,1988.1669632415287
22422.422422422424,0.0,42897.22972131042,69789.23310810394,93391.11908113863,143090.8966736151,49316.7731341513,67431.07175296938,41693.75588348969,59850.74143442447,66334.25745178357,96388.21827600806,102016.35038330714,19525.705626843064,48324.93019731681,71561.5513939253,92346.08013373375,31618.880887948973,41543.54982296005,51390.273463656784,62040.019091444796,73279.24369114064,84602.95032250969,116133.82861405023,54552.63365477155,45692.00075235568,71260.84413476501,32326.393366011715,50879.373712456385,60159.71146342412,8452.496518445823,28098.056961393802,33003.30336484596,50257.891661883536,56409.1681767343,78428.1276223493,87419.70158805847,14425.748743899145,29581.153617971406,37305.00256184703,54044.16965480512,80117.40400564534,24487.633654771547,2065.2112323491237
22462.462462462463,0.0,42974.84935864728,69906.04761594534,93494.48405949379,143218.38757337994,49399.6441663987,67542.34075406531,41771.02127495284,59945.03236248934,66436.24699361663,96487.01586163873,102149.37703969379,19564.070993383968,48407.34055001956,71674.45848742666,92460.63734763538,31666.607087855304,41617.22169544157,51469.23922538653,62145.997782629136,73374.33973267872,84734.40225429527,116260.40821210633,54669.72369146324,45788.52860849959,71358.45631196443,32404.92416031832,50995.764889355756,60276.01956225317,8491.527187541655,28175.219373680862,33082.48813699065,50367.271220858405,56507.93131175706,78550.09148319517,87553.68727636899,14468.862714304269,29657.804972784652,37382.49261659935,54159.47049730114,80230.13780647691,24604.723691463238,2142.2612290007746
22502.502502502502,0.0,43052.47298893538,70022.8546573346,93597.82023032772,143345.93930151808,49482.498984307385,67653.63738844043,41848.29170052709,60039.25546341005,66538.26862696458,96585.59338776334,102282.68300445573,19602.439180090245,48489.74241231624,71787.38307570413,92575.20557488248,31714.30231730999,41690.91528147793,51548.2016891602,62251.94447181801,73469.44193725275,84865.8835062538,116387.03685009347,54786.819437625156,45885.030849051385,71456.10552369643,32483.455610066372,51112.1645518016,60392.33564850499,8530.559585310606,28252.387304371558,33161.6749782461,50476.59684988157,56606.69104748346,78672.06443777122,87687.7518503016,14511.96723187378,29734.46407025487,37459.98288928735,54274.78508966933,80342.88789703042,24721.819437625156,2219.3169351226534
22542.542542542546,0.0,43130.10060211393,70139.6541863735,93701.12765690671,143473.5517607765,49565.337672673806,67764.96153531998,41925.567145466055,60133.410925581884,66640.32223955602,96683.95506361067,102416.26391704113,19640.810178421194,48572.135815504924,71900.32509786343,92689.78478165547,31761.9667325641,41764.63047587595,51627.16089456856,62357.858919282764,73564.55092715788,84997.3935082032,116513.7144990546,54903.92087526817,45981.50746023692,71553.79174775687,32561.987723157443,51228.57266564447,60508.65969446005,8569.593706326454,28329.560735770974,33240.863879976794,50585.86804017852,56705.44823333321,78794.04611314404,87821.89524797701,14555.062333046295,29811.13087949824,37537.47340912481,54390.11336139656,80455.65422310478,24838.92087526817,2296.378332725624
22582.582582582585,0.0,43207.73218815744,70256.44615720169,93804.40640290853,143601.22485383943,49648.16031589348,67876.3130744989,42002.84759508643,60227.498939734236,66742.40771614294,96782.10506139178,102550.1154549169,19679.1839798776,48654.52079078252,72013.28449326323,92804.3749342788,31809.600489107335,41838.36717386475,51706.11688083626,62463.7408856235,73659.66731887177,85128.93169677389,116640.44113000453,55021.02798648748,46077.95842859576,71651.51496179661,32640.520507400895,51344.98919694164,60624.99167253731,8608.62954518884,28406.73965026968,33320.05483359623,50695.08428069774,56804.20371955201,78916.03614033558,87956.11740544197,14598.148054087578,29887.805369814276,37614.96420497445,54505.45524249384,80568.4367307369,24956.02798648748,2373.445403904894
22622.622622622624,0.0,43285.36773707543,70373.23052399467,93907.65653242003,143728.9584833298,49730.966997961776,67987.69188633979,42080.13303476768,60321.51969888863,66844.52493854519,96880.04751385986,102684.23333600379,19717.560576001357,48736.8973692448,72126.26120151415,92918.97599922022,31857.20374166821,41912.125271098506,51785.069686825394,62569.59013177785,73754.79172311998,85260.49751532516,116767.21671392905,55138.140753462096,46174.3837409805,71749.27514332107,32719.053970514822,51461.414111955535,60741.33155529329,8647.667096522742,28483.924030343165,33399.24783056658,50804.24505815872,56902.958357157,79038.03415432018,88090.41825667584,14641.224431091516,29964.48751068443,37692.45530535179,54620.81066349152,80681.23536620072,25073.140753462092,2450.5181308394676
22662.662662662664,0.0,43363.007238912134,70490.00724096267,94010.87810993442,143856.75255181032,49813.75780247452,68099.09785177087,42157.4234499515,60415.473398316215,66946.6737856949,96977.78651207002,102818.61332091218,19755.93995837498,48819.26558188619,72239.2551624774,93033.58794308951,31904.776644214213,41985.90466365853,51864.019351038594,62675.40641902963,73849.92474494045,85392.0904138627,116894.04122178348,55255.259158454035,46270.783384555805,71847.0722696896,32797.58812012676,51577.847377151746,60857.679315420915,8686.706354978302,28561.113858551085,33478.44286239808,50913.34985710203,57001.71299788014,79160.03979402059,88224.79773359737,14684.291499980878,30041.17727177042,37769.94673842882,54736.179555434064,80794.05007600531,25190.25915845403,2527.5964957913675
22702.702702702703,0.0,43440.650683746586,70606.77626234913,94114.07120034931,143984.60696178465,49896.53281262916,68210.53085228434,42234.718826141616,60509.360235495566,67048.8541336816,97075.32610333138,102953.25121498495,19794.322118621636,48901.625459600175,72352.26631626408,93148.2107326384,31952.319349952613,42059.70524805625,51942.96591162282,62781.18950901814,73945.06698374721,85523.70984895708,117020.91462449182,55372.3831838081,46367.15734679796,71944.90631811554,32876.122963774935,51694.28895919772,60974.03492574894,8725.74731523087,28638.309117536894,33557.63992064904,51022.39815994196,57100.46849411036,79282.05270230441,88359.25576607234,14727.349296508604,30117.874622913147,37847.43853203813,54851.561849875616,80906.88080689419,25307.3831838081,2604.6804811053953
22742.742742742743,0.0,43518.29806169241,70723.53754242955,94217.23586896437,144112.5216156989,49979.29211122545,68321.99076993429,42312.019148903426,60603.18041006992,67151.06585579722,97172.67028934552,103088.14287015464,19832.707048404744,48983.97703317901,72465.2946032339,93262.84433475908,31999.832011330775,42133.52692123518,52021.90940637263,62886.93916374773,74040.21903339316,85655.35528366241,117147.83689294587,55489.512811951245,46463.505615494105,72042.77726566562,32954.658508909,51810.738824961045,61090.398359240935,8764.789971980848,28715.50979002728,33636.83899692539,51131.389447020665,57199.225698833725,79404.07252597873,88493.79228192108,14770.39785625875,30194.57953413114,37924.93071367657,54966.957478874996,81019.7275058438,25424.51281195124,2681.770069208498
22782.782782782782,0.0,43595.94936289751,70840.29103550964,94320.37218147889,144240.49641594288,50062.035780666396,68433.47748733487,42389.32440386361,60696.93412380458,67253.30882258112,97269.82302452327,103223.2841866219,19871.094739427692,49066.32033331386,72578.3399639941,93377.48871648405,32047.314780036853,42207.36958057321,52100.84987273346,62992.65514559682,74135.38148223187,85787.02618743683,117274.80799800399,55606.64802539202,46559.82817874147,72140.68508925979,33033.194762891064,51927.196941507806,61206.76958899441,8803.834319953407,28792.715858831554,33716.040082880354,51240.32319666452,57297.9854655717,79526.098915785,88628.4072069265,14813.437214647332,30271.29197561927,38002.42331050901,55082.366374991114,81132.59012006226,25541.64802539202,2758.8652426092376
22822.82282282282,0.0,43673.604577544094,70957.03669592449,94423.4802039895,144368.531264851,50144.76390295912,68544.99088765822,42466.63457670978,60790.62158054396,67355.58290186556,97366.78821447314,103358.67111436233,19909.48518343357,49148.65539059484,72691.40233939866,93492.1438449848,32094.767807000564,42281.23312388459,52179.78734780499,63098.337217328066,74230.55491317839,85918.7220360626,117401.82791049014,55723.788806720084,46656.12502494663,72238.6297656707,33111.731732996486,52043.663276101,61323.148588239936,8842.880353898407,28869.927306841095,33795.24317021412,51349.19888524256,57396.74864831764,79648.13152639296,88763.10046484253,14856.467406923413,30348.011917747277,38079.916349372,55197.7884712782,81245.46859698821,25658.78880672008,2835.9659838972584
22862.862862862865,0.0,43751.26369584836,71073.77447803659,94526.56000298791,144496.62606470395,50227.4765597158,68656.53085463264,42543.94965319008,60884.24298616854,67457.88795882085,97463.56971465344,103494.29965446959,19947.878372204905,49230.982235510965,72804.48167054677,93606.8096875714,32142.191242393863,42355.11744942186,52258.72186834444,63203.985142097954,74325.73990376918,86050.44231156798,117528.89660119292,55840.93513860565,46752.39614282483,72336.61127152361,33190.26942641483,52160.13779619898,61439.535330340295,8881.92806859026,28947.144117028853,33874.44825067349,51458.01598722729,57495.51610147167,79770.17001639394,88897.87197740261,14899.488468170042,30424.739331058536,38157.40985677748,55313.223701281284,81358.36288428947,25775.935138605655,2913.07227574279
22902.902902902904,0.0,43828.92670806048,71190.50433623494,94629.61164535861,144624.78071772962,50310.173832154615,68768.09727254059,42621.269619112965,60977.79854855221,67560.22385600112,97560.17132918102,103630.16586034225,19986.27429756343,49313.30089845031,72917.57789878223,93721.48621169153,32189.585235632032,42429.022455877755,52337.65347076976,63309.598683467106,74420.93702622116,86182.18650214953,117656.01404086444,55958.08700379905,46848.64152139923,72434.62958329597,33268.807850250756,52276.62046945392,61555.92978878958,8920.977458827798,29024.3662724488,33953.655316051685,51566.77397525727,57594.28867977344,79892.21404829375,89032.72166432904,14942.500433305206,30501.474186268628,38234.90385891638,55428.67199903153,81471.2729298619,25893.08700379905,2990.1841008961455
22942.942942942944,0.0,43906.5936044643,71307.22622493345,94732.63519837649,144752.99512610465,50392.85580110067,68879.69002621666,42698.59446034671,61071.288477518596,67662.5904533895,97656.5968097893,103766.26583872073,20024.67295136974,49395.61140969995,73030.69096569212,93836.17338492985,32236.949935374494,42502.94804238678,52416.582191162976,63415.17760541043,74516.14684748978,86313.9541020952,117783.18020021956,56075.244385130136,46944.86115000016,72532.68467731717,33347.347011524835,52393.111263710205,61672.331937212424,8960.028519434018,29101.593756235405,34032.86435818789,51675.4723202021,57693.06723823301,80014.26328850484,89167.64944334193,14985.503337082773,30578.216454264086,38312.39838166219,55544.133299041816,81584.19868182801,26010.244385130132,3067.3014421871885
22982.982982982983,0.0,43984.26437537739,71423.94009856967,94835.63072970479,144881.2691919556,50475.522546987064,68991.30900104571,42775.924162819196,61164.712984798534,67764.98760844415,97752.84985492799,103902.59575058357,20063.07432552315,49477.91379944621,73143.82081310597,93950.87117500724,32284.285489525977,42576.89410852695,52495.50806527327,63520.72167232777,74611.36992932615,86445.7446117086,117910.39504993457,56192.40726550788,47041.05501826444,72630.77652976834,33425.88691717453,52509.610147003,61788.74174936314,8999.081245256195,29178.82655160312,34112.07536896707,51784.110491229614,57791.85263205989,80136.3174073381,89302.65523016927,15028.497214093484,30654.96610610108,38389.89345057456,55659.60753630227,81697.14008853609,26127.407265507874,3144.424282524891
23023.023023023023,0.0,44061.93901115068,71540.6459116035,94938.59830739273,145009.60281736,50558.17414985574,69102.95408296083,42853.258712517534,61258.07228398649,67867.41517614343,97848.93410899701,104039.15181190852,20101.478411961343,49560.208097774375,73256.9673830945,94065.57954977987,32331.59204523757,42650.8605543212,52574.43112852017,63626.23064905446,74706.60682833321,86577.55753723347,118037.65856064648,56309.575627919796,47137.22311613454,72728.90511668203,33504.42757405494,52626.117087556646,61905.159199124784,9038.135631165413,29256.064641845805,34191.28834031957,51892.68795587514,57890.645716590094,80258.37607899391,89437.73893855659,15071.482098765879,30731.723113004075,38467.38909090264,55775.094646275786,81810.0970985585,26244.575627919792,3221.5526048967695
23063.063063063062,0.0,44139.61750216842,71657.34361851572,95041.53799987317,145137.99590434786,50640.81068935862,69214.6251584413,42930.5980954877,61351.36659049765,67969.87300903187,97944.85316170733,104175.93029430673,20139.88520266015,49642.49433466913,73370.13061796878,94180.2984772387,32378.869748908,42724.847280238755,52653.3514159967,63731.70430087227,74801.85809602094,86709.3923907797,118164.9707029519,56426.74945543149,47233.36543385792,72827.070413942,33582.96898893971,52742.63205378322,62021.584260508476,9077.191672056691,29333.308010336303,34270.50326422084,52001.2041801132,57989.447347211186,80380.43898155262,89572.90048027737,15114.458025367196,30808.48744636458,38544.88532758871,55890.594564893676,81923.06966069102,26361.749455431487,3298.686392368425
23103.1031031031,0.0,44217.299838847975,71774.03317380679,95144.44987596049,145266.448354903,50723.4322447585,69326.32211451062,43007.94229783422,61444.59612152455,68072.36095726557,98040.61054756273,104312.92752553732,20178.29468963324,49724.772540014324,73483.31046027901,94295.02792550855,32426.118746184846,42798.85418719644,52732.268962472386,63837.142393520306,74897.12427886066,86841.24869024965,118292.33144740609,56543.92873118611,47329.481961986196,72925.27239728293,33661.5111685218,52859.15501428103,62138.01690765242,9116.249362848615,29410.55664052578,34349.720132691116,52109.658628431134,58088.25837928534,80502.50579696479,89708.13976514366,15157.425028004323,30885.259077739825,38622.3821852714,56006.10722855138,82036.05772395122,26478.928731186115,3375.8256280830137
23143.14314314315,0.0,44294.98601163978,71890.71453199544,95247.33400484838,145394.9600709639,50806.03889493029,69438.04483873461,43085.291305719824,61537.7610959942,68174.87886865795,98136.2097454535,104450.13988990837,20216.70686493202,49807.04274359329,73596.50685281373,94409.76786284757,32473.339181966017,42872.881176559946,52811.18380239655,63942.54469320663,74992.40591833857,86973.12595926566,118419.74076452226,56661.11343840402,47425.57269137454,73023.51104229034,33740.05411941446,52975.68593783319,62254.45711482126,9155.308698483499,29487.810515943434,34428.93893779522,52218.05076390549,58187.079668070306,80624.57621104058,89843.45670101701,15200.383140624755,30962.037978851626,38699.879688289315,56121.632574104224,82149.06123757755,26596.11343840402,3452.9702952608714
23183.183183183188,0.0,44372.676011027106,72007.38764761758,95350.19045610758,145523.53095442549,50888.6307183618,69549.7932192192,43162.645105365176,61630.86173452483,68277.42658872512,98231.65417835713,104587.56382857182,20255.12172064522,49889.30497508876,73709.71973859853,94524.5182576463,32520.531200401012,42946.92815014478,52890.095969901035,64047.91096661916,75087.70355100784,87105.02372709807,118547.19862477001,56778.30356038209,47521.63761318069,73121.78632440031,33818.59784815187,53092.22479340606,62370.90485640516,9194.369673926907,29565.069620195787,34508.1596716421,52326.380048280196,58285.91206863868,80746.64991343862,89978.85119381963,15243.332397017439,31038.824121584985,38777.37786068413,56237.17053886306,82262.08015102809,26713.30356038209,3530.120377198902
23223.223223223227,0.0,44450.369827525836,72124.05247522454,95453.01929968358,145652.16090714006,50971.207793155016,69661.56714460852,43240.00368304849,61723.89825938297,68380.00396073153,98326.94721313874,104725.19583971876,20293.539248898713,49971.559264083,73822.94906089517,94639.27907842699,32567.694944892588,43020.99501021732,52969.00549880348,64153.24098093771,75183.01770854036,87236.94152859427,118674.70499857508,56895.499080493384,47617.67671886437,73220.09821889918,33897.14236119005,53208.771550147925,62487.36010691895,9233.432284167804,29642.333936966308,34587.38232638464,52434.64594204727,58384.75643579439,80868.72659765463,90114.32314754576,15286.272830813745,31115.6174779869,38854.87672620398,56352.72106059024,82375.11441397916,26830.499080493384,3607.275857270157
23263.263263263267,0.0,44528.0674516845,72240.70896938238,95555.82060589461,145780.84983091854,51053.77019702707,69773.36650408288,43317.36702510519,61816.87089444042,68482.61082573532,98422.09216044402,104863.0324786816,20331.95944185526,50053.80564005782,73936.19476320058,94754.050293843,32614.8305580981,43095.08165949574,53047.9124226101,64258.53450384566,75278.34891777714,87368.87890410866,118802.25985631788,57012.69998218661,47713.69000018642,73318.44670092354,33975.687664907644,53325.32617738748,62603.82284100145,9272.496524218179,29719.60345001481,34666.60689421932,52542.84790452989,58483.61362398794,80990.8059610095,90249.87246427358,15329.204475488285,31192.418020265155,38932.37630830672,56468.28407749529,82488.16397632453,26947.699982186612,3684.4367189233453
23303.303303303306,0.0,44605.768874083995,72357.35708467016,95658.59444542925,145909.59762753194,51136.31800731139,69885.19118735672,43394.73511792765,61909.77986513159,68585.24702263362,98517.09227468027,105001.07035794875,20370.382291714275,50136.04413239485,74049.45678924577,94868.83187267798,32661.938181931342,43169.1880011508,53126.816774518804,64363.791303541766,75373.69770077802,87500.83539943318,118929.86316833278,57129.9062489857,47809.677449208095,73416.83174545999,34054.23376560672,53441.88864463248,62720.29303341461,9311.562389113104,29796.87814317708,34745.833367385974,52650.98539396766,58582.48448722899,81112.88770463644,90385.49904417741,15372.127364359905,31269.225720787126,39009.87663016314,56583.85952823105,82601.22878817405,27064.906248985702,3761.6029456823962
23343.343343343346,0.0,44683.47408533751,72473.9967756788,95761.34088934452,146038.40419871255,51218.85130095881,69997.04108467652,43472.107947964854,62002.62539841061,68687.91238820774,98611.95075407787,105139.30614709892,20408.807790711628,50218.274770375494,74162.73508299494,94983.62378384528,32709.017957564123,43243.31393880659,53205.718587421994,64469.0111487526,75469.06457487031,87632.81056572896,119057.51490490747,57247.11786448934,47905.639058290246,73515.2533273451,34132.78066951355,53558.45892156834,62836.77065904277,9350.629873910511,29874.158000364347,34825.06173816748,52759.0578676043,58681.36987899715,81234.97153346843,90521.20278553979,15415.04153059252,31346.040552078535,39087.37771466019,56699.447351889474,82714.30879985259,27182.117864489337,3838.7745211459915
23383.383383383385,0.0,44761.183076090274,72590.62799700987,95864.06000906328,146167.26944615503,51301.37015453858,70108.91608681882,43549.485501722025,62095.40772270878,68790.60675716835,98706.67074082684,105277.73657265914,20447.235931119263,50300.49758318098,74276.02958864422,95098.42599638688,32756.070025428,43317.45937654108,53284.617893909446,64574.19380874458,75564.45005269645,87764.80395945828,119185.21503628136,57364.33481237039,48001.574820092515,73613.71142126489,34211.32838277936,53675.03697805666,62953.25569289177,9389.698973691022,29951.443005562687,34904.29199888938,52867.064781777524,58780.270652150306,81357.05715622407,90656.98358476421,15457.94700719598,31422.862486822203,39164.87958440398,56815.047487997566,82827.40396189867,27299.33481237039,3915.951428987006
23423.423423423425,0.0,44838.89583701959,72707.25070327439,95966.75187637264,146296.1932715179,51383.87464423969,70220.81608508815,43626.86776576042,62188.12706789219,68893.32996220035,98801.25532128396,105416.35841789431,20485.66670524516,50382.71259989268,74389.34025062103,95213.2384794734,32803.094525216104,43391.624218886835,53363.51472627134,64679.33905333678,75659.85464226114,87896.81514231818,119312.96353264537,57481.55707637563,48097.48472757262,73712.20600175523,34289.87691148113,53791.62278413399,63069.74811008835,9428.769683557872,30028.733142832767,34983.52414191978,52975.00559201147,58879.187658831404,81479.14428539448,90792.841336388,15500.843827027002,31499.691497857017,39242.382261723076,56930.65987651363,82940.51422506379,27416.557076375633,3993.1336529522086
23463.463463463468,0.0,44916.612358834514,72823.86484909133,96069.41656342131,146425.17557642484,51466.36484587187,70332.74097131501,43704.254726696934,62280.78366521937,68996.08183400772,98895.70752624382,105555.16852253105,20524.100105432946,50464.919849491955,74502.66701358274,95328.0612024026,32850.09159588504,43465.80837083136,53442.40911650088,64784.44665291334,75755.27884697693,88028.84368117418,119440.76036414056,57598.78464032517,48193.36877398553,73810.73704320134,34368.42626162237,53908.21631001038,63186.24788587928,9467.841998636828,30106.028396309182,35062.75815966891,53082.87975311129,58978.12175037233,81601.23263722821,90928.77593309555,15543.732022790027,31576.52755817663,39319.88576867145,57046.28445782314,83053.63954031072,27533.784640325164,4070.3211768616966
23503.503503503507,0.0,44994.33263227589,72940.47038908664,96172.05414271777,146554.21626246555,51548.84083486678,70444.69063785367,43781.6463712038,62373.37774729917,69098.86220135808,98990.03033126902,105694.16378242272,20562.536124061735,50547.119360860466,74616.00982241592,95442.89413459925,32897.06137565673,43540.01173781754,53521.30109629727,64889.516378436565,75850.72316570944,88160.8891479949,119568.60550085743,57716.01748811198,48289.226952882644,73909.30451983781,34446.97643913381,54024.817526068044,63302.754995630574,9506.91591407597,30183.328750200068,35141.99404458895,53190.686719260186,59077.073777196405,81723.32193171675,91064.78726573152,15586.611627038023,31653.370640928337,39397.390127031555,57161.921172734954,83166.77985881295,27651.01748811198,4147.513984608471
23543.543543543547,0.0,45072.05664811593,73057.06727789184,96274.66468712794,146683.3152311975,51631.30268627915,70556.66497758024,43859.04268600826,62465.90954804866,69201.67089112707,99084.22665707605,105833.34114916025,20600.9747535458,50629.31116278017,74729.3686222351,95557.73724561416,32944.004002020345,43614.23422574386,53600.19069706827,64994.54800145952,75946.18809282136,88292.95111978773,119696.49891283501,57833.25560370147,48385.05925811095,74007.90840574844,34525.527449874135,54141.426402860016,63419.26941482672,9545.991425045471,30260.63418878651,35221.23178917359,53298.425944118644,59176.04458871816,81845.41189257907,91200.8752233147,15629.482672173355,31730.220719411867,39474.89535831728,57277.56996247744,83279.9351319532,27768.25560370147,4224.712060157923
23583.583583583586,0.0,45149.78439715842,73173.65547014298,96377.24826987323,146812.47238414685,51713.75047478809,70668.66388389064,43936.44365789235,62558.37930265174,69304.50772834275,99178.29936996964,105972.69762963217,20639.415986334527,50711.49528393355,74842.74335838208,95672.59050512372,32990.91961173447,43688.47574096488,53679.0779499333,65099.54129413986,76041.67411821577,88425.02917853536,119824.44057006013,57950.498971131165,48480.86568381244,74106.5486748663,34604.07929963085,54258.042911108925,63535.79111907012,9585.068526737745,30337.944696422364,35300.47138595798,53406.09688092634,59275.03503324157,81967.50224724603,91337.0396930518,15672.345190448767,31807.077767078415,39552.40148377705,57393.230768694804,83393.10531132242,27885.49897113116,4301.915387547575
23623.623623623625,0.0,45227.51587023839,73290.23492047917,96479.80496452836,146941.68762280996,51796.18427469813,70780.68725069841,44013.84927369251,62650.787247517306,69407.3725362296,99272.2512823238,106112.2302855399,20677.859814912033,50793.67175290363,74956.13397642474,95787.453882929,33037.808340829084,43762.73619029118,53757.96288572585,65204.49602925256,76137.18172737853,88557.12291113261,119952.43044246626,58067.74757451008,48576.646224423035,74205.2253009735,34682.63199412088,54374.6670217056,63652.32008408013,9624.147214367134,30415.260257533482,35379.712827518306,53513.698982605914,59374.04595785533,82089.59272684413,91473.28056035175,15715.199213968077,31883.94175752932,39629.908524396626,57508.90353344311,83506.29034871876,28002.74757451008,4379.123950886453
23663.663663663665,0.0,45305.2510582219,73406.80558354165,96582.33484501918,147070.9608486544,51878.60415994043,70892.73497243259,44091.2595202993,62743.13362023801,69510.26513625207,99366.085153104,106251.93623287095,20716.306231796938,50875.84059817417,75069.540422156,95902.32734895525,33084.67032460756,43837.015480989474,53836.84553499627,65309.411980203775,76232.7114014193,88689.23190932463,120080.46849993271,58185.00139801834,48672.400874671875,74303.93825770114,34761.18553899127,54491.298705707704,63768.85628569238,9663.2274831697,30492.580856617373,35458.95610647151,53621.23170186939,59473.07820832684,82211.68306617915,91609.59770883976,15758.044774687001,31960.812664514975,39707.41650090199,57624.588199186735,83619.49019614635,28120.00139801834,4456.3377343546745
23703.703703703704,0.0,45382.98995200603,73523.36741397224,96684.83798562064,147200.29196312034,51961.01020407409,71004.80694403581,44168.67438465709,62835.418659549316,69613.18534815859,99459.80368842608,106391.81264133542,20754.755229542232,50958.00184812971,75182.96264159307,96017.21087325105,33131.505697649016,43911.31352078275,53915.725928014464,65414.28892104431,76328.26361711265,88821.35576964548,120208.55471228412,58302.2604259068,48768.129629580566,74402.68751852933,34839.73993981998,54607.937934338624,63885.3996998581,9702.309328403262,30569.90647824282,35538.20121547507,53728.69449132684,59572.13262899359,82333.77300371886,91745.99102037237,15800.881904414127,32037.690461933827,39784.925433762335,57740.28470879462,83732.70480581425,28237.2604259068,4533.556722203095
23743.743743743744,0.0,45460.73254251881,73639.92036641251,96787.31446095486,147329.6808676219,52043.40248028733,71116.90306096214,44246.093853763865,62927.64260528852,69716.1329900245,99553.40954215068,106531.85673376803,20793.20680073503,51040.15553105587,75296.40058097632,96132.10442598797,33178.3145938105,43985.63021785018,53994.60409477261,65519.12662648373,76423.83884693745,88953.49409335777,120336.68904928911,58419.52464249662,48863.83248446231,74501.47305678717,34918.2952021166,54724.58467898613,64001.95030264337,9741.392745347202,30647.23710704937,35617.44814722678,53836.08680359732,59671.21006265265,82455.86228157613,91882.4603750519,15843.710634811683,32114.575123831208,39862.43534319284,57855.993005536686,83845.93413013569,28354.524642496614,4610.78089875287
23783.783783783787,0.0,45538.47882071887,73756.46439550254,96889.7643459889,147459.1274635482,52125.781061398695,71229.02321917498,44323.5179146708,63019.805698354314,69819.1078782953,99646.90531650538,106672.06578550034,20831.660937996297,51122.301675139395,75409.85418676832,96247.00797745952,33225.09714622908,44059.965480826955,54073.48006498761,65623.92487190403,76519.43755911567,89085.64648639283,120464.87148065981,58536.79403217873,48959.509434921085,74600.29484565259,34996.85133132296,54841.23891120107,64118.50807022837,9780.477729302384,30724.572727746865,35696.69689446438,53943.40809142204,59770.31135044768,82577.95064549087,92019.00565124178,15886.530997396298,32191.4666243982,39939.94624915744,57971.71303308019,83959.17812172636,28471.794032178732,4688.010248394945
23823.823823823826,0.0,45616.22877759546,73872.99945587936,96992.18771603258,147588.63165226477,52208.146019858235,71341.1673151449,44400.94655448193,63111.90818066638,69922.10982782929,99740.29356273604,106812.43712370616,20870.117633980655,51204.44030846817,75523.32340565289,96361.92149808072,33271.853487324304,44134.31921880413,54152.35386810381,65728.6834333739,76615.0602176504,89217.81255929172,120593.10197605088,58654.068579413484,49055.160476850724,74699.15285815243,35075.40833281385,54957.900602696136,64235.072978906646,9819.564275590918,30801.91332511501,35775.9474499653,54050.65780777983,59869.437331754416,82700.03784481192,92155.62672558171,15929.343023539845,32268.364937970604,40017.45817137157,58087.44473548614,84072.43673340397,28589.068579413484,4765.244755589658
23863.863863863866,0.0,45693.9824041683,73989.52550217627,97094.5846467368,147718.19333511463,52290.49742774896,71453.33524584775,44478.37976035411,63203.95029512557,70025.13865194035,99833.57678178091,106952.96812672277,20908.576881376226,51286.57145903165,75636.80818453414,96476.84495838755,33318.583748800476,44208.69134132851,54231.22553329554,65833.40208766302,76710.70728236315,89349.99192714719,120721.38050505873,58771.34826873029,49150.7856064343,74798.04706716242,35153.96621189776,55074.56972534469,64351.64500508455,9858.652379556217,30879.258884003004,35855.19980654653,54157.83540600499,59968.588844063706,82822.12363247894,92292.32347300318,15972.146744470363,32345.270039027917,40094.971129305064,58203.18805720584,84185.7099181868,28706.34826873029,4842.484404866424
23903.903903903905,0.0,45771.7396914874,74106.0424890214,97196.95521409105,147847.81241341977,52372.83535678782,71565.52690876235,44555.81751949639,63295.932285573996,70128.19416243976,99926.75742496538,107093.65622335186,20947.038672904302,51368.69515472069,75750.3084705355,96591.77832903594,33365.28806164896,44283.08175840213,54310.09508946958,65938.08061225651,76806.37920892975,89482.18420954619,120849.70703722059,58888.63308472704,49246.38482014304,74896.97744540713,35232.52497381742,55191.24625117947,64468.224125280314,9897.742036562635,30956.609389329,35934.45395706418,54264.94033990706,60067.76672286248,82944.20776500326,92429.09576674507,16014.942191272658,32422.181902192122,40172.48514218463,58318.94294307732,84298.9976292928,28823.633084727036,4919.729180823131
23943.943943943945,0.0,45849.50063063296,74222.55037103654,97299.29949442181,147977.48878848224,52455.15987832722,71677.74220186856,44633.259819170045,63387.854396755814,70231.27616967844,100019.83789471551,107234.49889214162,20985.503001319274,51450.81142332797,75863.8242109988,96706.72158080159,33411.96655615073,44357.490380482086,54388.96256526784,66042.71878536948,76902.07644891622,89614.38903051309,120978.08154201385,59005.92301206987,49341.958114735695,74995.94396546009,35311.08462375066,55307.93015239147,64584.810316123534,9936.833241995606,31033.964826079773,36013.70989441338,54371.97206389304,60166.97180151306,83066.29000244875,92565.9434783697,16057.729394889331,32499.100502226836,40250.00022899674,58434.70933832204,84412.2998201386,28940.92301206987,4996.979068125926
23983.983983983984,0.0,45927.265212715174,74339.04910283629,97401.61756439024,148107.22236158542,52537.47106335612,71789.98102364512,44710.70664668807,63479.71687427803,70334.38448258827,100112.82054528658,107375.4936606542,21023.969859408266,51532.92029254802,75977.3553534832,96821.67468457902,33458.61936187871,44431.91711848007,54467.82798906968,66147.3163859616,76997.79944981312,89746.60601845392,121106.50398885531,59123.21803549262,49437.50548725753,75094.94659974371,35389.64516681088,55424.621401328615,64701.40355435437,9975.925991261287,31111.32517931021,36092.967611527885,54478.93003309168,60266.20491113001,83188.37010841249,92702.86647777885,16100.50838612136,32576.025814036075,40327.51640849009,58550.487188541236,84525.61644433838,29058.218035492617,5074.234051508633
24024.024024024024,0.0,46005.03342887415,74455.5386390264,97503.90950099024,148237.01303399526,52619.768982501344,71902.24327306746,44788.157989414874,63571.5199645717,70437.51890872343,100205.70768350497,107516.63810471908,21062.439239990985,51615.021789977254,76090.9018457644,96936.63761138092,33505.2466077002,44506.361883761776,54546.69138899441,66251.8731937522,77093.54865506937,89878.83480610079,121234.97434710007,59240.51813979641,49533.02693503951,75193.98532052929,35468.20660804773,55541.319970494624,64818.00381682286,10015.020279786564,31188.69043414286,36172.227101379875,54585.81370347972,60365.46688045522,83310.44785000474,92839.86463322982,16143.279195628977,32652.957812663306,40405.03369917828,58666.27643971267,84638.94745570273,29175.51813979641,5151.494115772388
24064.064064064063,0.0,46082.80527027988,74572.01893420308,97606.17538154649,148366.8607069615,52702.05370602902,72014.52884960582,44865.613834766285,63663.26391485373,70540.67925430147,100298.5015695212,107657.92984767648,21100.911135919654,51697.115943114506,76204.46363583361,97051.61033233782,33551.84842177968,44580.82458814662,54625.552792903916,66356.3889892351,77189.32450412551,90011.07503045796,121363.49258604113,59357.823309849446,49628.5224556976,75293.06009993723,35546.76895244796,55658.02583254793,64934.61108048839,10054.11610301899,31266.060575767693,36251.488356979804,54692.62253201068,60464.758535731344,83432.52299782913,92976.93781135223,16186.041853932566,32729.896473290497,40482.55211934256,58782.07703818743,84752.29280823792,29292.823309849446,5228.7592457853825
24104.10410410411,0.0,46160.58072813187,74688.48994295171,97708.41528371247,148496.76528171916,52784.32530384563,72126.83765322292,44943.0741702089,63754.94897308847,70643.86532424361,100391.20441757135,107799.36655961107,21139.385540078547,51779.202779360756,76318.04067189657,97166.5928186971,33598.42493158094,44655.305143906895,54704.41222840479,66460.86355369381,77285.1274324456,90143.3263327476,121492.05867490829,59475.13353058632,49723.99204713167,75392.17090993687,35625.33220493575,55774.738960300354,65051.22532241876,10093.213456426518,31343.435589441473,36330.75137137597,54799.355976745195,60564.0807005727,83554.59532596174,93114.08587716433,16228.796391413205,32806.84177123695,40560.071687034055,58897.88893068636,84865.65245614461,29410.13353058633,5306.029426482219
24144.14414414415,0.0,46238.35979365927,74804.95161984571,97810.62928546846,148626.7266594893,52866.58384549954,72239.16958437205,45020.538983260136,63846.57538795032,70747.07692221526,100483.8183967457,107940.94595657961,21177.862445384017,51861.282326019646,76431.6329023727,97281.58504182266,33644.97626387005,44729.803463767355,54783.26972285095,66565.29666921661,77380.95787154893,90275.58835835701,121620.6725828676,59592.44878700786,49819.43570752481,75491.31772234678,35703.89637037361,55891.45932671607,65167.846519789775,10132.31233549746,31420.81546048748,36410.01613765441,54906.013496983505,60663.43419583497,83676.66461193068,93251.30869409001,16271.542838313682,32883.79368195843,40637.59242007663,59013.71206429694,84979.02635381705,29527.44878700787,5383.304642863721
24184.18418418419,0.0,46316.142458120565,74921.4039194455,97912.81746511957,148756.7447414807,52948.82940018216,72351.52454399488,45098.00826148775,63938.14340878614,70850.31385066557,100576.34563176232,108082.66579983292,21216.34184478416,51943.35461029739,76545.2402758941,97396.58697319424,33691.5025447177,44804.319460904415,54862.125303345965,66669.68811871223,77476.81624904058,90407.86075678615,121749.33427902054,59709.76906418061,49914.853435342375,75590.50050883467,35782.46145356283,56008.18690491043,65284.4746498844,10171.412735740392,31498.200174295027,36489.28264893859,55012.5945534003,60762.81983948266,83798.730636695,93388.6061239756,16314.281224739112,32960.75218104609,40715.11433606915,59129.54638647006,85092.4144558419,29644.769064180615,5460.584879996426
24224.22422422423,0.0,46393.92871280349,75037.84679629722,98014.9799012937,148886.81942889083,53031.062036729316,72463.90243351932,45175.48199250958,64029.653285578315,70953.57591086719,100668.78820374393,108224.52389503473,21254.823731258657,52025.41965930315,76658.86274130463,97511.59858440662,33738.003899502015,44878.85304894544,54940.97899674528,66774.037685925,77572.70298864113,90540.1431815961,121878.04373240317,59827.09434723643,50010.24522933115,75689.71924091749,35861.02745924416,56124.921668148745,65401.10969009217,10210.514652684047,31575.58971631908,36568.550898389156,55119.09860818063,60862.23844645488,83920.79318462328,93525.97802710708,16357.011580657701,33037.717244225496,40792.63745238804,59245.391845016726,85205.8167169973,29762.094347236434,5537.870123012206
24264.264264264268,0.0,46471.71854902487,75154.28020493171,98117.11667293964,149016.9506229072,53113.281823622485,72576.30315485742,45252.96016399325,64121.10526890801,71056.86290295505,100761.14815099693,108366.51809147859,21293.30809781846,52107.47750004899,76772.5002476589,97626.61984716916,33784.48045291097,44953.40414196794,55019.83082965862,66878.34515545063,77668.61851021602,90672.43529035791,122006.80091198548,59944.424621372076,50105.61108851836,75788.97388996155,35939.59439209834,56241.66358984524,65517.751617908405,10249.618081877,31652.984072079773,36647.82087920364,55225.52512515863,60961.69082852945,84042.85204347195,93663.4242622271,16399.73393590147,33114.6888473556,40870.16178618964,59361.248388104854,85319.23309225179,29879.424621372087,5615.160357107819
24304.304304304307,0.0,46549.51195813068,75270.70409986358,98219.2278593253,149147.13822470856,53195.48882899036,72688.72661040346,45330.44276365619,64212.499609919294,71160.17462596565,100853.42746979107,108508.64628130451,21331.794937505914,52189.528159450405,76886.15274422165,97741.65073330539,33830.93232894552,45027.97265449888,55098.680828452445,66982.61031275205,77764.56322980407,90804.73674460263,122135.60578667063,60061.75987184906,50200.95101221104,75888.26442718279,36018.16225674695,56358.41264356206,65634.40041093389,10288.723018887857,31730.383227162227,36727.09258461643,55331.87356995752,61061.177794185525,84164.90700436378,93800.94468655292,16442.44832016727,33191.66696642796,40947.68735441285,59477.11596425639,85432.66353676363,29996.759871849066,5692.455567544759
24344.344344344347,0.0,46627.308931495645,75387.11843558993,98321.31354003554,149277.38213546612,53277.68312060989,72801.17270303161,45407.9297792649,64303.83656028281,71263.51087787471,100945.62811513725,108650.90639871618,21370.284243394177,52271.57166432607,76999.8201804664,97856.69121475202,33877.359650921884,45102.558501513675,55177.52901925196,67086.83294417502,77860.53755964474,90937.04720977157,122264.45832529427,60179.10008399292,50296.264999994906,75987.59082364659,36096.731057752724,56475.16880300785,65751.05604687384,10327.829459304987,31807.787167215898,36806.366007898265,55438.14341013125,61160.70014846412,84286.95786176524,93938.53915579327,16485.154763017144,33268.651577565535,41025.214173781205,59592.9945223439,85546.10800587943,30114.100083992922,5769.755739648575
24384.38438438439,0.0,46705.10946052334,75503.5231665893,98423.3737949704,149407.68225634485,53359.86476590781,72913.64133609396,45485.42119863516,64395.116372160686,71366.87145563569,101037.7520015649,108793.29641920021,21408.776008587272,52353.60804139842,77113.50250607486,97971.74126355865,33923.762541474556,45177.16159843532,55256.375427943574,67191.01283696428,77956.54190820541,91069.36635516732,122393.35849662361,60296.445243193084,50391.553051733616,76086.95305026814,36175.300799620294,56591.93204203706,65867.7185035375,10366.937398736409,31885.195877954342,36885.64114235618,55544.334115308215,61260.25869282748,84409.00441346473,94076.20752416662,16527.85329387938,33345.64265702189,41102.74226080549,59708.88401158768,85659.56645513339,30231.44524319308,5847.060858808691
24424.42442442443,0.0,46782.91353664588,75619.91824732053,98525.40870434293,149538.0384885044,53442.033831961846,73026.1324134183,45562.917009631215,64486.339298171166,71470.25615521686,101129.80100389442,108935.81435874889,21447.27022621973,52435.637317293425,77227.19967093578,98086.80085188693,33970.141122558845,45251.78186113336,55335.220080176936,67295.14977927925,78052.5766802073,91201.69385390569,122522.30626935684,60413.79533490229,50486.81516756771,76186.35107781243,36253.87148679665,56708.7023346484,65984.38775883737,10406.04683280961,31962.60934515469,36964.9179813331,55650.44515733626,61359.85422501679,84531.04646054932,94213.94964441852,16570.543942048993,33422.64018118012,41180.27163178583,59824.78438155256,85773.03884024621,30348.795334902283,5924.370910477854
24464.46446446447,0.0,46860.72115132398,75736.30363222194,98627.41834867783,149668.45073310082,53524.19038550226,73138.64583930623,45640.41720016616,64577.505591354326,71573.66477163887,101221.77695800716,109078.45827308696,21485.766889456634,52517.659518541266,77340.9116251443,98201.86995201034,34016.495515454015,45326.41920592314,55414.063001367474,67399.24356021082,78148.64227665149,91334.02938286794,122651.30161212277,60531.15034463649,50582.051347913955,76285.78487689453,36332.44312367197,56825.479654984265,66101.06379078874,10445.157757171655,32040.027554657456,37044.19651820786,55756.47601042954,61459.48753890869,84653.08380738247,94351.7653678399,16613.226736688735,33499.64412655211,41257.80230281426,59940.695582145105,85886.52511712431,30466.150344636484,6001.6858801720155
24504.504504504508,0.0,46938.532296046644,75852.67927571002,98729.40280880885,149798.9188912873,53606.33449291294,73251.18151853088,45717.92175820111,64668.61550513745,71677.09709901099,101313.68166160898,109221.22625690328,21524.265991493106,52599.67467157607,77454.63831900075,98316.94853631314,34062.82584076569,45401.07354956448,55492.90421669817,67503.29396979684,78244.73909484295,91466.37262265381,122780.34449347916,60648.510257974165,50677.2615934642,76385.25441797961,36411.01571457986,56942.26397732926,66217.74657750886,10484.27016748874,32117.45049236591,37123.47674639466,55862.426151316446,61559.159424369944,84775.11626158058,94489.65454428486,16655.901706829532,33576.65446977735,41335.33428977674,60056.61756361043,86000.02524185872,30583.51025797416,6079.005753469653
24544.544544544548,0.0,47016.34696233128,75969.04513217839,98831.36216587765,149929.44286421582,53688.46622023304,73363.73935633492,45795.430671745315,64759.66929330157,71780.55293056792,101405.51687498893,109364.11644308841,21562.76752555447,52681.68280273651,77568.37970301008,98432.03657729032,34109.13221842902,45475.74480926084,55571.743751122114,67607.30079903913,78340.86752841565,91598.72325753562,122909.43488191323,60765.87506055625,50772.44590518469,76484.75967138326,36489.58926379824,57059.055276109444,66334.43609721652,10523.384059446467,32194.878144245922,37202.758659343184,55968.29505938948,61658.87066711137,84897.14363399016,94627.61702218898,16698.56888137145,33653.67118762233,41412.86760835567,60172.55027652944,86113.53917072415,30700.87506055625,6156.330516011702
24584.584584584587,0.0,47094.16514172327,76085.4011559969,98933.29650133118,150060.0225530378,53770.585633158065,73476.31925842834,45872.94392885569,64850.66720994776,71884.0320587052,101497.2843217705,109507.12700197918,21601.271484895715,52763.6839382655,77682.13572788058,98547.13404754645,34155.41476771131,45550.43290265798,55650.58162936439,67711.26383991945,78437.02796735516,91731.0809754119,123038.57274584004,60883.2447380855,50867.60428431495,76584.30060727146,36568.16377554964,57175.85352589105,66451.13232823121,10562.49942874947,32272.31049632542,37282.04225053801,56074.08221685593,61758.622048540055,85019.16573866375,94765.65264858748,16741.22828908425,33730.694256979266,41490.40227403184,60288.4936718157,86227.06686017808,30818.244738085497,6233.66015350091
24624.624624624626,0.0,47171.986825796106,76201.74730151046,99035.20589692052,150190.65785890594,53852.69279704147,73588.92113098652,45950.46151763667,64941.609509464324,71987.53427501486,101588.98568965618,109650.25614061022,21639.777862801602,52845.67810431095,77795.90634452325,98662.24091979556,34201.67360721502,45625.13774784305,55729.41787592428,67815.18288541619,78533.22079802191,91863.44546776297,123167.75805360221,61000.61927632631,50962.73673236701,76683.87719566099,36646.73925400193,57292.65870137962,66567.83524897274,10601.616271121296,32349.747534694066,37361.32751349865,56179.78710889013,61858.414345610974,85141.18239283687,94903.76126913368,16783.879958608166,33807.7236548655,41567.93830208685,60404.44770071273,86340.6082668598,30935.619276326306,6310.99465170168
24664.664664664666,0.0,47249.81200615124,76318.08352303813,99137.09043469865,150321.34868297493,53934.78777689591,73701.54488064806,46027.98342623996,65032.496446494326,72091.0593703205,101680.6226311638,109793.50210197372,21678.286652586346,52927.6653269256,77909.69150405092,98777.3571668604,34247.90885488063,45699.85926334332,55808.25251507748,67919.05772952101,78629.44640317347,91995.81642960632,123296.99077346936,61117.99866110432,51057.84325112448,76783.48940641948,36725.31570326883,57409.47077741894,66684.54483796051,10640.73458230451,32427.189245502967,37440.61444177923,56285.409223786664,61958.24833067702,85263.19341690376,95041.9427281174,16826.523918454648,33884.759358422474,41645.47570760523,60520.41231479111,86454.16334758946,31052.998661104317,6388.333996439651
24704.70470470471,0.0,47327.64067441778,76434.40977487183,99238.95019701845,150452.09492640293,54016.87063739458,73814.19041451265,46105.509642864134,65123.328275903215,72194.60713471155,101772.19676435433,109936.86316428718,21716.79784759338,53009.64563206734,78023.49115777711,98892.48276167185,34294.12062798944,45774.597368124865,55887.08557087799,68022.88816725535,78725.70516198562,92128.1935594526,123426.27087363711,61235.382878305965,51152.92384264153,76883.1372092657,36803.89312741038,57526.28972898995,66801.26107381286,10679.854358060358,32504.635614964118,37519.90302896825,56390.948053114866,62058.12477133839,85385.19863439351,95180.19686848341,16869.160197006942,33961.801344914784,41723.01450547647,60636.38746594553,86567.73205936723,31170.382878305965,6465.678173601256
24744.74474474475,0.0,47405.4728222525,76550.72601127558,99340.78526653125,150582.8964903526,54098.94144287265,73926.85764013897,46183.04015575457,65214.1052527474,72298.1773575778,101863.70967355082,110080.33764027085,21755.311441195274,53091.61904559936,78137.30525721543,99007.61767726846,34340.30904316663,45849.35198159141,55965.917067160284,68126.6739946873,78821.99745007357,92260.5765592627,123555.59832222649,61352.77191387819,51247.97850924204,76982.8205737696,36882.47153043353,57643.115531209776,66917.9839352465,10718.97559416879,32582.08662935017,37599.19326868832,56496.40309187405,62158.04443029095,85507.19787194577,95318.52353185028,16911.788822520895,34038.849591729406,41800.55471039731,60752.3731063921,86681.31435937225,31287.77191387819,6543.027169133442
24784.784784784788,0.0,47483.30844133984,76667.03218648443,99442.59572618498,150713.75327599244,54181.00025732871,74039.54646554284,46260.574953203155,65304.827632242996,72401.76982764277,101955.16291004833,110223.92387643398,21793.827426793578,53173.58559329042,78251.13375407856,99122.76188679578,34386.47421638419,45924.1230235832,56044.7470275414,68230.41500894842,78918.32363951227,92392.96513440492,123684.97308728364,61470.165753828165,51343.00725351873,77082.5394693528,36961.050916292756,57759.94815933087,67034.7134010761,10758.098286428358,32659.542274994095,37678.48515459612,56601.77383864999,62258.00806517405,85629.1909592865,95456.9225585289,16954.409823125676,34115.90407637481,41878.096336873794,60868.36918866565,86794.91020496175,31405.165753828165,6620.380969043377
24824.824824824827,0.0,47561.14752339151,76783.32825470326,99544.38165922186,150844.66518449783,54263.04714442595,74152.25679919473,46338.114023547896,65395.49566973489,72505.384332997,102046.55799281335,110367.62025237092,21832.345797818467,53255.54530081503,78364.97660027727,99237.91536350574,34432.616262963675,45998.91041437535,56123.57547542285,68334.11100825047,79014.68409885585,92525.35899361307,123814.39513677871,61587.56438422275,51438.010078332016,77182.29386528867,37039.63128889038,57876.78758873976,67151.44945021329,10797.222430655962,32737.002538288638,37757.77868038193,56707.05979577165,62358.0164284172,85751.17772920331,95595.39378754125,16997.023226824258,34192.96477648002,41955.63939922324,60984.37566561677,86908.51955367014,31522.56438422275,6697.739559397924
24864.864864864867,0.0,47638.99006014663,76899.61417010607,99646.14314917731,150975.6321170524,54345.082167493805,74264.98855001808,46415.65735517296,65486.109620666575,72609.02066113104,102137.89640917396,110511.4251800676,21870.866547728816,53337.49819375375,78478.83374791982,99353.07808075656,34478.73529757945,46073.714074676915,56202.40243399274,68437.76179190257,79111.07919315691,92657.75784894507,123943.86443860558,61704.967791188385,51532.98698680937,77282.08373070252,37118.212652077345,57993.633794956324,67268.19206166662,10836.348022687002,32814.46740568624,37837.073839769684,56812.26046946918,62458.070267086696,85873.158017521,95733.93705663944,17039.62906149444,34270.031669793854,42033.18391157653,61100.392490409344,87022.14236320826,31639.967791188385,6775.102926323518
24904.904904904906,0.0,47716.8360433715,77015.88988683472,99747.88027987763,151106.65397484903,54427.1053895291,74377.741627387,46493.204936508075,65576.66974055012,72712.67859896753,102229.17961549899,110655.337103218,21909.38967001177,53419.444297593174,78592.70514931084,99468.25001201156,34524.83143426145,46148.53392562918,56281.22792622764,68541.3671603279,79207.50928398495,92790.16141574181,124073.38096058097,61822.3759609105,51627.9379823441,77381.909034572,37196.79500965349,58110.48675363265,67384.94121454045,10875.475058374992,32891.93686369839,37916.37062651645,56917.37537003205,62558.17032273118,85995.13166307646,95872.55220232441,17082.227354889215,34347.10473418395,42110.72988787987,61216.41961651765,87135.7785914622,31757.375960910504,6852.471056005597
24944.944944944946,0.0,47794.685464859416,77132.15535899808,99849.59313543851,151237.73065909112,54509.11687319757,74490.5159411242,46570.75675602858,65667.17628493678,72816.35793289312,102320.40903786698,110799.35449655144,21947.915158182794,53501.38363772637,78706.59075695052,99583.43113083893,34570.90478639825,46223.36988880444,56360.051974894675,68644.92691508096,79303.97472944428,92922.56941258727,124202.94467044389,61939.788879633365,51722.86306859456,77481.76974572722,37275.37836536825,58227.34644055218,67501.69688803473,10914.603533591664,32969.41089889547,37995.669034412516,57022.40401196791,62658.317331227336,86117.09850769406,96011.23905986489,17124.818134637575,34424.18394763607,42188.27734189698,61332.45699772382,87249.4281964926,31874.788879633365,6929.843934688419
24984.984984984985,0.0,47872.538316430684,77248.41054067091,99951.28180026295,151368.86207099375,54591.116680835265,74603.31140149903,46648.31280225509,65757.62950938809,72920.05844879005,102411.58607272436,110943.47586517065,21986.443005785317,53583.31623945301,78820.49052353384,99698.62141091144,34616.95546674007,46298.22188620462,56438.87460255333,68748.44085886459,79400.47588419139,93054.98156126839,124332.55553585522,62057.20653365964,51817.76224948319,77581.66583285111,37353.962722921045,58344.21283162867,67618.45906144423,10953.733444226797,33046.88949790629,38074.96905728095,57127.34591416182,62758.51202262487,86239.05839616025,96149.99746331658,17167.401428245183,34501.26928825314,42265.82628721105,61448.50458811518,87363.09113653368,31992.206533659642,7007.221548674657
25025.02502502503,0.0,47950.39458993252,77364.65538589314,100052.94635904,151500.04811178503,54673.10487444991,74716.12791922534,46725.87306375318,65848.02966944719,73023.77993206702,102502.71208753248,111087.69974390083,22024.973206390736,53665.242127979654,78934.40440194965,99813.82082600544,34662.983587401766,46373.08984025976,56517.6958315575,68851.90879554699,79497.0130994519,93187.39758673616,124462.21352439684,62174.62890935014,51912.63552919554,77681.59726447971,37432.548085961855,58461.08590290538,67735.22771415816,10992.864786188115,33124.37264741788,38154.27068897757,57232.20060003565,62858.755120991686,86361.0111761989,96288.8272455411,17209.977263095072,34578.360734254544,42343.37673722671,61564.56234208176,87476.7673699925,32109.628909350144,7084.603884325115
25065.065065065068,0.0,48028.2542772387,77480.88984866842,100154.58689674232,151631.28868270674,54755.08151572219,74828.96540545931,46803.43752913319,65938.37702061076,73127.52216768955,102593.78842140344,111232.02469664931,22063.50575359803,53747.16132841974,79048.33234527966,99929.0293500005,34708.98925986581,46447.97367382646,56596.5156840573,68955.33053017894,79593.58672303651,93319.81721706674,124591.91860357102,62292.055993123286,52007.4829121792,77781.56400900232,37511.13445809158,58577.965630553896,67852.00282565932,11031.997555401093,33201.86033417488,38233.573923390504,57336.96759770745,62959.04734425857,86482.9566984453,96427.72823822495,17252.545666448183,34655.458263975095,42420.92870517181,61680.63021431335,87590.45685544773,32227.05599312329,7161.9909280582215
25105.105105105107,0.0,48106.1173702498,77597.11388296375,100256.2034986252,151762.58368501626,54837.046666007394,74941.82377179767,46881.006187050145,66028.67181830158,73231.28494021043,102684.81638572563,111376.44931577749,22102.04064103383,53829.07386579415,79162.27430679792,100044.24695687913,34754.97259498545,46522.87331018664,56675.33418200107,69058.705869011,79690.1970993572,93452.24018342362,124721.6707408003,62409.48777145509,52102.30440314309,77881.56603466198,37589.72184286276,58694.85199087351,67968.7843755239,11071.131747809039,33279.35254497957,38312.87875444028,57441.646440151504,63059.38940406445,86604.89481642147,96566.70027189894,17295.106665444164,34732.56185586451,42498.48220409967,61796.70815979747,87704.15955164921,32344.487771455093,7239.382666349986
25145.145145145147,0.0,48183.983860892724,77713.32744270805,100357.79625022417,151893.93301998696,54919.00038633652,75054.70293027532,46958.57902620321,66118.91431784097,73335.06803379877,102775.79726477654,111520.97222148272,22140.577862352002,53910.97976503111,79276.23023996962,100159.47362072582,34800.9337029874,46597.7886730457,56754.15134713705,69162.03461951073,79786.8445694421,93584.66622001975,124851.46990342619,62526.924230878496,52197.10000705622,77981.60330955562,37668.31024377978,58811.74496029003,68085.57234342053,11110.267359372847,33356.849266691104,38392.18517607929,57546.23666535725,63159.78200560117,86726.82538651017,96705.74317595706,17337.660287101888,34809.671488486274,42576.03724689061,61912.79613381638,87817.87541751674,32461.9242308785,7316.779085733353
25185.185185185186,0.0,48261.853741120896,77829.5304817913,100459.36523735366,152025.33658891002,55000.942737417936,75167.60279336352,47036.15603533575,66209.10477442258,73438.87123226956,102866.73231632586,111665.5920611925,22179.117411233725,53992.87905096665,79390.20009845044,100274.70931572688,34846.87269347542,46672.719686531345,56832.96720101546,69265.31659037984,79883.52947095054,93717.09506408079,124981.31605870913,62644.36535798332,52291.86972914696,78081.6758016345,37746.8996642996,58928.64451535509,68202.3667091101,11149.404386070953,33434.350486225565,38471.4931822919,57650.7378164892,63260.225847459296,86848.74826792977,96844.8567786758,17380.206558320246,34886.78714051717,42653.59384625413,62028.894091944836,87931.60441213948,32579.365357983323,7394.1801727981365
25225.225225225226,0.0,48339.72700291395,77945.72295406369,100560.91054610518,152156.79429309518,55082.87377963863,75280.5232739677,47113.73720323494,66299.24344308571,73542.6943191122,102957.62277222601,111810.3075089696,22217.659281387176,54074.77174834476,79504.18383608571,100389.95401616975,34892.78967543289,46747.66627519176,56911.781764990184,69368.55159157157,79980.25213818705,93849.52645580839,125111.20917382774,62761.811139415775,52386.61357490189,78181.78347870444,37825.490107832076,59045.55063274508,68319.16745244496,11188.542823899304,33511.85619055538,38550.80276709402,57755.14944204553,63360.721621473596,86970.66332270832,96984.04090723339,17422.745505878655,34963.90879074627,42731.15201473059,62145.00199004759,88045.34649477487,32696.81113941578,7471.585914190553
25265.265265265265,0.0,48417.60363827768,78061.90481333472,100662.43226284563,152288.30603387195,55164.79357306565,75393.46428542548,47191.322518731584,66389.33057868973,73646.53707751869,103048.46983899221,111955.11726492828,22256.203466547395,54156.65788181753,79618.1814069095,100505.20769644257,34938.68475722609,46822.6283639941,56990.59506022067,69471.7394343077,80077.01290211537,93981.96013834418,125241.14921587825,62879.2615618782,52481.33155006492,78281.92630842622,37904.0815777405,59162.463289260355,68435.97455336849,11227.682668871079,33589.36636670909,38630.11392453303,57859.47109601667,63461.27001256969,87092.57041565803,97123.29538772881,17465.277156437834,35041.03641807419,42808.71176469312,62261.119784276874,88159.10162484793,32814.2615618782,7548.996296612939
25305.305305305305,0.0,48495.48363924401,78178.07601337195,100763.9304742155,152419.8717125908,55246.70217744751,75506.42574150459,47268.91197069989,66479.3664358886,73750.39929041133,103139.27469837086,112100.02005466218,22294.749960476132,54238.5374759455,79732.19276514373,100620.47033103355,34984.55804660717,46897.605878323004,57069.40710767364,69574.8799310961,80173.8120903715,94114.39585773427,125371.13615187405,62996.7166121287,52576.02366063629,78382.10425831581,37982.67407734201,59279.38246182429,68552.78799191452,11266.823917016722,33666.881001770955,38709.4266486875,57963.70233804331,63561.87169861073,87214.46941434918,97262.6200452013,17507.801536540308,35118.17000151233,42886.27310834939,62377.24743106995,88272.86976195031,32931.7166121287,7626.4113068234
25345.345345345348,0.0,48573.36699787075,78294.23650790047,100865.40526712744,152551.49123062452,55328.59965221558,75619.40755640088,47346.505548057234,66569.35126910618,73854.28074047015,103230.03850789677,112245.0146286835,22333.2987569617,54320.410555197814,79846.21786519753,100735.74189453057,35030.4096507173,46972.598743978815,57148.21792812494,69677.97289574773,80270.65002727679,94246.83336289437,125501.16994874497,63114.176276980914,52670.68991287156,78482.3172957449,38061.26760990811,59396.30812748245,68669.6077482068,11305.966564383907,33744.400082880704,38788.74093366704,58067.84273357365,63662.52735024538,87336.3601890849,97402.0147036494,17550.31867261111,35195.30952018213,42963.836057743465,62493.384887146865,88386.65086583955,33049.1762769809,7703.830931635555
25385.385385385387,0.0,48651.25370624155,78410.38625060159,100966.85672876427,152683.16448936885,55410.48605648552,75732.40964473622,47424.103239763965,66659.28533251153,73958.1812101596,103320.76240143915,112390.09976187279,22371.84984981881,54402.277143952495,79960.25666166615,100851.02236162062,35076.239676089666,47047.60688717614,57227.027542161304,69781.01814339416,80367.52703385025,94379.27240557504,125631.25057333686,63231.64054330357,52765.330313280676,78582.56538794105,38139.862178665084,59513.24026340169,68786.43380245852,11345.110607037292,33821.92359723315,38868.056773612116,58171.891854019676,63763.237630756455,87458.24261287454,97541.47918605017,17592.82859095842,35272.45495331427,43041.400624757545,62609.53210950787,88500.44489643813,33166.640543303554,7781.255157918171
25425.425425425427,0.0,48729.14375646571,78526.52519511207,101068.28494657746,152814.891390244,55492.36144905853,75845.43192155639,47501.70503482297,66749.16887999504,74062.1004817549,103411.44748973653,112535.27425294065,22410.403232888282,54484.137266496546,80074.3091093303,100966.3117070893,35122.04822865245,47122.63023454188,57305.83597018193,69884.01549050442,80464.44342782034,94511.71274032761,125761.37799241097,63349.109398020184,52859.94486862683,78682.8485019881,38218.45778679436,59630.178846869196,68903.26613497156,11384.256041058383,33899.451532077794,38947.37416269368,58275.849276912544,63864.00319591041,87580.11656140836,97681.01331437839,17635.331317774075,35349.60628024778,43118.96682111357,62725.689055431154,88614.25181383258,33284.109398020184,7858.683972594754
25465.465465465466,0.0,48807.03714067835,78642.65329502341,101169.69000828566,152946.67183469585,55574.22588842314,75958.47430232943,47579.310922279954,66839.00216514508,74166.03833736814,103502.09486092096,112680.5369239,22448.958900037225,54565.990947026556,80188.37516315545,101081.60990582044,35167.83541373222,47197.66871311405,57384.64323240059,69986.96475490267,80561.39952363702,94644.15412447107,125891.55217264364,63466.58282810902,52954.53358592575,78783.16660482681,38297.05443743325,59747.123855291924,69020.10472613641,11423.402862545805,33976.983874718775,39026.69309511336,58379.714586057235,63964.82469380865,87701.9819130313,97820.61690962609,17677.826879134413,35426.76348042964,43196.534658375385,62841.85568247063,88728.07157827316,33401.58282810902,7936.117362643552
25505.505505505505,0.0,48884.93385103982,78758.77050388049,101271.07200187257,153078.5057241966,55656.07943275606,76071.53670294306,47656.92089122259,66928.78544122455,74269.99455897365,103592.70558103053,112825.88661954932,22487.51684515842,54647.83820964834,80302.45477829064,101196.91693279531,35213.60133605659,47272.72225033962,57463.44934884687,70089.86575578508,80658.3956324823,94776.59631805826,126021.77308062553,63584.06082060232,53049.09647244436,78883.51966325476,38375.65213367496,59864.07526619536,69136.94955643111,11462.551067614651,34054.520612514185,39106.01356510278,58483.4873716851,64065.702764739166,87823.8385487171,97960.28979182117,17720.315301000614,35503.926533413585,43274.10414794987,62958.0319484534,88841.90415017205,33519.0608206023,8013.555315096801
25545.545545545545,0.0,48962.83387973625,78874.87677518118,101372.4310155861,153210.39296024668,55737.922139924194,76184.61903970322,47734.53493078085,67018.51896114871,74373.96892843289,103683.28069451184,112971.32220696703,22526.07706217069,54729.679078377914,80416.54791006805,101312.2327630926,35259.34609975772,47347.79077407325,57542.25433936833,70192.71831373719,80755.43206228153,94909.03908384386,126152.04068286128,63701.54336258648,53143.633535700166,78983.90764392725,38454.250878569525,59981.03305722312,69253.80060642125,11501.700652396954,34132.06173287615,39185.33556692388,58587.16723060615,64166.6380410306,87945.68635204222,98100.03178004725,17762.79660921965,35581.09541885984,43351.67530108927,63074.21781147775,88955.74949010368,33636.54336258648,8090.997817040934
25585.585585585584,0.0,49040.737218978626,78990.9720623748,101473.76713793565,153342.33344437485,55819.75406748538,76297.72122933152,47812.15303012631,67108.20297746242,74477.96122751907,103773.82122471122,113116.84257501601,22564.639545018137,54811.51357714091,80530.65451400184,101427.55737188733,35305.06980837487,47422.87421257507,57621.05822363167,70295.52225075092,80852.50911771321,95041.48218725182,126282.35494576882,63819.03044120125,53238.14478345975,79084.33051335714,38532.85067512364,60097.99720613555,69370.65785675896,11540.851613041068,34209.607223270024,39264.65909486814,58690.75376635858,64267.63114690683,88067.52520915968,98239.8426924621,17805.27082952438,35658.27011653381,43429.248128892184,63190.413229910526,89069.60755880299,33754.03044120125,8168.44485561566
25625.625625625624,0.0,49118.64386100347,79107.05631886183,101575.08045769153,153474.3270781402,55901.57527269043,76410.84318896373,47889.775178472366,67197.83774231904,74581.97123794143,103864.3281743558,113262.44663385958,22603.204287670567,54893.34172977354,80644.77454578763,101542.89073445094,35350.772564858096,47497.97249450952,57699.86102112493,70398.27739024171,80949.62710021947,95173.92539634384,126412.71583567922,63936.522043639896,53332.63022373829,79184.78823791587,38611.451526301724,60214.96769080951,69487.52128818282,11580.00394571199,34287.15707121459,39343.98414325697,58794.24658935805,64368.682698344346,88189.35500877333,98379.72234631749,17847.737987534758,35735.45060630594,43506.82264230588,63306.61816238526,89183.47831716514,33871.522043639896,8245.896418014268
25665.66566566567,0.0,49196.5537980722,79223.12949799272,101676.37106388275,153606.37376313278,55983.38581248412,76523.98483614744,47967.401365073725,67287.42350745865,74685.99874136856,103954.80252602372,113408.13331448709,22641.77128412298,54975.16356002243,80758.90796130153,101658.23282615049,35396.45447157082,47573.0855489432,57778.66275115873,70500.98355706576,81046.7863080155,95306.36848178788,126543.12331883583,64054.01815714862,53427.089864798196,79285.28078383337,38690.05343502586,60331.94448923717,69604.39088151716,11619.157646591095,34364.71126428142,39423.31070644117,58897.64531704402,64469.793302930564,88311.17564211172,98519.67055797772,17890.198108757988,35812.63686815063,43584.39885212751,63422.83256779975,89297.36172624447,33989.01815714862,8323.352491482947
25705.70570570571,0.0,49274.46702247133,79339.19155306695,101777.6390457956,153738.47340097488,56065.185743506736,76637.1460888402,48045.031579226365,67376.9605241874,74790.04351945186,104045.24524260429,113553.9015682503,22680.34052839556,55056.979091544985,80873.05471659946,101773.58362244815,35442.115630293214,47648.21330534331,57857.46343286807,70603.64057753673,81143.98703609864,95438.8112168276,126673.5773613939,64171.51876902632,53521.523715148214,79385.80811719873,38768.656404176465,60448.92757952528,69721.2666176715,11658.312711876006,34442.26979009468,39502.63877880083,59000.949574024686,64570.963559724456,88432.98700290176,98659.68714293899,17932.651218589348,35889.82888214563,43661.97676900589,63539.056405313924,89411.25774725399,34106.51876902632,8400.81306332061
25745.74574574575,0.0,49352.38352651218,79455.24243733229,101878.88449297214,153870.6258933221,56146.975122095435,76750.3268654075,48122.66581026714,67466.44904335713,74894.10535384825,104135.65726774777,113699.75036640986,22718.91201453349,55138.788347909576,80987.21476791613,101888.94309890087,35487.75614222509,47723.35569357588,57936.26308521396,70706.24827944298,81241.22957625755,95571.25337725159,126804.07792942037,64289.02386662433,53615.9317835424,79486.37020396051,38847.260436592594,60565.91693989443,69838.14847764024,11697.469137780598,34519.8326363308,39581.96835474517,59104.158992219986,64672.19405911929,88554.78898734317,98799.77191584831,17975.097342312612,35967.0266284713,43739.55640344305,63655.289634347624,89525.16634156407,34224.02386662433,8478.278120878582
25785.78578578579,0.0,49430.30330253086,79571.28210398395,101980.10749520836,154002.8311418643,56228.75400428571,76863.52708462073,48200.30404757376,67555.8893153453,74998.18402624247,104226.03952630557,113845.67869969187,22757.485736606788,55220.591352595904,81101.38807166449,102004.31123115995,35533.37610798911,47798.51264390392,58015.061726984895,70808.8064920642,81338.51421708078,95703.69474136367,126934.62498889308,64406.533437346116,53710.314078979114,79586.96700992732,38925.865535072415,60682.91254867818,69955.03644250197,11736.626920534814,34597.39979071824,39661.299428712344,59207.273211002124,64773.48538270761,88676.58149408209,98939.9246905224,18017.536505100823,36044.230087409924,43817.13776579592,63771.532214578554,89639.08747070219,34341.533437346116,8555.747651560327
25825.82582582583,0.0,49508.22634288812,79687.31050616337,102081.30814255294,154135.08904832695,56310.52244581269,76976.74666565534,48277.94628056448,67645.28159003545,75102.27931836879,104316.39292476009,113991.6855778542,22796.061688710175,55302.38812899506,81215.57458443471,102119.6879949703,35578.97562763377,47873.684086985704,58093.85937679861,70911.31504618863,81435.84124396485,95836.13508995323,127065.21850570047,64524.04746864693,53804.67061069993,79687.5985007681,39004.47170237356,60799.91438432232,70071.93049341909,11775.78605638468,34674.97124103704,39740.631995169206,59310.291877333984,64874.838103148264,88798.36442418513,99080.14527996688,18059.96873201672,36121.43923934502,43894.720866277734,63887.784105940016,89753.02109635185,34459.04746864693,8633.221642821103
25865.865865865868,0.0,49586.15263996937,79803.32759695797,102182.48652530543,154267.39951447202,56392.280502112655,77089.98552808876,48355.59249869789,67734.62611679826,75206.3910120329,104406.71835164499,114137.77002926246,22834.639864962985,55384.178700409946,81329.77426299368,102235.07336617031,35624.55480063658,47948.869953873014,58172.65605310347,71013.77377412938,81533.21093912257,95968.57420626591,127195.85844564109,64641.56594803364,53899.00138818872,79788.26464201268,39083.07894121359,60916.922425384095,70188.83061163736,11814.94654159213,34752.54697511873,39819.966048611255,59413.214645905064,64976.252784036384,88920.13768111373,99220.43349639478,18102.394048013455,36198.654064760645,43972.30571495978,64004.045268618946,89866.96718035187,34576.56594803364,8710.700082167772
25905.905905905907,0.0,49664.08218618432,79919.3333293995,102283.64273401484,154399.762442099,56474.02822832427,77203.24359189832,48433.24269147272,67823.92314447259,75310.5188891323,104497.01667795618,114283.93110047566,22873.220259508864,55465.963090055426,81443.9870642839,102350.4673206911,35670.11372590694,48024.07017600921,58251.45177418012,71116.18250974134,81630.62358159025,96101.01187597509,127326.54477442321,64759.08886306425,53993.30642117046,79888.96539905213,39161.68725427029,61033.9366505313,70305.73677848525,11854.108372434916,34830.12698084573,39899.30158356225,59516.041179264714,65077.72997977543,89041.9011706975,99360.78915124558,18144.812477934975,36275.87454424062,44049.892321772735,64120.31566305363,89980.92568469566,34694.08886306425,8788.182957158344
25945.94594594595,0.0,49742.014973967205,80035.32765646384,102384.776859478,154532.17773304638,56555.765679290205,77316.52077745955,48510.896848427656,67913.17292134746,75414.66273167758,104587.28875755312,114430.16785584157,22911.802866515845,55547.741321058624,81558.21294542291,102465.86983455619,35715.65250178946,48099.2846852276,58330.24655814302,71218.54108843798,81728.07944723545,96233.44788715342,127457.27745766431,64876.61620134785,54087.5857196104,79989.70073713936,39240.296644182185,61150.95703854178,70422.64897537365,11893.271545206575,34907.71124615148,39978.63859457431,59618.771147952946,65179.27023545266,89163.65480110917,99501.21205520403,18187.22404651683,36353.10065846807,44127.48069650835,64236.59524993195,90094.89657153029,34811.61620134786,8865.670255401907
25985.98598598599,0.0,49819.95099577649,80151.31053106999,102485.88899273833,154664.64528919224,56637.492909558336,77429.81700554406,48588.554959141205,68002.37569514418,75518.82232181201,104677.53542755116,114576.47937710045,22950.387680176063,55629.51341645912,81672.45186370247,102581.28088388118,35761.17122606686,48174.5134137495,58409.04042294202,71320.84934720738,81825.57880876411,96365.88203024486,127588.05646089077,64994.14795054419,54181.83929371286,80090.47062138954,39318.90711354889,61267.98356830239,70539.5671837953,11932.43605621643,34985.29975901979,40057.977076227515,59721.40423062817,65280.87408671676,89285.39848283812,99641.70201821861,18229.62877838664,36430.33238822454,44205.07084882087,64352.88399018899,90208.87980315596,34929.1479505442,8943.161964558203
26026.02602602603,0.0,49897.89024409468,80267.28190607898,102586.9792250836,154797.16501245534,56719.20997338316,77543.13219731746,48666.21701323125,68091.53171299872,75622.99744183148,104767.75750870461,114722.86476299856,22988.974694705554,55711.27939920918,81786.70377658764,102696.70044487287,35806.669995963006,48249.75629418237,58487.833386363614,71423.10712462905,81923.12193572699,96498.31409803702,127718.8817495371,65111.68409836332,54276.06715392021,80191.27501678042,39397.51866493137,61385.01621880831,70656.49138532428,11971.601901789167,35062.89250748464,40137.317023129726,59823.940114191915,65382.54205965886,89407.13212866467,99782.2588495202,18272.02669806455,36507.56971438931,44282.66278822847,64469.1818450052,90322.87534202501,35046.68409836333,9020.658072337297
26066.06606606607,0.0,49975.83271142849,80383.24173429306,102688.04764804535,154929.73680479667,56800.91692472734,77656.46627433773,48743.88300035516,68180.64122144514,75727.18787420384,104857.95580578104,114869.32312891059,23027.56390434433,55793.03929217417,81900.96864171623,102812.12849382931,35852.14890814612,48325.013259518186,58566.62546603279,71525.31426089021,82020.70909452683,96630.74388563432,127849.75328894629,65229.224632565565,54370.26931091195,80292.11388815311,39476.131300852576,61502.054969162484,70773.42156161557,12010.76907826517,35140.48947963003,40216.65842991661,59926.37849391088,65484.274670696635,89528.8556536345,99922.88235764089,18314.41782996398,36584.81261793898,44360.25652411487,64585.48877580446,90436.88315074128,35164.22463256557,9098.1585664995
26106.10610610611,0.0,50053.77839030849,80499.18996845529,102789.09435339662,155062.36056822,56882.61381726287,77769.81915855294,48821.5529102093,68269.70446639843,75831.39340158782,104948.13110792692,115015.85360647013,23066.15530335599,55874.79311813258,82015.2464168979,102927.56500713901,35897.608058731654,48400.28424313135,58645.41667941422,71627.47059780173,82118.3405484242,96763.17119043076,127980.67104436841,65346.76954096096,54464.445775603504,80392.98720021232,39554.74502379752,61619.09979857458,70890.35769440468,12049.937582000097,35218.09066358949,40296.00129125125,60028.71907353525,65586.07242646151,89650.56897503263,100063.57235043208,18356.80219839203,36662.06107994649,44437.8520657306,64701.80474425184,90550.90319205938,35281.76954096096,9175.663434854854
26146.146146146148,0.0,50131.72727328923,80615.12656124828,102890.119433151,155195.03620477315,56964.300704372705,77883.19077229963,48899.226732529154,68358.72169313897,75935.61380685138,105038.28418902491,115162.45534320953,23104.748886027846,55956.54089977646,82129.53706011345,103043.00996128074,35943.04754328554,48475.56917877708,58724.207043813905,71729.57597881457,82216.01655754409,96895.59581208376,128111.63498096119,65464.31881140923,54558.59655914533,80493.89491752701,39633.35983621396,61736.15068636053,71007.29976550706,12089.107409365068,35295.69604754602,40375.345601824134,60130.96156541414,65687.9358236894,89772.27201235807,100204.32863508322,18399.17982755021,36739.315081580775,44515.44942219466,64818.12971225196,90664.935428884,35399.31881140923,9253.17266526309
26186.186186186187,0.0,50209.679352948864,80731.05146529328,102991.12297956062,155327.7636165489,57045.97763915187,77996.58103830052,48976.90445708872,68447.69314629611,76039.8488730899,105128.415808042,115309.12750220731,23143.34464667046,56038.28265971154,82243.84052951391,103158.46333282269,35988.46745682696,48550.86800058932,58802.996576380494,71831.63024903562,82313.73737888124,97028.017552488,128242.6450637887,65581.87243181928,54652.72167292163,80594.83700453075,39711.975740512484,61853.207611941536,71124.24775681765,12128.278556746347,35373.305619731575,40454.691356352836,60233.10569060719,65789.8653491146,89893.96468729796,100345.1510181398,18441.55074153474,36816.5746041058,44593.04860249567,64934.463641946684,90778.97982426878,35516.87243181928,9330.6862456331
26226.226226226227,0.0,50287.63462188931,80846.96463314984,103092.10508511515,155460.54270568636,57127.644674409064,78109.98987966294,49054.5860737007,68536.61906983335,76144.09838364374,105218.52670937074,115455.86926174456,23181.942579617833,56120.018420457534,82358.15678341994,103273.92509842251,36033.86789383163,48626.18064307912,58881.78529410677,71933.6332552434,82411.50326630649,97160.43621574971,128373.7012578218,65699.43039014911,54746.82112854958,80695.81342552241,39790.59273906704,61970.270554843584,71241.20165031048,12167.45102054537,35450.91936842693,40534.03854958195,60335.15117899304,65891.86147936762,90015.64692370218,100486.03930552183,18483.91496433731,36893.83962888021,44670.6496154935,65050.80649571352,90893.03634141608,35634.43039014911,9408.204163922885
26266.26626626627,0.0,50365.593072736134,80962.86601731463,103193.06584254018,155593.37337437156,57209.30186266804,78223.41721987672,49132.27157221616,68625.49970703309,76248.36212211571,105308.61762316112,115602.67981496896,23220.542679227114,56201.74820444847,82472.48578032112,103389.39523482652,36079.24894823481,48701.5070411327,58960.573213831165,72035.58484590428,82509.31447057187,97292.85160816147,128504.8035279373,65816.99267440551,54840.89493787814,80796.8241446666,39869.21083421536,62087.339494696644,71358.16142803826,12206.624797178723,35528.53728196145,40613.387176282966,60437.09776937382,65993.92468087666,90137.31864755796,100626.99330254193,18526.27251984564,36971.11013735657,44748.25246992063,65167.15823616356,91007.1049436761,35751.99267440551,9485.726408139242
26306.30630630631,0.0,50443.554698138156,81078.75557022067,103294.00534479541,155726.25552483866,57290.949256168766,78336.86298281222,49209.96094252419,68714.33530048195,76352.63987238763,105398.68926564543,115749.55836956642,23259.14493987841,56283.472034032806,82586.82747887491,103504.8737188695,36124.610713434085,48776.84713000942,59039.36035223892,72137.48487118742,82607.17123931594,97425.26353817698,128635.95183891754,65934.55927264364,54934.94311298688,80897.8691259941,39947.83002825907,62204.414411233825,71475.12707213173,12245.799883077863,35606.15934871265,40692.73723125394,60538.94520957601,66096.05540977238,90258.97978696422,100768.01281392324,18568.623431843775,37048.386111080625,44825.85717438333,65283.51882613949,91121.18559454574,35869.559272643644,9563.252966337335
26346.34634634635,0.0,50521.51949076772,81194.63324423652,103394.9236850738,155859.18905937122,57372.58690686897,78450.32709271854,49287.65417455188,68803.12609205677,76456.93141863696,105488.74233945526,115896.50414744107,23297.74935597471,56365.189931473775,82701.18183790619,103620.36052747403,36169.95328229263,48852.200845340114,59118.14672586372,72239.33318298086,82705.07381706897,97557.6718163866,128767.14615545029,66052.13017296694,55028.96566618507,80998.94833340246,40026.45032346425,62321.49528429083,71592.09856479938,12284.976274689248,35683.785557106006,40772.08870931941,60640.69325654718,66198.25411179729,90380.63027210656,100909.09764381745,18610.967724012877,37125.66753169083,44903.46373736321,65399.88822871385,91235.27825766851,35987.130172966936,9640.783826620587
26386.386386386388,0.0,50599.4874433205,81310.49899166568,103495.82095679983,155992.1738803028,57454.21486644563,78563.80947422174,49365.35125826421,68891.8723229109,76561.23654535311,105578.77753393089,116043.51638440248,23336.355921941908,56446.90191894965,82815.54881640644,103735.8556376503,36215.27674714227,48927.56812312524,59196.93235108905,72341.12963490644,82803.02244525809,97690.07625549308,128898.38644212841,66169.70536352688,55122.96261001066,81100.0617306567,40105.07172206184,62438.58209380531,71709.07588832709,12324.153968474191,35761.41589561482,40851.44160533037,60742.34167644938,66300.52122221878,90502.27003523208,101050.24759582295,18653.305419931712,37202.95438091777,44981.072167218605,65516.266407187286,91349.38289683346,36104.705363526875,9718.318977140487
26426.426426426427,0.0,50677.45854851517,81426.35276474539,103596.69725362782,156125.2098900183,57535.83318629602,78677.31005232254,49443.05218366361,68980.57423346036,76665.55503735266,105668.79552542305,116190.59432985994,23374.964632228373,56528.60801855391,82929.9283735329,103851.35902649548,36260.58119978616,49002.948899732815,59275.7172441494,72442.8740823351,82901.01736221171,97822.47667028737,129029.6726634492,66287.28483252249,55216.933957229,81201.20928138954,40183.694226247724,62555.67481981592,71826.05902507741,12363.332960908647,35839.050352759645,40930.795914163835,60843.890244747636,66402.85716574606,90623.89901062395,101191.46247300194,18695.63654307703,37280.24664058331,45058.682472185676,65632.65332508646,91463.49947597427,36222.28483252249,9795.858406096064
26466.466466466467,0.0,50755.43279909368,81542.19451564638,103697.55266944101,156258.2969909548,57617.44191753936,78790.82875239485,49520.7569407899,69069.23206337114,76769.88667979513,105758.79697758803,116337.73724652457,23413.57548130504,56610.30825229559,83044.32046860785,103966.87067119344,36305.8667315021,49078.34311189669,59354.50142113171,72544.56638240188,82999.0588031646,97954.8728776252,129161.00478381437,66404.86856820034,55310.879720831945,81302.39094910226,40262.31783818331,62672.77344246186,71943.04795748938,12402.513248483338,35916.68891710831,41010.1516307229,60945.338746294816,66505.26235645161,90745.5171345768,101332.74207789879,18737.961116824248,37357.54429260023,45136.29466037994,65749.04894616234,91577.6279591691,36339.86856820034,9873.402101733875
26506.506506506506,0.0,50833.4101878208,81658.02419647145,103798.38729834976,156391.43508560263,57699.04111101808,78904.36550018369,49598.46551972022,69157.84605154638,76874.23125819761,105848.78254167542,116484.94441011803,23452.18846366521,56692.00264209953,83158.7250611181,104082.3905490142,36351.13343304538,49153.750696714626,59433.28489797676,72646.20639402086,83097.1470002622,98087.26469640364,129292.38276752947,66522.45655885414,55404.79991403673,81403.60669716504,40340.94255999582,62789.877941982115,72060.04266807798,12441.694827703508,35994.33157727553,41089.50874993649,61046.68697541216,66607.73719769681,90867.12434537137,101474.08621255709,18780.279164447962,37434.84731897147,45213.908739797465,65865.45323438846,91691.7683106393,36457.45655885414,9950.95005234763
26546.546546546546,0.0,50911.39070748438,81773.84175925532,103899.20123469028,156524.6240765063,57780.630817299134,79017.9202218033,49676.17791056864,69246.41643611414,76978.5885584494,105938.75285680892,116632.21510908824,23490.80357382442,56773.69120980652,83273.14211071377,104197.9186373136,36396.381394651806,49229.17159164639,59512.06769048043,72747.79397789965,83195.28218256489,98219.65194753824,129423.80657880388,66640.0487928245,55498.69455028486,81504.85648881758,40419.56839377852,62906.98829871477,72177.04313943363,12480.877695088915,36071.97832192261,41168.867266759175,61147.93473596536,66710.28208206185,90988.72058325006,101615.49467853726,18822.590709122367,37512.1557017896,45291.52471831616,65981.86615395914,91805.92049474899,36575.04879282449,10028.502246277945
26586.586586586593,0.0,50989.374350894934,81889.64715596336,103999.9945730233,156657.86386626563,57862.21108667545,79131.49284373535,49753.89410348603,69334.94345441529,77082.95836682641,106028.70855026048,116779.54864433211,23529.420806320322,56855.37397717373,83387.5715772081,104313.45491353287,36441.610706040614,49304.60573451192,59590.849814295056,72849.32899655408,83293.46457605259,98352.03445394023,129555.27618175009,66757.6452584987,55592.56364324108,81606.14028716972,40498.1953415912,63024.10449309631,72294.04935422199,12520.061847173762,36149.629139757235,41248.227176171094,61249.08184143629,66812.89739128004,91110.30579039206,101756.96727693402,18864.89577392186,37589.46942323615,45369.142603697095,66098.28766928753,91920.0844760045,36692.6452584987,10106.058671912106
26626.626626626632,0.0,51067.36111088572,82005.440338491,104100.7674081325,156791.1543575366,57943.78196916726,79245.08329282704,49831.61408866001,69423.42734299209,77187.34047000468,106118.65023771787,116926.94432892434,23568.040155712548,56937.050965874885,83502.01342057639,104428.99935519815,36486.82145641753,49380.053063489395,59669.63128493064,72950.81131432246,83391.6944036288,98484.41204049424,129686.7915403837,66875.24594431046,55686.40720679229,81707.458055202,40576.8234054604,63141.226505661056,72411.06129518329,12559.247280506617,36227.284019533254,41327.58847317772,61350.128114990235,66915.58349617681,91231.87991088867,101898.50380839339,18907.194381821588,37666.78846558112,45446.76240358571,66214.71774500413,92034.26021905325,36810.24594431046,10183.619317683828
26666.66666666667,0.0,51145.35098031272,82121.22125866315,104201.51983502337,156924.49545303243,58025.343514523425,79358.69149628923,49909.3378563146,69511.86833757686,77291.73465507416,106208.57852354615,117074.4014878532,23606.66161658265,57018.72219750045,83616.4676009553,104544.55193992022,36532.01373447769,49455.513517113424,59748.41211775633,73052.24079737964,83489.97188512459,98616.78453403628,129818.35261862303,66992.85083873966,55780.22525504642,81808.80975576623,40655.45258737984,63258.35431704043,72528.07894513205,12598.43399165029,36304.94295005035,41406.95115280978,61451.07338953855,67018.34075661306,91353.44289071903,102040.10407312989,18949.48655569785,37744.11281118237,45524.38412551309,66331.15634595486,92148.44768868343,36927.85083873966,10261.184172072986
26706.70670670671,0.0,51223.343952054245,82236.98986823301,104302.25194892159,157057.88705552436,58106.895772222764,79472.31738169456,49987.06539671011,69600.26667308103,77396.14070955152,106298.49400104178,117221.91945776224,23645.28518353381,57100.387693558034,83730.93407864228,104660.11264539382,36577.18762840847,49530.98703427306,59827.19232800141,73153.61731375114,83588.2972373027,98749.15176333181,129949.95938028878,67110.45993031203,55874.01780233136,81910.19535158598,40734.08288931058,63375.48790796225,72645.10228695655,12637.621977181796,36382.60592015373,41486.31521012295,61551.91750779667,67121.1695214333,91474.99467772548,102181.76787094347,18991.772318328654,37821.44244248491,45602.00777689714,66447.60343719943,92262.64684982318,37045.45993031203,10338.753223605316
26746.74674674675,0.0,51301.340019011244,82352.74611888187,104402.9638452719,157191.32906784298,58188.43879147548,79585.96087697576,50064.796700142935,69688.62258358473,77500.55842139323,106388.3972526822,117369.4975866984,23683.910851190885,57182.04747547251,83845.41281409469,104775.68144939764,36622.343225892604,49606.47355420991,59905.971930756845,73254.94073332685,83686.67067386139,98881.51355905458,130081.61178910379,67228.073207599,55967.78486319386,82011.61480525737,40812.71431318149,63492.6272592502,72762.13130361855,12676.811233692202,36460.272918734016,41565.68064019789,61652.66032233754,67224.07012841837,91596.53522158954,102323.49500123643,19034.05169239422,37898.777342020505,45679.633365043876,66564.05898400956,92376.85766753978,37163.073207598994,10416.326460852244
26786.78678678679,0.0,51379.33917410687,82468.48996221766,104503.6556197365,157324.82139287895,58269.97262122448,79699.6219104236,50142.53175694543,69776.9363023265,77604.98757900769,106478.28885036806,117517.13523386582,23722.538614200243,57263.70156458641,83959.90376792915,104891.25832979358,36667.48061411102,49681.97301651643,59984.75094097637,73356.21092787452,83785.09240543854,99013.86975376518,130213.30980869284,67345.69065921742,56061.52645239854,82113.06807924953,40891.34686088955,63609.77235182316,72879.1659781528,12716.00175778673,36537.94393472693,41645.04743814,61753.30169564023,67327.04290424314,91718.06447380767,102465.28526303021,19076.324700477562,37976.11749240701,45757.26089714861,66680.52295186749,92491.08010703934,37280.69065921743,10493.903872430637
26826.82682682683,0.0,51457.34141028663,82584.22134977498,104604.32736819395,157458.36393358384,58351.497310146675,79813.30041068519,50220.27055748574,69865.20806169348,77709.42797126772,106568.16935566027,117664.83176938583,23761.168467229603,57345.34998216006,84074.40690092086,105006.84326452635,36712.599879745816,49757.48536113384,60063.52937347782,73457.42777105316,83883.56263961499,99146.22018189043,130345.05340258217,67463.31227382935,56155.24258492665,82214.55513590522,40969.980534300106,63726.92316669449,72996.20629366662,12755.193546084465,36615.618957113045,41724.415599079235,61853.84150013368,67430.08816443861,91839.58238766731,102607.13845498182,19118.591365064873,38053.4628763478,45834.8903802971,66796.99530646406,92605.31413366558,37398.312273829346,10571.485447002517
26866.86686686687,0.0,51535.346720518115,82699.94023301362,104704.97918673765,157591.95659297152,58433.01290665432,79926.99630676216,50298.013092167435,69953.43809321173,77813.8793875218,106658.0393200111,117812.5865740625,23799.800404967893,57426.99274937196,84188.92217400283,105122.4362316234,36757.70110898305,49833.01052835027,60142.30724294417,73558.59113842619,83982.08158091863,99278.56467970251,130476.84253419939,67580.93804014166,56248.93327597505,82316.0759374414,41048.61533524719,63844.07968497147,73113.25223333947,12794.38659521842,36693.29797491747,41803.78511816999,61954.279618235734,67533.20621335914,91961.0889182229,102749.0543754005,19160.851708546015,38130.81347663123,45912.52182146673,66913.47601369722,92719.55971289967,37515.938040141664,10649.071173274795
26906.906906906912,0.0,51613.35509779098,82815.64656331833,104805.61117167462,157725.59927411855,58514.519458896415,80040.70952800871,50375.75935142959,70041.62662753722,77918.34161760582,106747.89928498983,117960.39903915382,23838.43442212522,57508.629887318886,84303.44954826517,105238.03720919407,36802.784387515756,49908.548458799,60221.08456392505,73659.70090747443,84080.64943082811,99410.90308529907,130608.67716687318,67698.56794690603,56342.5985409551,82417.63044595002,41127.25126553386,63961.24188785465,73230.30378042266,12833.58090183538,36770.98097720971,41883.15599059098,62054.6159423874,67636.39734415464,92082.58402227232,102891.03282226407,19203.10575321514,38208.169276130044,45990.15522752775,67029.96503967038,92833.81681035916,37633.56794690603,10726.661039999111
26946.94694694695,0.0,51691.366535117006,82931.34029199803,104906.22341952415,157859.2918801656,58596.01701475999,80154.44000413007,50453.5093257465,70129.77389444676,78022.81445185424,106837.749782503,118108.26856614815,23877.0705134327,57590.261417016365,84417.98898495451,105353.6461754296,36847.849800546916,49984.09909345646,60299.86135083773,73760.75695760876,84179.26638777627,99543.23523858274,130740.55726383295,67816.20198291852,56436.23839549159,82519.21862339848,41205.888326932516,64078.40975663726,73347.3609182388,12872.776462595946,36848.667953103395,41962.528211545075,62154.85037508183,67739.6618387473,92204.06765833317,103033.07359323505,19245.353521271078,38285.530257800914,46067.79060524435,67146.46235069074,92948.08539179768,37751.201982918516,10804.25503597156
26986.98698698699,0.0,51769.38102552967,83047.02137028471,105006.8160270164,157993.03431431815,58677.505621871394,80268.18766518038,50531.263005627414,70217.88012282955,78127.29768111049,106927.59133500898,118256.19456654644,23915.708673642275,57671.88735939877,84532.54044547307,105469.26310860239,36892.897432792,50059.662373640356,60378.637617968314,73861.75917018246,84277.93264715404,99675.56098124175,130872.48278820881,67933.84013701938,56529.85285542159,82620.84043163017,41284.52652118514,64195.58327270449,73464.42363018151,12911.973274174245,36926.358891755925,42041.90177625905,62254.98282888884,67842.99996781354,92325.5397866193,103175.17648567683,19287.595034817798,38362.89640468373,46145.42796127581,67262.9679132677,93062.36542310388,37868.840137019375,10881.853150032388
27027.02702702703,0.0,51847.398562084396,83162.68974933313,105107.38909109129,158126.82647984746,58758.98532759767,80381.95244156104,50609.02038161655,70305.9455406788,78231.79109673781,107017.424455728,118404.1764616491,23954.348897526706,57753.507735319574,84647.10389137815,105584.88798706597,36937.9273684822,50135.238241007806,60457.41337947301,73962.70742850378,84376.64840131399,99807.88015673019,131004.45370303103,68051.48239809286,56623.44193679334,82722.49583236538,41363.16585000363,64312.762417533035,73581.49189971492,12951.171333258095,37004.05378236838,42121.27667998359,62355.01322647415,67946.41199077078,92447.00036901745,103317.34129666956,19329.830315864965,38440.267699901204,46223.06730217762,67379.48169411128,93176.6568703012,37986.48239809288,10959.455371065844
27067.06706706707,0.0,51925.41913785836,83278.34538022007,105207.94270889711,158260.6682800916,58840.45617904798,80495.73426401912,50686.78144429283,70393.97037508406,78336.29449062928,107107.24964884654,118552.21368234855,23992.991179879493,57835.1225655518,84761.6792843815,105700.52078925431,36982.93969136725,50210.82663755364,60536.188649379415,74063.60161784783,84475.41383957386,99940.1926102491,131136.4699712303,68169.12875506707,56717.00565586532,82824.18478720175,41441.8063150702,64429.94717269045,73698.56571037351,12990.37063654888,37081.75261418533,42200.65291799315,62454.94150061395,68049.89815576948,92568.44936906433,103459.56782302621,19372.059386328485,38517.64412665835,46300.708634402734,67496.0036601307,93290.95969954686,38104.12875506708,11037.061688000009
27107.10710710711,0.0,52003.44274595017,83393.98821394314,105308.47697778902,158394.55961845609,58921.918223074565,80609.53306364507,50764.54618426954,70481.95485222305,78440.80765521739,107197.06740971684,118700.30566892581,24031.635515514456,57916.73187078797,84876.26658634827,105816.16149368143,37027.93448471789,50286.42750560808,60614.9634415872,74164.441625468,84574.22914822036,100072.49818872695,131268.53155563676,68286.77919691335,56810.54402910476,82925.90725761486,41520.447918037375,64547.137519834316,73815.6450457613,13029.571180761206,37159.45537649421,42280.030485585565,62554.767594203884,68153.45869968939,92689.88675192304,103601.85586130791,19414.28226803071,38595.025668241666,46378.35196430236,67612.53377843232,93405.27387713135,38221.77919691337,11114.672089806256
27147.14714714715,0.0,52081.46937948018,83509.61820142072,105408.99199532821,158528.50039841532,59003.37150627455,80723.3487718715,50842.314592194554,70569.89919735485,78545.33038348392,107286.87822505222,118848.45187085318,24070.28189926608,57998.33567164077,84990.8657592967,105931.8100789414,37072.911831329315,50362.040787835416,60693.7377698699,74265.22734060806,84673.09451051282,100204.79674080167,131400.63841898052,68404.4337126466,56904.057073186996,83027.66320495906,41599.090660528695,64664.33344071207,73932.72988955189,13068.772962623298,37237.162058625676,42359.40937808226,62654.49146026409,68257.09384814177,92811.31248436078,103744.20520783977,19456.498982701276,38672.41230801905,46455.99729812745,67729.07201631884,93519.59936947782,38339.4337126466,11192.286565499453
27187.18718718719,0.0,52159.499031590116,83625.23529349084,105509.4878592802,158662.4905235129,59084.81607499084,80837.18132047108,50920.0866587498,70657.80363481253,78649.86246896899,107376.68257311688,118996.65174660026,24108.930325989008,58079.93398864292,85105.47676539732,106047.46652370741,37117.8718135234,50437.66642723168,60772.51164787555,74365.95865451318,84772.01010668674,100337.08811680163,131532.790523891,68522.09229132456,56997.544804994,83129.45259046793,41677.73454413863,64781.534917160025,74049.82022548784,13107.975978876493,37314.872649952806,42438.789590827786,62754.11306193825,68360.80381547587,92932.72653472578,103886.6156587262,19498.709551977274,38749.80402943885,46533.644642029416,67845.61834128713,93633.93614314136,38457.09229132456,11269.905104137368
27227.22722722723,0.0,52237.53169544305,83740.83944091054,105609.96466761387,158796.5298973628,59166.25197531363,80951.03064155484,50997.86237465119,70745.66838799638,78754.40370578009,107466.48092391137,119144.90476344572,24147.58079055811,58161.526842247644,85220.09956697212,106163.13080673182,37162.814513151985,50513.30436712307,60851.285089128025,74466.63546044081,84870.97611395748,100469.37216872767,131664.987832897,68639.75492204784,57091.00724161342,83231.27537525505,41756.37957043307,64898.741931102966,74166.91603738027,13147.180226275417,37392.58713989125,42518.17111918991,62853.63237248821,68464.58880479052,93054.12887292463,104029.0870098661,19540.91399740389,38827.20081602959,46611.2940020614,67962.17272102703,93748.28416480836,38574.75492204785,11347.527694820616
27267.26726726727,0.0,52315.56736422344,83856.4305943554,105710.42251850011,158930.61842365062,59247.67925308171,81064.89666757047,51075.641730648626,70833.49367936768,78858.95388860065,107556.27373935429,119293.21039729285,24186.23328786841,58243.114252828964,85334.73412649412,106278.80290684558,37207.74001159945,50588.954551163944,60930.05810702818,74567.25765367174,84969.99270652421,100601.64875023518,131797.23030842643,68757.42159395973,57184.44440033752,83333.13152031467,41835.02574094961,65015.95446455361,74284.01730910869,13186.385701587893,37470.305517898836,42597.55395855935,62953.0493752836,68568.44900795099,93175.51947040015,104171.6190569682,19583.112340434833,38904.60265139943,46688.94538417936,68078.73512341981,93862.64340129611,38692.42159395973,11425.154326692456
27307.30730730731,0.0,52393.60603113678,83972.00870441846,105810.86151031038,159064.7560061336,59329.09795388362,81178.7793313005,51153.42471752555,70921.27973044213,78963.51281269826,107646.06147345828,119441.56813248966,24224.88781283478,58324.6962406818,85449.38040658642,106394.48280295794,37252.64838978545,50664.61692333499,61008.830714854754,74667.82513152032,85069.06005557344,100733.91771661612,131929.51791280566,68875.09229624571,57277.856298661856,83435.02098652226,41913.673057197644,65133.17249961184,74401.12402462034,13225.592401594698,37548.027773475325,42676.93810434965,63052.3640637863,68672.38460561022,93296.89830010885,104314.21159556572,19625.30460243272,38982.00951923548,46766.59879424289,68195.30551653658,93977.01381955162,38810.09229624571,11502.784988938402
27347.34734734735,0.0,52471.647689409925,84087.57372161,105911.28174161604,159198.94254864258,59410.50812305913,81292.67856586068,51231.21132609912,71009.02676178428,79068.08027393323,107735.84457250322,119589.97746165334,24263.544360392083,58406.27282602241,85564.03837002184,106510.17047405592,37297.53972816789,50740.29142794144,61087.60292576581,74768.33779334501,85168.17832928307,100866.17892478204,132061.85060826043,68992.76701813357,57371.24295428445,83536.94373463535,41992.32152065893,65250.39601846441,74518.23616793004,13264.80032308976,37625.75389616233,42756.32355199713,63151.57644153039,68776.3957672356,93418.26533649878,104456.86442103163,19667.490804669702,39059.421403303575,46844.25423801656,68311.883868637,94091.39538665167,38927.76701813358,11580.419670786228
27387.38738738739,0.0,52549.69233229048,84203.12559635636,106011.68331118634,159333.17795508198,59491.9098057004,81406.5943046981,51309.001547219676,71096.73499300159,79172.65606876578,107825.62347520399,119738.4378854989,24302.202925494857,58487.84402898856,85678.70797972193,106625.86589920422,37342.41410674559,50815.9780096111,61166.374752799435,74868.79554055804,85267.34769282617,100998.43223324623,132194.22835691448,69110.44574889293,57464.60438510441,83638.89972529408,42070.97113278761,65367.625003384106,74635.35372311973,13304.009462879902,37703.48387554289,42835.71029696062,63250.68652209681,68880.48265113994,93539.620555488,104599.5773285929,19709.670968327733,39136.83828744749,46921.91172117068,68428.4701481676,94205.78806980162,39045.44574889294,11658.058361505551
27427.42742742743,0.0,52627.73995304719,84318.66427899976,106112.0663179878,159467.46212943117,59573.30304665329,81520.52648158954,51386.79537177083,71184.40464273914,79277.23999426409,107915.39861287526,119886.94891267142,24340.8635031173,58569.40986963977,85793.38919875651,106741.5690575446,37387.271605061025,50891.67661329256,61245.14620887506,74969.19827663529,85366.56830837493,101130.6775021072,132326.65112079013,69228.12847783513,57557.94060922097,83740.88891902185,42149.62189501058,65484.85943672933,74752.47667433803,13343.219817784753,37781.21770124136,42915.09833472138,63349.69432908333,68984.64540451791,93660.96393444206,104742.35011334537,19751.845114499185,39214.26015558859,46999.571249282424,68545.06432376051,94320.19183633517,39163.128477835126,11735.701050407697
27467.467467467468,0.0,52705.79054496958,84434.18971979723,106212.43086118271,159601.7949757452,59654.68789051863,81634.4750306397,51464.592790669216,71272.03592867451,79381.83184811112,108005.17040959158,120035.51005958312,24379.526088253104,58650.970367957554,85908.081990343,106857.27992829558,37432.11230220309,50967.38718425336,61323.9173067944,75069.54590712552,85465.8403351047,101262.91459303154,132459.1188618079,69345.8151943129,57651.251644932236,83842.9112762261,42228.27380872777,65602.09930094349,74869.6050058,13382.431384636791,37858.95536292316,42994.487660782965,63448.59989606996,69088.88416348671,93782.29545215302,104885.1825702679,19794.013264187128,39291.686991725284,47077.23282783681,68661.66636423196,94434.60665371348,39280.815194312905,11813.347726845437
27507.50750750751,0.0,52783.84410136803,84549.70186892012,106312.77704012803,159736.17639815575,59736.06438165359,81748.4398862797,51542.39379486441,71359.62906751294,79486.43142861218,108094.93928234409,120184.12085025333,24418.19067591548,58732.52554384586,86022.78631784556,106972.99849075216,37476.93627680989,51043.10966807816,61402.688059242646,75169.8383396597,85565.16392919833,101395.1433692377,132591.63154178634,69463.5058877204,57744.53751073427,83944.96675719901,42306.92687531241,65719.34457855455,74986.73870178671,13421.644160281241,37936.69685029465,43073.87827067115,63547.40326657926,69193.199053132,93903.61508881759,105028.07449423686,19836.175438306018,39369.118779932585,47154.89646222774,68778.27623858085,94549.03248952473,39398.5058877204,11890.998380212885
27547.54754754755,0.0,52861.90061557352,84665.20067645356,106413.10495437428,159870.60630087194,59817.43256417286,81862.42098326501,51620.19837533866,71447.18427498263,79591.03853470113,108184.70564119314,120332.78081615284,24456.85726113693,58814.07541713115,86137.50214477471,107088.72472428536,37521.74360707145,51118.84401066688,61481.45847878936,75270.07548395984,85664.53924384998,101527.36369547935,132724.1891224419,69581.20054749271,57837.79822531975,84047.0553221181,42385.5810961113,65836.59525217433,75103.87774664492,13460.85814157606,38014.44215310272,43153.270159933694,63646.10449403209,69297.59018755809,94024.922826016,105171.02568004007,19878.33165768196,39446.555504361575,47232.562157758905,68894.89391598743,94663.46931148347,39516.2005474927,11968.652999945152
27587.58758758759,0.0,52939.9600809377,84780.6860923956,106513.41470366399,160005.08458818094,59898.79248194986,81976.41825667398,51698.00652310673,71534.70176583035,79695.65296594707,108274.4698894175,120481.48949605174,24495.52583896907,58895.62000756264,86252.22943478647,107204.45860834188,37566.53437073226,51194.59015823278,61560.22857788952,75370.25725184724,85763.96642926971,101659.57543802923,132856.79156538885,69698.89916310571,57931.03380757692,84149.17693104691,42464.236472444936,65953.851304498,75221.0221247866,13500.073325391633,38092.19126113471,43232.66332414021,63744.70364169877,69402.05766994294,94146.21864669073,105314.03592239067,19920.481943053106,39523.99714923882,47310.22991964474,69011.51936581169,94777.91708742984,39633.899163105714,12046.31157551812
27627.62762762763,0.0,53018.02249083274,84896.1580666565,106613.70638793099,160139.6111644493,59980.14417861819,82090.43164190621,51775.818229215874,71622.18175381738,79800.27452256088,108364.23242365994,120630.2464358708,24534.19640448275,58977.15933481276,86366.9681516818,107320.20012244387,37611.30864509422,51270.34805730087,61638.99836888466,75470.3835572511,85863.44563268797,101791.77846466369,132989.43883213913,69816.60172407603,58024.24427658854,84251.33154393587,42542.89300560801,66071.11271830369,75338.1718206887,13539.289708611002,38169.94416421816,43312.05775888215,63843.20078264562,69506.60159259787,94267.50253512565,105457.10501594114,19962.626315070323,39601.44369886613,47387.899753011494,69128.15255759232,94892.37578532929,39751.60172407601,12123.974096448386
27667.66766766767,0.0,53096.087838651256,85011.61654905851,106713.98010729875,160274.18593412347,60061.48769757269,82204.46107468069,51853.6334847455,71709.62445171553,79904.90300540067,108453.99363406932,120779.05118853625,24572.868952767723,59058.69341847721,86481.71825940587,107435.94924618828,37656.06650701919,51346.11765470584,61717.767864003734,75570.4543162161,85962.9769983598,101923.97264464632,133122.13088410208,69934.30821996053,58117.42965163063,84353.51912062276,42621.550696869424,66188.3794764517,75455.32681889278,13578.507288129626,38247.70085222057,43391.453459772514,63941.595999676974,69611.22203703149,94388.77447692507,105600.23275529675,20004.76479429738,39678.895137619824,47465.57166289803,69244.79346104496,95006.8453732717,39869.30821996053,12201.640552292854
27707.70770770771,0.0,53174.15611780617,85127.06148933459,106814.23596207968,160408.80880173057,60142.823081970826,82318.5064910342,51931.452280807156,71797.03007130357,80009.5382159781,108543.75390443923,120927.90331383832,24611.543478932697,59140.22227807536,86596.47972204753,107551.70595924674,37700.80803293163,51421.898897590334,61796.53707536425,75670.46944691049,86062.56066756963,102056.15784871296,133254.86768258453,70052.01864035637,58210.58995217141,84455.73962083361,42700.2095474727,66305.65156188417,75572.48710400454,13617.726060855352,38325.46131504921,43470.850422445845,64039.889385272836,69715.91907401818,94510.03445899328,105743.41893502913,20046.897401211576,39756.35144995042,47543.24565425687,69361.44204606119,95121.32581947093,39987.01864035637,12279.31093264866
27747.747747747748,0.0,53252.22732173085,85242.4928371284,106914.47405277364,160543.4796718795,60224.15037473392,82432.5678273197,52009.27460854436,71884.3988233637,80114.17995646366,108633.51361234358,121076.80237829263,24650.21997810515,59221.745933050435,86711.2525038386,107667.47024136531,37745.53329882141,51497.69173340323,61875.30601497314,75770.42886963292,86162.19677863622,102188.33394905625,133387.64918879062,70169.73297490069,58303.725197870204,84557.9930041834,42778.8695586362,66422.92895762448,75689.65266069362,13656.946023708359,38403.22554265088,43550.24864255804,64138.08104152193,69820.69276367108,94631.28246951403,105886.66334968951,20089.024156204112,39833.8126203821,47620.92173195511,69478.098282707,95235.81709226413,40104.732974900675,12356.98522715293
27787.787787787787,0.0,53330.301443878765,85357.91054199333,107014.69448006703,160678.1984492617,60305.4696185484,82546.6450202046,52087.10045913237,71971.73091767848,80218.82802969188,108723.27312926858,121225.74795500506,24688.89844543131,59303.26440276985,86826.03656915316,107783.24207236388,37790.242380246345,51573.49610989777,61954.07469472792,75870.33250681998,86261.88546691727,102320.50081931055,133520.47536382175,70287.4512132704,58396.835408576306,84660.27923017667,42857.53073155336,66540.21164677676,75806.82347369325,13696.167173621208,38480.993525011814,43629.648115786316,64236.171080051005,69925.54315551903,94752.51849793008,106029.9657938221,20131.145079580452,39911.2786335123,47698.59990077532,69594.7621412215,95350.31916011119,40222.45121327038,12434.663425482599
27827.82782782783,0.0,53408.378477723505,85473.31455339195,107114.89734483132,160812.96503865178,60386.780855866986,82660.73800666913,52164.92982377814,72059.0265630277,80323.48223916668,108813.03282074188,121374.73962353979,24727.57887607595,59384.77770652539,86940.83188250719,107899.02143213584,37834.93535233484,51649.311975129705,62032.843126417494,75970.18028305263,86361.6268648146,102452.65833453686,133653.34616867642,70405.17334518197,58489.92060432774,84762.59825820837,42936.19306739292,66657.49961252537,75923.99952779978,13735.389507538523,38558.76525215734,43709.04883782893,64334.15962194924,70030.470288588,94873.74253492343,106173.32606197696,20173.2601915609,39988.74947401119,47776.28016541644,69711.43359201564,95464.83199159431,40340.17334518197,12512.345517354137
27867.86786786787,0.0,53486.45841675874,85588.70482069519,107215.0827481221,160947.77934490828,60468.08412890988,82774.84672400457,52242.76269371993,72146.28596718557,80428.14238906588,108902.79304645854,121523.77696979011,24766.261265222278,59466.285863533485,87055.63840855737,108014.80830064788,37879.61228978851,51725.13927745547,62111.611321723074,76069.97212506237,86461.42110177907,102584.80637120837,133786.26156424978,70522.89936039117,58582.980805350155,84864.95004756429,43014.85656729908,66774.79283813425,76041.18080787227,13774.613022417063,38636.5407141516,43788.45080440506,64432.04679768894,70135.47419148628,94994.95457239496,106316.74394872275,20215.369512280795,40066.22512662108,47853.96253049461,69828.11260567076,95579.35555541705,40457.89936039116,12590.031492523289
27907.90790790791,0.0,53564.54125449809,85704.08129318223,107315.25079117816,161082.64127297496,60549.379479666226,82888.9711098119,52320.59906022754,72233.50933691839,80532.80828424629,108992.55416040406,121672.85958585297,24804.945608071986,59547.78889293555,87170.45611210114,108130.60265793964,37924.27326688484,51800.97796553064,62190.379292219404,76169.70796173788,86561.26830431628,102716.94480719593,133919.22151133453,70640.62924869302,58676.01603205586,84967.33455742226,43093.521232392006,66892.09130694662,76158.36729883251,13813.837715225724,38714.31990109758,43867.85401125489,64529.832747042514,70240.55488249412,95116.15460344491,106460.21924865975,20257.473061791206,40143.705576156324,47931.64700054423,69944.79915293754,95693.88982040415,40575.62924869302,12667.721340785109
27947.94794794795,0.0,53642.62698447509,85819.44392003934,107415.40157541994,161217.55072788114,60630.66694989511,83003.11110199986,52398.43891460182,72320.69687798197,80637.47973024772,109082.31651097452,121821.98706990533,24843.631899844993,59629.286813798186,87285.28495807557,108246.40448412325,37968.918357479735,51876.82798830785,62269.14704937544,76269.38772413036,86661.16859599177,102849.07352175355,134052.22597061977,70758.36299992146,58769.026305042484,85069.75174685249,43172.18706376778,67009.39500238432,76275.55898566432,13853.06358294539,38792.10280313673,43947.25845413923,64627.51761899474,70345.71236965682,95237.34262235338,106603.75175643215,20299.570860059175,40221.1908075025,48009.3335800187,70061.49320473449,95808.43475550061,40693.36299992146,12745.415051973512
27987.987987987988,0.0,53720.715600242984,85934.79265035962,107515.5352024486,161352.50761474262,60711.94658112685,83117.26663878348,52476.282248174655,72407.84879511959,80742.1565332975,109172.08044109367,121971.1590260844,24882.320135779428,59710.779645113376,87400.12491155686,108362.21375938298,38013.5476350101,51952.68929503518,62347.914604555364,76369.01134545905,86761.12209743657,102981.19239550437,134185.27490269154,70876.10060394916,58862.01164509191,85172.20157481843,43250.85406249877,67126.70390794742,76392.75585341331,13892.290622568875,38869.88941044878,44026.66412883954,64725.101571652,70450.94665088171,95358.51862456065,106747.34126674062,20341.662926968147,40298.68080561614,48087.02227329129,70178.19473214688,95922.99032977139,40811.10060394916,12823.112615961174
28028.028028028028,0.0,53798.80709537495,86050.12743314228,107615.65177404517,161487.51183876256,60793.2184146643,83231.43765868247,52554.129052308854,72494.96529206005,80846.83850031428,109261.84628832771,122120.37506437005,24921.010311131515,59792.26740579893,87514.97593775994,108478.03046397513,38058.16117249653,52028.561835254404,62426.681969019664,76468.57876111657,86861.12892635318,103113.30131042679,134318.3682680326,70993.84205068741,58954.972073169214,85274.68400017757,43329.522229633905,67244.01800721363,76509.95788718664,13931.518831100879,38947.67971325161,44106.07103115777,64822.584772147464,70556.25771403941,95479.68260664819,106890.98757435443,20383.74928231847,40376.1755555243,48164.713084656134,70294.9037064253,96037.55651240071,40928.8420506874,12900.814022659375
28068.068068068067,0.0,53876.901463463626,86165.44821729203,107715.75139216892,161622.56330523215,60874.482491583956,83345.62410051958,52631.979318398,72582.04657151591,80951.52543891207,109351.61438499688,122269.63480046997,24959.702421175494,59873.75011469855,87629.83800203749,108593.85457822745,38102.75904254572,52104.44555879915,62505.44915392583,76568.08990867328,86961.18919752134,103245.40014984054,134451.50602702246,71111.58733008581,59047.90761042143,85377.1989816821,43408.19156619882,67361.33728383784,76627.16507215268,13970.74820555796,39025.473701801006,44185.47915691627,64919.96739654244,70661.64553706758,95600.83456631933,107034.69047412375,20425.829945827758,40453.675042324045,48242.406018328926,70411.62009898457,96152.13327269143,41046.5873300858,12978.519262017733
28108.108108108107,0.0,53954.998698121344,86280.7549516185,107815.83415895668,161757.66191953147,60955.73885273718,83459.82590341888,52709.83303786611,72669.09283518186,81056.21715740365,109441.38505828468,122418.93785570792,24998.39646120344,59955.22779058219,87744.71106987953,108709.68608253889,38147.34131735301,52180.34041579313,62584.216170329375,76667.54472788217,87061.30302280423,103377.48879839317,134584.68813993715,71229.33643213208,59140.81827817642,85479.74647797964,43486.86207319607,67478.66172155165,76744.37739354046,14009.978742968357,39103.27136639036,44264.88850195754,65017.249629724836,70767.11008807908,95721.97450238073,107178.44976099127,20467.90493713124,40531.17925118201,48320.101078447806,70528.34388140234,96266.7205800646,41164.33643213209,13056.228324023985
28148.148148148153,0.0,54033.09879297987,86396.04758483579,107915.90017672165,161892.80758713032,61036.98753875148,83574.04300680445,52787.6902021678,72756.10428373342,81160.91346480418,109531.15863034461,122568.28385691391,25037.0924265253,60036.70045214636,87859.59510691278,108825.52495737924,38191.90806870511,52256.246356648524,62662.983029184754,76766.9431606826,87161.47051115471,103509.56714204667,134717.9145669493,71347.08934685204,59233.7040979418,85582.32644761412,43565.533751605464,67595.99130416283,76861.59483663965,14049.210440372059,39181.07269735071,44344.299062144295,65114.43166530366,70872.65132547321,95843.10241472349,107322.26523000424,20509.974275782322,40608.688167334,48397.79826907425,70645.0750254181,96381.31840405893,41282.08934685204,13133.941198703884
28188.188188188193,0.0,54111.201741690435,86511.32606556162,108015.94954795213,162028.00021358862,61118.228590031606,83688.27535039841,52865.5508027879,72843.08111682575,81265.6141708343,109620.935418404,122717.67243631723,25075.790312468653,60118.168118014226,87974.49007889998,108941.37118328901,38236.45936798234,52332.16333206405,62741.749741346175,76866.28515120441,87261.6917686218,103641.63506806409,134851.18526812817,71464.84606430911,59326.56509140373,85684.93884902628,43644.206602384176,67713.32601555494,76978.81738680002,14088.443294820634,39258.87768505028,44423.7108333592,65211.51370550049,70978.26919805002,95964.21830430446,107466.13667632587,20552.03798125283,40686.20177608458,48475.49759419381,70761.81350293168,96495.9267143299,41399.84606430911,13211.657876120917
28228.228228228232,0.0,54189.3075379236,86626.59034231707,108115.98237531073,162163.2397045578,61199.46204676088,83802.52287421975,52943.4148312414,72930.02353309261,81370.3190859234,109710.71573486619,122867.10323144216,25114.490114378787,60199.63080673608,88089.39595173951,109057.22474087868,38280.995286161444,52408.09129302341,62820.51631756863,76965.57064577121,87361.96689835735,103773.69246499668,134984.50020343944,71582.60657460443,59419.40128042586,85787.58364055477,43722.880626467086,67830.66583968674,77096.04502943123,14127.677303377313,39336.68631989449,44503.12381150485,65308.49596103797,71083.96364512798,96085.32217312831,107610.0638952472,20594.096072933542,40763.72006280659,48553.19905771702,70878.55928600236,96610.54548064971,41517.60657460443,13289.378346376201
28268.26826826827,0.0,54267.41617536924,86741.8403635258,108215.99876163322,162298.52596578107,61280.68794890226,83916.78551858243,53021.28227907337,73016.93173014553,81475.0280212122,109800.49988740934,123016.57588500537,25153.191827618437,60281.08853678943,88204.31269146441,109173.08561082878,38325.515893817814,52484.030190793455,62899.28276850864,77064.79959290342,87462.2960006229,103905.73922267064,135117.85933274543,71700.37086787648,59512.21268704812,85890.26078043655,43801.55582476689,67948.01076059179,77213.27775000248,14166.912463116787,39414.49859232563,44582.537992503596,65405.37865102489,71189.73459666444,96206.414024229,107754.0466821979,20636.148570134515,40841.243012940744,48630.90266348014,70995.31234684742,96725.17467290645,41635.370867876474,13367.102599608203
28308.30830830831,0.0,54345.527647736315,86857.07607751337,108315.99880992703,162433.85890309417,61361.906336199485,84031.06322409381,53099.153137858615,73103.80590457303,81579.74078855567,109890.28817908376,123166.0900448164,25191.895447567673,60362.541326579274,88319.24026424202,109288.95377388931,38370.02126112805,52559.979976922354,62978.04910472505,77163.97194332114,87562.6791727964,104037.7752321747,135251.26261580474,71818.1389343008,59604.99933348549,85992.97022680781,43880.23219817427,68065.36076237782,77330.51553404202,14206.148771125081,39492.314492822625,44661.95337229733,65502.16200283861,71295.58197337925,96327.49386165183,107898.08483275768,20678.195492085422,40918.77061199512,48708.60841524586,71112.072657841,96839.81426110337,41753.138934300805,13444.830625992494
28348.34834834835,0.0,54423.64194875301,86972.29743250707,108415.98262337095,162569.2384224264,61443.11724817851,84145.35593165347,53177.027399201776,73190.64625194046,81684.45720052556,109980.08090840641,123315.64536367997,25230.600969624087,60443.98919443857,88434.17863637331,109404.82921087966,38414.511457872635,52635.94060323822,63056.815336680214,77263.08764994665,87663.11650938002,104169.80038584743,135384.71001227264,71935.91076409016,59697.76124212714,86095.71193770485,43958.909747558355,68182.7158292266,77447.7583671372,14245.38622449983,39570.13401190111,44741.369946847626,65598.84625200489,71401.50568688096,96448.56169043604,108042.17814266734,20720.236857936125,40996.30284554498,48786.316316704346,71228.84019151318,96954.46421535875,41870.910764090164,13522.562415741813
28388.38838838839,0.0,54501.75907216651,87087.50437663516,108515.9503053136,162704.6644298013,61524.320724148434,84259.6635824512,53254.90505473706,73277.45296678923,81789.17707041276,110069.8783694538,123465.24149930052,25269.308389202393,60525.432158628144,88549.1277742924,109520.71190268797,38458.98655343809,52711.91202184703,63135.581474740524,77362.14666790629,87763.60810200707,104301.81457726477,135518.2014817009,72053.68634749402,59790.49843553502,86198.48587106462,44037.588473766715,68300.07594539312,77565.00623493384,14284.62482034984,39647.95714011291,44820.7877121354,65695.43164207449,71507.50563979574,96569.6175165966,108186.3264078396,20762.272686756995,41073.83969923212,48864.02637147382,71345.61492054851,97069.12450590509,41988.68634749402,13600.297959105628
28428.428428428433,0.0,54579.87901174308,87202.69685792623,108615.90195927242,162840.13683133706,61605.516803202794,84373.9861179658,53332.786096128155,73364.226242637,81893.90021222938,110159.68085195209,123614.87811418911,25308.0177017345,60606.870237337294,88664.08764456585,109636.6018302711,38503.4466168196,52787.89418513119,63214.3475291774,77461.14895453246,87864.15403944987,104433.81770122773,135651.73698353762,72171.46567479853,59883.210936442876,86301.29198472571,44116.26837762565,68417.44109520537,77682.25912313609,14323.864555795284,39725.78386804614,44900.20666416095,65791.91842449788,71613.58172589866,96690.66134710735,108330.5294243696,20804.302997539216,41151.38115876458,48941.738583101374,71462.3968177851,97183.79510308857,42106.465674798514,13678.037246370084
28468.468468468473,0.0,54658.001761267646,87317.87482430864,108715.83768893262,162975.65553324774,61686.70552422058,84488.32347996316,53410.67051506788,73450.96627197729,81998.62644071093,110249.48864136533,123764.5548755722,25346.728902669267,60688.30344868376,88779.05821389188,109752.49897465415,38547.89171662334,52863.88704574759,63293.11351016804,77560.09446936473,87964.75440762735,104565.80965375046,135785.3164771275,72289.24873632612,59975.89876775493,86404.13023642883,44194.94945994029,68534.8112630637,77799.51701750587,14363.105427967443,39803.61418632466,44979.626798943566,65888.30685849699,71719.73383024753,96811.69318988312,108474.78698854559,20846.327809195198,41228.92720991606,49019.45295506369,71579.18585621317,97298.47597736858,42224.24873632612,13755.78026785764
28508.508508508512,0.0,54736.127314544196,87433.03822361027,108815.75759814635,163111.2204418435,61767.88692586764,84602.6756104952,53488.55830327849,73537.67324628003,82103.3555713181,110339.30201898223,123914.2714553025,25385.44198747261,60769.73181071413,88894.0394491002,109868.40331693018,38592.32192106896,52939.8905566262,63371.87942779636,77658.98317415116,88065.40928961344,104697.79033204792,135918.9399217117,72407.03552243568,60068.56195254498,86507.00058381785,44273.631721495025,68652.18643344053,77916.77990386295,14402.347434008814,39881.44808560832,45059.04811252181,65984.59721093508,71825.96182931903,96932.71305376328,108619.09889685934,20888.3471405591,41306.47783852578,49097.16949076791,71695.98200897429,97413.16709931723,42342.035522435675,13833.52701392716
28548.54854854855,0.0,54814.255665395394,87548.18700355769,108915.66179093154,163246.8314635317,61849.06104659771,84717.04245189796,53566.449452511115,73624.34735599157,82208.0874202387,110429.1212619998,124064.0275297722,25424.156951627367,60851.15534140424,89009.03131715112,109984.31483826,38636.73729799206,53015.9046709682,63450.645292053814,77757.81503284888,88166.11876564502,104829.7596345247,136052.60727642794,72524.82602352211,60161.20051405512,86609.90298444053,44352.31516305356,68769.56659087983,78034.04776808439,14441.59057107303,39959.28555659244,45138.47060095314,66080.78975618436,71932.2655911468,97053.72094849445,108763.46494601635,20930.361010387136,41384.033030497936,49174.888193552346,71812.78524936015,97527.86843961875,42459.82602352211,13911.277474973554
28588.58858858859,0.0,54892.38680766248,87663.32111177585,109015.5503714707,163382.48850481742,61930.22792465345,84831.42394679025,53644.34395454578,73710.98879053516,82312.821804389,110518.94664360625,124213.82277982742,25462.87379063301,60932.5740586591,89124.03378513503,110100.23351987165,38681.13791484633,53091.929342244315,63529.41111284004,77856.59001162443,88266.8829131305,104961.71746076252,136186.31850031053,72642.62023001615,60253.814475694555,86712.83739574916,44430.99978535906,68886.95171999662,78151.32059610417,14480.834836324655,40037.12659000777,45217.89426031381,66176.88477599136,72038.64497546159,97174.71688471372,108907.88493294579,20972.3694373578,41461.59277180123,49252.60906668714,71929.59555081125,97642.57996906897,42577.62023001615,13989.031641427558
28628.62862862863,0.0,54970.5207352054,87778.44049578719,109115.42344411017,163518.19147230408,62011.38759806778,84945.82003807212,53722.24180119125,73797.59773831148,82417.55854141514,110608.77843306094,124363.65689068529,25501.592500005794,61013.98798031332,89239.04682027179,110216.15934306031,38725.52383870617,53167.964524193216,63608.17689996382,77955.30807885382,88367.70180665844,105093.66371150943,136320.0735522905,72760.41813238428,60346.40386103854,86815.80377510138,44509.685589134504,69004.3418054766,78268.59837391308,14520.080226939288,40114.971176620216,45297.319086698844,66272.88255934068,72145.09983383339,97295.70087393248,109052.35865481046,21014.372440072508,41539.15704846855,49330.33211337502,72046.41288691603,97757.3016585747,42695.418132384264,14066.789503755637
28668.66866866867,0.0,55048.657441902666,87893.5451030118,109215.28111335917,163653.94027269448,62092.540104665015,85060.23066892344,53800.1429842851,73884.17438669957,82522.29744969483,110698.61689577356,124513.52955185247,25540.31307527865,61095.39712413154,89354.07038991031,110332.0922891878,38769.89513626907,53244.01017081995,63686.94266314397,78053.96920512221,88468.57551800663,105225.5982886682,136453.87239119524,72878.21972112858,60438.96869382731,86918.80207976117,44588.37257508286,69121.73683207578,78385.88108755839,14559.326740103541,40192.81930723088,45376.74507622197,66368.78340231703,72251.63000981521,97416.67292851981,109196.88590901688,21056.37003705592,41616.725846596695,49408.05733675223,72163.23723140982,97872.0334791535,42813.21972112857,14144.551052459901
28708.70870870871,0.0,55126.796921651156,88008.6348807661,109315.12348388837,163789.73481279123,62173.685482061795,85174.65578280218,53878.04749569315,73970.71892205732,82627.03834833793,110788.46229338038,124663.44045704548,25579.035512000875,61176.80150780825,89469.10446152772,110448.03233968237,38814.25187385767,53320.066236393985,63765.708412009764,78152.57336322323,88569.50411615099,105357.52109528478,136587.71497574914,72996.02498678635,60531.50899796468,87021.83226689929,44667.06074388711,69239.13678461984,78503.16872314338,14598.574373014693,40270.67097267553,45456.17222501528,66464.58760796514,72358.23533908845,97537.63306168618,109341.4664932243,21098.362246756038,41694.2991523457,49485.78473988884,72280.06855817347,97986.7754019328,42931.024986786346,14222.316278077633
28748.748748748752,0.0,55204.93916836626,88123.70977626313,109414.95066052946,163925.5749994973,62254.82376766853,85289.09532344318,53955.955327309835,74057.23152972283,82731.78105718803,110878.31488381981,124813.38930411311,25617.75980573836,61258.20114896864,89584.14900272904,110563.97947603863,38858.594117422486,53396.132675447974,63844.47415610221,78251.12052815792,88670.48766727501,105489.43203553781,136721.60126457326,73113.83391993024,60624.02479751728,87124.89429359444,44745.75009621072,69356.54164800394,78620.46126682727,14637.82312288104,40348.5261638248,45535.600529229465,66560.29548614885,72464.9156496099,97658.5812874678,109486.10020535474,21140.349087545055,41771.87695193877,49563.51432578991,72396.90684123265,98101.52739814974,43048.833919930235,14300.085171181483
28788.788788788792,0.0,55283.084175981516,88238.76973661128,109514.76274827361,164061.46073981703,62335.9549986902,85403.54923485644,54033.8664710576,74143.71239401514,82836.52539682286,110968.17492140541,124963.37579496004,25656.485952073213,61339.59606516823,89699.20398124639,110679.93367981663,38902.92193254386,53472.20944277572,63923.239904874354,78349.61067713329,88771.52623477922,105621.33101472704,136855.53121618537,73231.64651116772,60716.51611671302,87227.98811683361,44824.44063269756,69473.95140719204,78737.75870482477,14677.072986921536,40426.384871583665,45615.02998503332,66655.9073534082,72571.67076175977,97779.51762071042,109630.78684360193,21182.330577719276,41849.459231661574,49641.246097395815,72513.75205475646,98216.28943915025,43166.64651116772,14377.857722378925
28828.82882882883,0.0,55361.231938448815,88353.81470881435,109614.5598522708,164197.39194085659,62417.079212127705,85518.0174613258,54111.78091888702,74230.16169823566,82941.27118855533,111058.04265689748,125113.3996354727,25695.213946603846,61420.986273893555,89814.26936493859,110795.89493264222,38947.23538443451,53548.296493430826,64002.005667692356,78448.04378956073,88872.61987929128,105753.21793926298,136989.5047890002,73349.46275114117,60808.9829799402,87331.11369351331,44903.132353972265,69591.36604721664,78855.06102340577,14716.323962365765,40504.247086891446,45694.46058861391,66751.42353281565,72678.50048849153,97900.4420770539,109775.52620644063,21224.306735499715,41927.045977862115,49718.98005758314,72630.6041730566,98331.06149638894,43284.46275114117,14455.633922312336
28868.86886886887,0.0,55439.38244973819,88468.84463977086,109714.34207782891,164333.3685098248,62498.19644477894,85632.49994740746,54189.69866277679,74316.57962466961,83046.01825443414,111147.91833757362,125263.46053544624,25733.94378494491,61502.37179256229,89929.34512179045,110911.86321620627,38991.53453794184,53624.393782725034,64080.7714538362,78546.41984705391,88973.76865867554,105885.0927166559,137123.52194132953,73467.28263052764,60901.42541174634,87434.27098044007,44981.82526064042,69708.7855531784,78972.36820889522,14755.576046454073,40582.112800721676,45773.89233617645,66846.84435383114,72785.4046354822,98021.35467291684,109920.31809263563,21266.27757903251,42004.63717695029,49796.71620916537,72747.46317058631,98445.84354142823,43402.28263052764,14533.413761658769
28908.90890890891,0.0,55517.5357038379,88583.85947627359,109814.10953041249,164469.39035403356,62579.30673323989,85746.99663792847,54267.61969473331,74402.96635458729,83150.76641724426,111237.80220729682,125413.55820851367,25772.67546272707,61583.75263852353,90044.43121991238,111027.83851226485,39035.8194575501,53700.50126622654,64159.53727250036,78644.73883342632,89074.9726280438,106016.95525550556,137257.58263138216,73585.10614003864,60993.843436837,87537.45993433137,45060.5193532887,69826.2099102456,79089.68024767272,14794.829236437334,40659.982004081845,45853.32522394406,66942.17015215583,72892.3830012842,98142.25542548094,110065.16230125063,21308.24312638914,42082.232815397394,49874.454554893506,72864.32902193928,98560.63554593823,43520.10614003864,14611.197231129729
28948.94894894895,0.0,55595.69169475407,88698.8591650092,109913.86231564189,164605.45738089882,62660.41011390568,85861.50747798529,54345.54400679074,74489.32206824576,83255.51550050723,111327.69450658234,125563.6923720758,25811.40897559703,61665.1288290579,90159.52762753968,111143.82080263834,39080.09020738266,53776.61889975841,64238.30313279462,78743.00073468861,89176.23183976536,106148.80546549032,137391.68681726395,73702.93327041995,61086.2370800746,87640.68051181638,45139.21463248503,69943.63910365372,79206.99712617215,14834.08352957698,40737.854688013176,45932.75924815775,67037.40126958545,72999.43537747761,98263.14435267614,110210.05863165681,21350.20339556687,42159.832879735906,49952.195097456715,72981.2017018486,98675.43748169587,43637.933270419955,14688.984321471005
28988.98898898899,0.0,55673.85041651085,88813.84365255744,110013.60053929235,164741.56949794092,62741.50662297175,85976.03241294227,54423.47159101074,74575.64694489054,83360.26532848147,111417.59547266323,125713.86274723356,25850.1443192174,61746.500381377984,90274.634313032,111259.81006921167,39124.34685120435,53852.74663939699,64317.06904374473,78841.20553904516,89277.54634347797,106280.64325735744,137525.834456978,73820.76401245152,61178.60636647734,87743.93266943668,45217.91109877883,70061.07311870513,79324.31883088159,14873.33892314486,40815.73084359053,46012.19440507628,67132.53805386231,73106.56154882332,98384.02147316569,110355.00688354159,21392.15840448905,42237.437356558985,50029.93783948306,73098.08118518579,98790.2493205847,43755.76401245151,14766.77502346252
29029.02902902903,0.0,55752.01186315034,88928.81288539118,110113.32430729314,164877.7266127855,62822.59629643499,86090.5713884305,54501.40243948257,74661.94116275743,83465.0157261627,111507.50533955448,125864.06905872107,25888.88148926668,61827.8673126286,90389.7512448729,111375.80629393374,39168.58945242372,53928.88444147037,64395.83501429334,78939.35323689121,89378.91618609871,106412.46854291251,137660.02550842485,73938.59835694726,61270.95132121812,87847.21636364737,45296.60875270121,70178.51194076863,79441.64534834289,14912.59541442337,40893.61046192231,46091.63069097615,67227.58085852744,73213.76129341713,98504.88680633128,110500.00685691705,21434.10817100564,42315.046232520246,50107.68278354019,73214.96744695993,98905.07103459418,43873.59835694726,14844.56932791823
29069.069069069075,0.0,55830.17602873236,89043.76680987533,110213.0337257262,165013.92863316392,62903.67917009464,86205.12435034588,54579.3365443226,74748.20489907426,83569.76651928342,111597.42433811502,126014.31103484055,25927.62048143903,61909.22963988674,90504.87839166904,111491.80945881715,39212.81807409512,54005.03226255666,64474.60105330037,79037.44382080846,89480.34141183512,106544.28123500929,137794.25992940238,74056.43629475479,61363.27196962316,87950.53155081738,45375.30759476501,70295.95555527895,79558.97666515136,14951.853000705116,40971.493534149995,46171.06810215127,67322.53004277105,73321.03438284357,98625.74037225841,110645.05835212793,21476.05271289327,42392.65949433317,50185.42993213578,73331.86046231631,99019.90259581922,43991.4362947548,14922.367225685724
29109.109109109115,0.0,55908.34290733462,89158.70537226708,110312.72890082563,165150.17546691396,62984.75527955371,86319.69124484828,54657.27389767463,74834.43833006328,83674.51753431364,111687.35269610936,126164.58840739861,25966.36129144443,61990.587380162375,90620.01572215001,111607.81954593805,39257.03277892118,54081.190059482695,64553.367169544195,79135.47728556144,89581.82206219673,106676.08124754016,137928.53767760604,74174.27781675555,61455.568337171244,88053.87818723076,45454.00762546524,70413.40394773659,79676.31276795571,14991.111679293164,41049.38005144843,46250.50663491322,67417.38597128412,73428.38058233121,98746.58219172223,110790.1611698601,21517.99204785593,42470.27712877108,50263.17928771855,73448.76020653595,99134.74397645981,44109.27781675555,15000.168707646437
29149.149149149154,0.0,55986.51249305249,89273.62851871504,110412.40993897669,165286.46702198076,63065.82466021983,86434.27201835968,54735.21449170948,74920.6416309429,83779.26859845995,111777.29063826706,126314.9009116439,26005.103915008425,62071.94055039815,90735.16320516745,111723.8365374358,39301.233629254806,54157.35778932224,64632.133371722026,79233.45362809271,89683.35817600673,106807.86849542617,138062.85871062905,74292.12291386432,61547.840449492294,88157.25622908722,45532.70884527906,70530.85710370723,79793.65364345754,15030.371447500846,41127.270005025304,46329.94628559082,67512.14901410823,73535.79965090708,98867.41228617294,110935.31511114846,21559.926193525185,42547.89912266649,50340.93085267861,73565.66665503423,99249.59514882052,44227.122913864325,15077.97376471517
29189.189189189194,0.0,56064.68477999883,89388.53619525861,110512.07694671449,165422.80320641675,63146.88734730617,86548.86661756283,54813.158318624715,75006.81497592997,83884.01953966572,111867.23838634096,126465.24828620572,26043.848347871906,62153.28916746985,90850.32080969456,111839.86041551243,39345.42068710126,54233.53540939434,64710.89966845055,79331.37284751807,89784.94978941345,106939.64289460698,138197.2229859623,74409.9715770291,61640.088332366184,88260.66563250282,45611.41125466587,70648.3150088212,79910.999278411,15069.632302651531,41205.16338612093,46409.38705053006,67606.81954648605,73643.29134155184,98988.23067772196,111080.51997738454,21601.8551674603,42625.52546291075,50418.68462934803,73682.57978335989,99364.45608530974,44344.97157702909,15155.7823878399
29229.229229229233,0.0,56142.859762304295,89503.4283478281,110611.73003072345,165559.1839283831,63227.94337583299,86663.47498940011,54891.10537064503,75092.95853824238,83988.77018661065,111957.19615916462,126615.6302730347,26082.594585791452,62234.63324818684,90965.48850482579,111955.89116243289,39389.59401412075,54309.722877262175,64789.66606826702,79429.23494512177,89886.59693590312,107071.40436203187,138331.63046099458,74527.82379723116,61732.31201172194,88364.10635351118,45690.114854067804,70765.77764877351,80028.34965962295,15108.894242078968,41283.06018600844,46488.828926094284,67701.39794871175,73750.8554013553,99109.03738912806,111225.77557032449,21643.778987149017,42703.15613645395,50496.44062000179,73799.49956719452,99479.32675843962,44462.82379723117,15233.594568001936
29269.269269269273,0.0,56221.03743411679,89618.30492224377,110711.36929783621,165695.6090961496,63308.99278062827,86778.09708107184,54969.055640021616,75179.07249010107,84093.52036871019,112047.16417270798,126766.04661734405,26121.342624538836,62315.97280929199,91080.66625977593,112071.92876052417,39433.753671630235,54385.92015073109,64868.43257962955,79527.03992435048,89988.29964631154,107203.15281564996,138466.08109301288,74645.6795654847,61824.511513636244,88467.57834806386,45768.819643909585,70883.24500932307,80145.70477395214,15148.157263126872,41360.960395993345,46568.271908663744,67795.88460598086,73858.49157167105,99229.83244378329,111371.08169209663,21685.697670007557,42780.79113030429,50574.198826858126,73916.4259823511,99594.20714082531,44580.67956548469,15311.410296215414
29309.309309309312,0.0,56299.21778960178,89733.16586421573,110810.99485503271,165832.0786180957,63390.03559632896,86892.73284003497,55047.00911903226,75265.15700273273,84198.26991611515,112137.14264013186,126916.49706755247,26160.092459901127,62397.30786746211,91195.8540438799,112187.97319217538,39477.89972060569,54462.12718784731,64947.199210918014,79624.78779080797,90090.05794883717,107334.88817440064,138600.57483920234,74763.53887283662,61916.686864332485,88571.08157203144,45847.52562459885,71000.7170762924,80263.06460830929,15187.421363149035,41438.86400741332,46647.71599463567,67890.27990824105,73966.19958827161,99350.61586569982,111516.4381452086,21727.61123338108,42858.430431527864,50651.95925207921,74033.35900477329,99709.0972051844,44698.538872836616,15389.229563527304
29349.34934934935,0.0,56377.40082294205,89848.01111934337,110910.60680943934,165968.59240271096,63471.07185738207,87007.38221400182,55124.96579998128,75351.21224637245,84303.01865971103,112227.13177184152,127066.98137522812,26198.844087680653,62478.63843930824,91311.05182659201,112304.02443983755,39522.03222168431,54538.343946896384,65025.965970434656,79722.4785522486,90191.87186905375,107466.61035820485,138735.1116566464,74881.40171036663,62008.83809017965,88674.61598120425,45926.23279652634,71118.19383556742,80380.42914965675,15226.686539509326,41516.77101163834,46727.16118042422,67984.58425004262,74073.97918150315,99471.38767949634,111661.84473255494,21769.51969454415,42936.07402724833,50729.72189777182,74150.29861053456,99823.99692433681,44816.40171036662,15467.052361017268
29389.389389389395,0.0,56455.58652833771,89962.8406331152,111010.20526832792,166105.15035859577,63552.10159804568,87122.04515093862,55202.92567519935,75437.23839026624,84407.76643111718,112317.13177553883,127217.4992950338,26237.59750369487,62559.96454137575,91426.25957748559,112420.08248602298,39566.15123516659,54614.57038640166,65104.73286640494,79820.11221857122,90293.74142992328,107598.31928795554,138869.69150232716,74999.26806918684,62100.96521769112,88778.18153129317,46004.941160066024,71235.67527309689,80497.79838500822,15265.952789581497,41594.681400070265,46806.60746246029,68078.79803038957,74181.83007643952,99592.14791038513,111807.30125742407,21811.423070700883,43013.72190464653,50807.48676598793,74267.24477583723,99938.90627120406,44934.268069186845,15544.878679797446
29429.429429429434,0.0,56533.77490000593,90077.65435090772,111109.79033911476,166241.7523944617,63633.12485238979,87236.72159906392,55280.88873704317,75523.23560267367,84512.51306268596,112407.14285627293,127368.05058467318,26276.35270377609,62641.286190144594,91541.4772662521,112536.1473133052,39610.256821018294,54690.80646512259,65183.499906977704,79917.6888018118,90395.66665180918,107730.01488550872,139004.31433312502,75117.13794044158,62193.0682735234,88881.7781779303,46083.6507155751,71353.16137489188,80615.1723014283,15305.220110749127,41672.59516414258,46886.05483719129,68172.9216525908,74289.75199303598,99712.89658415821,111952.80752350527,21853.321378985245,43091.37405096,50885.25385872506,74384.19747701118,100053.82521880858,45052.137940441564,15622.708511012133
29469.469469469474,0.0,56611.96593218131,90192.45221798628,111209.36212936006,166378.3984191324,63714.14165429789,87351.41150684777,55358.85497789585,75609.20405087112,84617.25838750225,112497.16521649106,127518.63500483867,26315.109683771916,62722.60340202982,91656.70486270121,112652.2189043189,39654.349038873,54767.05214205368,65262.267100226614,80015.20831613711,90497.64755249029,107861.69707367473,139138.98010581973,75235.01131530758,62285.14728447544,88985.40587667024,46162.36146339461,71470.65212702591,80732.5508860327,15344.488500405903,41750.51229532075,46965.50330108148,68266.95552411268,74397.74464628298,99833.63372717562,112098.36333489575,21895.21463646181,43169.03045348305,50963.02317792739,74501.15669051374,100168.75374027394,45170.011315307565,15700.541845838095
29509.509509509513,0.0,56690.15961911536,90307.23417950321,111308.92074676647,166515.0883415438,63795.152037467386,87466.11482300983,55436.824390166184,75695.14390115418,84722.00223938191,112587.19905608619,127669.2523191594,26353.868439544585,62803.91619338146,91771.94233675972,112768.29724175917,39698.4279480336,54843.30737642253,65341.03445415007,80112.67077783651,90599.684147174,107993.36577620915,139273.68877708973,75352.88818499337,62377.202277486955,89089.06458299026,46241.07340384909,71588.14751563407,80849.9341259874,15383.757955955065,41828.43278510141,47044.95285061136,68360.90005643106,74505.80774635795,99954.35936635153,112243.96849610713,21937.102860125502,43246.691099565935,51040.794725485765,74618.122392928,100283.69180882361,45287.88818499337,15778.378675483851
29549.549549549552,0.0,56768.35595507665,90422.0001804987,111408.46629917884,166651.82207074508,63876.156035411106,87580.83149651834,55514.79696628903,75781.05531884101,84826.74445287109,112677.24457244575,127819.90229415146,26392.628966971308,62885.22458048505,91887.18965847138,112884.38230838158,39742.49360747489,54919.57212768866,65419.80197667238,80210.07620531478,90701.77644851059,108125.02091780436,139408.44030351265,75470.76854073949,62469.23327963771,89192.75425229172,46319.7865372471,71705.64752691294,80967.3220085089,15423.028474809762,41906.35662501271,47124.40348227795,68454.75566488509,74613.94099877773,100075.07352914283,112389.62281207222,21978.98606690244,43324.35597661488,51118.56850323867,74735.09456096232,100398.63939778096,45405.76854073949,15856.21899118994
29589.589589589592,0.0,56846.5549343507,90536.75016589958,111507.99889458262,166788.59951589894,63957.153681457945,87695.56147658854,55592.77269872484,75866.93846827507,84931.48486324504,112767.3019604978,127970.58469916822,26431.391261943867,62966.528579561615,92002.446797996,113000.47408700187,39786.546075845225,54995.84635554179,65498.56967564404,80307.42461908344,90803.92446660719,108256.66242408057,139543.23464156562,75588.65237381804,62561.2403181461,89296.47483990039,46398.50086388108,71823.15214711995,81084.71452086346,15462.300054392705,41984.28380661381,47203.855192594434,68548.52276853105,74722.14410454905,100195.77624353551,112535.32608815131,22020.864273649844,43402.02507209147,51196.34451297252,74852.07317144932,100513.59648056864,45523.652373818026,15934.062784228438
29629.62962962963,0.0,56924.75655123996,90651.48408051932,111607.51864110355,166925.42058628224,64038.14500875425,87810.30471268157,55670.75157995979,75952.7935128285,85036.22330650678,112857.37141275706,128121.29930635223,26470.155320368893,63047.82820676821,92117.71372560934,113116.57256049552,39830.585411468914,55072.13001990066,65577.33755884267,80404.71604175304,90906.12820904233,108388.29022157777,139678.0717476252,75706.53967553272,62653.223420368246,89400.22630106757,46477.216384027844,71940.66136257333,81202.11165036735,15501.57269213639,42062.214321494976,47283.30797809028,68642.20178999778,74830.41676031903,100316.46753803345,112681.07813013866,22062.73749715674,43479.69837351258,51274.12275642249,74969.05820134505,100628.56303070817,45641.539675532724,16011.910045903089
29669.669669669674,0.0,57002.9608000637,90766.2018690577,111707.02564700655,167062.28519128668,64119.13005026459,87925.06115450306,55748.73360250556,76038.62061490522,85140.959619386,112947.4531193692,128272.04589058802,26508.921138167483,63129.123478197966,92232.99041170246,113232.67771179773,39874.611672348066,55148.42308091133,65656.1056339734,80501.95049802397,91008.38768088049,108519.90423774699,139812.95157796773,75824.43043721866,62745.182613796795,89504.00859097086,46555.93309794848,72058.17515965158,81319.51338438626,15540.846385482866,42140.14816127732,47362.761835311016,68735.79315534244,74938.75865852385,100437.1474416458,112826.8787442687,22104.60575414407,43557.375868449926,51351.903235272875,75086.0496277282,100743.53902181954,45759.43043721867,16089.760767548993
29709.709709709714,0.0,57081.16767515789,90880.90347609998,111806.52002069462,167199.1932404191,64200.1088387728,88039.83075200167,55826.71875889908,76124.419935944,85245.69363933746,113037.54726815489,128422.82422945564,26547.68871127523,63210.4144098803,92348.27682678084,113348.78952390281,39918.62491616454,55224.72549894577,65734.87390866957,80599.1280146775,91110.70288468697,108651.50440094189,139947.87408876955,75942.32465024208,62837.11792605963,89607.82166471484,46634.65100588849,72175.69352479302,81436.91971033503,15580.12113188368,42218.08531761251,47442.21676081806,68829.2972939077,75047.1694875368,100557.81598387516,112972.72773722187,22146.469061264957,43635.05754452958,51429.68595115762,75203.04742779888,100858.52442762055,45877.32465024209,16167.614940532374
29749.749749749753,0.0,57159.37717087538,90995.58884611729,111906.00187070851,167336.14464330228,64281.081406883204,88154.61345536803,55904.70704170276,76210.1916364221,85350.42520454011,113127.65404465245,128573.63410318553,26586.458035642336,63291.701017781386,92463.57294146466,113464.90797986434,39962.62520028228,55301.03723460065,65813.64239049357,80696.24862056681,91213.07382054301,108783.09064041104,140082.83923610716,76060.2223060005,62929.029384919144,89711.6654773321,46713.37010807826,72293.21644449576,81554.33061567773,15619.39692879995,42296.025782183,47521.672751189,68922.71463818016,75155.64893181535,100678.47319470608,113118.62491613094,22188.327435105344,43712.74338943207,51507.47090566112,75320.05157887837,100973.51922192663,45995.2223060005,16245.472556250745
29789.789789789793,0.0,57237.589281585446,91110.2579234656,112005.4713057252,167473.1393096754,64362.047787021285,88269.40921503326,55982.69844350407,76295.9358758584,85455.15415389492,113217.77363215972,128724.47529461412,26625.22910723319,63372.98331780415,92578.8787264874,113581.03306279457,40006.61258174899,55377.35824869555,65892.41108693706,80793.31234660695,91315.50048606095,108914.66288628921,140217.84697595728,76178.12339592216,63020.91701827066,89815.53998378388,46792.090404732815,72410.74390531692,81671.74608792696,15658.673773702314,42373.969546701424,47601.12980301698,69016.0456236495,75264.19667204635,100799.11910459303,113264.57008858639,22230.180892183904,43790.43339089159,51585.25810031843,75437.06205840762,101088.52337865008,46113.123395922164,16323.333606132372
29829.829829829832,0.0,57315.80400167413,91224.91065238588,112104.92843455766,167610.17714939447,64443.00801143505,88384.2179816677,56060.69295691559,76381.65281281696,85559.88032702397,113307.90621177506,128875.34758914029,26664.001922026637,63454.26132578871,92694.19415269606,113697.16475586424,40050.587117298346,55453.68850227189,65971.18000542201,80890.3192257653,91417.98287639994,109046.22106958972,140352.89726419753,76296.02791146628,63112.78085414171,89919.44513896105,46870.8118960523,72528.27589387266,81789.16611464409,15697.951664070722,42451.91660291086,47680.58791291108,69109.29068866948,75372.81238529056,100919.7537444495,113410.56306264256,22272.029448952766,43868.127536696076,51663.047536616126,75554.078843947,101203.53687180014,46231.02791146629,16401.19808163646
29869.86986986987,0.0,57394.02132554389,91339.54697700325,112204.37336615333,167747.25807243295,64523.96211219564,88499.03970617967,56138.69057457474,76467.34260491034,85664.60356426844,113398.05196243702,129026.25077468259,26702.77647601562,63535.535057512454,92809.51919105006,113813.30304230258,40094.54886335181,55530.0279565912,66049.94915330083,80987.26929305107,91520.52098428129,109177.76512219635,140487.9900566061,76413.93584412258,63204.6209206906,90023.38089768469,46949.53458222185,72645.81239683754,81906.5906834385,15737.230597394548,42529.86694258425,47760.04707749588,69202.45027431978,75481.49574512534,101040.37714563604,113556.6036468228,22313.873121797456,43945.825814686585,51740.83921599251,75671.10191317493,101318.5596754819,46348.935844122585,16479.065974252713
29909.90990990991,0.0,57472.241247613645,91454.16684132711,112303.8062095937,167884.38198888226,64604.910121198605,88613.87433971402,56216.69128914383,76553.00540880332,85769.32370668715,113488.21106096417,129177.18464163806,26741.552765207274,63616.804528690336,92924.85381262125,113929.44790539648,40138.49787602059,55606.37657313387,66128.71853785736,81084.162585505,91623.11480000486,109309.2949768555,140623.12530886213,76531.84718541127,63296.437246205445,90127.34721470719,47028.25846341191,72763.35340094434,82024.01978196765,15776.510571172403,42607.82055752464,47839.50729341153,69295.52482426948,75590.24642178643,101160.98933994972,113702.69165012507,22355.71192703749,44023.52821275712,51818.633139838326,75788.13124388746,101433.5917638963,46466.84718541127,16556.93727550136
29949.94994994995,0.0,57550.46376231875,91568.77018925073,112403.22707409356,168021.54880895224,64685.85207016486,88728.72183365122,56294.69509330993,76638.64138021649,85874.04059605493,113578.38368209291,129328.14898284088,26780.330785622904,63698.06975497527,93040.1979885931,114045.5993284909,40182.4342111079,55682.73431359784,66207.48816630742,81180.99914218855,91725.76431146477,109440.81056716852,140758.3029765463,76649.76192688302,63388.22985910315,90231.34404471293,47106.983539778405,72880.89889298374,82141.45339793693,15815.791582912309,42685.777439564874,47918.968557313754,69388.5147846422,75699.06408230771,101281.59035961304,113848.82688202741,22397.54588092661,44101.23471885441,51896.42930949734,75905.16681399729,101548.63311133964,46584.76192688301,16634.81197693306
29989.989989989994,0.0,57628.68886411087,91683.35696455046,112502.63606899953,168158.7584429718,64766.7879906415,88843.58213960558,56372.70197978459,76724.25067392971,85978.75407486052,113668.56999851519,129479.14359352262,26819.110533297717,63779.3307519581,93155.55169026022,114161.75729498813,40226.35792411044,55759.101139896986,66286.25804579913,81277.77900417286,91828.469504166,109572.31182758369,140893.5230151407,76767.68006011854,63479.99878792807,90335.37134231902,47185.70981146275,72998.44885980382,82258.89151909907,15855.073630131381,42763.73758056732,47998.430865873495,69481.4206038823,75807.9483906597,101402.1802372628,113995.00915249283,22439.374999653013,44178.945320977386,51974.227726266625,76022.20860153285,101663.68369220287,46702.68006011854,16712.69007012855
30030.030030030033,0.0,57706.91654745785,91797.92711088617,112602.03330378974,168296.01080138923,64847.71791400285,88958.45520942437,56450.71194130396,76809.83344378592,86083.46398630526,113758.77018091528,129630.16827127262,26857.892004280853,63860.587535167906,93270.914889028,114277.92178834765,40270.2690702206,55835.477014159835,66365.02818341367,81374.50221452722,91931.23036124071,109703.79869338925,141028.78538002897,76885.60157672863,63571.74406135096,90439.42906207626,47264.43727859201,73116.00328830976,82376.33413325407,15894.356710355947,42841.70097242393,48077.894215777,69574.2427326228,75916.89900788639,101522.75900593973,114141.23827197446,22481.199299339703,44256.66000717699,52052.02839139718,76139.25658463767,101778.74348097143,46820.60157672863,16790.571546698593
30070.070070070073,0.0,57785.14680684392,91912.48057180029,112701.41888807295,168433.30579477287,64928.64187145164,89073.34099518645,56528.72497062851,76895.389842695,86188.17017430079,113848.98439800565,129781.22281600031,26896.67519463547,63941.84012007252,93386.28755641199,114394.0927920861,40314.16770432845,55911.86189872835,66443.79858616594,81471.16881830791,92034.04686346525,109835.27110070529,141164.0900264971,77003.52646835407,63663.465708168114,90543.51715846997,47343.16594127928,73233.56216546378,82493.78122824914,15933.640821121517,42919.667607056086,48157.358603725836,69666.98162355539,76025.91559224072,101643.32669907797,114287.51405142076,22523.01879604496,44334.378765556,52129.831306094595,76256.31074156958,101893.81245222496,46938.52646835409,16868.45639828401
30110.110110110112,0.0,57863.379636769234,92027.01729071798,112800.79293158736,168570.64333381155,65009.559894019585,89188.23944920092,56606.74106054295,76980.92002263728,86292.87248346733,113939.21281656201,129932.30702989672,26935.460100438322,64023.08852207835,93501.66966403752,114510.27028977669,40358.05388102337,55988.25575615623,66522.56926100497,81567.77886254576,92136.91898927678,109966.72898647658,141299.43690973302,77121.45472666531,63755.163757299844,90647.63558592068,47421.89579962342,73351.12547828432,82611.2327919781,15972.925959972614,42997.637476414166,48236.8240264365,69759.6377313013,76134.99779931767,101763.88335049445,114433.83630228006,22564.833505762323,44412.10158426844,52207.636471519225,76373.37105069974,102008.89058063638,47056.45472666531,16946.3446165552
30150.15015015015,0.0,57941.61503175033,92141.53721094658,112900.15554420018,168708.02332931507,65090.47201256879,89303.15052400614,56684.76020385637,77066.42413466776,86397.57075913195,114029.45560145806,130083.42071739826,26974.24671778017,64104.33275653107,93617.06118363916,114626.45426504931,40401.92765459628,56064.65854920797,66601.34021481469,81664.33239623468,92239.84671479074,110098.17228846543,141434.82598482748,77239.38634336254,63846.838237789816,90751.78429878512,47500.62685370966,73468.69321384624,82728.68881238159,16012.212124462923,43075.6105724779,48316.290480640746,69852.21151228482,76244.14528218651,101884.42899437898,114580.2048365054,22606.64344442134,44489.82845151965,52285.44388878707,76490.43749051218,102123.9778409719,47174.38634336255,17024.236193212397
30190.19019019019,0.0,58019.852986319434,92256.04027567519,112999.50683590636,168845.4456922146,65171.37825779225,89418.0741723681,56762.782393401605,77151.90232891947,86502.26484732606,114119.7129156988,130234.56368515003,27013.035042765165,64185.57283871532,93732.46208706015,114742.64470158986,40445.789079041104,56141.07024085705,66680.11145441416,81760.8294703184,92342.83001381776,110229.60094524396,141570.2572067737,77357.32131017526,63938.489178803495,90855.96325135685,47579.359103609306,73586.26535927999,82846.14927744633,16051.499312154992,43153.586887255704,48395.75796308503,69944.70342460735,76353.35769152018,102004.96366528393,114726.61946655897,22648.448627887385,44567.55935556556,52363.25355896981,76607.5100396025,102239.07420809037,47292.32131017528,17102.131119985082
30230.23023023023,0.0,58098.09349502502,92370.52642797491,113098.8469168282,168982.91033356328,65252.27866021516,89533.01034727953,56840.807622035696,77237.35475460783,86606.95459478382,114209.98492045375,130385.73574197077,27051.82507151124,64266.80878385545,93847.87234625204,114858.84158314041,40489.6382080571,56217.49079428498,66758.88298655843,81857.27013767873,92445.86885788145,110361.01489618736,141705.73053046828,77475.25961886246,64030.116609627425,90960.17239786727,47658.09254938016,73703.84190177167,82963.61417520532,16090.78752062039,43231.56641278495,48475.22647053082,70037.11392792469,76462.63467572411,102125.48739811452,114873.08000541686,22690.24907196232,44645.29428471276,52441.065483095685,76724.58867667768,102354.17965694293,47410.25961886246,17180.029388632232
30270.27027027027,0.0,58176.336552431276,92484.9956107978,113198.17589721401,169120.41716453675,65333.17325019565,89647.95900195846,56918.83588263933,77322.78156003432,86711.63984893984,114300.27177508906,130536.93669881785,27090.61680014977,64348.040607115385,93963.29193327413,114975.04489349865,40533.47509505028,56293.92017287972,66837.65481793901,81953.65445312194,92548.963216236,110492.41408146653,141841.24591071083,77593.20126121218,64121.72055966785,91064.41169248626,47736.82719106653,73821.42282856247,83081.0834937373,16130.076747439532,43309.54914113152,48554.69599975424,70129.44348332493,76571.97588106213,102246.00022811868,115019.5862665732,22732.044792384586,44723.033227317996,52518.8796621497,76841.67338055492,102469.29416257262,47528.20126121219,17257.930990941917
30310.310310310313,0.0,58254.58215311838,92599.44776697768,113297.49388743786,169257.96609643337,65414.06205792595,89762.92008984718,56996.86716811714,77408.18289259064,86816.32045792724,114390.57363719933,130688.16636875359,27129.410224825693,64429.26832359915,94078.72082029312,115091.25461651795,40577.29979313568,56370.35834023455,66916.42695518435,82049.98247336608,92652.11305588411,110623.79844204127,141976.80330220485,77711.14622904173,64213.3010584499,91168.68108932322,47815.56302869949,73939.00812694855,83198.55722116682,16169.366990201866,43387.535064389966,48634.166547546265,70221.69255320917,76681.380951781,102366.50219087795,115166.13806404462,22773.83580482975,44800.77617178808,52596.696097074375,76958.7641301611,102584.41770011405,47646.146229041726,17335.835918731413
30350.350350350353,0.0,58332.83029168209,92713.88283922852,113396.80099799804,169395.55704067487,65494.94511343289,89877.89356461071,57074.901471397134,77493.55889876251,86920.99627057512,114480.89066263812,130839.42456691127,27168.205341697154,64510.491948350806,94194.15897958231,115207.4707361066,40621.11235513869,56446.80526014641,66995.19940486032,82146.25425702706,92755.31834159463,110755.16791965291,142112.40265955744,77829.09451419699,64304.85813561603,91272.98054242757,47894.30006229671,74056.5977842804,83316.03534566352,16208.658246505292,43465.52417468292,48713.63811071219,70313.86160117306,76790.84953023284,102486.99332229726,115312.73521237395,22815.622124910366,44878.52310657919,52674.51478876977,77075.86090453173,102699.55024479242,47764.094514196986,17413.744163846633
30390.390390390392,0.0,58411.08096273417,92828.30077014549,113496.09733951696,169533.18990880687,65575.82244657948,89992.87938013618,57152.93878543113,77578.90972413402,87025.66713640705,114571.22300554889,130990.71111046322,27207.00214693589,64591.71149635504,94309.60638352165,115323.69323622834,40664.912833597504,56523.26089661514,67073.97217347112,82242.4698646059,92858.57903592152,110886.5224568182,142248.04393728025,77947.04610855301,64396.39182092558,91377.31000579006,47973.03829186309,74174.19178796298,83433.5178554426,16247.95051395701,43543.51646416163,48793.11068607218,70405.95109189156,76900.38125699581,102607.47365859634,115459.37752663504,22857.40376817689,44956.274020197205,52752.33573809451,77192.96368281069,102814.69177192425,47882.04610855302,17491.655718162627
30430.43043043043,0.0,58489.33416090187,92942.7015022038,113595.38302273978,169670.86461249914,65656.69408706522,90107.87749053088,57230.97910319415,77664.23551339141,87130.33290563803,114661.57081839387,131142.025818588,27245.800636726737,64672.92698253702,94425.06300459671,115439.92210090128,40708.701280764326,56599.72521384163,67152.74526745925,82338.6293584737,92961.89509922155,111017.8619968216,142383.72708978917,78065.00100401326,64487.90214425307,91481.66943334302,48051.77771739042,74291.79012545498,83551.00473876398,16287.243790172506,43621.511925005136,48872.584270460575,70497.96149100455,77009.97577099266,102727.94323629988,115606.06482243587,22899.18075011738,45034.02890119687,52830.158945865776,77310.07244424897,102929.84225691561,48000.00100401327,17569.570573582838
30470.47047047047,0.0,58567.58988082805,93057.0849777589,113694.65815853386,169808.5810635461,65737.56006442737,90222.88785012168,57309.022417684624,77749.53641032736,87234.99342917287,114751.93425198356,131293.36851243948,27284.600807267743,64754.13842176292,94540.5288153986,115556.15731419838,40752.47774860753,56676.19817622682,67231.51869320645,82434.73280285842,93065.266489673,111149.18648370937,142519.45207140484,78182.95919250976,64579.389135587444,91586.0587789616,48130.51833885771,74409.39278426874,83668.49598393237,16326.538072776159,43699.51054942054,48952.05886072616,70589.89326500491,77119.63270960705,102848.40209222882,115752.79691592281,22940.95308615812,45111.78773818175,52907.98441285996,77427.18716820434,103045.0016752627,48117.95919250976,17647.488722039292
30510.51051051051,0.0,58645.84811717115,93171.4511390461,113793.9228578877,169946.33917386737,65818.42040804174,90337.91041345347,57387.06872192413,77834.81255784501,87339.6485586035,114842.31345550506,131444.73901511554,27323.4026547701,64835.345828839956,94656.00378862327,115672.39886024657,40796.24228881326,56752.6797483703,67310.29245703411,82530.78026383033,93168.69316329462,111280.49586228227,142655.21883635316,78300.92066600287,64670.85282503084,91690.47799646438,48209.260156231314,74526.99975196985,83785.99157929693,16365.833359400887,43777.51232964273,49031.53445373196,70681.74688112865,77229.3517087984,102968.85026349123,115899.57362378419,22982.720791663778,45189.55051980395,52985.812139813075,77544.30783414032,103160.17000255114,48235.920666002865,17725.410155492355
30550.55055055055,0.0,58724.10886460515,93285.79992818047,113893.17723191043,170084.13885550812,65899.27514712376,90452.94513528826,57465.11800895751,77920.06409796231,87444.29814620703,114932.70857654983,131596.13715162856,27362.20617545815,64916.54921851682,94771.48789707123,115788.64672322726,40839.99495278741,56829.16989506922,67389.06656520373,82626.77180928725,93272.17507396423,111411.79007808954,142791.02733876542,78418.88541648128,64762.293242797656,91794.92703961435,48288.00316946512,74644.61101617696,83903.49151325121,16405.129647688336,43855.51725793433,49111.011046355285,70773.52280724686,77339.13240321432,103089.2877874735,116046.39476325412,23024.48388193786,45267.31723476386,53063.642127421284,77661.43442162569,103275.34721445545,48353.88541648128,17803.33486593073
30590.59059059059,0.0,58802.372117819454,93400.13128715649,113992.42139183078,170221.9800206396,65980.12431072914,90567.99197060375,57543.1702718525,78005.291171816,87548.94204494306,115023.11976114096,131747.562748875,27401.01136556917,64997.74860548369,94886.98111364698,115904.9008873753,40883.735791657215,56905.66858131676,67467.84102391751,82722.70750894018,93375.71217343787,111543.06907742193,142926.87753267845,78536.85343596173,64853.71041921333,91899.40586211956,48366.747378500535,74762.22656456134,84020.99577423275,16444.426935288662,43933.525326585535,49190.48863548749,70865.22151175972,77448.97442630099,103209.71470183178,116193.26015211569,23066.242372222838,45345.08787180977,53141.4743763412,77778.5669103337,103390.53328673882,48471.85343596174,17881.26284537115
30630.630630630636,0.0,58880.63787151879,93514.44515784786,114091.65544899624,170359.86258155917,66060.96792775493,90683.05087459227,57621.225503699665,78090.4939196659,87653.58010845144,115113.54715375956,131899.01563560672,27439.81822135337,65078.944004372606,95002.48341135848,116021.16133697929,40927.46485627297,56982.17577230094,67546.61583931875,82818.58743429776,93479.30441136869,111674.33280730555,143062.76937203517,78654.82471648892,64945.1043847132,92003.914417634,48445.49278326664,74879.84638484658,84138.50435072288,16483.725219860462,44011.53652791381,49269.96721803391,70956.84346349264,77558.87741041146,103330.13104448319,116340.16960870444,23107.996277700415,45422.862419737605,53219.308887190346,77895.7052800412,103505.7281952525,48589.82471648892,17959.194085858282
30670.670670670675,0.0,58958.90612042321,93628.74148200746,114190.87951487233,170497.78645069146,66141.80602694047,90798.1218026597,57699.28369761262,78175.67248089927,87758.21219104991,115203.99089737146,132050.49564240247,27478.62673907391,65160.135429757654,95117.9947633169,116137.4280563812,40971.182197210015,57058.691433403554,67625.39101749257,82914.41165865192,93582.9517353267,111805.58121549539,143198.70281068518,78772.79925013543,65036.475169841666,92108.4526597585,48524.23938368047,74997.47046480843,84256.01723124669,16523.024499070918,44089.55085426412,49349.44679091397,71048.38913159445,77668.84098691233,103450.53685359779,116487.12295191179,23149.745613491974,45500.640867390845,53297.14566054773,78012.84951062826,103620.9319159356,48707.799250135424,18037.12857946475
30710.710710710715,0.0,59037.17685926815,93743.02020126689,114290.09370104183,170635.75154058804,66222.63863686816,90913.20471042421,57777.34484672749,78260.82699403485,87862.83814773179,115294.4511334523,132202.0026016399,27517.43691500675,65241.322896155216,95233.51514273591,116253.70102997613,41014.88786477017,57135.21553019871,67704.16656446608,83010.18025706164,93686.65409081793,111936.81425046906,143334.67780238437,78890.77702900155,65127.8228052509,92213.02054204149,48602.98717964695,75115.0987922744,84373.53440437259,16562.32477059561,44167.56829800842,49428.9273510609,71139.85898543746,77778.86478628754,103570.93216758984,116634.12000118825,23191.490394658784,45578.42320366006,53374.98469695409,78129.99958207717,103736.14442481473,48825.77702900155,18115.066318290832
30750.750750750754,0.0,59115.450082804084,93857.28125713646,114389.29811920374,170773.7577639282,66303.46578596436,91028.29955371507,57855.408944203045,78345.95759672724,87967.45783416307,115384.92800201254,132353.53634746798,27556.24874544055,65322.506418024095,95349.04452293145,116369.98024221198,41058.58190898361,57211.748028451606,67782.94248620918,83105.89330633817,93790.4114213039,112068.03186142049,143470.6943007958,79008.7580452151,65219.14732169977,92317.61801797966,48681.73617105905,75232.73135512334,84491.05585871212,16601.626032118467,44245.588851545726,49508.408895421686,71231.25349451986,77888.94843824065,103691.31702511001,116781.16057654624,23233.230636202166,45656.209417482605,53452.82599691236,78247.15547447187,103851.36569800341,48943.758045215094,18193.00729446434
30790.790790790794,0.0,59193.72578579674,93971.524591005,114488.49288117264,170911.80503351946,66384.28750250034,91143.40628857163,57933.47598322061,78431.0644257713,88072.07110668064,115475.42164162235,132505.09671578044,27595.06222667671,65403.68600976597,95464.58287732105,116486.26567758943,41102.264379610555,57288.28889411742,67861.71878863488,83201.55088502851,93894.22366822156,112199.23399825377,143606.75225948985,79126.74229093139,65310.44875005291,92422.24504101908,48760.48635779799,75350.36814128546,84608.58158291993,16640.928281331813,44323.612507301994,49587.891420957094,71322.57312837007,77999.09157179501,103811.69146503718,116928.2444985634,23274.966353063905,45733.99949784255,53530.66956088816,78364.31716799736,103966.59571170178,49061.74229093139,18270.951500140596
30830.830830830833,0.0,59272.00396302695,94085.75014413954,114587.67809887795,171049.89326229753,66465.10381459318,91258.52487124209,58011.54595698389,78516.14761710627,88176.6778222892,115565.9321894352,132656.68354418903,27633.877355029254,65484.86168572531,95580.1301794237,116602.5573206615,41145.93532614301,57364.83809333997,67940.49547759982,83297.15307340026,93998.09077100307,112330.4206115772,143742.85163194485,79244.72975833307,65401.72712127951,92526.90156455577,48839.23773973331,75468.00913874172,84726.11156569331,16680.23151593627,44401.639257729905,49667.374924641525,71413.81835645309,78109.29381539143,103932.0555264705,117075.37158838534,23316.69756012655,45811.79343377026,53608.51538931014,78481.48464293874,104081.83444219627,49179.72975833306,18348.898927502225
30870.870870870873,0.0,59350.284609290524,94199.95785768545,114686.85388436294,171188.02236332733,66545.91475020652,91373.65525818247,58089.61885871891,78601.2073058202,88281.27783865912,115656.45978121183,132808.2966719978,27672.6941268248,65566.03346018988,95695.68640285896,116718.85515603345,41189.59479780626,57441.395592450564,68019.27255890478,83392.69995342495,94102.01266709575,112461.59165269692,143878.99237154683,79362.72043962992,65492.982466452355,92631.58754193663,48917.99031672298,75585.65433552375,84843.64579577217,16719.535733640703,44479.6690953088,49746.859403462935,71504.98964807909,78219.55479698424,104052.40924872181,117222.54166772845,23358.424272213604,45889.59121434222,53686.36348257043,78598.65787968095,104197.08186585899,49297.72043962993,18426.849568759055
30910.910910910916,0.0,59428.567719398256,94314.14767266592,114786.02034978384,171326.19224980264,66626.72033715154,91488.79740605527,58167.69468167388,78686.2436261543,88385.87101412372,115747.00455134283,132959.93594017773,27711.512538402403,65647.20134739084,95811.25152134695,116835.1591683625,41233.2428435608,57517.961357966786,68098.05003829513,83488.19160876192,94205.98929198203,112592.74707361123,144015.17443159048,79480.71432705886,65584.21481674664,92736.30292646016,48996.74408861349,75703.30371971344,84961.18426193873,16758.84093216224,44557.70201254448,49826.34485442276,71596.08747231387,78329.87414413477,104172.75267130771,117369.75455888262,23400.146504089826,45967.39282868066,53764.213841024946,78715.83685870763,104312.33795914755,49415.71432705886,18504.803416147945
30950.950950950955,0.0,59506.85328817596,94428.3195299821,114885.17760740957,171464.4028350472,66707.52060308782,91603.9512717287,58245.7734191192,78771.25671150733,88490.45720767695,115837.56663287149,133111.6011913418,27750.3325861137,65728.365361503,95926.82550870767,116951.46934235768,41276.8795121039,57594.53535659128,68176.82792146134,83583.62812474208,94310.02057919989,112723.88682700464,144151.39776527925,79598.71141288373,65675.42420343906,92841.04767137746,49075.499055240085,75820.95727944278,85078.72695301738,16798.147109226215,44635.73800196924,49905.83127453591,71687.11229789167,78440.25148410312,104293.08583394223,117517.01008471394,23441.86427046152,46045.1982659535,53842.06646499397,78833.02156060087,104427.60269860495,49533.71141288373,18582.760461932776
30990.990990990995,0.0,59585.14131046425,94542.47337041289,114984.32576962018,171602.65403251458,66788.31557552416,91719.1168122752,58323.85506434724,78856.24669443993,88595.03627897055,115928.14615751579,133263.29226972038,27789.15426632261,65809.52551664496,96042.40833886055,117067.78566277954,41320.50485187112,57671.117555210534,68255.60621403938,83679.00958835093,94414.1064603629,112855.0108662418,144287.66232572566,79716.71168939518,65766.6106579066,92945.82172989278,49154.25521642675,75938.61500289342,85196.27385787437,16837.454262566098,44713.77705614152,49985.31866083057,71778.06459312983,78550.6864439378,104413.4087765294,117664.3080686671,23483.577585976822,46123.00751537386,53919.921354762424,78950.21196604034,104542.87606085846,49651.711689395175,18660.720698404184
31031.031031031034,0.0,59663.4317811185,94656.60913461453,115083.46494890645,171740.94575578882,66869.10528181941,91834.29398497054,58401.939610672256,78941.21370667886,88699.60808831174,116018.74325569003,133415.00902113752,27827.977575405377,65890.68182687947,96157.99998582408,117184.10811443996,41364.11891103805,57747.707920893685,68334.38492161113,83774.33608821216,94518.24686518084,112986.11914536188,144423.96806595163,79834.7151489105,65857.77421162548,93050.62505516448,49233.01257198631,76056.27687829646,85313.8249654177,16876.762389923388,44791.81916764592,50064.807010348224,71868.94482584545,78661.17865056265,104533.7215391559,117811.64833476784,23525.2864652259,46200.82056619991,53997.77851058015,79067.40805580257,104658.15802261981,49769.7151489105,18738.684117879464
31071.071071071074,0.0,59741.72469500906,94770.72676312098,115182.59525786927,171879.27791858476,66949.88974918345,91949.4827472928,58480.02705143045,79026.15787912175,88804.17249666048,116109.35805652625,133566.7512929872,27866.802509750618,65971.83430621351,96273.60042371538,117300.43668220188,41407.72173752213,57824.30642089149,68413.16404970514,83869.60771457036,94622.44172148006,113117.2116190729,144560.31493888918,79952.72178377365,65948.91489617029,93155.45760030595,49311.77112172075,76173.94289393224,85431.38026459691,16916.071489047783,44869.86432909309,50144.296320143556,71959.75346327455,78771.727730863,104654.02416208386,117959.03070762557,23566.990922741337,46278.63740773472,54075.63793266263,79184.6098107606,104773.44856068476,49887.72178377365,18816.650712702583
31111.111111111113,0.0,59820.02004702071,94884.82619634326,115281.71680921831,172017.65043474818,67030.66900467791,92064.68305692094,58558.11737997962,79111.0793418411,88908.72936562708,116199.99068789443,133718.51893421038,27905.629065759073,66052.98296859872,96389.20962674971,117416.77135097909,41451.313378983905,57900.91302263493,68491.94360379674,83964.82455927439,94726.69095522419,113248.2882427458,144696.7028973805,80070.73158635497,66040.0327432127,93260.31931838614,49390.530865421046,76291.61303812999,85548.9397444028,16955.381557696885,44947.912533119525,50223.786587284354,72050.49097199256,78882.33331176815,104774.31668574386,118106.45501243508,23608.69097299831,46356.45802932579,54153.49962119098,79301.81721188291,104888.74765193246,50005.731586354974,18894.620475243864
31151.151151151153,0.0,59898.31783205319,94998.90737456994,115380.82971577167,172156.06321825655,67111.44307521707,92179.89487173413,58636.210589699396,79195.97822408906,89013.27855746937,116290.64127642362,133870.31179527217,27944.457239843716,66134.12782793136,96504.8275692401,117533.11210573607,41494.89388282897,57977.527693734235,68570.72358930866,84059.98671575979,94830.99449053477,113379.348972409,144833.1318941783,80188.74454905117,66131.12778452058,93365.21016243062,49469.29180286753,76409.28729926754,85666.50339386732,16994.692593636457,45025.96377238757,50303.277808851504,72141.15781783762,78992.99502033307,104894.5991507282,118253.92107497925,23650.386630414876,46434.282420365016,54231.36357631267,79419.03024023322,105004.05527332544,50123.744549051175,18972.593397900026
31191.191191191192,0.0,59976.61804502048,95112.97023796628,115479.93409045474,172294.51618321904,67192.21198756865,92295.11814981027,58714.30667399071,79280.85465430145,89117.81993509005,116381.30994752113,134022.12972813955,27983.28702842946,66215.26889805269,96620.4542255968,117649.45893148772,41538.46329620924,58054.150401977524,68649.50401161132,84155.09427903156,94935.35224971184,113510.39376474277,144969.60188194635,80306.76066428504,66222.20005195675,93470.13008542216,49548.05393382972,76526.96566577104,85784.07120206323,17034.00459463997,45104.01803958503,50382.76998193873,72231.75446583523,79103.71248381742,105014.8715977834,118401.42872163083,23692.077909352232,46512.11057028822,54309.22979814159,79536.24887696953,105119.37140190892,50241.76066428506,19050.569473093863
31231.231231231235,0.0,60054.920680851465,95227.01472657497,115579.03004629971,172433.00924387705,67272.97576835474,92410.35284942528,58792.40562627614,79365.70876010257,89222.35336203445,116471.99682539262,134173.9725862598,28022.118427953454,66296.40619274919,96736.08957032699,117765.81181329917,41582.02166602491,58130.78111532995,68728.28487602362,84250.14734564695,95039.76415325527,113641.4225770738,145106.11281325994,80424.77992450562,66313.24957747821,93575.07904030179,49626.81725806676,76644.64812611477,85901.6431581041,17073.317558489034,45182.07532742541,50462.26310365283,72322.2813801255,79214.48532976267,105135.13406780444,118548.97777935455,23733.76482411503,46589.942468575144,54387.09828675871,79653.47310334368,105234.69601481059,50359.77992450562,19128.548693274388
31271.271271271275,0.0,60133.225734489235,95341.04078031523,115678.1176964445,172571.54231460454,67353.73444405246,92525.59892905169,58870.50743999951,79450.54066830939,89326.87870248756,116562.7020330608,134325.84022453876,28060.951434864644,66377.53972575266,96851.73357803423,117882.17073628554,41625.569038925634,58207.419801932214,68807.0661878129,84345.14601369735,95144.23011988527,113772.43536736963,145242.66464060592,80542.80232218772,66404.27639313485,93680.05697996932,49705.5817753272,76762.33466882075,86019.21925114392,17112.631482973025,45260.13562864747,50541.75717111328,72412.73902389171,79325.31318606716,105255.38660182731,118696.56807570899,23775.447388951517,46667.778104748984,54464.96904221219,79770.7029007006,105350.02908924021,50477.802322187716,19206.53105091644
31311.311311311314,0.0,60211.53320089159,95455.0483389836,115777.19715413218,172710.11530990826,67434.48804099509,92640.85634735796,58948.61210862603,79535.35050493616,89431.3958212715,116653.42569238451,134477.7324993201,28099.7860456241,66458.66951074067,96967.3862234182,117998.5356856118,41669.10546131253,58284.06643009982,68885.84795219592,84440.09038279114,95248.75006656362,113903.43209423336,145379.25731638368,80660.82784983219,66495.2805310686,93785.06385728446,49784.347485349455,76880.02528245868,86136.7994703771,17151.94636588919,45338.1989360154,50621.25218145245,72503.12785929185,79436.1956810595,105375.62924102308,118844.19943884853,23817.12561805402,46745.6174683764,54542.84206451803,79887.9382504779,105465.37060248932,50595.82784983218,19284.516538520867
31351.351351351354,0.0,60289.843075030454,95569.037342253,115876.26853270974,172848.72814442823,67515.23658537248,92756.12506320691,59026.71962564194,79620.13839519856,89535.90458384276,116744.16792407673,134629.64926836418,28138.622256704544,66539.79556133652,97083.04748127403,118114.90664649237,41712.63097933923,58360.72096832151,68964.6301743387,84534.98055403543,95353.32390851455,114034.4127168981,145515.89079290477,80778.85649996538,66586.26202351213,93890.09962506726,49863.11438786148,76997.71995564533,86254.38380503797,17191.26220504246,45416.265242318375,50700.74813181527,72593.44834739083,79547.1324435692,105495.86202669126,118991.8716975248,23858.79952555893,46823.460549066884,54620.71735366006,80005.17913420493,105580.72053193062,50713.856499965375,19362.505148614022
31391.391391391393,0.0,60368.15535189231,95683.00772967335,115975.33194562803,172987.38073293807,67595.98010323229,92871.40503565525,59104.82998455473,79704.90446351859,89640.4048562899,116834.92884772291,134781.59039082838,28177.4600645907,66620.91789110964,97198.7173264921,118231.2836041912,41756.145638913964,58437.383385258574,69043.4128593575,84629.81663001842,95457.9515592461,114165.37719522206,145652.56502239406,80896.88826513945,66677.22090278822,93995.1642360993,49941.88248258135,77115.41867704467,86371.97224440097,17230.578998245794,45494.33454037083,50780.245019359456,72683.70094809597,79658.12310299622,105616.08500025362,119139.58468108885,23900.4691255472,46901.30733647304,54698.59490959075,80122.42553350258,105696.07885501815,50831.88826513946,19440.496873748067
31431.431431431432,0.0,60446.47002647778,95796.95944067104,116074.38750644008,173126.07299034507,67676.71862048042,92986.69622395204,59182.943178892725,79789.64883352855,89744.89650533047,116925.70858179848,134933.55572724662,28216.299465778946,66702.0365135757,97314.39573405763,118347.66654402118,41799.64948570064,58514.053649743415,69122.1960123188,84724.5987147912,95562.63293057118,114296.32548968293,145789.27995698975,81014.92313793194,66768.15720130832,94100.25764312413,50020.65176921695,77233.1214353673,86489.56477778015,17269.89674331961,45572.40682301192,50859.74284125508,72773.88612009326,79769.167289378,105736.29820324793,119287.33821949216,23942.134432044433,46979.15782028988,54776.47473223112,80239.67743008227,105811.44554928628,50949.923137931946,19518.491706500514
31471.471471471472,0.0,60524.78709380182,95910.89241454928,116173.43532880097,173264.80483169085,67757.45216288211,93101.99858753795,59261.0592022053,79874.37162807582,89849.37939830868,117016.50724368593,135085.54513951018,28255.14045677735,66783.15144219683,97430.08267904997,118464.0554513445,41843.14256512064,58590.73173077864,69200.97963824007,84819.32691384971,95667.36793262894,114427.25756137278,145926.0355487438,81132.96111094576,66859.07095157178,94205.37979884828,50099.42224746634,77350.82821937039,86607.16139452912,17309.215438092113,45650.48208310573,50939.24159468484,72864.00432078636,79880.26463345472,105856.50167732207,119435.13214328873,23983.79545902124,47057.011990254854,54854.3568214714,80356.93480574567,105926.82059234979,51067.96111094577,19596.489639474297
31511.51151151151,0.0,60603.10654889336,96024.80659048767,116272.47552646659,173403.57617215143,67838.18075606253,93217.312086044,59339.17804806245,79959.07296922707,89953.85340319252,117107.32494969179,135237.55849084829,28293.98303410561,66864.26269038189,97545.7781366424,118580.4503115716,41886.624922354116,58667.41759753578,69279.76374208982,84914.00133411626,95772.15647390572,114558.17337199299,146062.8317496223,81251.00217680901,66949.9621861646,94310.53065594191,50178.19391701766,77468.53901785715,86724.76208404072,17348.535080399182,45728.56031354089,51018.741276843706,72954.05600623696,79991.4147667326,105976.69546422781,119582.96628363593,24025.45222039335,47134.86983614741,54932.241177171156,80474.19764238388,106042.20396190326,51186.002176809016,19674.490665297504
31551.551551551558,0.0,60681.42838679579,96138.7019075425,116371.50821329313,173542.38692703776,67918.90442550779,93332.63667929082,59417.29971005517,80043.75297827297,90058.31838857132,117198.16181506359,135389.5956458093,28332.827194295132,66945.37027148677,97661.48208210192,118696.8511101619,41930.09660234189,58744.11121935448,69358.54832878849,85008.6220839218,95876.99846125703,114689.07288384932,146199.66851150643,81369.04632817509,67040.83093775879,94415.71016703983,50256.96677754953,77586.25381967705,86842.36683574712,17387.85566808418,45806.64150723082,51098.241884939176,73044.04163110763,80102.61732154567,106096.87960581548,119730.84047229658,24067.104730022147,47212.7313477891,55010.1277991599,80591.46592197711,106157.595635721,51304.04632817509,19752.494776623535
31591.591591591598,0.0,60759.752602566376,96252.57830464668,116470.53350323615,173681.23701179586,67999.62319656558,93447.9723272874,59495.42418179488,80128.41177573237,90162.77422365293,117289.0179540056,135541.65647024242,28371.672933888753,67026.47419881434,97777.19449078839,118813.25783262285,41973.55764978644,58820.812565741144,69437.33340320841,85103.18927298693,95981.89379992824,114819.95605984652,146336.54578619194,81487.09355772228,67131.67723911091,94520.91828474206,50335.740828730835,77703.97261372508,86959.97563911935,17427.177198998346,45884.72565711328,51177.74341619089,73133.96164860544,80213.87193111482,106217.05414402744,119878.75454163944,24108.753001714664,47290.596515043006,55088.01668723717,80708.7396265938,106272.99559165639,51422.093557722284,19830.501966130687
31631.631631631637,0.0,60838.079191276265,96366.43572060941,116569.55151034961,173820.12634200687,68080.33709444589,93563.31899022998,59573.551456913556,80213.04948135684,90267.22077826096,117379.89347969499,135693.74083127914,28410.52024944075,67107.57448561484,97892.91533815436,118929.67046451019,42017.00810915374,58897.52160636794,69516.11897017433,85197.70301240358,96086.84239357646,114950.82286348342,146473.46352539028,81605.14385815375,67222.50112306123,94626.15496161464,50414.51607022088,77821.69538894168,87077.58848366709,17466.499671000092,45962.812756150306,51257.24586783065,73223.81651042859,80325.17822960595,106337.21912089319,120026.70832464099,24150.3970492238,47368.46532781358,55165.907841172906,80826.01873839018,106388.40380764176,51540.14385815376,19908.51222652212
31671.671671671676,0.0,60916.40814801091,96480.27409411674,116668.5623487854,173959.05483338825,68161.04614422205,93678.67662850143,59651.681529063746,80297.66621413527,90371.6579228326,117470.78850429736,135845.8485973156,28449.36913751694,67188.67114508616,98008.64459974479,119046.08899142743,42060.44802467462,58974.238311071844,69594.90503446406,85292.1634146168,96191.84414429175,115081.6732588484,146610.42168072896,81723.19722219759,67313.30262253288,94731.4201501906,50493.29250166973,77939.42213431257,87195.2053589388,17505.823081955554,46040.902797328294,51336.74923710254,73313.60666671421,80436.535852186,106457.37457852338,120174.70165488643,24192.036886248865,47446.337776046625,55243.80126070801,80943.30323960978,106503.82026168796,51658.19722219759,19986.525550525912
31711.711711711716,0.0,60994.73946786945,96594.09336373104,116767.56613279218,174098.0224017928,68241.75037083136,93794.04520266985,59729.81439191831,80382.26209229804,90476.08552841534,117561.70313898221,135997.979637995,28488.21959469444,67269.76419037393,98124.38225119638,119162.51339902595,42103.87744034622,59050.96264985345,69673.69160080855,85386.57059340579,96296.89895261881,115212.50721061384,146747.42020375174,81841.25364260646,67404.0817705306,94836.71380297061,50572.07012271804,78057.15283886844,87312.82625452119,17545.147429738296,46118.995773657734,51416.25352126264,73403.33256598782,80547.94443507664,106577.52055910457,120322.73436657076,24233.67252643553,47524.213849728825,55321.69694555439,81060.59311258275,106619.24493188394,51776.25364260646,20064.541930894746
31751.751751751755,0.0,61073.073145965005,96707.89346789135,116866.56297671486,174237.0289632102,68322.44979907584,93909.42467348781,59807.95003917043,80466.83723332168,90580.50346666478,117652.6374939376,136150.13382419047,28527.071617561778,67350.85363457179,98240.12826823737,119278.94367300457,42147.296399933526,59127.69459287601,69752.4786738925,85480.92466386541,96402.00671757828,115343.32468403183,146884.45904591936,81959.31311215769,67494.83860013986,94942.03587242376,50650.84893299731,78174.88749168473,87430.45116003932,17584.472712229333,46197.09167817313,51495.7587175791,73492.99465511495,80659.403615607,106697.6571048937,120470.80629449966,24275.303983376314,47602.0935388877,55399.59489539551,81177.88833972535,106734.67779639663,51894.313112157695,20142.56136040594
31791.791791791795,0.0,61151.409177424444,96821.67434491319,116965.5529949934,174376.07443376625,68403.1444536229,94024.81500189104,59886.088464533364,80551.39175393306,90684.91160984167,117743.59167838495,136302.3110279877,28565.92520271853,67431.93949072139,98355.8826266869,119395.37979910929,42190.704946970596,59204.43411046417,69831.26625835453,85575.22574238724,96507.1673366881,115474.12564492898,147021.5381586094,82077.37562365287,67585.5731445257,95047.38631098827,50729.62893212973,78292.62608188111,87548.08006515597,17623.798927316966,46275.190503932725,51575.26482333182,73582.59337925402,80770.91303226404,106817.78425821294,120618.91727409045,24316.93127061044,47679.976833591085,55477.49510988636,81295.18890353922,106850.11883347009,52012.37562365287,20220.583831861077
31831.831831831834,0.0,61229.74755738841,96935.43593298877,117064.53630216254,174515.15872972368,68483.83435900649,94140.21614899795,59964.22966174061,80635.9257701141,90789.30983080948,117834.56580059376,136454.5111226691,28604.780346775708,67513.02177181303,98471.6453024549,119511.82176313341,42234.10312476229,59281.18117310328,69910.0543587879,85669.47394664121,96612.38070598552,115604.91005970187,147158.65749311761,82195.44116991814,67676.28543693197,95152.76507107247,50808.410119728695,78410.36859862178,87665.71295957212,17663.126072896965,46353.292244018754,51654.771835812775,73672.12918181156,80882.4723247418,106937.90206144456,120767.0671413732,24358.55440162458,47757.86372394739,55555.39758865433,81412.49478661115,106965.56802142589,52130.44116991814,20298.609338086302
31871.871871871877,0.0,61308.08828101135,97049.17817018693,117163.51301285051,174654.28176748267,68564.51953962748,94255.62807610823,60042.37362454568,80720.439397106,90893.69800303168,117925.55996789518,136606.7339826967,28643.63704635542,67594.10049078552,98587.4162715415,119628.26955091706,42277.4909763856,59357.93575143814,69988.8429797405,85763.66939555641,96717.64672004823,115735.67789531234,147295.81700065784,82313.50974380379,67766.97551068022,95258.1721050555,50887.192495398565,78528.11503111475,87783.3498330262,17702.45414687245,46431.39689153708,51734.27975232572,73761.60250439843,80994.08113398819,107058.01055702596,120915.25573299127,24400.173389852796,47835.75420010496,55633.30233129905,81529.80597161235,107081.02533866232,52248.50974380379,20376.63787193192
31911.911911911917,0.0,61386.431343461256,97162.90099445338,117262.48324177836,174793.44346358042,68645.20001975459,94371.05074470193,60120.520346722,80804.93274941365,90998.07600056904,118016.57428669615,136758.9794836964,28682.495298090813,67675.17566052647,98703.19551003675,119744.72314834708,42320.868544690835,59434.697816271924,70067.63212571552,85857.81220930247,96822.96527201598,115866.42911928284,147433.01663236233,82431.58133818422,67857.64339916856,95363.60736528793,50965.976058734836,78645.86536861176,87900.99067529413,17741.78314715372,46509.50443961704,51813.788570186065,73851.01378678792,81105.73910225074,107178.10978744432,121063.48288620205,24441.788248676814,47913.648252252,55711.20933739287,81647.1224412977,107196.490763654,52366.581338184216,20454.669426272296
31951.951951951956,0.0,61464.77673991995,97276.60434361047,117361.44710375923,174932.6437346919,68725.8758235251,94486.48411643867,60198.669822062875,80889.40594081013,91102.44369807707,118107.60886249291,136911.24750244245,28721.355098626183,67756.2472938725,98818.98299412,119861.18254135686,42364.23587230339,59511.46733856534,70146.42180117188,85951.90250927057,96928.33625361211,115997.16369969145,147570.25633928247,82549.65594595786,67948.28913587096,95469.07080409281,51044.76080932431,78763.61960040814,88018.63547618917,17781.113071658416,46587.614881411515,51893.298286720994,73940.36346687577,81217.44587312057,107298.19979523211,121211.74843887784,24483.398991426315,47991.54587061645,55789.11860648124,81764.44417850571,107311.9642749518,52484.65594595786,20532.703994005904
31991.991991991996,0.0,61543.1244655826,97390.28815535728,117460.4047136974,175071.88249762997,68806.54697494564,94601.92815315646,60276.82204438129,80973.85908434103,91206.80097080338,118198.66379988415,137063.53791684136,28760.216444616766,67837.31540360957,98934.77870005988,119977.64771592604,42407.5930016249,59588.24428943545,70225.21201052415,86045.94041805447,97033.75955516513,116127.88160516792,147707.53607238934,82667.73356004704,68038.91275433594,95574.56237376617,51123.54674674508,78881.37771584239,88136.28422556167,17820.443918311357,46665.72821009671,51972.808899269236,74029.65198064121,81329.2010915745,107418.28062296218,121360.05222950618,24525.005631379092,48069.44704546558,55867.03013808288,81881.77116615744,107427.44585118226,52602.73356004704,20610.741568055048
32032.032032032035,0.0,61621.47451565806,97503.95236727013,117559.35618658757,175211.1596693459,68887.21349789294,94717.38281687093,60354.97700751013,81058.29229232899,91311.14769458506,118289.7392025842,137215.85060591728,28799.079332728827,67918.38000247293,99050.58260421353,120094.1186580804,42450.93997483475,59665.028640154844,70304.00275814356,86139.92605943175,97139.2350656302,116258.58280488863,147844.85578257387,82785.81417339796,68129.51428818586,95680.08202657799,51202.33387056674,78999.13970429609,88253.936913299,17859.77568504461,46743.84441887212,52052.32040518116,74118.8797621101,81441.0044040159,107538.352313243,121508.39409719064,24566.60818176148,48147.35176710599,55944.94393169022,81999.10338725639,107542.93547104753,52720.81417339796,20688.78214136592
32072.072072072075,0.0,61699.82688536849,97617.59691680202,117658.30163751388,175350.47516692904,68967.87541611446,94832.84806977416,60433.134705301665,81142.70567637775,91415.48374584591,118380.83517343568,137368.1854497966,28837.94375963941,67999.44110314762,99166.39468302643,120210.5953538917,42494.276833891265,59741.8203621504,70382.79404835775,86233.85955834457,97244.76267261048,116389.26726857225,147982.21542064752,82903.89777898035,68220.09377111577,95785.62971477285,51281.1221803503,79116.90555519355,88371.59352932512,17899.1083697973,46821.96350096022,52131.83280181851,74208.04724331925,81552.85545831369,107658.41490871398,121656.77388165116,24608.206655748287,48225.26002588315,56022.85998676952,82116.44082488766,107658.43311332483,52838.89777898035,20766.825706908276
32112.112112112114,0.0,61778.18156994966,97731.2217412834,117757.24118164925,175489.8289076076,69048.53275322932,94948.3238742339,60511.295131627805,81227.09934737686,91519.80900159413,118471.95181442187,137520.54232969345,28876.809722036516,68080.49871826843,99282.21491303197,120327.07778947741,42537.603620533395,59818.619427002515,70461.58588545161,86327.74104088101,97350.34226237882,116519.93496647534,148119.61493734256,83021.98436978766,68310.65123689247,95891.20539057076,51359.91167564847,79234.67525800169,88489.25406360072,17938.441970515712,46900.08544960668,52211.34608655455,74297.1548542824,81664.75390384009,107778.46845204137,121805.19142322442,24649.801066463267,48303.171812181434,56100.77830276137,82233.78346221766,107773.93875686613,52956.984369787664,20844.872257675554
32152.152152152157,0.0,61856.53856465065,97844.82677792173,117856.1749342545,175629.2208087486,69129.18553272888,95063.8101927926,60589.45828037986,81311.47341550593,91624.1233394194,118563.0892266793,137672.92112789524,28915.67721661893,68161.55286042023,99398.04327085105,120443.56595100058,42580.92037628179,59895.42580644403,70540.3782736674,86421.57063425591,97455.97371989918,116650.5858693879,148257.0542833129,83140.07393883681,68401.18671935357,95996.8090061679,51438.70235600565,79352.44880222976,88606.91850612289,17977.776485153307,46978.210258080035,52290.8602567739,74386.20302295768,81776.69939150666,107898.51298591305,121953.64656286444,24691.391426979342,48381.087116423754,56178.69887908088,82351.13128249349,107889.45238059797,53075.07393883682,20922.92178668466
32192.192192192197,0.0,61934.8978647338,97958.4119638018,117955.10301067733,175768.65078785835,69209.83377797749,95179.30698816633,60667.62414546852,81395.82799023885,91728.42663749054,118654.24751050939,137825.32172774826,28954.54624009613,68242.60354213821,99513.87973319163,120560.0598246695,42624.22714244026,59972.23947235919,70619.17121720515,86515.34846679171,97561.65692884786,116781.21994862898,148394.53340913416,83258.16647916801,68491.70025240646,96102.44051373735,51517.49422095795,79470.22617742902,88724.58684692485,18017.111911670407,47056.33791967158,52370.37530987241,74475.19217521639,81888.69157379895,108018.54855303498,122102.13914214258,24732.977750318674,48459.00592907138,56256.621715117915,82468.48426904232,108004.97396352098,53193.16647916801,21000.974286975812
32232.232232232236,0.0,62013.25946547483,98071.9772358861,118054.0255263519,175908.11876258248,69290.4775122134,95294.81422324409,60745.79272082382,81480.16318034846,91832.71877455284,118745.42676539064,137977.7440136441,28993.416789188454,68323.65077590791,99629.7242768486,120676.55939673778,42667.52396009721,60049.06039678288,70697.96472022307,86609.07466789996,97667.39177163516,116911.83717604232,148532.05226530446,83376.26198384486,68582.19187002745,96208.09986543003,51596.287270033514,79588.00737319274,88842.2590760761,18056.448248034598,47134.46842769546,52449.89124325732,74564.12273481343,82000.73010480986,108138.57519612639,122250.66900324798,24774.560049453146,48536.92824062385,56334.54681023757,82585.84240527119,108120.50348470962,53311.26198384486,21079.029751612623
32272.272272272276,0.0,62091.623362162696,98185.5225310145,118152.94259679754,176047.62465070616,69371.11675854913,95410.3318610866,60823.96400039486,81564.47909391043,91936.99962992527,118836.62708998958,138130.18787100533,29032.28886062669,68404.69457416558,99745.576878703,120793.06465350391,42710.81087012677,60125.88855189933,70776.75878683779,86702.74936806169,97773.17812942648,117042.43752399218,148669.6108022447,83494.360445954,68672.66160626062,96313.78701337511,51675.081502752255,79705.79237915568,88959.93518368178,18095.785492220202,47212.601775488285,52529.4080543469,74652.99512335888,82112.81464027107,108258.5929579158,122399.23598898777,24816.138337304255,48614.854041618506,56412.47416378022,82703.20567466607,108236.04092331184,53429.360445954,21157.088173681725
32312.312312312315,0.0,62169.989550099475,98299.04778590468,118251.85433761809,176187.16837015448,69451.75153997252,95525.85986492553,60902.13797814992,81648.77583830789,92041.26908349828,118927.84858217259,138282.65318627263,29071.162451152333,68485.73494929838,99861.43751572192,120909.57558131116,42754.08791319023,60202.72391004142,70855.5534211248,86796.37269880886,97879.01588216383,117173.02096535885,148807.2089702991,83612.46185860518,68763.10949521701,96419.50190968104,51753.87691862623,79823.5811849941,89077.61515988293,18135.12364220868,47290.737956409226,52608.9257405706,74741.80976029098,82224.94483758367,108378.60188113688,122547.83994278703,24857.712626743632,48692.78332263054,56490.40377506195,82820.57406079174,108351.58625854884,53547.46185860519,21235.149546292872
32352.352352352355,0.0,62248.35802460035,98412.55293715233,118350.76086450112,176326.74983899255,69532.3818793473,95641.39819816261,60980.31464807634,81733.05352023576,92145.527015731,119019.0913390168,138435.1398468911,29110.03755751743,68566.77191364445,99977.3061649581,121026.09216654749,42797.35512973744,60279.56644368967,70934.34862711877,86889.94479270527,97984.9049085869,117303.58747353472,148944.84671973583,83730.56621493114,68853.53557107362,96525.24450643631,51832.6735171596,79941.3737804254,89195.29899485607,18174.46269598828,47368.87696383986,52688.444299368944,74830.56706285078,82337.1203558472,108498.60200852444,122696.48070868905,24899.282930593152,48770.7160742727,56568.335643374805,82937.94754729106,108467.1394697146,53665.56621493114,21313.213862578785
32392.392392392394,0.0,62326.72878099374,98526.03792123115,118449.66229321712,176466.36897542578,69613.00779941384,95756.94682436872,61058.49400418041,81817.31224570487,92249.77330764885,119110.355456821,138587.64774129743,29148.91417648458,68647.80547949328,100093.18280354963,121142.61439564521,42840.61256000802,60356.41612547129,71013.14440881397,86983.46578332764,98090.84508625459,117434.13702241989,149082.52400074736,83848.67350808746,68943.93986807248,96631.01475571006,51911.471297848795,80059.17015520803,89312.98667881318,18213.80265155431,47447.01879118413,52767.96372819349,74919.26744605765,82449.34085588752,108618.59338281042,122845.15813135526,24940.84926162523,48848.65228719509,56646.26976798715,83055.32611788462,108582.70053617575,53783.67350808747,21391.281115695077
32432.432432432433,0.0,62405.10181462105,98639.50267449318,118548.5587396184,176606.0256978,69693.62932278975,95872.50570728275,61136.67604048728,81901.55212004628,92354.0078408407,119201.64103111622,138740.17675890698,29187.792304826755,68728.83565908574,100209.06740871922,121259.14225508086,42883.86024403254,60433.27292815913,71091.94077016436,87076.93580524652,98196.83629156588,117564.66958641811,149220.24076345094,83966.78373125246,69034.32242051962,96736.81260955287,51990.27026018245,80176.97029914113,89430.67820200138,18253.143506908767,47525.16343186805,52847.48402450666,75007.91132268627,82561.60600028263,108738.57604672,122993.87205606516,24982.411632562864,48926.59195208492,56724.206148143705,83172.70975637008,108698.26943737103,53901.783731252464,21469.35129882003
32472.472472472477,0.0,62483.47712083661,98752.94713316878,118647.45031963842,176745.7199246018,69774.24647197074,95988.074810811,61214.860751040884,81985.77324791567,92458.2304974568,119292.9481566762,138892.72679010103,29226.67193932737,68809.86246461442,100324.9599577742,121375.675731375,42927.09822163409,60510.13682467092,71170.73771508434,87170.3549940077,98302.87839978104,117695.18514043267,149357.99695788912,84084.89687762712,69124.68326278415,96842.63801999757,52069.070403641614,80294.77420206438,89548.37355470288,18292.485260060494,47603.31087933984,52927.0051857818,75096.49910324489,82673.91545338847,108858.55004296801,123142.62232871642,25023.970056080092,49004.53505966641,56802.14478306609,83290.09844662188,108813.84615281117,54019.89687762711,21547.424405154634
32512.512512512516,0.0,62561.854695007765,98866.37123336701,118746.33714929098,176885.45157445874,69854.85926933121,96103.65409902614,61293.04812990389,82069.97573329744,92562.4411602059,119384.27692752765,139045.29772621475,29265.553076780245,68890.88590822372,100440.86042810604,121492.21481109218,42970.32653242933,60587.007788068215,71249.53524744858,87263.72348611293,98408.9712850427,117825.68365986232,149495.79253403045,84203.01294043494,69215.02242929742,96948.49093905994,52147.87172769979,80412.58185385772,89666.07272723477,18331.827909025254,47681.46112706966,53006.52720950309,75185.03119595474,82786.26888136231,108978.51541425494,123291.40879582448,25065.524544802054,49082.48160070048,56880.08567195292,83407.49217259057,108929.43066207858,54138.01294043493,21625.500427922416
32552.552552552555,0.0,62640.234532514776,98979.774911076,118845.2193446692,177025.2205661393,69935.46773712503,96219.2435361662,61371.23817115764,82154.15967950903,92666.6397123528,119475.62743696032,139197.88945952454,29304.43571398946,68971.9060020101,100556.76879718993,121608.75948084044,43013.545215829814,60663.885791555505,71328.3333710928,87357.04141900138,98515.11482039685,117956.16512059714,149633.62744176958,84321.1319129219,69305.33995455189,97054.37131873934,52226.67423182301,80530.39324444125,89783.77570994888,18371.17145182538,47759.614168549575,53086.05009316544,75273.50800673083,82898.66595218572,109098.47220326343,123440.23130452266,25107.075111305272,49160.43156598464,56958.028813980105,83524.89091830244,109045.02294482678,54256.13191292189,21703.57936036934
32592.592592592595,0.0,62718.61662875069,99093.15810216242,118944.0970219447,177165.0268185533,70016.07189748605,96334.84308663398,61449.43086890196,82238.32518920515,92770.82603771609,119566.9997775367,139350.5018832365,29343.31984776936,69052.92275802227,100672.68504258437,121725.30972727147,43056.75431104329,60740.77080847934,71407.13208981376,87450.30893103071,98621.30887781369,118086.62949901479,149771.50163092816,84439.25378835632,69395.63587310031,97160.27911101971,52305.47791546989,80648.2083637749,89901.48249323154,18410.515886490022,47837.76999729344,53165.573834274466,75361.92993916359,83011.10633568585,109218.42045265477,123589.08970256167,25148.621768117842,49238.38494635273,57035.97420830116,83642.29466785901,109160.6229807804,54374.253788356305,21781.661195763714
32632.632632632634,0.0,62797.00097912157,99206.52074237294,119042.97029736702,177304.8702507522,70096.67177242917,96450.4527149959,61527.626217255296,82322.47236438205,92875.00002066551,119658.39404110178,139503.13489147427,29382.205474944636,69133.93618826149,100788.6091419311,121841.86553708029,43099.953857075045,60817.66281232748,71485.93140737,87543.52616145847,98727.55332820873,118217.07677197643,149909.41505125538,84557.37856002885,69485.9102195549,97266.21426787016,52384.28277809188,80766.02720185842,90019.19306750361,18449.861211055162,47915.92860683694,53245.09843034655,75450.2973945021,83123.58970355587,109338.36020506515,123737.98383830964,25190.164527719786,49316.3417326749,57113.92185404752,83759.70340543668,109276.23074973487,54492.378560028854,21859.745927396216
32672.672672672674,0.0,62875.387579045906,99319.8627673331,119141.83928726209,177444.75078192886,70177.26738385046,96566.07238598113,61605.82421035434,82406.60130638149,92979.16154611931,119749.81031879253,139655.78837926761,29421.092592349934,69214.94630468142,100904.5410729542,121958.42689700492,43143.14389272883,60894.56177672768,71564.73132748154,87636.69325042298,98833.848041463,118347.50691682246,150047.36765242775,84675.50622125213,69576.16302858607,97372.1767412455,52463.08881913296,80883.84974873075,90136.90742322,18489.207423563188,47994.08999073709,53324.62387890846,75538.61077163764,83236.11572937391,109458.29150310252,123886.91356075136,25231.70340254294,49394.30191585701,57191.871750328486,83877.11711528592,109391.8462315556,54610.50622125213,21937.833548579452
32712.712712712713,0.0,62953.77642395528,99433.1841125488,119240.70410803214,177584.66833141822,70257.85875352842,96681.70206448098,61684.02484235425,82490.71211589527,93083.31049954225,119841.2487010471,139808.462242541,29459.98119683028,69295.95311918887,101020.48081346045,122074.99379382649,43186.324456608534,60971.467675447304,71643.5318538308,87729.81033892525,98940.19288644445,118477.9199113693,150185.35938405088,84793.63676536107,69666.39433492196,97478.16648308744,52541.89603803022,81001.67599447034,90254.62555086988,18528.554522063314,48072.25414257276,53404.15017749773,75626.87046708968,83348.68408862152,109578.21438934313,124035.87871948845,25273.23840497162,49472.265486841,57269.823896231996,83994.53578173122,109507.46940617851,54728.63676536105,22015.92405264834
32752.752752752753,0.0,63032.16750929375,99546.48471340556,119339.56487615411,177724.6228186972,70338.44590312417,96797.34171554771,61762.2281074284,82574.80489296903,93187.44676694261,119932.70927761383,139961.1563781022,29498.871285240602,69376.9566436434,101136.42834133818,122191.56621436878,43229.49558711907,61048.38048239193,71722.33299006266,87822.87756880984,99046.5877310281,118608.31573390494,150323.39019565866,84911.77018571232,69756.60417334703,97584.18344532484,52620.70443421348,81119.50592919445,90372.34744097626,18567.90250461125,48150.42105594391,53483.67732366218,75715.07687499128,83461.29445870014,109698.1289063281,124184.87916473833,25314.769547342472,49550.2324366042,57347.77829082437,84111.95938917037,109623.10025360915,54846.77018571232,22094.01743295956
32792.792792792796,0.0,63110.56083051797,99659.76450516944,119438.42170817952,177864.6141633848,70419.02885418254,96912.99130439383,61840.43399976837,82658.8797370067,93291.57023487036,120024.19213756034,140113.8706836316,29537.76285444597,69457.95688985797,101252.38363455757,122308.1441454984,43272.657322467734,61125.300171604824,71801.13473978467,87915.89508274666,99153.0324421167,118738.69436318541,150461.46003671494,85029.90647568458,69846.79257870158,97690.22757987477,52699.51400710569,81237.3395430594,90490.07308409587,18607.251369269463,48228.59072447206,53563.20531496017,75803.23038707694,83573.9465189474,109818.03509656049,124333.9147473344,25356.29684194487,49628.20275615947,57425.73493315091,84229.3879220741,109738.73875392237,54964.906475684584,22172.113682891788
32832.832832832835,0.0,63188.95638309729,99773.02342298703,119537.2747207326,178004.6422852425,70499.60762813233,97028.65079639117,61918.64251358371,82742.93674677445,93395.68079041418,120115.69736928203,140266.60505767082,29576.65590132135,69538.95386959883,101368.3466711699,122424.72757412409,43315.809700665355,61202.22671726582,71879.93710656752,88008.86302421219,99259.52688566105,118869.05577843088,150599.5688566131,85148.04562867817,69936.95958588045,97796.29883864304,52778.32475612275,81355.17682625988,90607.80247081905,18646.60111410664,48306.76314179975,53642.73414896037,75891.33139267052,83686.63995065178,109937.93300250186,124482.98531872495,25397.82030102102,49706.176436554786,57503.69382223592,84346.82136498546,109854.3848872623,55083.04562867817,22250.212795845335
32872.872872872875,0.0,63267.35416251361,99886.26140188593,119636.12403051053,178144.70710417442,70580.18224628735,97144.32015707016,61996.853643102215,82826.9760204049,93499.77832119957,120207.22506051093,140419.35939961264,29615.550422751774,69619.94759458593,101484.31742930734,122541.3164871971,43358.95275952769,61279.16009369067,71958.7400939454,88101.78153747135,99366.07092668068,118999.39995932182,150737.7166046773,85266.1876381152,70027.10522983248,97902.39717352504,52857.13668067385,81473.01776902922,90725.53559176963,18685.95173719828,48384.93830159077,53722.26382324181,75979.38027867483,83799.37443706674,110057.82266656931,124632.09073097311,25439.33993676632,49784.15346887327,57581.654957083156,84464.25970251969,109970.03863384204,55201.187638115196,22328.31476524232
32912.912912912914,0.0,63345.75416426116,99999.47837677464,119734.96975428145,178284.80854022715,70660.75272984675,97259.99935211876,62075.067382569425,82910.9976554011,93603.86271538597,120298.7752983238,140572.13360968992,29654.446415632054,69700.9380764929,101600.29588718258,122657.91087171054,43402.08653667624,61356.10027532992,72037.543705416,88194.65076755895,99472.66442928373,119129.72688599554,150875.90323016245,85384.3324974392,70117.22954555918,98008.52253640632,52935.94978016126,81590.86236163879,90843.27243760467,18725.303236626183,48463.11619752986,53801.79433539367,76067.3774295614,83912.14966342319,110177.7041311326,124781.23083675586,25480.855761329345,49862.13384423276,57659.618336675805,84581.7029193634,110085.69997394303,55319.33249743921,22406.419584526295
32952.95295295295,0.0,63424.156383846836,100112.67428244345,119833.81200888447,178424.9465135903,70741.31909989595,97375.68834738186,62153.28372624895,82995.00174864088,93707.9338616649,120390.34816915056,140724.92758896571,29693.34387686698,69781.92532694747,101716.28202308851,122774.51071469969,43445.2110695399,61433.047236768354,72116.34794444127,88287.47086026144,99579.30725668729,119260.03653904228,151014.12868225528,85502.48020011539,70207.3325681143,98114.6748791635,53014.76405398069,81708.71059439812,90961.01299901438,18764.65561047871,48541.29682332278,53881.325683015486,76155.32322736218,84024.96531694202,110297.57743851093,124930.40548936371,25522.367786812352,49940.117553785894,57737.58395997707,84699.15100027449,110201.36888791525,55437.48020011538,22484.527247162427
32992.99299299299,0.0,63502.56081678989,100225.84905356447,119932.65091122828,178565.12094459654,70821.88137740719,97491.38710886028,62231.50266842212,83078.98839638065,93811.99164925731,120481.94375878228,140877.7412393228,29732.242803371115,69862.90935753152,101832.27581539786,122891.11600324143,43488.326395355805,61510.00095272392,72195.15281444734,88380.24196209888,99685.99927123754,119390.32889950163,151152.39291007453,85620.63073963023,70297.41433260257,98220.8541536649,53093.57950152118,81826.56245765447,91078.75726672205,18804.00885685059,48619.4801726961,53960.857863716876,76243.21805166121,84137.82108684469,110417.44263097041,125079.61454269977,25563.876025271264,50018.10458871977,57815.55182593015,84816.60393008146,110317.0453561765,55555.63073963023,22562.637746637236
33033.03303303303,0.0,63580.967458621846,100339.00262469177,120031.48657829016,178705.33175372152,70902.43958324003,97607.09560270992,62309.72420338797,83162.9576942595,93916.03596791123,120573.56215237897,141030.57446345367,29771.143192068736,69943.89017978124,101948.27724256278,123007.72672445407,43531.4325511706,61586.961398046864,72273.9583188249,88472.96422030634,99792.74033442946,119520.60394885868,151290.69586267153,85738.78410949149,70387.47487417886,98327.06031177109,53172.396122165126,81944.4179417927,91196.50523148362,18843.36297384295,48697.666239397055,54040.3908751175,76331.06227958754,84250.71666436335,110537.29975072062,125228.8578512793,25605.380488715917,50096.0949402557,57893.52193345848,84934.06169368295,110432.72935921227,55673.78410949149,22640.75107645846
33073.07307307307,0.0,63659.376304886646,100452.13493026211,120130.31912711548,178845.5788615844,70982.99373814228,97722.81379524103,62387.94832546329,83246.90973730342,94020.06670789965,120665.20343447756,141183.42716485093,29810.045039893943,70024.86780518742,102064.28628311455,123124.34286549763,43574.52957384163,61663.92854771907,72352.76446092967,88565.63778281648,99899.53030692681,119650.86166904075,151429.03748903066,85856.94030322818,70477.51422804748,98433.29330533583,53251.21391528855,82062.27703723515,91314.25688408781,18882.71795956329,48775.85501719366,54119.92471484712,76418.8562858093,84363.65174275034,110657.14883991264,125378.1352702287,25646.881189110318,50174.08859964921,57971.49428146611,85051.52427604754,110548.42087757553,55791.94030322819,22718.86723015512
33113.11311311312,0.0,63737.78735114046,100565.24590459518,120229.14867481639,178985.8621889477,71063.5438627504,97838.54165291737,62466.17502898237,83330.84461992898,94124.08376001794,120756.86768899934,141336.2992477973,29848.94834379045,70105.84224519556,102180.30291566325,123240.96441357312,43617.61750003805,61740.90237685308,72431.5712440825,88658.26279824108,100006.36904858198,119781.10204241364,151567.41773807027,85975.09931439043,70567.53242946108,98539.5530862067,53330.03288026102,82180.13973444136,91432.01221535582,18922.07381212541,48854.04649987439,54199.45938054547,76506.6004425282,84476.62601728647,110776.98994063569,125527.44665528499,25688.378138372846,50252.085558189734,58049.46886883784,85168.99166221305,110664.11989188625,55910.099314390434,22796.986201277316
33153.15315315316,0.0,63816.20059295164,100678.33548189355,120327.97533857096,179126.1816567175,71144.08997759016,97954.27914235517,62544.404308297024,83414.76243594763,94228.0870155818,120848.5549992573,141489.19061735616,29887.85310071157,70186.81351120598,102296.32711889733,123357.5913559226,43660.69636624199,61817.882860691214,72510.37867156963,88750.83941585339,100113.25641845529,119911.32505177797,151705.83655864262,86093.26113654923,70657.52951371972,98645.83960622559,53408.85301644565,82298.00602390774,91549.77121614116,18961.430529649377,48932.240681248186,54278.99486986213,76594.29511947467,84589.63918528825,110896.82309491486,125676.79186279456,25729.871348376306,50330.085807200405,58127.44569443933,85286.46383728622,110779.82638283128,56028.26113654924,22875.107983396083
33193.1931931932,0.0,63894.616025901036,100791.40359624388,120426.79923562269,179266.53718594383,71224.6321030776,98070.02623032287,62622.63615777668,83498.66327856976,94332.07636642514,120940.26544796396,141642.1011793623,29926.759307620458,70267.78161457443,102412.3588715836,123474.22367982924,43703.76620874987,61894.8699746051,72589.18674664339,88843.36778557056,100220.19227483496,120041.5306803661,151844.2938995351,86211.42576329684,70747.50551617045,98752.15281723003,53487.67432319959,82415.87589616788,91667.53387732981,19000.788110261805,49010.43755514461,54358.53118045684,76681.94068390486,84702.69094611541,111016.64834470846,125826.17074971308,25771.360830948594,50408.08933803819,58205.424757117806,85403.9407864426,110895.5403311642,56146.42576329684,22953.23257010364
33233.23323323324,0.0,63973.03364558114,100904.45018161646,120525.6204832788,179406.9286978203,71305.17025951912,98185.78288373952,62700.87057180784,83582.54724040811,94436.05170489712,121031.9991172376,141795.03084041254,29965.666961489478,70348.74656661159,102528.39815256624,123590.86137261674,43746.82706367309,61971.86369409424,72667.99547252175,88935.8480579353,100327.17647525603,120171.71891183789,151982.78970947035,86329.59318824593,70837.46047220571,98858.49267105291,53566.4967998734,82533.74934179166,91785.30018983952,19040.146552095117,49088.63711541312,54438.06830999878,76769.53750059672,84815.7810011759,111136.46573190532,125975.58317360365,25812.846597872158,50486.09614209314,58283.40605570155,85521.42249492541,111011.26171770446,56264.59318824593,23031.359955012696
33273.27327327328,0.0,64051.45344759698,101017.47517186626,120624.43919890994,179547.35611368465,71385.70446711247,98301.5490696746,62779.10754479457,83666.41441348231,94540.01292386075,121123.75608861016,141947.97950785657,30004.576059300725,70429.70837858376,102644.4449407671,123707.5044216493,43789.87896693956,62048.863994785745,72746.80485238931,89028.28038409908,100434.20887651981,120301.88973027802,152121.32393710667,86447.76340503019,70927.39441726301,98964.85911952407,53645.32044581172,82651.6263513855,91903.07014462005,19079.505853288247,49166.83935592363,54517.60625616715,76857.08593184831,84928.90905393177,111256.2752983225,126125.02899263654,25854.328660884836,50564.10621078874,58361.38958900068,85638.90894804579,111126.99052333774,56382.76340503018,23109.490131756902
33313.313313313316,0.0,64129.87542756547,101130.47850073295,120723.25549994907,179687.81935501876,71466.23474594741,98417.32475534707,62857.34707115807,83750.26488922258,94643.95991669025,121215.53644303375,142100.94708978818,30043.486598045754,70510.66706171299,102760.49921518516,123824.15281433173,43832.92195429481,62125.870852433356,72825.61488939723,89120.66491580405,100541.28933471322,120432.04312019216,152259.89653103915,86565.9364073039,71017.30738682396,99071.25211447052,53724.14526035312,82769.5069155922,92020.84373265307,19118.866011986378,49245.044270566184,54597.14501665087,76944.5863374762,85042.07480990341,111376.07708570291,126274.50806558807,25895.807031679855,50642.11953558156,58439.37535580729,85756.40013118213,111242.72672901538,56500.936407303896,23187.62309399058
33353.353353353355,0.0,64208.29958111558,101243.46010184143,120822.06950389026,179828.31834344877,71546.76111600609,98533.10990812437,62935.58914533673,83834.09875847358,94747.89257726885,121307.34026088737,142253.93349503627,30082.398574725503,70591.62262717706,102876.56095489603,123940.80653810894,43875.95606130282,62202.884242916516,72904.42558666358,89213.0018053661,100648.41770522756,120562.17906650365,152398.50743979972,86684.1121887419,71107.19941641318,99177.67160771726,53802.97124283011,82887.3910250905,92138.62094495172,19158.227026340574,49323.251853250724,54676.68458914847,77032.0390748144,85155.27797667339,111495.87113571283,126424.02025183945,25937.281721905907,50720.13610796101,58517.36335489545,85873.8960297796,111358.47031575412,56619.1121887419,23265.758835388544
33393.3933933934,0.0,64286.72590388822,101356.41990870236,120920.88132828803,179968.85300074512,71627.28359716377,98648.90449552177,63013.83376178594,83917.91611149831,94851.81079998669,121399.1676219834,142406.93863315613,30121.311986350272,70672.57508610979,102992.63013905169,124057.4655804659,43918.981323347274,62279.904142239684,72983.23694727349,89305.29120565711,100755.59384277737,120692.29755454995,152537.15661185788,86802.29074303947,71197.07054159763,99284.11755108791,53881.798392569246,83005.27867059506,92256.4017725607,19197.588894508255,49401.462097907155,54756.22497136808,77119.44449871438,85268.51826388921,111615.65748993964,126573.56541137602,25978.752743167483,50798.155919449164,58595.35358502153,85991.39662934982,111474.22126463572,56737.29074303947,23343.897349646068
33433.43343343344,0.0,64365.15439153625,101469.35785471243,121019.69109075623,180109.42324882263,71707.80220918945,98764.70848520161,63092.08091497823,84001.71703798203,94955.7144797385,121491.01860557441,142559.9624144212,30160.226829939704,70753.52444960117,103108.70674688033,124174.12992892746,43961.99777563272,62356.9305265315,73062.04897427958,89397.53327008813,100862.81760141935,120822.3985700796,152675.8439956212,86920.47206391225,71286.92079798569,99390.58989640538,53960.626708891214,83123.16984285614,92374.18620655595,19236.95161465282,49479.67499848524,54835.76616102741,77206.80296154536,85381.79538326591,111735.43618988951,126723.14340478572,26020.220107024965,50876.17896160073,58673.34604492447,86108.90191547043,111589.97955680688,56855.47206391225,23422.03863047881
33473.47347347348,0.0,64443.5850397245,101582.27387315505,121118.49890896725,180250.02900974086,71788.31697174662,98880.52184497254,63170.33059940304,84085.5016270362,95059.6035119218,121582.89329035935,142713.00474981425,30199.14310252286,70834.47072869776,103224.7907576859,124290.79957105828,44005.005453185615,62433.96337204415,73140.86167070235,89489.72815259238,100970.08883457104,120952.48209924877,152814.56953943605,87038.65614509632,71376.75022122641,99497.08859549275,54039.45619111098,83241.06453265972,92491.97423804479,19276.315184943865,49557.89054895458,54915.308155853796,77294.11481319583,85495.1090485881,111855.20727698554,126872.75409325867,26061.683824995045,50954.20522600285,58751.34073332604,86226.41187378479,111705.74517347896,56973.65614509632,23500.18267162284
33513.51351351352,0.0,64522.01784412953,101695.16789720072,121217.30490065076,180390.67020570394,71868.82790439355,98996.34454278856,63248.58280956668,84169.26996720208,95163.47779243426,121674.79175448963,142866.0655510194,30238.060801137937,70915.41393440249,103340.88215084768,124407.47449446261,44048.00439085537,62511.00265515233,73219.67503953009,89581.87600760798,101077.4073950291,121082.54812861785,152953.333191588,87156.84298034782,71466.55884700848,99603.61360017366,54118.286838537664,83358.96273082687,92609.76585816541,19315.679603556913,49636.10874330429,54994.8509535839,77381.38040107474,85608.45897571022,111974.97079256516,127022.39733858542,26103.14390855065,51032.23470427474,58829.33764893082,86343.92649000138,111821.51809592747,57091.84298034782,23578.3294668343
33553.55355355356,0.0,64600.45280043985,101808.03985990748,121316.10918359298,180531.34675906095,71949.33502658413,99112.1765467485,63326.837539992324,84253.02214645475,95267.33721767209,121766.71407557542,143019.14473041377,30276.979922832412,70996.35407767513,103456.98090582018,124524.15468678396,44090.99462331537,62588.048352352664,73298.48908371941,89673.97699006132,101184.77313498782,121212.59664514841,153092.13490030236,87275.03256344309,71556.34671105948,99710.16486227314,54197.11865047477,83476.86442821393,92727.56105808701,19355.044868673613,49714.32957554323,55074.39455196389,77468.60007011429,85721.84488255785,112094.7267778783,127172.07300315631,26144.60036912123,51110.267388067834,58907.33679042664,86461.44574989355,111937.29830549196,57210.03256344309,23656.479009889532
33593.5935935936,0.0,64678.88990435568,101920.88969422122,121414.91187563569,180672.0585923057,72029.83835766846,99228.017825095,63405.09478521988,84336.75825220681,95371.18168452756,121858.66033069161,143172.2422010596,30315.900464662987,71077.29116943236,103573.08700213263,124640.84013570535,44133.97618506426,62665.100440262926,73377.30380619554,89766.03125535052,101292.18590605726,121342.6276361998,153230.97461374506,87393.22488817853,71646.11384914514,99816.74233361833,54275.951626220194,83594.76961571223,92845.35982900958,19394.41097848156,49792.55303969968,55153.938948749324,77555.77416277249,85835.26648912707,112214.47527408549,127321.78094995975,26186.05321809312,51188.30326906537,58985.3381564847,86578.96963929919,112053.08578357585,57328.224888178534,23734.631294584935
33633.63363363364,0.0,64757.32915158887,102033.71733297664,121513.71309467485,180812.80562807698,72110.33791689322,99343.86834621389,63483.354539805805,84420.47837131209,95475.01109038707,121950.63059638343,143325.3578766962,30354.822423695365,71158.22522054796,103689.2004193886,124757.53082894861,44176.94911042668,62742.158895621054,73456.11920985222,89858.03895932827,101399.64555928137,121472.64108952583,153369.85228002263,87511.41994837037,71735.8602970682,99923.3459660389,54354.78576506618,83712.67828424768,92963.16216216359,19433.777931174263,49870.77912982129,55233.48414170496,77642.9030190368,85948.72351748394,112334.21632225532,127471.52104258141,26227.502466809376,51266.342338982235,59063.34174575964,86696.49814412008,112168.88051164596,57446.41994837037,23812.78631473673
33673.67367367368,0.0,64835.770537863085,102146.52270889742,121612.51295866017,180953.58778915866,72190.83372340255,99459.72807863337,63561.616798323375,84504.18259006948,95578.82533312903,122042.62494867257,143478.49167173213,30393.74579700449,71239.156241853,103805.32113726597,124874.22675427471,44219.91343355458,62819.22369528473,73534.9352975525,89950.00025828608,101507.15194515593,121602.63699327185,153508.76784718334,87629.6177378548,71825.5860906679,100029.97571136805,54433.62106629959,83830.59042478102,93080.96804881011,19473.145724951224,49949.007839975115,55313.03012860495,77729.98697642813,86062.21569176335,112453.94996336324,127621.29314520292,26268.948126570314,51344.38458956499,59141.34755688998,86814.03125032174,112284.68247123229,57564.61773785481,23890.94406418113
33713.71371371372,0.0,64914.21405891371,102259.305754597,121711.31158559382,181094.40499848,72271.32579623858,99575.59699102341,63639.88155536237,84587.87099422685,95682.62431112207,122134.64346306269,143631.6435012379,30432.670581674352,71320.08424413606,103921.44913551646,124990.92789948343,44262.86918842821,62896.294816230424,73613.75207212861,90041.91530893749,101614.70491364635,121732.61533597147,153647.72126321762,87747.81825048786,71915.29126581902,100136.63152144298,54512.457529201856,83948.50602830734,93198.77748024066,19512.514358017957,50027.23916424748,55392.576907232666,77817.02637000527,86175.74273816706,112573.67623828925,127771.09712260049,26310.390208633573,51422.43001259163,59219.35558849824,86931.56894393306,112400.49164392798,57682.818250487864,23969.104536774146
33753.75375375376,0.0,64992.659710487496,102372.06640257865,121810.10909352926,181235.25717911503,72351.81415434176,99691.47505219466,63718.1488055289,84671.54366898425,95786.40792322246,122226.68621454453,143784.8132809378,30471.596774797854,71401.00923814323,104037.58439396507,125107.63425241294,44305.81640885702,62973.37223555257,73692.56953638226,90133.7842684019,101722.3043142052,121862.57610654332,153786.7124760584,87866.0214801451,72004.97585843096,100243.31334810548,54591.29515304894,84066.42508585585,93316.59044777673,19551.883828585684,50105.47309674375,55472.12447538055,77904.02153236984,86289.30438496135,112693.39518781588,127920.93284014364,26351.82872421416,51500.478599871225,59297.36583919093,87049.11121104563,112516.30801138851,57801.02148014509,24047.267726391336
33793.7937937938,0.0,65071.10748834299,102484.80458523685,121908.90560057058,181376.14425428363,72432.29881655182,99807.36223109807,63796.41854344569,84755.2006989982,95890.17606877271,122318.75327760208,143938.00092720293,30510.524373477056,71481.93123457857,104153.72689251018,125224.34580094018,44348.75512848087,63050.4559304631,73771.3876930851,90225.6072941887,101829.94999579001,121992.5192942881,153925.7414335818,87984.22742072184,72094.6399044471,100350.02114320279,54670.13393711165,84184.34758849003,93434.40694277006,19591.254134871626,50183.7096315885,55551.67283085031,77990.97279367191,86402.90036247452,112813.1068526269,128070.80016379393,26393.26368448499,51578.53034324411,59375.37830755913,87166.65803781374,112632.13155533209,57919.22742072184,24125.433626928047
33833.833833833836,0.0,65149.55738825012,102597.52023485687,122007.70122487105,181517.06614735076,72512.77980160795,99923.25849682385,63874.69076375159,84838.84216838489,95993.92864759908,122410.84472621714,144091.2063570437,30549.45337482276,71562.85024410396,104269.87661112288,125341.06253298013,44391.68538077087,63127.54587829033,73850.20654497872,90317.38454418094,101937.64180688011,122122.44488888538,154064.808083608,88102.43606613281,72184.2834398438,100456.754858588,54748.97388065535,84302.27352730703,93552.22695660222,19630.625275098653,50261.94876292517,55631.221971452585,78077.88048161598,86516.53040309325,112932.81127330514,128220.69896010355,26434.695100576566,51656.58523458133,59453.392992178226,87284.20941045371,112747.96225753886,58037.43606613281,24203.602232298974
33873.873873873876,0.0,65228.00940599031,102710.21328361605,122106.49608463251,181658.02278182685,72593.25712814971,100039.1638186009,63952.965461101936,84922.46816072412,96097.6655600099,122502.96063387497,144244.4294881025,30588.383775954804,71643.76627733957,104386.03352984689,125457.78443648606,44434.607199030586,63204.64205647858,73929.02609477498,90409.1161766199,102045.37959549435,122252.35288039052,154203.9123739013,88220.64741031225,72273.90650062969,100563.51444612093,54827.81498294036,84420.20289343786,93670.05048068463,19669.99724749563,50340.190484916195,55710.77189500713,78164.74492146715,86630.19424125907,113052.50849033102,128370.629096214,26476.122983577683,51734.64326578484,59531.40989160852,87401.76531524363,112863.80009985108,58155.647410312245,24281.77353643837
33913.913913913915,0.0,65306.46353735658,102822.88366358439,122205.29029810414,181799.01408136808,72673.73081471754,100155.07816579612,64031.24263016818,85006.07875906286,96201.38670679368,122595.10107356936,144397.67023864697,30627.31557400191,71724.67934486383,104502.19762879823,125574.51149944938,44477.52061639694,63281.7444425873,74007.84634515646,90500.80235008922,102153.16320920788,122382.24325923173,154343.05425217128,88338.86144721377,72363.5091228449,100670.29985766872,54906.65724322188,84538.13567804711,93787.87750645843,19709.370050297177,50418.43479174285,55790.322599342726,78251.56643605823,86743.89161346407,113172.19854408086,128520.5904398548,26517.547344535276,51812.704428787205,59609.42900439521,87519.3257385231,112979.64506417242,58273.86144721378,24359.947533299863
33953.953953953955,0.0,65384.91977815325,102935.53130672473,122304.08398358131,181940.03996977615,72754.20087975307,100271.00150791346,64109.52226563789,85089.67404591876,96305.0919892168,122687.26611780733,144550.92852756253,30666.248766101544,71805.58945721376,104618.3688881647,125691.24370989914,44520.425665841234,63358.85301429028,74086.66729877636,90592.44322349923,102260.99249516905,122512.116016207,154482.23366607286,88457.07817081024,72453.09134256015,100777.1110451064,54985.50066074997,84656.07187233263,93905.70802539418,19748.74368174359,50496.681677605135,55869.87408229703,78338.34534579681,86857.62225824635,113291.88147482523,128670.58285934178,26558.968194454785,51890.76871555137,59687.45032906859,87636.89066669268,113095.49713246807,58392.07817081025,24438.124216856297
33993.993993993994,0.0,65463.378124195835,103048.15614489364,122402.87725940462,182081.10037099835,72834.6673416,100386.93381459339,64187.804362214825,85173.25410328383,96408.78130902184,122779.45583861426,144704.20427434568,30705.183349399977,71886.49662488492,104734.5472882058,125807.98105590208,44563.322380170066,63435.96774937498,74165.4889582589,90684.0389560717,102368.86730011615,122641.97114248098,154621.45056320706,88575.29757509369,72542.65319587593,100883.94796031745,55064.34523476965,84774.01146752552,94023.54202899191,19788.11814008095,50574.93113672165,55949.426341716535,78425.08196867294,86971.38591618469,113411.55732272723,128820.60622357586,26600.38554430016,51968.836118070554,59765.47386414416,87754.46008621351,113211.35628676409,58510.29757509369,24516.303581099695
34034.03403403404,0.0,65541.83857131159,103160.7581098421,122501.670243959,182222.19520912788,72915.13021850455,100502.8750556121,64266.08891461869,85256.81901262814,96512.45456842569,122871.67030753879,144857.4973990973,30744.119321052312,71967.40085833188,104850.73280925234,125924.7235255627,44606.21079202652,63513.08862574194,74244.31132619974,90775.58970732469,102476.78747039416,122771.80862958235,154760.70489112186,88693.51965407534,72632.19471892188,100990.81055519477,55143.19096452113,84891.95445488996,94141.3795087809,19827.49342356096,50653.18316332971,56028.97937545673,78511.77662026725,87085.18232989358,113531.2261278413,128970.66040204166,26641.799404994235,52046.90662836825,59843.49960812308,87872.03398360725,113327.22250914769,58628.51965407534,24594.485620041298
34074.07407407408,0.0,65620.30111533869,103273.337133216,122600.46305567227,182363.3244084036,72995.5895286159,100618.82520088079,64344.37591758519,85340.36885490309,96616.11167011771,122963.90959565717,145010.80782251566,30783.056678222274,72048.30216796813,104966.9254317061,126041.47110702281,44649.090933890984,63590.21562140388,74323.13440516588,90867.09563705695,102584.75285197102,122901.62846940037,154899.99659731236,88811.74440178538,72721.71594785582,101097.69878164088,55222.037849239576,85009.90082572294,94259.22045631957,19866.869530441152,50731.437751685036,56108.5331813818,78598.42961375913,87199.01124401696,113650.88793011155,129120.74526480574,26683.20978741882,52124.98023849778,59921.52755949206,87989.6123454553,113443.0957817666,58746.744401785385,24672.670327711305
34114.11411411412,0.0,65698.76575212675,103385.893146557,122699.25581301452,182504.48789321035,73076.04528998697,100734.78422044497,64422.66536586592,85423.90371054519,96719.75251725758,123056.17377357805,145164.13546589017,30821.99541808237,72129.20056416644,105083.1251360396,126158.22378846139,44691.96283808208,63667.34871448514,74401.95819769616,90958.55690533345,102692.76329045376,123031.43065418245,155039.32562922168,88929.97181227303,72811.216918863,101204.61259156893,55300.88588815542,85127.85057135424,94377.06486319532,19906.246458984642,50809.69489606188,56188.08775736472,78685.0412599358,87312.87240522215,113770.5427693702,129270.86068251537,26724.616702414867,52203.05694054245,59999.5577167237,88107.19515839883,113558.97608682886,58864.97181227303,24750.857698158907
34154.15415415416,0.0,65777.23247753645,103498.42608130281,122798.04863449634,182645.68558807863,73156.49752057463,100850.75208448354,64500.95725422812,85507.42365947925,96823.3770134736,123148.46291144704,145317.48025109444,30860.935537813493,72210.09605725866,105199.33190279553,126274.98155809447,44734.826536757726,63744.487883220725,74480.7827063012,91049.97367247005,102800.8186311048,123161.2151765308,155178.69193424124,89048.20187960616,72900.69766815522,101311.55193690292,55379.735080494094,85245.80368314593,94494.91272102427,19945.624207459972,50887.954590752575,56267.64310128703,78771.61186720092,87426.76556219315,113890.19068533619,129421.00652639664,26766.02016078253,52281.13672661498,60077.59007827644,88224.7824091379,113674.86340660232,58983.20187960616,24829.047725452
34194.1941941942,0.0,65855.70128743979,103610.93586878819,122896.84163866879,182786.91741768524,73236.9462382407,100966.72876330861,64579.25157745514,85590.9287811224,96926.9850628612,123240.77707895116,145470.8421005804,30899.877034605466,72290.9886575366,105315.54571258705,126391.74440417529,44777.682061916195,63821.63310595611,74559.60793346413,91141.34609901923,102908.91871885804,123290.98202940001,155318.09545971174,89166.43459787175,72990.15823197042,101418.51676957888,55458.5854254766,85363.76015249282,94612.76402145164,19985.002774141598,50966.21683006808,56347.19921103919,78858.14174158467,87540.69046562417,114009.83171761423,129571.18266825349,26807.42017328173,52359.21958885796,60155.6246425952,88342.37408443191,113790.75772341515,59101.43459787175,24907.240403677548
34234.23423423424,0.0,65934.17217771985,103723.42244024598,122995.63494412124,182928.18330685276,73317.3914607522,101082.71422736425,64657.548330345795,85674.41915438717,97030.57656998065,123333.11634532301,145624.22093737163,30938.81990565654,72371.87837525154,105431.76654609689,126508.51231499374,44820.52944539694,63898.78436114615,74638.43388164038,91232.67434575534,103017.06339833434,123420.73120609383,155457.5361529235,89284.66996117534,73079.59864657145,101525.507041545,55537.43692231913,85481.71997082166,94730.618756151,20024.382157309476,51044.48160833736,56426.75608452013,78944.63118675293,87654.64686821189,114129.46590569301,129721.38898046568,26848.816750631995,52437.30551944322,60233.66140811114,88459.97017109858,113906.65901965482,59219.66996117534,24985.435726941105
34274.27427427428,0.0,66012.64514427076,103835.8857268067,123094.4286694807,183069.48318054987,73397.8332057818,101198.70844722594,64735.847507714585,85757.89485768479,97134.15143985518,123425.48077934499,145777.61668505694,30977.764148173344,72452.76522061448,105547.99438407712,126625.28527887627,44863.368718881386,63975.94162735431,74717.26055325792,91323.95857365988,103125.2525138572,123550.46270026233,155597.01396111702,89402.90796364102,73169.01894824544,101632.5227047623,55616.28957023313,85599.68312959126,94848.47691682437,20063.76235524893,51122.74891990742,56506.31371963727,79031.08050401734,87768.63452464796,114249.09328894388,129871.62533598716,26890.209903512587,52515.394510571736,60311.70037324187,88577.57065601368,114022.56727776809,59337.90796364101,25063.633689366732
34314.31431431432,0.0,66091.12018299778,103948.32565950076,123193.22293341093,183210.81696389127,73478.27149090874,101314.71139360016,64814.14910439165,85841.3559689292,97237.70957796986,123517.87044935377,145931.0292677849,31016.709759371297,72533.64920379678,105664.22920734933,126742.06328418604,44906.19991389432,64053.10488325247,74796.08795071783,91415.19894390776,103233.48590946839,123680.1765058994,155736.5288314838,89521.1485994116,73258.41917330328,101739.56371120561,55695.1433684257,85717.6496202925,94966.33849520229,20103.143366251017,51201.01875914348,56585.87211430677,79117.48999234603,87882.6531916117,114368.71390662018,130021.89160834486,26931.599642563015,52593.48655447372,60389.74153639188,88695.1755261111,114138.48248026104,59456.1485994116,25141.834285097284
34354.35435435436,0.0,66169.59728981716,104060.74216925786,123292.01785461092,183352.1845821379,73558.7063336189,101430.72303732325,64892.45311522254,85924.80256553984,97341.2508902692,123610.28542324403,146084.458610257,31055.656736474004,72614.53033492973,105780.47099680372,126858.84631932245,44949.02306180435,64130.2741076197,74874.91607639412,91506.39561785292,103341.76342894312,123809.87261733966,155876.08071116658,89639.39186264825,73347.79935807841,101846.63001286375,55773.99831609924,85835.61943444776,95084.20348304341,20142.525188612133,51279.29112042854,56665.43126645308,79203.8599483736,87996.70262776109,114488.32779785522,130172.1876716367,26972.98597838283,52671.58164340821,60467.78489595241,88812.78476838203,114254.40460969837,59574.391862648255,25220.03750829389
34394.394394394396,0.0,66248.0764606561,104173.13518690862,123390.81355181395,183493.58596069668,73639.13775130574,101546.74334936103,64970.75953506831,86008.23472444541,97444.7752831557,123702.72576847248,146237.9046377222,31094.60507671362,72695.40862410511,105896.71973339922,126975.63437272116,44991.838193825155,64207.449279341985,74953.74493263422,91597.54875701413,103450.08491580514,123939.55102925561,156015.6695472603,89757.63774753059,73437.15953892643,101953.72156174033,55852.854412451794,85953.59256361106,95202.07187213449,20181.90782063431,51357.56599816358,56744.991174009185,79290.1906664125,88110.78259372502,114607.93500166171,130322.51340053012,27014.368921532136,52749.67976966311,60545.8304503018,88930.39836987486,114370.33364870341,59692.637747530585,25298.243353136182
34434.434434434435,0.0,66326.55769145276,104285.50464318499,123489.6101437866,183635.02102512092,73719.56576127058,101662.77230080818,65049.068358805554,86091.65252208724,97548.28266348812,123795.1915520621,146391.3672759711,31133.55477733074,72776.28408137527,106012.9753981631,127092.427432854,45034.64534101629,64284.630377411464,75032.5745217592,91688.65852306172,103558.45021334184,124069.21173665546,156155.2952868126,89875.8862482566,73526.49975222425,102060.83830985452,55931.71165667703,86071.56899936796,95319.94365429037,20221.29126062504,51435.84338676743,56824.55183491652,79376.48243846386,88224.8928520944,114727.53555693063,130472.86867026059,27055.7484825316,52827.78092555504,60623.878197805694,89048.01631769493,114486.26957995798,59810.886248256604,25376.45181382216
34474.474474474475,0.0,66405.04097815616,104397.85046872083,123588.40774932693,183776.48970110985,73799.99038072315,101778.80986288708,65127.37958132586,86175.0560344223,97651.77293857955,123887.68284060544,146544.8464513296,31172.50583557406,72857.156716753,106129.23797219046,127209.22548822849,45077.444534284004,64361.81738092549,75111.4048460637,91779.72507780316,103666.8591646188,124198.85473487934,156294.95787682402,89994.13735904236,73615.82003436907,102167.98020924116,56010.57004796405,86189.54873333499,95437.81882135355,20260.675506896907,51514.12328067643,56904.11324712466,79462.73555422868,88339.03316741306,114847.12950242948,130623.25335662931,27097.124671862453,52905.88510342888,60701.928136816874,89165.63859900384,114602.21238620175,59929.13735904235,25454.66288456787
34514.514514514514,0.0,66483.52631672636,104510.17259405328,123687.20648726443,183917.9919145092,73880.41162678221,101894.85600694778,65205.69319753644,86258.44533692699,97755.24601619615,123980.19970026892,146698.34209065378,31211.45824870085,72938.02654021222,106245.50743664426,127326.02852738815,45120.23580438236,64439.01026908645,75190.2359078165,91870.74858317043,103775.31161249489,124328.4800195978,156434.6572642494,90112.39107412226,73705.12042177808,102275.14721195193,56089.429585497885,86307.53175715999,95555.69736519438,20300.060557768324,51592.4056743448,56983.67540859172,79548.95030111964,88453.20330616893,114966.71687680202,130773.66733600234,27138.497499967045,52983.99229565817,60779.98026567589,89283.26520101959,114718.16205023252,60047.391074122264,25532.876559607743
34554.554554554554,0.0,66562.01370313406,104622.47094962305,123786.00647645775,184059.52759131085,73960.82951647611,102010.9107044669,65284.00920235953,86341.82050460015,97858.70180455508,124072.74219679601,146851.85412132408,31250.412013976584,73018.89356168783,106361.7837727549,127442.83653891218,45163.01918191406,64516.20902120081,75269.06770926058,91961.72920120582,103883.80739963615,124458.08758680818,156574.39339599776,90230.64738774879,73794.40095088742,102382.3392700556,56168.29026845922,86425.5180625217,95673.57927771087,20339.44641156296,51670.69056224429,57063.23831728401,79635.12696427276,88567.40303678416,115086.2977185667,130924.11048530838,27179.86697724874,53062.102494644525,60858.03458271095,89400.89611101591,114834.11855490557,60165.64738774879,25611.092833194227
34594.59459459459,0.0,66640.50313336085,104734.74546577544,123884.80783579436,184201.09665765276,74041.24406674303,102126.97392704709,65362.32759073256,86425.1816119664,97962.14021232292,124165.3103955112,147005.38247123954,31289.36712867489,73099.75779107578,106478.06696181987,127559.64951141512,45205.794697331236,64593.413616678474,75347.9002526133,92052.66709404919,103992.34636853052,124587.67743283241,156714.16621893307,90348.90629419236,73883.66165815148,102489.55633563864,56247.15209602451,86543.50764112957,95791.46455082839,20378.833066609695,51748.97793886402,57142.80197117601,79721.26582655928,88681.632129606,115205.87206611603,131074.58268203714,27221.233114072114,53140.21569281767,60936.09108623806,89518.53131632201,114950.08188313355,60283.90629419236,25689.31169959776
34634.63463463464,0.0,66718.99460339898,104846.99607276116,123983.61068418872,184342.69903981948,74121.65529443181,102243.04564641631,65440.64835760803,86508.52873307941,98065.56114861427,124257.90436132337,147158.9270688125,31328.32359007767,73180.61923823346,106594.35698520349,127676.46743354702,45248.56238093647,64670.624035032226,75426.73354006663,92143.56242392474,104100.92836150178,124717.24955431418,156853.97567987515,90467.16778774137,73972.90258004217,102596.79836080596,56326.01506736608,86661.50048472374,95909.35317649969,20418.220521242845,51827.26779871067,57222.366368250434,79807.36716859788,88795.89035689653,115325.43995771508,131225.08380423769,27262.59592076322,53218.33188263525,61014.149774561265,89636.17080432238,115066.05201788622,60402.16778774138,25767.533153106742
34674.67467467468,0.0,66797.48810925157,104959.22270073718,124082.41514058155,184484.3346642416,74202.0632163023,102359.12583442731,65518.97149795355,86591.86194152526,98168.9645229899,124350.52415872921,147312.48784296337,31367.28139547503,73261.47791297972,106710.65382433671,127793.29029399305,45291.32226288365,64747.8402558771,75505.56757378743,92234.41535312822,104209.55322072364,124846.80394821634,156993.82172559988,90585.43186270213,74062.12375304828,102704.06529768131,56404.87918165216,86779.49658507478,96027.24514670478,20457.6087738021,51905.56013630824,57301.93150649814,79893.43126876705,88910.17749282288,115445.00143150118,131375.6137305166,27303.95540760975,53296.45105658276,61092.210645972824,89753.81456245622,115182.02894219043,60520.431862702135,25845.757188027455
34714.71471471472,0.0,66875.98364693229,105071.42527976757,124181.22132393841,184626.00345749612,74282.46784902585,102475.21446305672,65597.29700675156,86675.18131042543,98272.35024545519,124443.16985181665,147466.06472311495,31406.24054216511,73342.33382509509,106826.95746071664,127910.11808147357,45334.07437317877,64825.062258929625,75584.40235591758,92325.22604401402,104318.22078823335,124976.34061181832,157133.70430284005,90703.69851339865,74151.32521367454,102811.35709840803,56483.74443804688,86897.49593398358,96145.14045345077,20496.997822632307,51983.85494619794,57381.497383918,79979.45840321746,89024.49331344698,115564.55652548258,131526.1723400363,27345.311584861003,53374.57320717332,61170.27369875325,89871.46257821734,115298.01263912943,60638.698513398645,25923.983798683927
34754.75475475476,0.0,66954.48121246556,105183.60373982435,124280.0293532486,184767.70534630638,74362.86920918597,102591.31150440482,65675.6248789996,86758.48691244035,98375.71822645873,124535.8415042682,147619.65763918744,31445.20102745428,73423.186984322,106943.26787590666,128026.95078474388,45376.818741681025,64902.29002400742,75663.23788857427,92415.99465898267,104426.93090594563,125105.85954271341,157273.62335828607,90821.96773417277,74240.50699844124,102918.67371514955,56562.61083571045,87015.49852328128,96263.03908877182,20536.38766608372,52062.15222293833,57461.06399851712,80065.44884588485,89138.83759671517,115684.10527753783,131676.75951251332,27386.664462728455,53452.69832694764,61248.33893117167,89989.11483915392,115414.00309184319,60756.96773417277,26002.212979418015
34794.7947947948,0.0,67032.98080188624,105295.75801078827,124378.83934752361,184909.44025754184,74443.26731327856,102707.41693069431,65753.95510970984,86841.77881977212,98479.06837689037,124628.53917936407,147773.26652159312,31484.162848656815,73504.03740036464,107059.58505153545,128143.78839259398,45419.55539810333,64979.523531028244,75742.07417384996,92506.72136046822,104535.68341566567,125235.36073880634,157413.57883858593,90940.23951938383,74329.66914388305,103026.01510008983,56641.478373798986,87133.50434482888,96380.94104472884,20575.77830251163,52140.45196110491,57540.631348310395,80151.40286850251,89253.2101224474,115803.6477254146,131827.37512821614,27428.014051385348,53530.82640847372,61326.40634148563,90106.77133286772,115530.00028352754,60875.23951938383,26080.444724589033
34834.83483483484,0.0,67111.48241124008,105407.8880224503,124477.65142579659,185051.2081182185,74523.66217771277,102823.53071427028,65832.28769390951,86925.05710416823,98582.40060808024,124721.26293998555,147926.8913012315,31523.12600309525,73584.88508288964,107175.90896929763,128260.63089384878,45462.284372013564,65056.76276000979,75820.91121381306,92597.4063109264,104644.47815910302,125364.84419831069,157553.5706903468,91058.51386340894,74418.81168654878,103133.38120543427,56720.347051464865,87251.51339051747,96498.84631340968,20615.16973027683,52218.75415529045,57620.199431320936,80237.32074061468,89367.610672327,115923.18390672933,131978.01906796405,27469.36036096754,53608.95744434696,61404.47592794175,90224.43204701455,115646.00419743461,60993.513863408945,26158.679028574108
34874.87487487488,0.0,67189.98603658291,105519.99370451143,124576.4657071202,185193.00885549845,74604.05381881105,102939.65282759907,65910.62262664037,87008.32183692418,98685.71483179649,124814.01284861786,148080.53190948383,31562.090488099853,73665.73004152566,107292.23961095243,128377.47827736741,45505.0056928351,65134.00769106861,75899.74901050757,92688.04967282181,104753.31497788413,125494.30991974614,157693.59886013472,91176.7907606425,74507.93466300027,103240.77198340985,56799.21686785641,87369.52565226765,96616.75488692857,20654.561947745,52297.058800104496,57699.768245579544,80323.2027295891,89482.0390298892,116042.713858966,132128.6912131246,27510.70340157298,53687.09142718973,61482.54768877528,90342.09696930303,115762.01481687199,61111.7907606425,26236.915885767623
34914.914914914916,0.0,67268.49167398151,105632.07498658498,124675.28231056614,185334.84239669016,74684.44225281014,103055.78324326791,65988.95990295893,87091.57308888697,98789.01096024457,124906.78896735341,148234.1882782087,31601.056301009066,73746.57228586404,107408.57695832444,128494.3305320437,45547.7193898479,65211.25830441993,75978.58756595367,92778.65160861655,104862.19371356574,125623.75790193625,157833.66329447585,91295.07020549648,74597.03810981195,103348.1873862661,56878.08782211829,87487.54112202975,96734.66675742652,20693.954953287226,52375.3658901737,57779.3377891251,80409.04910063077,89596.49498051072,116162.23761947581,132279.39144561242,27552.043183262445,53765.2283496515,61560.621622210776,90459.76608749505,115878.03212520297,61230.070205496486,26315.15529058157
34954.95495495496,0.0,67346.99931951292,105744.13179819623,124774.1013552236,185476.7086692485,74764.82749586119,103171.92193398428,66067.29951793641,87174.81093045809,98892.28890606524,124999.59135789474,148387.86033973668,31640.023439169232,73827.41182545855,107524.92099330261,128611.1876468056,45590.42549218926,65288.51458037675,76057.42688214785,92869.21228075805,104971.11420764744,125753.18814400572,157973.76393985664,91413.35219240021,74686.12206357007,103455.6273662754,56956.95991339136,87605.55979178351,96852.58191707084,20733.348745279625,52453.67542014147,57858.908060004316,80494.86011679495,89710.97831139818,116281.75522547614,132430.119647887,27593.379716059426,53843.368204408594,61638.69772646194,90577.4393894052,115994.05610584604,61348.35219240021,26393.397237445257
34994.994994995,0.0,67425.5089692646,105856.1640687843,124872.92296019773,185618.60760077438,74845.20956403033,103288.06887257507,66145.64146665846,87258.03543159648,98995.54858233302,125092.42008155727,148541.54802686573,31678.99189993452,73908.24866982581,107641.27169784028,128728.04961061521,45633.124028854625,65365.77649934936,76136.26696106295,92959.73185166752,105080.07630158428,125882.60064537803,158113.90074272465,91531.63671580021,74775.18656087187,103563.09187573355,57035.83314081268,87723.58165353787,96970.50035805505,20772.743322103503,52531.987384667984,57938.47905627162,80580.63603900062,89825.48881157703,116401.26671404982,132580.8757029509,27634.71300995021,53921.510984164,61716.77599973181,90695.11686290026,116110.08674227475,61466.6367158002,26471.641720805208
35035.03503503504,0.0,67504.02061933433,105968.1717277026,124971.74724460868,185760.53911901516,74925.58847329917,103404.22403198614,66223.98574422524,87341.24666182182,99098.7899025552,125185.27519927226,148695.25127285623,31717.961680666933,73989.08282844532,107757.6290539547,128844.91641246862,45675.815028698344,65443.04404184464,76215.1078046484,93050.21048372824,105189.07983679941,126011.9954057729,158254.0736494892,91649.92377016018,74864.23163832491,103670.5808669604,57114.707503515645,87841.60669933094,97088.42207259891,20812.13868214513,52610.30177843006,58018.050775989206,80666.37712604416,89940.02627188002,116520.77212214458,132731.65949434793,27676.043074884146,53999.65668164728,61794.856440212934,90812.7984958991,116226.12401801729,61584.923770160174,26549.88873512514
35075.07507507508,0.0,67582.53426583041,106080.15470422021,125070.57432759032,185902.50315186422,75005.96423956538,103520.3873852817,66302.33234575149,87424.44469021738,99202.0127806699,125278.1567715898,148848.97001142675,31756.932778736427,74069.91431075969,107873.99304372718,128961.7880413958,45718.498520434776,65520.31718846567,76293.94941483063,93140.64833927454,105298.12465469615,126141.37242520376,158394.28260652177,91768.2133499611,74953.25733254667,103778.09429230043,57193.58300063008,87959.63492122985,97206.34705294826,20851.534823796013,52688.61859612126,58097.62321722711,80752.08363461289,90054.59048493596,116640.27148657275,132882.47090616135,27717.36992077397,54077.805289614495,61872.93904608754,90930.48427637242,116342.16791665668,61703.213349961086,26628.138274886012
35115.11511511512,0.0,67661.04990487153,106192.1129275226,125169.40432828895,186044.4996273615,75086.33687864317,103636.55890564373,66380.68126636633,87507.62958543329,99305.2171310451,125371.06485868126,149002.7041767489,31795.90519152078,74150.74312617487,107990.3636493024,129078.66448646062,45761.174532638965,65597.59591991105,76372.79179351307,93231.04558058048,105407.2105966704,126270.73170397573,158534.52756015694,91886.50544970101,75042.26368016357,103885.63210412333,57272.45963128228,88077.66631133071,97324.27529137491,20890.93174545283,52766.937832451775,58177.196378063105,80837.75581929894,90169.18124515796,116759.76484401003,133033.30982301192,27758.693557495797,54155.95680084817,61951.02381552775,91048.17419234253,116458.21842183033,61821.505449701006,26706.390334585893
35155.15515515516,0.0,67739.56753258637,106304.04632671259,125268.2373658616,186186.52847369286,75166.70640626342,103752.73856637106,66459.03250121308,87590.80141568914,99408.4028684767,125463.99952034198,149156.45370344285,31834.878916405356,74231.56928406001,108106.74085288821,129195.54573676019,45803.8430937472,65674.88021697407,76451.63494257622,93321.40236984854,105516.33750412206,126400.07324268238,158674.8084566926,92004.8000638948,75131.25071781024,103993.19425482422,57351.3373945948,88195.70086175812,97442.20678017638,20930.3294455169,52845.259482148074,58256.7702565824,80923.39393261276,90283.79834873167,116879.25223099513,133184.1761300561,27800.013994889057,54234.11120815679,62029.110746695405,91165.86823188266,116574.27551722949,61939.80006389481,26784.644908739654
35195.1951951952,0.0,67818.08714511408,106415.95483081177,125367.07355947519,186328.58961919037,75247.0728380746,103868.92634087903,66537.38604544941,87673.96024877744,99511.56990818761,125556.96081599407,149310.21852657318,31873.85395078338,74312.39279374783,108223.12463675544,129312.4317814254,45846.50423205828,65752.17006054247,76530.47886387809,93411.71886919893,105625.50521846741,126529.3970422043,158815.12524239067,92123.09718707443,75220.21848212904,104100.7806968246,57430.216289686825,88313.73856466534,97560.1415116759,20969.727922394894,52923.583539953186,58336.344850877984,81008.9982249972,90398.44159360358,116998.73368392946,133335.06971298382,27841.33124275713,54312.26850437503,62107.19983774253,91283.566383117,116690.33918659965,62058.09718707442,26862.901991879226
35235.23523523524,0.0,67896.60873860405,106527.83836876115,125465.91302830502,186470.68299233235,75327.43618964311,103985.12220269904,66615.74189424737,87757.10615206632,99614.71816582626,125649.94880468893,149463.9985816441,31912.83029205586,74393.21366453485,108339.51498323787,129429.32260962043,45889.157975734095,65829.46543159783,76609.32355925435,93501.9952406591,105734.7135811504,126658.70310370598,158955.47786347815,92241.39681378868,75309.16700976942,104208.39138257274,57509.096315674135,88431.77941223419,97678.07947822253,21009.127174498404,53001.91000062656,58415.92015905047,81094.56894484152,90513.11077946937,117118.20923907636,133485.99045801724,27882.64531086722,54390.42868236363,62185.29108681144,91401.26863422047,116806.40941373978,62176.39681378869,26941.16157855346
35275.27527527528,0.0,67975.13230921577,106639.6968694223,125564.75589153341,186612.80852174322,75407.79647645351,104101.32612547754,66694.10004279303,87840.23919250246,99717.84755746507,125742.96354510967,149617.79380459507,31951.807937631336,74474.03190568138,108455.91187473146,129546.21821054268,45931.80435280034,65906.7663112147,76688.16903051833,93592.23164615264,105843.96243365419,126787.99142863379,159095.86626614712,92359.69893860316,75398.09633738693,104316.02626454413,57587.97747166899,88549.82339667465,97796.0206721906,21048.52720024401,53080.23885894378,58495.496179207854,81180.10633849518,90627.80570776161,117237.6789325605,133636.93825190817,27923.95620895049,54468.591735008966,62263.38449203465,91518.97497341814,116922.48618250249,62294.69893860317,27019.423663327892
35315.31531531532,0.0,68053.65785311878,106751.53026157862,125663.60226834822,186754.96613619328,75488.15371390921,104217.53808297552,66772.46048628652,87923.35943661396,99820.95799959911,125836.00509557343,149771.60413179646,31990.786884925932,74554.84752641158,108572.3152936943,129663.11857342231,45974.443391147346,65984.07268056023,76767.01527946125,93682.42824748912,105953.2516175122,126917.26201871337,159236.2903965554,92478.00355610003,75487.00650164281,104423.68529524191,57666.85975678024,88667.87051022478,97913.96508597975,21087.927998052997,53158.57010969668,58575.072909465656,81265.61065028193,90742.52618163786,117357.14280036744,133787.91298193624,27965.263946702195,54546.757655223104,62341.4800515351,91636.68538898506,117038.5694767934,62413.003556100026,27097.688240784708
35355.35535535536,0.0,68132.18536649295,106863.33847393616,125762.45227794189,186897.15576459907,75568.50791733302,104333.75804906824,66850.82321994219,88006.46695051363,99924.04940914514,125929.07351403421,149925.4295000456,32029.7671313636,74635.66053591401,108688.72522264664,129780.02368752295,46017.075118531124,66061.38452089374,76845.86230785266,93772.58520635398,106062.58097431975,127046.5148759477,159376.75020082778,92596.31066087831,75575.89753920338,104531.36842719789,57745.74317011358,88785.92074515086,98031.91271201515,21127.329566351997,53236.90374769338,58654.65034794699,81351.08212251414,90857.27200596896,117476.6008783436,133938.9145359077,28006.568533782134,54624.92643594384,62419.57776342652,91754.39986924616,117154.65928057145,62531.31066087831,27175.955305522955
35395.3953953954,0.0,68210.71484552817,106975.12143512507,125861.30603950968,187039.3773360233,75648.85910196736,104449.98599774434,66929.18823898837,88089.56179990154,100027.12170343986,126022.16885808489,150079.26984656235,32068.748674375744,74716.47094334132,108805.14164417029,129896.9335421407,46059.69956257391,66138.70181356599,76924.71011744035,93862.70268429807,106171.95034574452,127175.7500026145,159517.24562505604,92714.62024755357,75664.76948673924,104639.07561297249,57824.62771077133,88903.97409374698,98149.86354274699,21166.731903572203,53315.23976775798,58734.22849278232,81436.52099550661,90972.04298732657,117596.05320219512,134089.9428021525,28047.869979814466,54703.098070134365,62497.67762581329,91872.11840257581,117270.75557784823,62649.62024755356,27254.224852158164
35435.43543543544,0.0,68289.24628642434,107086.87907370026,125960.16367224834,187181.6307796742,75729.20728297482,104566.22190310527,67007.55553866728,88172.64405006779,100130.17480023883,126115.29118495947,150233.1251089846,32107.731511401274,74797.27875781068,108921.5645409083,130013.84812660451,46102.31675076483,66216.0245400185,77003.5587099505,93952.78084272792,106281.3595735376,127304.96740126365,159657.7766152996,92832.93231075777,75753.62238092453,104746.80680515556,57903.51337785251,89022.03054833491,98267.81757065046,21206.135008149853,53393.57816473057,58813.80734210946,81521.92750759091,91086.83893397098,117715.49980748788,134240.99766952294,28089.168294387942,54781.272550783084,62575.77963679057,91989.8409773974,117386.85835268805,62767.932310757766,27332.49687532233
35475.475475475476,0.0,68367.77968539132,107198.61131814291,126059.02529535495,187323.91602490624,75809.55247543872,104682.46573936476,67085.92511423508,88255.71376589572,100233.20861771528,126208.4405515356,150386.99522536472,32146.71563988672,74878.08398840387,109037.99389556501,130130.76743027582,46144.926710461084,66293.3526817833,77082.4080870882,94042.81984289584,106390.80849954399,127434.16707471569,159798.3431175864,92951.24684513948,75842.4562584366,104854.56195636687,57982.40017045307,89140.09010126413,98385.77478822577,21245.538878526124,53471.91893346734,58893.38689407366,81607.30189512952,91201.65965583925,117834.94072964697,134392.07902739153,28130.46348705623,54859.44987090374,62653.88379444464,92107.56758218337,117502.96758920749,62886.24684513948,27410.771369664006
35515.515515515515,0.0,68446.31503864899,107310.31809686146,126157.89102802526,187466.23300121975,75889.89469436328,104798.71748084822,67164.29696096174,88338.7710118645,100336.22307445855,126301.61701433647,150540.88013416523,32185.701057285984,74958.88664416735,109154.4296909056,130247.69144254857,46187.52946888823,66370.6862204821,77161.25825053707,94132.81984589018,106500.29696571305,127563.34902605861,159938.94507791323,93069.56384536352,75931.27115595495,104962.34101925655,58061.28808766562,89258.15274491151,98503.73518799788,21284.943513146784,53550.262068840144,58972.96714682734,81692.64439253013,91316.50496453253,117954.37600395641,134543.18676564918,28171.755567337772,54937.63002353503,62731.990096852765,92225.29820545463,117619.08327157526,63004.56384536351,27489.048329847996
35555.555555555555,0.0,68524.85234242724,107421.99933819279,126256.76098945246,187608.58163826072,75970.23395467443,104914.97710199218,67242.67107413113,88421.81585205196,100439.21808947313,126394.82062953323,150694.77977425483,32224.687761060486,75039.68673411242,109270.87190975579,130364.62015284896,46230.12505314135,66448.0251378259,77240.10920196003,94222.78101262603,106609.82481410902,127692.51325864642,160079.58244224673,93187.88330611109,76020.06711016095,105070.14394650565,58140.1771285798,89376.2184716813,98621.6987625166,21324.348910462635,53628.60756573683,59052.54809853033,81777.9552322597,91431.3746733042,118073.8056655587,134694.32077470297,28213.044544716227,55015.81300174066,62810.098542083535,92343.03283578051,117735.20538401227,63122.883306111085,27567.32775055553
35595.5955955956,0.0,68603.39159296588,107533.6549704034,126355.63529882561,187750.96186582115,76050.57027122006,105031.24457734374,67321.04744904075,88504.84835013753,100542.19358217744,126488.05145294698,150848.6940849045,32263.6757486791,75120.48426721561,109387.3205350018,130481.55355063545,46272.7134901856,66525.36941561448,77318.96094299907,94312.70350383564,106719.39188692096,127821.65977609629,160220.25515652343,93306.20522207969,76108.84415773707,105177.97069082671,58219.06729228217,89494.28727400505,98739.66550435625,21363.755068929284,53706.955419061014,59132.129747349725,81863.23464485904,91546.26859704734,118193.22974945449,134845.48094547464,28254.33042864049,55093.998798609246,62888.20912819694,92460.77146177845,117851.3339107909,63241.20522207969,27645.60962648409
35635.63563563564,0.0,68681.93278651446,107645.28492169068,126454.5140753283,187893.3736138386,76130.90365877034,105147.51988155983,67399.42608100185,88587.86856940476,100645.14947240241,126581.30954005074,151002.62300578353,32302.665017617994,75201.27925241843,109503.7755495898,130598.49162539848,46315.29480685704,66602.7190357357,77397.81347527553,94402.58748005933,106828.99802647275,127950.78858228671,160360.9631666509,93424.52958798292,76197.60233536611,105285.82120496407,58297.95857785615,89612.35914434127,98857.63540611567,21403.161987006984,53785.30562373186,59211.71209145967,81948.48285895668,91661.18655228248,118312.64829050229,134996.66716939796,28295.613228524773,55172.18740725401,62966.32185324434,92578.51407211358,117967.46883623526,63359.529587982914,27723.893952347273
35675.67567567568,0.0,68760.4759193325,107756.88912018403,126553.39743813721,188035.81681239628,76211.2341320185,105263.80298940689,67477.80696533932,88670.87657274434,100748.08568039036,126674.5949459715,151156.56647695575,32341.655565360823,75282.07169862778,109620.23693652591,130715.43436666057,46357.869029863294,66680.07398016509,77476.66680039038,94492.43310163636,106938.64307523298,128079.89968135502,160501.70641850802,93542.85639855053,76286.34167973083,105393.69544169458,58376.850984382254,89730.4340751755,98975.60846041818,21442.56966316085,53863.65817468431,59291.295129041624,82033.70010128341,91776.12835714515,118432.06132341828,135147.87933841746,28336.892953748924,55250.378820812846,63044.43671526885,92696.26065549863,118083.61014472073,63477.85639855054,27802.18072287486
35715.71571571572,0.0,68839.02098768932,107868.46749394582,126652.28550642057,188178.29139172315,76291.56170558085,105380.0938757601,67556.19009739162,88753.87242265666,100851.00212679393,126767.90772549238,151310.52443887567,32380.647389398455,75362.861614716,109736.70467887577,130832.38176397598,46400.436185784434,66757.43423096526,77555.52091992418,94582.2405286961,107048.32687582451,128208.9930776954,160642.48485794573,93661.18564852834,76375.06222751304,105501.59335382792,58455.74451093798,89848.51205902004,99093.58465991128,21481.9780958607,53942.01306686875,59370.87885828409,82118.88659668638,91891.09383137376,118551.46888277584,135299.117344986,28378.169613658363,55328.57303244804,63122.55371230515,92814.01120069352,118199.75782067375,63596.18564852834,27880.469932812623
35755.75575575576,0.0,68917.56798786396,107980.01997097346,126751.17839933673,188320.79728219367,76371.88639399764,105496.39251560293,67634.57547251074,88836.85618125464,100953.89873267483,126861.24793305423,151464.49683238487,32419.64048722915,75443.64900952115,109853.17875976444,130949.3338069306,46442.99630107357,66834.79977028543,77634.37583543744,94672.00992114923,107158.04927103414,128338.06877595672,160783.29843078766,93779.51733267817,76463.76401539329,105609.51489420727,58534.63915659794,89966.59308841397,99211.56399726679,21521.38728358114,54020.37029525116,59450.46327738273,82204.0425681435,92006.08279629707,118670.87100300554,135450.381082063,28419.44321756444,55406.770035346366,63200.672842379936,92931.76569650523,118315.91184857176,63714.51733267816,27958.7615769224
35795.7957957958,0.0,68996.11691614523,108091.54647919949,126850.07623603269,188463.33441432763,76452.20821173309,105612.69888402642,67712.96308606211,88919.82791026625,101056.77541950264,126954.61562275772,151618.48359870794,32458.63485635835,75524.43389184686,109969.659162376,131066.29048514202,46485.54940205766,66912.17058036079,77713.23154847063,94761.74143867906,107267.8101038217,128467.12678103994,160924.1470828306,93897.85144577765,76552.44708004993,105717.46001570958,58613.53492043381,90084.67715592284,99329.54646518048,21560.79722480136,54098.72985481283,59530.04838454018,82289.16823677754,92121.09507482179,118790.26771839459,135601.67044311215,28460.713774744407,55484.969822718704,63278.79410351171,93049.52413178745,118432.07221294277,63832.85144577765,28037.05564998185
35835.83583583584,0.0,69074.66776883174,108203.04694649394,126948.97913564261,188605.90271879054,76532.52717317612,105729.01295622892,67791.35293342469,89002.78767103745,101159.63210915378,127048.01084836508,151772.4846794495,32497.63049429882,75605.21627046281,110086.14586995341,131183.2517882592,46528.09551493828,66989.54664351215,77792.08806054451,94851.4352407332,107377.60921732959,128596.16709809669,161065.03075984534,94016.18798262044,76641.11145815875,105825.42867124628,58692.4318015145,90202.7642541387,99447.53205637226,21600.20791800537,54177.09174055058,59609.634177966196,82374.26382187044,92236.1304914203,118909.6590630869,135752.98532209988,28501.981294441728,55563.17238780015,63356.9174937112,93167.28649544029,118548.23889836544,63951.18798262043,28115.352146784593
35875.87587587588,0.0,69153.22054223166,108314.52130066486,127047.88721728635,188748.50212639297,76612.84329264067,105845.33470751518,67869.7450099907,89085.73552453466,101262.46872391034,127141.43366330197,151926.50001658985,32536.627398570483,75685.99615410464,110202.63886579828,131300.21770596242,46570.63466579229,67066.92794214527,77870.94537316014,94941.09148651504,107487.44645489145,128725.18973252647,161205.94940757687,94134.52693801586,76729.75718639225,105933.4208137636,58771.32979890604,90320.8543756799,99565.52076358575,21639.61936168166,54255.45594747644,59689.22065587746,82459.32954087763,92351.18887211845,119029.04507108284,135904.325613493,28543.245785866035,55641.377723849786,63435.04301098122,93285.05277641014,118664.41188946863,64069.52693801586,28193.65106213998
35915.91591591592,0.0,69231.77523266288,108425.9694694599,127146.80060006776,188891.13256809092,76693.15658436604,105961.66411329606,67948.13931116578,89168.6715313474,101365.28518645898,127234.88412065919,152080.5295524819,32575.625566700455,75766.77355147418,110319.13813327042,131417.18822796323,46613.16688057255,67144.31445875038,77949.80348779912,95030.71033497584,107597.32166004124,128854.19468997481,161346.90297174553,94252.86830678901,76818.38430141904,106041.43639624307,58850.2289116717,90438.94751319094,99683.51257958848,21679.031554323512,54333.82247061762,59768.80781649759,82544.365609442,92466.27004448278,119148.425776239,136055.6912122569,28584.507258193385,55719.58582415056,63513.170653316934,93402.82296368922,118780.59117093125,64187.86830678901,28271.95239087309
35955.95595595596,0.0,69310.33183645278,108537.39138056779,127245.71940307341,189033.7939749856,76773.46706251749,106078.00114908793,68026.53583236878,89251.59575169109,101468.0814198898,127328.36227319433,152234.57322984753,32614.624996223058,75847.54847123963,110435.64365578792,131534.1633440043,46655.69218510867,67221.70617590177,78028.66240592368,95120.2919448064,107707.23467652198,128983.18197633118,161487.89139804733,94371.21208378069,76906.99283990328,106149.47537170214,58929.12913887207,90557.04365934242,99801.50749717161,21718.444494428804,54412.19130501666,59848.39565805723,82629.37224140832,92581.37383760865,119267.801212268,136207.08201385336,28625.76572056654,55797.79668200927,63591.30041870599,93520.59704631561,118896.77672748217,64306.21208378069,28350.25612782473
35995.995995995996,0.0,69388.89034993868,108648.78696161936,127344.64374537111,189176.48627832343,76853.77474118656,106194.34579051204,68104.93456903189,89334.5082454095,101570.85734769545,127421.86817333361,152388.63099177397,32653.625684679708,75928.32092203564,110552.15541682666,131651.1430438592,46698.21060510771,67299.10307625719,78107.52212897703,95209.83647442958,107817.1853482943,129112.15159772689,161628.91463215437,94489.55826384728,76995.58283850414,106257.53769319446,59008.030479565045,90675.14280683093,99919.50550914992,21757.858180499978,54490.5624457312,59927.98417879382,82714.34964883715,92696.50008210764,119387.17141273853,136358.4979142388,28667.021182094817,55876.01029075638,63669.43230512853,93638.37501337277,119012.9685439,64424.55826384729,28428.562267851295
36036.036036036036,0.0,69467.45076946697,108760.15614018896,127443.5737460078,189319.20940949582,76934.07963439141,106310.69801329401,68183.33551660033,89417.40907197738,101673.61289376974,127515.4018731733,152542.70278171083,32692.627629618873,76009.09091246343,110668.6733999201,131768.12731733237,46740.722166154905,67376.50514255733,78186.38265838327,95299.34408199204,107927.1735195447,129241.10356053287,161769.97261971585,94607.90684186072,77084.15433387499,106365.62331381043,59086.93293280579,90793.24494837875,100037.5066083616,21797.272611044107,54568.93588783383,60007.573376951696,82799.29804201915,92811.64861009517,119506.53641107486,136509.93880986207,28708.273651854382,55954.22664374584,63747.56631055733,93756.15685398926,119129.16660501262,64542.90684186072,28506.870805824685
36076.076076076075,0.0,69546.01309139395,108871.498843796,127542.50952400864,189461.963300039,77014.38175607738,106427.05779326332,68261.73867053253,89500.29829050298,101776.34798240685,127608.9634244814,152696.78854346598,32731.630828596146,76089.85845109099,110785.19758865912,131885.116154259,46783.22689371425,67453.91235762536,78265.24399554764,95388.81492535703,108037.19903469403,129370.03787135778,161911.0653063583,94726.25781270838,77172.70736266306,106473.73218667763,59165.8364976469,90911.35007673391,100155.51078766823,21836.687784572765,54647.31162641222,60087.16325078195,82884.21762948908,92926.81925517856,119625.89624055728,136661.4045976625,28749.52313888845,56032.4457343551,63825.70243295795,93873.94255733868,119245.37089569742,64661.257812708376,28585.1817366323
36116.116116116114,0.0,69624.57731208517,108982.81499990623,127641.45119837506,189604.74788163434,77094.68112011728,106543.42510635269,68340.14402629994,89583.1759597307,101879.0625383002,127702.55287869924,152850.88822120288,32770.635279174094,76170.62354645315,110901.72796669172,132002.10954450487,46825.724813129316,67531.32470436642,78344.10614185673,95478.24916209676,108147.26173840556,129498.95453704568,162052.19263768647,94844.61117129304,77261.24196150861,106581.86426496136,59244.741173138354,91029.45818467002,100273.51803995468,21876.103699602078,54725.68965656892,60166.753798542486,82969.10861803978,93042.01185244435,119745.25093432138,136812.8951750679,28790.769652207273,56110.66755598488,63903.84067028879,93991.7321126392,119361.58140088065,64779.61117129305,28663.495055176936
36156.156156156154,0.0,69703.14342791575,109094.10453593291,127740.39888808344,189747.563086108,77174.97774031194,106659.79992859781,68418.5515793871,89666.04213804359,101981.75648654159,127796.17028694303,153005.00175943706,32809.6409789224,76251.38620705181,111018.2645177228,132119.10747796635,46868.215949624,67608.74216576714,78422.96909867862,95567.64694948518,108257.36147559283,129627.8535646745,162193.35455928382,94962.96691253295,77349.75816704468,106690.01950186506,59323.646958327605,91147.56926498612,100391.52835812897,21915.520354652712,54804.069973421414,60246.345018498,83053.97121273636,93157.22623844643,119864.60052535858,136964.41043999261,28832.013200788453,56188.892102059224,63981.98102050124,94109.52550915358,119477.7981055376,64897.966912532946,28741.81075637679
36196.1961961962,0.0,69781.71143527029,109205.36737923865,127839.35271208329,189890.40884543088,77255.27163039049,106776.18223613649,68496.96132529154,89748.89688346589,102084.42975262,127889.81570000525,153159.1291030328,32848.64792541765,76332.14644135606,111134.80722551397,132236.10994457005,46910.70032830305,67686.16472489524,78501.832867363,95657.0084444907,108367.49809142767,129756.73496155345,162334.5510167132,95081.32503136157,77438.25601589623,106798.19785063074,59402.553852259654,91265.68331050663,100509.54173512227,21954.93774824992,54882.45257210204,60325.9369089199,83138.80561692998,93272.46225119359,119983.9450465155,137115.95029083538,28873.253793577023,56267.119366025276,64060.12348153985,94227.32273618874,119594.02099469223,65016.325031361586,28820.128835165386
36236.23623623624,0.0,69860.28133054265,109316.60345713646,127938.31278929565,190033.28509171837,77335.56280401078,106892.57200520823,68575.37325952365,89831.7402536654,102187.08226242053,127983.48916835606,153313.27019719995,32887.65611624342,76412.9042578022,111251.35607388316,132353.11693427298,46953.177974152844,67763.5923648988,78580.69744924126,95746.33380376932,108477.6714313477,129885.59873522134,162475.78195551722,95199.68552272761,77526.73554467963,106906.39926453939,59481.46185397689,91383.80031408108,100627.55816388867,21994.355878923292,54960.83744775782,60405.529468086235,83223.61203227186,93387.71973013732,120103.28453049445,137267.51462647738,28914.491439485428,56345.34934135311,64138.268051342246,94345.12378309542,119710.25005341697,65134.685522727625,28898.449286491385
36276.27627627628,0.0,69938.85311013616,109427.81269689123,128037.2792386116,190176.19175723064,77415.85127475983,107008.96921215381,68653.78737760671,89914.57230595611,102289.71394222381,128077.19074214486,153467.4249874907,32926.66554899017,76493.65966479402,111367.91104670454,132470.1284370623,46995.648912042016,67841.02506900599,78659.56284562676,95835.6231836573,108587.88134106397,130014.44489344442,162617.0473212191,95318.04838159494,77615.19679000213,107014.6236969115,59560.370962519344,91501.92026858413,100745.5776374051,22033.77474520699,55039.22459555043,60485.122694281716,83308.39065872706,93502.99851616,120222.61900985308,137419.1033462803,28955.726147393863,56423.582021535716,64216.41472783941,94462.92863926821,119826.48526683246,65253.048381594956,28976.772105318676
36316.31631631632,0.0,70017.42677046332,109538.99502572141,128136.25217889043,190319.12877437202,77496.13705615414,107125.37383341452,68732.20367507677,89997.39309730055,102392.32471870453,128170.92047120145,153621.59341979655,32965.67622125523,76574.41267070273,111484.47212790814,132587.14444295492,47038.113166722134,67918.46282052448,78738.42905781488,95924.87674016494,108698.12766656815,130143.27344421443,162758.34705932316,95436.41360294248,77703.63978846124,107122.87110110745,59639.28117692452,91620.04316691536,100863.6001486713,22073.194345639517,55117.61401065618,60564.71658579758,83393.14169458838,93618.29845156227,120341.94851700426,137570.71635008403,28996.95792615028,56501.81740008883,64294.56350895561,94580.73729414504,119942.72662010745,65371.4136029425,29055.09728662618
36356.35635635636,0.0,70096.00230794618,109650.1503708004,128235.23172895834,190462.0960756916,77576.42016164033,107241.78584553208,68810.62214748283,90080.20268431242,102494.91451893089,128264.67840503773,153775.77544034534,33004.6881306429,76655.1632838675,111601.0393014799,132704.16494199814,47080.57076282849,67995.90560284111,78817.29608708326,96014.0946289697,108808.41025414018,130272.08439574685,162899.68111531567,95554.78118176438,77792.06457664435,107231.14143052805,59718.19249622774,91738.16900199931,100981.62569070974,22112.6146787639,55196.00568826613,60644.31114093184,83477.86533649021,93733.61938005159,120461.27308421646,137722.35353820515,29038.18678457073,56580.055470551,64372.714392608796,94698.54973720718,120058.97409845877,65489.78118176438,29133.424825408023
36396.3963963964,0.0,70174.57971901586,109761.27865925763,128334.2180076064,190605.09359388246,77656.70060459519,107358.20522514763,68889.04279038646,90163.00112325881,102597.48327036347,128358.4645928487,153929.97099569772,33043.70127476429,76735.91151259515,111717.61255146103,132821.18992426872,47123.021724880586,68073.35339942126,78896.1639346919,96103.27700540959,108918.72895035497,130400.87775647853,163041.04943466483,95673.15111306959,77880.47119112792,107339.43463861488,59797.10491946181,91856.2977667852,101099.65425656541,22152.035743127613,55274.39962358568,60723.90635798892,83562.56177942202,93848.96114672962,120580.59274361344,137874.01481143432,29079.41273143924,56658.29622648323,64450.867376710405,94816.36595797885,120175.22768715068,65608.1511130696,29211.754716673204
36436.43643643644,0.0,70253.15900011291,109872.37981818113,128433.21113358927,190748.12126178216,77736.97839832644,107474.63194900166,68967.46559936216,90245.78847006285,102700.03090085468,128452.27908351386,154084.18003274483,33082.7156512374,76816.6573651607,111834.19186194823,132938.21937987342,47165.46607728306,68150.80619380852,78975.03260188337,96192.42402447702,109029.08360208961,130529.65353506617,163182.4519628223,95791.52339188225,77968.85966847723,107447.75067885086,59876.01844565745,91974.42945424691,101217.68583930598,22191.45753728255,55352.79581183486,60803.50223527994,83647.23121674225,93964.32359808084,120699.90752717466,138025.70007103495,29120.635775508184,56736.53966146916,64529.02245916572,94934.18594602717,120291.48737149534,65726.52339188226,29290.086955445826
36476.47647647648,0.0,70331.74014768674,109983.45377461737,128532.21122562283,190891.1790123718,77817.25355607251,107591.06599393286,69045.89056999655,90328.56478030555,102802.55733864687,128546.12192559827,154238.40249870438,33121.73125768665,76897.40084980673,111950.77721709284,133055.25329894805,47207.903844325716,68228.26396962377,79053.90208988253,96281.53584081214,109139.47405652978,130658.4117403838,163323.88864522273,95909.89801324092,78057.2300452452,107556.08950476017,59954.933073842636,92092.56405738255,101335.7204320211,22230.880059784547,55431.194248247724,60883.09877112207,83731.87384019152,94079.70658195991,120819.21746673447,138177.40921874024,29161.855925497905,56814.78576911436,64607.1796378734,95052.00969096133,120407.75313685168,65844.89801324092,29368.421536764443
36516.51651651652,0.0,70410.32315819646,110094.50045557447,128631.21840238357,191034.26677877718,77897.52609100394,107707.50733687864,69124.31769788952,90411.33010922915,102905.06251237278,128639.99316735433,154392.63834111887,33160.74809174383,76978.14197474481,112067.36860110142,133172.29167165858,47250.33505018521,68305.72671056574,79132.77239989763,96370.61260869775,109249.90016117728,130787.15238152172,163465.35942728538,96028.27497219955,78145.58235797295,107664.45106990963,60033.84880304373,92210.7015692151,101453.75802782329,22270.30330919457,55509.594928073275,60962.69596383958,83816.48983990689,94195.10994758067,120938.52259398349,138329.1421567524,29203.073190097886,56893.03454304728,64685.33891072666,95169.8371824334,120524.02496862643,65963.27497219955,29446.758455683026
36556.55655655656,0.0,70488.90802810984,110205.51978802266,128730.23278250574,191177.38449426737,77977.79601622264,107823.95595487353,69202.74697865295,90494.08451173847,103007.54635105358,128733.89285672217,154546.88750785153,33199.76615104693,77058.88074815432,112183.9659982348,133289.33448819973,47292.7597189246,68383.19440040931,79211.6435331193,96459.65448205185,109360.36176385562,130915.87546778367,163606.86425441402,96146.65426382636,78233.91664318801,107772.83532790815,60112.76563228437,92328.8419827914,101571.79861984676,22309.727284077147,55587.99784657419,61042.29381176256,83901.07940443444,94310.53354550347,121057.82294046727,138480.89878773928,29244.287577965653,56971.285976917985,64763.500275612125,95287.6684101371,120640.30285227273,66081.65426382636,29525.0977072698
36596.5965965966,0.0,70567.49475390404,110316.51169889634,128829.25448458051,191320.53209225548,78058.06334476311,107940.4118250494,69281.1784079115,90576.8280424039,103110.00878409852,128827.82104133142,154701.14994708425,33238.785433240955,77139.61717818337,112300.56939280825,133406.3817387959,47335.17787449482,68460.66702300594,79290.51549072158,96548.66161442306,109470.8587127169,131044.5810086856,163748.4030719977,96265.03588320456,78322.23293740477,107881.24223240776,60191.68356058627,92446.98529118263,101689.84220124818,22349.151983001655,55666.40299902778,61121.89231322789,83985.64272074336,94425.97722762392,121177.11853758755,138632.6790148334,29285.49909772783,57049.54006439888,64841.663730410844,95405.50336380812,120756.58677329075,66200.03588320456,29603.439286607958
36636.63663663664,0.0,70646.08333206523,110427.4761150955,128928.28362715364,191463.70950629827,78138.32808959237,108056.8749246347,69359.61198130224,90659.56075546346,103212.44974130385,128921.7777685021,154855.42560731433,33277.80593597742,77220.35127294862,112417.17876919109,133523.43341370032,47377.589540734836,68538.14456228277,79369.38827386148,96637.63415898426,109581.39085624812,131173.2690139534,163889.97582541156,96383.41982543185,78410.5312771233,107989.67173710375,60270.602586968904,92565.13148748394,101807.88876520604,22388.57740454154,55744.81038072534,61201.4914665786,84070.17997423894,94541.44084716104,121296.40941660145,138784.48274162953,29326.707757979762,57127.7967991842,64919.82927299793,95523.34203322369,120872.87671722709,66318.41982543185,29681.783188795205
36676.67667667668,0.0,70724.67375908866,110538.4129634873,129027.32032872415,191606.91667009605,78218.5902636105,108173.34523095396,69438.04769447449,90742.28270482522,103314.86915285226,129015.76308524572,155009.7144373518,33316.8276569146,77301.0830405356,112533.79411180658,133640.48950319548,47419.994741372444,68615.62700224244,79448.26188367956,96726.57226852726,109691.95804327725,131301.93949352117,164031.58246001723,96501.80608562057,78498.81169882925,108098.12379573521,60349.52271044966,92683.2805648145,101925.93830492087,22428.003547274544,55823.21998697232,61281.09127016413,84154.69134877597,94656.92425864554,121415.69560862218,138936.30987218264,29367.91356728589,57206.056174990066,64997.99690124281,95641.18440820249,120989.17266967491,66436.80608562057,29760.12940894389
36716.71671671672,0.0,70803.26603147868,110649.3221709078,129126.3647077424,191750.15351749258,78298.84987965116,108289.82272142748,69516.48554309022,90824.99394406959,103417.26694931173,129109.77703826652,155164.01638631686,33355.85059371741,77381.81248899872,112650.41540513169,133757.5499975927,47462.39350002505,68693.11432696253,79527.13632129983,96815.47609545718,109802.56012297924,131430.59245752962,164173.22292116348,96620.19465889767,78587.07423899315,108206.59836208547,60428.443930043926,92801.4325163173,102043.99081361508,22467.4304097828,55901.631813088345,61360.69172234029,84239.17702667203,94772.42731790835,121534.97714461909,139088.16031100595,29409.116534179855,57284.31818555439,65076.166613009365,95759.03047860439,121105.4746162735,66555.19465889767,29838.47794218095
36756.75675675676,0.0,70881.86014574837,110760.20366416324,129225.41688260811,191893.41998247494,78379.10695048145,108406.30737357045,69594.92552282332,90907.69452645138,103519.6430616348,129203.81967396213,155318.3314036365,33394.8747440572,77462.53962636125,112767.0426336966,133874.61488723196,47504.785840199846,68770.60652059488,79606.01158782971,96904.34579178705,109913.19694488164,131559.22791632343,164314.8971541868,96738.58554040433,78675.3189340697,108315.09538998219,60507.36624476478,92919.58733515885,102162.04628453258,22506.857990652483,55980.045854406766,61440.29282146893,84323.63718872025,94887.94988206876,121654.25405541714,139240.0339630689,29450.316667164378,57362.58282463653,65154.33840615573,95876.88023432998,121221.78254270797,66673.58554040433,29916.828783647565
36796.7967967968,0.0,70960.45609842015,110871.05737003234,129324.47697166908,192036.7159991733,78459.36148880303,108522.79916499302,69673.36762936033,90990.38450490247,103621.99742115791,129297.8910384251,155472.65943904265,33433.90010561217,77543.26446061587,112883.67578208497,133991.6841624822,47547.17178529509,68848.10356736567,79684.8876843607,96993.181509133,110023.86835887091,131687.84588045045,164456.6051044119,96856.97872529642,78763.54582049772,108423.61483329831,60586.289653623615,93037.74501452956,102280.10471093928,22546.28628847417,56058.4621062752,61519.894565918425,84408.07201420296,95003.49180952348,121773.52637169813,139391.9307337954,29491.513974711917,57440.85008601764,65232.512278534865,95994.7336653208,121338.09643470966,66791.97872529642,29995.181928499616
36836.83683683684,0.0,71039.05388602515,110981.8832152672,129423.54509321896,192180.04150186124,78539.61350725181,108639.2980733993,69751.81185839974,91073.06393203368,103724.32995960047,129391.99117744352,155627.0004425688,33472.92667606684,77623.98699972438,113000.31483493334,134108.7578137408,47589.551358600074,68925.6054515745,79763.76461196797,97081.98339870869,110134.57421519751,131816.4463606591,164598.3467171527,96975.37420874398,78851.75493469916,108532.15664595195,60665.21415562959,93155.9055476431,102398.16608612241,22585.715301842618,56136.880564054925,61599.49695406313,84492.48168090411,95119.0529599346,121892.7941239999,139543.85052906122,29532.708465264208,57519.11996350014,65310.68822799423,96112.59076155875,121454.41627805516,66910.37420874398,30073.537371907136
36876.87687687688,0.0,71117.65350510339,111092.68112659542,129522.62136549546,192323.39642495487,78619.86301839868,108755.80407658711,69830.25820565232,91155.73286013716,103826.64060906389,129486.12013650197,155781.35436454762,33511.954453112296,77704.70725161796,113116.95977693085,134225.83583143362,47631.92458329609,69003.11215759412,79842.64237171067,97170.75161132049,110245.31436448163,131945.02936789673,164740.12193771213,97093.77198593134,78939.94631307884,108640.72078190696,60744.13974978993,93274.06892773653,102516.23040339068,22625.14502935661,56215.3012231211,61679.09998428363,84576.86636512246,95234.63319421874,122012.05734271684,139695.7932551924,29573.900147232707,57597.3924509078,65388.86625237599,96230.45151306593,121570.74205856674,67028.77198593134,30151.895109054458
36916.91691691692,0.0,71196.25495220388,111203.45103072177,129621.7059066789,192466.78070301356,78700.11003474984,108872.31715244756,69908.70666684091,91238.39134118857,103928.92930203126,129580.27796078275,155935.72115560842,33550.98343444617,77785.42522419742,113233.61059281942,134342.91820601485,47674.29148245706,69080.62366987011,79921.52096463223,97259.48629736272,110356.08865771844,132073.59491330816,164881.93071138367,97212.17205205715,79028.11999202392,108749.30719517346,60823.06643511,93392.2351480703,102634.29765607425,22664.575469619405,56293.72407886272,61758.70365496672,84661.22624168448,95350.2323745353,122131.31605810033,139847.75881896348,29615.08902899868,57675.66754208567,65467.04634951725,96348.31590990459,121687.07376211192,67147.17205205715,30230.255135140236
36956.95695695696,0.0,71274.85822388445,111314.19285432978,129720.79883489004,192610.19427073933,78780.3545687471,108988.83727896451,69987.15723770054,91321.03942684946,104031.19597136634,129674.46469516664,156090.10076667456,33590.0136177726,77866.1409253333,113350.26726739328,134460.0049279671,47716.65207905002,69158.13997292037,80000.4003917604,97348.18760681293,110466.89694628365,132202.14300823346,165023.77298345137,97330.57440233428,79116.27600790345,108857.91583980816,60901.99421059327,93510.40420192799,102752.36783752464,22704.006621238164,56372.149126682496,61838.307964505264,84745.56148395698,95465.85036427586,122250.57030025846,139999.747127595,29656.27511891343,57753.945230899975,65545.22851725003,96466.18394217682,121803.41137460333,67265.57440233428,30308.617445377327
36996.996996997,0.0,71353.46331671179,111424.9065240835,129819.9002681883,192753.63706297654,78860.59663276823,109105.36443421403,70065.60991397817,91403.67716846903,104133.44055031257,129768.68038423365,156244.49314896076,33629.045000802085,77946.85436286576,113466.92978549867,134577.09598780097,47759.006395935736,69235.66105133458,80079.28065410722,97436.85568922712,110577.73908193811,132330.67366420635,165165.64869919044,97448.97903198963,79204.41439706768,108966.54666991459,60980.92307524128,93628.5760826162,102870.44094111442,22743.438482824342,56450.57636199676,61917.91291129823,84829.87226385978,95581.48702805224,122369.82009915652,140151.75808875164,29697.45842529815,57832.22551123792,65623.41275340125,96584.05560002432,121919.75488199852,67383.97903198963,30386.98203499263
37037.03703703704,0.0,71432.07022726131,111535.59196662928,129919.01032457007,192897.10901471257,78940.83623912744,109221.89859636406,70144.06469143284,91486.30461708683,104235.66297249288,129862.92507226414,156398.89825397058,33668.077581251666,78027.5655446051,113583.59813203385,134694.19137605536,47801.35445586937,69313.18688977399,80158.16175266932,97525.49069373528,110688.61491683334,132459.18689295248,165307.55780386803,97567.38593626427,79292.53519584783,109075.19963964367,61059.853028053796,93746.75078346452,102988.51696023745,22782.87105299349,56529.00578023553,61997.51849375065,84914.15875187845,95697.14223168607,122489.06548461717,140303.7916105404,29738.638956444345,57910.508377007725,65701.5990557931,96701.9308736282,122036.10427029982,67502.38593626427,30465.348899227232
37077.077077077076,0.0,71510.67895211719,111646.24910859716,130018.12912196641,193040.61006107647,79021.07340007542,109338.43974367372,70222.52156583534,91568.9218234343,104337.86317190826,129957.19880323933,156553.31603349413,33707.11135684454,78108.27447833135,113700.27229194852,134811.29108329676,47843.6962815009,69390.71747297072,80237.04368842789,97614.09276903702,110799.52430351578,132587.68270638748,165449.5002427437,97685.7951104131,79380.63844055522,109183.87470319391,61138.784068028595,93864.92829782529,103106.59588830837,22822.304330365107,56607.43737684223,62077.12471027346,84998.42111707659,95812.8158421973,122608.30648632038,140455.84760150843,29779.81672061362,57988.79382213831,65779.7874222427,96819.80975320858,122152.45952555398,67620.7951104131,30543.71803333603
37117.117117117115,0.0,71589.28948787242,111756.87787660348,130117.25677824195,193184.14013734023,79101.30812780026,109454.98785449326,70300.98053296872,91651.52883793756,104440.04108293788,130051.50162084268,156707.7464396055,33746.14632531064,78188.98117179511,113816.95225024427,134928.39510011987,47886.03189537606,69468.25278572775,80315.92646234919,97702.66206339755,110910.46709493236,132716.16111661558,165591.47596107027,97804.20654970531,79468.7241674814,109292.57181481211,61217.71619416197,93983.10861907378,103224.67771876307,22861.73831356313,56685.87114727408,62156.73155928386,85082.65952710868,95928.50772779364,122727.54313380415,140607.92597064126,29820.991726038344,58067.08184057961,65857.97785056275,96937.69222902498,122268.82063385245,67739.20654970531,30622.089432588196
37157.15715715716,0.0,71667.90183112866,111867.47819725166,130216.39341119198,193327.6991789174,79181.54043442714,109571.54290726305,70379.44158862751,91734.12571071896,104542.19664033751,130145.83356845997,156862.18942466006,33785.18248438589,78269.6856327169,113933.63799197352,135045.50341714692,47928.36131993649,69545.79281291799,80394.81007538406,97791.19872464298,111021.44314443435,132844.62213592744,165733.48490409378,97922.62024942368,79556.79241289692,109401.29092879327,61296.649405448145,94101.2917406077,103342.762445058,22901.173001215153,56764.30708700145,62236.33903920471,85166.87414823197,96044.21775785934,122846.7754564641,140760.02662736032,29862.163980921003,58145.372426301925,65936.170338561,97055.57829137523,122385.18758133054,67857.62024942366,30700.46309226651
37197.1971971972,0.0,71746.51597849619,111978.04999713464,130315.53913854151,193471.28712136374,79261.77033201916,109688.10488051358,70457.90472861826,91816.71249159954,104644.32977923946,130240.1946891806,157016.64494129253,33824.21983181274,78350.3878687879,114050.32950223993,135162.6160250277,47970.68457752069,69623.33753948436,80473.6945284686,97879.70290015664,111132.45230578231,132973.06577679864,165875.5270170548,98041.03620486498,79644.84321305144,109510.03199948132,61375.5837008798,94219.47765584737,103460.85006067056,22940.608391953174,56842.74519150826,62315.94714846499,85251.0651453191,96159.94580294445,122966.0034835545,140912.14948152163,29903.3334934351,58223.66557329632,66014.36488404075,97173.46793059605,122501.56035416781,67976.03620486497,30778.839007667775
37237.23723723724,0.0,71825.13192659404,112088.59320283656,130414.69407794271,193614.90390037675,79341.99783257756,109804.67375286482,70536.3699487593,91899.28923010101,104746.44043515163,130334.58502579822,157171.11294241436,33863.25836533989,78431.08788766977,114167.02676619803,135279.7329144398,48013.00169036434,69700.88695043905,80552.57982252393,97968.1747368752,111243.4944331505,133101.49205188814,166017.60224518855,98159.45441133982,79732.87660417298,109618.79498126938,61454.519079447855,94337.66635823555,103578.94055909879,22980.044484413003,56921.18545629174,62395.555885499576,85335.2326818702,96275.69173475429,123085.22724418763,141064.29444341327,29944.500271724814,58301.96127557424,66092.56148480091,97291.36113706238,122617.93893858771,68094.4544113398,30857.217174102567
37277.27727727728,0.0,71903.74967204983,112199.1077409345,130513.85834697328,193758.54945179576,79422.22294804195,109921.24950302577,70614.83724488063,91981.85597544778,104848.5285439569,130429.00462081135,157325.59338121128,33902.298082722344,78511.7856969948,114283.72976905291,135396.85407608806,48055.31268060107,69778.44103086325,80631.46595845665,98056.61438128453,111354.56938113095,133229.90097403617,166159.71053372574,98277.87486417251,79820.8926224676,109727.57982860014,61533.4555401416,94455.85784123733,103697.0339338613,23019.481277234685,56999.627876862505,62475.165248749196,85419.37692002494,96391.45542613858,123204.44676733484,141216.46142375364,29985.664323905257,58380.2595271676,66170.76013863584,97409.2579011874,122734.32332085726,68212.87486417251,30935.597586895223
37317.31731731732,0.0,71982.3692114997,112309.59353800034,130613.03206313429,193902.22371160155,79502.4456902908,110037.83210979396,70693.30661282389,92064.41277656902,104950.59404191241,130523.45351642415,157480.08621114108,33941.33898172127,78592.48130436613,114400.43849606009,135513.97950070474,48097.617570262846,69855.99976590672,80710.3529371586,98145.02197941623,111465.67700473782,133358.29255626292,166301.85182789288,98396.29755870104,79908.89130411869,109836.38649596606,61612.3930819486,94574.05209833999,103815.1301784972,23058.91876906206,57078.072448744286,62554.77523666041,85503.49802057465,96507.23675108083,123323.6620818263,141368.65033368947,30026.82565806253,58458.56032212844,66248.96084333563,97527.15821342215,122850.7134872871,68331.29755870104,31013.980241383717
37357.35735735736,0.0,72060.99054158846,112420.05052060258,130712.21534384834,194045.92661591625,79582.6660711416,110154.42155205506,70771.7780484424,92146.95968210073,105052.63686564882,130617.93175454708,157634.5913859313,33980.381060104075,78673.17471735764,114517.1529325252,135631.10917904903,48139.91638128064,69933.56314078733,80789.24075950708,98233.39767684374,111576.81715941131,133486.66681176654,166444.026072913,98514.72249027702,79996.87268528674,109945.21493790994,61691.33170385481,94692.2491230529,103933.22928656598,23098.356958542965,57156.519167474005,62634.38584768558,85587.59614297423,96623.0355846879,123442.87321635133,141520.8610847937,30067.9842822539,58536.86365452909,66327.16359668609,97645.06206425544,122967.10942423114,68449.72249027702,31092.36513291966
37397.3973973974,0.0,72139.61365896947,112530.47861530856,130811.40830645792,194189.65810100353,79662.88410235161,110271.0178087826,70850.25154760125,92229.49674038793,105154.65695217004,130712.43937679783,157789.10885957722,34019.42431564451,78753.86594351457,114633.87306380412,135748.24310190784,48182.20913548514,70011.13114079091,80868.12942636534,98321.74161867937,111687.9897010219,133615.0237539219,166586.23321400653,98633.14965426581,80084.83680210891,110054.06510902531,61770.27140484475,94810.4489089076,104051.33125164767,23137.795844329557,57234.968028601914,62713.997080283065,85671.67144535415,96738.85180317961,123562.08019945907,141673.0935890638,30109.140204508032,58615.16951846204,66405.36839646898,97762.96944421381,123083.51111808652,68568.14965426581,31170.752256868407
37437.437437437446,0.0,72218.23856030455,112640.87774868579,130910.61106822267,194333.4181032679,79743.09979561763,110387.62085903723,70928.72710617681,92312.02399948635,105256.65423885213,130806.97642450152,157943.63858633902,34058.46874612235,78834.55499035305,114750.59887530227,135865.38126009452,48224.495854606976,70088.70375127048,80947.01893858213,98410.0539495701,111799.1944858739,133743.3633962784,166728.47319639113,98751.57904604614,80172.78369069836,110162.93696395647,61849.21218390121,94928.65144945741,104169.43606734237,23177.23542507745,57313.41902769114,62793.60893291674,85755.72408453198,96854.68528387819,123681.28305955823,141825.34775891947,30150.293432824918,58693.477908039684,66483.57524046188,97880.88034386096,123199.91855529351,68686.57904604614,31249.141608608697
37477.477477477485,0.0,72296.86524226391,112751.24784730417,131009.82374631798,194477.20655925502,79823.31316257665,110504.23068196628,71007.20472005708,92394.54150716457,105358.6286634428,130901.54293869161,158098.18052074,34097.51434932354,78915.24186536047,114867.3303524747,135982.52364444965,48266.77656027749,70166.28095764604,81025.90929699212,98498.33481369483,111910.43137070928,133871.68575255875,166870.74596528313,98870.01066101021,80260.71338714389,110271.83045739906,61928.1540400054,95046.85673827745,104287.54372727028,23216.67569944656,57391.87216031787,62873.221404056276,85839.75421602416,96970.53590519809,123800.48182491765,141977.62350720091,30191.443975175913,58771.7888173943,66561.78412643829,97998.79475379773,123316.33172233487,68805.01066101021,31327.533183532723
37517.517517517525,0.0,72375.4937015264,112861.588837738,131109.0464578329,194621.02340565142,79903.52421480631,110620.8472568037,71085.68438514155,92477.04931090612,105460.58016406104,130996.13896011055,158252.73461756445,34136.561123040214,78995.92657599575,114984.06748082596,136099.6702458405,48309.05127402932,70243.8627454043,81104.80050241598,98586.584354761,112021.70021271126,133999.99083665706,167013.05146589736,98988.44449456377,80348.62592750957,110380.74554410044,62007.09697213718,95165.06476896466,104405.65422507194,23256.116666100614,57470.32742207139,62952.834492177164,85923.7619940578,97086.40354663573,123919.67652366668,142129.92074716685,30232.59183950432,58850.10224067809,66639.99505216791,98116.71266466206,123432.75060573635,68923.44449456377,31405.92697704624
37557.557557557564,0.0,72454.1239347792,112971.90064656766,131208.27931976796,194764.86857928417,79983.73296382494,110737.47056286923,71164.16609734113,92559.54745791134,105562.50867919627,131090.76452921022,158407.30083185516,34175.609065070545,79076.60912968928,115100.81024590974,136216.8210551612,48351.32001729682,70321.4491000981,81183.69255566056,98674.80271600155,112133.00086950806,134128.2786626374,167155.38964344823,99106.88054212586,80436.52134783423,110489.6821788599,62086.040979274796,95283.27553513754,104523.76755440766,23295.558323707155,57548.78480855386,63032.4481957605,86007.74757158205,97202.28808875942,124038.8671837954,142282.23939249237,30273.737033724923,58928.41817206294,66718.2080154165,98234.63406712857,123549.1751920661,69041.88054212586,31484.322984568294
37597.5975975976,0.0,72532.75593871789,113082.18320038193,131307.52244903328,194908.74201712108,80063.93942109207,110854.10057956818,71242.64985257815,92642.03599509933,105664.41414770772,131185.41968615266,158561.8791189115,34214.65817321886,79157.28953384307,115217.55863332865,136333.97606333235,48393.58281141677,70399.04000734614,81262.58545751893,98762.99004017183,112244.3331991761,134256.54924473213,167297.76044315015,99225.31879912893,80524.39968413112,110598.64031652914,62164.98606039514,95401.48903043619,104641.88370895784,23335.00067093791,57627.2443153803,63112.06251329306,86091.71110027953,97318.18941319917,124158.05383315483,142434.57935726727,30314.879565724557,59006.73660574042,66796.42301394613,98352.5589519085,123665.60546793463,69160.31879912893,31562.721201531327
37637.63763763764,0.0,72611.38971004644,113192.43642577935,131406.77596244623,195052.6436562703,80144.14359800867,110970.73728639085,71321.13564678618,92724.51496910983,105766.296508824,131280.1044708104,158716.4694342872,34253.70844529543,79237.96779583079,115334.31262873403,136451.13526130113,48435.83967762862,70476.63545283246,81341.47920877035,98851.14646954655,112355.69706024331,134384.80259734014,167440.163810218,99343.75926101858,80612.26097238714,110707.61991201238,62243.932214473534,95519.70524852196,104760.0026824226,23374.443706468082,57705.70593817857,63191.67744326721,86175.65273057761,97434.1074026368,124277.2364994574,142586.9405559938,30356.019443361904,59085.05753592154,66874.64004551496,98470.4873097494,123782.04141999451,69278.75926101858,31641.12162338094
37677.67767767768,0.0,72690.02524547718,113302.66024937095,131506.03997673007,195196.57343398017,80224.34550591763,111087.38066291231,71399.62347591022,92806.9844263054,105868.15570214244,131374.81892276736,158871.0717337883,34292.75987911673,79318.64392299813,115451.072217826,136568.29864004132,48478.0906370755,70554.23542230633,81420.37381018083,98939.27214591742,112467.09231169258,134513.0387350256,167582.59968986775,99462.20192325382,80700.10524856298,110816.62092026697,62322.879440484045,95637.92418307779,104878.12446852193,23413.88742897709,57784.16967258938,63271.292984181026,86259.57261166007,97550.04194079601,124396.41521027732,142739.32290358504,30397.156674467937,59163.38095683696,66952.85910787777,98588.41913143515,123898.48303494052,69397.20192325382,31719.524245576133
37717.71771771772,0.0,72768.66254173082,113412.85459778173,131605.3146085108,195340.53128763917,80304.54515610388,111204.03068879177,71478.11333590647,92889.444412773,105969.99166762843,131469.56308131895,159025.6859734711,34331.81247250515,79399.31792266277,115567.83738635291,136685.46619055272,48520.335710804284,70631.83990158158,81499.26926250264,99027.36721058973,112578.51881296458,134641.25767251593,167725.06802731717,99580.64678130668,80787.93254859214,110925.64329630349,62401.827737399246,95756.14582780768,104996.24906099541,23453.33183714805,57862.63551426611,63350.90913453806,86343.47089147771,97665.99291243244,124515.58999305074,142891.72631536282,30438.291266845736,59241.70686273657,67031.08019878565,98706.35440778547,124014.93029950905,69515.64678130668,31797.929063588963
37757.75775775776,0.0,72847.30159553618,113523.01939765255,131704.59997431614,195484.51715477573,80384.74255979473,111320.68734377217,71556.60522274232,92971.89497432605,106071.80434561495,131564.3369854729,159180.31210963987,34370.866223288955,79479.98980211423,115684.60812011125,136802.63790386159,48562.57491976631,70709.44887653628,81578.16556647478,99115.43180438029,112689.97642396104,134769.45942470053,167867.56876778608,99699.09383066233,80875.74290838075,111034.68699518614,62480.77710419033,95874.37017643669,105114.3764536022,23492.776929667853,57941.103458874786,63430.52589284739,86427.3477167598,97781.96020332392,124634.7608750761,143044.15070705547,30479.423228270673,59320.035247889595,67109.30331598615,98824.29312965594,124131.38320047826,69634.09383066233,31876.336072904567
37797.7977977978,0.0,72925.94240363051,113633.15457564294,131803.89619057276,195628.53097305802,80464.93772816045,111437.35060767994,71635.09913239643,93054.33615650635,106173.59367680208,131659.14067394973,159334.95009884532,34409.9211293026,79560.65956861459,115801.38440494558,136919.81377102016,48604.808284818086,70787.06233311263,81657.06272282323,99203.46606761475,112801.46500504752,134897.64400662913,168010.10185649717,99817.5430668191,80963.53636380723,111143.75197203316,62559.72753982727,95992.59722271113,105232.50664012108,23532.222705227286,58019.573502094165,63510.14325762375,86511.20323302504,97897.94370026099,124753.92788351468,143196.59599479655,30520.55256649063,59398.366106584464,67187.52845722347,98942.2352879378,124247.84172466792,69752.5430668191,31954.745269021296
37837.83783783784,0.0,73004.58496275914,113743.26005843212,131903.2033736044,195772.5726802938,80545.13067231416,111554.0204604243,71713.59506085838,93136.76800458581,106275.35960225614,131753.97418518286,159489.5998978819,34448.97718838625,79641.32722939792,115918.16622674812,137036.99378310685,48647.03582672138,70864.68025731613,81735.96073226054,99291.4701401249,112912.98441705614,135025.8114335102,168152.66723867645,99935.99448528816,81051.31295072159,111252.83818201689,62638.67904327852,96110.82696039804,105350.63961435008,23571.669162520855,58098.045639615426,63589.76122738714,86595.03758459233,98013.94329103689,124873.09104539079,143349.06209512238,30561.679289226005,59476.69943312864,67265.75562023834,99060.1808735576,124364.30585893882,69870.99448528816,32033.15664745032
37877.87787787788,0.0,73083.22926967594,113853.33577272207,132002.52163962997,195916.64221443055,80625.32140331276,111670.69688199737,71792.09300412927,93219.19056356867,106377.10206340972,131848.83755731978,159644.26146378677,34488.034398386284,79721.99279167115,116034.95357145894,137154.17793122598,48689.25756614443,70942.30263521583,81814.8595954867,99379.44416124682,113024.53452128892,135153.9617207097,168295.26485955418,100054.448081594,81139.07270494552,111361.9455803646,62717.6316135116,96229.05938328561,105468.77537010693,23611.116300247115,58176.519867142604,63669.3798006634,86678.85091459203,98129.95886443867,124992.25038759226,143501.54892497044,30602.803404170118,59555.03522184889,67343.98480276855,99178.1298774774,124480.7755901935,69989.448081594,32111.570203716125
37917.91791791792,0.0,73161.87532114264,113963.38164523857,132101.85110476083,196060.7395135549,80705.50993215654,111787.37985247301,71870.59295822089,93301.60387819281,106478.82100206062,131943.73082822174,159798.93475383671,34527.09275715473,79802.65626261343,116151.74642506528,137271.3662065077,48731.47352366164,71019.92945294332,81893.75931318844,99467.38826981801,113136.11517951952,135282.0948837488,168437.89466436478,100172.90385127373,81226.81566227137,111471.07412235817,62796.58524949245,96347.2944851825,105586.91390122833,23650.564117108057,58254.996180391936,63748.99897598352,86762.64336497613,98245.99031023697,125111.4059368707,143654.05640167723,30643.924918988792,59633.37346709066,67422.21600254835,99296.08229069418,124597.250905375,70107.90385127373,32189.985933355812
37957.95795795796,0.0,73240.52311392923,114073.39760273421,132201.19188499916,196204.86451589238,80785.69626978986,111904.06935200689,71949.09491915611,93384.00799293177,106580.51636037133,132038.65403546463,159953.61972554703,34566.1522625495,79883.31764937665,116268.5447736015,137388.55860010785,48773.6837197546,71097.56069669273,81972.6598860397,99555.3026041755,113247.72625399634,135410.21093830324,168580.55659834758,100291.36178987735,81314.54185846206,111580.22376333467,62875.539950185805,96465.53225991811,105705.05520157018,23690.01261180958,58333.47457509206,63828.618751883885,86846.4150765291,98362.03751917707,125230.55771984157,143806.58444297634,30685.043841320818,59711.71416321827,67500.44921730884,99414.03810423962,124713.73179146738,70226.36178987735,32268.403831919393
37997.997997998,0.0,73319.17264481387,114183.38357198982,132300.54409623574,196349.01715980802,80865.88042710163,112020.76536083616,72027.59888296894,93466.40295199693,106682.18808086906,132133.60721633927,160108.31633666935,34605.21291243453,79963.97695908567,116385.34860314932,137505.75510320807,48815.88817481267,71175.1963527204,82051.56131470208,99643.1873021539,113359.3676074451,135538.30990020128,168723.25060674787,100409.8218929679,81402.25132925087,111689.39445868695,62954.495714555385,96583.77270134253,105823.19926500777,23729.461783061364,58411.95504698432,63908.23912690652,86930.16618887885,98478.10038296977,125349.70576298553,143959.132966997,30726.160178778126,59790.05730461498,67578.68444477831,99531.99730918047,124830.21823549557,70344.8218929679,32346.8238949699
38038.03803803804,0.0,73397.8239105827,114293.33947981708,132399.90785424737,196493.19738380512,80946.06241492517,112137.46785927858,72106.10484570407,93548.78879933871,106783.83610644435,132228.59040785173,160263.0245451895,34644.27470467935,80044.63419883796,116502.15789983682,137622.9557070153,48858.086909133024,71252.8364073442,82130.46359982414,99731.04250108311,113471.0391030707,135666.39178542214,168865.9766348168,100528.28415612089,81489.94411034044,111798.58616386329,63033.45254156343,96702.01580332611,105941.3460854351,23768.91162957665,58490.43759182202,63987.8600995985,87013.89684050663,98594.17879428147,125468.85009264738,144111.7018922614,30767.273938945575,59868.40288568254,67656.92168268171,99649.95989661764,124946.7102245248,70463.28415612089,32425.246118082854
38078.078078078084,0.0,73476.47690803022,114403.26525306041,132499.28327469534,196637.4051265262,81026.242244039,112254.1768277327,72184.6128034174,93631.16557864888,106885.46038035164,132323.60364672416,160417.74430932623,34683.33763715958,80125.28937570428,116618.97264983912,137740.1604027623,48900.279942921734,71330.48084694371,82209.36674204242,99818.8683377865,113582.74060456001,135794.45661009502,169008.73462781258,100646.74857492489,81577.62023740317,111907.79883436853,63112.410430171294,96820.26155975988,106059.49565676542,23808.362150072593,58568.92220537111,64067.481668512584,87097.60716875795,98710.27264672602,125587.99073503792,144264.2911376837,30808.385129381582,59946.75090084151,67735.1609287414,99767.9258576867,125063.20774566088,70581.74857492489,32503.670496846804
38118.118118118124,0.0,73555.13163395862,114513.16081859879,132598.67047312253,196781.64032675163,81106.41992516661,112370.8922466769,72263.12275217538,93713.53333336198,106987.06084620772,132418.6469693943,160572.47558752852,34722.40170775631,80205.9424967283,116735.79283937736,137857.3691817069,48942.46729629373,71408.12965795923,82288.27074198067,99906.66494857904,113694.47197608359,135922.50439049696,169151.52453100003,100765.21514498082,81665.27974608006,112017.03242576343,63191.36937933891,96938.50996455483,106177.64797293057,23847.813343269867,58647.408883409465,64147.10383220651,87181.29730985237,98826.38183485458,125707.12771623323,144416.90062256728,30849.493757617507,60025.10134453073,67813.40218067655,99885.89518355712,125179.71078604972,70700.21514498082,32582.09702686269
38158.15815815816,0.0,73633.7880851785,114623.02610334894,132698.069564952,196925.90292340078,81186.5954689775,112487.61409666948,72341.63468805556,93795.89210665737,107088.63744799208,132513.72041201685,160727.21833847466,34761.46691435671,80286.5935689272,116852.61845471943,137974.58203513242,48984.648989273825,71485.7828268921,82367.17560025078,99994.43246926577,113806.23308229845,136050.53514305182,169294.34628965257,100883.68386190257,81752.92267198101,112126.28689366597,63270.329388025406,97056.76101164252,106295.80302788163,23887.265207893055,58725.897621727505,64226.72658924362,87264.96739889434,98942.50625414762,125826.26106217556,144569.5302666036,30890.599831158594,60103.45421120783,67891.64543620378,100003.86786543258,125296.2193328774,70818.68386190257,32660.525703744403
38198.1981981982,0.0,73712.44625850813,114732.86103426613,132797.4806654839,197070.19285553056,81266.76888608656,112604.34235834784,72420.14860714608,93878.24194146061,107190.19013004584,132608.82401046305,160881.97252106958,34800.53325485341,80367.24259929123,116969.44948217875,138091.7989543472,49026.825041796605,71563.44034030364,82446.0813174521,100082.17103513962,113918.02378834941,136178.54888432872,169437.19984905128,101002.1547213163,81840.54905068374,112235.56219375067,63349.29045518848,97175.01469497429,106413.96081558795,23926.71774267006,58804.38841612746,64306.34993819226,87348.6175698828,99058.64580100522,125945.39079867388,144722.17998986968,30931.703357483275,60181.80949534842,67969.89069303675,100121.84389455037,125412.73337336985,70937.1547213163,32738.956523118097
38238.23823823824,0.0,73791.10615077402,114842.66553834756,132896.90388989387,197214.51006233637,81346.94018705524,112721.07701242843,72498.6645055459,93960.58288044563,107291.71883707159,132703.95780032143,161036.73809444372,34839.600727145014,80447.88959478427,117086.28590811498,138209.01993068482,49068.99547370756,71641.10218481549,82524.98789417223,100169.88078098025,114029.84395987139,136306.54563104024,169580.08515448662,101120.62771886095,81928.15891773408,112344.85828174959,63428.252579784996,97293.27100852175,106532.12133003786,23966.170946332822,58882.881262423965,64385.97387762621,87432.24795572154,99174.8003727386,126064.51695140384,144874.8497128268,30972.804344043972,60260.167191446686,68048.13794888662,100239.82326218166,125529.25289479288,71055.62771886095,32817.38948062271
38278.27827827828,0.0,73869.76775881038,114952.4395426338,132996.33935323052,197358.85448315102,81427.10938239118,112837.8180397061,72577.18237936465,94042.91496603607,107393.22351413284,132799.121816898,161191.51501795082,34878.669329135584,80528.5345623437,117203.12771893325,138326.24495550376,49111.160304763034,71718.76834710874,82603.8953309865,100257.56184105229,114141.69346299118,136434.52540004157,169723.0021512581,101239.10285018777,82015.75230864505,112454.17511345222,63507.2157607706,97411.52994627634,106650.28456523811,24005.62481761656,58961.376156443446,64465.59840612431,87515.85868822905,99290.96986756148,126183.6395459084,145027.53935631816,31013.902798266703,60338.5272940148,68126.38720146178,100357.80595963084,125645.77788445164,71174.10285018777,32895.82457190949
38318.31831831832,0.0,73948.43107945967,115062.18297421146,133095.7871704134,197503.22605744525,81507.27648254904,112954.56542105385,72655.7022247227,94125.23824040726,107494.70410665355,132894.3160952166,161346.30325116633,34917.739058735075,80609.17750888063,117319.97490108432,138443.47402018748,49153.31955463113,71796.43881392392,82682.8036284587,100345.21434910392,114253.57216432923,136562.48820832858,169865.9507846755,101357.58011096061,82103.32925889688,112563.51264470603,63586.17999710005,97529.79150224937,106768.45051521409,24045.079355260394,59039.8730940246,64545.22352227074,87599.44989814854,99407.15418458107,126302.7586075984,145180.24884156729,31054.998727551465,60416.88979758324,68204.6384484682,100475.7919782358,125762.30832969109,71292.58011096061,32974.26179264229
38358.35835835836,0.0,74027.09610957198,115171.89576021521,133195.24745623034,197647.62472482718,81587.44149793041,113071.31913742251,72734.22403775099,94207.5527454878,107596.16056041772,132989.54067001914,161501.1027538858,34956.80991385901,80689.81844127996,117436.8274410642,138560.70711614427,49195.4732428919,71874.11357206055,82761.71278714063,100432.83843836575,114365.47993100158,136690.43407303662,170008.93100005898,101476.05949685563,82190.88980393644,112672.87083141645,63665.14528772702,97648.05567047195,106886.6191740096,24084.534558007006,59118.37207101797,64624.84922465478,87683.0217151576,99523.35322378972,126421.87416175273,145332.97809017627,31096.09213927228,60495.25469670043,68282.89168760933,100593.78130936742,125878.8442178953,71411.05949685564,33052.70113849728
38398.39839839841,0.0,74105.76284600532,115281.57782782981,133294.72032533554,197792.05042504208,81667.60443888413,113188.07916984,72812.74781459098,94289.85852296115,107697.59282156875,133084.79557576595,161655.9134861227,34995.88189242841,80770.45736640046,117553.68532541391,138677.94423480704,49237.62138903786,71951.79260837659,82840.62280757239,100520.43424154888,114477.41663062084,136818.3630114389,170151.94274273975,101594.54100356126,82278.43397917676,112782.24962954735,63744.11163160406,97766.32244499473,107004.7905356866,24123.990424602453,59196.87308328593,64704.475511870754,87766.5742678779,99639.56688605601,126540.98623351878,145485.72702412342,31137.183040777163,60573.621985932616,68361.146916586,100711.77394442953,125995.38553648739,71529.54100356126,33131.14260516286
38438.43843843845,0.0,74184.43128562579,115391.22910429304,133394.20589224718,197936.50309797245,81747.76531570697,113304.84549941149,72891.27355139487,94372.15561426766,107799.00083660937,133180.08084663612,161810.73540810734,35034.95499237024,80851.09429107499,117670.54854071976,138795.18536763353,49279.764012474734,72029.47590978867,82919.53369028275,100608.00189084455,114589.38213129865,136946.27504094542,170294.98595806072,101713.02462677847,82365.96181999707,112891.64899512139,63823.07902768305,97884.59181988818,107122.96459432569,24163.446953796672,59275.37612670296,64784.10238251836,87850.10768388511,99755.79507311704,126660.09484791313,145638.49556576216,31178.271439388554,60651.991659864216,68439.40413309706,100829.76987485887,126111.93227292979,71648.02462677847,33209.586188340014
38478.478478478486,0.0,74263.10142530678,115500.84951689708,133493.70427134473,198080.98268363765,81827.92413864323,113421.61810731835,72969.80124432503,94454.44406060551,107900.38455240065,133275.39651652746,161965.5684802845,35074.029211616544,80931.72922211021,117787.41707361222,138912.43050610568,49321.90113252143,72107.16346327089,82998.44543578857,100695.54151792187,114701.37630164609,137074.1701791008,170438.06059137665,101831.51036222003,82453.47336174178,113001.0688842198,63902.04747491448,98002.8637892419,107241.1413440252,24202.90414434283,59353.88119715504,64863.72983520196,87933.62208971786,99872.03768756893,126779.20002982131,145791.28363781833,31219.35734240286,60730.36371309703,68517.66333483846,100947.76909212457,126228.48441472332,71766.51036222003,33288.03188374155
38518.518518518526,0.0,74341.77326193007,115610.43899299172,133593.21557686757,198225.48912219386,81908.08091788585,113538.39697481855,73048.33088955474,94536.72390293334,108001.7439161622,133370.7426190574,162120.41266331254,35113.104548105504,81012.36216628752,117904.29091076695,139029.6796417303,49364.03276841117,72184.85525585551,83077.35804459575,100783.05325392808,114813.3990107762,137202.04844358415,170581.16658805526,101949.99820561145,82540.968639721,113110.50925298338,63981.01697224838,98121.13834716534,107359.32077890213,24242.361994998,59432.38829054029,64943.35786853145,88017.11761088803,99988.29463285973,126898.30180399932,145944.09116338933,31260.440757091266,60808.73814025104,68595.92451950454,101065.77158772844,126345.0419494079,71884.99820561145,33366.479687092935
38558.558558558565,0.0,74420.44679238502,115719.99745998599,133692.73992291169,198370.02235393398,81988.23566357612,113655.18208324566,73126.86248326747,94618.9951819712,108103.07887547137,133466.1191875626,162275.26791806114,35152.18099978054,81092.99313036236,118021.17003890371,139146.9327660384,49406.15893929139,72262.5512746319,83156.2715171988,100870.53722948642,114925.45012830457,137329.90985220656,170724.3038934774,102068.48815269017,82628.44768920947,113219.97005761231,64059.98751863364,98239.41548778708,107477.50289309127,24281.820504522606,59510.8974027684,65022.98648112157,88100.59437188946,100104.56581328041,127017.40019507302,146096.91806594149,31301.52169069949,60887.114935963604,68674.18768478707,101183.77735320455,126461.60486456199,72003.48815269017,33444.929594131616
38598.598598598604,0.0,74499.12201356856,115829.52484535068,133792.27742342767,198514.58231928686,82068.38838580399,113771.97341400868,73205.39602165704,94701.25793820212,108204.38937826268,133561.52625509936,162430.13420560973,35191.2585645906,81173.62212106452,118138.05444478642,139264.1898705852,49448.279664224356,72340.25150674631,83235.1858540808,100957.99357469557,115037.52952435054,137457.75442291005,170867.47245303745,102186.98019920563,82715.91054544636,113329.45125436631,64138.959113018216,98357.69520525477,107595.68768074532,24321.27967168053,59589.40852976073,65102.61567159198,88184.0524962075,100220.85113395678,127136.49522753916,146249.76426930845,31342.60015044752,60965.49409488962,68752.45282837572,101301.7863801189,126578.17314780201,72121.98019920563,33523.381600607034
38638.638638638644,0.0,74577.79892238557,115939.02107662082,133891.8281922187,198659.168958818,82148.53909460873,113888.7709485917,73283.93150092782,94783.51221187427,108305.67537282791,133656.96385444418,162585.01148724626,35230.33724049024,81254.24914509855,118254.94411522322,139381.4509469502,49490.39496218785,72417.95593940187,83314.10105571401,101045.42241912891,115149.63706953885,137585.5821737664,171010.6722121443,102305.47434091955,82803.35724363523,113438.95279956522,64217.93175434932,98475.97749373555,107713.87513603509,24360.739495239322,59667.921667450355,65182.24543856752,88267.49210632822,100337.15050084161,127255.58692576556,146402.62969768967,31383.676143530516,61043.87561170162,68830.71994795819,101419.79866006959,126694.74678678322,72240.47434091955,33601.8357022809
38678.67867867868,0.0,74656.47751574838,116048.48608139771,133991.39234293756,198803.78221322878,82228.68779997868,114005.57466855351,73362.46891729426,94865.75804300196,108406.93680781513,133752.43201809347,162739.89972446498,35269.41702543937,81334.87420914348,118371.83903706592,139498.71598673693,49532.504852075246,72495.66455985786,83393.01712255945,101132.8238918334,115261.77263500044,137713.39312297563,171153.9031162213,102423.97057360545,82890.78781894321,113548.47464958898,64296.90544157317,98594.26234741534,107832.0652531491,24400.199973969815,59746.43681178188,65261.87578067785,88350.91332374755,100453.46382070656,127374.6753139915,146555.51427564817,31424.749677118132,61122.259481089335,68908.98904122002,101537.81418468649,126811.32576919848,72358.97057360545,33680.291894926755
38718.71871871872,0.0,74735.15779057745,116157.91978735171,134090.96998908505,198948.4220233564,82308.83451185218,114122.3845555273,73441.00826698146,94947.99547136779,108508.17363222878,133847.9307782643,162894.79887896572,35308.497917403605,81415.49731985328,118488.73919721023,139615.98498157316,49574.60935269653,72573.37735542982,83471.93405506742,101220.1981213293,115373.9360923736,137841.18728886478,171297.16511070743,102542.46889304911,82978.20230650128,113658.0167608782,64375.8801736354,98712.5497604993,107950.25802629389,24439.66110664668,59824.953958711645,65341.506696557786,88434.31626898044,100569.79100113423,127493.76041632879,146708.41792810927,31465.820758355345,61200.645697760134,68987.26010584497,101655.8329456312,126927.91008277898,72477.46889304911,33758.75017433038
38758.75875875876,0.0,74813.83974380046,116267.3221222242,134190.56124400676,199093.08833017366,82388.97924011719,114239.20059122011,73519.54954622439,95030.22453652369,108609.38579542894,133943.46016689413,163049.70891265143,35347.57991435381,81496.1184838566,118605.64458259512,139733.2579231103,49616.70848277806,72651.09431348887,83550.8518536773,101307.54523560885,115486.12731380473,137968.9646898861,171440.45814105726,102660.96929504804,83065.60074140326,113767.57908993404,64454.8559494806,98830.83972721134,108068.45344969339,24479.12289204768,59903.47310420737,65421.13818484687,88517.70106156962,100686.13195051026,127612.84225676124,146861.34058035814,31506.889394361824,61279.034256438375,69065.53313951477,101773.85493459663,127044.4997152935,72595.96929504804,33837.21053628927
38798.7987987988,0.0,74892.52337235285,116376.69301383005,134290.16622089123,199237.78107478892,82469.12199461191,114356.02275741257,73598.09275126847,95112.44527779281,108710.57324713102,134039.02021564127,163204.62978762708,35386.663014266254,81576.73770775713,118722.55518020305,139850.53480302374,49658.80226096346,72728.81542146148,83629.77051881763,101394.8653621361,115598.34617194958,138096.72534461637,171583.7821527417,102779.47177541166,83152.98315870587,113877.16159331863,64533.83276805264,98949.1322417942,108186.65151758931,24518.585328954206,59981.994244248206,65500.770244189596,88601.0678200945,100802.4865780155,127731.92085914582,147014.2821580385,31547.955592232574,61357.42515186568,69143.80813990923,101891.880143307,127161.09465454853,72714.47177541166,33915.67297661285
38838.83883883884,0.0,74971.20867317775,116486.03239006034,134389.78503276734,199382.50019844578,82549.26278512515,114472.85103595865,73676.63787836922,95194.65773427108,108811.7359374054,134134.610955885,163359.56146619818,35425.74721512279,81657.35499813367,118839.47097705962,139967.81561301267,49700.890705814076,72806.54066682933,83708.69005090649,101482.15862784637,115710.59253997388,138224.46927175517,171727.13709124865,102897.97632996133,83240.3495934284,113986.7642276554,64612.8106282947,99067.42729850946,108304.85222424098,24558.04841615109,60060.5173748249,65580.40287323543,88684.41666218036,100918.85479361852,127850.99624721293,147167.24258715066,31589.019359037797,61435.81837880082,69222.08510470657,102009.90856351785,127277.69488838819,72832.97632996133,33994.13749112248
38878.87887887888,0.0,75049.89564322573,116595.34017888419,134489.41779250195,199527.24564252287,82629.40162139625,114589.68540878501,73755.18492379229,95276.86194482847,108912.87381667702,134230.23241872576,163514.50391086904,35464.832514910464,81737.97036154006,118956.39196023328,140085.10034479984,49742.97383580911,72884.2700371288,83787.61045035117,101569.42515914526,115822.866291554,138352.19649012355,171870.5229020831,103016.48295453007,83327.7000805522,114096.38694962906,64691.78952914905,99185.72489163719,108423.0555639251,24597.512152426512,60139.042491939406,65660.03607063854,88767.74770450656,101035.23650806755,127970.06844456666,147320.22179404972,31630.08070182307,61514.21393201949,69300.36403158301,102127.94018701548,127394.30040469373,72951.48295453007,34072.60407565119
38918.91891891892,0.0,75128.58427945504,116704.61630835177,134589.06461279755,199672.01734853393,82709.5385131157,114706.52585789096,73833.73388381343,95359.05794811089,109013.98683572508,134325.88463498536,163669.45708434135,35503.9189116218,81818.5838045056,119073.31811683538,140202.38899013167,49785.05166934644,72962.00351995074,83866.53171754867,101656.66508190884,115935.16730087803,138479.90701866293,172013.93953076823,103134.99164496278,83415.03465502048,114206.02971598617,64770.769469557374,99304.02501547619,108541.26153093588,24636.976536572132,60217.56959160516,65739.66983505808,88851.06106281553,101151.6316328834,128089.13747468565,147473.21970544395,31671.139627609402,61592.61180631444,69378.64491821328,102245.97500561725,127510.9111913839,73069.99164496278,34151.072726043865
38958.95895895896,0.0,75207.27457883154,116813.86070659652,134688.7256061897,199816.81525812726,82789.67346992536,114823.37236534804,73912.28475471868,95441.24578254158,109115.0749456826,134421.56763520718,163824.42094951292,35543.006403254774,81899.19533353492,119190.24943402002,140319.6815407781,49827.12422474294,73039.74110294037,83945.45385288564,101743.87852148304,116047.4954426462,138607.60087643375,172157.38692284553,103253.50239711619,83502.35335173819,114315.69248353521,64849.75044846072,99422.32766434384,108659.47011958499,24676.441567383146,60296.098669846964,65819.30416515807,88934.35685192139,101268.04008035161,128208.20336092327,147626.2362483929,31712.196143393536,61671.01199649539,69456.9277622705,102364.01301117119,127627.5272364144,73188.50239711619,34229.54343815722
38998.998998999006,0.0,75285.96653832827,116923.07330183724,134788.40088504454,199961.63931308564,82869.80650141832,114940.2249132993,73990.83753280374,95523.42548632227,109216.13809803575,134517.281449656,163979.39546947577,35582.09498781239,81979.80495510795,119307.1858989835,140436.97798853242,49869.191520234526,73117.4827737964,84024.37685673812,101831.06560268288,116159.85059207125,138735.2780826139,172300.8650238752,103372.01520685833,83589.65620557105,114425.37520914657,64928.73246479914,99540.63283257566,108777.68132420116,24715.907243657835,60374.62972270064,65898.93905960704,89017.63518571813,101384.46176351498,128327.266126508,147779.27135030564,31753.250256147483,61749.41449738858,69535.21256142596,102482.05419555565,127744.14852777788,73307.01520685831,34308.01620785931
39039.039039039046,0.0,75364.66015492618,117032.25402238115,134888.09056155648,200106.48945532623,82949.93761713988,115057.08348395955,74069.39221437462,95605.59709743535,109317.17624462428,134613.02610831885,164134.38060751505,35621.18466330328,82060.41267568048,119424.12749896468,140554.27832521137,49911.253573977345,73195.22852027146,84103.30072947234,101918.22644979304,116272.23262487943,138862.9386564978,172444.37377943716,103490.53007006925,83676.94325134612,114535.07784975332,65007.71551751236,99658.94051452578,108895.89513913053,24755.373564198053,60453.162746213486,65978.57451707864,89100.89617718842,101500.89659616671,128446.3257945443,147932.32493893898,31794.301972819463,61827.8193038373,69613.49931334972,102600.09855067961,127860.77505350394,73425.53007006925,34386.49103103019
39079.079079079085,0.0,75443.35542561323,117141.4027966258,134987.7947477455,200251.36562690028,83030.06682658699,115173.94805961437,74147.94879574698,95687.7606536446,109418.1893376401,134708.80164090413,164289.37632710714,35660.27542774108,82141.01850168369,119541.07422124421,140671.58254265465,49953.31040404736,73272.97833017108,84182.22547144393,102005.36118656675,116384.64141731054,138990.58261749477,172587.9131351308,103609.04698264023,83764.21452385059,114644.80036235075,65086.6996055391,99777.2507045663,109014.11155873619,24794.84052780884,60531.69773644369,66058.21053625087,89184.1399384115,101617.3444928423,128565.38238801234,148085.39694239572,31835.351300333088,61906.226410701216,69691.78801570999,102718.14606848198,127977.4068016585,73544.04698264023,34464.96790356113
39119.119119119125,0.0,75522.0523473853,117250.51955306208,135087.51355545514,200396.26776999305,83110.19413920928,115290.81862262038,74226.50727324683,95769.91619249732,109519.17732962775,134804.60807684285,164444.38259191898,35699.367279144935,82221.62243952483,119658.02605314499,140788.8906327255,49995.36202844157,73350.73219135412,84261.15108299897,102092.46993622645,116497.07684611868,139118.20998512823,172731.48303657636,103727.56594047441,83851.47005783235,114754.54270399733,65165.68472781777,99895.5633970878,109132.33057739852,24834.308133298873,60610.23468946087,66137.84711580683,89267.36658057196,101733.80536881306,128684.43592976943,148238.48728912332,31876.398245588323,61984.635812856824,69770.07866617395,102836.19674093205,128094.0437603444,73662.5659404744,34543.446821355275
39159.159159159164,0.0,75600.75091724533,117359.60422027651,135187.24709634943,200541.1958269236,83190.31956440894,115407.69515540452,74305.06764320977,95852.06375132549,109620.1401734838,134900.44544528818,164599.39936580596,35738.460215539155,82302.22449558688,119774.98298203165,140906.20258731005,50037.408465077875,73428.49009173192,84340.0775644733,102179.55282146322,116609.53878857245,139245.82077903394,172875.08342941484,103846.08693948631,83938.70988799907,114864.30483181438,65244.67088328603,100013.87858649885,109250.55218951487,24873.776379480012,60688.77360134567,66217.48425443424,89350.5762139676,101850.27914007868,128803.48644254981,148391.59590791148,31917.442815461007,62063.04750519709,69848.37126240722,102954.25056002892,128210.68591770064,73781.0869394863,34621.92778032714
39199.1991991992,0.0,75679.45113220369,117468.65672695322,135286.9954819106,200686.14974014426,83270.4431115407,115524.57764046351,74383.62990198124,95934.20336724697,109721.07782245608,134996.31377511524,164754.42661281064,35777.5542349531,82382.8246762287,119891.94499531019,141023.51839831728,50079.449731795576,73506.25201926805,84419.0049161927,102266.6099644365,116722.02712245498,139373.4150189589,173018.71425930847,103964.60997560172,84025.9340490179,114974.08670298633,65323.65807088075,100132.19626722584,109368.77638949934,24913.24526516725,60767.31446818949,66297.12195082518,89433.76894801742,101966.76572335981,128922.53394896527,148544.72272789082,31958.48501680298,62141.46148263119,69926.6658020739,103072.30751780127,128327.33326190243,73899.60997560172,34700.41077640251
39239.23923923924,0.0,75758.15298927845,117577.67700187762,135386.75882343715,200831.12945224118,83350.56478991298,115641.46606036433,74462.19404591684,96016.33507716769,109821.99023014419,135092.2130949223,164909.46429716185,35816.64933542179,82463.42298778561,120008.91208042846,141140.83805767947,50121.4858463563,73584.01796197859,84497.93313847369,102353.64148677506,116834.54172606494,139500.99272476058,173162.37547194178,104083.13504475828,84113.14257551581,115083.8882747615,65402.64628953868,100250.51643371355,109487.00317178333,24952.7147891793,60845.857286095306,66376.76020367695,89516.94489127031,102083.26503609188,129041.57847150584,148697.8676785314,31999.52485644273,62219.87774008515,70004.96228283728,103190.36760630782,128443.9857811614,74018.13504475827,34778.89580551903
39279.27927927928,0.0,75836.8564854945,117686.6649739376,135486.53723204002,200976.13490593314,83430.68460878696,115758.3603977427,74540.76007138145,96098.45891778209,109922.87735049817,135188.14343302956,165064.51238327252,35855.745514984854,82544.01943656863,120125.88422487516,141258.1615573514,50163.51682644353,73661.78790793083,84576.86223162245,102440.64750957578,116947.08247821571,139628.55391640463,173306.06701302127,104201.66214290448,84200.33550207833,115193.70950445133,65481.635538195456,100368.83908042412,109605.23253081455,24992.18495033771,60924.40205117648,66456.39901169093,89600.10415141203,102199.77699641709,129160.62003253982,148851.03068964015,32040.56234118461,62298.296272500746,70083.2607023589,103308.43081763628,128560.64346372469,74136.66214290448,34857.382863625186
39319.31931931932,0.0,75915.56161788444,117795.62057212721,135586.3308186414,201121.16604407225,83510.8025773779,115875.26063530381,74619.32797475011,96180.57492557536,110023.73913781893,135284.10481748043,165219.57083573908,35894.84277168757,82624.61402886538,120242.8614161804,141375.48888931074,50205.542689663875,73739.56184524404,84655.79219593597,102527.62815340469,117059.64925823633,139756.0986139648,173449.78882827662,104320.19126600052,84287.51286325017,115303.55034943153,65560.62581578657,100487.16420183783,109723.46446105784,25031.6557474676,61002.94875955764,66536.03837357348,89683.24683527403,102316.30152317848,129279.65865431487,149004.21169136022,32081.5974778097,62376.7170748364,70161.56105829944,103426.49714390405,128677.30629787566,74255.19126600052,34935.87194668119
39359.35935935936,0.0,75994.26838348813,117904.54372554859,135686.13969397155,201266.22280964308,83590.91870485473,115992.1667558214,74697.89775240749,96262.68313682453,110124.57554675752,135380.09727604082,165374.63961933966,35933.941103580146,82705.20677093983,120359.84364191511,141492.8200455578,50247.563453547016,73817.33976208852,84734.7230317015,102614.58353829672,117172.24194597121,139883.62683762095,173593.54086346092,104438.72241001776,84374.67469353437,115413.41076714177,65639.6171212468,100605.49179245257,109841.69895699453,25071.127179397394,61081.497407374256,66615.67828803544,89766.37304884067,102432.83853591251,129398.6943589579,149157.41061416868,32122.630273075585,62455.14014206658,70239.86334831838,103544.5665772576,128793.9742719332,74373.72241001776,35014.36305065839
39399.3993993994,0.0,76072.9767793525,118013.43436341448,135785.96396856615,201411.30514576304,83671.0330003406,116109.0787421375,74776.46940074785,96344.78358759977,110225.38653231476,135476.12083619973,165529.71869903285,35973.040508717975,82785.7976690323,120476.83088969106,141610.15501811545,50289.57913554611,73895.12164668542,84813.65473919682,102701.51378375612,117284.86042178023,140011.13860765815,173737.32306435087,104557.25557093875,84461.82102739216,115523.29071508594,65718.60945351045,100723.82184678377,109959.93601312263,25110.599244958525,61160.04799077251,66695.31875379218,89849.48289725723,102549.38795484258,129517.72716847592,149310.6273888747,32163.660733716373,62533.56546918173,70318.16757007402,103662.63910987233,128910.64737425167,74492.25557093875,35092.856171539344
39439.43943943944,0.0,76151.68680253197,118122.2924150513,135885.8037527642,201556.4129956817,83751.14547291305,116225.99657716228,74855.04291617517,96426.87631376591,110326.17204984125,135572.17552516912,165684.80803995655,36012.14098516156,82866.38672935983,120593.82314716063,141727.49379902915,50331.589753038505,73972.90748730671,84892.58731869035,102788.41900875639,117397.5045665388,140138.6339444653,173881.13537674787,104675.79074475738,84548.95189924278,115633.19015083254,65797.60281151136,100842.15435936462,110078.17562395672,25150.07194298591,61238.600505909606,66774.95976956372,89932.5764848375,102665.94970087218,129636.75710475647,149463.86194661848,32204.68886644303,62611.99305118854,70396.47372122377,103780.71473395271,129027.32559322109,74610.79074475738,35171.351305317934
39479.47947947948,0.0,76230.39845008802,118231.11780990113,135985.65915670485,201701.5463027808,83831.25613160414,116342.92024387344,74933.61829510299,96508.96135098385,110426.93205503648,135668.26136988396,165839.90760742637,36051.24253097649,82946.97395811597,120710.82040201651,141844.8363803667,50373.59532332574,74050.69727227456,84971.52077044113,102875.29933174085,117510.17426163756,140266.11286853417,174024.97774647782,104794.32792747853,84636.06734346302,115743.10903201456,65876.59719418277,100960.48932474558,110196.41778402776,25189.545272317555,61317.15494895329,66854.60133407448,90015.65391507134,102782.52369557839,129755.78418956787,149617.11421886884,32245.714677943106,62690.4228831094,70474.78179942383,103898.7934417318,129144.00891726653,74729.32792747853,35249.848447999044
39519.51951951952,0.0,76309.11171908947,118339.91047752481,136085.53029032552,201846.70501057402,83911.364985401,116459.84972531623,75012.1955339546,96591.03873471184,110527.6665039491,135764.3783970027,165995.01736693463,36090.34514423345,83027.5593614712,120827.82264199198,141962.1827542183,50415.59586363431,74128.49098996134,85050.45509469902,102962.15487062292,117622.8693889827,140393.57540045807,174168.8501193922,104912.86711511838,84723.16739438716,115853.04731633008,65955.59260045763,101078.82673749469,110314.66248788328,25229.01923179475,61395.71131608222,66934.24344605356,90098.71529063233,102899.1098612055,129874.80844456001,149770.3841374222,32286.738174881357,62768.85495998284,70553.09180232973,104016.87522547143,129260.69733484845,74847.86711511838,35328.347595598854
39559.55955955956,0.0,76387.82660661219,118448.67034760435,136185.41726335874,201991.8890627069,83991.47204324577,116576.78500460283,75090.77462916265,96673.10850020684,110628.37535297617,135860.5266329067,166150.13728414892,36129.44882300821,83108.14294557279,120944.82985486022,142079.53291269642,50457.59139111586,74206.2886287892,85129.3902917047,103048.98574278646,117735.58983099528,140521.02156093056,174312.75244136833,105031.40830370408,84810.25208630651,115963.00496154209,66034.58902926836,101197.16659219723,110432.90973008709,25268.493820261952,61474.26960348561,67013.8861042344,90181.76071338513,103015.70812065809,129993.8298912647,149923.67163440047,32327.759363899313,62847.289276863055,70631.40372759584,104134.96007746177,129377.39083446216,74966.40830370408,35406.84874414452
39599.5995995996,0.0,76466.54310973929,118557.3973499453,136285.3201853297,202137.09840295633,84071.57731403597,116693.72606491203,75169.35557716932,96755.1706825259,110729.05855886292,135956.7061037009,166305.26732491067,36168.55356538145,83188.72471654491,121061.84202843437,142196.88684793568,50499.58192284752,74284.09017722974,85208.32636168967,103135.79206508609,117848.33547061127,140648.45137074438,174456.6846583095,105149.9514892738,84897.32145346917,116072.98192547883,66113.58647954682,101315.50888345572,110551.15950521921,25307.969036566836,61552.82980736331,67093.52930735495,90264.79028439271,103132.3183974948,130112.84855109609,150076.97664224944,32368.778251615622,62925.725828819996,70709.71757287577,104253.04799002128,129494.08940463785,75084.9514892738,35485.35188967419
39639.639639639645,0.0,76545.26122556116,118666.09141447999,136385.23916555406,202282.3329752306,84151.68080662488,116810.67288948926,75247.93837442652,96837.22531652762,110829.71607870271,136052.91683521372,166460.4074552345,36207.65936943918,83269.30468048897,121178.85915056764,142314.2445520928,50541.56747583269,74361.89562380403,85287.26330487666,103222.57395384804,117961.10619128162,140775.86485079047,174600.6467161462,105268.49666787688,84984.37553007998,116182.97816603414,66192.58495022477,101433.85360589008,110669.41180787615,25347.44487956031,61631.39192392601,67173.17305415776,90347.80410392425,103248.94061592231,130231.86444535137,150230.29909373765,32409.79484462637,63004.164610939435,70788.03333582249,104371.13895549686,129610.79303394069,75203.49666787688,35563.85702823724
39679.679679679684,0.0,76623.980951175,118774.75247126937,136485.17431313454,202427.59272356913,84231.78252982137,116927.62546164567,75326.52301739527,96919.27243687309,110930.34786993607,136149.1588529969,166615.55764130614,36246.76623327199,83349.88284348328,121295.88120915253,142431.60601734658,50583.548067000746,74439.70495708183,85366.20112147913,103309.33152487004,118073.90187697118,140903.2620220562,174744.63856083574,105387.04383557336,85071.41435029983,116292.99364116721,66271.58444023321,101552.20075413698,110787.66663267023,25386.9213480963,61709.95594939461,67252.8173433895,90430.80227146142,103365.57470078839,130350.87759521087,150383.6389219538,32450.809149504516,63082.60561832254,70866.35101408778,104489.23296626311,129727.50171097013,75322.04383557336,35642.36415589368
39719.719719719724,0.0,76702.70228368531,118883.38045050645,136585.12573695916,202572.87759214232,84311.88249239068,117044.58376475841,75405.10950254623,97001.31207802767,111030.95389035104,136245.4321823258,166770.7178494819,36285.87415497579,83430.45921158357,121412.90819212132,142548.97123589774,50625.5237132082,74517.51816568186,85445.13981170188,103396.06489342252,118186.72241215913,141030.6429056251,174888.66013836337,105505.59298843441,85158.43794824586,116403.02830890323,66350.58494850299,101670.55032285041,110905.92397423011,25426.398441032048,61788.521880000786,67332.46217380147,90513.78488570651,103482.22057757615,130469.88802173903,150536.99606030597,32491.82117280062,63161.048846086225,70944.67060532309,104607.33001472276,129844.21542436046,75440.59298843441,35720.873268714684
39759.75975975976,0.0,76781.42522020367,118991.97528251835,136685.09354569792,202718.18752525112,84391.98070305429,117161.54778226998,75483.69782635936,97083.34427426205,111131.53409808257,136341.73684819957,166925.888046287,36324.983132651345,83511.03379082293,121529.94008744556,142666.34019996892,50667.49443123856,74595.33523827122,85524.07937574094,103482.77417424871,118299.56768183815,141158.00752267498,175032.71139474242,105624.14412254201,85245.44635799092,116513.08212733334,66429.58647396455,101788.90230670127,111024.18382720045,25465.876157227896,61867.08971198666,67412.10754414937,90596.752044589,103598.87817239788,130588.89574588457,150690.37044251966,32532.830921042805,63239.49428936282,71022.99210717903,104725.43009330628,129960.9341627801,75559.14412254201,35799.38436278225
39799.7997997998,0.0,76860.14975784865,119100.53689776933,136785.07784780063,202863.52246732707,84472.07717049023,117278.51749768792,75562.28798532406,97165.36905965356,111232.08845161214,136438.07287534093,167081.06819841458,36364.093164404374,83591.60658721173,121646.9768831359,142783.71290180448,50709.460237802865,74673.15616356515,85603.01981378354,103569.45948156572,118412.43757151425,141285.35589447708,175176.7922760151,105742.69723398898,85332.43961356337,116623.15505461478,66508.58901554793,101907.25670037733,111142.44618624187,25505.354495547283,61945.65944160476,67491.75345319317,90679.7038452727,103715.54741198858,130707.90078848107,150843.7620026361,32573.83840073651,63317.94194330006,71101.31551730556,104843.53319447172,130077.65791493187,75677.69723398898,35877.89743418917
39839.83983983984,0.0,76938.87589374589,119209.06522686328,136885.07875149412,203008.882362932,84552.17190333341,117395.49289458459,75640.87997593892,97247.3864680875,111332.61690976747,136534.44028819643,167236.25827272455,36403.2042483455,83672.177606738,121764.01856724208,142901.08933367056,50751.42114954009,74750.98093032686,85681.96112600829,103656.12092906471,118525.33196720596,141412.68804239493,175320.90272825223,105861.25231887892,85419.41774894687,116733.24704897113,66587.59257218287,102025.61349858317,111260.71104603089,25544.83345485675,62024.23106511807,67571.39989969722,90762.6403841628,103832.2282237001,130826.90317024736,150997.1706750107,32614.843618364976,63396.39180306104,71179.64083335205,104961.63931070469,130194.38666955248,75796.25231887892,35956.41247903908
39879.87987987988,0.0,77017.60362502802,119317.56020054659,136985.09636477943,203154.2671567578,84632.2649101758,117512.47395659688,75719.47379471199,97329.39653325846,111433.11943172239,136630.83911093647,167391.4582362423,36442.31638259039,83752.74685536735,121881.06512785278,143018.46948785492,50793.37718301759,74828.80952736722,85760.90331258532,103742.75862991206,118638.25075544429,141540.00398788328,175465.04269755472,105979.80937332628,85506.38079808018,116843.3580686925,66666.59714279883,102143.9726960402,111378.97840125991,25584.31303402609,62102.804578799936,67651.04688243028,90845.56175691275,103948.92053549542,130945.90291178835,151150.59639431158,32655.846580389145,63474.84386382421,71257.9680529674,105079.74843451817,130311.12041541294,75914.80937332628,36034.9294934464
39919.91991991993,0.0,77096.33294883464,119426.02174971047,137085.1307954294,203299.67679362622,84712.35619956654,117629.46066742571,75798.0694381604,97411.39928867143,111533.59597699619,136727.2693674552,167546.66805615736,36481.429565259394,83833.31433904308,121998.11655309521,143135.85335666686,50835.328354731246,74906.64194354443,85839.84637367608,103829.37269674968,118751.19382327171,141667.3037524867,175609.21213005314,106098.36839345608,85593.32879485667,116953.48807213559,66745.60272632484,102262.3342874864,111497.24824663709,25623.79323192803,62181.379978934005,67730.69440016523,90928.46805843094,104065.62427594206,131064.90003359505,151304.03909551766,32696.84729324771,63553.298120783125,71336.2971737998,105197.86055845229,130427.8591413178,76033.36839345608,36113.44847353616
39959.95995995997,0.0,77175.06386231224,119534.44980539412,137185.18215098575,203445.1112184886,84792.44578001235,117746.4530108359,75876.66690281054,97493.39476764314,111634.04650545355,136823.73108137076,167701.88769982255,36520.54379447788,83913.8800636862,122115.17283113529,143253.24093243718,50877.274681106115,74984.47816776382,85918.79030943364,103915.96324169608,118864.16105824178,141794.58735783878,175753.4109719086,106216.9293754041,85680.26177312434,117063.6370177239,66824.6093216897,102380.69826767639,111615.52057688625,25663.27404743831,62259.95726181418,67810.34245167935,91011.35938288766,104182.33937420695,131183.89455604524,151457.49871391722,32737.845763357283,63631.75456914654,71414.6281934971,105315.9756750743,130544.6028361054,76151.9293754041,36191.96941544414
40000.0,0.0,77253.79636261461,119642.8442987872,137285.25053875684,203590.57037642592,84872.53365997785,117863.45097065596,75955.2661851982,97575.38300330359,111734.47097730434,136920.22427602555,167857.11713475292,36559.65906837617,83994.44403519592,122232.23395017737,143370.63220751815,50919.21617849673,75062.3181889778,85997.73512000297,104002.53037634742,118977.15234841887,141921.85482566108,175897.63916931354,106335.49231531691,85767.17976668564,117173.80486394817,66903.61692782208,102499.0646313815,111733.79538674715,25702.755479436128,62338.53642374485,67889.99103575431,91094.23582372192,104299.06576005022,131302.88649940427,151610.97518510662,32778.84199711269,63710.21320413847,71492.96110970684,105434.09377697861,130661.35148864791,76270.49231531691,36270.49231531691
